Date,Open,High,Low,Close,Volume,simple_return,log_return,ma_7,ma_14,ma_21,volatility_7,hl_diff,oc_diff,RSI_14,MACD,MACD_signal,MACD_hist,BB_upper,BB_lower,BB_width,BB_percent,MA_3,MA_5,MA_10,MA_20,Close_MA5_ratio,Close_MA20_ratio,MA5_MA20_gap,daily_return,abs_return,high_low_ratio,open_close_ratio,pct_volatility_5,pct_volatility_10,Volume_MA5,Volume_MA20,Volume_change,Volume_ratio,log_trading_value,ATR_14,OBV,Stoch_K,Stoch_D,lag_1_return,lag_2_return,lag_3_return,MA3_return,target_next_return,target_next_close
2021-04-15,32200.0,32600.0,31950.0,32250.0,321330,,,,,,,650.0,-50.0,,0.0,0.0,0.0,,,,,,,,,,,,,,0.020155038759689922,0.0015527950310559005,,,,,,,23.0614972337472,650.0,,,,,,,,0.006201550387596899,32450.0
2021-04-16,32550.0,32600.0,32100.0,32450.0,353463,0.006201550387596955,0.00618239990831756,,,,,500.0,100.0,100.0,15.954415954416618,3.1908831908833237,12.763532763533295,,,,,,,,,,,,0.006201550387596955,0.006201550387596955,0.015408320493066256,-0.0030721966205837174,,,,,0.10000000000000009,,23.16298981345053,639.2857142857142,353463.0,,,,,,,0.040061633281972264,33750.0
2021-04-19,32600.0,34200.0,32400.0,33750.0,1440506,0.04006163328197232,0.03927997416843988,,,,,1800.0,-1150.0,100.0,131.97620149186696,28.947946851080054,103.02825464078691,,,,,32816.666666666664,,,,,,,0.04006163328197232,0.04006163328197232,0.05333333333333334,0.0352760736196319,,,,,3.075408175678925,,24.6072406950397,722.1938775510204,1793969.0,,,0.006201550387596955,,,,0.0014814814814814814,33800.0
2021-04-20,33800.0,33950.0,33100.0,33800.0,580973,0.001481481481481417,0.001480385170434203,,,,,850.0,0.0,100.0,225.36106250848388,68.23056998256082,157.13049252592305,,,,,33333.333333333336,,,,,,,0.001481481481481417,0.001481481481481417,0.02514792899408284,0.0,,,,,-0.596688247046524,,23.700675644675556,731.322886297376,2374942.0,,,0.04006163328197232,0.006201550387596955,,0.015914888383683563,-0.028106508875739646,32850.0
2021-04-21,33500.0,33700.0,32650.0,32850.0,709505,-0.028106508875739622,-0.028509057558353555,,,,,1050.0,650.0,78.20692883895131,220.17414663821546,98.61928531369176,121.5548613245237,,,,,33466.666666666664,33020.0,,,0.9948516050878256,,,-0.028106508875739622,0.028106508875739622,0.0319634703196347,-0.019402985074626865,,,681155.4,,0.22123575450150001,,23.872029846729415,761.228394418992,1665437.0,,,0.001481481481481417,0.04006163328197232,0.006201550387596955,0.004478868629238038,0.0030441400304414,32950.0
2021-04-22,33200.0,33500.0,32850.0,32950.0,413295,0.003044140030441511,0.0030395160178968176,,,,,650.0,250.0,78.73233991705912,221.578424555948,123.21111316214302,98.36731139380498,,,,,33200.0,33160.0,,,0.9936670687575392,,,0.003044140030441511,0.003044140030441511,0.019726858877086494,-0.007530120481927711,0.024196765240294432,,699548.4,,-0.41748824884955005,,23.334663442680913,753.2835091033497,2078732.0,,,-0.028106508875739622,0.001481481481481417,0.04006163328197232,-0.007860295787938898,0.0,32950.0
2021-04-23,32650.0,33200.0,32250.0,32950.0,353570,0.0,0.0,33000.0,,,,950.0,-300.0,78.73233991705912,220.1535320464136,142.59959693899714,77.55393510741646,,,,,32916.666666666664,33260.0,,,0.9906794948887553,,,0.0,0.0,0.028831562974203338,0.009188361408882083,0.024248963282491123,,699569.8,,-0.14450936982058815,,23.178583304533902,767.3346870245391,2078732.0,,,0.003044140030441511,-0.028106508875739622,0.001481481481481417,-0.008354122948432704,0.007587253414264037,33200.0
2021-04-26,33200.0,33350.0,32800.0,33200.0,394691,0.007587253414264028,0.007558614973926624,33135.71428571428,,,0.019757112229799857,550.0,0.0,80.12186323220081,236.4713110540797,161.37393976201366,75.09737129206604,,,,,33033.333333333336,33150.0,,,1.0015082956259427,,,0.007587253414264028,0.007587253414264028,0.016566265060240965,0.0,0.014211303301217162,,490406.8,,0.11630228809005283,,23.29616361424366,751.8107808085007,2473423.0,,,0.0,0.003044140030441511,-0.028106508875739622,0.0035437978149018465,-0.02108433734939759,32500.0
2021-04-27,33450.0,33600.0,32350.0,32500.0,549080,-0.02108433734939763,-0.021309786586751096,33142.857142857145,,,0.021901346807034927,1250.0,950.0,66.93498456768882,190.7206101506381,167.24327383973855,23.477336310899545,,,,,32883.333333333336,32890.0,,,0.9881422924901185,,,-0.02108433734939763,0.02108433734939763,0.038461538461538464,-0.028400597907324365,0.01584291675952666,,484028.2,,0.3911642272055862,,23.60499479773946,787.3957250364649,1924343.0,,,0.007587253414264028,0.0,0.003044140030441511,-0.0044990279783778675,-0.05384615384615385,30750.0
2021-04-28,32500.0,32500.0,30600.0,30750.0,1211051,-0.05384615384615388,-0.055350095083164956,32714.285714285714,,,0.022953191442931974,1900.0,1750.0,46.38232014868741,13.101450067875703,136.41490908536596,-123.31345901749026,,,,,32150.0,32470.0,32745.0,,0.9470280258700339,,,-0.05384615384615388,0.05384615384615388,0.061788617886178863,-0.05384615384615385,0.025416116806415884,,584337.4,,1.2056002768266918,,24.340644408865387,866.8674589624317,713292.0,,,-0.02108433734939763,0.007587253414264028,0.0,-0.022447745927095825,-0.01951219512195122,30150.0
2021-04-29,30850.0,31200.0,29950.0,30150.0,743039,-0.019512195121951237,-0.019705071079332444,32192.85714285714,,,0.022059009695102775,1250.0,700.0,41.65925097928793,-174.07141267579937,74.3176447331329,-248.38905740893227,,,,,31133.333333333332,31910.0,32535.0,,0.9448448762143529,,,-0.019512195121951237,0.019512195121951237,0.04145936981757877,-0.022690437601296597,0.023840493353611797,0.025419287728845125,650286.2,,-0.3864511073439516,,23.832444014428106,894.2340690365438,-29747.0,,,-0.05384615384615388,-0.02108433734939763,0.007587253414264028,-0.03148089543916758,0.02321724709784411,30850.0
2021-04-30,30250.0,30900.0,30000.0,30850.0,437090,0.023217247097844007,0.02295182717820227,31907.14285714286,,,0.025610911584377307,900.0,-600.0,48.27668555736687,-262.8926423162775,6.875587323250819,-269.76822963952833,,,,,30583.333333333332,31490.0,32375.0,,0.979676087646872,,,0.023217247097844007,0.023217247097844007,0.029173419773095625,0.019834710743801654,0.029628223717505373,0.026885104851267643,666990.2,,-0.4117536226227695,,23.324786431937454,894.6459212482193,407343.0,,,-0.019512195121951237,-0.05384615384615388,-0.02108433734939763,-0.01671370062342037,-0.019448946515397084,30250.0
2021-05-03,30300.0,31150.0,30100.0,30250.0,503807,-0.01944894651539708,-0.01964056587454635,31521.428571428572,,,0.025270204978965153,1050.0,50.0,43.7010881949219,-377.3492451136226,-69.96937916412386,-307.3798659494987,,,,,30416.666666666668,30900.0,32025.0,,0.9789644012944984,,,-0.01944894651539708,0.01944894651539708,0.03471074380165289,-0.0016501650165016502,0.02737524685568678,0.02201813039908675,688813.4,,0.15263904459035893,,23.447200000731264,905.7426411590609,-96464.0,,,0.023217247097844007,-0.019512195121951237,-0.05384615384615388,-0.005247964846501437,0.0049586776859504135,30400.0
2021-05-04,30150.0,30450.0,29500.0,30400.0,503837,0.0049586776859504855,0.004946423935325617,31157.14285714286,32078.571428571428,,0.025733565883892213,950.0,-250.0,45.10193953000651,-450.75713340083894,-146.12693001146687,-304.63020338937207,,,,,30500.0,30480.0,31685.0,,0.9973753280839895,,,0.0049586776859504855,0.0049586776859504855,0.03125,0.008291873963515755,0.029097172519638517,0.022257454009204137,679764.8,,5.95466120953958e-05,,23.452205969505528,908.9038810762709,407373.0,19.148936170212767,,-0.01944894651539708,0.023217247097844007,-0.019512195121951237,0.0029089927561324704,-0.001644736842105263,30350.0
2021-05-06,30150.0,30750.0,29900.0,30350.0,284594,-0.00164473684210531,-0.0016460909066687917,30750.0,31942.85714285714,,0.024815772688415182,850.0,-200.0,44.70264924987279,-507.1222067495037,-218.32598535907425,-288.7962213904294,,,,,30333.333333333332,30400.0,31435.0,,0.9983552631578947,,,-0.00164473684210531,0.00164473684210531,0.02800658978583196,0.006633499170812604,0.01798902954397412,0.021466712009028645,494473.4,,-0.43514668434434156,,22.879370678798416,904.6964609993944,122779.0,18.085106382978722,,0.0049586776859504855,-0.01944894651539708,0.023217247097844007,-0.005378335223850635,0.014827018121911038,30800.0
2021-05-07,30500.0,30850.0,30350.0,30800.0,321013,0.014827018121911006,0.014718172474021485,30507.14285714286,31825.0,,0.026444649337511044,500.0,-300.0,49.07255992075028,-509.6062704072974,-276.58204236871893,-233.02422803857849,,,,,30516.666666666668,30530.0,31220.0,,1.0088437602358336,,,0.014827018121911006,0.014827018121911006,0.016233766233766232,0.009836065573770493,0.016343447177932006,0.022422422776248684,410068.2,,0.12796826356142432,,23.014506868797287,875.7895709280091,443792.0,27.659574468085108,21.631205673758867,-0.00164473684210531,0.0049586776859504855,-0.01944894651539708,0.006046986321918728,0.022727272727272728,31500.0
2021-05-10,30850.0,31700.0,30800.0,31500.0,494328,0.022727272727272707,0.022472855852058576,30614.285714285714,31664.285714285714,,0.018104799557958934,900.0,-650.0,55.026387063059445,-449.90453942229215,-311.2465417794336,-138.65799764285856,,,,,30883.333333333332,30660.0,31075.0,,1.0273972602739727,,,0.022727272727272707,0.022727272727272707,0.02857142857142857,0.02106969205834684,0.01620314321925583,0.02423260269498259,421515.8,,0.5399002532607713,,23.468697368330368,877.5188872902941,938120.0,44.943820224719104,30.22950035859431,0.014827018121911006,-0.00164473684210531,0.0049586776859504855,0.011969851335692802,-0.03968253968253968,30250.0
2021-05-11,30800.0,31050.0,30000.0,30250.0,624950,-0.03968253968253965,-0.040491361354736875,30628.571428571428,31410.714285714286,,0.023449778851092083,1050.0,550.0,44.92598543008495,-497.7176614206837,-348.5407657076836,-149.17689571300014,,,,,30850.0,30660.0,30780.0,,0.9866275277234181,,,-0.03968253968253965,0.03968253968253965,0.03471074380165289,-0.017857142857142856,0.024176878511440524,0.026203328389535926,445744.4,,0.26424155621368817,,23.66267838903025,921.981823912416,313170.0,17.857142857142858,30.153512516649027,0.022727272727272707,0.014827018121911006,-0.00164473684210531,-0.000709416277785313,-0.013223140495867768,29850.0
2021-05-12,30300.0,30450.0,29700.0,29850.0,414078,-0.013223140495867813,-0.01331134463823942,30485.714285714286,31196.428571428572,,0.021587829521423123,750.0,450.0,42.25321263818573,-561.4149204060814,-391.1155966473632,-170.29932375871817,,,,,30533.333333333332,30550.0,30515.0,,0.9770867430441899,,,-0.013223140495867813,0.013223140495867813,0.02512562814070352,-0.01485148514851485,0.024651857387175385,0.025915138727154154,427792.6,,-0.3374221937755021,,23.237749759760064,909.697407918672,-100908.0,8.536585365853659,23.779182815905205,-0.03968253968253965,0.022727272727272707,0.014827018121911006,-0.010059469150378253,-0.05025125628140704,28350.0
2021-05-13,29050.0,29400.0,28350.0,28350.0,834889,-0.05025125628140703,-0.05155780966485001,30214.285714285714,30867.85714285714,,0.027756790974346357,1050.0,700.0,34.068044778968854,-724.5804091222053,-457.80855914233166,-266.77184997987365,34530.3868696088,28489.6131303912,0.19170973466257069,-0.023111796007986768,29483.333333333332,30150.0,30275.0,31510.0,0.9402985074626866,0.8997143763884481,-1360.0,-0.05025125628140703,0.05025125628140703,0.037037037037037035,-0.024096385542168676,0.03221169092066555,0.025226807566903674,537851.6,574454.45,1.0162602215041612,1.4533597920601016,23.88743637006288,951.861878781624,-935797.0,0.0,8.797909407665506,-0.013223140495867813,-0.03968253968253965,0.022727272727272707,-0.03438564548660483,0.031746031746031744,29250.0
2021-05-14,29050.0,29650.0,28650.0,29250.0,497889,0.031746031746031855,0.03125254350410453,30050.0,30603.571428571428,31402.380952380954,0.03152668438546245,1000.0,-200.0,41.40272537111795,-772.3644198357251,-520.7197312810104,-251.64468855471478,34520.37972402052,28199.620275979487,0.20155482933804306,0.16617935434104417,29150.0,29840.0,30185.0,31360.0,0.9802278820375335,0.9327168367346939,-1520.0,0.031746031746031855,0.031746031746031855,0.03418803418803419,0.0068846815834767644,0.03648651946489878,0.02767235505137522,573226.8,583282.4,-0.40364647276464294,0.8535985313460512,23.401767292325175,976.7288874400795,-437908.0,17.142857142857142,8.559814169570268,-0.05025125628140703,-0.013223140495867813,-0.03968253968253965,-0.010576121677080996,-0.017094017094017096,28750.0
2021-05-17,29600.0,29700.0,28400.0,28750.0,410092,-0.017094017094017144,-0.017241806434506103,29821.428571428572,30285.714285714286,31235.714285714286,0.03175841325547387,1300.0,850.0,38.81902552994423,-840.8862012228346,-584.7530252693753,-256.1331759534594,34495.827417503366,27854.17258249663,0.2130442609464871,0.13488015257608021,28783.333333333332,29290.0,29975.0,31175.0,0.9815636736087402,0.9222133119486768,-1885.0,-0.017094017094017144,0.017094017094017144,0.04521739130434783,-0.028716216216216218,0.03165492012815348,0.02638736314170851,556379.6,586113.85,-0.17633850115186311,0.6996797635817683,23.19052985006298,999.8196811943595,-848000.0,7.619047619047619,8.253968253968255,0.031746031746031855,-0.05025125628140703,-0.013223140495867813,-0.011866413876464107,0.019130434782608695,29300.0
2021-05-18,28600.0,29300.0,28600.0,29300.0,228739,0.019130434782608674,0.018949748779662153,29607.14285714286,30057.14285714286,31085.714285714286,0.03229285351456944,700.0,-700.0,43.03048855616037,-841.1139649737306,-636.0252132102463,-205.0887517634843,34140.54923028751,27764.450769712483,0.20599623489459756,0.24082897084826904,29100.0,29100.0,29880.0,30952.5,1.006872852233677,0.9466117438009853,-1852.5,0.019130434782608674,0.019130434782608674,0.023890784982935155,0.024475524475524476,0.03236397434662347,0.027127550615289184,477137.4,525525.5,-0.44222515923256245,0.4352576611410864,22.625679689704203,978.4039896804767,-619261.0,22.89156626506024,15.88449034232167,-0.017094017094017144,0.031746031746031855,-0.05025125628140703,0.011260816478207794,0.0034129692832764505,29400.0
2021-05-20,29000.0,29500.0,28800.0,29400.0,278279,0.0034129692832765013,0.0034071583216143558,29307.14285714286,29960.714285714286,30878.571428571428,0.030109939439375767,700.0,-400.0,43.788135002682274,-823.729860049516,-673.5661425781002,-150.1637174714158,33692.278619032884,27772.721380967116,0.1926155450440338,0.2748987050194656,29150.0,29010.0,29780.0,30732.5,1.0134436401240952,0.9566419913772065,-1722.5,0.0034129692832765013,0.0034129692832765013,0.023809523809523808,0.013793103448275862,0.032282873266228786,0.02708247589058157,449977.6,510390.8,0.2165787207253682,0.5452273042539169,22.825129439977175,958.5179904175856,-340982.0,31.34328358208955,20.617965822065802,0.019130434782608674,-0.017094017094017144,0.031746031746031855,0.0018164623239560103,-0.006802721088435374,29200.0
2021-05-21,29700.0,29750.0,29150.0,29200.0,267470,-0.006802721088435382,-0.006825965070399871,29157.14285714286,29892.85714285714,30659.52380952381,0.026920891614356707,600.0,500.0,42.568780507915044,-816.6770159060507,-702.1883172436903,-114.48869866236032,33408.413251401806,27691.58674859819,0.18713016375789246,0.26385499903872567,29300.0,29180.0,29665.0,30550.0,1.0006854009595614,0.955810147299509,-1370.0,-0.006802721088435382,0.006802721088435382,0.02054794520547945,-0.016835016835016835,0.019616139061361414,0.02710279683589664,336493.8,488289.05,-0.03884231293054807,0.5477698097059518,22.77868667788067,932.9095625306152,-608452.0,25.37313432835821,26.53599472516933,0.0034129692832765013,0.019130434782608674,-0.017094017094017144,0.005246894325816598,-0.02910958904109589,28350.0
2021-05-24,29200.0,29250.0,28200.0,28350.0,436050,-0.02910958904109584,-0.029541679100474935,28942.85714285714,29714.285714285714,30445.238095238095,0.02840912837277674,1050.0,850.0,37.75661849730772,-869.6506905411588,-735.6807919031841,-133.96989863797478,33104.6194108276,27535.380589172393,0.18368201918387894,0.14627122968044978,28983.333333333332,29000.0,29420.0,30320.0,0.9775862068965517,0.9350263852242744,-1320.0,-0.02910958904109584,0.02910958904109584,0.037037037037037035,-0.02910958904109589,0.01855986641652745,0.027357993752120724,324126.0,489426.8,0.6302762926683367,0.8909401773666665,23.237894503891923,941.2731652069998,-1044502.0,4.285714285714286,20.33404406538735,-0.006802721088435382,0.0034129692832765013,0.019130434782608674,-0.01083311361541824,0.005291005291005291,28500.0
2021-05-25,28600.0,28700.0,28200.0,28500.0,360119,0.005291005291005346,0.005277057100843819,28964.285714285714,29589.285714285714,30233.333333333332,0.02076807171224625,500.0,100.0,39.06570350621364,-889.2779206337182,-766.400217649291,-122.87770298442717,32702.651778586744,27492.348221413256,0.17311416420544853,0.19339598308037542,28683.333333333332,28950.0,29120.0,30097.5,0.9844559585492227,0.946922501868926,-1147.5,0.005291005291005346,0.005291005291005346,0.017543859649122806,-0.0034965034965034965,0.017931894235270314,0.02569305519655237,314131.4,489754.25,-0.1741337002637312,0.7353055129179583,23.051849177720573,909.7536534064998,-684383.0,8.571428571428571,12.743425728500355,-0.02910958904109584,-0.006802721088435382,0.0034129692832765013,-0.01020710161284196,-0.005263157894736842,28350.0
2021-05-26,28550.0,29150.0,28350.0,28350.0,390102,-0.0052631578947368585,-0.005277057100843781,28835.714285714286,29442.85714285714,30014.285714285714,0.01582955686324906,800.0,200.0,38.20048026387766,-906.4869707559992,-794.4175682706327,-112.06940248536648,32125.613179413504,27584.386820586496,0.15210940743014595,0.16859172367070918,28400.0,28760.0,28930.0,29855.0,0.9857440890125174,0.9495896834701055,-1095.0,-0.0052631578947368585,0.0052631578947368585,0.02821869488536155,-0.0070052539404553416,0.013694063844573277,0.02342977561425462,346404.0,489524.8,0.08325858952179699,0.7968993603592709,23.126545831618465,901.9141067346069,-1074485.0,4.285714285714286,5.714285714285714,0.005291005291005346,-0.02910958904109584,-0.006802721088435382,-0.009693913881609117,0.015873015873015872,28800.0
2021-05-27,28550.0,28850.0,28000.0,28800.0,377184,0.015873015873015817,0.015748356968139112,28842.85714285714,29332.14285714286,29804.761904761905,0.01629560466557948,850.0,-250.0,42.3272401489623,-873.7420730369195,-810.2824692238901,-63.45960381302939,31612.434717456144,27727.565282543856,0.13093594320567203,0.2760542498078465,28550.0,28640.0,28825.0,29670.0,1.005586592178771,0.9706774519716885,-1030.0,0.015873015873015817,0.015873015873015817,0.029513888888888888,0.008756567425569177,0.016742175696275424,0.02425506926063148,366185.0,480930.0,-0.03311441622960154,0.7842804566153079,23.10861907724239,898.2059562535635,-697301.0,21.62162162162162,11.492921492921491,-0.0052631578947368585,0.005291005291005346,-0.02910958904109584,0.0053002877564281015,0.001736111111111111,28850.0
2021-05-28,28900.0,29100.0,28500.0,28850.0,261236,0.0017361111111111605,0.0017346058122083715,28778.571428571428,29192.85714285714,29630.95238095238,0.014162189324673042,600.0,50.0,42.78441320875777,-834.141460031522,-815.0542673854166,-19.08719264610545,31480.532112450204,27669.467887549796,0.1288610050684838,0.30976442347440475,28666.666666666668,28570.0,28875.0,29575.0,1.0098004900245012,0.9754860524091293,-1005.0,0.0017361111111111605,0.0017361111111111605,0.02079722703639515,-0.0017301038062283738,0.016820421215151062,0.017783101727434008,364938.2,433439.25,-0.30740434376855863,0.6027049926835191,22.743044764377427,876.9055308068805,-436065.0,22.972972972972972,16.29343629343629,0.015873015873015817,-0.0052631578947368585,0.005291005291005346,0.0041153230297967065,-0.008665511265164644,28600.0
2021-05-31,29000.0,29100.0,28350.0,28600.0,288366,-0.008665511265164683,-0.0087032751283017,28664.285714285714,28985.714285714286,29528.571428571428,0.01410105174904442,750.0,400.0,41.03296428858236,-813.5524730896141,-814.753908526256,1.2014354366419866,31430.448388779223,27564.551611220777,0.13105845504054398,0.26784170617022346,28750.0,28620.0,28810.0,29497.5,0.9993011879804332,0.9695736926858208,-877.5,-0.008665511265164683,0.008665511265164683,0.026223776223776224,-0.013793103448275862,0.009613219259314474,0.014541273006247407,335401.4,410705.6,0.10385245525119058,0.7021233701220534,22.83314778255542,867.8408500349605,-724431.0,19.672131147540984,21.42224191404519,0.0017361111111111605,0.015873015873015817,-0.0052631578947368585,0.002981205239654098,0.0017482517482517483,28650.0
2021-06-01,28700.0,29000.0,28400.0,28650.0,314759,0.0017482517482516613,0.0017467253349415786,28585.714285714286,28871.428571428572,29457.14285714286,0.014180789729939242,600.0,50.0,41.54833938491485,-784.1616431711409,-808.6354554552331,24.47381228409222,31245.307139727112,27529.692860272888,0.1264351945369366,0.30151330452192976,28700.0,28650.0,28800.0,29387.5,1.0,0.9749042960442365,-737.5,0.0017482517482516613,0.0017482517482516613,0.020942408376963352,-0.0017421602787456446,0.009419671409576419,0.013578475669720542,326329.4,404589.05,0.0915260467600203,0.77797211763393,22.922471267873885,848.7093607467491,-409672.0,26.53061224489796,23.058572121803973,-0.008665511265164683,0.0017361111111111605,0.015873015873015817,-0.0017270494686006204,-0.008726003490401396,28400.0
2021-06-02,28700.0,28850.0,28300.0,28400.0,321863,-0.008726003490401424,-0.008764297993588242,28592.85714285714,28767.85714285714,29340.47619047619,0.00877384043641087,550.0,300.0,39.68088431128067,-772.1413445948892,-801.3366332831645,29.19528868827524,31156.210698217124,27433.789301782876,0.12706678260570914,0.2595651043545658,28550.0,28660.0,28710.0,29295.0,0.9909281228192603,0.9694487113841953,-635.0,-0.008726003490401424,0.008726003490401424,0.01936619718309859,-0.010452961672473868,0.010105498466633495,0.011912584820766627,312681.6,395491.85,0.022569648524744412,0.8138296655164955,22.93602569241046,827.3729778362671,-731535.0,22.857142857142858,23.019962083193935,0.0017482517482516613,-0.008665511265164683,0.0017361111111111605,-0.005214421002438148,0.02640845070422535,29150.0
2021-06-03,28600.0,29500.0,28500.0,29150.0,752026,0.02640845070422526,0.02606576762934094,28685.714285714286,28825.0,29288.095238095237,0.013173544270268773,1000.0,-550.0,47.32930056497961,-694.0953403588501,-779.8883746983017,85.79303433945165,31019.96365439677,27445.03634560323,0.1222929037473204,0.4769226076857373,28733.333333333332,28730.0,28685.0,29232.5,1.0146188652975983,0.9971777986829727,-502.5,0.02640845070422526,0.02640845070422526,0.03430531732418525,0.019230769230769232,0.014347948133675655,0.015093648825675593,387650.0,407901.3,1.3364785638610215,1.8436469802866526,23.810736368626635,846.846336562248,20491.0,65.71428571428571,38.36734693877551,-0.008726003490401424,0.0017482517482516613,-0.008665511265164683,0.006476899654025166,-0.015437392795883362,28700.0
2021-06-04,29050.0,29050.0,28550.0,28700.0,322246,-0.015437392795883409,-0.015557790030926008,28735.714285714286,28785.714285714286,29207.14285714286,0.014756872761549621,500.0,350.0,43.74517938101974,-660.935703531657,-756.0978404649728,95.16213693331576,30871.382553280015,27428.617446719985,0.11810514945317425,0.3692911116292698,28750.0,28700.0,28635.0,29150.0,1.0,0.9845626072041166,-450.0,-0.015437392795883409,0.015437392795883409,0.017421602787456445,-0.012048192771084338,0.016474556681523887,0.01571260961369744,399852.0,409783.9,-0.5714961982697406,0.7863803336343863,22.94772290985719,829.2144553792303,-301755.0,40.0,42.857142857142854,0.02640845070422526,-0.008726003490401424,0.0017482517482516613,0.0007483514726468096,0.029616724738675958,29550.0
2021-06-07,29050.0,29850.0,28900.0,29550.0,618772,0.029616724738676048,0.029186621086531868,28842.85714285714,28842.85714285714,29169.04761904762,0.017500146003245468,950.0,-500.0,51.2541640362527,-559.6176324729531,-716.8017988665689,157.18416639361578,30639.02726115439,27535.97273884561,0.10668000076695429,0.6490466882469997,29133.333333333332,28890.0,28755.0,29087.5,1.0228452751817239,1.015900300816502,-197.5,0.029616724738676048,0.029616724738676048,0.032148900169204735,0.01721170395869191,0.0204092040191608,0.015262533192851317,465933.2,424671.85,0.9201852001266113,1.4570591387208736,23.629331170677442,852.1277085664282,317017.0,83.78378378378379,63.166023166023166,-0.015437392795883409,0.02640845070422526,-0.008726003490401424,0.0135292608823393,-0.021996615905245348,28900.0
2021-06-08,29850.0,29900.0,28750.0,28900.0,682439,-0.021996615905245376,-0.022242148733720758,28850.0,28814.285714285714,29078.571428571428,0.02009653253977537,1150.0,950.0,46.177999384084444,-525.7118203047576,-678.5838031542066,152.87198284944907,30014.942296546862,27900.057703453138,0.07303408764892426,0.47281175521928265,29050.0,28940.0,28795.0,28957.5,0.9986178299930891,0.9980143313476647,-17.5,-0.021996615905245376,0.021996615905245376,0.039792387543252594,-0.031825795644891124,0.024255925606851948,0.017353477903619234,539469.2,434077.4,0.10289250321604726,1.5721597116090356,23.705025298908712,873.4043008116832,-365422.0,47.36842105263158,57.05073494547179,0.029616724738676048,-0.015437392795883409,0.02640845070422526,-0.002605761320817579,-0.015570934256055362,28450.0
2021-06-09,29000.0,29050.0,28450.0,28450.0,363174,-0.01557093425605538,-0.015693434546046565,28828.571428571428,28746.428571428572,28933.333333333332,0.02077754642926256,600.0,550.0,43.00269025132148,-529.0538555541243,-648.6778136341902,119.6239580800659,29754.40769709022,27980.59230290978,0.06144679636894228,0.26463165142791073,28966.666666666668,28950.0,28805.0,28867.5,0.9827288428324698,0.9855373690135966,82.5,-0.01557093425605538,0.01557093425605538,0.0210896309314587,-0.01896551724137931,0.02518606009886287,0.018092190026349663,547731.4,420988.6,-0.46782935910755397,0.8626694404551573,23.05854077689506,853.8754221822774,-728596.0,23.68421052631579,51.61213845424373,-0.021996615905245376,0.029616724738676048,-0.015437392795883409,-0.0026502751408749026,0.014059753954305799,28850.0
2021-06-10,28500.0,28950.0,28400.0,28850.0,415635,0.014059753954305698,0.01396183238176854,28857.14285714286,28721.428571428572,28866.666666666668,0.021521916367714337,550.0,-350.0,46.522765899699905,-493.7343235636945,-617.6891156200911,123.95479205639663,29574.415485791884,28060.584514208116,0.0525316551256621,0.5214687112432365,28733.333333333332,28890.0,28810.0,28817.5,0.9986154378677743,1.0011277869350221,72.5,0.014059753954305698,0.014059753954305698,0.019064124783362217,0.012280701754385965,0.0224835563113362,0.017929335167031085,480453.2,421066.45,0.14445141998050515,0.9871007295879308,23.207428022272833,832.1700348835434,-312961.0,44.73684210526316,38.59649122807018,-0.01557093425605538,-0.021996615905245376,0.029616724738676048,-0.007835932068998352,0.005199306759098787,29000.0
2021-06-11,28850.0,29200.0,28850.0,29000.0,300783,0.005199306759098743,0.0051858370323654155,28942.85714285714,28767.85714285714,28826.190476190477,0.021109671194551722,350.0,-150.0,47.82408459066297,-448.4699116217489,-583.8452748204227,135.37536319867377,29577.649423974563,28122.350576025437,0.05044363424433709,0.6030716132369561,28766.666666666668,28950.0,28825.0,28850.0,1.001727115716753,1.0051993067590987,100.0,0.005199306759098743,0.005199306759098743,0.01206896551724138,0.005199306759098787,0.021228458046265948,0.01799311980546488,476160.6,394361.15,-0.2763289905806777,0.7627095113197636,22.889195462586542,797.7293181061475,-12178.0,52.63157894736842,40.35087719298246,0.014059753954305698,-0.01557093425605538,-0.021996615905245376,0.0012293754857830204,-0.01206896551724138,28650.0
2021-06-14,29000.0,29000.0,28550.0,28650.0,223776,-0.012068965517241348,-0.012142386825725425,28871.428571428572,28778.571428571428,28840.47619047619,0.01897981821766537,450.0,350.0,45.06828739169434,-435.81580070858035,-554.2393799980542,118.42357928947388,29527.404447704113,28112.595552295887,0.049091217744907246,0.37984242921306455,28833.333333333332,28770.0,28830.0,28820.0,0.9958289885297185,0.9941013185287995,-50.0,-0.012068965517241348,0.012068965517241348,0.015706806282722512,-0.01206896551724138,0.015100633691543236,0.018219948838579293,397161.4,380655.5,-0.256021783145989,0.587870134544227,22.581309552802455,772.8915096699941,-235954.0,34.21052631578947,43.859649122807014,0.005199306759098743,0.014059753954305698,-0.01557093425605538,0.002396698398721031,0.0017452006980802793,28700.0
2021-06-15,28750.0,28850.0,28650.0,28700.0,150085,0.0017452006980802626,0.0017436796048268374,28871.428571428572,28803.571428571428,28814.285714285714,0.018097695820948598,200.0,50.0,45.550987327363785,-416.9464454266563,-526.7807930837746,109.83434765711831,29526.29809314225,28108.70190685775,0.04919219870857985,0.41711320816404995,28783.333333333332,28730.0,28835.0,28817.5,0.9989557953358859,0.9959226164656892,-87.5,0.0017452006980802626,0.0017452006980802626,0.006968641114982578,-0.0017391304347826088,0.012319322023516674,0.01821992235025752,290690.6,367655.15,-0.32930698555698557,0.40822221584547363,22.18360948123,731.9706875507089,-85869.0,36.8421052631579,41.228070175438596,-0.012068965517241348,0.005199306759098743,0.014059753954305698,-0.0017081526866874475,-0.0017421602787456446,28650.0
2021-06-16,28800.0,28850.0,28550.0,28650.0,227433,-0.0017421602787456303,-0.0017436796048268398,28742.85714285714,28792.85714285714,28809.52380952381,0.012778054499348095,300.0,150.0,45.12396942645085,-401.3998400584642,-501.70460247871256,100.30476242024838,29459.41982864025,28110.58017135975,0.04685911611188117,0.39991397474761087,28666.666666666668,28770.0,28860.0,28785.0,0.9958289885297185,0.9953100573215217,-15.0,-0.0017421602787456303,0.0017421602787456303,0.010471204188481676,-0.005208333333333333,0.009566896160772493,0.01796661661672435,263542.4,367589.85,0.5153612952660158,0.6187140368538467,22.597519690799732,701.1156384399441,-313302.0,21.875,30.975877192982455,0.0017452006980802626,-0.012068965517241348,0.005199306759098743,-0.004021975032635572,0.008726003490401396,28900.0
2021-06-17,28650.0,29100.0,28500.0,28900.0,301008,0.008726003490401313,0.008688151957637823,28742.85714285714,28796.428571428572,28790.47619047619,0.01077892957291396,600.0,-250.0,47.76089979603908,-364.70207414254764,-474.3040968114796,109.60202266893197,29372.6731763776,28147.3268236224,0.04260592325296249,0.6142534106256642,28750.0,28780.0,28835.0,28760.0,1.0041695621959694,1.0048678720445063,20.0,0.008726003490401313,0.008726003490401313,0.020761245674740483,0.008726003490401396,0.007972221171528833,0.015947076557950638,240617.0,368726.3,0.3235018664837557,0.8163453488400475,22.88648899566639,693.893092837091,-12294.0,37.5,32.07236842105263,-0.0017421602787456303,0.0017452006980802626,-0.012068965517241348,0.002909681303245315,0.005190311418685121,29050.0
2021-06-18,29200.0,29300.0,28850.0,29050.0,364247,0.00519031141868509,0.0051768881795337274,28828.571428571428,28828.571428571428,28773.809523809523,0.008320695895699467,450.0,150.0,49.33404264214622,-319.8283022808755,-443.4089379053588,123.5806356244833,29345.862408118686,28159.137591881314,0.04127379588687497,0.7506899627693411,28866.666666666668,28790.0,28870.0,28752.5,1.009030913511636,1.01034692635423,37.5,0.00519031141868509,0.00519031141868509,0.01549053356282272,-0.005136986301369863,0.00797086033023636,0.015149892796894045,253309.8,373565.15,0.21009076170733,0.9750561582096188,23.08236125029652,676.4721576344416,351953.0,46.875,35.416666666666664,0.008726003490401313,-0.0017421602787456303,0.0017452006980802626,0.004058051543446924,-0.04647160068846816,27700.0
2021-06-21,28650.0,28700.0,27600.0,27700.0,1416520,-0.04647160068846812,-0.04758607010462738,28664.285714285714,28760.714285714286,28702.380952380954,0.019624596553462676,1100.0,950.0,38.18788321888453,-388.7183294287861,-432.4708162100443,43.7524867812582,29459.416555200954,27980.583444799046,0.051491403565526075,-0.18973300153036887,28550.0,28600.0,28685.0,28720.0,0.9685314685314685,0.9644846796657381,-120.0,-0.04647160068846812,0.04647160068846812,0.039711191335740074,-0.03315881326352531,0.02267621690451879,0.018164167336557003,491858.6,422588.65,2.888899565404794,3.352006732788493,24.3929014096621,731.7241463748386,-1064567.0,4.3478260869565215,29.57427536231884,0.00519031141868509,0.008726003490401313,-0.0017421602787456303,-0.010851761926460571,-0.032490974729241874,26800.0
2021-06-22,27850.0,27950.0,26650.0,26800.0,1317222,-0.032490974729241895,-0.03303052567648184,28350.0,28646.428571428572,28628.571428571428,0.021299738181478206,1300.0,1050.0,32.858048555843666,-510.0570307050257,-447.9880591090406,-62.06897159598509,29767.347352324265,27502.652647675735,0.07908834309930257,-0.3102637394053447,27850.0,28220.0,28475.0,28635.0,0.9496810772501771,0.9359175833769862,-415.0,-0.032490974729241895,0.032490974729241895,0.048507462686567165,-0.03770197486535009,0.02464372167066489,0.019431219367453356,725286.0,470443.8,-0.07009996329031709,2.7999561265341364,24.287192697967498,772.3152787766359,-2381789.0,4.615384615384615,18.61273690078038,-0.04647160068846812,0.00519031141868509,0.008726003490401313,-0.02459075466634164,0.024253731343283583,27450.0
2021-06-23,26900.0,27750.0,26700.0,27450.0,800456,0.02425373134328357,0.02396428043872863,28178.571428571428,28525.0,28578.571428571428,0.025088395652716117,1050.0,-550.0,39.43282512059008,-547.4584971669792,-467.8821467206284,-79.57635044635083,29835.877412234357,27344.122587765643,0.08715476825703788,0.042491103536613624,27316.666666666668,27980.0,28375.0,28590.0,0.9810578984989278,0.9601259181532005,-610.0,0.02425373134328357,0.02425373134328357,0.03825136612021858,0.020446096654275093,0.02989060461028367,0.02152558525962162,839890.6,490961.5,-0.3923150387709893,1.6303844598812738,23.813058291244957,792.1499017211619,-1581333.0,24.615384615384617,11.192865105908586,-0.032490974729241895,-0.04647160068846812,0.00519031141868509,-0.018236281358142148,-0.0018214936247723133,27400.0
2021-06-24,27400.0,27700.0,27050.0,27400.0,345241,-0.0018214936247723523,-0.0018231545615151365,27992.85714285714,28432.14285714286,28533.333333333332,0.024938014027038467,650.0,0.0,39.115519712033894,-574.5114011224432,-489.2079976009914,-85.3034035214518,29869.229799786368,27170.770200213632,0.09461639549694024,0.08494839049013865,27216.666666666668,27680.0,28230.0,28520.0,0.9898843930635838,0.9607293127629734,-840.0,-0.0018214936247723523,0.0018214936247723523,0.023722627737226276,0.0,0.028751583023496688,0.020666282482266308,848737.2,489364.35,-0.5686945940813737,0.7054886609537454,22.970296295347016,781.9963373125075,-1926574.0,23.076923076923077,17.435897435897434,0.02425373134328357,-0.032490974729241895,-0.04647160068846812,-0.0033529123369102263,0.0036496350364963502,27500.0
2021-06-25,27450.0,28050.0,27400.0,27500.0,398018,0.0036496350364962904,0.0036429912785010087,27828.571428571428,28285.714285714286,28471.428571428572,0.025195417213357427,650.0,-50.0,40.15275767754267,-581.1823497927107,-507.6028680393353,-73.57948175337543,29865.773542263898,27039.226457736102,0.0993426617881661,0.16301640428568165,27450.0,27370.0,28080.0,28452.5,1.0047497259773475,0.9665231526227924,-1082.5,0.0036496350364962904,0.0036496350364962904,0.023636363636363636,0.0018214936247723133,0.028552060020168937,0.020587396984931037,855491.4,496203.45,0.15287002412807293,0.8021266276967642,23.116193793120583,772.5680275044713,-1528556.0,26.153846153846153,24.615384615384613,-0.0018214936247723523,0.02425373134328357,-0.032490974729241895,0.008693957585002502,0.025454545454545455,28200.0
2021-06-28,28000.0,28350.0,27750.0,28200.0,575590,0.025454545454545396,0.02513597327154224,27728.571428571428,28235.714285714286,28440.47619047619,0.02744406935860129,600.0,-200.0,46.963985481075596,-523.9452600068216,-510.8713464328326,-13.073913573989046,29848.303658704124,27016.696341295876,0.09959051498841989,0.4178911572340455,27700.0,27470.0,28035.0,28432.5,1.026574444848926,0.9918227380638354,-962.5,0.025454545454545396,0.025454545454545396,0.02127659574468085,0.007142857142857143,0.02364282501456991,0.022506809094257257,687305.4,510564.65,0.4461406268058228,1.127359679131722,23.51022813765643,778.0988826827233,-952966.0,58.490566037735846,35.907111756168355,0.0036496350364962904,-0.0018214936247723523,0.02425373134328357,0.009094228955423111,0.0017730496453900709,28250.0
2021-06-29,28300.0,28450.0,27900.0,28250.0,353957,0.0017730496453900457,0.0017714796483820209,27614.285714285714,28221.428571428572,28423.809523809523,0.02729434005189702,550.0,50.0,47.424266693697085,-469.1418961004165,-502.52545636634943,33.38356026593294,29826.667041424957,26998.332958575043,0.09954541426660495,0.4425456840529036,27983.333333333332,27760.0,27990.0,28412.5,1.0176512968299711,0.9942806863176419,-652.5,0.0017730496453900457,0.0017730496453900457,0.019469026548672566,-0.0017667844522968198,0.013110862631268568,0.022507236447425565,494652.4,512524.55,-0.38505359717854726,0.690614722748403,23.025779452486006,761.8061053482431,-599009.0,60.37735849056604,48.34059022738268,0.025454545454545396,0.0036496350364962904,-0.0018214936247723523,0.010292410045477244,0.01415929203539823,28650.0
2021-06-30,28600.0,28850.0,28400.0,28650.0,454684,0.014159292035398341,0.01405998556829873,27750.0,28207.14285714286,28423.809523809523,0.019799377716480146,450.0,-50.0,51.08187222282399,-388.9496093236012,-479.8102869577998,90.86067763419862,29843.11587381953,27006.88412618047,0.09977948100753069,0.5793306118892769,28366.666666666668,28000.0,27990.0,28425.0,1.0232142857142856,1.007915567282322,-425.0,0.014159292035398341,0.014159292035398341,0.015706806282722512,0.0017482517482517483,0.011120848402284037,0.02303189341350565,425498.0,519165.6,0.28457411493486506,0.8757976260368561,23.290266673377573,750.2485263947973,-144325.0,75.47169811320755,64.77987421383648,0.0017730496453900457,0.025454545454545396,0.0036496350364962904,0.01379562904511126,-0.017452006980802792,28150.0
2021-07-01,28800.0,28800.0,28150.0,28150.0,267021,-0.017452006980802848,-0.01760608857504924,27942.85714285714,28146.428571428572,28411.904761904763,0.01521214040706183,650.0,650.0,46.70771080662883,-361.5744603181374,-456.16312162986736,94.58866131172994,29755.50334070012,26994.49665929988,0.09730420022555919,0.41850798423787533,28350.0,28150.0,27915.0,28375.0,1.0,0.9920704845814978,-225.0,-0.017452006980802848,0.017452006980802848,0.023090586145648313,-0.022569444444444444,0.015947369909949407,0.02344448965880524,409854.0,494915.35,-0.41273279904285176,0.5395286284816182,22.740385219675773,743.0879173665975,-411346.0,56.60377358490566,64.15094339622642,0.014159292035398341,0.0017730496453900457,0.025454545454545396,-0.0005065551000048204,0.0,28150.0
2021-07-02,28150.0,28350.0,27900.0,28150.0,324876,0.0,0.0,28042.85714285714,28110.714285714286,28364.285714285714,0.013345558095333662,450.0,0.0,46.70771080662883,-336.00618733302326,-432.13173477049855,96.12554743747529,29722.64592527101,26972.35407472899,0.09702061382986213,0.4281894392549367,28316.666666666668,28280.0,27825.0,28347.5,0.9954031117397454,0.9930328953170473,-67.5,0.0,0.0,0.015985790408525755,0.0,0.01613660427678225,0.023315478626579365,395225.6,495046.85,0.21666835192737643,0.6562530394850508,22.9365014837232,722.1530661261262,-411346.0,56.60377358490566,62.89308176100629,-0.017452006980802848,0.014159292035398341,0.0017730496453900457,-0.001097571648468169,0.008880994671403197,28400.0
2021-07-05,28250.0,28500.0,28100.0,28400.0,245994,0.008880994671403242,0.008841790581461012,28185.714285714286,28089.285714285714,28350.0,0.013231892614431418,400.0,-150.0,49.228781127941396,-292.20191434089065,-404.145770684577,111.94385634368632,29544.297874467913,27035.702125532087,0.08867429299879201,0.5438492332001532,28233.333333333332,28320.0,27895.0,28290.0,1.002824858757062,1.0038882997525627,30.0,0.008880994671403242,0.008880994671403242,0.014084507042253521,0.005309734513274336,0.012002458456264084,0.017719482645152378,329306.4,476407.95,-0.24280648616702993,0.5163515848129738,22.667206848665586,699.1421328314029,-165352.0,66.0377358490566,59.74842767295598,0.0,-0.017452006980802848,0.014159292035398341,-0.002857004103133202,-0.00528169014084507,28250.0
2021-07-06,28400.0,28650.0,28150.0,28250.0,325787,-0.005281690140845119,-0.005295687574710455,28292.85714285714,28060.714285714286,28288.095238095237,0.013816682326266478,500.0,150.0,47.76862512179696,-266.51820285883514,-376.62025711942863,110.10205426059349,29478.4896762355,27036.5103237645,0.08641880394482869,0.4969287209605557,28266.666666666668,28320.0,28040.0,28257.5,0.9975282485875706,0.9997345837388304,62.5,-0.005281690140845119,0.005281690140845119,0.017699115044247787,-0.00528169014084507,0.012367372561141808,0.013251067053455334,323672.4,458575.35,0.3243697000739856,0.710432865613034,22.942847809256993,684.917694772017,-491139.0,60.37735849056604,61.0062893081761,0.008880994671403242,0.0,-0.017452006980802848,0.0011997681768527075,-0.0017699115044247787,28200.0
2021-07-07,28350.0,28400.0,27800.0,28200.0,312427,-0.001769911504424737,-0.0017714796483820044,28292.85714285714,28010.714285714286,28254.761904761905,0.01016657429158471,600.0,150.0,47.26537176205123,-247.34699639444443,-350.7656049744318,103.41860857998739,29462.806483633147,27027.193516366853,0.08623165046083532,0.48152415814631355,28283.333333333332,28230.0,28115.0,28245.0,0.9989373007438895,0.9984067976633032,-15.0,-0.001769911504424737,0.001769911504424737,0.02127659574468085,-0.005291005291005291,0.00956112229465704,0.011578428853288598,295221.0,456038.0,-0.04100838891668479,0.6850898390046444,22.89920337790957,678.8521451454444,-803566.0,58.490566037735846,61.63522012578616,-0.005281690140845119,0.008880994671403242,0.0,0.0006097976753777953,-0.030141843971631204,27350.0
2021-07-08,28050.0,28200.0,27250.0,27350.0,529395,-0.03014184397163122,-0.030605449076077706,28164.285714285714,27889.285714285714,28202.380952380954,0.015296832753487151,950.0,700.0,39.62304808375862,-297.314319006171,-340.0753477807797,42.76102877460869,29415.37037399363,26924.62962600637,0.08841820191648078,0.17078067010280706,27933.333333333332,28070.0,28110.0,28170.0,0.974349839686498,0.9708910188143415,-100.0,-0.03014184397163122,0.03014184397163122,0.03473491773308958,-0.024955436720142603,0.014646780244586214,0.015591429970192059,347695.8,461726.0,0.6944598258153105,1.146556615828435,23.395961931995405,698.219849063627,-1332961.0,31.818181818181817,50.22870211549457,-0.001769911504424737,-0.005281690140845119,0.008880994671403242,-0.012397815205633692,-0.010968921389396709,27050.0
2021-07-09,27000.0,27200.0,26700.0,27050.0,430899,-0.010968921389396757,-0.011029523575499732,27935.714285714286,27842.85714285714,28116.666666666668,0.012948022722111378,500.0,-50.0,37.32893430503611,-357.0059328016141,-343.46146478494654,-13.544468016667565,29349.204227380214,26795.795772619786,0.09095764377096549,0.09955486240608728,27533.333333333332,27850.0,28065.0,28072.5,0.9712746858168761,0.9635764538249176,-222.5,-0.010968921389396757,0.010968921389396757,0.018484288354898338,0.001851851851851852,0.014406106828228172,0.0158861683514232,368900.4,468231.8,-0.18605389170657072,0.920268550747728,23.17907128723759,694.7755741305108,-1763860.0,18.181818181818183,36.16352201257862,-0.03014184397163122,-0.001769911504424737,-0.005281690140845119,-0.014293558955150906,0.018484288354898338,27550.0
2021-07-12,27300.0,27700.0,27150.0,27550.0,244325,0.01848428835489835,0.018315530306432976,27850.0,27896.428571428572,28047.619047619046,0.01547498488795651,550.0,-250.0,43.22863329971122,-359.81838312224136,-346.7328484524055,-13.085534669835852,29284.18859630139,26750.81140369861,0.0904212436014197,0.31546372116830607,27316.666666666668,27680.0,28000.0,28017.5,0.9953034682080925,0.9833140001784599,-337.5,0.01848428835489835,0.01848428835489835,0.019963702359346643,0.009157509157509158,0.017502771762163995,0.014677329033728112,368566.6,469259.25,-0.43298777671797795,0.5206610205339586,22.63001239993666,691.5773188354743,-1519535.0,39.53488372093023,29.844961240310074,-0.010968921389396757,-0.03014184397163122,-0.001769911504424737,-0.00754215900204321,0.025408348457350273,28250.0
2021-07-13,27450.0,28350.0,27400.0,28250.0,423183,0.025408348457350183,0.025090921993526367,27864.285714285714,27953.571428571428,28028.571428571428,0.018845513265382224,950.0,-800.0,50.284740984272005,-302.0809196056689,-337.8024626830582,35.7215430773893,29226.131272661976,26763.868727338024,0.08795365405693704,0.6035632859234555,27616.666666666668,27680.0,28000.0,27995.0,1.0205924855491328,1.0091087694231113,-315.0,0.025408348457350183,0.025408348457350183,0.033628318584070796,0.029143897996357013,0.02246680248678479,0.017097388452040924,388045.8,482914.15,0.7320495241993246,0.8763110378935883,23.204408725245294,710.0360817757977,-1096352.0,72.09302325581395,43.26990838618746,0.01848428835489835,-0.010968921389396757,-0.03014184397163122,0.010974571807617258,-0.01415929203539823,27850.0
2021-07-14,28100.0,28150.0,27700.0,27850.0,227806,-0.01415929203539823,-0.014260491219156922,27785.714285714286,27985.714285714286,27988.095238095237,0.01916275076640985,450.0,250.0,46.711928045426085,-285.31132944760975,-327.30423603596853,41.99290658835878,29147.917696900728,26762.082303099272,0.08534556944380094,0.45599025805686494,27883.333333333332,27610.0,27920.0,27955.0,1.008692502716407,0.9962439635127884,-345.0,-0.01415929203539823,0.01415929203539823,0.01615798922800718,-0.008896797153024912,0.023402443744660103,0.01685941839545403,371121.6,482932.8,-0.46168442494145556,0.4717136628532997,22.570837914055172,698.6049330775265,-1324158.0,53.48837209302326,55.03875968992248,0.025408348457350183,0.01848428835489835,-0.010968921389396757,0.009911114925616768,0.03052064631956912,28700.0
2021-07-15,27850.0,28800.0,27800.0,28700.0,726163,0.030520646319569078,0.030064156392282354,27850.0,28071.428571428572,27990.47619047619,0.022723082116272827,1000.0,-850.0,54.16469888564053,-201.1150826918929,-302.06640536715344,100.95132267526054,29107.5290035997,26782.4709964003,0.0832012169332402,0.8247230811713899,28266.666666666668,27880.0,27975.0,27945.0,1.0294117647058822,1.027017355519771,-65.0,0.030520646319569078,0.030520646319569078,0.03484320557491289,0.03052064631956912,0.020938971484212313,0.01889741991366742,410475.2,504190.55,2.187637726837748,1.4402550781643964,23.76018218830859,720.1331521434175,-597995.0,93.02325581395348,72.86821705426357,-0.01415929203539823,0.025408348457350183,0.01848428835489835,0.013923234247173677,-0.012195121951219513,28350.0
2021-07-16,28550.0,29000.0,28300.0,28350.0,590843,-0.012195121951219523,-0.01227009259181436,27871.428571428572,28082.14285714286,27964.285714285714,0.02337058939007317,700.0,200.0,51.00165078829422,-160.7776804451969,-273.8086603827621,113.03097993756523,28970.089370611833,26849.910629388167,0.07596484203596081,0.7075296725907425,28300.0,28140.0,27995.0,27910.0,1.007462686567164,1.0157649587961304,230.0,-0.012195121951219523,0.012195121951219523,0.024691358024691357,-0.0070052539404553416,0.021248755897270218,0.01943368765455296,442464.0,515520.35,-0.18634934580803486,1.1461099450293282,23.541687918874,718.6950698474592,-1188838.0,71.73913043478261,72.75025278058645,0.030520646319569078,-0.01415929203539823,0.025408348457350183,0.001388744110983775,0.015873015873015872,28800.0
2021-07-19,28150.0,29050.0,27650.0,28800.0,666303,0.015873015873015817,0.015748356968139112,28078.571428571428,28121.428571428572,27952.380952380954,0.01919726754724642,1400.0,-650.0,54.667138352065784,-91.44464244057599,-237.3358567943249,145.89121435374892,29091.288735533417,26838.711264466583,0.08054988274867991,0.8706864739282593,28616.666666666668,28390.0,28035.0,27965.0,1.0144417048256429,1.0298587520114428,425.0,0.015873015873015817,0.015873015873015817,0.04861111111111111,0.023090586145648313,0.02100688219283063,0.019874414553045353,526859.6,478009.5,0.12771582298512474,1.3939116272793741,23.677630467193005,767.3597077154978,-522535.0,89.36170212765957,84.70802945879855,-0.012195121951219523,0.030520646319569078,-0.01415929203539823,0.011399513413788457,0.05381944444444445,30350.0
2021-07-20,28400.0,31150.0,28350.0,30350.0,3609998,0.05381944444444442,0.052421130363607,28550.0,28242.85714285714,28078.571428571428,0.023543871347974674,2800.0,-1950.0,64.51423750656048,87.56494166493576,-172.3556971024728,259.92063876740855,29573.46397394792,26711.53602605208,0.10169416178007787,1.2713331852477303,29166.666666666668,28810.0,28245.0,28142.5,1.0534536619229433,1.0784400817269255,667.5,0.05381944444444442,0.05381944444444442,0.09225700164744646,0.06866197183098592,0.02888849398688469,0.02557749410408624,1164222.6,592648.3,4.417952493084978,6.091299004822927,25.41976957278906,912.5483000215337,3087463.0,82.02247191011236,81.04110149085152,0.015873015873015817,-0.012195121951219523,0.030520646319569078,0.019165779455413572,-0.018121911037891267,29800.0
2021-07-21,30700.0,30700.0,29350.0,29800.0,984641,-0.018121911037891292,-0.018288123994148527,28871.428571428572,28360.714285714286,28221.428571428572,0.026886529976386228,1350.0,900.0,59.569588688608754,182.9420808739269,-101.29614150719286,284.2382223811197,29830.651892820635,26689.348107179365,0.11115724648412138,0.990242302269286,29650.0,29200.0,28405.0,28260.0,1.0205479452054795,1.05449398443029,940.0,-0.018121911037891292,0.018121911037891292,0.04530201342281879,-0.029315960912052116,0.029916665596992874,0.026731718781516155,1315589.6,601857.55,-0.7272461092776228,1.636003403130857,24.102296059242484,943.7948500199956,2102822.0,69.66292134831461,80.34903179536218,0.05381944444444442,0.015873015873015817,-0.012195121951219523,0.017190183093189648,0.0050335570469798654,29950.0
2021-07-22,29850.0,30600.0,29550.0,29950.0,1156158,0.005033557046979942,0.005020931050099664,29114.285714285714,28489.285714285714,28340.47619047619,0.026222126974228252,1050.0,-100.0,60.45967750361706,267.54876166873146,-27.527160872007997,295.07592254073944,30073.93972538849,26701.06027461151,0.11881565656634005,0.9632540305109516,30033.333333333332,29450.0,28665.0,28387.5,1.0169779286926994,1.055041831792162,1062.5,0.005033557046979942,0.005033557046979942,0.035058430717863104,0.0033500837520938024,0.028532941533338112,0.023600034694565807,1401588.6,642403.4,0.174192421400287,1.799738295282995,24.267897600648013,951.3809321614245,3258980.0,73.03370786516854,74.90636704119851,-0.018121911037891292,0.05381944444444442,0.015873015873015817,0.01357703015117769,-0.01001669449081803,29650.0
2021-07-23,30050.0,30150.0,29500.0,29650.0,484664,-0.01001669449081799,-0.010067199117723856,29371.428571428572,28578.571428571428,28447.619047619046,0.025661461195362393,650.0,400.0,57.72260810633425,306.85543452313505,39.349358207020614,267.50607631611445,30216.963383680624,26773.036616319376,0.1208607393353658,0.8353729849734772,29800.0,29710.0,28925.0,28495.0,0.997980477953551,1.040533426917003,1215.0,-0.01001669449081799,0.01001669449081799,0.021922428330522766,-0.013311148086522463,0.028144637009722123,0.023510606110208943,1380352.8,646735.7,-0.5807977802341895,0.7494004119457145,23.388428550824543,929.8537227213228,2774316.0,66.29213483146067,69.66292134831461,0.005033557046979942,-0.018121911037891292,0.05381944444444442,-0.007701682827243113,-0.011804384485666104,29300.0
2021-07-26,29900.0,30450.0,28900.0,29300.0,630894,-0.01180438448566612,-0.011874609420712853,29457.14285714286,28653.571428571428,28533.333333333332,0.024790471454118137,1550.0,600.0,54.616102372769,306.23410488458467,92.72630754253343,213.50779734205122,30302.29173250046,26797.70826749954,0.12275248563926165,0.7140054609884439,29633.333333333332,29810.0,29100.0,28550.0,0.9828916470982891,1.0262697022767076,1260.0,-0.01180438448566612,0.01180438448566612,0.052901023890784986,-0.020066889632107024,0.029233683104060285,0.02416152508965025,1373271.0,649500.9,0.3017141772444416,0.9713520027454927,23.640235935149445,974.1498853840855,2143422.0,58.42696629213483,65.91760299625467,-0.01001669449081799,0.005033557046979942,-0.018121911037891292,-0.005595840643168056,-0.010238907849829351,29000.0
2021-07-27,29300.0,29650.0,29000.0,29000.0,380598,-0.010238907849829393,-0.010291686036547636,29550.0,28710.714285714286,28571.428571428572,0.024598488745475457,650.0,300.0,52.03129183142886,278.3258368784918,129.84621340972512,148.4796234687667,30344.852973561145,26830.147026438855,0.12294555127668699,0.617364014573606,29316.666666666668,29540.0,29175.0,28587.5,0.9817197020988491,1.014429383471797,952.5,-0.010238907849829393,0.010238907849829393,0.022413793103448276,-0.010238907849829351,0.008523184793049835,0.023676116556713415,727391.0,650832.95,-0.3967322561317749,0.584786003843229,23.124550088028847,950.9963221423651,1762824.0,51.68539325842696,58.801498127340814,-0.01180438448566612,-0.01001669449081799,0.005033557046979942,-0.010686662275437834,0.020689655172413793,29600.0
2021-07-28,28800.0,30400.0,28650.0,29600.0,1250729,0.020689655172413834,0.0204785313435407,29664.285714285714,28871.428571428572,28635.714285714286,0.025060063290645602,1750.0,-800.0,56.46865317242452,301.1518281913377,164.10733636604766,137.04449182529004,30449.880016332812,26820.119983667188,0.1267595611198053,0.7658577953681756,29300.0,29500.0,29350.0,28635.0,1.0033898305084745,1.033700017461149,865.0,0.020689655172413834,0.020689655172413834,0.05912162162162162,0.027777777777777776,0.014052406206589015,0.023454572446548756,780608.6,690635.2,2.2862206317426788,1.8109835699078183,24.33476677962262,1008.0680134179105,3013553.0,65.1685393258427,58.42696629213483,-0.010238907849829393,-0.01180438448566612,-0.01001669449081799,-0.00045121238769389266,0.013513513513513514,30000.0
2021-07-29,29800.0,30200.0,29500.0,30000.0,611869,0.013513513513513598,0.01342302033214077,29614.285714285714,29082.14285714286,28700.0,0.014653023601054716,700.0,-200.0,59.179696311882665,347.51234186161673,200.78833746516148,146.72400439645526,30624.99835309546,26830.00164690454,0.1321032706010241,0.8353099089451443,29533.333333333332,29510.0,29480.0,28727.5,1.0166045408336157,1.044295535636585,782.5,0.013513513513513598,0.013513513513513598,0.023333333333333334,0.006711409395973154,0.015445639582919057,0.02208424764122623,671750.8,707877.6,-0.5107901072094754,0.8643711850749339,23.63322614699319,986.0631553166312,3625422.0,71.25,62.701310861423224,0.020689655172413834,-0.010238907849829393,-0.01180438448566612,0.007988086945366013,-0.025,29250.0
2021-07-30,29900.0,30000.0,29050.0,29250.0,479277,-0.025000000000000022,-0.025317807984289897,29535.714285714286,29203.571428571428,28752.380952380954,0.016147478577076987,950.0,650.0,52.56896229245524,320.0453671946052,224.63974341105023,95.40562378355497,30673.2739991309,26891.7260008691,0.13138358371447226,0.6236266206894341,29616.666666666668,29430.0,29570.0,28782.5,0.9938837920489296,1.0162425084686875,647.5,-0.025000000000000022,0.025000000000000022,0.03247863247863248,-0.021739130434782608,0.019018950093320067,0.023495927348350133,670673.4,715597.65,-0.21669997989765788,0.6697576494277195,23.36366885008047,983.4872156511576,3146145.0,49.333333333333336,61.91729088639201,0.013513513513513598,0.020689655172413834,-0.010238907849829393,0.0030677228953091364,0.013675213675213675,29650.0
2021-08-02,29350.0,29800.0,28950.0,29650.0,416748,0.013675213675213627,0.013582551765868912,29492.85714285714,29303.571428571428,28823.809523809523,0.01712123499247155,850.0,-300.0,55.428634795748344,326.7872489547008,245.06924451978034,81.71800443492043,30764.950657260695,26925.049342739305,0.13312190377955938,0.7096408042976844,29633.333333333332,29500.0,29655.0,28845.0,1.005084745762712,1.0279077829779857,655.0,0.013675213675213627,0.013675213675213627,0.02866779089376054,0.010221465076660987,0.019336315047527364,0.023376001923072213,627844.2,724135.35,-0.1304652633028499,0.5755111941434706,23.23745440606813,973.9524145332177,3562893.0,57.142857142857146,59.242063492063494,-0.025000000000000022,0.013513513513513598,0.020689655172413834,0.000729575729575734,0.008431703204047217,29900.0
2021-08-03,29600.0,30350.0,29400.0,29900.0,593404,0.008431703204047292,0.008396354952906358,29528.571428571428,29450.0,28895.238095238095,0.016992044744069925,950.0,-300.0,57.16683016691089,348.2882987786543,265.71305537155513,82.57524340709915,30881.30196162844,26973.69803837156,0.13508266954478887,0.7488737392784293,29600.0,29680.0,29610.0,28927.5,1.0074123989218329,1.033618529081324,752.5,0.008431703204047292,0.008431703204047292,0.03177257525083612,0.010135135135135136,0.018011924348867562,0.015538073266623749,670405.4,737516.2,0.42389165634868076,0.8045979193406193,23.599244487066915,972.2415277808451,4156297.0,64.28571428571429,56.92063492063492,0.013675213675213627,-0.025000000000000022,0.013513513513513598,-0.0009643610402463679,-0.010033444816053512,29600.0
2021-08-04,30350.0,30350.0,29400.0,29600.0,453481,-0.010033444816053505,-0.010084119066626047,29571.428571428572,29514.285714285714,28959.52380952381,0.016774520978841103,950.0,750.0,54.42399926363664,337.2331292814233,280.0170701535288,57.21605912789454,30941.850791395416,27053.149208604584,0.13410471877888896,0.654936033833586,29716.666666666668,29680.0,29590.0,28997.5,0.9973045822102425,1.0207776532459696,682.5,-0.010033444816053505,0.010033444816053505,0.03209459459459459,-0.02471169686985173,0.01707572282457715,0.014761043196404686,510955.8,744568.9,-0.23579719718775072,0.6090517613615073,23.32023829168467,970.6528472250706,3702816.0,55.714285714285715,59.047619047619044,0.008431703204047292,0.013675213675213627,-0.025000000000000022,0.004024490687735804,0.0,29600.0
2021-08-05,29600.0,29750.0,29350.0,29600.0,270690,0.0,0.0,29657.14285714286,29603.571428571428,29026.190476190477,0.01600678519217822,400.0,0.0,54.42399926363664,324.72855911372244,288.9593679455675,35.76919116815492,30907.834955249167,27312.165044750833,0.12352009311227531,0.6362750230685357,29700.0,29600.0,29555.0,29110.0,1.0,1.016832703538303,490.0,0.0,0.0,0.013513513513513514,0.0,0.01541392291047728,0.014633814805279977,442720.0,731633.65,-0.4030841424447772,0.36998024899483506,22.804259174093612,929.8919295661369,3702816.0,55.714285714285715,58.57142857142858,-0.010033444816053505,0.008431703204047292,0.013675213675213627,-0.0005339138706687377,-0.0016891891891891893,29550.0
2021-08-06,29700.0,29900.0,29400.0,29550.0,282045,-0.0016891891891891442,-0.0016906174779074388,29650.0,29657.14285714286,29130.95238095238,0.014025528494183025,500.0,150.0,53.92390214708462,307.2423168556852,292.6159577275911,14.626359128094123,30756.114549823316,27713.885450176684,0.10406119718305568,0.6035424978469204,29583.333333333332,29660.0,29545.0,29235.0,0.9962913014160486,1.0107747562852745,425.0,-0.0016891891891891442,0.0016891891891891442,0.01692047377326565,-0.005050505050505051,0.009220382269949928,0.014301829538217627,403273.6,724190.95,0.04194835420591825,0.389462199161699,22.843660934611915,899.1853631685557,3420771.0,42.857142857142854,51.42857142857142,0.0,-0.010033444816053505,0.008431703204047292,-0.003907544668414216,0.015228426395939087,30000.0
2021-08-09,29500.0,30100.0,29200.0,30000.0,533197,0.015228426395939021,0.015113637810048106,29650.0,29632.14285714286,29271.428571428572,0.014311682772924198,900.0,-500.0,57.69193160195797,325.9383684557324,299.28043987321934,26.65792858251308,30690.196119664346,28024.803880335654,0.09079084524665561,0.741052701557284,29716.666666666668,29730.0,29615.0,29357.5,1.0090817356205852,1.0218853785233757,372.5,0.015228426395939021,0.015228426395939021,0.03,0.01694915254237288,0.009721383700333396,0.014428531919257519,426563.4,738634.55,0.8904678331471929,0.7218684801570682,23.495598901571068,899.2435515136588,3953968.0,65.85365853658537,54.80836236933798,-0.0016891891891891442,0.0,-0.010033444816053505,0.004513079068916626,-0.023333333333333334,29300.0
2021-08-10,30100.0,30100.0,29100.0,29300.0,460287,-0.023333333333333317,-0.023609865639133736,29657.14285714286,29596.428571428572,29354.761904761905,0.01381402194185649,1000.0,800.0,50.74065069576814,281.03141892920394,295.6306356844163,-14.599216755212353,30637.57784617556,28182.42215382444,0.08348030235807968,0.4551963240691017,29616.666666666668,29610.0,29645.0,29410.0,0.9895305639986491,0.9962597755865352,200.0,-0.023333333333333317,0.023333333333333317,0.034129692832764506,-0.026578073089700997,0.014153149066270108,0.016194889020411305,399940.0,740489.75,-0.13674120447039273,0.6215980707362931,23.32494828203524,906.4404406912546,3493681.0,33.333333333333336,47.34804490902052,0.015228426395939021,-0.0016891891891891442,0.0,-0.0032646987088611468,-0.052901023890784986,27750.0
2021-08-11,28950.0,29100.0,27700.0,27750.0,1294857,-0.05290102389078499,-0.054351675830578115,29385.714285714286,29439.285714285714,29330.95238095238,0.02341096170474884,1400.0,1200.0,39.415679248693024,118.99855056592423,260.3042186607179,-141.30566809479365,30659.843248755536,28150.156751244464,0.0853489711787476,-0.15944491538736424,29016.666666666668,29240.0,29460.0,29405.0,0.9490424076607387,0.9437170549226322,-165.0,-0.05290102389078499,0.05290102389078499,0.05045045045045045,-0.04145077720207254,0.02641772837013435,0.022005982059739262,568215.2,793842.3,1.8131513599124025,1.6311262325023494,24.304901941510504,955.9804092133079,2198824.0,1.8181818181818181,33.66839122936684,-0.023333333333333317,0.015228426395939021,-0.0016891891891891442,-0.020335310276059764,0.0,27750.0
2021-08-12,27450.0,27950.0,27200.0,27750.0,459557,0.0,0.0,29078.571428571428,29303.571428571428,29326.190476190477,0.0225425324797397,750.0,-300.0,39.41567924869301,-9.306386762182228,206.38209757613788,-215.6884843383201,30784.781184261654,27930.218815738346,0.0972345182159008,-0.0631336059515053,28266.666666666668,28870.0,29235.0,29357.5,0.9612054035330794,0.9452439751341225,-487.5,0.0,0.0,0.02702702702702703,0.01092896174863388,0.02641772837013435,0.02105451348466016,605988.6,780512.0,-0.6450905389552668,0.5887891537862326,23.2690093802157,941.2675228409288,2198824.0,16.923076923076923,17.358197358197362,-0.05290102389078499,-0.023333333333333317,0.015228426395939021,-0.025411452408039437,-0.03063063063063063,26900.0
2021-08-13,27500.0,27600.0,26400.0,26900.0,724239,-0.03063063063063065,-0.031109553584650115,28692.85714285714,29132.14285714286,29240.47619047619,0.023817635856044,1200.0,600.0,34.51609397676978,-177.53041017580472,129.59959602574938,-307.1300062015541,31037.922371956396,27532.077628043604,0.1197146916138908,-0.18029253267449508,27466.666666666668,28340.0,29000.0,29285.0,0.9491884262526464,0.9185589892436401,-945.0,-0.03063063063063065,0.03063063063063065,0.04460966542750929,-0.02181818181818182,0.026616026174401283,0.021639825584427543,694427.4,787181.8,0.5759503173708593,0.920040326135589,23.69275829303187,970.4626997808625,1474585.0,12.5,10.413752913752917,0.0,-0.05290102389078499,-0.023333333333333317,-0.027843884840471882,0.0018587360594795538,26950.0
2021-08-17,26850.0,27250.0,26400.0,26950.0,464355,0.0018587360594795044,0.0018570107472126892,28314.285714285714,28985.714285714286,29173.809523809523,0.024004801407266643,850.0,-100.0,35.02772180982069,-303.318116153132,43.01605358997311,-346.3341697431051,31225.976411417025,27159.023588582975,0.13931498922100025,-0.05139562657560347,27200.0,27730.0,28730.0,29192.5,0.9718716191849982,0.9231823242271131,-1462.5,0.0018587360594795044,0.0018587360594795044,0.03153988868274583,0.0037243947858473,0.022800167885831883,0.020615516896117167,680659.0,777084.4,-0.3588373451305439,0.5975605738578718,23.250143201303086,961.8582212250866,1938940.0,13.75,14.391025641025644,-0.03063063063063065,0.0,-0.05290102389078499,-0.00959063152371705,0.0037105751391465678,27050.0
2021-08-18,26800.0,27150.0,26400.0,27050.0,299542,0.0037105751391466324,0.0037037079374844318,27957.14285714286,28803.571428571428,29090.47619047619,0.024524271628468996,750.0,-250.0,36.10298513746638,-390.4359129598379,-43.674339719989085,-346.7615732398488,31196.53446867858,26858.46553132142,0.1494468671899805,0.04415201128529462,26966.666666666668,27280.0,28445.0,29027.5,0.9915689149560117,0.9318749461717337,-1747.5,0.0037105751391466324,0.0037105751391466324,0.027726432532347505,0.009328358208955223,0.025191028828977457,0.020214306739412956,648510.0,611561.6,-0.35492887984408483,0.4897985746652504,22.815452204826727,946.7254911375804,2238482.0,16.455696202531644,14.235232067510552,0.0018587360594795044,-0.03063063063063065,0.0,-0.008353773144001505,-0.04436229205175601,25850.0
2021-08-19,26600.0,27050.0,25800.0,25850.0,574240,-0.044362292051756014,-0.0453764043380524,27364.285714285714,28507.14285714286,28876.190476190477,0.023765399935590695,1250.0,750.0,29.74201861848779,-549.9676806806456,-144.9330079121204,-405.0346727685252,31387.424691487817,26272.575308512183,0.1774141305229148,-0.08261735133759585,26616.666666666668,26900.0,28070.0,28830.0,0.9609665427509294,0.8966354491848768,-1930.0,-0.044362292051756014,0.044362292051756014,0.048355899419729204,-0.02819548872180451,0.022133369548194975,0.022987090432390278,504386.6,591041.55,0.9170600450020365,0.9715729799368589,23.420868586385374,968.3879560563248,1664242.0,1.098901098901099,10.434865767144252,0.0037105751391466324,0.0018587360594795044,-0.03063063063063065,-0.01293099361770996,-0.029013539651837523,25100.0
2021-08-20,26550.0,26600.0,25000.0,25100.0,458671,-0.029013539651837505,-0.029442754816699918,26764.285714285714,28210.714285714286,28652.380952380954,0.02396257272245985,1600.0,1450.0,26.588869107724747,-728.5185792575721,-261.65012218121075,-466.8684570763614,31580.452247847385,25594.547752152615,0.209388876106507,-0.08261871743999726,26000.0,26370.0,27620.0,28587.5,0.9518392112248768,0.8780061215566244,-2217.5,-0.029013539651837505,0.029013539651837505,0.06374501992031872,-0.054613935969868174,0.021373363650275763,0.022965233295150433,504209.4,556167.2,-0.20125557258289217,0.8246998384658427,23.166711581643842,1013.5031020523015,1205571.0,1.8691588785046729,6.474585393312477,-0.044362292051756014,0.0037105751391466324,0.0018587360594795044,-0.023221752188148963,0.017928286852589643,25550.0
2021-08-23,25300.0,25700.0,25050.0,25550.0,271065,0.017928286852589626,0.01776947051197522,26450.0,27917.85714285714,28442.85714285714,0.023280797071980816,650.0,-250.0,31.29534886588044,-824.209242481571,-374.16194624128286,-450.0472962402881,31620.64030449252,25144.35969550748,0.22817865265515871,0.06263476352919992,25500.0,26100.0,27220.0,28382.5,0.9789272030651341,0.900202589623888,-2282.5,0.017928286852589626,0.017928286852589626,0.025440313111545987,0.009881422924901186,0.025743336700147293,0.02507523064968298,413574.6,545487.25,-0.40902084500655156,0.49692270534279215,22.658506519276614,987.5385947628515,1476636.0,10.280373831775702,4.416144603060496,-0.029013539651837505,-0.044362292051756014,0.0037105751391466324,-0.018482514950334632,0.03718199608610567,26500.0
2021-08-24,25800.0,26500.0,25800.0,26500.0,347560,0.03718199608610573,0.036507416342463135,26271.428571428572,27675.0,28292.85714285714,0.029597087043519276,700.0,-700.0,40.03559362007337,-814.0043861188169,-462.1304342167897,-351.8739519020272,31554.88108028841,24930.11891971159,0.23456712970087004,0.2369716892827622,25716.666666666668,26010.0,26870.0,28242.5,1.0188389081122644,0.9383022041249889,-2232.5,0.03718199608610573,0.03718199608610573,0.026415094339622643,0.027131782945736434,0.03348552544773617,0.028640793853023268,390215.6,531320.55,0.28220168594248607,0.6541437179495504,22.94359260303603,984.857266565505,1824196.0,28.037383177570092,13.395638629283495,0.017928286852589626,-0.029013539651837505,-0.044362292051756014,0.008698914428952617,-0.009433962264150943,26250.0
2021-08-25,26950.0,26950.0,25950.0,26250.0,485483,-0.009433962264150941,-0.00947874395454377,26178.571428571428,27435.714285714286,28147.619047619046,0.02767664367990779,1000.0,700.0,38.64242737992706,-816.6757449671568,-533.0394963668632,-283.6362486002936,31511.94337462405,24698.05662537595,0.24244393343704324,0.22776183868851418,26100.0,25850.0,26565.0,28105.0,1.0154738878143132,0.933997509339975,-2255.0,-0.009433962264150941,0.009433962264150941,0.0380952380952381,-0.025974025974025976,0.033351423520524955,0.02836323278912344,427403.8,536564.8,0.39683220163425026,0.9047984511842744,23.26832081875071,985.9388903822547,1338713.0,24.50980392156863,20.942520310304815,0.03718199608610573,0.017928286852589626,-0.029013539651837505,0.015225440224848138,-0.013333333333333334,25900.0
2021-08-26,26350.0,26800.0,25800.0,25900.0,392683,-0.013333333333333308,-0.013423020332140661,26028.571428571428,27171.428571428572,28000.0,0.027786590104055917,1000.0,450.0,36.716117552488186,-837.3820717575363,-593.9080114449979,-243.47406031253843,31386.44061341252,24453.55938658748,0.2483123648576304,0.20863484691124984,26216.666666666668,25860.0,26380.0,27920.0,1.0015467904098994,0.9276504297994269,-2060.0,-0.013333333333333308,0.013333333333333308,0.03861003861003861,-0.017077798861480076,0.026505990657493875,0.024265007074828805,391092.4,493662.5,-0.19114984458776108,0.7954483072949636,23.042756197371723,986.9432553549509,946030.0,17.647058823529413,23.398081974222716,-0.009433962264150941,0.03718199608610573,0.017928286852589626,0.004804900162873826,0.005791505791505791,26050.0
2021-08-27,25600.0,26250.0,25400.0,26050.0,256993,0.005791505791505891,0.005774799493883958,25885.714285714286,26921.428571428572,27830.95238095238,0.027913860296159377,850.0,-450.0,38.1393765293642,-832.0963497641642,-641.5456791088311,-190.55067065533308,31139.71262219124,24305.28737780876,0.24652990330534694,0.2552830062228419,26066.666666666668,26050.0,26210.0,27722.5,1.0,0.939669943186942,-1672.5,0.005791505791505891,0.005791505791505891,0.03262955854126679,0.017578125,0.020696589998296315,0.024508183320300622,350756.8,475918.7,-0.34554589834548477,0.5399934904848244,22.624577173483214,977.1615942581686,1203023.0,20.58823529411765,20.91503267973857,-0.013333333333333308,-0.009433962264150941,0.03718199608610573,-0.0056585966019927865,0.0019193857965451055,26100.0
2021-08-30,26300.0,26500.0,25900.0,26100.0,233176,0.0019193857965451588,0.0019175461292718545,25921.428571428572,26642.85714285714,27645.238095238095,0.021638072576012506,600.0,200.0,38.634799798363254,-814.4839311110736,-676.1333295092796,-138.35060160179398,30976.142731819073,24153.857268180927,0.2474981122306601,0.2852625769167457,26016.666666666668,26160.0,26130.0,27565.0,0.9977064220183486,0.946852893161618,-1405.0,0.0019193857965451588,0.0019193857965451588,0.022988505747126436,-0.0076045627376425855,0.019928594223795257,0.022992578756192164,343179.0,463613.65,-0.09267567599117488,0.5029532672301602,22.52923940568539,950.2214803825852,1436199.0,21.568627450980394,19.93464052287582,0.005791505791505891,-0.013333333333333308,-0.009433962264150941,-0.0018741472484274195,0.01532567049808429,26500.0
2021-08-31,26000.0,26500.0,25850.0,26500.0,239725,0.015325670498084198,0.015209418663528708,26121.428571428572,26442.85714285714,27514.285714285714,0.017156470844310535,650.0,-500.0,42.59559167990932,-759.4943275382975,-692.8055291150832,-66.68879842321428,30702.19669556842,24112.80330443158,0.2404230006799904,0.3622786732962936,26216.666666666668,26160.0,26085.0,27407.5,1.0129969418960245,0.9668886253762656,-1247.5,0.015325670498084198,0.015325670498084198,0.024528301886792454,0.019230769230769232,0.011606729494949149,0.023678312031187684,321612.0,454762.5,0.0280860809002641,0.5271432890794645,22.57214772415361,928.7770889266864,1675924.0,36.58536585365854,26.247409532918862,0.0019193857965451588,0.005791505791505891,-0.013333333333333308,0.00767885402871175,-0.0037735849056603774,26400.0
2021-09-01,26550.0,26650.0,26250.0,26400.0,247543,-0.0037735849056603765,-0.0037807228399060443,26242.85714285714,26346.428571428572,27359.52380952381,0.01699242906788845,400.0,150.0,41.868034496351626,-715.7333067614709,-697.3910846443607,-18.34222211711017,30336.02516037048,24128.97483962952,0.22792803895128821,0.36587832271663917,26333.333333333332,26190.0,26020.0,27232.5,1.0080183276059564,0.9694299091159461,-1042.5,-0.0037735849056603765,0.0037735849056603765,0.015151515151515152,-0.005649717514124294,0.010689800547391978,0.02361602363773488,274024.0,437469.45,0.03261236833872139,0.565852084071242,22.600458872561457,891.0072968604945,1428381.0,47.45762711864407,35.203873474427674,0.015325670498084198,0.0019193857965451588,0.005791505791505891,0.00449049046298966,-0.015151515151515152,26000.0
2021-09-02,26350.0,26400.0,25950.0,26000.0,303810,-0.015151515151515138,-0.01526747213078842,26171.428571428572,26221.428571428572,27173.809523809523,0.01105992729368721,450.0,350.0,38.998600897680014,-705.1999337111229,-698.9528544577131,-6.247079253409765,29991.077350029303,24113.922649970697,0.2172499658093931,0.320916743949329,26300.0,26210.0,26035.0,27052.5,0.9919877909194964,0.961094168745957,-842.5,-0.015151515151515138,0.015151515151515138,0.01730769230769231,-0.013282732447817837,0.011319554847790795,0.019214753028140533,256249.4,429985.9,0.22730192330221421,0.7065580522524111,22.790009602124655,859.5067756561735,1124571.0,38.46153846153846,40.83484381128036,-0.0037735849056603765,0.015325670498084198,0.0019193857965451588,-0.0011998098530304386,0.015384615384615385,26400.0
2021-09-03,26050.0,26450.0,25900.0,26400.0,366458,0.01538461538461533,0.01526747213078838,26192.85714285714,26185.714285714286,27021.428571428572,0.012412199997168792,550.0,-350.0,43.191474822658094,-657.0019926179848,-690.5626820897675,33.560689471782666,29585.233887608218,24199.766112391782,0.20025909734001804,0.40855019089215383,26266.666666666668,26280.0,26165.0,26892.5,1.004566210045662,0.9816863437761457,-612.5,0.01538461538461533,0.01538461538461533,0.020833333333333332,0.013435700575815739,0.013052699973016153,0.016514536906328134,278142.4,434774.3,0.20620782726045883,0.8428695072362833,22.992758485435477,837.3991488235898,1491029.0,62.22222222222222,49.38046260080159,-0.015151515151515138,-0.0037735849056603765,0.015325670498084198,-0.0011801615575200615,0.015151515151515152,26800.0
2021-09-06,26500.0,27200.0,26400.0,26800.0,602618,0.015151515151515138,0.015037877364540502,26321.428571428572,26175.0,26888.095238095237,0.01160663956550607,800.0,-300.0,47.10670511932602,-579.8440388542112,-668.4189534426562,88.57491458844493,29139.5776410752,24370.4223589248,0.17825286048029904,0.5094356332175684,26400.0,26420.0,26290.0,26755.0,1.0143830431491294,1.0016819286114744,-335.0,0.015151515151515138,0.015151515151515138,0.029850746268656716,0.011320754716981131,0.014140563643791904,0.01629837179491792,352030.8,450802.95,0.6444394719176549,1.336765875201127,23.505195942353993,834.7277810504762,2093647.0,81.81818181818181,60.83398083398083,0.01538461538461533,-0.015151515151515138,-0.0037735849056603765,0.00512820512820511,-0.013059701492537313,26450.0
2021-09-07,26850.0,26900.0,26350.0,26450.0,204478,-0.013059701492537323,-0.013145729212502616,26378.571428571428,26132.14285714286,26740.47619047619,0.013424256525352169,550.0,400.0,44.233989442386815,-540.7049692232868,-642.8761565987824,102.1711873754956,28409.517869368145,24745.482130631855,0.13786231732617021,0.4652023044829868,26550.0,26410.0,26285.0,26577.5,1.0015145778114352,0.9952027090584141,-167.5,-0.013059701492537323,0.013059701492537323,0.020793950850661626,-0.0148975791433892,0.01483407588863405,0.012558127244851211,344981.4,434367.0,-0.6606838826586661,0.4707493893412713,22.411227106687146,814.3900824040137,1889169.0,65.9090909090909,69.983164983165,0.015151515151515138,0.01538461538461533,-0.015151515151515138,0.005825476347864382,-0.011342155009451797,26150.0
2021-09-08,26250.0,26500.0,25950.0,26150.0,256961,-0.011342155009451793,-0.011406967793376478,26385.714285714286,26153.571428571428,26557.14285714286,0.01437796510651349,550.0,100.0,41.87666223494014,-527.8101999201608,-619.8629652630581,92.05276534289726,27735.25462813939,25104.74537186061,0.09956507404537408,0.3973582779244989,26466.666666666668,26360.0,26275.0,26420.0,0.9920333839150227,0.9897804693414081,-60.0,-0.011342155009451793,0.011342155009451793,0.021032504780114723,-0.0038095238095238095,0.015642581062316478,0.01272874982580294,346865.0,424200.7,0.25666819902385596,0.6057533615573949,22.62828407103114,795.5050765180127,1632208.0,52.27272727272727,66.66666666666667,-0.013059701492537323,0.015151515151515138,0.01538461538461533,-0.0030834471168246593,-0.0057361376673040155,26000.0
2021-09-09,26100.0,26250.0,25700.0,26000.0,269924,-0.005736137667303964,-0.005752652489449811,26314.285714285714,26217.85714285714,26400.0,0.012850497801962017,550.0,100.0,40.70849899450275,-523.6583413502485,-600.6220404804961,76.96369913024762,27499.716662339124,25165.283337660876,0.08865217220842107,0.3575671463883733,26200.0,26360.0,26285.0,26332.5,0.9863429438543247,0.9873730181334852,27.5,-0.005736137667303964,0.005736137667303964,0.021153846153846155,-0.0038314176245210726,0.014127337488683868,0.012074927304278844,340087.8,372954.05,0.05044734414950125,0.7237459949824918,22.67174753402179,777.9689996238691,1362284.0,44.18604651162791,54.12262156448204,-0.011342155009451793,-0.013059701492537323,0.015151515151515138,-0.010045998056431027,-0.0057692307692307696,25850.0
2021-09-10,26000.0,26100.0,25550.0,25850.0,203917,-0.005769230769230749,-0.0057859370670438875,26235.714285714286,26239.285714285714,26309.52380952381,0.012900306796367602,550.0,150.0,39.52123667177234,-526.4036562444671,-585.7783636332904,59.37470738882325,27212.381909177766,25262.618090822234,0.07431210360573728,0.30125797988864883,26000.0,26250.0,26265.0,26237.5,0.9847619047619047,0.9852310624106717,12.5,-0.005769230769230749,0.005769230769230749,0.02127659574468085,-0.0057692307692307696,0.011278254474580725,0.012060215134414257,307579.6,360172.05,-0.24453920362768777,0.5661655311676739,22.385534207416434,761.6854996507357,1158367.0,25.0,40.4862579281184,-0.005736137667303964,-0.011342155009451793,-0.013059701492537323,-0.0076158411486621684,-0.015473887814313346,25450.0
2021-09-13,25750.0,25800.0,25200.0,25450.0,318449,-0.015473887814313358,-0.0155948579579064,26157.14285714286,26164.285714285714,26200.0,0.012952649405108575,600.0,300.0,36.466919781124105,-554.4644738254756,-579.5155856717274,25.051111846251843,27148.067165880115,25181.932834119885,0.0751436778811477,0.13634224353334043,25766.666666666668,25980.0,26200.0,26165.0,0.9795996920708238,0.9726734186890885,-185.0,-0.015473887814313358,0.015473887814313358,0.023575638506876228,-0.011650485436893204,0.004382494634495157,0.012866904973116095,250745.8,339882.55,0.5616598910340973,0.9369383629727387,22.815688637686243,753.7079639613975,839918.0,12.5,27.22868217054264,-0.005769230769230749,-0.005736137667303964,-0.011342155009451793,-0.008993085416949357,0.03929273084479371,26450.0
2021-09-14,25550.0,26550.0,25350.0,26450.0,376360,0.03929273084479368,0.038540415307776604,26164.285714285714,26178.571428571428,26178.571428571428,0.019679467688297855,1200.0,-900.0,47.409412838950466,-490.358681630245,-561.684204863431,71.325523233186,27062.582188608052,25217.417811391948,0.07058777265555104,0.6680067119373468,25916.666666666668,25980.0,26195.0,26140.0,1.0180908391070054,1.01185921958684,-160.0,0.03929273084479368,0.03929273084479368,0.045368620037807186,0.03522504892367906,0.02223737275539561,0.01782254456698077,285122.2,335482.8,0.1818532951901246,1.1218458889695686,23.021312848507602,785.5859665355833,1216278.0,62.5,33.333333333333336,-0.015473887814313358,-0.005769230769230749,-0.005736137667303964,0.006016537420416523,0.07183364839319471,28350.0
2021-09-15,26400.0,28600.0,26250.0,28350.0,1714549,0.07183364839319473,0.0693708718694527,26385.714285714286,26353.571428571428,26245.238095238095,0.03280947712704154,2350.0,-1950.0,61.11357924913807,-282.9782611738119,-505.9430161255072,222.96475495169528,27503.94694190899,24906.05305809101,0.09913733576866941,1.3256688286465386,26750.0,26420.0,26390.0,26205.0,1.0730507191521574,1.081854607899256,215.0,0.07183364839319473,0.07183364839319473,0.08289241622574955,0.07386363636363637,0.03739476093122136,0.028752186049213372,576639.8,406233.15,3.555608991391221,4.22060336533343,24.607042939414054,897.329826068756,2930827.0,92.6470588235294,55.88235294117647,0.03929273084479368,-0.015473887814313358,-0.005769230769230749,0.031884163807891684,0.03880070546737213,29450.0
2021-09-16,28450.0,29800.0,28000.0,29450.0,2324131,0.03880070546737224,0.03806687992383474,26814.285714285714,26596.428571428572,26359.52380952381,0.033009281293420595,1800.0,-1000.0,66.5484004488575,-29.526612540721544,-410.6597354085501,381.13312286782855,28319.207303971532,24450.792696028468,0.14661415986140097,1.2923142451449223,28083.333333333332,27110.0,26735.0,26385.0,1.0863150129103651,1.116164487398143,725.0,0.03880070546737224,0.03880070546737224,0.06112054329371817,0.0351493848857645,0.03595239590025512,0.029086749853849587,987481.2,493727.7,0.35553489576559194,4.707313363216202,24.949305952790112,961.8062670638449,5254958.0,92.3913043478261,82.51278772378517,0.07183364839319473,0.03929273084479368,-0.015473887814313358,0.04997569490178688,0.050933786078098474,30950.0
2021-09-17,29800.0,32000.0,29600.0,30950.0,4837549,0.05093378607809851,0.04967908903300943,27500.0,26942.85714285714,26602.380952380954,0.03283130714527588,2400.0,-1150.0,72.24495741963014,289.0412217164376,-270.71954398355257,559.7607656999901,29401.55947071645,23953.44052928355,0.2042214953212594,1.2842156248659833,29583.333333333332,28130.0,27190.0,26677.5,1.10024884464984,1.160153687564427,1452.5,0.05093378607809851,0.05093378607809851,0.07754442649434572,0.03859060402684564,0.03228587756645032,0.031495658668374386,1914207.6,712671.6,1.0814442043069001,6.7879076421734785,25.732047023587263,1075.2486765592846,10092507.0,84.55882352941177,89.86572890025576,0.03880070546737224,0.07183364839319473,0.03929273084479368,0.053856046646221824,0.0,30950.0
2021-09-23,30950.0,31800.0,30700.0,30950.0,1502793,0.0,0.0,28207.14285714286,27260.714285714286,26880.95238095238,0.032022282685633646,1100.0,0.0,72.24495741963014,535.3374881946511,-109.50813754791186,644.8456257425629,30216.891541652905,23678.108458347095,0.24264896867263422,1.1121169564744848,30450.0,29230.0,27605.0,26947.5,1.0588436537803627,1.1485295481955655,2282.5,0.0,0.0,0.035541195476575124,0.0,0.02614727120253613,0.03192725416748021,2151076.4,774258.0,-0.6893482629323238,1.9409460412420665,24.56296421283356,1077.0166282336215,10092507.0,84.55882352941177,87.16965046888322,0.05093378607809851,0.03880070546737224,0.07183364839319473,0.029911497181823583,0.0016155088852988692,31000.0
2021-09-24,31200.0,31400.0,30350.0,31000.0,1397870,0.001615508885298933,0.001614205354541201,28942.85714285714,27589.285714285714,27140.47619047619,0.030944540820669726,1050.0,200.0,72.42648216860471,726.1925404132562,57.63199804432175,668.5605423689344,30899.566717378355,23445.433282621645,0.2743263753705662,1.0134735021180798,30966.666666666668,30140.0,28060.0,27172.5,1.028533510285335,1.1408593246848837,2967.5,0.001615508885298933,0.001615508885298933,0.03387096774193549,-0.00641025641025641,0.03137135465177702,0.0308147413040674,2355378.4,826773.5,-0.06981866431371453,1.6907532716034077,24.492202690956724,1075.0868690740772,11490377.0,85.29411764705883,84.80392156862746,0.0,0.05093378607809851,0.03880070546737224,0.017516431654465814,0.04838709677419355,32500.0
2021-09-27,31100.0,32800.0,31100.0,32500.0,2327200,0.048387096774193505,0.04725288485054551,29950.0,28053.571428571428,27426.190476190477,0.025522816365226943,1700.0,-1400.0,77.23642901454211,987.1052731724085,243.52665306993913,743.5786201024694,31875.43218110041,23094.56781889959,0.31947841958161965,1.0711282845443078,31483.333333333332,30970.0,28695.0,27485.0,1.0494026477236036,1.182463161724577,3485.0,0.048387096774193505,0.048387096774193505,0.052307692307692305,0.04501607717041801,0.02519114450136719,0.030624739724828997,2477908.6,918859.35,0.6648186168957055,2.5327053590954915,25.04917175449418,1126.8663784259288,13817577.0,96.05263157894737,88.63519091847265,0.001615508885298933,0.0,0.05093378607809851,0.016667535219830814,-0.018461538461538463,31900.0
2021-09-28,32000.0,32550.0,31200.0,31900.0,1127007,-0.018461538461538418,-0.018634079544892868,30728.571428571428,28446.428571428572,27695.238095238095,0.03239806019261469,1350.0,100.0,71.83823570456062,1132.411770084309,421.3036764728131,711.1080936114959,32525.430804317926,23044.569195682074,0.34122230011286137,0.9340322820714693,31800.0,31460.0,29285.0,27785.0,1.013986013986014,1.148101493611661,3675.0,-0.018461538461538418,0.018461538461538418,0.04231974921630094,-0.003125,0.03129927988480218,0.0321496621376799,2238483.8,955575.55,-0.5157240460639395,1.1794012519470596,24.3054372929835,1142.804494252648,12690570.0,88.15789473684211,89.83488132094944,0.048387096774193505,0.001615508885298933,0.0,0.010513689065984674,-0.014106583072100314,31450.0
2021-09-29,30800.0,31600.0,30500.0,31450.0,1267053,-0.014106583072100332,-0.014207026644349374,31171.428571428572,28778.571428571428,27959.52380952381,0.029334946493056614,1100.0,-650.0,67.99958617256904,1197.4534782621922,576.5336368306889,620.9198414315033,32990.46776965093,23119.53223034907,0.35184229332745903,0.8439390305490858,31950.0,31560.0,29845.0,28055.0,0.9965145754119138,1.1210122972732133,3505.0,-0.014106583072100332,0.014106583072100332,0.034976152623211444,0.021103896103896104,0.026565733775785517,0.03302064773558362,1524384.6,1006078.55,0.12426364698710834,1.2593976881824982,24.408358551679143,1161.1756018060303,11423517.0,82.23684210526316,88.81578947368422,-0.018461538461538418,0.048387096774193505,0.001615508885298933,0.005272991746851585,0.0,31450.0
2021-09-30,31800.0,31850.0,30700.0,31450.0,830725,0.0,0.0,31457.14285714286,29135.714285714286,28216.666666666668,0.027796236372069322,1150.0,350.0,67.99958617256904,1234.765888050988,708.1800870747488,526.5858009762392,33389.989256862915,23255.010743137085,0.35784194593435714,0.8085847686568273,31600.0,31660.0,30445.0,28322.5,0.9933670246367656,1.1104245741018626,3337.5,0.0,0.0,0.03656597774244833,-0.0110062893081761,0.026565733775785517,0.031485792107563,1389971.0,1035956.0,-0.34436444252923915,0.801892165304318,23.986208354641693,1160.377344534171,11423517.0,82.23684210526316,84.21052631578948,-0.014106583072100332,-0.018461538461538418,0.048387096774193505,-0.010856040511212917,0.030206677265500796,32400.0
2021-10-01,31250.0,40850.0,30800.0,32400.0,17563170,0.030206677265500748,0.029759439651834124,31664.285714285714,29582.14285714286,28516.666666666668,0.023701833314463974,10050.0,-1150.0,71.70180434582679,1325.7113271954804,831.6863350988951,494.02499209658527,33919.76118596684,23315.238814033157,0.3705607538021729,0.8566874459156129,31766.666666666668,31940.0,31040.0,28617.5,1.0144020037570445,1.1321743688302612,3322.5,0.030206677265500748,0.030206677265500748,0.3101851851851852,0.0368,0.029025447611848207,0.03105399172256387,4623031.0,1902128.25,20.141978392368113,9.233431026535671,27.067228355578937,1795.3503913531586,28986687.0,46.00638977635783,70.16002466229473,0.0,-0.014106583072100332,-0.018461538461538418,0.005366698064466806,-0.004629629629629629,32250.0
2021-10-05,31000.0,33600.0,29350.0,32250.0,4200952,-0.00462962962962965,-0.004640379556502225,31850.0,30028.571428571428,28790.47619047619,0.023978538085484676,4250.0,-1250.0,70.31846686465252,1369.8912430244054,939.3273166839972,430.5639263404082,34341.06076679607,23478.939233203928,0.37572194858499286,0.807490575360507,32033.333333333332,31890.0,31430.0,28910.0,1.011288805268109,1.1155309581459703,2980.0,-0.00462962962962965,0.00462962962962965,0.13178294573643412,0.04032258064516129,0.019130642222739032,0.026151729392757315,4997781.4,2099798.7,-0.7608090111295398,2.000645109457397,25.632095046466556,1970.6825062565044,24785735.0,45.04792332268371,57.76371840143489,0.030206677265500748,0.0,-0.014106583072100332,0.008525682545290366,-0.05891472868217054,30350.0
2021-10-06,32450.0,32650.0,29850.0,30350.0,2484641,-0.058914728682170514,-0.0607215257362742,31757.14285714286,30350.0,28978.571428571428,0.03490944331513763,2800.0,2100.0,55.66802032655205,1237.3268894086177,998.9272312289213,238.39965817969642,34414.37301869351,23840.626981306486,0.36301591408074935,0.6156165464611539,31666.666666666668,31580.0,31520.0,29127.5,0.961051298290057,1.0419706462964553,2452.5,-0.058914728682170514,0.058914728682170514,0.09225700164744646,-0.06471494607087827,0.032224315834654266,0.03293107872803825,5269308.2,2208840.25,-0.40855287087307834,1.124862243885677,25.046190536776635,2029.9194700953256,22301094.0,32.9073482428115,41.32055378061768,-0.00462962962962965,0.030206677265500748,0.0,-0.011112560348766473,0.042833607907743,31650.0
2021-10-07,30500.0,32650.0,30350.0,31650.0,1281539,0.04283360790774293,0.04194163108467786,31635.714285714286,30792.85714285714,29247.619047619046,0.033670199187206484,2300.0,-1150.0,61.56798084602298,1223.0690409699346,1043.755593177124,179.31344779281062,34627.77775296677,24152.222247033227,0.35643264736078756,0.7157403489218204,31416.666666666668,31620.0,31590.0,29390.0,1.0009487666034156,1.0768969037087446,2230.0,0.04283360790774293,0.04283360790774293,0.07266982622432859,0.03770491803278689,0.03943826035281636,0.03171182820328821,5272205.4,2254594.3,-0.4842156271268163,0.5684122416170395,24.42606568500639,2049.210936517088,23582633.0,40.645161290322584,39.533477618605936,-0.058914728682170514,-0.00462962962962965,0.030206677265500748,-0.006903583468019077,0.061611374407582936,33600.0
2021-10-08,31850.0,34950.0,31350.0,33600.0,2949845,0.06161137440758302,0.05978791837897343,31878.571428571428,31303.571428571428,29590.47619047619,0.040300325394518395,3600.0,-1750.0,68.36831494947727,1353.5158088203098,1105.7076363057613,247.80817251454846,35139.87401351503,24320.125986484967,0.3639336706030966,0.857679309197581,31866.666666666668,32050.0,31855.0,29730.0,1.0483619344773791,1.1301715438950555,2320.0,0.06161137440758302,0.06161137440758302,0.10714285714285714,0.054945054945054944,0.04749803112144818,0.03672008505171755,5696029.4,2371955.65,1.3017988527855962,1.2436341294998496,25.31954453052411,2159.981583908725,26532478.0,50.342465753424655,41.29832509551958,0.04283360790774293,-0.058914728682170514,-0.00462962962962965,0.015176751211051812,-0.022321428571428572,32850.0
2021-10-12,33900.0,34450.0,32500.0,32850.0,1123621,-0.022321428571428603,-0.022574322038539065,32078.571428571428,31625.0,29878.571428571428,0.04116345283608794,1950.0,1050.0,63.699722894434814,1380.4639510527122,1160.6588992551515,219.80505179756074,35399.7663500381,24700.2336499619,0.3560576605682596,0.7616936719096206,32700.0,32140.0,32040.0,30050.0,1.022090852520224,1.0931780366056572,2090.0,-0.022321428571428603,0.022321428571428603,0.0593607305936073,-0.030973451327433628,0.0488678499165748,0.03800219914504856,2408119.6,2417912.8,-0.619091511587897,0.464706998531957,24.33177408790266,2144.9828993438164,25408857.0,37.7431906614786,42.91027256840861,0.06161137440758302,0.04283360790774293,-0.058914728682170514,0.02737451791463245,0.0441400304414003,34300.0
2021-10-13,32450.0,34800.0,32400.0,34300.0,1622071,0.04414003044140036,0.043193609241274765,32485.714285714286,31971.428571428572,30252.380952380954,0.04325940002508984,2400.0,-1850.0,68.21828086177075,1501.5149006529973,1228.8300995347206,272.6848011182767,35798.03762324198,25116.962376758016,0.35068785180937256,0.8597484252594223,33583.333333333336,32550.0,32220.0,30457.5,1.053763440860215,1.1261594024460313,2092.5,0.04414003044140036,0.04414003044140036,0.06997084548104957,0.05701078582434515,0.051577707083100145,0.03750201160464018,1892343.4,2486168.3,0.44361043447924176,0.6524381314008388,24.742114918991092,2163.1984065335437,27030928.0,43.04347826086956,43.709711558590946,-0.022321428571428603,0.06161137440758302,0.04283360790774293,0.02780999209251826,0.011661807580174927,34700.0
2021-10-14,34600.0,34800.0,34000.0,34700.0,999685,0.011661807580174877,0.011594332780919227,32814.28571428572,32239.285714285714,30659.52380952381,0.042583518001196835,800.0,-100.0,69.3516558039478,1611.152939221276,1305.2946674720317,305.8582717492443,36120.388272474236,25664.611727525764,0.33845679517515487,0.8641527708278662,33950.0,33420.0,32500.0,30892.5,1.0383004189108318,1.1232499797685522,2527.5,0.011661807580174877,0.011661807580174877,0.023054755043227664,0.002890173410404624,0.033198580168916775,0.0365124026982989,1595352.2,2522656.35,-0.38369837078648217,0.39628267242979803,24.269690474305133,2065.827091781148,28030613.0,46.52173913043478,42.43613601759432,0.04414003044140036,-0.022321428571428603,0.06161137440758302,0.01116013648338221,-0.01585014409221902,34150.0
2021-10-15,34700.0,35100.0,34050.0,34150.0,725882,-0.015850144092218965,-0.01597710093601438,33085.71428571428,32467.85714285714,31047.619047619046,0.04343126665142938,1050.0,550.0,65.87315531058385,1634.8163262565795,1371.1989992289414,263.6173270276381,36153.79809887484,26461.20190112516,0.3095934264233707,0.7932650800680153,34383.333333333336,33920.0,32770.0,31307.5,1.0067806603773586,1.090792940988581,2612.5,-0.015850144092218965,0.015850144092218965,0.03074670571010249,-0.01585014409221902,0.036653537504803844,0.03663920064014621,1484220.8,2548754.6,-0.2738892751216633,0.28479870129513446,23.933660611200796,1993.2680137967802,27304731.0,41.73913043478261,43.76811594202899,0.011661807580174877,0.04414003044140036,-0.022321428571428603,0.013317231309785424,0.0,34150.0
2021-10-18,34400.0,34750.0,33850.0,34150.0,731391,0.0,0.0,33628.57142857143,32692.85714285714,31442.85714285714,0.03191311318293281,900.0,250.0,65.87315531058385,1634.7256314693514,1423.9043256770235,210.82130579232785,35885.88724894703,27599.112751052973,0.2610624398800995,0.7905231704581588,34333.333333333336,34030.0,33040.0,31742.5,1.0035263003232442,1.075844687721509,2287.5,0.0,0.0,0.02635431918008785,-0.007267441860465116,0.026323221845454613,0.03663920064014621,1040530.0,2569401.7,0.007589387806833603,0.28465420568531574,23.94122134449251,1915.1774413827245,27304731.0,41.73913043478261,43.333333333333336,-0.015850144092218965,0.011661807580174877,0.04414003044140036,-0.0013961121706813628,-0.01171303074670571,33750.0
2021-10-19,34250.0,34450.0,33400.0,33750.0,771412,-0.01171303074670571,-0.01178216869826024,33928.57142857143,32782.142857142855,31838.095238095237,0.03132841518041936,1050.0,500.0,63.19944017450698,1584.1163904654604,1455.946738634711,128.16965183074944,35507.23296164953,28707.76703835047,0.21177188891377602,0.7415630901791572,34016.666666666664,34210.0,33175.0,32107.5,0.9865536392867582,1.051156271899089,2102.5,-0.01171303074670571,0.01171303074670571,0.03111111111111111,-0.014598540145985401,0.024048273226749108,0.03632396719393016,970088.2,2589154.3,0.054719021699747517,0.29793975585000865,23.982713577106065,1853.37905271253,26533319.0,38.26086956521739,40.57971014492754,0.0,-0.015850144092218965,0.011661807580174877,-0.009187724946308226,0.02962962962962963,34750.0
2021-10-20,34400.0,35700.0,34400.0,34750.0,2070920,0.029629629629629672,0.02919915469226235,34092.857142857145,32985.71428571428,32233.333333333332,0.02447652030807326,1300.0,-350.0,66.8247532833928,1606.1847470525463,1485.9943403182783,120.19040673426798,35529.871758238485,29325.12824176151,0.19134202502434583,0.8743103955598647,34216.666666666664,34300.0,33425.0,32427.5,1.0131195335276968,1.0716213090740883,1872.5,0.029629629629629672,0.029629629629629672,0.03741007194244604,0.010174418604651164,0.018470529415116153,0.03695823183012653,1059858.0,2606972.85,1.6845835947587022,0.7943772793797986,24.999438361956653,1860.2805489473492,28604239.0,46.95652173913044,42.31884057971015,-0.01171303074670571,0.0,-0.015850144092218965,0.005972199627641321,-0.0460431654676259,33150.0
2021-10-21,34600.0,34650.0,32850.0,33150.0,1153510,-0.04604316546762588,-0.0471368553789296,34135.71428571428,33107.142857142855,32461.904761904763,0.030157561012029578,1800.0,1450.0,57.12764808970537,1477.5353427028022,1484.3025407951832,-6.767198092381022,35391.72272359888,29833.277276401117,0.1704391091513305,0.5966996987028046,33883.333333333336,33990.0,33705.0,32612.5,0.9752868490732568,1.016481410502108,1377.5,-0.04604316546762588,0.04604316546762588,0.05429864253393665,-0.04190751445086705,0.027383936801039302,0.03450755209953248,1090623.0,2548441.8,-0.44299634944855426,0.4526334484075721,24.367118021465973,1863.1176525939673,27450729.0,33.04347826086956,39.42028985507247,0.029629629629629672,-0.01171303074670571,0.0,-0.00937552219490064,0.010558069381598794,33500.0
2021-10-22,33100.0,34150.0,32850.0,33500.0,699870,0.010558069381598756,0.0105027221991492,34021.42857142857,33253.57142857143,32654.761904761905,0.024609387118521488,1300.0,-400.0,58.54480030315557,1387.8238681529656,1465.0068062667399,-77.1829381137743,35430.64656678806,30049.353433211934,0.16436448178302163,0.6412299945635828,33800.0,33860.0,33890.0,32740.0,0.9893679858239811,1.0232131948686622,1120.0,0.010558069381598756,0.010558069381598756,0.03880597014925373,0.012084592145015106,0.028217129273780846,0.03248242780722707,1085420.6,2341557.85,-0.39326923910499256,0.29889075770645596,23.877950600348605,1822.8949631229698,28150599.0,36.08695652173913,38.695652173913054,-0.04604316546762588,0.029629629629629672,-0.01171303074670571,-0.0019518221521324837,-0.025373134328358207,32650.0
2021-10-25,33250.0,33800.0,31900.0,32650.0,719316,-0.025373134328358193,-0.025700583108580668,33728.57142857143,33271.42857142857,32735.714285714286,0.024865129873644073,1900.0,600.0,53.88623096877948,1233.9151759198758,1418.788480197367,-184.87330427749134,35381.621948875836,30268.378051124168,0.15577285293988327,0.46577515105881206,33100.0,33560.0,33795.0,32825.0,0.9728843861740167,0.9946686976389947,735.0,-0.025373134328358193,0.025373134328358193,0.05819295558958652,-0.01804511278195489,0.029671346272693282,0.027203142508651936,1083005.6,2302384.0,0.02778516010116161,0.31242225449794647,23.879656174203397,1828.4024657570435,27431283.0,51.968503937007874,40.36631290653886,0.010558069381598756,-0.04604316546762588,0.029629629629629672,-0.020286076804795106,0.033690658499234305,33750.0
2021-10-26,32850.0,33950.0,32700.0,33750.0,700149,0.03369065849923425,0.03313556159609871,33671.42857142857,33378.57142857143,32869.04761904762,0.029046670778708327,1250.0,-900.0,58.489636296383175,1187.0190190316134,1372.4345879642165,-185.41556893260304,35398.8205648553,30526.179435144706,0.14782377337005967,0.6616166631271635,33300.0,33560.0,33885.0,32962.5,1.0056615017878427,1.023890784982935,597.5,0.03369065849923425,0.03369065849923425,0.037037037037037035,0.0273972602739726,0.034953558250390995,0.02841503134522994,1068753.0,2267497.95,-0.02664614717314784,0.30877602336972343,23.885784144860526,1790.6594324886833,28131432.0,66.66666666666667,51.5740423751379,-0.025373134328358193,0.010558069381598756,-0.04604316546762588,0.006291864517491604,0.016296296296296295,34300.0
2021-10-27,33900.0,35350.0,33550.0,34300.0,994157,0.016296296296296253,0.01616493685335536,33692.857142857145,33660.71428571428,33026.19047619047,0.029834674867375288,1800.0,-400.0,60.60712435008986,1180.6243773780516,1334.0725458469838,-153.44816846893218,35549.12403636338,30555.875963636627,0.1510702086900159,0.7498373767596037,33566.666666666664,33470.0,33885.0,33052.5,1.0247983268598746,1.0377429846456394,417.5,0.016296296296296253,0.016296296296296253,0.052478134110787174,0.011799410029498525,0.03260458049631684,0.025116152907359447,853400.4,2200845.8,0.41992204516467213,0.45171588123075235,24.252551054035763,1791.326615882349,29125589.0,73.83177570093459,64.15564876820305,0.03369065849923425,-0.025373134328358193,0.010558069381598756,0.00820460682239077,0.02478134110787172,35150.0
2021-10-28,34300.0,35650.0,34200.0,35150.0,1246636,0.02478134110787167,0.02447926408477963,33892.857142857145,33910.71428571428,33152.380952380954,0.030462580601394992,1450.0,-850.0,63.68984029628742,1229.9661894457422,1313.2512745667357,-83.28508512099347,35816.63915941267,30613.36084058733,0.15665447294371032,0.8718809337949914,34400.0,33870.0,33930.0,33215.0,1.0377915559492177,1.0582568116814692,655.0,0.02478134110787167,0.02478134110787167,0.041251778093883355,0.02478134110787172,0.022644731199976988,0.02609980557646976,872025.6,2206827.25,0.2539629052554073,0.5648996766738312,24.503339178751197,1766.9461433193242,30372225.0,87.35632183908046,75.95158806889391,0.016296296296296253,0.03369065849923425,-0.025373134328358193,0.024922765301134058,-0.004267425320056899,35000.0
2021-10-29,35300.0,35500.0,34550.0,35000.0,605768,-0.004267425320056861,-0.004276556767260194,33928.57142857143,34010.71428571428,33300.0,0.028758080545355905,950.0,300.0,62.756517918048644,1242.641783636147,1299.1293763806182,-56.48759274447116,35971.41756158929,30813.582438410707,0.15446088562337595,0.8116617653744154,34816.666666666664,34170.0,34015.0,33392.5,1.0242903131401815,1.048139552294677,777.5,-0.004267425320056861,0.004267425320056861,0.027142857142857142,-0.0084985835694051,0.023819366903848574,0.025489336039469103,853205.2,2173763.0,-0.514077886407901,0.27867251397691467,23.777355693985054,1708.592847367944,29766457.0,81.57894736842105,80.92234830281204,0.02478134110787167,0.016296296296296253,0.03369065849923425,0.012270070694703686,-0.027142857142857142,34050.0
2021-11-01,35200.0,35450.0,33300.0,34050.0,696538,-0.027142857142857135,-0.0275180288938923,34057.142857142855,34096.42857142857,33423.80952380953,0.023813001980030238,2150.0,1150.0,57.05402401847777,1162.6281690145406,1271.829134907403,-109.20096589286231,35946.605912225,31098.394087775003,0.14462560442836894,0.6088030018283782,34733.333333333336,34450.0,34005.0,33522.5,0.988388969521045,1.0157356999030502,927.5,-0.027142857142857135,0.027142857142857135,0.0631424375917768,-0.032670454545454544,0.024462761276234198,0.027202991640620112,848649.6,2167053.65,0.1498428441251436,0.3214216685406012,23.889462940840378,1740.1219296988052,29069919.0,56.578947368421055,75.17140552530753,-0.004267425320056861,0.02478134110787167,0.016296296296296253,-0.002209647118347443,0.0,34050.0
2021-11-02,34100.0,34550.0,33700.0,34050.0,407633,0.0,0.0,34135.71428571428,34078.57142857143,33547.619047619046,0.023652596125479947,850.0,50.0,57.05402401847777,1086.6901157467437,1234.8013310752713,-148.11121532852758,35980.06786606636,31229.932133933635,0.1413520527341981,0.5936815335590852,34366.666666666664,34510.0,34035.0,33605.0,0.986670530281078,1.0132420770718642,905.0,0.0,0.0,0.024963289280469897,-0.001466275659824047,0.020099366921057127,0.026891003805022615,790146.4,1309276.8,-0.4147727762160859,0.3113421088649856,23.35370785043037,1676.5417918631763,29069919.0,56.578947368421055,64.9122807017544,-0.027142857142857135,-0.004267425320056861,0.02478134110787167,-0.010470094154304666,-0.022026431718061675,33300.0
2021-11-03,34100.0,34500.0,32900.0,33300.0,624856,-0.022026431718061623,-0.022272635609123178,34228.57142857143,33978.57142857143,33590.47619047619,0.023002152451525103,1600.0,800.0,52.67183166309921,954.9814971950836,1178.8373642992337,-223.8558671041501,35951.491006268785,31363.50899373121,0.13631380858761266,0.4220790319092232,33800.0,34310.0,33890.0,33657.5,0.9705625182162635,0.9893782960707124,652.5,-0.022026431718061623,0.022026431718061623,0.04804804804804805,-0.02346041055718475,0.02055479319333557,0.025763583650124412,716286.2,1130472.0,0.5328886522926259,0.5527390328995322,23.758589178188974,1671.0745210158066,28445063.0,36.8421052631579,50.00000000000001,0.0,-0.027142857142857135,-0.004267425320056861,-0.016389762953639586,0.0015015015015015015,33350.0
2021-11-04,33800.0,33800.0,33000.0,33350.0,427036,0.0015015015015014122,0.001500375375234492,34171.42857142857,33921.42857142857,33642.857142857145,0.018770920607541063,800.0,450.0,52.931387010899556,844.8966080483951,1112.049213049066,-267.152605000671,35505.88158256617,32109.118417433827,0.10047365718057669,0.36531295302062233,33566.666666666664,33950.0,33910.0,33807.5,0.9823269513991163,0.9864674998151298,142.5,0.0015015015015014122,0.0015015015015014122,0.0239880059970015,-0.013313609467455622,0.013256230143943719,0.021097520488660135,552366.2,1027591.75,-0.31658494117044567,0.4155697046030196,23.379436649204422,1608.8549123718203,28872099.0,38.1578947368421,43.85964912280702,-0.022026431718061623,0.0,-0.027142857142857135,-0.00684164340552007,-0.0239880059970015,32550.0
2021-11-05,33600.0,34200.0,32400.0,32550.0,603955,-0.02398800599700146,-0.024280403707054435,33921.42857142857,33807.142857142855,33747.619047619046,0.018577999430747744,1800.0,1050.0,48.361411062837846,685.2016480839084,1026.6797000560346,-341.4780519721262,35345.45715029989,32359.542849700112,0.08820365705929475,0.06378520316595525,33066.666666666664,33460.0,33815.0,33852.5,0.9728033472803347,0.96152425965586,-392.5,-0.02398800599700146,0.02398800599700146,0.055299539170506916,-0.03125,0.013898442199322276,0.02212578942702648,552003.6,993712.55,0.41429528189660836,0.6077763634966671,23.701787618517766,1622.5081329166906,28268144.0,17.105263157894736,30.701754385964918,0.0015015015015014122,-0.022026431718061623,0.0,-0.014837645404520558,0.02304147465437788,33300.0
2021-11-08,33000.0,33550.0,32100.0,33300.0,695532,0.02304147465437789,0.022780028331819906,33657.142857142855,33775.0,33826.19047619047,0.018095629158898646,1450.0,-300.0,52.50173521455897,612.105008247534,943.7647616943345,-331.65975344680055,35347.07470483367,32327.92529516633,0.08922495484794507,0.3219697248904209,33066.666666666664,33310.0,33880.0,33837.5,0.999699789852897,0.9841152567417806,-527.5,0.02304147465437789,0.02304147465437789,0.04354354354354354,0.00909090909090909,0.019374902932998494,0.021897590670507467,551802.4,880996.9,0.15162884652002218,0.7894829141850556,23.865744975363615,1610.1861234226415,28963676.0,36.8421052631579,30.701754385964914,-0.02398800599700146,0.0015015015015014122,-0.022026431718061623,0.0001849900529592811,-0.052552552552552555,31550.0
2021-11-09,33300.0,34500.0,31050.0,31550.0,2082694,-0.052552552552552534,-0.05398380799917596,33164.28571428572,33546.42857142857,33728.57142857143,0.0249660897478517,3450.0,1750.0,43.69772945822247,408.25886583159445,836.6635825217866,-428.4047166901921,35549.39113489351,31995.608865106493,0.10522710103744212,-0.12539002991120196,32466.666666666668,32810.0,33660.0,33772.5,0.9615970740627857,0.934192020134725,-962.5,-0.052552552552552534,0.052552552552552534,0.10935023771790808,-0.052552552552552555,0.028546506063333935,0.024890816605508168,886814.6,928950.55,1.9943899058562367,2.241985862433689,24.90850167393175,1741.6014003210241,26880982.0,10.869565217391305,21.605644546147982,0.02304147465437789,-0.02398800599700146,0.0015015015015014122,-0.0178330279650587,-0.02694136291600634,30700.0
2021-11-10,31500.0,31500.0,30550.0,30700.0,627712,-0.02694136291600635,-0.027310934394070705,32685.714285714286,33371.42857142857,33626.19047619047,0.02494865808312015,950.0,800.0,40.173890054320005,176.091559199951,704.5491778574195,-528.4576186574685,35817.30631918707,31367.693680812932,0.13245851420329346,-0.15005658583730197,31850.0,32290.0,33300.0,33592.5,0.9507587488386497,0.9138944704919253,-1302.5,-0.02694136291600635,0.02694136291600635,0.030944625407166124,-0.025396825396825397,0.028939267833513516,0.024250467916515674,887385.8,879232.6,-0.6986057481319867,0.7139316717783213,23.681854675162846,1688.6298717266652,26253270.0,2.9411764705882355,16.884282317045816,-0.052552552552552534,0.02304147465437789,-0.02398800599700146,-0.018817480271393665,0.035830618892508145,31800.0
2021-11-11,30300.0,31800.0,30250.0,31800.0,567501,0.03583061889250816,0.0352036351929797,32364.285714285714,33250.0,33507.142857142855,0.031194460992303486,1550.0,-1500.0,46.218253621815876,79.93664307316067,579.6266709005678,-499.6900278274071,35745.20480445618,31149.79519554382,0.13739172162081958,0.14149006504124698,31350.0,31980.0,32965.0,33447.5,0.9943714821763602,0.9507437028178488,-1467.5,0.03583061889250816,0.03583061889250816,0.04874213836477988,0.04950495049504951,0.03701272653545902,0.02622137461237147,915478.8,857623.4,-0.09592137795677003,0.6617135213428178,23.61621935927436,1678.7277380319035,26820771.0,28.703703703703702,14.17148179722775,-0.02694136291600635,-0.052552552552552534,0.02304147465437789,-0.014554432192016908,0.09119496855345911,34700.0
2021-11-12,32450.0,36850.0,32350.0,34700.0,5853361,0.09119496855345921,0.08727339716668243,32564.285714285714,33396.42857142857,33507.142857142855,0.04723084491382571,4500.0,-2250.0,58.206562066159734,235.029667269293,510.70727017431284,-275.67760290501985,35820.7688673327,31129.2311326673,0.14015049244706196,0.7611084188769436,32400.0,32410.0,32935.0,33475.0,1.0706572045664917,1.0365944734876773,-1065.0,0.09119496855345921,0.09119496855345921,0.12968299711815562,0.06933744221879815,0.05617552648705962,0.0413901934489611,1965360.0,1113997.35,9.314274336080466,5.254376053946627,26.03702155008332,1919.5328996010535,32674132.0,67.42424242424242,33.02304086617812,0.03583061889250816,-0.02694136291600635,-0.052552552552552534,0.03336140817665367,0.09077809798270893,37850.0
2021-11-15,35150.0,38500.0,34800.0,37850.0,4381390,0.09077809798270886,0.08689129293064421,33207.142857142855,33689.28571428572,33683.333333333336,0.05610401429578384,3700.0,-2700.0,66.85027250683703,605.1449464284306,529.5948054251364,75.55014100329413,36708.31273433612,30611.687265663877,0.18112375129745223,1.1872654424206452,34783.333333333336,33320.0,33315.0,33660.0,1.1359543817527011,1.1244800950683305,-340.0,0.09077809798270886,0.09077809798270886,0.0977542932628798,0.07681365576102418,0.0661489000953937,0.048941302240037635,2702531.6,1296497.3,-0.2514744947390055,3.3794054179673183,25.83426284247706,2053.8519782009785,37055522.0,92.12121212121212,62.749719416386085,0.09119496855345921,0.03583061889250816,-0.02694136291600635,0.07260122847622541,-0.001321003963011889,37800.0
2021-11-16,37150.0,38500.0,37100.0,37800.0,1681820,-0.0013210039630119352,-0.0013218772579158245,33957.142857142855,33939.28571428572,33857.142857142855,0.05384020460262719,1400.0,-650.0,66.61476392397492,884.2364620496519,600.5231367500396,283.7133252996123,37429.87777793806,30295.12222206194,0.21069783849025098,1.0518759499415657,36783.333333333336,34570.0,33690.0,33862.5,1.0934336129592133,1.1162790697674418,707.5,-0.0013210039630119352,0.0013210039630119352,0.037037037037037035,0.017496635262449527,0.05334655193350958,0.04897811178312833,2622356.8,1342017.7,-0.6161446481596022,1.2532025471795194,24.875451479954087,2007.1482654723372,35373702.0,91.51515151515152,83.68686868686869,0.09077809798270886,0.09119496855345921,0.03583061889250816,0.06021735419105204,-0.026455026455026454,36800.0
2021-11-17,37850.0,39550.0,36150.0,36800.0,2932969,-0.02645502645502651,-0.026811257450656815,34457.142857142855,34057.142857142855,34002.380952380954,0.056803605615076316,3400.0,1050.0,61.91662844903752,1013.0490573420684,683.0283208684455,330.02073647362295,37750.860119194214,30179.139880805786,0.2229271378886627,0.8744195388554667,37483.333333333336,35790.0,34040.0,33965.0,1.0282201732327465,1.083468276166642,1825.0,-0.02645502645502651,0.02645502645502651,0.09239130434782608,-0.02774108322324967,0.05319899001739346,0.049334187216967564,3083408.2,1385120.15,0.74392562818851,2.117483454413684,25.404778902687134,2106.637675081456,32440733.0,70.43010752688173,84.68882372108179,-0.0013210039630119352,0.09077809798270886,0.09119496855345921,0.02100068918822347,0.05434782608695652,38800.0
2021-11-18,37950.0,39800.0,37000.0,38800.0,2961884,0.05434782608695654,0.05292240145434253,35492.857142857145,34328.57142857143,34195.23809523809,0.0492630307659417,2800.0,-850.0,66.93876778524495,1261.9700473023113,798.8166661552186,463.15338114709266,38580.90452033295,29914.09547966705,0.2530639912596804,1.0252798323626402,37800.0,37190.0,34585.0,34247.5,1.043291207313794,1.1329294109059056,2942.5,0.05434782608695654,0.05434782608695654,0.07216494845360824,0.022397891963109356,0.05365233715548081,0.05099323543863654,3562284.8,1475538.85,0.009858610847915505,2.0073236296014842,25.467511635935182,2170.449269718495,35402617.0,89.52879581151832,83.82468495118387,-0.02645502645502651,-0.0013210039630119352,0.09077809798270886,0.008857265222972699,0.007731958762886598,39100.0
2021-11-19,38500.0,39800.0,37800.0,39100.0,1315050,0.0077319587628865705,0.007702220362092303,36692.857142857145,34689.28571428572,34478.57142857143,0.044026769660204,2000.0,-600.0,67.62836258484114,1466.543813826116,932.3620956893981,534.181718136718,39353.25055520409,29701.749444795907,0.27953084093572317,0.9737605008477921,38233.333333333336,38070.0,35240.0,34527.5,1.0270554242185448,1.1324306712041126,3542.5,0.0077319587628865705,0.0077319587628865705,0.05115089514066496,0.015584415584415584,0.04697513165379251,0.04915568349706053,2654622.6,1506297.85,-0.5560089456575612,0.8730345064224847,24.663262991677747,2158.27432188146,36717667.0,92.67015706806282,84.2096868021543,0.05434782608695654,-0.02645502645502651,-0.0013210039630119352,0.011874919464938868,-0.011508951406649617,38650.0
2021-11-22,40000.0,40400.0,37650.0,38650.0,1854879,-0.011508951406649648,-0.01157569195788915,37671.42857142857,35017.857142857145,34723.80952380953,0.047337101347023534,2750.0,1350.0,65.42397571201371,1574.2122199194055,1060.7321205353996,513.4800993840058,39901.42456844953,29753.575431550467,0.29137460733325865,0.876680806783068,38850.0,38230.0,35775.0,34827.5,1.0109861365419828,1.1097552221663916,3402.5,-0.011508951406649648,0.011508951406649648,0.07115135834411385,-0.03375,0.0305925571683089,0.05008958298256463,2149320.4,1563076.0,0.41050074141667614,1.1866851004045869,24.995632076815166,2200.54044174707,34862788.0,82.75862068965517,88.31919118974544,0.0077319587628865705,0.05434782608695654,-0.02645502645502651,0.01685694448106449,-0.0038809831824062097,38500.0
2021-11-23,38200.0,39500.0,37550.0,38500.0,960440,-0.0038809831824062613,-0.0038885337396924805,38214.28571428572,35389.28571428572,35002.380952380954,0.04028479051431217,1950.0,-300.0,64.66730463801935,1628.6622563751807,1174.3181477033559,454.34410867182487,40366.151811287404,29763.848188712593,0.30236143227077744,0.8239861941593594,38750.0,38370.0,36470.0,35065.0,1.0033880635913475,1.0979609297019821,3305.0,-0.0038809831824062613,0.0038809831824062613,0.05064935064935065,0.007853403141361256,0.030736648261797787,0.04475718876399507,2005044.4,1576090.55,-0.48220881254248926,0.6093812313004477,24.333560312077633,2182.6446959079935,33902348.0,81.2807881773399,85.56985531168597,-0.011508951406649648,0.0077319587628865705,0.05434782608695654,-0.002552658608723113,-0.0012987012987012987,38450.0
2021-11-24,38850.0,39150.0,36550.0,38450.0,1559719,-0.0012987012987012436,-0.0012995453420855034,38300.0,35753.57142857143,35226.19047619047,0.024819899689463097,2600.0,400.0,64.3999307268769,1648.7736837251432,1269.2092549077133,379.56442881742987,40768.86003953621,29776.139960463788,0.3116512886546862,0.7890549360980474,38533.333333333336,38700.0,37245.0,35272.5,0.9935400516795866,1.0900843433269545,3427.5,-0.0012987012987012436,0.0012987012987012436,0.06762028608582575,-0.010296010296010296,0.02622309442016418,0.04237806661149083,1730394.4,1604368.65,0.6239629753029861,0.9721699560758683,24.817130209746022,2212.4557890574224,32342629.0,80.78817733990148,81.60919540229885,-0.0038809831824062613,-0.011508951406649648,0.0077319587628865705,-0.005562878629252384,-0.035110533159947985,37100.0
2021-11-25,38550.0,39100.0,36950.0,37100.0,871718,-0.03511053315994794,-0.03574172633826348,38200.0,36078.57142857143,35359.52380952381,0.028744018995365196,2150.0,1450.0,57.488560597898676,1538.0487486434868,1322.977153654868,215.0715949886187,40926.068280433756,29813.931719566248,0.3141684071492086,0.6556856316986208,38016.666666666664,38360.0,37775.0,35370.0,0.9671532846715328,1.048911506926774,2990.0,-0.03511053315994794,0.03511053315994794,0.057951482479784364,-0.03761348897535668,0.016227704232542304,0.04588504063221661,1312361.2,1585622.75,-0.4411057376360742,0.5497638073116698,24.199593504718873,2207.9946612676063,31470911.0,67.48768472906404,76.51888341543514,-0.0012987012987012436,-0.0038809831824062613,-0.011508951406649648,-0.013430072547018482,-0.022911051212938006,36250.0
2021-11-26,37050.0,37450.0,35600.0,36250.0,1249028,-0.022911051212938016,-0.023177588312705683,38121.42857142857,36289.28571428572,35411.90476190476,0.028264195925780004,1850.0,800.0,53.588928256328536,1365.9645545066596,1331.5746338252266,34.38992068143307,40999.15589871844,29865.84410128156,0.31421186191877176,0.5734282857494574,37266.666666666664,37790.0,37930.0,35432.5,0.959248478433448,1.0230720383828407,2357.5,-0.022911051212938016,0.022911051212938016,0.05103448275862069,-0.021592442645074223,0.014058334024564372,0.03888571035473766,1299156.8,1617785.75,0.43283493056240663,0.7720602063653978,24.53607086709569,2182.423614034206,30221883.0,59.11330049261084,69.12972085385879,-0.03511053315994794,-0.0012987012987012436,-0.0038809831824062613,-0.019773428557195733,-0.034482758620689655,35000.0
2021-11-29,35000.0,35800.0,34550.0,35000.0,1085929,-0.03448275862068961,-0.03509131981127006,37578.57142857143,36535.71428571428,35411.90476190476,0.01702207490672536,1250.0,0.0,48.39043456155046,1115.8591083367064,1288.4315287275226,-172.5724203908162,41013.09659184952,29946.903408150476,0.3118994696645728,0.4566246502268677,36116.666666666664,37060.0,37645.0,35480.0,0.9444144630329195,0.9864712514092446,1580.0,-0.03448275862068961,0.03448275862068961,0.03571428571428571,0.0,0.0162406993333173,0.02635268136386108,1145366.8,1637255.3,-0.1305807395830998,0.6632618627040022,24.36104974030445,2147.964784460334,29135954.0,46.79802955665025,57.79967159277505,-0.022911051212938016,-0.03511053315994794,-0.0012987012987012436,-0.030834780997858524,-0.03857142857142857,33650.0
2021-11-30,35650.0,36300.0,33150.0,33650.0,1327655,-0.03857142857142859,-0.03933500539867689,36800.0,36746.42857142857,35392.857142857145,0.01594336158353259,3150.0,2000.0,43.48426023997474,799.498897139878,1190.6450024099936,-391.14610527011564,41017.697364916516,29902.302635083484,0.31346290834272506,0.337162777931577,34966.666666666664,36090.0,37230.0,35460.0,0.9323912441119424,0.948956570783982,630.0,-0.03857142857142859,0.03857142857142859,0.09361069836552749,-0.056100981767180924,0.015260799147371851,0.027967230608017982,1218809.8,1683256.4,0.2225983466690733,0.7887419884457294,24.5226931212061,2219.538728427453,27808299.0,33.49753694581281,46.469622331691305,-0.03448275862068961,-0.022911051212938016,-0.03511053315994794,-0.031988412801685406,0.01337295690936107,34100.0
2021-12-01,34000.0,34500.0,32700.0,34100.0,957943,0.013372956909361022,0.013284328198734248,36150.0,36910.71428571428,35395.23809523809,0.020597488970513736,1800.0,-100.0,45.46894167805588,578.4246701664088,1068.2009359612766,-489.77626579486787,41003.49171459643,29996.50828540357,0.3100558712448692,0.3728080214705418,34250.0,35220.0,36960.0,35500.0,0.9681998864281658,0.9605633802816902,-280.0,0.013372956909361022,0.013372956909361022,0.05278592375366569,0.0029411764705882353,0.021462333351238393,0.02838836583345802,1098454.6,1699910.75,-0.2784699338307015,0.5635254674399818,24.209596219528926,2189.5716763969203,28766242.0,21.73913043478261,34.01156564574856,-0.03857142857142859,-0.03448275862068961,-0.022911051212938016,-0.019893743427585726,0.0,34100.0
2021-12-02,33500.0,34750.0,33200.0,34100.0,1063499,0.0,0.0,35521.42857142857,36867.857142857145,35433.333333333336,0.02108479625216783,1550.0,-600.0,45.46894167805588,398.6266328491183,934.286075338845,-535.6594424897266,40989.286283798225,30085.71371620177,0.30681878487784603,0.36816247692320575,33950.0,34620.0,36490.0,35537.5,0.9849797804737146,0.9595497713682729,-917.5,0.0,0.0,0.045454545454545456,0.01791044776119403,0.02245145315888384,0.01890926476506518,1136810.8,1731733.9,0.11019027228133615,0.61412379811933,24.314127636629678,2143.887985225712,28766242.0,18.181818181818183,24.47282852080454,0.013372956909361022,-0.03857142857142859,-0.03448275862068961,-0.008399490554022523,-0.007331378299120235,33850.0
2021-12-03,34300.0,34300.0,33400.0,33850.0,669475,-0.007331378299120228,-0.0073583849311871,34864.28571428572,36582.142857142855,35457.142857142855,0.02043092904768686,900.0,450.0,44.462899852262645,233.27345110082388,794.0835504912408,-560.8100993904169,40933.98295751902,30271.01704248098,0.29950048213013253,0.33564610316080623,34016.666666666664,34140.0,35965.0,35602.5,0.9915055653192736,0.9507759286566955,-1462.5,-0.007331378299120228,0.007331378299120228,0.026587887740029542,-0.013119533527696793,0.02242355283295007,0.017662688958960976,1020900.2,1735009.9,-0.3704977625742949,0.3858623515635271,23.84394338050123,2055.0388434238753,28096767.0,14.935064935064934,18.285337850555248,0.0,0.013372956909361022,-0.03857142857142859,0.0020138595367469314,-0.011816838995568686,33450.0
2021-12-06,33400.0,33700.0,33000.0,33450.0,590142,-0.011816838995568735,-0.011887212784046593,34342.857142857145,36271.42857142857,35500.0,0.018953976789982455,700.0,-50.0,42.830020348693395,69.15601866439829,649.0980441258723,-579.942025461474,40928.25060275314,30291.749397246855,0.29869422087914316,0.2969257034557743,33800.0,33830.0,35445.0,35610.0,0.9887673662429796,0.9393428812131424,-1780.0,-0.011816838995568735,0.011816838995568735,0.02092675635276532,0.0014970059880239522,0.019148447103270426,0.01765779819300943,921742.8,1729740.4,-0.11850031741289813,0.3411737391344967,23.705925530496742,1968.96464032217,27506625.0,9.74025974025974,14.285714285714292,-0.007331378299120228,0.0,0.013372956909361022,-0.0063827390982296546,0.0029895366218236174,33550.0
2021-12-07,34000.0,34600.0,33200.0,33550.0,935971,0.002989536621823552,0.0029850768434532774,33957.142857142855,36039.28571428572,35511.90476190476,0.019594219184069187,1400.0,450.0,43.38974719839995,-52.23691009535105,508.83105328162765,-561.0679633769787,40776.04797699974,30643.952023000264,0.28373273464014215,0.2868160734159473,33616.666666666664,33810.0,34950.0,35710.0,0.992309967465247,0.9395127415289835,-1900.0,0.002989536621823552,0.002989536621823552,0.041728763040238454,-0.013235294117647059,0.00974176634327087,0.01822848929483957,843406.0,1672404.25,0.5860098078089679,0.5596559563873388,24.17013191450544,1928.3243088705865,28442596.0,11.03896103896104,11.90476190476191,-0.011816838995568735,-0.007331378299120228,0.0,-0.005386226890955137,0.010432190760059613,33900.0
2021-12-08,34200.0,35000.0,33700.0,33900.0,1060791,0.010432190760059523,0.010378150968713688,33800.0,35689.28571428572,35623.80952380953,0.01774875662014813,1300.0,300.0,45.40448169983291,-118.82980972085352,383.29888068113144,-502.12869040198495,40448.48515513477,31291.514844865233,0.25528213856341053,0.28486334090319737,33633.333333333336,33770.0,34495.0,35870.0,1.003849570624815,0.9450794535823808,-2100.0,0.010432190760059523,0.010432190760059523,0.038348082595870206,-0.008771929824561403,0.00872634212507168,0.019439344208603954,863975.6,1694058.2,0.13335883269887638,0.626183327113555,24.3056957076112,1894.158286808402,29503387.0,15.584415584415584,12.121212121212125,0.002989536621823552,-0.011816838995568735,-0.007331378299120228,0.0005349627954381134,0.0,33900.0
2021-12-09,33900.0,34300.0,33500.0,33900.0,702496,0.0,0.0,33835.71428571428,35317.857142857145,35776.19047619047,0.008950928587432419,800.0,0.0,45.40448169983291,-169.64954806309834,272.70919493228547,-442.3587429953838,40246.50903940097,31703.490960599032,0.2374709681390392,0.25711159910234016,33783.333333333336,33730.0,34175.0,35975.0,1.0050400237177586,0.9423210562890897,-2245.0,0.0,0.0,0.02359882005899705,0.0,0.00872634212507168,0.017986730216356238,791775.0,1700807.95,-0.33776210393941875,0.41303663943950875,23.89356527963418,1816.0041234649448,29503387.0,15.584415584415584,14.069264069264074,0.010432190760059523,0.002989536621823552,-0.011816838995568735,0.004473909127294358,-0.045722713864306784,32350.0
2021-12-10,33550.0,33700.0,32050.0,32350.0,1179585,-0.04572271386430682,-0.046800993439495044,33585.71428571428,34867.857142857145,35802.380952380954,0.018734531803976977,1650.0,1200.0,38.38756508489764,-331.1789778405,151.93156037772837,-483.1105382182284,40397.52956169369,31317.470438306307,0.2532262183193861,0.11371396900205423,33383.333333333336,33430.0,33785.0,35857.5,0.9676936883039187,0.902182249180785,-2427.5,-0.04572271386430682,0.04572271386430682,0.05100463678516229,-0.03576751117734724,0.02212857697215661,0.0211407339071504,893797.0,1467119.15,0.6791341160661413,0.8040144524049053,24.365042539622685,1818.4324003603058,28323802.0,4.026845637583893,11.731892268805025,0.0,0.010432190760059523,0.002989536621823552,-0.011763507701415765,0.0061823802163833074,32550.0
2021-12-13,32400.0,32750.0,32050.0,32550.0,436089,0.0061823802163833985,0.006163347707668768,33364.28571428572,34442.857142857145,35700.0,0.01928397159718928,700.0,-150.0,39.682867749860954,-438.0048390297379,33.94428049623511,-471.94911952597306,40259.77408327613,30925.22591672387,0.262261660927225,0.1740602816854118,32933.333333333336,33250.0,33540.0,35592.5,0.9789473684210527,0.9145185081126642,-2342.5,0.0061823802163833985,0.0061823802163833985,0.021505376344086023,0.004629629629629629,0.022968021262554414,0.0200277540999527,862986.4,1269854.1,-0.6303030303030304,0.34341661770434884,23.376134277647328,1738.544371763141,28759891.0,7.042253521126761,8.884504914375418,-0.04572271386430682,0.0,0.010432190760059523,-0.013180111215974474,-0.018433179723502304,31950.0
2021-12-14,32450.0,32750.0,31800.0,31950.0,1038361,-0.018433179723502335,-0.01860518783103447,33092.857142857145,33978.57142857143,35419.04761904762,0.019814474250528173,950.0,500.0,37.15896599647292,-564.5720540466064,-85.7589864123332,-478.8130676342731,40115.65429778649,30484.345702213515,0.2728416032740219,0.152176029170135,32283.333333333332,32930.0,33370.0,35300.0,0.9702399028241725,0.9050991501416431,-2370.0,-0.018433179723502335,0.018433179723502335,0.0297339593114241,-0.015408320493066256,0.023050843997036247,0.017337435555190406,883464.4,1237681.15,1.3810758812994597,0.8389567862449873,24.225081526281272,1682.2197737800595,27721530.0,2.0547945205479454,4.374631226419538,0.0061823802163833985,-0.04572271386430682,0.0,-0.019324504457141917,-0.014084507042253521,31500.0
2021-12-15,32100.0,32500.0,30950.0,31500.0,1746890,-0.014084507042253502,-0.014184634991956413,32814.28571428572,33578.57142857143,35119.04761904762,0.019903541785111698,1550.0,600.0,35.34335376355338,-693.1979683299505,-207.2467827958567,-485.95118553409384,40080.90506200194,29989.09493799806,0.28804938273166497,0.1497159620956578,32000.0,32450.0,33110.0,35035.0,0.9707241910631741,0.8991008991008991,-2585.0,-0.014084507042253502,0.014084507042253502,0.049206349206349205,-0.018691588785046728,0.020177166428984657,0.016238006041403182,1020684.2,1178377.2,0.6823532470884404,1.4824540053897852,24.731090446882707,1672.7755042243411,25974640.0,8.461538461538462,5.852862167737727,-0.018433179723502335,0.0061823802163833985,-0.04572271386430682,-0.00877843551645748,0.03650793650793651,32650.0
2021-12-16,32350.0,33050.0,31900.0,32650.0,2486771,0.0365079365079366,0.03585730989085278,32685.714285714286,33321.42857142857,34921.42857142857,0.026024027647667047,1150.0,-300.0,43.00724201113788,-694.3356736137066,-304.6645609594267,-389.6711126542799,39552.05070174251,29902.949298257485,0.2778518869335549,0.2846949769592374,32033.333333333332,32200.0,32965.0,34727.5,1.013975155279503,0.9401770930818516,-2527.5,0.0365079365079366,0.0365079365079366,0.03522205206738132,0.00927357032457496,0.03060641916545403,0.021449041522037103,1377539.2,1154621.55,0.4235418372078379,2.153754188980796,25.12009577445311,1664.005825351174,28461411.0,31.77570093457944,14.09734463888862,-0.014084507042253502,-0.018433179723502335,0.0061823802163833985,0.0013300832473935875,0.0,32650.0
2021-12-17,32350.0,32850.0,32150.0,32650.0,954836,0.0,0.0,32507.14285714286,33153.57142857143,34628.57142857143,0.02536328757045724,700.0,-300.0,43.007242011137876,-687.3143809031026,-381.19452494816187,-306.1198559549407,38845.9458452001,29964.054154799906,0.2581570030635138,0.302406957754635,32266.666666666668,32260.0,32845.0,34405.0,1.0120892746435215,0.9489899723877343,-2145.0,0.0,0.0,0.021439509954058193,0.00927357032457496,0.02172849641884423,0.021452664317557962,1332589.4,1136610.85,-0.6160338044797853,0.8400729238155697,24.16289501170393,1595.148266397519,28461411.0,31.77570093457944,24.00431344356579,0.0365079365079366,-0.014084507042253502,-0.018433179723502335,0.007474476488561033,0.10107197549770292,35950.0
2021-12-20,35700.0,37800.0,34800.0,35950.0,15057530,0.10107197549770297,0.09628422844461568,32800.0,33317.857142857145,34478.57142857143,0.04625941096790203,3000.0,-250.0,59.12964748656421,-410.73286233036924,-387.10219242460334,-23.6306699057659,38314.02092763599,30225.979072364007,0.2360093917499849,0.7077140586141919,33750.0,32940.0,33095.0,34270.0,1.0913782635094111,1.049022468631456,-1330.0,0.10107197549770297,0.10107197549770297,0.08344923504867872,0.0070028011204481795,0.04969636525427894,0.03902972647194555,4256877.6,1796743.4,14.769755224981044,8.380456552671907,27.01727311941168,1849.0662473691248,43518941.0,72.99270072992701,45.51470086636197,0.0,0.0365079365079366,-0.014084507042253502,0.045859970668546524,0.18219749652294853,42500.0
2021-12-21,36500.0,43400.0,35500.0,42500.0,20266140,0.18219749652294848,0.16737499176331538,34250.0,33917.857142857145,34661.90476190476,0.06894164792422695,7900.0,-6000.0,74.53045285089443,333.14989851527935,-243.05177423662684,576.2016727519062,39635.10559325496,29304.894406745043,0.29968700860197023,1.277331639694479,37033.333333333336,35050.0,33990.0,34470.0,1.2125534950071326,1.2329561937917028,580.0,0.18219749652294848,0.18219749652294848,0.18588235294117647,0.1643835616438356,0.08101395671904647,0.0673761019917262,8102433.4,2762028.4,0.34591397128214263,7.337411881789485,27.481721426002185,2281.275801128473,63785081.0,92.7710843373494,65.84649533395195,0.10107197549770297,0.0,0.0365079365079366,0.09442315734021715,0.00823529411764706,42850.0
2021-12-22,42100.0,43950.0,42000.0,42850.0,7148828,0.008235294117647118,0.00820156911341771,35721.42857142857,34542.857142857145,34869.04761904762,0.06878404983552114,1950.0,-750.0,75.07102162763523,940.0876752631157,-6.423884336678327,946.511559599794,40848.229410608554,28531.770589391446,0.3550434944138688,1.1625280950026862,40433.333333333336,37320.0,34885.0,34690.0,1.1481779206859593,1.2352262899971174,2630.0,0.008235294117647118,0.008235294117647118,0.045507584597432905,0.017814726840855107,0.07631129478663738,0.0674353891377454,9182821.0,3041483.85,-0.6472526095250501,2.3504408875950467,26.447919909179756,2257.6132439050107,70933909.0,91.53846153846153,85.76741553524597,0.18219749652294848,0.10107197549770297,0.0,0.09716825537943286,0.0,42850.0
2021-12-23,42350.0,46750.0,41950.0,42850.0,11290080,0.0,0.0,37278.57142857143,35185.71428571428,35078.57142857143,0.06649613360335087,4800.0,-500.0,75.07102162763523,1404.895475561134,275.8399876428841,1129.0554879182498,42074.75484365536,27880.24515634464,0.405818302832127,1.054615846085735,42733.333333333336,39360.0,35780.0,34977.5,1.0886686991869918,1.2250732613823172,4382.5,0.0,0.0,0.11201866977829639,0.011806375442739079,0.0813699672839639,0.0674353891377454,10943482.8,3562401.95,0.5792910390346502,3.1692324893320922,26.904895946045475,2439.2122979117953,70933909.0,75.31645569620254,86.5420005240045,0.008235294117647118,0.18219749652294848,0.10107197549770297,0.06347759688019854,0.058343057176196034,45350.0
2021-12-24,44100.0,46250.0,43000.0,45350.0,9504601,0.058343057176196034,0.05670453151735681,39257.142857142855,36035.71428571428,35471.42857142857,0.061754187044993525,3250.0,-1250.0,78.79866439513032,1952.481125645776,611.1682152434626,1341.3129104023135,43906.50203719091,26958.497962809088,0.4783180434454759,1.0851721510375987,43683.333333333336,41900.0,37080.0,35432.5,1.0823389021479715,1.2798983983630847,6467.5,0.058343057176196034,0.058343057176196034,0.07166482910694598,0.02834467120181406,0.07484067153715478,0.06309687295400351,12653435.8,3975180.6,-0.15814582359026685,2.390985959229123,26.789452010662806,2507.8399909180957,80438510.0,91.13924050632912,85.99805258033105,0.0,0.008235294117647118,0.18219749652294848,0.022192783764614383,-0.017640573318632856,44550.0
2021-12-27,45500.0,46450.0,44150.0,44550.0,3009384,-0.01764057331863289,-0.017798022644327328,40957.142857142855,36821.42857142857,35866.666666666664,0.06719110000970434,2300.0,950.0,74.93711634149508,2295.433060889918,948.0211843727536,1347.4118765171645,45307.34564987145,26512.65435012855,0.5233832163671095,0.9597042783095985,44250.0,43620.0,38280.0,35910.0,1.0213204951856947,1.2406015037593985,7710.0,-0.01764057331863289,0.01764057331863289,0.051627384960718295,-0.020879120879120878,0.08107735030919715,0.064775255208139,10243806.6,4071353.35,-0.6833760828045281,0.7391606036847673,25.621613397524776,2492.994277281089,77429126.0,86.07594936708861,84.17721518987342,0.058343057176196034,0.0,0.008235294117647118,0.013567494619187714,0.02132435465768799,45500.0
2021-12-28,45100.0,45700.0,42800.0,45500.0,4654043,0.021324354657688005,0.021100172040086428,42792.857142857145,37650.0,36366.666666666664,0.0653145978924224,2900.0,-400.0,76.41518101164755,2613.7522915126465,1281.1674058007322,1332.5848857119142,46755.22620998153,26249.773790018477,0.5617547406331909,0.9387857344342472,45133.333333333336,44220.0,39635.0,36502.5,1.0289461781999096,1.2464899664406548,7717.5,0.021324354657688005,0.021324354657688005,0.06373626373626373,0.008869179600886918,0.028505687423834202,0.062402017673412094,7121387.2,4237672.75,0.546510182814822,1.098254460540871,26.078714467109442,2522.0661146181546,82083169.0,92.0886075949367,89.76793248945148,-0.01764057331863289,0.058343057176196034,0.0,0.02067561283841705,-0.020879120879120878,44550.0
2021-12-29,45600.0,48000.0,44300.0,44550.0,6696721,-0.020879120879120916,-0.021100172040086452,44021.42857142857,38410.71428571428,36885.71428571428,0.06574243468893566,3700.0,1050.0,71.85181973118462,2757.5778734362975,1576.4494993278454,1181.1283741084521,47813.32214650833,26236.67785349167,0.5827587925190186,0.8487567342636076,44866.666666666664,44560.0,40940.0,37025.0,0.9997755834829444,1.2032410533423363,7535.0,-0.020879120879120916,0.020879120879120916,0.08305274971941638,-0.023026315789473683,0.03266167863335488,0.06306077123178813,7030965.8,4524611.65,0.4389039809043449,1.4800653664939398,26.4214959944817,2606.2042492882865,75386448.0,79.76539589442815,85.97665095215116,0.021324354657688005,-0.01764057331863289,0.058343057176196034,-0.0057317798466886005,0.1447811447811448,51000.0
2021-12-30,44800.0,52100.0,44350.0,51000.0,12318170,0.14478114478114468,0.13521347880750736,45235.71428571428,39742.857142857145,37690.47619047619,0.05480848913490359,7750.0,-6200.0,80.40696946403186,3353.3662595766364,1931.8328513776037,1421.5334081990327,50227.030813521334,25512.969186478666,0.6526026307642637,1.031276493445046,47016.666666666664,46190.0,42775.0,37870.0,1.1041350941762287,1.3467124372854502,8320.0,0.14478114478114468,0.14478114478114468,0.15196078431372548,0.13839285714285715,0.06828879748192439,0.07168786732459113,7236583.8,5087345.2,0.8394330598512316,2.421335591695252,27.16616687778366,2973.6182314819803,87704618.0,94.79905437352245,88.88435262096243,-0.020879120879120916,0.021324354657688005,-0.01764057331863289,0.04840879285323726,-0.1,45900.0
2022-01-04,47050.0,48100.0,45100.0,45900.0,6060598,-0.09999999999999998,-0.10536051565782628,45671.42857142857,40696.42857142857,38252.380952380954,0.07430872744964416,3000.0,1150.0,63.87564243819703,3375.099425246968,2220.486166151477,1154.6132590954912,51174.48803337493,25770.51196662507,0.660315187906943,0.7923754919499206,47150.0,46300.0,44100.0,38472.5,0.9913606911447084,1.1930599779062967,7827.5,-0.09999999999999998,0.09999999999999998,0.06535947712418301,-0.024442082890541977,0.08945842633765823,0.08485348514092138,6547783.2,5356901.35,-0.5079952622832775,1.1313626300025108,26.351539429097176,3182.645500661839,81644020.0,70.68557919621749,81.75000982138937,0.14478114478114468,-0.020879120879120916,0.021324354657688005,0.007967341300674594,-0.05664488017429194,43300.0
2022-01-05,45600.0,46100.0,42600.0,43300.0,4967161,-0.05664488017429192,-0.05831248205805529,45735.71428571428,41507.142857142855,38702.380952380954,0.07873043177857389,3500.0,2300.0,57.39690535501682,3146.2567553277404,2405.6402839867296,740.6164713410108,51610.74403130409,26319.255968695907,0.6490822035829126,0.6714015398883949,46733.333333333336,46050.0,44835.0,38965.0,0.9402823018458197,1.1112536892082638,7085.0,-0.05664488017429192,0.05664488017429192,0.08083140877598152,-0.05043859649122807,0.09358794218344321,0.08641771426675975,6939338.6,5575752.3,-0.18041734495506878,0.89085037009266,26.09426692149135,3205.3136791859934,76676859.0,58.392434988179666,74.62568951930655,-0.09999999999999998,0.14478114478114468,-0.020879120879120916,-0.003954578464382408,-0.02771362586605081,42100.0
2022-01-06,43800.0,44350.0,41850.0,42100.0,4918690,-0.02771362586605086,-0.028104894320108483,45271.42857142857,42264.28571428572,39114.28571428572,0.07526729090367322,2500.0,1700.0,54.64219589633651,2835.3827916551018,2491.588785520404,343.7940061346976,51844.059826192984,26940.940173807016,0.6321792131087381,0.6087213183646489,43766.666666666664,45370.0,44795.0,39392.5,0.9279259422525898,1.0687313574919084,5977.5,-0.02771362586605086,0.02771362586605086,0.05938242280285035,-0.03881278538812785,0.09306342976018947,0.06633437212060228,6992268.0,5774888.25,-0.009758290500348155,0.8517376937986636,26.05635581252766,3154.9341306727083,71758169.0,50.495049504950494,59.85768789644922,-0.05664488017429192,-0.09999999999999998,0.14478114478114468,-0.06145283534678092,0.017814726840855107,42850.0
2022-01-07,42750.0,43850.0,41900.0,42850.0,2976778,0.017814726840855055,0.017657904355453013,45028.57142857143,42992.857142857145,39557.142857142855,0.0758943834782105,1950.0,-100.0,56.061568990108626,2619.337574627767,2517.138543341877,102.19903128589021,52102.29136310519,27577.708636894808,0.6155768756578912,0.6227339944415484,42750.0,45030.0,44795.0,39840.0,0.951587830335332,1.0755522088353413,5190.0,0.017814726840855055,0.017814726840855055,0.045507584597432905,0.0023391812865497076,0.09375621237255576,0.06651968938087019,6248279.4,5870687.6,-0.39480268120170203,0.5070578104002673,25.57181298953458,3068.8674070532293,74734947.0,53.634085213032584,54.173856568720915,-0.02771362586605086,-0.05664488017429192,-0.09999999999999998,-0.022181259733162578,-0.060676779463243874,40250.0
2022-01-10,41800.0,42200.0,39800.0,40250.0,3388433,-0.0606767794632439,-0.06259564117921645,44278.57142857143,43535.71428571428,39859.52380952381,0.07756895226344615,2400.0,1550.0,50.19720580924095,2212.8139706932125,2456.273628812144,-243.45965811893166,52096.78830639238,28218.21169360762,0.5946230869148916,0.5038737652373498,41733.333333333336,42880.0,44535.0,40157.5,0.9386660447761194,1.0023034302434166,2722.5,-0.0606767794632439,0.0606767794632439,0.05962732919254658,-0.03708133971291866,0.043731816539128526,0.06942027479316877,4462332.0,6004984.45,0.1382887806883819,0.5642700706743712,25.638743413456055,3067.519735120856,71346514.0,31.502890173410403,45.21067496379783,0.017814726840855055,-0.02771362586605086,-0.05664488017429192,-0.023525226162813235,-0.02360248447204969,39300.0
2022-01-11,40300.0,40750.0,38900.0,39300.0,2323717,-0.023602484472049712,-0.02388548498935685,43528.57142857143,43775.0,40116.666666666664,0.07759754893234827,1850.0,1000.0,48.21270162465571,1793.3118425884386,2323.681271567403,-530.3694289789646,51878.64913898974,29131.350861010258,0.5615923534867173,0.4470266760793083,40800.0,41560.0,43930.0,40505.0,0.9456207892204043,0.9702505863473645,1055.0,-0.023602484472049712,0.023602484472049712,0.047073791348600506,-0.02481389578163772,0.031556626769249606,0.06597768533656398,3714955.8,6062191.05,-0.3142207622225377,0.38331305972285384,25.237658414601825,2980.554039755081,69022797.0,22.89156626506024,36.009513883834416,-0.0606767794632439,0.017814726840855055,-0.02771362586605086,-0.022154845698146186,0.01653944020356234,39950.0
2022-01-12,39900.0,40650.0,39650.0,39950.0,1947051,0.01653944020356235,0.01640415333706813,41950.0,43592.857142857145,40478.57142857143,0.04442562711707186,1000.0,-50.0,49.678586101116615,1496.0573337589012,2158.156484005703,-662.0991502468019,51623.29239803627,30126.70760196373,0.5259103314023862,0.45696990899833545,39833.333333333336,40890.0,43470.0,40875.0,0.9770114942528736,0.9773700305810398,15.0,0.01653944020356235,0.01653944020356235,0.025031289111389236,0.0012531328320802004,0.03313667612451509,0.0665544728237823,3110933.8,6137739.15,-0.16209633100760545,0.31722609130432006,25.07721042936339,2864.0858940582893,70969848.0,7.954545454545454,20.783000631005372,-0.023602484472049712,-0.0606767794632439,0.017814726840855055,-0.022579941243910422,0.030037546933667083,41150.0
2022-01-13,40500.0,43150.0,40250.0,41150.0,4093607,0.030037546933667114,0.029595254910795173,41271.42857142857,43471.42857142857,40888.09523809524,0.037485403634590526,2900.0,-650.0,52.35963154142986,1341.8430338638718,1994.893793977337,-653.0507601134652,51228.49068300652,31441.509316993477,0.4786979887749618,0.4906504182432918,40133.333333333336,40700.0,43035.0,41335.0,1.011056511056511,0.9955243740171767,-635.0,0.030037546933667114,0.030037546933667114,0.07047387606318348,0.016049382716049384,0.03759261134544308,0.06704940912145689,2945917.2,6290501.45,1.1024652153436145,0.6507600439389454,25.84991625256903,2888.0797587684115,75063455.0,17.045454545454547,15.963855421686752,0.01653944020356235,-0.023602484472049712,-0.0606767794632439,0.007658167555059918,-0.012150668286755772,40650.0
2022-01-14,40400.0,41500.0,40100.0,40650.0,1292996,-0.012150668286755817,-0.012225091129259267,40892.857142857145,43314.28571428572,41302.380952380954,0.03244244598880413,1400.0,-250.0,51.13709778973545,1165.8421660388267,1829.083468389635,-663.2413023508084,50552.35309898456,33032.64690101544,0.4192069437810402,0.43478771920659043,40583.333333333336,40260.0,42645.0,41792.5,1.0096870342771982,0.9726625590716037,-1532.5,-0.012150668286755817,0.012150668286755817,0.03444034440344403,0.006188118811881188,0.03558486918766429,0.06692030720652216,2609160.8,6267806.75,-0.6841426155466317,0.20629161867506524,24.68522667916337,2781.7883474278105,73770459.0,13.257575757575758,12.752525252525258,0.030037546933667114,0.01653944020356235,-0.023602484472049712,0.011475439616824549,-0.02706027060270603,39550.0
2022-01-17,40800.0,40850.0,39050.0,39550.0,1336899,-0.027060270602705994,-0.027433141780156683,40528.57142857143,42900.0,41685.71428571428,0.03237751944730593,1800.0,1250.0,48.45654663042273,926.9145098677691,1648.649676685262,-721.7351668174929,49863.796518691015,34411.203481308985,0.36671831592719145,0.3325523752718739,40450.0,40120.0,41500.0,42137.5,0.9857926221335992,0.9385938890536932,-2017.5,-0.027060270602705994,0.027060270602705994,0.045512010113780026,-0.030637254901960783,0.02529850387842251,0.040361387347186264,2198854.0,6210313.15,0.03395447472381963,0.21527078710998654,24.691184284186544,2711.660608325824,72433560.0,4.924242424242424,11.742424242424248,-0.012150668286755817,0.030037546933667114,0.01653944020356235,-0.003057797318598232,0.011378002528445006,40000.0
2022-01-18,39350.0,41450.0,39150.0,40000.0,1518208,0.011378002528444897,0.011313759900273314,40121.42857142857,42575.0,42035.71428571428,0.03158854402246315,2300.0,-650.0,49.620004496122014,765.054784834967,1471.9306983152032,-706.8759134802362,48918.95682128148,36091.04317871852,0.3017977565595331,0.3047227265633889,40066.666666666664,40260.0,40910.0,42505.0,0.9935419771485345,0.9410657569697682,-2245.0,0.011378002528444897,0.011378002528444897,0.0575,0.016518424396442185,0.02299399566508056,0.031576147911815795,2037752.2,6238481.75,0.1356190707001801,0.2433617762847507,24.82967598306143,2682.256279159694,73951768.0,8.333333333333334,8.838383838383843,-0.027060270602705994,-0.012150668286755817,0.030037546933667114,-0.009277645453672304,-0.025,39000.0
2022-01-19,39500.0,39900.0,38500.0,39000.0,1120134,-0.025000000000000022,-0.025317807984289897,39942.857142857145,42110.71428571428,42338.09523809524,0.02325341869021814,1400.0,500.0,47.076939064824195,549.7509571330811,1287.4947500787787,-737.7437929456976,48538.09028544441,36776.90971455559,0.27571190460971257,0.18901931417896797,39516.666666666664,40070.0,40480.0,42657.5,0.9732967307212378,0.9142589228154486,-2587.5,-0.025000000000000022,0.025000000000000022,0.035897435897435895,-0.012658227848101266,0.02466112424650943,0.028137796912498375,1872368.8,5541611.95,-0.26219990936683246,0.20213143939102413,24.500275804106458,2597.809402076859,72831634.0,3.676470588235294,5.6446821152703555,0.011378002528444897,-0.027060270602705994,-0.012150668286755817,-0.013560756024753706,0.03717948717948718,40450.0
2022-01-20,38700.0,40450.0,38500.0,40450.0,945831,0.03717948717948727,0.03650499737485435,40107.142857142855,41817.857142857145,42552.380952380954,0.025915807823759584,1950.0,-1750.0,50.99853200129044,490.4701695360709,1128.0898339702371,-637.6196644341662,48518.03525678695,36591.96474321305,0.28025074641226405,0.32349592872152216,39816.666666666664,39930.0,40315.0,42555.0,1.013022789882294,0.9505346022794031,-2625.0,0.03717948717948727,0.03717948717948727,0.048207663782447466,0.04521963824289406,0.027238135486472203,0.030952067909975567,1242813.6,4575596.5,-0.15560906105876615,0.20671206475483578,24.367641107653064,2551.537301928512,73777465.0,14.338235294117647,8.782679738562097,-0.025000000000000022,0.011378002528444897,-0.027060270602705994,0.007852496569310715,-0.037082818294190356,38950.0
2022-01-21,39650.0,40000.0,38500.0,38950.0,1176157,-0.037082818294190356,-0.037787871187743426,39964.28571428572,40957.142857142855,42383.333333333336,0.029483434194727907,1500.0,700.0,47.109562244545174,318.777584728894,966.2273841219686,-647.4497993930746,48533.7645258831,36186.2354741169,0.29149029867247894,0.2238313847488191,39466.666666666664,39590.0,39925.0,42360.0,0.9838343015913109,0.9194995278564684,-2770.0,-0.037082818294190356,0.037082818294190356,0.038510911424903725,-0.017654476670870115,0.03128389639212612,0.03160247656311689,1219445.8,4276962.95,0.243517076517898,0.2749981736456239,24.547796953252007,2508.5703517907614,72601308.0,4.6875,7.567401960784319,0.03717948717948727,-0.025000000000000022,0.011378002528444897,-0.008301110371567702,-0.0012836970474967907,38900.0
2022-01-24,38200.0,39250.0,38050.0,38900.0,997187,-0.0012836970474967568,-0.0012845216923566276,39642.857142857145,40457.142857142855,42195.23809523809,0.025760203038792985,1200.0,-700.0,46.980955966708734,176.6392053531381,808.3097483682026,-631.6705430150645,48520.244965994745,35804.755034005255,0.30158292160069944,0.24342317775800063,39433.333333333336,39460.0,39790.0,42162.5,0.9858084135833756,0.9226208123332346,-2702.5,-0.0012836970474967568,0.0012836970474967568,0.030848329048843187,0.01832460732984293,0.02945205871909641,0.025884263763525914,1151503.4,3762318.3,-0.1521650595966355,0.26504588939218676,24.381443123676675,2415.1010409485643,71604121.0,10.559006211180124,9.861580501765928,-0.037082818294190356,0.03717948717948727,-0.025000000000000022,-0.0003956760540666145,-0.005141388174807198,38700.0
2022-01-25,39150.0,39650.0,38050.0,38700.0,1214154,-0.005141388174807249,-0.0051546505886645375,39364.28571428572,40128.57142857143,41997.619047619046,0.02570698791942823,1600.0,450.0,46.434893621550415,47.30982885814592,656.1097644661912,-608.7999356080453,48181.41094975216,35478.58905024784,0.3036773105308227,0.2535980568127041,38850.0,39200.0,39730.0,41830.0,0.9872448979591837,0.9251733205833134,-2630.0,-0.005141388174807249,0.005141388174807249,0.041343669250646,-0.011494252873563218,0.02834712285226859,0.02489948245528596,1090692.6,3347795.95,0.21757904986727672,0.3626726413836542,24.573152974972793,2356.879538023667,70389967.0,10.317460317460318,8.521322176213486,-0.0012836970474967568,-0.037082818294190356,0.03717948717948727,-0.014502634505498121,-0.01937984496124031,37950.0
2022-01-26,39050.0,39200.0,37950.0,37950.0,684403,-0.019379844961240345,-0.019570096194097223,39135.71428571428,39832.142857142855,41645.23809523809,0.024823089526025282,1250.0,1100.0,44.35299634915045,-114.38480889557832,502.0108497938373,-616.3956586894155,47941.5591443785,35058.4408556215,0.31043658527125306,0.22444559458108387,38516.666666666664,38990.0,39530.0,41500.0,0.9733264939728136,0.9144578313253012,-2510.0,-0.019379844961240345,0.019379844961240345,0.03293807641633729,-0.028169014084507043,0.027517843669923162,0.024636151303927406,1003546.4,3231546.9,-0.43631285652396645,0.2117880449143412,23.980326987254365,2277.8167138791196,69705564.0,0.0,6.958822176213485,-0.005141388174807249,-0.0012836970474967568,-0.037082818294190356,-0.008601643394514783,-0.017127799736495388,37300.0
2022-01-27,38450.0,39150.0,36850.0,37300.0,1449725,-0.017127799736495364,-0.01727617719186905,38750.0,39435.71428571428,41300.0,0.02385190566720697,2300.0,1150.0,42.57155656242367,-291.616963159664,343.28528720313705,-634.902250362801,47503.357770679635,34676.642229320365,0.3121614879863536,0.20452295540668342,37983.333333333336,38360.0,39145.0,41090.0,0.9723670490093848,0.9077634460939401,-2730.0,-0.017127799736495364,0.017127799736495364,0.06166219839142091,-0.02990897269180754,0.014068222048682908,0.02153439513571862,1104325.2,3071331.0,1.1182329709250252,0.4720184831918149,24.713633046887928,2279.4012343163254,68255839.0,7.142857142857143,5.820105820105826,-0.019379844961240345,-0.005141388174807249,-0.0012836970474967568,-0.013883010957514319,0.04155495978552279,38850.0
2022-01-28,37550.0,39250.0,36250.0,38850.0,1286977,0.041554959785522705,0.04071475016388651,38728.57142857143,39335.71428571428,40983.333333333336,0.029228362016941012,3000.0,-1300.0,47.94119902255695,-303.50407019665727,213.9274157231782,-517.4314859198355,47075.97742738218,34534.02257261782,0.3073631872261822,0.34412318313700946,38033.333333333336,38340.0,38965.0,40805.0,1.013302034428795,0.9520892047543194,-2465.0,0.041554959785522705,0.041554959785522705,0.07722007722007722,0.03462050599201065,0.024614308327051887,0.026857464878887526,1126489.2,2800843.8,-0.11226129093448756,0.45949617040407614,24.6352699712165,2330.872574722302,69542816.0,37.68115942028985,14.941338854382337,-0.017127799736495364,-0.019379844961240345,-0.005141388174807249,0.0016824383625956656,-0.01673101673101673,38200.0
2022-02-03,39800.0,39850.0,38200.0,38200.0,943863,-0.016731016731016735,-0.016872561201126953,38407.142857142855,39257.142857142855,40680.95238095238,0.024535886037860388,1650.0,1600.0,45.998831253798485,-361.21044670487754,98.89984323756705,-460.1102899424446,44305.95081885918,36024.04918114082,0.20619697840702994,0.2627356510670474,38116.666666666664,38200.0,38830.0,40165.0,1.0,0.9510768081663139,-1965.0,-0.016731016731016735,0.016731016731016735,0.04319371727748691,-0.04020100502512563,0.025717205627032193,0.02606743426769232,1115824.4,2232128.45,-0.26660460909557826,0.42285335326468326,24.308327102099437,2282.2388193849947,68598953.0,28.26086956521739,24.361628709454802,0.041554959785522705,-0.017127799736495364,-0.019379844961240345,0.0025653811060035356,0.015706806282722512,38800.0
2022-02-04,38150.0,39150.0,38100.0,38800.0,654109,0.015706806282722585,0.01558473101669833,38385.71428571428,39175.0,40100.0,0.02195755958167393,1050.0,-650.0,48.08957003192841,-354.4423890209582,8.231396785862003,-362.6737858068202,42985.66404162392,36634.33595837608,0.15954102193538894,0.3409781408294809,38616.666666666664,38220.0,38710.0,39810.0,1.0151753008895865,0.9746294900778699,-1590.0,0.015706806282722585,0.015706806282722585,0.027061855670103094,0.01703800786369594,0.02701457110329577,0.026369929648753128,1003815.4,1961804.0,-0.3069873487995609,0.3334221971206094,23.957204808869424,2194.221760857495,69253062.0,36.95652173913044,34.29951690821257,-0.016731016731016735,0.041554959785522705,-0.017127799736495364,0.013510249779076186,-0.04252577319587629,37150.0
2022-02-07,38750.0,38750.0,37100.0,37150.0,848944,-0.04252577319587625,-0.04345647546545954,38135.71428571428,38889.28571428572,39683.333333333336,0.027322342063599934,1650.0,1600.0,43.142793880333556,-476.72448184385576,-88.75977894008156,-387.9647029037742,42437.13438052654,36567.86561947346,0.1485796787811679,0.0991834595119297,38050.0,38060.0,38525.0,39502.5,0.9760903836048345,0.9404468071641036,-1442.5,-0.04252577319587625,0.04252577319587625,0.04441453566621804,-0.04129032258064516,0.03271892342553218,0.028509989439272396,1036723.6,1755893.15,0.29786320017000234,0.48348272216905686,24.174467553342758,2158.9202065105314,68404118.0,17.142857142857142,27.453416149068328,0.015706806282722585,-0.016731016731016735,0.041554959785522705,-0.014516661214723467,-0.02826379542395693,36100.0
2022-02-08,37300.0,37650.0,35800.0,36100.0,1026351,-0.02826379542395696,-0.028670905824932966,37764.28571428572,38564.28571428572,39340.47619047619,0.02853721273329602,1850.0,1200.0,40.3017049881792,-650.8574664561675,-201.17931644329877,-449.6781500128687,42243.87693885689,36161.12306114311,0.15516239723777264,-0.010048583646800861,37350.0,37820.0,38090.0,39202.5,0.9545214172395557,0.9208596390536318,-1382.5,-0.02826379542395696,0.02826379542395696,0.05124653739612189,-0.032171581769437,0.03419652634417669,0.025203267755223913,952048.8,1561276.2,0.20897373678358044,0.6573795206767387,24.33556849581931,2136.854477474065,67377767.0,5.3097345132743365,19.803037798420643,-0.04252577319587625,0.015706806282722585,-0.016731016731016735,-0.018360920779036876,0.0443213296398892,37700.0
2022-02-09,36800.0,37850.0,36400.0,37700.0,839833,0.04432132963988922,0.043367229115129864,37728.57142857143,38432.142857142855,39130.95238095238,0.03432367110862879,1450.0,-900.0,46.123916036853856,-652.2339362640341,-291.39024040744584,-360.8436958565883,41522.82037674017,36367.17962325983,0.1323826101805198,0.25851692165332585,36983.333333333336,37590.0,37965.0,38945.0,1.0029263101888801,0.9680318397740403,-1355.0,0.04432132963988922,0.04432132963988922,0.038461538461538464,0.024456521739130436,0.03516790976183335,0.028749457682235594,862620.0,1454428.95,-0.18172925246821015,0.5774314379537069,24.17837371499814,2109.2220147973458,68217600.0,33.6283185840708,18.693636746734096,-0.02826379542395696,-0.04252577319587625,0.015706806282722585,-0.008822746326647998,-0.006631299734748011,37450.0
2022-02-10,38250.0,38350.0,36950.0,37450.0,537037,-0.006631299734747964,-0.006653384490736548,37750.0,38250.0,38873.80952380953,0.0337105997058681,1400.0,800.0,45.379205306089126,-665.8225215976709,-366.2766966454909,-299.54582495217994,41388.53083568734,36221.46916431266,0.1331545334718383,0.2377619842420992,37083.333333333336,37440.0,37820.0,38805.0,1.0002670940170941,0.9650818193531762,-1365.0,-0.006631299734747964,0.006631299734747964,0.037383177570093455,-0.02091503267973856,0.03464765594599132,0.028766050849092308,781254.8,1311859.15,-0.36054310797503786,0.40937092979837053,23.72458426141604,2058.5632994546786,67680563.0,35.483870967741936,24.807308021695693,0.04432132963988922,-0.02826379542395696,-0.04252577319587625,0.0031420781603947643,-0.04672897196261682,35700.0
2022-02-11,36700.0,37150.0,35250.0,35700.0,824880,-0.04672897196261683,-0.0478560211776351,37300.0,38014.28571428572,38657.142857142855,0.03274093873775933,1900.0,1000.0,40.45519997402165,-808.4822676955591,-454.7178108555046,-353.76445684005455,41543.27274076185,35706.72725923815,0.15110797363168163,-0.0011526097516835346,36950.0,36820.0,37520.0,38625.0,0.9695817490494296,0.9242718446601942,-1805.0,-0.04672897196261683,0.04672897196261683,0.05322128851540616,-0.027247956403269755,0.037164218383365005,0.03187993806436468,815409.0,1236917.3,0.5359835542057623,0.666883711627285,24.105899167993513,2068.6659209222016,66855683.0,8.653846153846153,25.922011901886304,-0.006631299734747964,0.04432132963988922,-0.02826379542395696,-0.0030129806858251915,-0.0196078431372549,35000.0
2022-02-14,34650.0,35450.0,34300.0,35000.0,815201,-0.019607843137254943,-0.019802627296179754,36842.857142857145,37625.0,38452.380952380954,0.03283103324369858,1150.0,-350.0,38.6486871488652,-966.8797067443884,-557.1501900332814,-409.72951671110695,41641.736027327875,35113.263972672125,0.17011196807128529,-0.01734923144709654,36050.0,36390.0,37225.0,38377.5,0.9618026930475405,0.9119927040583675,-1987.5,-0.019607843137254943,0.019607843137254943,0.032857142857142856,0.010101010101010102,0.03437840174038813,0.031889394411664815,808660.4,1180324.8,-0.01173382795073219,0.6906581984890938,24.074293328089336,2020.9040694277587,66040482.0,12.280701754385966,18.80613962532469,-0.04672897196261683,-0.006631299734747964,0.04432132963988922,-0.024322704944873246,-0.012857142857142857,34550.0
2022-02-15,35050.0,35600.0,34300.0,34550.0,478275,-0.0128571428571429,-0.01294051127573482,36235.71428571428,37310.71428571428,38195.23809523809,0.030448216414841647,1300.0,500.0,37.48970207426879,-1115.859128144526,-668.8919776555304,-446.9671504889957,41462.55567497192,34632.44432502808,0.17951537814426272,-0.01207071463465378,35083.333333333336,36080.0,36950.0,38047.5,0.9575942350332595,0.9080754320257572,-1967.5,-0.0128571428571429,0.0128571428571429,0.03762662807525326,-0.014265335235378032,0.033155729686209535,0.03177606462462504,699045.2,999558.2,-0.4133042035031851,0.47848639528943887,23.528103989107915,1969.4109216114903,65562207.0,4.504504504504505,8.479684137578879,-0.019607843137254943,-0.04672897196261683,-0.006631299734747964,-0.026397985985671557,0.027496382054992764,35500.0
2022-02-16,35500.0,35750.0,34900.0,35500.0,669760,0.02749638205499272,0.027125146267691164,36000.0,37067.857142857145,37926.19047619047,0.031722030936695844,850.0,0.0,41.479465597313265,-1144.0810779236126,-763.9297977091468,-380.1512802144658,41155.083873202006,34424.916126797994,0.17809388056110112,0.15974102187518766,35016.666666666664,35640.0,36615.0,37790.0,0.9960718294051627,0.9394019581899974,-2150.0,0.02749638205499272,0.02749638205499272,0.023943661971830985,0.0,0.026706478948484814,0.02961823780769896,665030.6,968396.4,0.400365898280278,0.6916176061786269,23.891962693745338,1914.452998639241,66231967.0,21.62162162162162,12.802275960170702,-0.0128571428571429,-0.019607843137254943,-0.04672897196261683,-0.0016562013131350417,-0.016901408450704224,34900.0
2022-02-17,35450.0,36200.0,34050.0,34900.0,833804,-0.016901408450704203,-0.01704586727298861,35828.57142857143,36796.42857142857,37652.380952380954,0.030653588340888754,2150.0,550.0,39.75368604625794,-1201.0175789992718,-851.3473539671718,-349.6702250321,41050.69262807565,34064.30737192435,0.18601837865010465,0.11961731244921683,34983.333333333336,35130.0,36285.0,37557.5,0.9934528892684316,0.929241829195234,-2427.5,-0.016901408450704203,0.016901408450704203,0.06160458452722063,-0.015514809590973202,0.026617263939564473,0.029623495240355145,724384.0,943241.65,0.24492952699474446,0.8839770805286217,24.093995749955713,1931.277784450724,65398163.0,14.655172413793103,13.59376617997308,0.02749638205499272,-0.0128571428571429,-0.019607843137254943,-0.0007540564176181282,0.0014326647564469914,34950.0
2022-02-18,34150.0,35150.0,34050.0,34950.0,421455,0.0014326647564470996,0.0014316394714378922,35435.71428571428,36582.142857142855,37433.333333333336,0.022740968641868663,1100.0,-800.0,39.97779928834761,-1227.9505347821978,-926.667990130177,-301.28254465202076,40784.85178147757,33825.14821852243,0.1865622185485897,0.16162351906263514,35116.666666666664,34980.0,35900.0,37305.0,0.9991423670668954,0.9368717330116606,-2325.0,0.0014326647564470996,0.0014326647564470996,0.031473533619456366,0.02342606149341142,0.019429344825034472,0.028650082990521342,643699.0,888404.0,-0.49453948409938064,0.474395657831347,23.413142036888633,1871.900799847101,65819618.0,15.517241379310345,17.264678471575028,-0.016901408450704203,0.02749638205499272,-0.0128571428571429,0.0040092127869118714,-0.01430615164520744,34450.0
2022-02-21,34300.0,34450.0,33550.0,34450.0,551937,-0.014306151645207432,-0.01440947122015168,35007.142857142855,36378.57142857143,37169.04761904762,0.022693009586330522,900.0,-150.0,38.43793731188903,-1274.9441550134725,-996.3232231068362,-278.6209319066363,40683.41254236121,33471.58745763879,0.1945067786318502,0.13566781374577264,34766.666666666664,34870.0,35630.0,37077.5,0.987955262403212,0.9291349200997909,-2207.5,-0.014306151645207432,0.014306151645207432,0.026124818577648767,0.004373177842565598,0.018492671805429056,0.026394292519435644,591046.2,859994.15,0.3095988895611632,0.641791574977574,23.668453464805474,1838.1935998580225,65267681.0,14.285714285714286,14.819376026272584,0.0014326647564470996,-0.016901408450704203,0.02749638205499272,-0.009924965113154846,-0.023222060957910014,33650.0
2022-02-22,33650.0,34000.0,33250.0,33650.0,617201,-0.023222060957910018,-0.02349594136893077,34714.28571428572,36007.142857142855,36914.28571428572,0.017550257499917673,750.0,0.0,36.045613311098464,-1361.0509041403857,-1069.268759313546,-291.7821448268396,40286.38789103825,33188.61210896175,0.1932024711010955,0.06500457399673823,34350.0,34690.0,35385.0,36737.5,0.9700201787258576,0.9159578087784961,-2047.5,-0.023222060957910018,0.023222060957910018,0.022288261515601784,0.0,0.020357034378356446,0.02599242576029814,618831.4,843562.65,0.11824537945453928,0.7316599425069377,23.756718354811202,1792.6083427253068,64650480.0,6.0606060606060606,11.954520575210234,-0.014306151645207432,0.0014326647564470996,-0.016901408450704203,-0.01203184928222345,0.02674591381872214,34550.0
2022-02-23,34050.0,34600.0,33550.0,34550.0,564323,0.026745913818722045,0.026394494122941998,34650.0,35746.42857142857,36633.333333333336,0.02092956685276333,1050.0,-500.0,40.52992330932597,-1341.2080334661441,-1123.6566141440658,-217.55141932207835,40034.268103633905,33000.731896366095,0.1926072761626018,0.22026873225349064,34216.666666666664,34500.0,35070.0,36517.5,1.0014492753623188,0.9461217224618333,-2017.5,0.026745913818722045,0.026745913818722045,0.030390738060781478,0.014684287812041116,0.02005717256809748,0.02252160319688436,597744.0,812970.95,-0.08567387285503425,0.6941490344765702,23.693544890835543,1739.5648896734992,65214803.0,22.033898305084747,14.12673955046837,-0.023222060957910018,-0.014306151645207432,0.0014326647564470996,-0.0035940995947984686,-0.04052098408104197,33150.0
2022-02-24,33850.0,34600.0,32950.0,33150.0,1432175,-0.04052098408104199,-0.04136483358180741,34450.0,35342.857142857145,36357.142857142855,0.025662423907571355,1650.0,700.0,36.269637692074284,-1422.0581144653406,-1183.3369142083209,-238.72120025701975,39864.83149540663,32595.16850459337,0.20065313250933647,0.07632148781969338,33783.333333333336,34150.0,34640.0,36230.0,0.9707174231332357,0.9149875793541264,-2080.0,-0.04052098408104199,0.04052098408104199,0.049773755656108594,-0.0206794682422452,0.025523817137689968,0.024664078904445986,717418.2,834720.35,1.5378639537995085,1.7157542642874348,24.583502821375077,1733.1673975539636,63782628.0,3.4482758620689653,10.51426007591993,0.026745913818722045,-0.023222060957910018,-0.014306151645207432,-0.012332377073409987,0.04524886877828054,34650.0
2022-02-25,34000.0,34900.0,33950.0,34650.0,882724,0.045248868778280604,0.04425500900404078,34328.57142857143,35164.28571428572,36154.76190476191,0.02981784441475976,950.0,-650.0,43.16315404800768,-1349.5382848839072,-1216.5771883434381,-132.96109654046904,39531.85443412906,32523.145565870942,0.19453775222422093,0.3034588073363143,34116.666666666664,34090.0,34535.0,36027.5,1.0164271047227926,0.9617653181597391,-1937.5,0.045248868778280604,0.045248868778280604,0.027417027417027416,0.01911764705882353,0.035851614631176074,0.02722751411860623,809672.0,818148.85,-0.3836479480510413,1.0789283637079,24.143820864594986,1734.369726300109,64665352.0,31.48148148148148,18.987885216211737,-0.04052098408104199,0.026745913818722045,-0.023222060957910018,0.010491266171986887,0.021645021645021644,35400.0
2022-02-28,34300.0,36200.0,34300.0,35400.0,817855,0.02164502164502169,0.021414094503816573,34400.0,35114.28571428572,35997.619047619046,0.030434691172438647,1900.0,-1100.0,46.2913458968114,-1217.5123410821107,-1216.7642188911727,-0.7481221909379201,39293.64731598072,32506.35268401928,0.18906113180951092,0.42633294602454785,34400.0,34280.0,34575.0,35900.0,1.0326721120186697,0.9860724233983287,-1620.0,0.02164502164502169,0.02164502164502169,0.05367231638418079,0.03206997084548105,0.0361723721145907,0.027496402800642337,862855.6,824821.45,-0.07348729614239558,0.9915539902605589,24.0889074374149,1746.2004601358158,65483207.0,45.370370370370374,26.76670923797361,0.045248868778280604,-0.04052098408104199,0.026745913818722045,0.008790968780753436,0.00423728813559322,35550.0
2022-03-02,35300.0,35850.0,35000.0,35550.0,475621,0.004237288135593209,0.004228336109521105,34485.71428571428,34960.71428571428,35883.333333333336,0.030443849596245347,850.0,-250.0,46.92056855311471,-1088.2326148433058,-1191.0578980815994,102.82528323829365,39143.83053867291,32481.169461327092,0.1860428922120997,0.46060132776488566,35200.0,34660.0,34675.0,35812.5,1.0256780150028852,0.9926701570680628,-1152.5,0.004237288135593209,0.004237288135593209,0.02390998593530239,0.007082152974504249,0.03253179645969625,0.027033784423780453,834539.6,776116.25,-0.41845314878554263,0.6128218549734012,23.551072032866394,1682.1861415546862,65958828.0,48.148148148148145,41.666666666666664,0.02164502164502169,0.045248868778280604,-0.04052098408104199,0.023710392852965168,0.02531645569620253,36450.0
2022-03-03,36050.0,37250.0,35950.0,36450.0,684251,0.025316455696202445,0.025001302205417186,34771.42857142857,34889.28571428572,35842.857142857145,0.030454460943718765,1300.0,-400.0,50.65591682452829,-902.748696965682,-1133.396057858416,230.647360892734,38722.39925140824,32662.60074859176,0.16977792261165456,0.6250041564332423,35800.0,35040.0,34770.0,35692.5,1.0402397260273972,1.021222945997058,-652.5,0.025316455696202445,0.025316455696202445,0.03566529492455418,0.011095700416088766,0.03236988082480051,0.02682394191995321,858525.2,745979.95,0.4386475786392947,0.9172511942177535,23.939776825832904,1683.4585600150656,66643079.0,81.3953488372093,58.30462245190927,0.004237288135593209,0.02164502164502169,0.045248868778280604,0.017066255158939114,-0.02194787379972565,35650.0
2022-03-04,36150.0,36250.0,35600.0,35650.0,439146,-0.021947873799725626,-0.022192311594362184,35057.142857142855,34885.71428571428,35690.47619047619,0.030232495346921393,650.0,500.0,47.45883279022789,-810.9564684636644,-1068.908139979466,257.95167151580154,38355.79313382226,32774.20686617774,0.15694042647671938,0.5152286457512499,35883.333333333336,35540.0,34845.0,35565.0,1.0030951041080474,1.002389990158864,-25.0,-0.021947873799725626,0.021947873799725626,0.0182328190743338,-0.013831258644536652,0.025231482963930452,0.027282821216479933,659919.4,720744.1,-0.35820919516376304,0.6092953102217555,23.47409163670503,1623.9258057282752,66203933.0,62.7906976744186,64.11139821992535,0.025316455696202445,0.004237288135593209,0.02164502164502169,0.002535290010690009,-0.047685834502103785,33950.0
2022-03-07,34350.0,35000.0,33850.0,33950.0,760035,-0.04768583450210384,-0.04886029285559987,34971.42857142857,34810.71428571428,35488.09523809524,0.03560675507469134,1150.0,400.0,41.46928497139806,-865.4103467773166,-1028.208581339036,162.79823456171948,37748.77611567061,32896.22388432939,0.1373785046738261,0.2171591495429102,35350.0,35400.0,34745.0,35322.5,0.9590395480225988,0.9611437469035318,77.5,-0.04768583450210384,0.04768583450210384,0.033873343151693665,-0.011644832605531296,0.030883098350366775,0.0315730966536491,635381.6,726040.4,0.730711426268257,1.0468219123894482,23.9737638968593,1636.5025338905411,65443898.0,23.25581395348837,55.8139534883721,-0.021947873799725626,0.025316455696202445,0.004237288135593209,-0.014772417535209007,-0.023564064801178203,33150.0
2022-03-08,33200.0,33800.0,32950.0,33150.0,582625,-0.02356406480117823,-0.023846137372833646,34971.42857142857,34710.71428571428,35219.04761904762,0.03293548841555794,850.0,50.0,38.97638804005413,-962.0290793959575,-1014.9726809504205,52.94360155446293,37573.81006864321,32671.189931356792,0.13958630898388258,0.09766411739748368,34250.0,34950.0,34615.0,35122.5,0.9484978540772532,0.9438394191757421,-172.5,-0.02356406480117823,0.02356406480117823,0.02564102564102564,-0.0015060240963855422,0.028105507351014372,0.03209089192738586,588335.6,712724.45,-0.23342346076167542,0.817461783442395,23.684097029340826,1591.038067184074,64861273.0,4.651162790697675,30.232558139534888,-0.04768583450210384,-0.021947873799725626,0.025316455696202445,-0.031065924367669234,0.016591251885369532,33700.0
2022-03-10,34100.0,34800.0,33700.0,33700.0,556831,0.016591251885369473,0.016455120726444467,34835.71428571428,34582.142857142855,35054.76190476191,0.028018858923678034,1100.0,400.0,41.57667588069985,-982.8895784060514,-1008.5560604415466,25.666482035495164,37487.07875281654,32517.921247183465,0.14196578831892218,0.23788313239749828,33600.0,34580.0,34620.0,35002.5,0.9745517640254482,0.9627883722591244,-422.5,0.016591251885369473,0.016591251885369473,0.032640949554896145,-0.011730205278592375,0.03041780535454429,0.03182354432816044,604577.6,689248.45,-0.044272044625616847,0.8078813960336074,23.655270178133634,1595.249633813783,65418104.0,17.441860465116278,15.116279069767446,-0.02356406480117823,-0.04768583450210384,-0.021947873799725626,-0.018219549139304198,-0.008902077151335312,33400.0
2022-03-11,33750.0,34800.0,33200.0,33400.0,599598,-0.008902077151335286,-0.008941937375661282,34550.0,34475.0,34926.19047619047,0.02568715515091555,1600.0,350.0,40.56140996314447,-1011.9638773067636,-1009.23762381459,-2.726253492173555,37020.712225048315,32554.28777495168,0.12839164786479726,0.1893488257771877,33416.666666666664,33970.0,34505.0,34787.5,0.9832204886664704,0.9601149838303988,-817.5,-0.008902077151335286,0.008902077151335286,0.04790419161676647,-0.01037037037037037,0.023468519681541847,0.03054089308826893,587647.0,677236.7,0.07680427275061907,0.8853595795975027,23.720325888662703,1595.5889456842272,64818506.0,10.465116279069768,10.852713178294579,0.016591251885369473,-0.02356406480117823,-0.04768583450210384,-0.005291630022381348,-0.04491017964071856,31900.0
2022-03-14,33200.0,33300.0,31600.0,31900.0,885926,-0.04491017964071853,-0.04594989019185581,34028.57142857143,34257.142857142855,34650.0,0.028457686344121696,1700.0,1300.0,35.847861430061386,-1142.8686541969946,-1035.963829891071,-106.90482430592351,36729.4356798164,32290.564320183596,0.12862565516177354,-0.0879873031995016,33000.0,33220.0,34380.0,34510.0,0.9602649006622517,0.9243697478991597,-1290.0,-0.04491017964071853,0.04491017964071853,0.05329153605015674,-0.0391566265060241,0.026680786168066416,0.031165855150269744,677003.0,694681.15,0.47753328063135636,1.2752987467703707,24.064749993462733,1610.1897352782112,63932580.0,5.3097345132743365,11.072237085820133,-0.008902077151335286,0.016591251885369473,-0.02356406480117823,-0.012407001635561446,-0.014106583072100314,31450.0
2022-03-15,31650.0,31900.0,31100.0,31450.0,569467,-0.014106583072100332,-0.014207026644349374,33314.28571428572,34042.857142857145,34364.28571428572,0.022370368919030947,800.0,200.0,34.55068934321169,-1268.3026685218501,-1082.431597617227,-185.87107090462314,36829.08469197291,31765.915308027088,0.14762502759518392,-0.06239477372192701,32250.0,32720.0,34060.0,34297.5,0.9611858190709046,0.9169764560099133,-1577.5,-0.014106583072100332,0.014106583072100332,0.025437201907790145,-0.00631911532385466,0.02238274869623369,0.026114595368963992,638889.4,681910.5,-0.3572070353505823,0.8351051934234771,23.6086103768086,1552.3190399011962,63363113.0,5.691056910569106,7.155302567637741,-0.04491017964071853,-0.008902077151335286,0.016591251885369473,-0.02263961328805138,0.02384737678855326,32200.0
2022-03-16,32250.0,32500.0,31750.0,32200.0,540649,0.0238473767885532,0.023567469403913032,32821.42857142857,33939.28571428572,34197.619047619046,0.027974374598139583,750.0,50.0,38.54226466092135,-1292.294529676401,-1124.404184029062,-167.89034564733902,36831.2072626441,31483.792737355903,0.1565516950973636,0.13393524277145824,31850.0,32530.0,33740.0,34157.5,0.9898555179834,0.942691941740467,-1627.5,0.0238473767885532,0.0238473767885532,0.023291925465838508,-0.0015503875968992248,0.027331765019602484,0.02641245889516319,630494.2,668182.9,-0.05060521505196969,0.8091332477978709,23.58024728033646,1516.4391084796823,63903762.0,17.88617886178862,9.62899009521069,-0.014106583072100332,-0.04491017964071853,-0.008902077151335286,-0.011723128641421887,0.05745341614906832,34050.0
2022-03-17,33300.0,34300.0,33250.0,34050.0,1071076,0.05745341614906829,0.05586358004515872,32835.71428571428,33903.57142857143,34152.380952380954,0.03393014619239687,1050.0,-750.0,47.11071180879123,-1148.7862211259635,-1129.2805914484425,-19.50562967752103,36800.09797334014,31464.90202665986,0.15630838487307638,0.4845366504202467,32566.666666666668,32600.0,33590.0,34132.5,1.044478527607362,0.997582948802461,-1532.5,0.05745341614906829,0.05745341614906829,0.030837004405286344,0.02252252252252252,0.03914378613592826,0.03374440283049894,733343.2,697822.95,0.9810930936707549,1.534882164594902,24.31975962023532,1558.1220293025622,64974838.0,47.96747967479675,23.84823848238483,0.0238473767885532,-0.014106583072100332,-0.04491017964071853,0.02239806995517372,0.07782672540381791,36700.0
2022-03-18,34150.0,37350.0,33650.0,36700.0,2638803,0.07782672540381785,0.07494672246500315,33342.857142857145,34157.142857142855,34254.76190476191,0.04179033523714013,3700.0,-2550.0,56.472310378580325,-811.8633443855797,-1065.79714203587,253.93379765029022,37037.67597272813,31347.32402727187,0.16642105565420087,0.9406581568302177,34316.666666666664,33260.0,33615.0,34192.5,1.1034275405892964,1.0733347956423192,-932.5,0.07782672540381785,0.07782672540381785,0.1008174386920981,0.0746705710102489,0.05034401363816636,0.04188160423386592,1141184.2,796275.1,1.463693519414122,3.313933840201709,25.296367997263594,1711.1133129238078,67613641.0,89.6,51.81788617886179,0.05745341614906829,0.0238473767885532,-0.014106583072100332,0.053042506113813115,0.027247956403269755,37700.0
2022-03-21,36950.0,38200.0,36500.0,37700.0,1684948,0.027247956403269713,0.02688333939344045,33914.28571428572,34375.0,34359.52380952381,0.042055290205057334,1700.0,-750.0,59.39322963123267,-458.868345863797,-944.4113828014554,485.54303693765837,37572.42771199411,31092.572288005893,0.18873823415097118,1.0196875207328886,36150.0,34420.0,33820.0,34332.5,1.095293434049971,1.0980849049734216,87.5,0.027247956403269713,0.027247956403269713,0.04509283819628647,0.02029769959404601,0.03511667766345954,0.04171552455738563,1300988.6,838832.3,-0.36147260708738016,2.0086827843896806,24.874660634210123,1710.3195048578216,69298589.0,92.95774647887323,76.84174205122332,0.07782672540381785,0.05745341614906829,0.0238473767885532,0.05417603265205195,0.0,37700.0
2022-03-22,38050.0,38300.0,37350.0,37700.0,796646,0.0,0.0,34528.57142857143,34539.28571428572,34492.857142857145,0.04129961101158928,950.0,350.0,59.39322963123267,-177.0760439351725,-790.9443150281988,613.8682710930264,38037.16015605514,30902.839843944854,0.20697186864259615,0.9527410963756668,37366.666666666664,35670.0,34195.0,34470.0,1.056910569105691,1.0937046707281695,1200.0,0.0,0.0,0.025198938992042442,-0.009198423127463863,0.030503603085807216,0.03734505791215542,1346424.4,857591.85,-0.5271984654719315,0.9289337346197961,24.125581066949902,1656.0109687965487,69298589.0,91.66666666666667,91.40813771517998,0.027247956403269713,0.07782672540381785,0.05745341614906829,0.035024893935695856,0.023872679045092837,38600.0
2022-03-23,38200.0,38950.0,37900.0,38600.0,1109751,0.023872679045092937,0.023592182016820194,35485.71428571428,34757.142857142855,34666.666666666664,0.03050146286616248,1050.0,-400.0,62.0512784947276,117.51423300532042,-609.252605421495,726.7668384268154,38694.23800620931,30660.761993790693,0.2316624904453497,0.9882693362046979,38000.0,36950.0,34740.0,34677.5,1.0446549391069013,1.1131136904332781,2272.5,0.023872679045092937,0.023872679045092937,0.027202072538860103,0.010471204188481676,0.030500820537691868,0.03540842561565351,1460244.8,885482.55,0.39302902418389096,1.2532725800186575,24.480653779275993,1627.010185311081,70408340.0,95.54140127388536,93.38860480647509,0.0,0.027247956403269713,0.07782672540381785,0.017040211816120882,0.023316062176165803,39500.0
2022-03-24,38350.0,39750.0,38300.0,39500.0,1208563,0.023316062176165886,0.02304839543629109,36635.71428571428,34975.0,34907.142857142855,0.024778441904424235,1450.0,-1150.0,64.55025573497176,418.7742592919676,-403.6472324788025,822.4214917707701,39491.92320519535,30448.07679480465,0.2586172836828911,1.000893070761946,38600.0,38040.0,35320.0,34970.0,1.0383806519453207,1.1295396053760367,3070.0,0.023316062176165886,0.023316062176165886,0.03670886075949367,0.02998696219035202,0.028618891824137686,0.035486952404871784,1487742.2,915050.65,0.08903979361135961,1.3207607688164584,24.588998559417664,1614.366600646004,71616903.0,97.10982658959537,94.77263151004915,0.023872679045092937,0.0,0.027247956403269713,0.015729580407086274,0.021518987341772152,40350.0
2022-03-25,40050.0,40950.0,39650.0,40350.0,1566091,0.021518987341772045,0.021290722808881515,37800.0,35310.71428571428,35226.19047619047,0.02493058923955434,1300.0,-300.0,66.77553368660672,717.8381059918465,-179.35016478467267,897.1882707765192,40373.71736246323,30146.28263753677,0.2900577063223612,0.9976810057359328,39483.333333333336,38770.0,36015.0,35260.0,1.0407531596595305,1.1443562110039704,3510.0,0.021518987341772045,0.021518987341772045,0.0322180916976456,0.00749063670411985,0.010926605249256356,0.034346871290657124,1273199.8,965139.05,0.2958290134647512,1.6226584138316649,24.869439937392467,1602.6261291712894,73182994.0,93.90862944162437,95.51995243503502,0.023316062176165886,0.023872679045092937,0.0,0.022902576187676955,-0.0012391573729863693,40300.0
2022-03-28,40400.0,40750.0,38950.0,40300.0,1339672,-0.0012391573729864103,-0.0012399257633205472,38692.857142857145,35764.28571428572,35500.0,0.025249782955850567,1800.0,100.0,66.5110488871883,939.9782923693492,44.51552664613172,895.4627657232174,41096.76954409455,30138.23045590545,0.3076728879957634,0.9272923573404692,40050.0,39290.0,36855.0,35617.5,1.0257062865869178,1.13146627360146,3672.5,-0.0012391573729864103,0.0012391573729864103,0.04466501240694789,-0.0024752475247524753,0.012920374101762794,0.027282023355886212,1204144.6,960513.9,-0.1445758899067806,1.394745042211258,24.712042113798425,1616.7242628019117,71843322.0,93.4010152284264,94.80649041988204,0.021518987341772045,0.023316062176165886,0.023872679045092937,0.014531964048317173,-0.0012406947890818859,40250.0
2022-03-29,40650.0,41200.0,39900.0,40250.0,678808,-0.001240694789081842,-0.001241465088064877,39200.0,36271.42857142857,35838.09523809524,0.01322238408706233,1300.0,400.0,66.2285522422703,1099.319141612461,255.47624963939757,843.8428919730634,41729.577809747345,30065.422190252655,0.3249294691690143,0.8731517429967689,40300.0,39800.0,37735.0,35897.5,1.0113065326633166,1.1212479977714325,3902.5,-0.001240694789081842,0.001240694789081842,0.03229813664596273,-0.00984009840098401,0.013251970499199819,0.02553403530821281,1180577.0,950318.1,-0.49330283830669,0.7142955606128095,24.0309588806599,1594.1011011732037,71164514.0,90.5940594059406,92.63456802533047,-0.0012391573729864103,0.021518987341772045,0.023316062176165886,0.006346378393234597,-0.014906832298136646,39650.0
2022-03-30,40950.0,41450.0,39200.0,39650.0,1264905,-0.014906832298136607,-0.015019055783715346,39478.57142857143,36696.42857142857,36076.19047619047,0.015310349016842974,2250.0,1300.0,62.78248363845886,1163.7677369839948,437.13454710831707,726.6331898756778,42170.97091405764,30049.029085942366,0.3356948720054077,0.7920324194090279,40066.666666666664,40010.0,38480.0,36110.0,0.9910022494376406,1.0980337856549431,3900.0,-0.014906832298136607,0.014906832298136607,0.05674653215636822,-0.031746031746031744,0.01644165066583278,0.02853671834793661,1211607.8,972670.6,0.8634208789525168,1.3004453923044452,24.638353805592406,1640.951022517975,69899609.0,82.6086956521739,88.86792342884696,-0.001240694789081842,-0.0012391573729864103,0.021518987341772045,-0.005795561486734953,-0.008827238335435058,39300.0
2022-03-31,39300.0,39850.0,38750.0,39300.0,807845,-0.008827238335435084,-0.008866429205641468,39707.142857142855,37117.857142857145,36261.90476190476,0.016337984985926125,1100.0,0.0,60.79524621752499,1173.0791124234092,584.3234601713356,588.7556522520737,42515.51076669515,30079.48923330485,0.34261372087307124,0.7414357350490579,39733.333333333336,39970.0,39005.0,36297.5,0.9832374280710533,1.0827191955368827,3672.5,-0.008827238335435084,0.008827238335435084,0.027989821882951654,0.0,0.013800968741198738,0.02687754837425151,1131464.2,989281.8,-0.36133938912408436,0.8165974548404711,24.181105285306863,1602.3116637666913,69091764.0,79.22705314009661,84.14326939940372,-0.014906832298136607,-0.001240694789081842,-0.0012391573729864103,-0.008324921807551178,-0.027989821882951654,38200.0
2022-04-01,38950.0,39300.0,38200.0,38200.0,720964,-0.027989821882951627,-0.028389003262686025,39650.0,37567.857142857145,36388.09523809524,0.01862892866270381,1100.0,750.0,54.912356953196856,1079.2566389081621,683.3100959187009,395.94654298946125,42661.02790909899,30108.972090901007,0.3449788599202415,0.6445978273430405,39050.0,39540.0,39155.0,36385.0,0.966110268082954,1.049883193623746,3155.0,-0.027989821882951627,0.027989821882951627,0.028795811518324606,-0.019255455712451863,0.011169484790636041,0.018948403046675104,962438.8,991117.45,-0.10754662094832546,0.7274253924194353,24.038935278999613,1566.4322592119277,68370800.0,68.59903381642512,76.81159420289855,-0.008827238335435084,-0.014906832298136607,-0.001240694789081842,-0.017241297505507774,0.010471204188481676,38600.0
2022-04-04,37850.0,38750.0,37550.0,38600.0,775504,0.010471204188481575,0.01041676085825558,39521.42857142857,38078.57142857143,36490.47619047619,0.016325408394051666,1200.0,-750.0,56.55853755109363,1025.3586139157705,751.7197995181148,273.6388143976558,42874.114853282124,30190.885146717876,0.3471766155221857,0.6630105302697434,38700.0,39200.0,39245.0,36532.5,0.9846938775510204,1.0565934441935263,2667.5,0.010471204188481575,0.010471204188481575,0.031088082901554404,0.019815059445178335,0.014436168413082357,0.017354215757518943,849605.2,1007935.35,0.07564871477632718,0.7693985531909363,24.122275975034363,1540.2585264110758,69146304.0,70.61855670103093,72.81488121918422,-0.027989821882951627,-0.008827238335435084,-0.014906832298136607,-0.008781952009968378,-0.019430051813471502,37850.0
2022-04-05,39000.0,39150.0,37750.0,37850.0,681739,-0.01943005181347146,-0.01962129658732735,39164.28571428572,38482.142857142855,36595.23809523809,0.013052999079497161,1400.0,1150.0,52.675142105963054,911.6167582788257,783.699191270257,127.91756700856877,42973.886323728555,30481.11367627144,0.34014764542800663,0.5898519513383192,38216.666666666664,38720.0,39260.0,36727.5,0.9775309917355371,1.030562929684841,1992.5,-0.01943005181347146,0.01943005181347146,0.036988110964332896,-0.029487179487179487,0.014441761970491023,0.01870040790646927,850191.4,1004020.55,-0.12090846726773818,0.6790090103235437,23.973788424535186,1530.2400602388561,68464565.0,56.09756097560975,65.1050504976886,0.010471204188481575,-0.027989821882951627,-0.008827238335435084,-0.012316223169313837,-0.022457067371202115,37000.0
2022-04-06,37200.0,37400.0,36850.0,37000.0,585912,-0.022457067371202122,-0.02271306723923335,38692.857142857145,38692.857142857145,36740.47619047619,0.013406161646052128,550.0,200.0,48.60216986428591,744.3077060472715,775.8208942256599,-31.51318817838842,42935.19129502874,30904.808704971263,0.3258500159820551,0.5066498300782317,37816.666666666664,38190.0,39100.0,36920.0,0.9688400104739461,1.0021668472372698,1270.0,-0.022457067371202122,0.022457067371202122,0.014864864864864866,-0.005376344086021506,0.01517971829357388,0.018007710644760342,714392.8,1004184.9,-0.140562590668863,0.5834702354118251,23.799598078306435,1492.365770221795,67878653.0,42.94871794871795,56.554945208452885,-0.01943005181347146,0.010471204188481575,-0.027989821882951627,-0.010471971665397336,-0.0013513513513513514,36950.0
2022-04-07,36300.0,37250.0,36300.0,36950.0,469112,-0.0013513513513513375,-0.0013522652500136498,38221.42857142857,38710.71428571428,36921.42857142857,0.013391116870032364,950.0,-650.0,48.36526440831302,600.7543721787006,740.8075898162681,-140.0532176375675,42903.90107932067,31261.098920679335,0.3139702597894245,0.4886195781569938,37266.666666666664,37720.0,38845.0,37082.5,0.9795864262990456,0.9964268859974381,637.5,-0.0013513513513513375,0.0013513513513513375,0.02571041948579161,0.01790633608815427,0.016112607106007884,0.015328361082166349,646646.2,999798.95,-0.199347342263002,0.46920633393343736,23.575917751322997,1453.6253580630953,67409541.0,12.62135922330097,37.22254604920956,-0.022457067371202122,-0.01943005181347146,0.010471204188481575,-0.014412823512008307,0.017591339648173207,37600.0
2022-04-08,37200.0,38000.0,36600.0,37600.0,587120,0.017591339648173276,0.01743840300163812,37928.57142857143,38703.57142857143,37107.142857142855,0.017307322782382662,1400.0,-400.0,51.663791253337884,533.2894596357655,699.3039637801676,-166.01450414440205,42851.68159444356,31733.31840555644,0.2981393896597739,0.5276569486691484,37183.333333333336,37600.0,38570.0,37292.5,1.0,1.0082456257960717,307.5,0.017591339648173276,0.017591339648173276,0.03723404255319149,0.010752688172043012,0.01772507077842736,0.01456044549065088,619877.4,999175.05,0.2515561315847814,0.5876047445340034,23.81774383664223,1449.7949753443029,67996661.0,25.24271844660194,26.93759853954029,-0.0013513513513513375,-0.022457067371202122,-0.01943005181347146,-0.002072359691460061,-0.02925531914893617,36500.0
2022-04-11,37300.0,37350.0,36300.0,36500.0,525540,-0.0292553191489362,-0.02969178980740304,37528.57142857143,38617.857142857145,37254.76190476191,0.01924586672141596,1050.0,800.0,46.276143023615475,386.6056739153937,636.7643058072128,-250.15863189181914,42491.6124909151,32553.387509084903,0.26486041659884585,0.39711442416835896,37016.666666666664,37180.0,38190.0,37522.5,0.9817105970952125,0.9727496835232194,-342.5,-0.0292553191489362,0.0292553191489362,0.028767123287671233,-0.021447721179624665,0.019014113600026233,0.015969263504773318,569884.6,981155.75,-0.104884861697779,0.5356336137254457,23.677249124007904,1439.0953342482812,67471121.0,3.883495145631068,13.915857605177997,0.017591339648173276,-0.0013513513513513375,-0.022457067371202122,-0.00433844361737142,0.0,36500.0
2022-04-12,35800.0,36600.0,35550.0,36500.0,381071,0.0,0.0,37285.71428571428,38467.857142857145,37473.80952380953,0.017799176572298476,1050.0,-700.0,46.276143023615475,267.2767173092361,562.8667881076175,-295.59007079838136,41883.591767964965,33666.408232035035,0.21752967666260567,0.3448373467107049,36866.666666666664,36910.0,37815.0,37775.0,0.9888918992143051,0.9662475181998676,-865.0,0.0,0.0,0.028767123287671233,0.019553072625698324,0.018840227887225208,0.01604725949806042,509751.0,971735.95,-0.27489629714198727,0.3921548852854523,23.35580852809603,1411.302810373404,67471121.0,16.10169491525424,15.075969502495754,-0.0292553191489362,0.017591339648173276,-0.0013513513513513375,-0.003887993166920974,0.03424657534246575,37750.0
2022-04-13,36750.0,38150.0,36550.0,37750.0,863465,0.03424657534246567,0.03367321510658781,37164.28571428572,38342.857142857145,37773.80952380953,0.022918198597680264,1600.0,-1000.0,52.76756694247579,270.4545807396207,504.38434663401813,-233.9297658943974,41216.85326393046,34888.14673606954,0.1663151311441015,0.4522019233048173,36916.666666666664,37060.0,37625.0,38052.5,1.0186184565569347,0.9920504566060049,-992.5,0.03424657534246567,0.03424657534246567,0.0423841059602649,0.027210884353741496,0.023716185684905532,0.021007696749297224,565261.6,987876.75,1.265890083475258,0.8740614656636063,24.207449397739556,1428.3526096324467,68334586.0,37.28813559322034,19.091108551368553,0.0,-0.0292553191489362,0.017591339648173276,0.0016637520645098232,-0.0026490066225165563,37650.0
2022-04-14,37850.0,38150.0,37500.0,37650.0,405011,-0.0026490066225165476,-0.002652521449131117,37135.71428571428,38150.0,38033.333333333336,0.02175746516959422,650.0,200.0,52.22392003081597,261.8850483191054,455.8844869710356,-193.99943865193018,40789.48733092801,35675.51266907199,0.1337598813014063,0.3860964243048101,37300.0,37200.0,37460.0,38232.5,1.0120967741935485,0.9847642712352056,-1032.5,-0.0026490066225165476,0.0026490066225165476,0.017264276228419653,-0.005284015852047556,0.023799708464942244,0.020963639065465774,552441.4,954573.5,-0.5309468247120612,0.42428477220454996,23.44775773950728,1372.7559946587005,67929575.0,35.59322033898305,29.66101694915255,0.03424657534246567,0.0,-0.0292553191489362,0.010532522906649707,-0.00398406374501992,37500.0
2022-04-15,37250.0,38050.0,36750.0,37500.0,505954,-0.003984063745019917,-0.00399202126953745,37207.142857142855,37950.0,38197.619047619046,0.019658105973226352,1300.0,-250.0,51.36899725711948,240.22077023101156,412.7517436230308,-172.53097339201923,40752.41404774652,35792.58595225348,0.12959247750977956,0.34424863420126084,37633.333333333336,37180.0,37390.0,38272.5,1.0086067778375472,0.9798157946306094,-1092.5,-0.003984063745019917,0.003984063745019917,0.034666666666666665,0.006711409395973154,0.022644273616344045,0.019224065551725514,536208.2,847931.05,0.24923520595736903,0.5966923843630918,23.666297247057418,1367.5591378973647,67423621.0,33.05084745762712,35.310734463276845,-0.0026490066225165476,0.03424657534246567,0.0,0.009204501658309735,0.029333333333333333,38600.0
2022-04-18,37600.0,39150.0,37250.0,38600.0,977539,0.029333333333333433,0.028911343494420143,37442.857142857145,37832.142857142855,38288.09523809524,0.022006732478124815,1900.0,-1000.0,56.93641386785512,308.25906209668756,391.8532073177622,-83.59414522107465,40786.31070878054,35848.68929121946,0.12886074032912065,0.5572137829350918,37916.666666666664,37600.0,37390.0,38317.5,1.0265957446808511,1.0073726104260456,-717.5,0.029333333333333433,0.029333333333333433,0.04922279792746114,0.026595744680851064,0.018758823846930475,0.021356097965449496,626608.0,812560.6,0.932070899726062,1.203035195159598,24.3538010232234,1405.590628047553,68401160.0,51.69491525423729,40.11299435028249,-0.003984063745019917,-0.0026490066225165476,0.03424657534246567,0.007566754321932323,0.014248704663212436,39150.0
2022-04-19,38950.0,39500.0,38600.0,39150.0,666094,0.014248704663212486,0.01414814596602698,37664.28571428572,37796.42857142857,38357.142857142855,0.021761479266551524,900.0,-200.0,59.436910151897294,401.92713621256553,393.8679930967229,8.05914311584263,40867.60495555476,35912.39504444524,0.1290755381898806,0.6533739263590206,38416.666666666664,38130.0,37520.0,38390.0,1.0267505900865461,1.0197968220890856,-260.0,0.014248704663212486,0.014248704663212486,0.022988505747126436,0.005134788189987163,0.017645303085530813,0.020556287492218956,683612.6,806033.0,-0.3186010992911792,0.8263855201958232,23.98434178216149,1369.4770117584421,69067254.0,83.72093023255815,56.15556431480752,0.029333333333333433,-0.003984063745019917,-0.0026490066225165476,0.013199324750508667,-0.0038314176245210726,39000.0
2022-04-20,39250.0,39450.0,38750.0,39000.0,475710,-0.003831417624521105,-0.003838776307165713,38021.42857142857,37775.0,38419.04761904762,0.016230795021274655,700.0,250.0,58.440262988398985,458.76762577671616,406.8479196327216,51.919706143994574,40901.16333002116,35918.83666997884,0.1297143103369519,0.6184185703301494,38916.666666666664,38380.0,37720.0,38410.0,1.0161542470036478,1.0153605831814632,-30.0,-0.003831417624521105,0.003831417624521105,0.017948717948717947,-0.006369426751592357,0.014846593602472934,0.018695345962830057,606061.6,774330.95,-0.28582152068626954,0.6143497170040795,23.643880629017406,1321.6572252042677,68591544.0,87.34177215189874,74.25253921289806,0.014248704663212486,0.029333333333333433,-0.003984063745019917,0.013250206790674937,0.028205128205128206,40100.0
2022-04-21,39350.0,40600.0,39150.0,40100.0,1175573,0.028205128205128105,0.027814688182876978,38535.71428571428,37910.71428571428,38490.47619047619,0.016917837138683865,1450.0,-750.0,63.30024325446291,585.8219395289561,442.6427236119685,143.17921591698763,40999.934209680934,35880.065790319066,0.13319116595634412,0.8242270824231259,39416.666666666664,38870.0,38035.0,38440.0,1.031643941342938,1.04318418314256,430.0,0.028205128205128105,0.028205128205128105,0.03615960099750624,0.01905972045743329,0.01636365270177432,0.019806610561918757,760174.0,772681.45,1.4711967375081456,1.5214199849109877,24.57639785958345,1341.5388519753915,69767117.0,90.0990099009901,87.053904095149,-0.003831417624521105,0.014248704663212486,0.029333333333333433,0.012874138414606495,0.006234413965087282,40350.0
2022-04-22,39550.0,41000.0,39450.0,40350.0,835903,0.006234413965087171,0.006215060403434192,38907.142857142855,38035.71428571428,38530.95238095238,0.01444682153485404,1550.0,-800.0,64.32142083854052,698.6329039840784,493.84075968639047,204.79214429768797,40999.934209680934,35880.065790319066,0.13319116595634412,0.8730564623061269,39816.666666666664,39440.0,38310.0,38440.0,1.0230730223123732,1.049687825182102,1000.0,0.006234413965087171,0.006234413965087171,0.03841387856257745,0.020227560050568902,0.014245270451841076,0.019544286748877485,826163.8,736172.05,-0.28893994673235945,1.1354723396521234,24.241614530354596,1356.4289339771494,70603020.0,88.07339449541284,88.50472551610056,0.028205128205128105,-0.003831417624521105,0.014248704663212486,0.010202708181898057,-0.06071871127633209,37900.0
2022-04-25,39450.0,39750.0,37900.0,37900.0,1090357,-0.060718711276332105,-0.06264028262757715,38942.857142857145,38039.28571428572,38414.28571428572,0.031081988277581192,1850.0,1550.0,49.720393775484624,583.6143387681877,511.79547550275,71.81886326543776,40733.64541938669,35906.35458061331,0.12597314297425305,0.4129946767187695,39450.0,39300.0,38450.0,38320.0,0.9643765903307888,0.9890396659707724,980.0,-0.060718711276332105,0.060718711276332105,0.048812664907651716,-0.03929024081115336,0.03423647382055844,0.027133884972726337,848727.4,723706.3,0.30440613324751786,1.5066291394727391,24.444722114611896,1434.5411529787816,69512663.0,43.11926605504587,73.76389015048294,0.006234413965087171,0.028205128205128105,-0.003831417624521105,-0.008759723035372277,0.0013192612137203166,37950.0
2022-04-26,38500.0,38650.0,37850.0,37950.0,438868,0.0013192612137202797,0.0013183917532582322,39007.142857142855,38107.142857142855,38302.380952380954,0.03100610633922569,800.0,550.0,49.969995122769845,490.8378066045407,507.60394172310816,-16.76613511856749,40444.3373079881,35965.6626920119,0.11722744708745444,0.4430635127878298,38733.333333333336,39060.0,38595.0,38205.0,0.9715821812596006,0.9933254809579898,855.0,0.0013192612137202797,0.0013192612137202797,0.021080368906455864,-0.014285714285714285,0.03305976103881298,0.027114890273112004,803282.2,711709.3,-0.5975006351130868,0.6166394060046707,23.535978746355518,1389.2167849088687,69951531.0,44.03669724770642,58.40978593272172,-0.060718711276332105,0.006234413965087171,0.028205128205128105,-0.017721678699174886,-0.0013175230566534915,37900.0
2022-04-27,36750.0,37900.0,36700.0,37900.0,563044,-0.0013175230566534468,-0.0013183917532582244,38907.142857142855,38175.0,38190.47619047619,0.028596689484427687,1200.0,-1150.0,49.704269498377535,408.5674431531952,487.7966420091256,-79.2291988559304,40253.47629594575,35981.52370405425,0.11207326272424746,0.44908651364417485,37916.666666666664,38840.0,38610.0,38117.5,0.9757981462409887,0.9942939594674363,722.5,-0.0013175230566534468,0.0013175230566534468,0.0316622691292876,0.031292517006802724,0.03311545981604662,0.024991101656273697,820749.0,676616.25,0.282946125030761,0.8321467301443026,23.783819447938548,1379.2727288439494,69388487.0,43.11926605504587,43.42507645259939,0.0013192612137202797,-0.060718711276332105,0.006234413965087171,-0.02023899103975509,-0.03430079155672823,36600.0
2022-04-28,38050.0,38150.0,35900.0,36600.0,845412,-0.03430079155672827,-0.03490287168106014,38542.857142857145,38103.57142857143,38045.23809523809,0.02978944619462628,2250.0,1450.0,43.262647278562426,235.7508627494026,437.387486157181,-201.63662340777842,40144.92432176676,35820.07567823324,0.11386424388951548,0.18033563392626406,37483.333333333336,38140.0,38505.0,37982.5,0.9596224436287363,0.9636016586585928,157.5,-0.03430079155672827,0.03430079155672827,0.06147540983606557,-0.03810775295663601,0.028849409709855674,0.027352920562693332,754716.8,678494.6,0.5015025468702268,1.2460113905106982,24.15538288090002,1441.4675339265245,68543075.0,19.26605504587156,35.47400611620795,-0.0013175230566534468,0.0013192612137202797,-0.060718711276332105,-0.011433017799887146,0.040983606557377046,38100.0
2022-04-29,36950.0,38450.0,36700.0,38100.0,711210,0.040983606557376984,0.04016604172533465,38414.28571428572,38217.857142857145,37988.09523809524,0.03533934349425456,1750.0,-1150.0,51.13230744796627,217.32475715954206,393.37494035765326,-176.0501831981112,40138.268625427445,35816.731374572555,0.1137920413627777,0.528346394555726,37533.333333333336,37690.0,38565.0,37977.5,1.0108782170336958,1.0032255941017707,-287.5,0.040983606557376984,0.040983606557376984,0.045931758530183726,0.03112313937753721,0.03860861456774863,0.03058387199751252,729778.2,678006.9,-0.15874153667087765,1.048971625510006,24.022692584977083,1470.6484243603443,69254285.0,46.788990825688074,36.39143730886851,-0.03430079155672827,-0.0013175230566534468,0.0013192612137202797,0.0017884306479984218,0.04199475065616798,39700.0
2022-05-03,38350.0,39850.0,38100.0,39700.0,908618,0.04199475065616798,0.04113690556048945,38357.142857142855,38446.42857142857,38059.52380952381,0.0375839438314732,1750.0,-1350.0,57.84836944588059,328.04704187221796,380.30936066056626,-52.262318788348296,40312.68351062042,35752.31648937958,0.11990710632329842,0.8656503944163433,38133.333333333336,38050.0,38675.0,38032.5,1.0433639947437583,1.0438440807204366,17.5,0.04199475065616798,0.04199475065616798,0.04408060453400504,0.035202086049543675,0.03220753321715157,0.03206660050217597,693430.4,684662.6,0.2775664009223717,1.3271033060663748,24.308786509511993,1490.6021083346054,70162903.0,74.50980392156863,46.85494993104276,0.040983606557376984,-0.03430079155672827,-0.0013175230566534468,0.016225855218938896,0.030226700251889168,40900.0
2022-05-04,40700.0,42000.0,40200.0,40900.0,1970426,0.030226700251889227,0.02977887535561139,38435.71428571428,38671.42857142857,38169.04761904762,0.03939467819414475,1800.0,-200.0,62.0598766593145,506.7833385346021,405.6041562353734,101.17918229922867,40797.54060658445,35572.45939341555,0.13683596210996207,1.0196091484965475,39566.666666666664,38640.0,38850.0,38185.0,1.058488612836439,1.0711012177556631,455.0,0.030226700251889227,0.030226700251889227,0.044009779951100246,0.004914004914004914,0.03290595741042187,0.033056565451680224,999742.0,749096.95,1.1685967040054237,2.6304018458491925,25.112645663035007,1548.4162434535622,72133329.0,81.9672131147541,67.75533595400361,0.04199475065616798,0.040983606557376984,-0.03430079155672827,0.03773501915514473,0.011002444987775062,41350.0
2022-05-06,40700.0,42300.0,40150.0,41350.0,1429441,0.011002444987775029,0.010942358420944227,38928.57142857143,38935.71428571428,38335.71428571428,0.027231893300130462,2150.0,-650.0,63.53137087452397,676.9410257939089,459.87153014708053,217.0694956468284,41307.57269589266,35497.42730410734,0.15129601957646824,1.0073022792454256,40650.0,39330.0,39085.0,38402.5,1.0513602847698957,1.0767528155719028,927.5,0.011002444987775029,0.011002444987775029,0.05199516324062878,0.01597051597051597,0.03177193439784402,0.0329549076744347,1173021.4,791273.4,-0.27455230493304494,1.8065070808648438,24.802621717189062,1591.386511778308,73562770.0,85.15625,80.54442234544092,0.030226700251889227,0.04199475065616798,0.040983606557376984,0.027741298631944078,-0.02176541717049577,40450.0
2022-05-10,38800.0,40750.0,38650.0,40450.0,1136885,-0.021765417170495738,-0.022005777965199595,39285.71428571428,39146.42857142857,38500.0,0.0300966114222302,2100.0,-1650.0,58.633364819236036,730.7461536945702,514.0464548565785,216.69969883799172,41535.357510535556,35619.642489464444,0.1533462515992771,0.8165297843676319,40900.0,40100.0,39120.0,38577.5,1.0087281795511223,1.0485386559523038,1522.5,-0.021765417170495738,0.021765417170495738,0.0519159456118665,0.04252577319587629,0.02670570870685582,0.033063323099882774,1231316.0,824662.05,-0.20466462064541313,1.3786071518629963,24.551624546766003,1670.5731895084289,72425885.0,71.09375,79.40573770491802,0.011002444987775029,0.030226700251889227,0.04199475065616798,0.006487909356389506,0.048207663782447466,42400.0
2022-05-11,40000.0,43350.0,39950.0,42400.0,3189015,0.04820766378244756,0.04708171873341147,39928.57142857143,39417.857142857145,38759.52380952381,0.032743721850010295,3400.0,-2400.0,64.9402717455013,920.1291324920239,595.2629903836676,324.86614210835637,42191.12447602918,35443.87552397082,0.17381977077499483,1.0309571390436243,41400.0,40960.0,39325.0,38817.5,1.03515625,1.0922908481999098,2142.5,0.04820766378244756,0.04820766378244756,0.08018867924528301,0.06,0.02824290156818169,0.03625975006630977,1726877.0,954756.8,1.8050462447828934,3.3401333198150565,25.63012629087744,1794.1036759721126,75614900.0,87.24832214765101,81.16610738255035,-0.021765417170495738,0.011002444987775029,0.030226700251889227,0.012481563866575618,-0.0294811320754717,41150.0
2022-05-12,41600.0,42600.0,41050.0,41150.0,1621620,-0.02948113207547165,-0.02992443511483321,40578.57142857143,39560.71428571428,38928.57142857143,0.03148290027411083,1550.0,450.0,58.756129247397574,958.3052083875591,667.871433984446,290.43377440311315,42391.91876810786,35708.08123189214,0.17116101245110688,0.8141907607151362,41333.333333333336,41250.0,39650.0,39050.0,0.9975757575757576,1.0537772087067863,2200.0,-0.02948113207547165,0.02948113207547165,0.03766707168894289,-0.010817307692307692,0.033203378577681374,0.03085838654979578,1869477.4,1009560.8,-0.4914981585223024,1.6062628422181209,24.923915413661852,1776.6676991169618,73993280.0,70.46979865771812,76.27062360178972,0.04820766378244756,-0.021765417170495738,0.011002444987775029,-0.001012961821173275,0.020656136087484813,42000.0
2022-05-13,41650.0,43000.0,41550.0,42000.0,1268268,0.020656136087484844,0.02044569116028952,41135.71428571428,39775.0,39190.47619047619,0.02987867254699726,1450.0,-350.0,61.44482500177578,1045.1006500904623,743.3172772056492,301.78337288481305,42688.50381220787,35961.49618779213,0.171061859489275,0.8976508054325762,41850.0,41470.0,40055.0,39325.0,1.0127803231251506,1.0680228862047043,2145.0,0.020656136087484844,0.020656136087484844,0.034523809523809526,0.008403361344537815,0.031822797405361,0.030951121040081676,1729045.8,1053920.65,-0.21790061790061788,1.2033809186678335,24.698587645397833,1781.9057206086075,75261548.0,81.87919463087249,79.86577181208054,-0.02948113207547165,0.04820766378244756,-0.021765417170495738,0.01312755593148692,-0.02142857142857143,41100.0
2022-05-16,42500.0,42550.0,40850.0,41100.0,862577,-0.021428571428571463,-0.02166149678117942,41335.71428571428,39846.42857142857,39409.52380952381,0.029773006575280744,1700.0,1400.0,57.19338265024362,1029.3979260674896,800.5334069780174,228.8645190894722,42859.40940587484,36125.59059412516,0.17050880070265684,0.738720411840472,41416.666666666664,41420.0,40375.0,39492.5,0.9922742636407532,1.0407039311261632,1927.5,-0.021428571428571463,0.021428571428571463,0.0413625304136253,-0.03294117647058824,0.03372611665570757,0.03243101051431037,1615673.0,1053876.25,-0.3198779753175196,0.8184803481433423,24.291443099777695,1776.055311993707,74398971.0,69.79865771812081,74.04921700223713,0.020656136087484844,-0.02948113207547165,0.04820766378244756,-0.010084522472186089,0.01824817518248175,41850.0
2022-05-17,41100.0,42400.0,40900.0,41850.0,899807,0.018248175182481674,0.018083675433295327,41471.42857142857,39953.57142857143,39604.76190476191,0.028446134476038967,1500.0,-750.0,59.6960440523502,1065.193251393459,853.4653758611057,211.7278755323532,43109.223228836585,36295.776771163415,0.1716125296309595,0.8151855692036044,41650.0,41700.0,40900.0,39702.5,1.0035971223021583,1.0540897928342043,1997.5,0.018248175182481674,0.018248175182481674,0.035842293906810034,0.01824817518248175,0.03220966715050444,0.028754519324568604,1568257.4,1078616.05,0.04316136414488203,0.8342236331454552,24.35178265080968,1756.3370754227278,75298778.0,79.86577181208054,77.18120805369126,-0.021428571428571463,0.020656136087484844,-0.02948113207547165,0.005825246613798352,-0.019115890083632018,41050.0
2022-05-18,42550.0,42600.0,40750.0,41050.0,819368,-0.019115890083632014,-0.019300961037047093,41428.57142857143,40178.57142857143,39766.666666666664,0.02937014630906016,1850.0,1500.0,55.93921884257464,1017.2814036985001,886.2285814285846,131.0528222699155,43171.52020549136,36588.47979450864,0.16507122394640725,0.6777294269754212,41333.333333333336,41430.0,41195.0,39880.0,0.9908279024861212,1.0293380140421264,1550.0,-0.019115890083632014,0.019115890083632014,0.04506699147381242,-0.03525264394829612,0.023768167201878576,0.028737236671076524,1094328.0,1094286.75,-0.08939583710729082,0.7487690041024438,24.238834705277043,1763.0272843211044,74479410.0,69.12751677852349,72.93064876957494,0.018248175182481674,-0.021428571428571463,0.020656136087484844,-0.007432095443240601,0.015834348355663823,41700.0
2022-05-19,39800.0,43650.0,39650.0,41700.0,2904720,0.015834348355663774,0.015710292906318486,41607.142857142855,40446.42857142857,39966.666666666664,0.02832385315857424,4000.0,-1900.0,58.23883873657562,1020.0025326702671,912.9833716769211,107.01916099334596,43364.469690664366,36705.530309335634,0.1663279475790866,0.7500398193544997,41533.333333333336,41540.0,41395.0,40035.0,1.0038517091959558,1.0415886099662794,1505.0,0.015834348355663774,0.015834348355663774,0.09592326139088729,0.04773869346733668,0.021181975347839953,0.026377900708251554,1350948.0,1190645.8,2.5450737641694574,2.4396172228550252,25.520103965875744,1922.8110497267398,77384130.0,74.83870967741936,74.61066608934114,-0.019115890083632014,0.018248175182481674,-0.021428571428571463,0.004988877818171145,0.026378896882494004,42800.0
2022-05-20,42300.0,44400.0,41600.0,42800.0,2268576,0.026378896882494063,0.0260369737829954,41664.28571428572,40796.42857142857,40166.666666666664,0.023785173778998324,2800.0,-500.0,61.866101996949624,1098.2597985863686,950.0386570588107,148.22114152755785,43737.40953831128,36697.59046168872,0.175043676922299,0.8668418139573817,41850.0,41700.0,41585.0,40217.5,1.026378896882494,1.064213339963946,1482.5,0.026378896882494063,0.026378896882494063,0.06542056074766354,0.01182033096926714,0.022499069774121416,0.02599822229868468,1551009.6,1270769.9,-0.21900355283813933,1.7851980913303032,25.29895626141946,1985.467403317687,79652706.0,81.17647058823529,75.04756568139271,0.015834348355663774,-0.019115890083632014,0.018248175182481674,0.007699118384841941,0.03154205607476635,44150.0
2022-05-23,44050.0,47700.0,43850.0,44150.0,5192453,0.031542056074766345,0.0310548244622179,42092.857142857145,41335.71428571428,40404.76190476191,0.021480739912806135,3850.0,-100.0,65.79298088766008,1254.7489978245067,1010.98072521195,243.76827261255664,44354.97558321129,36595.02441678871,0.1917220794668953,0.9735854544938085,42883.333333333336,42310.0,41865.0,40475.0,1.0434885369888915,1.0907967881408276,1835.0,0.031542056074766345,0.031542056074766345,0.08720271800679502,0.0022701475595913734,0.01985804113327116,0.027315935939217717,2416984.8,1506607.05,1.2888600602316167,3.446454734165753,26.158064989211297,2193.6483030807094,84845159.0,67.72727272727273,74.58081766430912,0.026378896882494063,0.015834348355663774,-0.019115890083632014,0.024585100437641394,-0.027180067950169876,42950.0
2022-05-24,43550.0,45000.0,42900.0,42950.0,1495191,-0.027180067950169917,-0.027556278619704683,42228.57142857143,41682.142857142855,40592.857142857145,0.024985948149005205,2100.0,600.0,59.889363971078275,1267.3288661982588,1062.2503534092118,205.07851278904695,44645.987374476405,36589.012625523595,0.19836215298708215,0.7895007211364492,43300.0,42530.0,42115.0,40617.5,1.0098753820832354,1.057425986335939,1912.5,-0.027180067950169917,0.027180067950169917,0.048894062863795114,-0.013777267508610792,0.026901878795033515,0.027992734855212267,2536061.6,1522587.95,-0.7120453473531682,0.9820063267937987,24.88555644327171,2186.9591385749445,83349968.0,50.520833333333336,66.47485888294712,0.031542056074766345,0.026378896882494063,0.015834348355663774,0.010246961669030163,-0.010477299185098952,42500.0
2022-05-25,43700.0,43900.0,42500.0,42500.0,995074,-0.010477299185098987,-0.010532572499893268,42428.57142857143,41882.142857142855,40707.142857142855,0.023447411759484015,1400.0,1200.0,57.79503413052716,1226.8449583292822,1095.1692743932258,131.67568393605643,44837.30502657317,36612.69497342683,0.2019548202123105,0.7158157029366966,43200.0,42820.0,42125.0,40725.0,0.9925268566090611,1.043585021485574,2095.0,-0.010477299185098987,0.010477299185098987,0.03294117647058824,-0.02745995423340961,0.025146529639398254,0.024131439167819155,2571202.8,1530546.5,-0.33448368803718054,0.6501429391397126,24.46783174017073,2130.7477715338773,82354894.0,42.5414364640884,53.596514174898154,-0.027180067950169917,0.031542056074766345,0.026378896882494063,-0.0020384370201675197,-0.02,41650.0
2022-05-26,42500.0,44300.0,41300.0,41650.0,1408428,-0.020000000000000018,-0.020202707317519466,42400.0,41935.71428571428,40769.04761904762,0.024279007287893114,3000.0,850.0,53.95679012062627,1113.3393899609437,1098.8032975067695,14.536092454174195,44819.29233077335,37005.70766922665,0.19098282093606359,0.5943868956369651,42366.666666666664,42810.0,42175.0,40912.5,0.9729035272132679,1.0180262755881455,1897.5,-0.020000000000000018,0.020000000000000018,0.07202881152460984,-0.02,0.027107487428078718,0.022981572359613095,2271944.4,1546450.05,0.4154002616890804,0.9107491056694653,24.795041394393156,2192.8372164243146,80946466.0,33.149171270718234,42.07048035604666,-0.010477299185098987,-0.027180067950169917,0.031542056074766345,-0.019219122378422975,0.021608643457382955,42550.0
2022-05-27,42500.0,43200.0,41800.0,42550.0,859953,0.021608643457383003,0.021378486406531495,42614.28571428572,42021.42857142857,40990.47619047619,0.023946499288746318,1400.0,-50.0,57.19805017489089,1083.5177692739453,1095.7461918602046,-12.228422586259285,44851.56074080048,37433.43925919952,0.18030312892023964,0.6897380628628148,42233.333333333336,42760.0,42230.0,41142.5,0.995088868101029,1.0342103664094306,1617.5,0.021608643457383003,0.021608643457383003,0.03290246768507638,0.001176470588235294,0.026011068100449754,0.023071836055882443,1990219.8,1567504.3,-0.3894235275072634,0.5486128491003183,24.32306814960232,2146.9202723940066,81806419.0,43.0939226519337,39.59484346224678,-0.020000000000000018,-0.010477299185098987,-0.027180067950169917,-0.002956218575905334,0.005875440658049354,42800.0
2022-05-30,43300.0,43450.0,42400.0,42800.0,578035,0.005875440658049458,0.00585824756836807,42771.42857142857,42189.28571428572,41221.42857142857,0.023506281228989262,1050.0,500.0,58.08081157104398,1067.748490738275,1090.1466516358187,-22.398160897543676,44832.69115656347,37942.30884343653,0.1664846224857009,0.7049958820585369,42333.333333333336,42490.0,42400.0,41387.5,1.0072958343139562,1.0341286620356387,1102.5,0.005875440658049458,0.005875440658049458,0.02453271028037383,-0.011547344110854504,0.019798350722632592,0.02162154336342485,1067336.2,1568253.85,-0.3278295441727629,0.3685850986433095,23.931683081064744,2068.5688243658633,82384454.0,39.130434782608695,38.457842901753544,0.021608643457383003,-0.020000000000000018,-0.010477299185098987,0.002494694705144148,-0.007009345794392523,42500.0
2022-05-31,43050.0,43050.0,42000.0,42500.0,553940,-0.007009345794392496,-0.007034026657379936,42728.57142857143,42196.42857142857,41440.47619047619,0.02151202430454277,1050.0,550.0,56.572973465333206,1019.2939449825426,1075.9761103051635,-56.682165322620904,44316.54331978924,39048.45668021076,0.12638605264987665,0.6551796802008197,42616.666666666664,42400.0,42465.0,41682.5,1.0023584905660377,1.0196125472320519,717.5,-0.007009345794392496,0.007009345794392496,0.024705882352941175,-0.012775842044134728,0.016127218893118005,0.021279965836230246,879086.0,1553680.25,-0.04168432707362013,0.3565341066799298,23.882071011570087,1995.8139083397302,81830514.0,35.40372670807454,39.209361380872316,0.005875440658049458,0.021608643457383003,-0.020000000000000018,0.006824912773679988,-0.011764705882352941,42000.0
2022-06-02,42200.0,42650.0,41850.0,42000.0,431858,-0.0117647058823529,-0.011834457647002796,42421.42857142857,42257.142857142855,41697.619047619046,0.016346638359290653,800.0,200.0,54.05422324073446,929.8290564846684,1046.7466995410646,-116.91764305639617,43901.68924640538,39853.31075359462,0.09667192389256196,0.5302590284523888,42433.333333333336,42300.0,42560.0,41877.5,0.9929078014184397,1.0029251984956122,422.5,-0.0117647058823529,0.0117647058823529,0.01904761904761905,-0.004739336492890996,0.016305680256057272,0.02059518274093844,766442.8,1539712.65,-0.2203884897281294,0.2804796076722498,23.621277006808278,1910.3986291726067,81398656.0,29.19254658385093,34.57556935817805,-0.007009345794392496,0.005875440658049458,0.021608643457383003,-0.004299537006231979,0.005952380952380952,42250.0
2022-06-03,42600.0,43400.0,42100.0,42250.0,722457,0.005952380952380931,0.0059347355198145265,42321.42857142857,42275.0,41895.23809523809,0.014122215873136593,1300.0,350.0,55.129914600442284,869.0821602942015,1011.213791691692,-142.13163139749054,43754.25548072376,40255.74451927624,0.08328796480055999,0.5700297934463611,42250.0,42420.0,42615.0,42005.0,0.995992456388496,1.005832638971551,415.0,0.005952380952380931,0.005952380952380931,0.03076923076923077,-0.008215962441314555,0.013052079084099555,0.02011473532805828,629248.6,1530404.6,0.6729040564259547,0.4720692815481605,24.14177281444475,1873.9415842317062,82121113.0,32.298136645962735,32.298136645962735,-0.0117647058823529,-0.007009345794392496,0.005875440658049458,-0.004273890241454821,-0.06627218934911243,39450.0
2022-06-07,41900.0,41950.0,39450.0,39450.0,1364979,-0.06627218934911239,-0.06857030651129956,41885.71428571428,42157.142857142855,41883.333333333336,0.02896518900476926,2500.0,2450.0,42.99007407633375,588.222544643053,926.6155422819643,-338.3929976389113,43970.88816612281,39894.11183387719,0.09722235335946142,-0.10893701240474025,41233.333333333336,41800.0,42280.0,41932.5,0.94377990430622,0.9407977106063315,-132.5,-0.06627218934911239,0.06627218934911239,0.06337135614702155,-0.05847255369928401,0.029905294546610332,0.027397768981138725,730253.8,1500132.25,0.8893567368023287,0.9099057766406928,24.709438928160058,1940.0886139294416,80756134.0,0.0,20.49689440993789,0.005952380952380931,-0.0117647058823529,-0.007009345794392496,-0.02402817142636145,-0.012674271229404309,38950.0
2022-06-08,39550.0,40000.0,38900.0,38950.0,706793,-0.012674271229404344,-0.012755274975126013,41500.0,41950.0,41790.47619047619,0.028690815545400525,1100.0,600.0,41.2435354119517,321.58640651587484,805.6097151287464,-484.0233086128716,44240.59758756457,39384.40241243543,0.11614218655017362,-0.0894532441076941,40216.666666666664,41030.0,41760.0,41812.5,0.9493053863027053,0.9315396113602392,-782.5,-0.012674271229404344,0.012674271229404344,0.028241335044929396,-0.015170670037926675,0.027799875538041762,0.023661087648920366,756005.4,1463999.85,-0.48219496417161,0.48278215329052115,24.038527166922115,1880.082284363053,80049341.0,0.5681818181818182,10.955439488048187,-0.06627218934911239,0.005952380952380931,-0.0117647058823529,-0.0243313598753786,0.005134788189987163,39150.0
2022-06-09,38900.0,39550.0,38650.0,39150.0,597372,0.005134788189987249,0.005121650120054924,41014.28571428572,41814.28571428572,41685.71428571428,0.02632839654529676,900.0,-250.0,42.25412690407529,124.97306289468543,669.4823846819343,-544.5093217872488,44389.364373585646,39105.635626414354,0.12656395585774696,0.008396413916856882,39183.333333333336,40360.0,41380.0,41747.5,0.97001982160555,0.937780705431463,-1387.5,0.005134788189987249,0.005134788189987249,0.022988505747126436,0.006426735218508998,0.02951630581467784,0.023593578302595827,764691.8,1437024.2,-0.15481336119627676,0.41570072375955813,23.875451015358433,1810.0764069085492,80646713.0,5.524861878453039,2.0310145655449525,-0.012674271229404344,-0.06627218934911239,0.005952380952380931,-0.024603890796176493,-0.024265644955300127,38200.0
2022-06-10,38450.0,39150.0,37850.0,38200.0,557716,-0.024265644955300147,-0.02456490682428263,40357.142857142855,41564.28571428572,41578.57142857143,0.025403759658271564,1300.0,250.0,38.837124084251386,-106.27640077313845,514.3306275909197,-620.6070283640581,44595.85783249426,38479.14216750574,0.14725767475145385,-0.04563595609054141,38766.666666666664,39600.0,40950.0,41537.5,0.9646464646464646,0.9196509178453205,-1937.5,-0.024265644955300147,0.024265644955300147,0.034031413612565446,-0.006501950585175552,0.02960514256489236,0.024089619521413943,789863.4,1305459.25,-0.06638409567237835,0.42721823756658817,23.78219594586718,1773.6423778436529,80088997.0,3.553299492385787,3.215447729673548,0.005134788189987249,-0.012674271229404344,-0.06627218934911239,-0.010601709331572414,-0.03534031413612566,36850.0
2022-06-13,36950.0,37650.0,36300.0,36850.0,1029490,-0.035340314136125706,-0.03597989697718394,39550.0,41139.28571428572,41314.28571428572,0.02600364731975609,1350.0,100.0,34.56006191224144,-393.93593611661345,332.67731484941305,-726.6132509660265,45031.02148152702,37613.97851847298,0.17949163199356394,-0.1030031135424893,38066.666666666664,38520.0,40470.0,41322.5,0.9566458982346833,0.8917659870530582,-2802.5,-0.035340314136125706,0.035340314136125706,0.036635006784260515,-0.0027063599458728013,0.026724112391572727,0.025234257523895316,851270.0,1275852.75,0.8459036498863222,0.8069034612340649,24.359184989593516,1782.667922283392,79059507.0,4.824561403508772,4.6342409247825325,-0.024265644955300147,0.005134788189987249,-0.012674271229404344,-0.0181570569671462,0.008141112618724558,37150.0
2022-06-14,36000.0,37200.0,35950.0,37150.0,759951,0.008141112618724522,0.008108152528422525,38857.142857142855,40639.28571428572,41123.80952380953,0.028103396678185625,1250.0,-1150.0,36.24047382326849,-590.8892935952172,147.963993160487,-738.8532867557042,45212.082436636265,36947.917563363735,0.20117246526953578,0.024452856366627907,37400.0,38060.0,39930.0,41080.0,0.9760903836048345,0.9043330087633885,-3020.0,0.008141112618724522,0.008141112618724522,0.033647375504710635,0.03194444444444444,0.018673096045682267,0.023551948885109034,730264.4,1250436.9,-0.2618179875472322,0.6077483797862971,24.063728286681112,1744.620213548864,79819458.0,13.259668508287293,7.212509801393952,-0.035340314136125706,-0.024265644955300147,0.005134788189987249,-0.017154948824233778,-0.017496635262449527,36500.0
2022-06-15,37200.0,37500.0,36000.0,36500.0,555501,-0.01749663526244949,-0.017651510575322313,38035.71428571428,40178.57142857143,40861.90476190476,0.026168624235201998,1500.0,700.0,34.191805327756384,-790.3155503822127,-39.69191554805293,-750.6236348341597,45461.65571362961,36238.34428637039,0.22578485746044605,0.028368955737122236,36833.333333333336,37570.0,39300.0,40850.0,0.9715198296513176,0.8935128518971848,-3280.0,-0.01749663526244949,0.01749663526244949,0.0410958904109589,-0.01881720430107527,0.018853156078552657,0.02258605934496453,700006.0,1235083.1,-0.2690305032824485,0.44976811681740275,23.73269322786012,1727.1473411525167,79263957.0,6.586826347305389,8.223685419700486,0.008141112618724522,-0.035340314136125706,-0.024265644955300147,-0.014898612259950225,0.01780821917808219,37150.0
2022-06-16,37450.0,38300.0,36900.0,37150.0,711590,0.017808219178082174,0.017651510575322334,37707.142857142855,39796.42857142857,40673.80952380953,0.019409270158781515,1400.0,300.0,37.96819600218824,-885.7028962935947,-208.8941116971613,-676.8087845964334,45483.924013848606,35746.075986151394,0.23975989234758616,0.14417189607554423,36933.333333333336,37170.0,38765.0,40615.0,0.9994619316653215,0.9146866921088268,-3445.0,0.017808219178082174,0.017808219178082174,0.03768506056527591,-0.00801068090787717,0.02238286568316719,0.024877205573533723,722849.6,1225672.25,0.28098779300127275,0.5805711926659023,23.997976232020136,1732.3511024987656,79975547.0,14.37125748502994,11.405917446874207,-0.01749663526244949,0.008141112618724522,-0.035340314136125706,0.0028175655114524023,-0.014804845222072678,36600.0
2022-06-17,36300.0,36700.0,36100.0,36600.0,560590,-0.014804845222072704,-0.014915530756447632,37371.42857142857,39435.71428571428,40423.80952380953,0.019503639073638945,600.0,-300.0,36.08144380911396,-994.2177354401865,-365.95883644576634,-628.2588989944202,45574.37885048007,35210.62114951993,0.256576287700938,0.1340613019495189,36750.0,36850.0,38225.0,40392.5,0.9932157394843962,0.9061088073280931,-3542.5,-0.014804845222072704,0.014804845222072704,0.01639344262295082,0.008264462809917356,0.021272115459555638,0.0248779529540689,723424.4,1212733.35,-0.21220084599277678,0.4622533057246261,23.74454859896124,1683.6117380345681,79414957.0,8.666666666666666,9.874916833000666,0.017808219178082174,-0.01749663526244949,0.008141112618724522,-0.0048310871021466735,-0.050546448087431695,34750.0
2022-06-20,37150.0,37250.0,34250.0,34750.0,974364,-0.050546448087431695,-0.05186866839651943,36742.857142857145,38878.57142857143,40123.80952380953,0.024045780499656392,3000.0,2400.0,30.57732164436213,-1215.484714994469,-535.8640121555069,-679.6207028389621,45762.185542407715,34327.814457592285,0.28553804681771583,0.03692249790356787,36166.666666666664,36430.0,37475.0,40045.0,0.9538841614054351,0.8677737545261581,-3615.0,-0.050546448087431695,0.050546448087431695,0.08633093525179857,-0.06460296096904442,0.0265338435954036,0.02637003438978617,712399.2,1116215.55,0.7381044970477533,0.8729174217291633,24.24547508046492,1777.639471032099,78440593.0,5.434782608695652,9.490902253464085,-0.014804845222072704,0.017808219178082174,-0.01749663526244949,-0.015847691377140743,0.015827338129496403,35300.0
2022-06-21,35050.0,35800.0,34250.0,35300.0,524378,0.015827338129496438,0.01570339192844998,36328.57142857143,38342.857142857145,39819.04761904762,0.026621965675149357,1550.0,-250.0,33.81006874886789,-1331.1157136196853,-694.9143524483427,-636.2013611713426,45606.009646750565,33733.990353249435,0.2992694553441172,0.1319076062829358,35550.0,36060.0,37060.0,39670.0,0.9789240155296728,0.8898411898159818,-3610.0,0.015827338129496438,0.015827338129496438,0.043909348441926344,0.007132667617689016,0.028122610597522923,0.022528626765954827,665284.6,1029005.65,-0.46182535479553843,0.5095968131953406,23.641606320259196,1761.3795088155207,78964971.0,11.475409836065573,8.525619703809298,-0.050546448087431695,-0.014804845222072704,0.017808219178082174,-0.016507985060002655,-0.05099150141643059,33500.0
2022-06-22,35800.0,35850.0,33400.0,33500.0,904390,-0.05099150141643061,-0.052337525108230344,35850.0,37700.0,39376.19047619047,0.02969236724364447,2450.0,2300.0,29.043424992403175,-1550.130134609586,-865.9575088805915,-684.1726257289946,45288.22738531152,32986.77261468848,0.31431375970930786,0.04172086918834599,34516.666666666664,35460.0,36515.0,39137.5,0.9447264523406655,0.8559565633982753,-3677.5,-0.05099150141643061,0.05099150141643061,0.07313432835820896,-0.06424581005586592,0.03381493734761147,0.02588696244460468,735062.4,814602.5,0.7246909672030482,1.1102224704687256,24.134316680116587,1810.5666867572693,78060581.0,1.0,5.970064148253743,0.015827338129496438,-0.050546448087431695,-0.014804845222072704,-0.02857020379145529,-0.010447761194029851,33150.0
2022-06-23,33500.0,34950.0,32900.0,33150.0,779155,-0.010447761194029903,-0.010502722199149288,35278.57142857143,37067.857142857145,38852.380952380954,0.02821968209136036,2050.0,350.0,28.210589871335884,-1731.9775569280537,-1039.161518490084,-692.8160384379696,45074.61976090789,32220.380239092112,0.33260209643096644,0.07232009014070177,33983.333333333336,34660.0,35915.0,38647.5,0.9564339296018465,0.8577527653793906,-3987.5,-0.010447761194029903,0.010447761194029903,0.06184012066365008,-0.010447761194029851,0.028597872642719013,0.025017875960160137,748575.4,778800.7,-0.1384745519079158,1.000454930253658,23.97476327375546,1827.669066274607,77281426.0,2.380952380952381,4.952120739005985,-0.05099150141643061,0.015827338129496438,-0.050546448087431695,-0.015203974826988024,0.05279034690799397,34900.0
2022-06-24,33400.0,35300.0,33400.0,34900.0,645987,0.052790346907994,0.05144411257651,35050.0,36542.857142857145,38469.04761904762,0.03803502547082367,1900.0,-1500.0,37.81271738602769,-1715.1118330245372,-1174.3515813969748,-540.7602516275624,44633.96435795039,31901.035642049614,0.3327347936473712,0.2355282452971958,33850.0,34320.0,35585.0,38267.5,1.0168997668997668,0.9120010452734043,-3947.5,0.052790346907994,0.052790346907994,0.054441260744985676,0.04491017964071856,0.044512359446338794,0.032889871641756274,765654.8,761346.35,-0.17091336126958045,0.8484798016040925,23.838776766958116,1850.6927043978494,77927413.0,22.099447513812155,8.493466631588179,-0.010447761194029903,-0.05099150141643061,0.015827338129496438,-0.0028829719008221697,0.01862464183381089,35550.0
2022-06-27,35500.0,36000.0,34600.0,35550.0,499908,0.018624641833810962,0.018453327040868477,34821.42857142857,36264.28571428572,38138.09523809524,0.03812065420322983,1400.0,-50.0,40.97087238109924,-1630.5006609289194,-1265.5813973033637,-364.9192636255557,44230.369192199716,31694.630807800284,0.33021372102468044,0.3075502275157301,34533.333333333336,34480.0,35455.0,37962.5,1.031032482598608,0.936450444517616,-3482.5,0.018624641833810962,0.018624641833810962,0.03938115330520394,0.0014084507042253522,0.03860159306294565,0.03242164545413296,670763.6,715920.35,-0.22613303363689985,0.6982732087445203,23.600874795761907,1818.5003683694317,78427321.0,37.32394366197183,20.601447852245453,0.052790346907994,-0.010447761194029903,-0.05099150141643061,0.020322409182591688,-0.007032348804500703,35300.0
2022-06-28,35250.0,35800.0,34900.0,35300.0,316762,-0.007032348804500654,-0.007057192309998751,34635.71428571428,36003.57142857143,37835.71428571428,0.037939553244369845,900.0,-50.0,40.126803743743075,-1565.5716724103695,-1325.579452324765,-239.99222008560446,43582.87028457957,31617.129715420426,0.3182377810946581,0.3077845673899962,35250.0,34480.0,35270.0,37600.0,1.0237819025522041,0.9388297872340425,-3120.0,-0.007032348804500654,0.007032348804500654,0.025495750708215296,0.0014184397163120568,0.03837547451323549,0.032190846343598645,629240.4,688760.8,-0.3663594101314642,0.45990131842578724,23.13754422524376,1752.8931992001867,78110559.0,36.090225563909776,31.837872246564586,0.018624641833810962,0.052790346907994,-0.010447761194029903,0.021460879979101437,-0.032577903682719546,34150.0
2022-06-29,34700.0,34750.0,33600.0,34150.0,521285,-0.03257790368271951,-0.033120377922451975,34550.0,35646.42857142857,37435.71428571428,0.03460869280577944,1150.0,550.0,36.41080663297618,-1588.5980013783337,-1378.1831621354788,-210.4148392428549,42808.447568776384,31526.552431223616,0.3035419422224462,0.2325360710049512,35000.0,34610.0,35035.0,37167.5,0.9867090436290089,0.9188134795183964,-2557.5,-0.03257790368271951,0.03257790368271951,0.03367496339677892,-0.01585014409221902,0.03264354218445378,0.033198292072149985,552619.4,685923.3,0.6456677252953322,0.7599756415914141,23.602570061179023,1749.1151135430305,77589274.0,20.0,31.138056408627204,-0.007032348804500654,0.018624641833810962,0.052790346907994,-0.0069952035511364015,-0.060029282576866766,32100.0
2022-06-30,33850.0,34050.0,32100.0,32100.0,732819,-0.060029282576866794,-0.06190655588082892,34092.857142857145,35210.71428571428,36926.19047619047,0.03984493670356849,1950.0,1750.0,30.914792511989987,-1752.0676551124561,-1452.9600607308744,-299.10759438158175,42133.988187500174,31161.011812499826,0.2994195067876485,0.08557278858628219,33850.0,34400.0,34530.0,36647.5,0.9331395348837209,0.8759124087591241,-2247.5,-0.060029282576866794,0.060029282576866794,0.06074766355140187,-0.051698670605613,0.043842506520061116,0.03597002388754518,543352.2,694867.25,0.4057933759843464,1.0546172668232674,23.88126532911415,1770.6068911470998,76856455.0,0.0,18.69674185463659,-0.03257790368271951,-0.007032348804500654,0.018624641833810962,-0.03321317835469565,-0.004672897196261682,31950.0
2022-07-01,32550.0,33850.0,31650.0,31950.0,710981,-0.004672897196261627,-0.004683849312426314,33871.42857142857,34860.71428571428,36423.80952380953,0.03600427988500157,2200.0,600.0,30.5514043302595,-1872.141399147884,-1536.7963284142766,-335.3450707336074,41403.566945070634,30886.433054929366,0.2909706429697404,0.10112707094730614,32733.333333333332,33810.0,34065.0,36145.0,0.9449866903283053,0.883939687370314,-2335.0,-0.004672897196261627,0.004672897196261627,0.06885758998435054,-0.018433179723502304,0.030060448561066766,0.03608480611879082,556351.0,708823.4,-0.02979999153952062,1.003043917568184,23.84632844535256,1801.2778274937355,76145474.0,4.511278195488722,8.170426065162905,-0.060029282576866794,-0.03257790368271951,-0.007032348804500654,-0.032426694485282646,-0.014084507042253521,31500.0
2022-07-04,32350.0,32350.0,30850.0,31500.0,536294,-0.014084507042253502,-0.014184634991956413,33635.71428571428,34457.142857142855,35923.80952380953,0.036094721657450514,1500.0,850.0,29.43362976355445,-1980.7787610087107,-1625.5928149331635,-355.18594607554724,40417.06010681358,30797.93989318642,0.27014309383211854,0.07298589592621887,31850.0,33000.0,33740.0,35607.5,0.9545454545454546,0.8846450888155585,-2607.5,-0.014084507042253502,0.014084507042253502,0.047619047619047616,-0.02627511591962906,0.023081002818050114,0.03361650853558253,563628.2,699515.25,-0.24569854890637022,0.7666652013662318,23.55018062201331,1779.7579826727545,75609180.0,8.724832214765101,4.412036803417938,-0.004672897196261627,-0.060029282576866794,-0.03257790368271951,-0.02626222893846064,0.026984126984126985,32350.0
2022-07-05,32100.0,32800.0,31700.0,32350.0,528725,0.026984126984126888,0.0266264751153221,33271.42857142857,34160.71428571428,35452.380952380954,0.030081662569677946,1100.0,-250.0,34.32168540289737,-1975.5142580676693,-1695.5771035600646,-279.93715450760465,39913.70325554183,30591.296744458174,0.26444667785500753,0.1886533539865332,31933.333333333332,32410.0,33445.0,35252.5,0.9981487195310089,0.9176654138004396,-2842.5,0.026984126984126888,0.026984126984126888,0.03400309119010819,0.00778816199376947,0.032361916145420236,0.03470899332833243,606020.8,657702.55,-0.014113527281677585,0.8038968375597753,23.56259302688846,1745.4895553389863,76137905.0,20.13422818791946,11.123446199391092,-0.014084507042253502,-0.004672897196261627,-0.060029282576866794,0.0027422409152039195,-0.013910355486862442,31900.0
2022-07-06,32400.0,33100.0,31600.0,31900.0,596313,-0.01391035548686248,-0.014008011156110722,32750.0,33785.71428571428,35092.857142857145,0.027175075762131535,1500.0,500.0,33.01772680304707,-1984.7741004008349,-1753.416502928219,-231.3575974726159,39448.79972601218,30351.200273987823,0.2606762020637351,0.17024268150952127,31916.666666666668,31960.0,33285.0,34900.0,0.9981226533166458,0.9140401146131805,-2940.0,-0.01391035548686248,0.01391035548686248,0.047021943573667714,-0.015432098765432098,0.03115175646921294,0.03145057443551855,621026.4,652178.55,0.12783204879663335,0.9143400990418957,23.668882264805887,1727.9545871004873,75541592.0,16.40625,15.088436800894852,0.026984126984126888,-0.014084507042253502,-0.004672897196261627,-0.00033691184832969806,0.05172413793103448,33550.0
2022-07-07,32350.0,34000.0,32350.0,33550.0,779733,0.051724137931034475,0.050430853626891904,32500.0,33567.857142857145,34835.71428571428,0.03703974370692856,1650.0,-1200.0,41.75559559735699,-1837.786522737064,-1770.290506889988,-67.49601584707602,38736.13001687137,30503.86998312863,0.2377891402005414,0.37002354206326843,32600.0,32250.0,33325.0,34620.0,1.0403100775193799,0.9690930098209127,-2370.0,0.051724137931034475,0.051724137931034475,0.04918032786885246,0.03709428129829984,0.029125981643453126,0.03595287428817902,630409.2,661296.6,0.30759014141901986,1.179097246228092,23.98749897481087,1754.5292594504526,76321325.0,42.1875,26.242659395973153,-0.01391035548686248,0.026984126984126888,-0.014084507042253502,0.021599303142766296,-0.0029806259314456036,33450.0
2022-07-08,34000.0,34300.0,33450.0,33450.0,389131,-0.0029806259314456574,-0.0029850768434533967,32400.0,33475.0,34564.28571428572,0.03524122222952547,850.0,550.0,41.40307944598361,-1709.659086986394,-1758.1642229092693,48.5051359228753,38163.37639520119,30601.623604798817,0.21993027820555136,0.3766820304964793,32966.666666666664,32550.0,33180.0,34382.5,1.0276497695852536,0.972878644659347,-1832.5,-0.0029806259314456574,0.0029806259314456574,0.025411061285500747,-0.016176470588235296,0.02893355069607165,0.031168410755099,566039.2,652867.35,-0.5009432716070757,0.5960337884870487,23.289478392468002,1689.9200266325633,75932194.0,50.48543689320388,36.35972896440129,0.051724137931034475,-0.01391035548686248,0.026984126984126888,0.011611052170908779,-0.0029895366218236174,33350.0
2022-07-11,33550.0,33850.0,32800.0,33350.0,239136,-0.002989536621823663,-0.0029940142126047777,32578.571428571428,33335.71428571428,34333.333333333336,0.02408664843688169,1050.0,200.0,41.03004323162376,-1597.7682574155115,-1726.0850298105179,128.3167723950064,37828.095327610616,30586.904672389384,0.21168429891752485,0.3815802482176459,33450.0,32920.0,32960.0,34207.5,1.0130619684082625,0.9749323978659651,-1287.5,-0.002989536621823663,0.002989536621823663,0.031484257871064465,-0.005961251862891207,0.027031038840807514,0.03017448875876645,506607.6,613349.65,-0.38546145128504283,0.3898852799541012,22.799600758199176,1644.211453301666,75693058.0,48.54368932038835,47.07220873786408,-0.0029806259314456574,0.051724137931034475,-0.01391035548686248,0.015251325125921719,-0.031484257871064465,32300.0
2022-07-12,32800.0,33150.0,32050.0,32300.0,437048,-0.03148425787106446,-0.03199054213302186,32628.571428571428,33250.0,34116.666666666664,0.02791051345748557,1100.0,500.0,37.2363719776909,-1575.6570005447065,-1695.9994239573557,120.34242341264917,37400.74093747968,30529.259062520327,0.2023106690699058,0.25769418732406224,33033.333333333336,32910.0,32660.0,33965.0,0.9814646004254026,0.9509789489180038,-1055.0,-0.03148425787106446,0.03148425787106446,0.034055727554179564,-0.01524390243902439,0.031136548299849433,0.031243126941383,488272.2,597204.5,0.8276127391944332,0.7318230187481842,23.370620817144296,1619.6249209229757,75256010.0,28.155339805825243,42.39482200647249,-0.002989536621823663,-0.0029806259314456574,0.051724137931034475,-0.01248480680811126,0.01238390092879257,32700.0
2022-07-13,32400.0,33000.0,32100.0,32700.0,286699,0.01238390092879249,0.012307847674596773,32800.0,33217.857142857145,33904.76190476191,0.027207620273667306,900.0,-300.0,39.530153047468055,-1508.468329200965,-1658.4932050060777,150.02487580511274,37036.33650356318,30513.66349643682,0.19312133255740516,0.335190266501861,32783.333333333336,33070.0,32515.0,33775.0,0.9888116117326883,0.9681717246484086,-705.0,0.01238390092879249,0.01238390092879249,0.027522935779816515,0.009259259259259259,0.03039631690530111,0.030606153531355686,426349.4,583764.4,-0.3440102688949498,0.4911210755571939,22.961318520890874,1568.2231408570487,75542709.0,35.922330097087375,37.54045307443366,-0.03148425787106446,-0.002989536621823663,-0.0029806259314456574,-0.007363297854698543,-0.00764525993883792,32450.0
2022-07-14,32300.0,33000.0,31950.0,32450.0,407487,-0.007645259938837912,-0.007674634753108697,32814.28571428572,33042.857142857145,33711.90476190476,0.025786906368871817,1050.0,-150.0,38.58111547792277,-1458.5801299521554,-1618.5105899952932,159.93046004313783,36434.02287846048,30645.977121539523,0.17257142984260446,0.31168082531195407,32483.333333333332,32850.0,32550.0,33540.0,0.9878234398782344,0.9675014907573047,-690.0,-0.007645259938837912,0.007645259938837912,0.032357473035439135,0.0046439628482972135,0.015865264816532998,0.023618196784951282,351900.2,568559.25,0.4213059689779175,0.7167010298398979,23.30522003152155,1531.2072022244024,75135222.0,31.067961165048544,31.71521035598705,0.01238390092879249,-0.03148425787106446,-0.002989536621823663,-0.008915205627036626,0.02465331278890601,33250.0
2022-07-15,32950.0,33650.0,32350.0,33250.0,650115,0.024653312788905923,0.02435432395176406,33007.142857142855,32878.57142857143,33526.19047619047,0.02627618794958546,1300.0,-300.0,43.27431801707761,-1339.054274358903,-1562.6193268680154,223.56505250911232,35883.208643936385,30861.79135606362,0.15046572141352207,0.4756044971016745,32800.0,32810.0,32680.0,33372.5,1.0134105455653764,0.9963293130571579,-562.5,0.024653312788905923,0.024653312788905923,0.039097744360902256,0.009104704097116844,0.021299223196577767,0.02459034913968844,404097.0,573035.5,0.5954251301268507,1.1345108636375931,23.79671459542996,1514.6924020655165,75785337.0,48.484848484848484,38.491713248994806,-0.007645259938837912,0.01238390092879249,-0.03148425787106446,0.009797317926286834,0.031578947368421054,34300.0
2022-07-18,34050.0,34600.0,33600.0,34300.0,719026,0.03157894736842115,0.03109058707003118,33114.28571428572,32807.142857142855,33416.666666666664,0.021375936403749286,1000.0,-250.0,48.803853404525995,-1146.388099471209,-1479.373081388654,332.9849819174451,35816.40586577653,30883.594134223473,0.14791039674821752,0.6925879299068445,33333.333333333336,33000.0,32960.0,33350.0,1.0393939393939393,1.0284857571214392,-350.0,0.03157894736842115,0.03157894736842115,0.029154518950437316,0.007342143906020558,0.02566219406765333,0.025039948297683995,500075.0,560268.6,0.10599816955461727,1.283359445808671,23.928553430579143,1502.9286590608367,76504363.0,88.46153846153847,56.00478270381183,0.024653312788905923,-0.007645259938837912,0.01238390092879249,0.01619566673949639,0.0014577259475218659,34350.0
2022-07-19,33800.0,34400.0,33350.0,34350.0,391721,0.001457725947521915,0.0014566644964641641,33242.857142857145,32821.42857142857,33397.619047619046,0.021228595075417786,1050.0,-550.0,49.05850476034175,-978.3859613173627,-1379.1756573743958,400.7896960570331,35644.221139405134,30960.778860594866,0.14063335421695872,0.7236602775568093,33966.666666666664,33410.0,33160.0,33302.5,1.0281352888356778,1.03145409503791,107.5,0.001457725947521915,0.001457725947521915,0.03056768558951965,0.016272189349112426,0.016120522780460396,0.024273174369321568,491009.6,553635.75,-0.4552060704341707,0.7075428203471326,23.322662428400154,1470.5766119850628,76896084.0,93.33333333333333,76.75990675990676,0.03157894736842115,0.024653312788905923,-0.007645259938837912,0.019229995368282998,-0.001455604075691412,34300.0
2022-07-20,35200.0,35400.0,34100.0,34300.0,584609,-0.0014556040756914523,-0.0014566644964641555,33378.57142857143,32978.57142857143,33350.0,0.021154501534654625,1300.0,900.0,48.797115611900914,-839.5992609254099,-1271.2603780845986,431.66111715918873,35725.394082943334,30959.60591705667,0.1429343380336407,0.7009111539731765,34316.666666666664,33730.0,33400.0,33342.5,1.0168989030536615,1.028717102796731,387.5,-0.0014556040756914523,0.0014556040756914523,0.037900874635568516,-0.02556818181818182,0.01728821085999939,0.023426931075742362,550591.6,537646.7,0.4924116909739329,1.0873478810527435,23.721599159886658,1458.392568271844,76311475.0,75.82417582417582,85.87301587301586,0.001457725947521915,0.03157894736842115,0.024653312788905923,0.010527023080083872,0.03935860058309038,35650.0
2022-07-21,34800.0,36850.0,34400.0,35650.0,1105901,0.039358600583090375,0.03860379268841071,33857.142857142855,33242.857142857145,33452.380952380954,0.01767048994601098,2450.0,-850.0,55.66562210125779,-613.6028516619044,-1139.72887280006,526.1260211381555,36060.86704528668,30874.132954713317,0.1549782353200377,0.9207850184505487,34766.666666666664,34370.0,33610.0,33467.5,1.037241780622636,1.0652125196085755,902.5,0.039358600583090375,0.039358600583090375,0.06872370266479663,0.02442528735632184,0.018239759259969256,0.021039369509023877,690274.4,553984.0,0.891693422441324,1.9962688453096118,24.39767537117174,1536.364527680998,77417376.0,80.0,83.05250305250304,-0.0014556040756914523,0.001457725947521915,0.03157894736842115,0.013120240818306947,-0.0182328190743338,35000.0
2022-07-22,35750.0,35900.0,35000.0,35000.0,597808,-0.018232819074333828,-0.01840108537089129,34185.71428571428,33492.857142857145,33540.47619047619,0.021570456536860894,900.0,750.0,52.04556138051258,-481.39936461315665,-1008.0629711626793,526.6636065495227,36077.853799592805,30867.146200407195,0.15567130029682907,0.7931463665776861,34983.333333333336,34720.0,33765.0,33472.5,1.0080645161290323,1.0456344760624394,1247.5,-0.018232819074333828,0.018232819074333828,0.025714285714285714,-0.02097902097902098,0.024121600139406993,0.02230093992626339,679813.0,551575.05,-0.45943805096477897,1.0838198718379302,23.764128251663916,1490.9099185609266,76819568.0,64.76190476190476,73.52869352869352,0.039358600583090375,-0.0014556040756914523,0.001457725947521915,0.006556725811021698,0.005714285714285714,35200.0
2022-07-25,34600.0,35300.0,34450.0,35200.0,306872,0.005714285714285783,0.005698021114637796,34578.57142857143,33696.42857142857,33554.76190476191,0.02033068196242428,850.0,-600.0,53.05714003310915,-356.3806854198265,-877.7265140141088,521.3458285942824,36005.72745041798,30904.27254958202,0.152487069222417,0.8420592818950633,35283.333333333336,34900.0,33950.0,33455.0,1.008595988538682,1.0521596173965027,1445.0,0.005714285714285783,0.005714285714285783,0.024147727272727272,0.017341040462427744,0.021061406158916586,0.022133994590570676,597382.2,541923.25,-0.48667130583732565,0.5662646878501707,23.102987363194487,1445.1306386637177,77126440.0,68.57142857142857,71.1111111111111,-0.018232819074333828,0.039358600583090375,-0.0014556040756914523,0.008946689074347444,0.008522727272727272,35500.0
2022-07-26,35200.0,35600.0,34700.0,35500.0,288918,0.008522727272727293,0.008486613877318725,34900.0,33953.57142857143,33552.380952380954,0.019543674462254045,900.0,-300.0,54.604046067450085,-230.43863550573587,-748.2689383124342,517.8303028066983,36047.55279662748,30882.447203372514,0.1543435109294776,0.8939900091602149,35233.333333333336,35130.0,34270.0,33465.0,1.0105323085681754,1.0608098012849245,1665.0,0.008522727272727293,0.008522727272727293,0.02535211267605634,0.008522727272727272,0.020970242865992885,0.017888036341195224,576821.6,540531.05,-0.058506478271070694,0.5345076846186726,23.05118616537039,1406.1927359020235,77415358.0,72.44897959183673,68.59410430839002,0.005714285714285783,-0.018232819074333828,0.039358600583090375,-0.0013319353624402508,-0.004225352112676056,35350.0
2022-07-27,35350.0,35750.0,35000.0,35350.0,221742,-0.004225352112676051,-0.004234304138788344,35050.0,34082.142857142855,33554.76190476191,0.017443381537613902,750.0,0.0,53.65204947798669,-141.1058199262552,-626.8363146351984,485.7304947089432,36227.532924966195,30822.467075033805,0.1612249321381772,0.8376462101794426,35350.0,35340.0,34535.0,33525.0,1.0002829654782117,1.0544369873228934,1815.0,-0.004225352112676051,0.004225352112676051,0.021216407355021217,0.0,0.02127657520308674,0.018368922005840813,504248.2,525553.9,-0.23250887795152952,0.4219205679950239,22.782323494310432,1359.3218261947363,77193616.0,69.38775510204081,70.13605442176869,0.008522727272727293,0.005714285714285783,-0.018232819074333828,0.003337220291445675,0.008486562942008486,35650.0
2022-07-28,36050.0,36400.0,35300.0,35650.0,421404,0.008486562942008558,0.008450754517723251,35235.71428571428,34239.28571428572,33626.19047619047,0.01745317254477526,1100.0,400.0,55.32948638121768,-45.57605478647747,-510.5842626654543,465.0082078789768,36476.33925463,30928.660745369994,0.1646073291079299,0.8510477394732404,35500.0,35340.0,34855.0,33702.5,1.0087719298245614,1.0577850307840664,1637.5,0.008486562942008558,0.008486562942008558,0.030855539971949508,-0.011095700416088766,0.011484629901487145,0.017534337352760287,367348.8,509983.15,0.9004248180317667,0.8263096535640442,23.432851698385143,1340.7988386093982,77615020.0,75.51020408163265,72.44897959183673,-0.004225352112676051,0.008522727272727293,0.005714285714285783,0.0042613127006866,-0.002805049088359046,35550.0
2022-07-29,35950.0,36400.0,35450.0,35550.0,377414,-0.0028050490883591017,-0.0028089906110551153,35414.28571428572,34396.42857142857,33790.47619047619,0.017547742300581058,950.0,400.0,54.61986013349663,21.811380064194964,-404.10513411952445,425.9165141837194,36644.70259175441,31120.29740824559,0.16304597309846727,0.8018424508357459,35516.666666666664,35450.0,35085.0,33882.5,1.002820874471086,1.0492141961189405,1567.5,-0.0028050490883591017,0.0028050490883591017,0.026722925457102673,-0.011126564673157162,0.006200371888323258,0.017056071061891685,323270.0,493304.8,-0.10438913726495236,0.7650726285250012,23.319793442453918,1312.884635851584,77237606.0,73.46938775510205,72.7891156462585,0.008486562942008558,-0.004225352112676051,0.008522727272727293,0.00048538724699113506,0.035161744022503515,36800.0
2022-08-01,35900.0,37500.0,35400.0,36800.0,976216,0.035161744022503605,0.034557688925635446,35578.57142857143,34717.857142857145,34021.42857142857,0.01628169604943836,2100.0,-900.0,61.301221814941165,174.07434035957704,-288.4692392237042,462.54357958328126,36963.70778988155,31331.292210118456,0.1649437171026603,0.9709347104163017,36000.0,35770.0,35335.0,34147.5,1.028795079675706,1.0776777216487299,1622.5,0.035161744022503605,0.035161744022503605,0.057065217391304345,0.025069637883008356,0.01580501047231847,0.01766040155184338,457138.8,515300.9,1.586591912329696,1.894458169974087,24.304692276569725,1369.1071618621852,78213822.0,87.38738738738739,78.78899307470736,-0.0028050490883591017,0.008486562942008558,-0.004225352112676051,0.01361441929205102,-0.005434782608695652,36600.0
2022-08-02,37100.0,37700.0,36250.0,36600.0,817413,-0.005434782608695676,-0.005449604767564703,35807.142857142855,34996.42857142857,34264.28571428572,0.01378533891390609,1450.0,500.0,59.78454602721316,275.4305133504313,-175.68928870887711,451.1198020593084,37245.64505239662,31474.35494760338,0.1679653697553329,0.8881281237516737,36316.666666666664,35990.0,35560.0,34360.0,1.0169491525423728,1.0651920838183935,1630.0,-0.005434782608695676,0.005434782608695676,0.03961748633879782,-0.013477088948787063,0.01709642742068849,0.018039763856193245,562837.8,529735.3,-0.16267199062502558,1.543059335483212,24.121703273494855,1374.8852217291721,77396409.0,80.8695652173913,80.57544678662691,0.035161744022503605,-0.0028050490883591017,0.008486562942008558,0.008973970775149609,0.00273224043715847,36700.0
2022-08-03,36600.0,36800.0,36100.0,36700.0,314931,0.002732240437158362,0.002728514653203914,36021.42857142857,35300.0,34471.42857142857,0.013855540667171772,700.0,-100.0,60.31326354260733,359.6790191027976,-68.61562714654218,428.2946462493398,37421.90678349532,31778.093216504687,0.16311599904597196,0.8720888323247274,36700.0,36260.0,35800.0,34600.0,1.012134583563155,1.060693641618497,1660.0,0.002732240437158362,0.002732240437158362,0.01907356948228883,0.00273224043715847,0.01629645248650003,0.017882246465236,581475.6,515666.2,-0.6147223007219117,0.6107264738313273,23.17064088032347,1326.6791344628027,77711340.0,81.30841121495327,83.18845460657731,-0.005434782608695676,0.035161744022503605,-0.0028050490883591017,0.010819733950322097,0.027247956403269755,37700.0
2022-08-04,37150.0,38200.0,37050.0,37700.0,1136463,0.027247956403269713,0.02688333939344045,36335.71428571428,35617.857142857145,34747.619047619046,0.015994029087623558,1150.0,-550.0,65.23539000210606,501.35885672527365,45.37926962782098,455.9795870974527,37901.51374473864,31713.486255261363,0.17777856753507934,0.967434898264219,37000.0,36670.0,36005.0,34807.5,1.0280883556040359,1.0830999066293183,1862.5,0.027247956403269713,0.027247956403269713,0.03050397877984085,0.014804845222072678,0.018547908679631624,0.015721387379575045,724487.4,533502.7,2.608609504939177,2.130191656012238,24.480846739110948,1339.0591962868882,78847803.0,89.69072164948453,83.95623269394304,0.002732240437158362,-0.005434782608695676,0.035161744022503605,0.0081818047439108,-0.010610079575596816,37300.0
2022-08-05,38200.0,38200.0,37200.0,37300.0,574561,-0.010610079575596787,-0.010666767804195192,36614.28571428572,35832.142857142855,34926.19047619047,0.017006363539223017,1000.0,900.0,61.92688865697223,574.7392553557074,151.25126677339827,423.4879885823092,38215.09597139233,31784.90402860767,0.18371976979384738,0.857687611888606,37233.333333333336,37020.0,36235.0,35000.0,1.0075634792004322,1.0657142857142856,2020.0,-0.010610079575596787,0.010610079575596787,0.02680965147453083,-0.02356020942408377,0.02028712973977581,0.014574067755367731,763916.8,542774.2,-0.49443052699471957,1.0585635794774328,23.78811015559923,1314.8406822663962,78273242.0,81.44329896907216,84.14747727783664,0.027247956403269713,0.002732240437158362,-0.005434782608695676,0.006456705754943763,-0.058981233243967826,35100.0
2022-08-08,37350.0,37350.0,34250.0,35100.0,2147500,-0.05898123324396787,-0.06079219617794977,36535.71428571428,35885.71428571428,35004.76190476191,0.030921723386086866,3100.0,2250.0,47.62152951723452,450.18271006210125,211.03755543113888,239.14515463096237,38207.36420082333,31967.635799176674,0.1778333709054978,0.5020032923222587,36700.0,36680.0,36225.0,35087.5,0.9569247546346783,1.0003562522265763,1592.5,-0.05898123324396787,0.05898123324396787,0.08831908831908832,-0.060240963855421686,0.031484068175934236,0.025336711766800187,998173.6,638192.4,2.7376362126910805,3.364972694754748,25.04577134230777,1442.3520621045107,76125742.0,24.390243902439025,65.1747548403319,-0.010610079575596787,0.027247956403269713,0.002732240437158362,-0.01411445213876498,-0.04131054131054131,33650.0
2022-08-09,35250.0,35400.0,33350.0,33650.0,1596546,-0.04131054131054135,-0.04218807438108336,36264.28571428572,35839.28571428572,35019.04761904762,0.03442963212424909,2050.0,1600.0,40.913218962107905,231.79587018748862,215.18921838240885,16.606651805079764,38072.803788360085,32237.19621163992,0.16599651761399986,0.24210054733566075,35350.0,36090.0,36040.0,35155.0,0.9323912441119424,0.9571895889631631,935.0,-0.04131054131054135,0.04131054131054135,0.06092124814264487,-0.04539007092198582,0.034417197115719264,0.028213616356611685,1154000.2,696167.3,-0.25655599534342255,2.2933366735266074,24.707121438841874,1485.7554862399027,74529196.0,6.185567010309279,37.339703293940154,-0.05898123324396787,-0.010610079575596787,0.027247956403269713,-0.03696728471003533,-0.007429420505200594,33400.0
2022-08-10,33350.0,34350.0,33050.0,33400.0,863407,-0.007429420505200568,-0.0074571561080820515,35778.57142857143,35678.57142857143,35071.42857142857,0.0290466187903631,1300.0,-50.0,39.87038085270904,38.11050139469444,179.77347498486597,-141.66297359017153,37998.55834904672,32381.441650953282,0.15962252623169754,0.18133117109573982,34050.0,35430.0,35845.0,35190.0,0.9427039232289021,0.9491332764990054,240.0,-0.007429420505200568,0.007429420505200568,0.038922155688622756,0.0014992503748125937,0.03330290427318489,0.02822236363315993,1263695.4,725002.7,-0.4592031798645325,1.1909017718140913,24.084952648552164,1472.487237222767,73665789.0,6.796116504854369,12.457309139200886,-0.04131054131054135,-0.05898123324396787,-0.010610079575596787,-0.03590706501990326,0.014970059880239521,33900.0
2022-08-11,34200.0,34650.0,33750.0,33900.0,954165,0.014970059880239583,0.014859114403749905,35392.857142857145,35600.0,35128.57142857143,0.03097557012845555,900.0,300.0,42.99966725774523,-74.18556249019457,128.98166748985386,-203.16722998004843,37838.47707573978,32686.52292426022,0.14610291815610227,0.23553724277443105,33650.0,34670.0,35670.0,35262.5,0.9777905970579752,0.9613612194257356,-592.5,0.014970059880239583,0.014970059880239583,0.02654867256637168,-0.008771929824561403,0.029327936023875862,0.02864542680323017,1227235.8,752336.6,0.10511612715671759,1.2682687509819408,24.199762184849565,1456.595291706855,74619954.0,16.50485436893204,9.828845961365225,-0.007429420505200568,-0.04131054131054135,-0.05898123324396787,-0.011256633978500777,0.008849557522123894,34200.0
2022-08-12,33950.0,34450.0,33750.0,34200.0,560037,0.008849557522123908,0.008810629682154906,35035.71428571428,35528.57142857143,35211.90476190476,0.03150392211838601,700.0,-250.0,44.85407908159554,-137.3897656764675,75.7073808565896,-213.0971465330571,37761.766280610136,32858.233719389864,0.13887093064911563,0.27363258301199694,33833.333333333336,34050.0,35535.0,35310.0,1.0044052863436124,0.9685641461342396,-1260.0,0.008849557522123908,0.008849557522123908,0.02046783625730994,0.007363770250368188,0.03215223709895386,0.02896396265265799,1224331.0,747832.7,-0.4130606341670465,0.7488800636826927,23.67573905506019,1402.552770870651,75179991.0,22.33009708737864,15.210355987055012,0.014970059880239583,-0.007429420505200568,-0.04131054131054135,0.005463398965720974,0.02631578947368421,35100.0
2022-08-16,34600.0,35650.0,34300.0,35100.0,871618,0.026315789473684292,0.025975486403260736,34664.28571428572,35500.0,35300.0,0.03132777483576506,1350.0,-500.0,50.099055071519516,-113.54816115658468,37.85627245395474,-151.40443361053943,37758.10036510546,32941.89963489454,0.13624330212760755,0.44809186452055305,34400.0,34050.0,35365.0,35350.0,1.0308370044052864,0.9929278642149929,-1300.0,0.026315789473684292,0.026315789473684292,0.038461538461538464,0.014450867052023121,0.026250265692981042,0.027762828529088866,969154.6,755462.3,0.5563578834969833,1.1537544626647815,24.14406294300108,1405.9418586656047,76051609.0,39.80582524271845,26.213592233009706,0.008849557522123908,0.014970059880239583,-0.007429420505200568,0.016711802292015927,0.011396011396011397,35500.0
2022-08-17,35200.0,35800.0,34600.0,35500.0,719865,0.01139601139601143,0.011331566009550018,34407.142857142855,35510.71428571428,35357.142857142855,0.032360483973279175,1200.0,-300.0,52.27179323876986,-61.66601332867867,17.951815297428055,-79.61782862610673,37769.54082143076,33045.45917856924,0.13342036695224238,0.5195805252730497,34933.333333333336,34420.0,35255.0,35407.5,1.031377106333527,1.002612440867048,-987.5,0.01139601139601143,0.01139601139601143,0.03380281690140845,0.008522727272727272,0.012192192881991132,0.0281975389800411,793818.4,771869.5,-0.1741049404670395,0.9326252689087987,23.964106948914555,1391.231725903776,76771474.0,47.57281553398058,36.569579288025885,0.026315789473684292,0.008849557522123908,0.014970059880239583,0.01552045279727321,0.007042253521126761,35750.0
2022-08-18,35250.0,36250.0,35000.0,35750.0,682736,0.007042253521126751,0.00701757265864654,34500.0,35517.857142857145,35423.80952380953,0.02212894478221525,1250.0,-500.0,53.630712782527866,-0.3718403771490557,14.287084162512633,-14.658924539661689,37787.28822373115,33172.71177626885,0.13006134293862173,0.5585102453224026,35450.0,34890.0,35160.0,35480.0,1.0246488965319576,1.0076099210823,-590.0,0.007042253521126751,0.007042253521126751,0.03496503496503497,0.014184397163120567,0.007647399141743331,0.028322154722328446,757684.2,776775.85,-0.05157772637925162,0.8789356672198293,23.91816908197943,1381.1437454820775,77454210.0,52.42718446601942,46.6019417475728,0.01139601139601143,0.026315789473684292,0.008849557522123908,0.014918018130274158,-0.009790209790209791,35400.0
2022-08-19,36150.0,37100.0,35400.0,35400.0,1157179,-0.009790209790209836,-0.00983844900028794,34750.0,35507.142857142855,35476.19047619047,0.012490038608277831,1700.0,750.0,51.42326229564286,19.734669375502563,15.37660120511062,4.3580681703919435,37773.618863052456,33161.381136947544,0.1300412413083784,0.4853650214909879,35550.0,35190.0,34930.0,35467.5,1.0059676044330776,0.9980968492281667,-277.5,-0.009790209790209836,0.009790209790209836,0.0480225988700565,-0.02074688796680498,0.012866849079874825,0.02639185760792338,798287.0,779339.75,0.6949142860490731,1.4848196823015893,24.435962803813744,1403.9191922333575,76297031.0,45.63106796116505,48.543689320388346,0.007042253521126751,0.01139601139601143,0.026315789473684292,0.0028826850423094483,-0.03531073446327684,34150.0
2022-08-22,34700.0,35150.0,34100.0,34150.0,463498,-0.035310734463276816,-0.03594923412292968,34857.142857142855,35317.857142857145,35404.76190476191,0.020287481640653617,1050.0,550.0,44.39513756885877,-64.45236337526876,-0.589191710965256,-63.86317166430351,37797.76210354094,33052.23789645906,0.13395975178777356,0.23132578312480592,35100.0,35180.0,34615.0,35425.0,0.9707220011370097,0.9640084685956246,-245.0,-0.035310734463276816,0.035310734463276816,0.03074670571010249,-0.01585014409221902,0.023530062131102238,0.02798384312160256,778979.2,772624.25,-0.5994586835744513,0.5999009220847002,23.485075214046244,1396.4963927881179,75833533.0,21.359223300970875,39.80582524271844,-0.009790209790209836,0.007042253521126751,0.01139601139601143,-0.012686230244119967,0.01171303074670571,34550.0
2022-08-23,33850.0,35150.0,33850.0,34550.0,509936,0.01171303074670571,0.011644964196879834,34950.0,35171.42857142857,35383.333333333336,0.02001341462909969,1300.0,-700.0,46.89628560058028,-97.76753304182785,-20.024859977137776,-77.74267306469007,37795.84744624419,32989.15255375581,0.13581111513705946,0.3247236367516045,34700.0,35070.0,34560.0,35392.5,0.9851725121186199,0.9761955216500671,-322.5,0.01171303074670571,0.01171303074670571,0.03762662807525326,0.0206794682422452,0.020091386693983623,0.022104995115734105,706642.8,782777.45,0.10019029208324515,0.6514444175672154,23.592203335882452,1389.6037933032524,76343469.0,29.12621359223301,32.03883495145631,-0.035310734463276816,-0.009790209790209836,0.007042253521126751,-0.011129304502260315,0.013024602026049204,35000.0
2022-08-24,34900.0,35700.0,34400.0,35000.0,378532,0.013024602026049159,0.012940511275734732,35064.28571428572,35050.0,35373.80952380953,0.020282188891346267,1300.0,-100.0,49.64066300774968,-86.85756587982905,-33.391401157676036,-53.46616472215302,37776.5345303505,32958.4654696495,0.13622871451759394,0.4237246300602983,34566.666666666664,34970.0,34695.0,35367.5,1.0008578781812982,0.9896091044037605,-397.5,0.013024602026049159,0.013024602026049159,0.037142857142857144,0.0028653295128939827,0.020393839393955473,0.017361579083142384,638376.2,787258.15,-0.25768723918295633,0.48082322170942277,23.30715923308664,1383.2035223530202,76722001.0,37.86407766990291,29.449838187702266,0.01171303074670571,-0.035310734463276816,-0.009790209790209836,-0.0035243672301739823,0.014285714285714285,35500.0
2022-08-25,35250.0,35500.0,34900.0,35500.0,349552,0.014285714285714235,0.014184634991956381,35121.42857142857,34892.857142857145,35373.80952380953,0.01849646649160789,600.0,-250.0,52.5734634953626,-37.43400111324445,-34.19992114878972,-3.234079964454729,37784.73901185651,32965.26098814349,0.13623966144771782,0.5259364187127671,35016.666666666664,34920.0,34905.0,35375.0,1.0166093928980526,1.0035335689045937,-455.0,0.014285714285714235,0.014285714285714235,0.016901408450704224,0.0070921985815602835,0.021483864401002747,0.0171186635287342,571739.4,793648.65,-0.07655891707966567,0.44043670961955267,23.241695589109966,1327.2604136135187,77071553.0,47.57281553398058,38.18770226537216,0.013024602026049159,0.01171303074670571,-0.035310734463276816,0.013007782352823035,-0.02112676056338028,34750.0
2022-08-26,35950.0,36300.0,34650.0,34750.0,596953,-0.021126760563380254,-0.021353124470568946,35014.28571428572,34710.71428571428,35345.23809523809,0.019720860764874747,1650.0,1200.0,48.05284779324025,-58.11429651135404,-38.982796221302586,-19.131500290051456,37751.700142244576,32908.299857755424,0.13709029958927685,0.38024941860423284,35083.333333333336,34790.0,34990.0,35330.0,0.9988502443230813,0.9835833569204642,-540.0,-0.021126760563380254,0.021126760563380254,0.04748201438848921,-0.03337969401947149,0.023148728097943952,0.01879881485685529,459694.2,802426.1,0.7077659404037167,0.7439351735941789,23.75552851334858,1350.313241212553,76474600.0,39.53488372093023,41.65725897493791,0.014285714285714235,0.013024602026049159,0.01171303074670571,0.002061185249461047,-0.05467625899280575,32850.0
2022-08-29,33200.0,33600.0,32750.0,32850.0,694117,-0.054676258992805704,-0.056227827080181564,34600.0,34550.0,35211.90476190476,0.027351164240103004,850.0,350.0,38.922135108773354,-225.22148753253714,-76.2305344835495,-148.99095304898765,37854.42217705078,32535.57782294922,0.15112499940620994,0.05911475428084611,34366.666666666664,34530.0,34855.0,35195.0,0.9513466550825369,0.9333712175024862,-665.0,-0.054676258992805704,0.054676258992805704,0.0258751902587519,-0.010542168674698794,0.030315843330700067,0.02587059997593496,505818.0,818261.25,0.16276658296381785,0.8482828680937781,23.850102837132464,1396.7194382687994,75780483.0,2.2988505747126435,29.802183276541147,-0.021126760563380254,0.014285714285714235,0.013024602026049159,-0.020505768423490573,0.0213089802130898,33550.0
2022-08-30,32950.0,33600.0,32550.0,33550.0,474479,0.021308980213089912,0.02108511848707139,34335.71428571428,34542.857142857145,35116.666666666664,0.030130683262215914,1050.0,-600.0,43.20399504701517,-297.73884246328817,-120.53219607949725,-177.2066463837909,37676.116940162814,32388.883059837182,0.15092368173340845,0.21960763727200705,33716.666666666664,34330.0,34700.0,35032.5,0.977279347509467,0.9576821522871619,-702.5,0.021308980213089912,0.021308980213089912,0.03129657228017884,0.018209408194233688,0.03207739421342471,0.025266269594476705,498726.6,793174.4,-0.31642792209382564,0.5982026147086945,23.490764781402643,1371.9537641067423,76254962.0,21.978021978021978,21.270585424554948,-0.054676258992805704,-0.021126760563380254,0.014285714285714235,-0.018164679781032016,0.029806259314456036,34550.0
2022-08-31,33100.0,34600.0,32950.0,34550.0,410513,0.02980625931445613,0.029370686795988196,34392.857142857145,34625.0,35009.52380952381,0.030026759316237564,1650.0,-1450.0,48.73330084889141,-271.38931891942775,-150.70362064748338,-120.68569827194437,37474.83998049304,32385.16001950696,0.14571084915505522,0.4253391170146626,33650.0,34240.0,34605.0,34930.0,1.009053738317757,0.9891210993415402,-690.0,0.02980625931445613,0.02980625931445613,0.04775687409551375,0.04380664652567976,0.0352163317215971,0.027131873163340047,505122.8,772829.4,-0.13481313187728017,0.5311819141456058,23.37532570533621,1391.8142095276894,76665475.0,43.956043956043956,22.744305502926192,0.021308980213089912,-0.054676258992805704,-0.021126760563380254,-0.0011870064884198876,-0.04052098408104197,33150.0
2022-09-01,33750.0,34100.0,33150.0,33150.0,450167,-0.04052098408104199,-0.04136483358180741,34192.857142857145,34571.42857142857,34845.23809523809,0.03356590147190369,950.0,600.0,42.49578832898937,-359.33326122643484,-192.42954876327366,-166.90371246316118,37272.62426594196,32232.37573405804,0.14503268921326284,0.1820593290464139,33750.0,33770.0,34345.0,34752.5,0.9816405093278058,0.9538882094813322,-982.5,-0.04052098408104199,0.04052098408104199,0.02865761689291101,-0.017777777777777778,0.037315655591677814,0.029374417852233495,525245.8,779591.2,0.09659621010784059,0.5774398171759764,23.426171899693937,1392.39890884714,76215308.0,13.186813186813186,26.37362637362637,0.02980625931445613,0.021308980213089912,-0.054676258992805704,0.0035314184821680175,-0.02262443438914027,32400.0
2022-09-02,33300.0,33550.0,32300.0,32400.0,360859,-0.022624434389140302,-0.022884293833587845,33821.42857142857,34442.857142857145,34640.47619047619,0.032938100962035546,1250.0,900.0,39.57359454329659,-483.9693042165236,-250.73749985392368,-233.23180436259992,36809.449045181886,32165.55095481811,0.13465452962272634,0.05048539839157493,33366.666666666664,33300.0,34045.0,34487.5,0.972972972972973,0.9394708227618702,-1187.5,-0.022624434389140302,0.022624434389140302,0.038580246913580245,-0.02702702702702703,0.03740268853775224,0.029781186967316083,478027.0,740811.0,-0.1983885980091833,0.4871134472895246,23.18215628116661,1382.2275582152015,75854449.0,2.0833333333333335,19.74206349206349,-0.04052098408104199,0.02980625931445613,0.021308980213089912,-0.01111305305190872,-0.016975308641975308,31850.0
2022-09-05,32050.0,32500.0,31650.0,31850.0,388021,-0.016975308641975273,-0.017121040780111313,33300.0,34210.71428571428,34361.90476190476,0.031013463674958143,850.0,200.0,37.53520125366791,-619.9779498159769,-324.5855898463343,-295.3923599696426,36423.61947831672,32006.380521683277,0.12910240995567576,-0.035402323310682035,32466.666666666668,33100.0,33815.0,34215.0,0.9622356495468278,0.9308782697647231,-1115.0,-0.016975308641975273,0.016975308641975273,0.026687598116169546,-0.0062402496099844,0.030067417397629737,0.028476976232984452,416807.8,731484.0,0.0752703964706436,0.5304572622230972,23.237607401933342,1344.211304056973,75466428.0,3.669724770642202,6.313290430262906,-0.022624434389140302,-0.04052098408104199,0.02980625931445613,-0.026706909037385856,0.0031397174254317113,31950.0
2022-09-06,31900.0,32350.0,31550.0,31950.0,306670,0.0031397174254317317,0.0031347988053714785,32900.0,33957.142857142855,34107.142857142855,0.0316183173935597,800.0,-50.0,38.158909682272146,-711.4949462279037,-401.9674611226482,-309.5274851052555,36442.60178531564,31672.398214684366,0.14006323337389034,0.05819495566703809,32066.666666666668,32780.0,33555.0,34057.5,0.974679682733374,0.9381193569698304,-1277.5,0.0031397174254317317,0.0031397174254317317,0.025039123630672927,0.001567398119122257,0.026903325961253704,0.02798999183561127,383246.0,639442.5,-0.20965617840271533,0.4795896425401815,23.005454989771,1305.3390680529035,75773098.0,7.207207207207207,4.320088437060912,-0.016975308641975273,-0.022624434389140302,-0.04052098408104199,-0.012153341868561282,-0.017214397496087636,31400.0
2022-09-07,31750.0,31800.0,31100.0,31400.0,360690,-0.017214397496087663,-0.017364287909336154,32692.85714285714,33646.42857142857,33930.95238095238,0.02534856052824901,700.0,350.0,36.028144754127965,-818.9627360523154,-485.3665161085817,-333.59621994373373,36607.19142022033,31282.808579779663,0.1568532284707813,0.022010329409490343,31733.333333333332,32150.0,33195.0,33945.0,0.9766718506998445,0.9250257769921932,-1795.0,-0.017214397496087663,0.017214397496087663,0.022292993630573247,-0.011023622047244094,0.015601399341185401,0.0271549200213249,373281.4,577649.7,0.17615025923631267,0.6244095686364938,23.150337314621705,1272.8148489062676,75412408.0,5.0,5.292310659283134,0.0031397174254317317,-0.016975308641975273,-0.022624434389140302,-0.010349996237543735,0.007961783439490446,31650.0
2022-09-08,31750.0,32100.0,31450.0,31650.0,385065,0.0079617834394905,0.007930255675977564,32421.428571428572,33378.57142857143,33835.71428571428,0.023378080003106573,650.0,100.0,37.7302206142867,-873.8852182674236,-563.0702565403501,-310.8149617270735,36703.785668246106,31011.214331753894,0.1681332448199723,0.11221390659633414,31666.666666666668,31850.0,32810.0,33857.5,0.9937205651491365,0.9348002658199808,-2007.5,0.0079617834394905,0.0079617834394905,0.020537124802527645,-0.0031496062992125984,0.013708394801565443,0.026582205509902132,360261.0,553732.6,0.06757880728603505,0.6953988260759797,23.22366085784275,1231.89950255582,75797473.0,10.576923076923077,7.594710094710092,-0.017214397496087663,0.0031397174254317317,-0.016975308641975273,-0.002037632210388477,0.05529225908372828,33400.0
2022-09-13,32500.0,33400.0,32400.0,33400.0,432266,0.05529225908372837,0.05381775139246962,32257.14285714286,33325.0,33835.71428571428,0.0306451472178751,1000.0,-900.0,48.13328791523135,-767.3557075440258,-603.9273467410853,-163.42836080294046,36685.988170089746,30979.011829910254,0.16868325841068474,0.42421556105725905,32150.0,32050.0,32675.0,33832.5,1.0421216848673946,0.9872164339023128,-1782.5,0.05529225908372837,0.05529225908372837,0.029940119760479042,0.027692307692307693,0.029612320509830193,0.033469274601341734,374542.4,527637.65,0.1225793047926973,0.8192478304002756,23.393107597510493,1268.90668094469,76229739.0,44.23076923076923,19.935897435897434,0.0079617834394905,-0.017214397496087663,0.0031397174254317317,0.015346548342377067,-0.040419161676646706,32050.0
2022-09-14,31900.0,32300.0,31650.0,32050.0,432571,-0.04041916167664672,-0.0412587166159757,32100.0,33146.42857142857,33747.619047619046,0.030624084398775148,650.0,-150.0,42.26696994474129,-782.8399289710578,-639.7098631870799,-143.1300657839779,36680.3697782707,30769.630221729298,0.175262848229545,0.21661752578046167,32366.666666666668,32090.0,32595.0,33725.0,0.9987535057650359,0.9503335804299481,-1635.0,-0.04041916167664672,0.04041916167664672,0.0202808112324493,0.004702194357366771,0.03551470689693355,0.03127654552800438,383452.4,521264.35,0.0007055840616656539,0.8298495763234145,23.352554216151646,1303.2704894486408,75797168.0,18.26923076923077,24.358974358974354,0.05529225908372837,0.0079617834394905,-0.017214397496087663,0.007611626948857382,-0.0046801872074883,31900.0
2022-09-15,32350.0,32400.0,31650.0,31900.0,313873,-0.004680187207488307,-0.004691173575880166,32028.571428571428,32925.0,33638.09523809524,0.029590115709253687,750.0,450.0,41.6594289926877,-798.0160006991173,-671.3710906894873,-126.64491000962994,36553.24010872093,30576.759891279075,0.1780569109918622,0.22140792917864274,32450.0,32080.0,32430.0,33565.0,0.9943890274314214,0.9503947564427231,-1485.0,-0.004680187207488307,0.004680187207488307,0.023510971786833857,-0.013910355486862442,0.03561037539413738,0.030182881285170042,384893.0,493377.1,-0.27440119656657525,0.6361726152267708,23.027105013349036,1263.751168773738,75483295.0,15.384615384615385,25.961538461538456,-0.04041916167664672,0.05529225908372837,0.0079617834394905,0.0033976367331977806,-0.01567398119122257,31400.0
2022-09-16,31650.0,31850.0,31300.0,31400.0,279075,-0.01567398119122254,-0.015798116876591176,31964.285714285714,32632.14285714286,33461.90476190476,0.029483126816640257,550.0,250.0,39.615333469494345,-840.6979258342144,-705.2364577184328,-135.4614681157816,36351.848574834105,30368.151425165895,0.17936742055360338,0.17244331539929617,31783.333333333332,32080.0,32115.0,33360.0,0.9788029925187033,0.9412470023980816,-1280.0,-0.01567398119122254,0.01567398119122254,0.01751592356687898,-0.007898894154818325,0.03542837701826229,0.027746714417886065,368570.0,471337.6,-0.11086649695896111,0.592091528450096,22.893799013893393,1216.3403710041855,75204220.0,5.769230769230769,13.14102564102564,-0.004680187207488307,-0.04041916167664672,0.05529225908372837,-0.020257776691785856,-0.009554140127388535,31100.0
2022-09-19,31400.0,32000.0,31050.0,31100.0,348646,-0.009554140127388533,-0.009600073729019231,31842.85714285714,32371.428571428572,33252.380952380954,0.029504012211085406,950.0,300.0,38.39793791934563,-888.4892013579083,-741.8870064463279,-146.60219491158045,36059.44295198325,30195.55704801675,0.17700961146982105,0.15423952082209816,31466.666666666668,31970.0,31910.0,33127.5,0.9727869878010635,0.9387970719191004,-1157.5,-0.009554140127388533,0.009554140127388533,0.03054662379421222,-0.009554140127388535,0.03537156507280983,0.025495928383317094,361286.2,454633.1,0.24929140911941228,0.7668733314842232,23.106775458019147,1197.316058789601,74855574.0,1.408450704225352,7.520765619357166,-0.01567398119122254,-0.004680187207488307,-0.04041916167664672,-0.00996943617536646,0.006430868167202572,31300.0
2022-09-20,31250.0,31850.0,31100.0,31300.0,220711,0.006430868167202508,0.006410278360919019,31828.571428571428,32260.714285714286,33040.47619047619,0.029054283004369397,750.0,-50.0,39.7277168912584,-899.8528593738156,-773.4801770318254,-126.37268234199018,35757.14933318132,30087.850666818682,0.17220134152517688,0.21380939769028268,31266.666666666668,31550.0,31800.0,32922.5,0.9920760697305864,0.9507175943503683,-1372.5,0.006430868167202508,0.006430868167202508,0.023961661341853034,0.0016,0.01744540754713712,0.025052080612764618,318975.2,407809.7,-0.36694813650522307,0.5412107657076327,22.65598280908947,1165.3649117332009,75076285.0,7.042253521126761,4.739978331527625,-0.009554140127388533,-0.01567398119122254,-0.004680187207488307,-0.006265751050469522,-0.054313099041533544,29600.0
2022-09-21,31000.0,31150.0,28350.0,29600.0,1838563,-0.054313099041533586,-0.055843736216092885,31535.714285714286,31978.571428571428,32764.285714285714,0.03531147816368463,2800.0,1400.0,33.1727652067687,-1034.1138124133577,-825.606904108132,-208.5069083052257,35829.34287581271,29560.657124187284,0.1917322450413038,0.006276096357600045,30666.666666666668,31060.0,31575.0,32695.0,0.952994204764971,0.9053372075240863,-1635.0,-0.054313099041533586,0.054313099041533586,0.0945945945945946,-0.04516129032258064,0.02312928133930617,0.029691254431601446,600173.6,476562.95,7.330182908871782,3.857964619364556,24.72002448653243,1292.838846609401,73237722.0,20.0,9.483568075117368,0.006430868167202508,-0.009554140127388533,-0.01567398119122254,-0.019145457000573202,0.030405405405405407,30500.0
2022-09-22,28900.0,30500.0,28500.0,30500.0,751700,0.030405405405405483,0.029952322283351325,31121.428571428572,31689.285714285714,32590.47619047619,0.028706047794397845,2000.0,-1600.0,38.91872101109009,-1055.7243732003117,-871.630397926568,-184.0939752737437,35645.48939187292,29339.51060812708,0.19407490293901186,0.18403001844284256,30466.666666666668,30780.0,31430.0,32492.5,0.99090318388564,0.9386781564976533,-1712.5,0.030405405405405483,0.030405405405405483,0.06557377049180328,0.05536332179930796,0.031176795275804678,0.03188670276771563,687739.0,488651.15,-0.5911480868482614,1.53831624053274,23.85557454980468,1343.3503575658724,73989422.0,37.391304347826086,21.477852622984283,-0.054313099041533586,0.006430868167202508,-0.009554140127388533,-0.005825608489641865,-0.027868852459016394,29650.0
2022-09-23,30700.0,31550.0,29500.0,29650.0,659218,-0.02786885245901638,-0.028264558169631467,30778.571428571428,31439.285714285714,32357.14285714286,0.026937951951970074,2050.0,1050.0,35.78890836137046,-1128.4309450624532,-922.9905073537451,-205.44043770870815,35390.02265727319,29059.97734272681,0.1964327483179638,0.09320986311382722,29916.666666666668,30430.0,31255.0,32225.0,0.9743674005915215,0.9200930954228084,-1795.0,-0.02786885245901638,0.02786885245901638,0.06913996627318718,-0.03420195439739414,0.0323299938029725,0.03254201748488023,763767.6,502685.45,-0.1230304642809632,1.3113926412630403,23.696026967506878,1393.8253320254528,73330204.0,25.0,27.463768115942027,0.030405405405405483,-0.054313099041533586,0.006430868167202508,-0.017258848698381495,-0.05564924114671164,28000.0
2022-09-26,29000.0,29150.0,27900.0,28000.0,663663,-0.05564924114671166,-0.05725761526853056,30221.428571428572,31125.0,32023.809523809523,0.03174533098114832,1250.0,1000.0,30.638141413837005,-1304.159103130365,-999.2242265090692,-304.93487662129587,35155.33858445618,28544.661415543822,0.20755658301137697,-0.08239116835188523,29383.333333333332,29810.0,30890.0,31850.0,0.9392821200939282,0.8791208791208791,-2040.0,-0.05564924114671166,0.05564924114671166,0.044642857142857144,-0.034482758620689655,0.0379119826458422,0.03573478124326564,826771.0,518391.0,0.006742837725911555,1.2802363466958337,23.64548955871224,1419.2663797379205,72666541.0,1.8181818181818181,21.403162055335965,-0.02786885245901638,0.030405405405405483,-0.054313099041533586,-0.01770422940010752,-0.007142857142857143,27800.0
2022-09-27,27950.0,28300.0,27000.0,27800.0,666336,-0.0071428571428571175,-0.007168489478612516,29707.14285714286,30835.714285714286,31657.14285714286,0.032039775537541525,1300.0,150.0,30.073161165690195,-1442.9300634043138,-1087.9653938881181,-354.9646695161957,34980.925990073825,28024.074009926175,0.2208349172334783,-0.03220910989131309,28483.333333333332,29110.0,30330.0,31502.5,0.95499828237719,0.8824696452662487,-2392.5,-0.0071428571428571175,0.0071428571428571175,0.046762589928057555,-0.005366726296958855,0.03596435018140491,0.027178162192403467,915896.0,521860.15,0.004027646561583165,1.2768478298256727,23.642340626540133,1410.7473526137833,72000205.0,12.5,13.106060606060604,-0.05564924114671166,-0.02786885245901638,0.030405405405405483,-0.03022031691619505,-0.052158273381294966,26350.0
2022-09-28,27650.0,27900.0,26300.0,26350.0,703473,-0.05215827338129497,-0.05356774570922006,29028.571428571428,30435.714285714286,31257.14285714286,0.03447399613465494,1600.0,1300.0,26.28825362584506,-1650.8796184519415,-1200.548238800883,-450.33137965105857,35283.78209352194,27071.217906478054,0.2634131725457105,-0.08781884561899007,27383.333333333332,28460.0,29760.0,31177.5,0.9258608573436402,0.8451607729933446,-2717.5,-0.05215827338129497,0.05215827338129497,0.06072106261859583,-0.04701627486437613,0.035503986458184214,0.02848364830311104,688878.0,522327.95,0.055733143639244975,1.3468032870919506,23.643008329292606,1424.2653988556558,71296732.0,0.704225352112676,5.007469056764829,-0.0071428571428571175,-0.05564924114671166,-0.02786885245901638,-0.03831679055695458,-0.0018975332068311196,26300.0
2022-09-29,27000.0,27450.0,26100.0,26300.0,505143,-0.00189753320683117,-0.0018993358036525163,28314.285714285714,30071.428571428572,30945.238095238095,0.033391354326464465,1350.0,700.0,26.165961196744433,-1798.9782200596092,-1320.2342350526283,-478.7439850069809,35301.83454236128,26328.165457638723,0.2912110687886599,-0.0031386779892155496,26816.666666666668,27620.0,29200.0,30815.0,0.9522085445329471,0.8534804478338471,-3195.0,-0.00189753320683117,0.00189753320683117,0.051330798479087454,-0.025925925925925925,0.024799342377011587,0.02865240097203175,639566.6,523861.15,-0.28192979687919795,0.9642688716275295,23.309921054730875,1418.960727508823,70791589.0,2.73972602739726,5.314650459836643,-0.05215827338129497,-0.0071428571428571175,-0.05564924114671166,-0.02039955457699442,0.0076045627376425855,26500.0
2022-09-30,25700.0,26850.0,25700.0,26500.0,520265,0.0076045627376426506,0.007575793808457723,27871.428571428572,29703.571428571428,30609.52380952381,0.032166068390318985,1150.0,-800.0,27.616476221556923,-1878.5542957344514,-1431.8982471889929,-446.6560485454586,34932.732294915826,25892.26770508417,0.2972614743882172,0.06722356897447307,26383.333333333332,26990.0,28710.0,30412.5,0.9818451278251205,0.8713522400328813,-3422.5,0.0076045627376426506,0.0076045627376426506,0.04339622641509434,0.0311284046692607,0.029761352358394708,0.029849973450570225,611776.0,529348.75,0.029936077506765413,0.9828397630106805,23.346993588179252,1399.7492469724787,71311854.0,10.38961038961039,4.61118725637344,-0.00189753320683117,-0.05215827338129497,-0.0071428571428571175,-0.015483747950161164,0.05849056603773585,28050.0
2022-10-04,27250.0,28100.0,27100.0,28050.0,432276,0.05849056603773595,0.05684389897652889,27521.428571428572,29321.428571428572,30300.0,0.039346148294806316,1000.0,-800.0,37.8129891484576,-1795.8454741607893,-1504.6876925833524,-291.15778157743694,34602.281091051445,25712.71890894856,0.2947711906525039,0.26292420742126377,26950.0,27000.0,28405.0,30157.5,1.038888888888889,0.9301168863466799,-3157.5,0.05849056603773595,0.05849056603773595,0.035650623885918005,0.029357798165137616,0.039526216421545766,0.03818065154852774,565498.6,528454.2,-0.1691234274840706,0.8180008787894959,23.21856346314583,1414.0528721887301,71744130.0,35.07462686567164,16.067987760893093,0.0076045627376426506,-0.00189753320683117,-0.05215827338129497,0.021399198522849144,-0.0106951871657754,27750.0
2022-10-05,28900.0,28950.0,27500.0,27750.0,443513,-0.010695187165775444,-0.01075279177626185,27250.0,29014.285714285714,30042.85714285714,0.038688104363776066,1450.0,1150.0,36.734392528902085,-1734.5112638206156,-1550.6524068308051,-183.85885698981042,34362.34154646676,25487.658453533237,0.29656418021498837,0.2549208262172375,27433.333333333332,26990.0,28050.0,29925.0,1.0281585772508337,0.9273182957393483,-2935.0,-0.010695187165775444,0.010695187165775444,0.05225225225225225,-0.039792387543252594,0.039740053764917724,0.03776300757767504,520934.0,532586.9,0.02599496617901531,0.8327523639804133,23.23347351184662,1416.6205241752496,71300617.0,30.597014925373134,25.353750726885053,0.05849056603773595,0.0076045627376426506,-0.00189753320683117,0.018466647203201052,0.043243243243243246,28950.0
2022-10-06,28100.0,29300.0,28050.0,28950.0,497094,0.043243243243243246,0.042334363826560736,27385.714285714286,28803.571428571428,29878.571428571428,0.03642778698755643,1250.0,-850.0,43.65746819080879,-1570.9643894649744,-1554.714803357639,-16.24958610733529,34141.36144847117,25418.638551528828,0.2929054028523286,0.4048462263668897,28250.0,27510.0,27985.0,29780.0,1.0523446019629226,0.9721289456010745,-2270.0,0.043243243243243246,0.043243243243243246,0.04317789291882556,0.030249110320284697,0.029979147812852238,0.03802323534746361,479658.2,538040.55,0.12081043847643702,0.923896907026803,23.389859905074516,1426.1476295913033,71797711.0,51.58730158730159,39.086314459448786,-0.010695187165775444,0.05849056603773595,0.0076045627376426506,0.030346207371734584,-0.010362694300518135,28650.0
2022-10-07,28500.0,29250.0,28300.0,28650.0,356352,-0.010362694300518172,-0.010416760858255715,27507.14285714286,28607.14285714286,29726.190476190477,0.036625315200807966,950.0,-150.0,42.40805959610667,-1448.858269790726,-1533.5434966442565,84.6852268535306,33879.307187512844,25350.692812487156,0.28798292672718856,0.38685149104339783,28450.0,27980.0,27800.0,29615.0,1.0239456754824874,0.9674151612358602,-1635.0,-0.010362694300518172,0.010362694300518172,0.03315881326352531,0.005263157894736842,0.03167032220898937,0.03636365480500861,449900.0,540524.65,-0.2831295489384301,0.6592705809069022,23.04658300761476,1392.137084620496,71441359.0,46.82539682539682,43.003237779357185,0.043243243243243246,-0.010695187165775444,0.05849056603773595,0.007395120592316544,-0.04886561954624782,27250.0
2022-10-11,27500.0,30000.0,26800.0,27250.0,1014465,-0.048865619546247796,-0.050099922051495466,27635.714285714286,28332.14285714286,29502.380952380954,0.035724460745259756,3200.0,250.0,37.075621235699764,-1448.3607883389268,-1516.5069549831906,68.14616664426376,33709.79742787441,25105.202572125592,0.29259865189998524,0.24926187273552422,28283.333333333332,28130.0,27560.0,29407.5,0.9687166725915393,0.9266343619824875,-1277.5,-0.048865619546247796,0.048865619546247796,0.11743119266055047,-0.00909090909090909,0.043870167809395386,0.03834192961679911,548740.0,573213.4,1.8468059671336206,1.769785912192562,24.042680738026867,1521.270150004746,70426894.0,25.203252032520325,41.20531681507291,-0.010362694300518172,0.043243243243243246,-0.010695187165775444,-0.005328356867840907,0.029357798165137616,28050.0
2022-10-12,27500.0,28250.0,27200.0,28050.0,353089,0.029357798165137616,0.028935110859452242,27885.714285714286,28100.0,29342.85714285714,0.03665003803639131,1050.0,-550.0,41.59495522939004,-1367.6478238016061,-1486.7351287468737,119.08730494526753,33434.94640645106,25020.053593548942,0.28791011249344345,0.36006951886605115,27983.333333333332,28130.0,27565.0,29227.5,0.9971560611446854,0.9597125994354632,-1097.5,0.029357798165137616,0.029357798165137616,0.0374331550802139,0.02,0.036537808466370114,0.03588535029347966,532902.6,571614.6,-0.6519456067976717,0.6177046562491582,23.016219339835057,1487.6079964329786,70779983.0,40.17094017094017,37.399863009619104,-0.048865619546247796,-0.010362694300518172,0.043243243243243246,-0.009956838560542783,-0.035650623885918005,27050.0
2022-10-13,27750.0,27950.0,27050.0,27050.0,297191,-0.035650623885918,-0.03630162667621479,27964.285714285714,27917.85714285714,29123.809523809523,0.04052226962651403,900.0,700.0,37.927965101068104,-1368.5975202603804,-1463.107607049575,94.5100867891947,32732.454433310733,25087.545566689267,0.26443821745491064,0.2567008276421751,27450.0,27990.0,27490.0,28910.0,0.9664165773490533,0.9356624005534417,-920.0,-0.035650623885918,0.035650623885918,0.033271719038817,-0.025225225225225224,0.0399962456257828,0.03767062838468909,503638.2,564860.85,-0.1583113605918055,0.5261313472158674,22.80757259312828,1452.778853830623,70482792.0,23.076923076923077,29.483705093461186,0.029357798165137616,-0.048865619546247796,-0.010362694300518172,-0.018386148422342725,0.07578558225508318,29100.0
2022-10-14,28000.0,29500.0,27800.0,29100.0,602794,0.07578558225508325,0.07305116888495637,28114.285714285714,27817.85714285714,28919.04761904762,0.044393920961380944,1700.0,-1100.0,48.04074469698795,-1190.2122679672757,-1408.5285392331152,218.31627126583953,32291.16084632982,25233.83915367018,0.24536537827586766,0.5478226747621602,28066.666666666668,28020.0,27765.0,28762.5,1.0385438972162742,1.0117340286831813,-742.5,0.07578558225508325,0.07578558225508325,0.058419243986254296,0.039285714285714285,0.05086861562980071,0.04040539208928676,524778.2,573372.0,1.0283050294255212,1.0513139811501084,23.587824245351435,1524.0089356998642,71085586.0,58.11965811965812,40.45584045584045,-0.035650623885918,0.029357798165137616,-0.048865619546247796,0.023164252178100957,-0.00859106529209622,28850.0
2022-10-17,28400.0,29200.0,28300.0,28850.0,304457,-0.00859106529209619,-0.00862818122333823,28271.428571428572,27760.714285714286,28766.666666666668,0.044273376696049575,900.0,-450.0,47.03436770316647,-1056.8310900400065,-1338.1890493944936,281.3579593544871,31816.670678773437,25403.329321226563,0.22416432567448,0.537421990600513,28333.333333333332,28060.0,28020.0,28610.0,1.0281539558089807,1.0083886752883606,-550.0,-0.00859106529209619,0.00859106529209619,0.03119584055459272,0.01584507042253521,0.050766582380587184,0.04069171622275518,514399.2,572901.2,-0.49492363892142255,0.5314302012284143,22.89615041310366,1479.4368688641596,70781129.0,73.25581395348837,51.48413171668985,0.07578558225508325,-0.035650623885918,0.029357798165137616,0.010514631025689688,0.008665511265164644,29100.0
2022-10-18,29600.0,29650.0,28250.0,29100.0,431598,0.008665511265164572,0.008628181223338189,28292.85714285714,27839.285714285714,28633.333333333332,0.041342288111020295,1400.0,500.0,48.20290099333514,-920.3434880737404,-1254.619937130343,334.2764490566026,31434.190722845862,25555.809277154138,0.20629519023308385,0.6029194865269258,29016.666666666668,28430.0,28280.0,28495.0,1.0235666549419626,1.0212317950517635,-65.0,0.008665511265164572,0.008665511265164572,0.048109965635738834,-0.016891891891891893,0.04200380973703925,0.04068606768150575,397825.8,580527.35,0.4175992012008265,0.7434585123336567,23.25374333167429,1473.762806802434,71212727.0,79.06976744186046,70.14841317166899,-0.00859106529209619,0.07578558225508325,-0.035650623885918,0.025286676076050545,-0.022336769759450172,28450.0
2022-10-19,29000.0,29400.0,28450.0,28450.0,334538,-0.022336769759450203,-0.022590013605106936,28264.285714285714,27885.714285714286,28492.85714285714,0.04213809316357647,950.0,550.0,45.398461374890864,-854.7723641620069,-1174.6504225366757,319.87805837466885,31033.962244972932,25691.037755027068,0.18837988505758888,0.5163767989168955,28800.0,28510.0,28320.0,28362.5,0.9978954752718344,1.003085059497576,147.5,-0.022336769759450203,0.022336769759450203,0.033391915641476276,-0.01896551724137931,0.04358429768688973,0.03794952627178085,394115.6,579821.95,-0.22488519409265106,0.5769667740243363,22.976409194149333,1436.3511777451174,70878189.0,63.95348837209303,72.09302325581395,0.008665511265164572,-0.00859106529209619,0.07578558225508325,-0.007420774595460607,-0.01757469244288225,27950.0
2022-10-20,28900.0,29000.0,27400.0,27950.0,516569,-0.017574692442882234,-0.017730960971231745,28364.285714285714,28000.0,28342.85714285714,0.037356852153604056,1600.0,950.0,43.3110274600346,-833.5440207649262,-1106.429142182326,272.88512141739966,30483.621741066934,25906.378258933066,0.16234238276764917,0.44647433527268177,28500.0,28690.0,28340.0,28195.0,0.9742070407807598,0.9913105160489448,495.0,-0.017574692442882234,0.017574692442882234,0.057245080500894455,-0.0328719723183391,0.04013007969082482,0.038267369233359765,437991.2,594614.85,0.5441265267323891,0.8687455417569878,23.393136628752913,1448.0403793347518,70361620.0,52.325581395348834,65.11627906976744,-0.022336769759450203,0.008665511265164572,-0.00859106529209619,-0.010415316979055955,-0.007155635062611807,27750.0
2022-10-21,27800.0,28400.0,27650.0,27750.0,249012,-0.007155635062611854,-0.007181359408664697,28321.428571428572,28103.571428571428,28173.809523809523,0.03573728796699526,750.0,50.0,42.46983219245733,-823.3674665847102,-1049.8168070628028,226.4493404780926,30299.741093064815,25905.258906935185,0.15637335419018342,0.4197857710943508,28050.0,28420.0,28220.0,28102.5,0.9764250527797326,0.9874566319722444,317.5,-0.007155635062611854,0.007155635062611854,0.02702702702702703,-0.0017985611510791368,0.011897897336816078,0.03534676089138703,367234.8,515137.3,-0.517950167354216,0.48338957400289206,22.656247486375992,1398.1803522394125,70112608.0,47.674418604651166,54.65116279069767,-0.017574692442882234,-0.022336769759450203,0.008665511265164572,-0.015689032421648097,0.07567567567567568,29850.0
2022-10-24,28550.0,30100.0,28500.0,29850.0,844958,0.07567567567567557,0.07294899964616748,28721.428571428572,28342.85714285714,28185.714285714286,0.041427071843145355,1600.0,-1300.0,52.82944067520532,-638.4899102716081,-967.5514277045639,329.06151743295584,30133.058536812714,26006.941463187286,0.1469938394594025,0.9313983263775878,28516.666666666668,28620.0,28340.0,28070.0,1.0429769392033543,1.063412896330602,550.0,0.07567567567567557,0.07567567567567557,0.05360134003350084,0.04553415061295972,0.039946938659680985,0.04314795081357551,475335.0,519800.2,2.39324209275055,1.6255438147195787,23.950982319822405,1466.1674699365974,70957566.0,92.42424242424242,64.14141414141413,-0.007155635062611854,-0.017574692442882234,-0.022336769759450203,0.01698178272339383,0.02847571189279732,30700.0
2022-10-25,30000.0,31350.0,29950.0,30700.0,965046,0.028475711892797406,0.02807781475454046,28950.0,28532.14285714286,28195.238095238095,0.03348086947401249,1400.0,-700.0,56.26253418038186,-418.56031589215127,-857.7532053420815,439.19288944993025,30397.41468897304,25847.58531102696,0.16178609220183413,1.066504760045212,29433.333333333332,28940.0,28685.0,28122.5,1.0608154803040775,1.0916525913414525,817.5,0.028475711892797406,0.028475711892797406,0.04560260586319218,0.023333333333333334,0.041063837581800634,0.03918307098620305,582024.6,535091.6,0.1421230404351459,1.803515510241611,24.111948981187844,1468.5840792268405,71922612.0,85.71428571428571,75.27098224772642,0.07567567567567557,-0.007155635062611854,-0.017574692442882234,0.03233191750195371,-0.0016286644951140066,30650.0
2022-10-26,31100.0,31200.0,30450.0,30650.0,440155,-0.0016286644951140072,-0.0016299922109310643,29207.14285714286,28739.285714285714,28242.85714285714,0.03301516177804033,750.0,450.0,56.00432484828267,-245.4694904849748,-735.2964623706603,489.82697188568545,30793.31688951143,25716.68311048857,0.17967205022200874,0.9717693070349829,30400.0,29380.0,28945.0,28255.0,1.0432266848196052,1.0847637586267918,1125.0,-0.0016286644951140072,0.0016286644951140072,0.024469820554649267,-0.014469453376205787,0.03771627026491035,0.0389407954690645,603148.0,523916.2,-0.5439025704474191,0.8401248138538185,23.32527015802673,1417.256644996352,71482457.0,84.61538461538461,87.58463758463758,0.028475711892797406,0.07567567567567557,-0.007155635062611854,0.03417424102445299,-0.01631321370309951,30150.0
2022-10-27,30650.0,31150.0,29850.0,30150.0,576735,-0.01631321370309946,-0.016447739209025907,29357.14285714286,28825.0,28345.238095238095,0.034350829303450674,1300.0,500.0,53.36673095708854,-146.94568721171527,-617.6263073388714,470.6806201271561,31036.58372714958,25708.41627285042,0.18779337225479462,0.8336043799760424,30500.0,29820.0,29255.0,28372.5,1.011066398390342,1.062648691514671,1447.5,-0.01631321370309946,0.01631321370309946,0.04311774461028192,-0.01631321370309951,0.03744244800581184,0.036871017818646636,615181.2,519436.15,0.31029978075905085,1.1103097079400421,23.57907837010829,1408.8811703537554,70905722.0,73.62637362637362,81.31868131868131,-0.0016286644951140072,0.028475711892797406,0.07567567567567557,0.003511277898194646,-0.03814262023217247,29000.0
2022-10-28,29800.0,30250.0,28900.0,29000.0,619345,-0.03814262023217252,-0.03888909318672047,29435.714285714286,28850.0,28402.380952380954,0.03698884859331384,1350.0,800.0,47.7916531255006,-159.81797026301865,-526.0646399237008,366.2466696606822,31004.031391306817,26005.968608693183,0.17533986257195697,0.5990383717711425,29933.333333333332,30070.0,29245.0,28505.0,0.9644163618224144,1.0173653744957025,1565.0,-0.03814262023217252,0.03814262023217252,0.04655172413793104,-0.026845637583892617,0.04415660159598276,0.03209204353600334,689247.8,515229.75,0.07388141867582165,1.2020753848161911,23.61146885599431,1404.6753724713442,70286377.0,48.35164835164835,68.86446886446886,-0.01631321370309946,-0.0016286644951140072,0.028475711892797406,-0.018694832810128664,0.03793103448275862,30100.0
2022-10-31,29650.0,30500.0,29300.0,30100.0,483473,0.037931034482758585,0.03722934176835598,29742.85714285714,29053.571428571428,28580.95238095238,0.03774584390206807,1200.0,-450.0,52.86403840885485,-80.33251715206643,-436.91821536937397,356.58569821730754,31062.521466584174,26327.478533415826,0.1650128222048562,0.7967238142991611,29750.0,30120.0,29370.0,28695.0,0.99933598937583,1.0489632340128943,1425.0,0.037931034482758585,0.037931034482758585,0.03986710963455149,0.01517706576728499,0.031432279394524865,0.03400592197141051,616950.8,514146.25,-0.21938015161178337,0.9403413911897636,23.401031200309077,1411.4842744376767,70769850.0,70.93023255813954,64.30275151205383,-0.03814262023217252,-0.01631321370309946,-0.0016286644951140072,-0.0055082664841711315,0.0033222591362126247,30200.0
2022-11-01,29900.0,30400.0,29750.0,30200.0,246973,0.0033222591362125353,0.0033167526259938207,30092.85714285714,29207.14285714286,28766.666666666668,0.03712567179740257,650.0,-300.0,53.30816343578029,-9.16491124289314,-351.3675545440778,342.20264330118465,31098.913911662294,26661.086088337706,0.15366439831456327,0.7974428149425422,29766.666666666668,30020.0,29480.0,28880.0,1.00599600266489,1.0457063711911356,1140.0,0.0033222591362125353,0.0033222591362125353,0.02152317880794702,0.010033444816053512,0.027970702632420224,0.0339796993226934,473336.2,500481.65,-0.4891689918568358,0.4934706397327454,22.732631501391296,1357.0925405492712,71016823.0,73.25581395348837,64.17923162109209,0.037931034482758585,-0.03814262023217252,-0.01631321370309946,0.001036891128932867,-0.0347682119205298,29150.0
2022-11-02,29900.0,30050.0,29050.0,29150.0,392536,-0.03476821192052981,-0.03538701158432258,29992.85714285714,29357.14285714286,28892.85714285714,0.02927664418947111,1000.0,750.0,48.17538997320797,-37.063055772825464,-288.50665478982734,251.44359901700187,31121.58589923581,26748.41410076419,0.15113778463700098,0.5491634012812258,29816.666666666668,29720.0,29550.0,28935.0,0.980820995962315,1.0074304475548643,785.0,-0.03476821192052981,0.03476821192052981,0.03430531732418525,-0.02508361204013378,0.031302440593013243,0.035262627767579914,463812.4,498494.65,0.5893883137023075,0.7874427538991642,23.160593723609857,1342.3002162243233,70624287.0,44.30379746835443,62.829947993327444,0.0033222591362125353,0.037931034482758585,-0.03814262023217252,0.002161693899480436,-0.010291595197255575,28850.0
2022-11-03,28350.0,29250.0,28300.0,28850.0,301076,-0.010291595197255532,-0.010344919842392773,29728.571428571428,29339.285714285714,28930.95238095238,0.025787525350061475,950.0,-500.0,46.789206565883966,-82.4298293415959,-247.29128970018104,164.86146035858513,31105.25785413356,26874.74214586644,0.14593017275843811,0.46690710786715267,29400.0,29460.0,29640.0,28990.0,0.9792939579090292,0.9951707485339772,470.0,-0.010291595197255532,0.010291595197255532,0.03292894280762565,0.01763668430335097,0.031094452031572732,0.03486383072387416,408680.6,491372.8,-0.23299773778710742,0.6127241882334553,22.884983275606075,1314.2787722083003,70323211.0,36.70886075949367,51.42282406044549,-0.03476821192052981,0.0033222591362125353,0.037931034482758585,-0.013912515993857602,0.0017331022530329288,28900.0
2022-11-04,28550.0,29150.0,28350.0,28900.0,307159,0.0017331022530329143,0.0017316021642778939,29478.571428571428,29342.85714285714,28985.714285714286,0.025975632461016786,800.0,-350.0,47.06260214009717,-113.04562254400662,-220.44215626894618,107.39653372493956,31103.075074237942,26871.924925762058,0.1459646450530706,0.4793200437399938,28966.666666666668,29440.0,29755.0,28987.5,0.9816576086956522,0.9969814575247952,452.5,0.0017331022530329143,0.0017331022530329143,0.02768166089965398,0.012259194395796848,0.02629966782649573,0.03466877708547288,346243.4,481876.05,0.020204200932654848,0.6374232543825327,22.906717682020112,1277.5445741934218,70630370.0,37.9746835443038,39.66244725738397,-0.010291595197255532,-0.03476821192052981,0.0033222591362125353,-0.014442234954917477,0.04152249134948097,30100.0
2022-11-07,29300.0,30150.0,29250.0,30100.0,466581,0.04152249134948094,0.040683576636443536,29471.428571428572,29414.285714285714,29040.47619047619,0.031428231935429166,900.0,-800.0,53.268408773237745,-40.017590180726984,-184.35724305130236,144.33965287057538,31225.665085639495,26894.334914360505,0.1490478379655537,0.7401109956696975,29283.333333333332,29440.0,29780.0,29060.0,1.0224184782608696,1.035788024776325,380.0,0.04152249134948094,0.04152249134948094,0.029900332225913623,0.027303754266211604,0.027624458982977985,0.027912854637260266,342865.0,487387.5,0.5190210933099795,0.9573101484958068,23.36546736844568,1275.5771046081773,71096951.0,68.35443037974683,47.679324894514764,0.0017331022530329143,-0.010291595197255532,-0.03476821192052981,0.01098799946841944,0.09302325581395349,32900.0
2022-11-08,30400.0,33200.0,30200.0,32900.0,3452016,0.09302325581395343,0.08894748601649612,30028.571428571428,29732.14285714286,29242.85714285714,0.040930264978831,3000.0,-2500.0,63.90200562722817,241.015968966356,-99.28260064777069,340.2985696141267,31944.174561953478,26740.825438046522,0.1773314858620416,1.1836942736851832,30633.333333333332,29980.0,30000.0,29342.5,1.0973982655103403,1.1212405214279628,637.5,0.09302325581395343,0.09302325581395343,0.0911854103343465,0.08223684210526316,0.050077464516967894,0.0398401195391015,983873.6,609265.05,6.398535302551968,5.66586906634477,25.455696902931187,1405.893025707593,74548967.0,94.82758620689656,67.0522333769824,0.04152249134948094,0.0017331022530329143,-0.010291595197255532,0.04542628313882243,-0.004559270516717325,32750.0
2022-11-09,32550.0,33200.0,32300.0,32750.0,1249243,-0.00455927051671734,-0.004569695690065297,30407.14285714286,30075.0,29504.761904761905,0.04071007387110297,900.0,-200.0,63.073991308638476,446.48652420732833,9.871224323249109,436.6152998840792,32515.00251959579,26639.99748040421,0.19863088628827924,1.0399995368236394,31916.666666666668,30700.0,30210.0,29577.5,1.0667752442996743,1.1072605865945397,1122.5,-0.00455927051671734,0.00455927051671734,0.02748091603053435,0.006144393241167435,0.043468954115706386,0.03992654952083073,1155215.0,654072.75,-0.6381120481480966,1.9099450328728724,24.434706566916574,1369.7578095856222,73299724.0,91.89189189189189,85.02463615951176,0.09302325581395343,0.04152249134948094,0.0017331022530329143,0.04332882554890568,-0.03358778625954199,31650.0
2022-11-10,32200.0,33100.0,31350.0,31650.0,956247,-0.03358778625954195,-0.034164813491075696,30614.285714285714,30353.571428571428,29676.190476190477,0.04435275690641204,1750.0,550.0,57.21871287764006,514.630275188636,110.8230344963265,403.8072406923095,32629.831063425936,26985.168936574064,0.18937053180749383,0.826414576921293,32433.333333333332,31260.0,30360.0,29807.5,1.0124760076775432,1.0618133020213034,1452.5,-0.03358778625954195,0.03358778625954195,0.05529225908372828,-0.017080745341614908,0.04899847865398614,0.041410049804763364,1286249.2,687025.55,-0.23453883671951736,1.3918652661462152,24.133264954468423,1396.9179660437921,72343477.0,68.36734693877551,85.028941679188,-0.00455927051671734,0.09302325581395343,0.04152249134948094,0.018292066345898046,0.06003159557661927,33550.0
2022-11-11,33450.0,34150.0,33150.0,33550.0,1814773,0.0600315955766193,0.058298714827505635,31242.85714285714,30617.85714285714,29985.714285714286,0.04366607156120154,1000.0,-100.0,63.51837196458146,713.7214729638617,231.40272218983355,482.3187507740282,33285.8287812217,26774.171218778294,0.21683841366777915,1.0405689666947369,32650.0,32190.0,30815.0,30030.0,1.0422491456974217,1.1172161172161172,2160.0,0.0600315955766193,0.0600315955766193,0.029806259314456036,0.0029895366218236174,0.050586745639764945,0.04151988499734613,1587772.0,747624.5,0.8978077839721328,2.427385672887927,24.832263091405054,1475.7095398978072,74158250.0,89.74358974358974,83.33427619141905,-0.03358778625954195,-0.00455927051671734,0.09302325581395343,0.00729484626678667,-0.02384500745156483,32750.0
2022-11-14,34150.0,34200.0,32700.0,32750.0,677204,-0.023845007451564815,-0.02413390133642986,31800.0,30764.285714285714,30159.52380952381,0.04553839469671808,1500.0,1400.0,59.54268068037956,797.7533632668019,344.6728504052272,453.0805128615747,33646.21861945496,26803.781380545042,0.2263833660516101,0.8690205568333812,32650.0,32720.0,31080.0,30225.0,1.000916870415648,1.0835401157981803,2495.0,-0.023845007451564815,0.023845007451564815,0.04580152671755725,-0.040995607613469986,0.05548905987300528,0.042387645045523566,1629896.6,766261.85,-0.6268381775571932,0.883776218273166,23.8223860770067,1477.4445727622494,73481046.0,75.42372881355932,77.84488849864152,0.0600315955766193,-0.03358778625954195,-0.00455927051671734,0.0008662672885041781,0.06412213740458016,34850.0
2022-11-15,33000.0,35000.0,33000.0,34850.0,1286055,0.06412213740458017,0.06215017512527198,32650.0,31064.285714285714,30445.238095238095,0.047595298569505375,2000.0,-1850.0,65.62500924298936,1022.0204754612205,480.1423754164259,541.8781000447946,34461.36725930095,26563.632740699053,0.2588360350217745,1.0492081292152438,33716.666666666664,33110.0,31545.0,30512.5,1.052552099063727,1.1421548545678002,2597.5,0.06412213740458017,0.06412213740458017,0.05738880918220947,0.05606060606060606,0.046529928739984745,0.0456746708067199,1196704.4,808984.7,0.8990658649387777,1.5897148611092398,24.525898367349864,1532.6271032792317,74767101.0,97.76119402985074,87.64283752899995,-0.023845007451564815,0.0600315955766193,-0.03358778625954195,0.033436241843211555,-0.00430416068866571,34700.0
2022-11-16,35000.0,35150.0,34250.0,34700.0,694451,-0.004304160688665681,-0.004313450253719354,33307.142857142855,31389.285714285714,30711.904761904763,0.0484302352930739,900.0,300.0,64.87476064990545,1174.1155579444676,618.9370119220343,555.1785460224332,35065.09682113883,26584.90317886117,0.2751076607389347,0.9569471127028685,34100.0,33500.0,32100.0,30825.0,1.035820895522388,1.1257096512570965,2675.0,-0.004304160688665681,0.004304160688665681,0.025936599423631124,-0.008571428571428572,0.046506772863008285,0.04289256839174328,1085746.0,826980.35,-0.46001454059118774,0.8397430483082217,23.905371850308256,1487.4394530450008,74072650.0,93.43065693430657,88.87185992590555,0.06412213740458017,-0.023845007451564815,0.0600315955766193,0.011990989754783224,0.007204610951008645,34950.0
2022-11-17,33900.0,34950.0,33500.0,34950.0,493525,0.007204610951008661,0.00717878172700577,33600.0,31814.285714285714,31021.428571428572,0.03781562814637359,1450.0,-1050.0,65.5810248293287,1299.841157520299,755.1178410416874,544.7233164786117,35568.71560778634,26781.28439221366,0.2818742972116337,0.9295908448546509,34833.333333333336,34160.0,32710.0,31175.0,1.0231264637002342,1.1210906174819566,2985.0,0.007204610951008661,0.007204610951008661,0.04148783977110158,0.030973451327433628,0.03944626337762933,0.041939125727941444,993201.6,825828.15,-0.28933070871810973,0.5976122271927882,23.5710025428538,1484.7652063989294,74566175.0,97.08029197080292,96.09071431165341,-0.004304160688665681,0.06412213740458017,-0.023845007451564815,0.02234086255564105,-0.015736766809728183,34400.0
2022-11-18,34950.0,35300.0,34300.0,34400.0,592672,-0.01573676680972813,-0.015861904300466544,33835.71428571428,32121.428571428572,31328.571428571428,0.03870325365037757,1000.0,550.0,62.59892533209558,1339.6564716321882,872.0255671597876,467.63090447240063,35815.54327300751,27199.456726992485,0.2734614471479815,0.8357092555364122,34683.333333333336,34330.0,33260.0,31507.5,1.002039032915817,1.0918035388399587,2822.5,-0.01573676680972813,0.01573676680972813,0.029069767441860465,-0.015736766809728183,0.03481275371698399,0.04313752558994697,748781.4,843011.15,0.20089559799402257,0.7030417094720515,23.738208248633068,1450.1391202275772,73973503.0,87.14285714285714,92.55126868265556,0.007204610951008661,-0.004304160688665681,0.06412213740458017,-0.004278772182461717,-0.020348837209302327,33700.0
2022-11-21,34150.0,34450.0,33500.0,33700.0,471186,-0.02034883720930236,-0.020558727021036664,34128.57142857143,32371.428571428572,31611.904761904763,0.03657309801284287,950.0,450.0,58.92632777091921,1299.7436097924183,957.5691756863137,342.1744341061046,36040.143097325614,27359.856902674383,0.27382606292275175,0.7304071496205271,34350.0,34520.0,33620.0,31700.0,0.9762456546929317,1.0630914826498423,2820.0,-0.02034883720930236,0.02034883720930236,0.028189910979228485,-0.013177159590043924,0.0341041871969908,0.043881198991848835,707577.8,824322.55,-0.20498015765887367,0.5716039188785992,23.48826131590634,1414.414897354179,73502317.0,77.14285714285714,87.12200208550574,-0.01573676680972813,0.007204610951008661,-0.004304160688665681,-0.00962699768934061,-0.013353115727002967,33250.0
2022-11-22,33300.0,33800.0,32550.0,33250.0,439686,-0.013353115727002929,-0.013443070256452855,34085.71428571428,32664.285714285714,31773.809523809523,0.029885007914667087,1250.0,50.0,56.626347193729295,1217.7635202052188,1009.6080445900947,208.15547561512415,36193.69489884921,27461.30510115079,0.27436618640164695,0.6628992787718807,33783.333333333336,34200.0,33655.0,31827.5,0.9722222222222222,1.0446940538842195,2372.5,-0.013353115727002929,0.013353115727002929,0.03759398496240601,-0.0015015015015015015,0.010923561894994598,0.03386082881009909,538304.0,798054.55,-0.06685258050960763,0.5509473005322756,23.405626160923568,1402.6709761145946,73062631.0,70.71428571428571,78.33333333333333,-0.02034883720930236,-0.01573676680972813,0.007204610951008661,-0.01647957324867781,0.019548872180451128,33900.0
2022-11-23,33900.0,34250.0,33500.0,33900.0,405353,0.019548872180451093,0.019360247284541394,34250.0,33025.0,31926.190476190477,0.028845644008376838,750.0,0.0,59.10906499827362,1191.5083101844175,1045.9880977089592,145.52021247545827,36413.216262547336,27566.783737452668,0.27653743435744504,0.715906241819163,33616.666666666664,34040.0,33770.0,31990.0,0.9958871915393654,1.0597061581744296,2050.0,0.019548872180451093,0.019548872180451093,0.022123893805309734,0.0,0.01711116255141912,0.03423273696821046,480484.4,796314.45,-0.07808526994264087,0.5090363486434285,23.343683864841253,1373.9087635349806,73467984.0,79.85611510791367,75.90441932168551,-0.013353115727002929,-0.02034883720930236,-0.01573676680972813,-0.004717693585284732,0.014749262536873156,34400.0
2022-11-24,34000.0,34600.0,33150.0,34400.0,490074,0.014749262536873253,0.014641549992948187,34185.71428571428,33417.857142857145,32104.761904761905,0.015759558975696548,1450.0,-400.0,60.96024957673412,1197.2455865477896,1076.2395954767253,121.00599107106427,36661.72757059065,27743.272429409346,0.2769491542948934,0.7463991762264927,33850.0,33930.0,34045.0,32202.5,1.013852048334807,1.0682400434748855,1727.5,0.014749262536873253,0.014749262536873253,0.04215116279069767,0.011764705882352941,0.01866734040322895,0.03165539405918517,479794.2,791981.4,0.2090054841089124,0.618794835333254,23.548123522513347,1379.3438518539108,73958058.0,85.12396694214875,78.56478925478271,0.019548872180451093,-0.013353115727002929,-0.02034883720930236,0.006981672996773806,-0.01744186046511628,33800.0
2022-11-25,34450.0,34600.0,33700.0,33800.0,250471,-0.01744186046511631,-0.0175957618903796,34057.142857142855,33682.142857142855,32278.571428571428,0.016865463007370237,900.0,650.0,57.59092634745113,1140.2335314302254,1089.0383826674254,51.195148762800045,36687.53115108526,28197.468848914737,0.2616956862809748,0.6598928195913178,34033.333333333336,33810.0,34070.0,32442.5,0.9997042295178941,1.04184326115435,1367.5,-0.01744186046511631,0.01744186046511631,0.026627218934911243,-0.018867924528301886,0.018970655910627254,0.026839820678148548,411354.0,773537.7,-0.4889118786142501,0.3237993442336424,22.85931450593153,1345.1050052929172,73707587.0,70.58823529411765,78.52277244806002,0.014749262536873253,0.019548872180451093,-0.013353115727002929,0.005618758084069346,-0.019230769230769232,33150.0
2022-11-28,33550.0,33550.0,32650.0,33150.0,387049,-0.019230769230769273,-0.019418085857101627,33800.0,33700.0,32476.190476190477,0.01698743657330124,900.0,400.0,54.10226980555351,1030.7200007092833,1077.374706275797,-46.65470556651371,36702.61808300011,28487.38191699989,0.2520397657923062,0.5675574005159993,33783.333333333336,33700.0,34110.0,32595.0,0.983679525222552,1.0170271514035896,1105.0,-0.019230769230769273,0.019230769230769273,0.027149321266968326,-0.011922503725782414,0.01872547918291075,0.02640015794692927,394526.6,768716.5,0.5452846836559921,0.5035003151356839,23.275104574675943,1331.1689334862804,73320538.0,45.56962025316456,67.09394082981032,-0.01744186046511631,0.014749262536873253,0.019548872180451093,-0.00730778905300411,0.004524886877828055,33300.0
2022-11-29,32850.0,33500.0,32700.0,33300.0,193847,0.004524886877828038,0.004514680354526613,33642.857142857145,33739.28571428572,32628.571428571428,0.017072110118697123,800.0,-450.0,54.78298991222701,945.1385165181237,1050.9274683242625,-105.78895180613881,36708.33564173525,28791.66435826475,0.24173042086932822,0.569473643695219,33416.666666666664,33710.0,33955.0,32750.0,0.9878374369623257,1.016793893129771,960.0,0.004524886877828038,0.004524886877828038,0.024024024024024024,0.0136986301369863,0.017981169975796713,0.014935584976883977,345358.8,766060.2,-0.4991667721657981,0.253044081914189,22.58813714321936,1293.2282953801175,73514385.0,49.36708860759494,55.17498138495906,-0.019230769230769273,-0.01744186046511631,0.014749262536873253,-0.010715914272685848,-0.013513513513513514,32850.0
2022-11-30,33300.0,33300.0,32550.0,32850.0,256007,-0.013513513513513487,-0.013605652055778598,33521.42857142857,33825.0,32754.761904761905,0.016170190287244614,750.0,450.0,52.27802041350829,831.4192509379536,1007.0258248470008,-175.60657390904714,36512.42924458333,29357.570755416673,0.21724179411466993,0.48811996070520464,33100.0,33500.0,33770.0,32935.0,0.9805970149253731,0.9974191589494459,565.0,-0.013513513513513487,0.013513513513513487,0.0228310502283105,-0.013513513513513514,0.015029646567182375,0.015207807178303306,315489.6,759233.75,0.3206652669373269,0.33719128002410326,22.85266709086953,1254.4262742815379,73258378.0,10.909090909090908,35.2819332566168,0.004524886877828038,-0.019230769230769273,-0.01744186046511631,-0.009406465288818241,0.030441400304414,33850.0
2022-12-01,33950.0,34950.0,33100.0,33850.0,1380955,0.030441400304414,0.029987254427664478,33607.142857142855,33846.42857142857,32978.57142857143,0.019726911984785024,1850.0,100.0,56.98506343095742,812.6201767547609,968.1446952285529,-155.524518473792,36217.82046946404,30152.179530535966,0.1827826107858391,0.60963392108032,33333.333333333336,33390.0,33660.0,33185.0,1.0137765798143157,1.0200391743257495,205.0,0.030441400304414,0.030441400304414,0.05465288035450517,-0.0029455081001472753,0.020961158600044282,0.01871232421793499,493665.8,813227.7,4.394207970875796,1.6981160381034734,24.567980125139066,1314.8243975471423,74639333.0,47.27272727272727,35.849635596471046,-0.013513513513513487,0.004524886877828038,-0.019230769230769273,0.007150924556242851,-0.0310192023633678,32800.0
2022-12-02,34000.0,34000.0,32750.0,32800.0,500860,-0.03101920236336775,-0.0315104839681859,33450.0,33850.0,33166.666666666664,0.0217686542847149,1250.0,1200.0,51.26708724003964,704.8702448248514,915.4898051478126,-210.6195603229612,35661.13545134183,31098.864548658177,0.13667677958908475,0.37287032875254505,33166.666666666664,33190.0,33500.0,33380.0,0.9882494727327509,0.9826243259436789,-190.0,-0.03101920236336775,0.03101920236336775,0.038109756097560975,-0.03529411764705882,0.023957911950054523,0.020411742818402516,543743.6,822912.75,-0.6373089637243792,0.6086428968320153,23.5222656943314,1310.1940834366321,74138473.0,9.090909090909092,22.424242424242426,0.030441400304414,-0.013513513513513487,0.004524886877828038,-0.004697105190822411,0.001524390243902439,32850.0
2022-12-05,33150.0,33600.0,32700.0,32850.0,354641,0.0015243902439023849,0.0015232295405214163,33228.57142857143,33707.142857142855,33354.76190476191,0.020342772454284345,900.0,300.0,51.51656970975647,616.406677132476,855.6731795447454,-239.26650241226935,35225.7693612327,31809.230638767305,0.10193298194869525,0.3046268301860984,33166.666666666664,33130.0,33415.0,33517.5,0.9915484455176578,0.9800850302081002,-387.5,0.0015243902439023849,0.0015243902439023849,0.0273972602739726,-0.00904977375565611,0.02281089819372129,0.019691592651078754,537262.0,817315.75,-0.29193587030307866,0.4339094162812842,23.178568313174438,1280.8945060483013,74493114.0,10.909090909090908,22.424242424242426,-0.03101920236336775,0.030441400304414,-0.013513513513513487,0.0003155293949828793,-0.0289193302891933,31900.0
2022-12-06,32400.0,32700.0,31900.0,31900.0,323021,-0.028919330289193357,-0.029345735139820688,32957.142857142855,33507.142857142855,33440.47619047619,0.02183280575861959,800.0,500.0,46.631860731809006,464.28956082497825,777.3964558007921,-313.1068949758138,35305.48373510931,31629.51626489069,0.10983693046145115,0.07358164545814715,32516.666666666668,32850.0,33280.0,33467.5,0.9710806697108066,0.9531635168447001,-617.5,-0.028919330289193357,0.028919330289193357,0.025078369905956112,-0.015432098765432098,0.02532742764370187,0.02121220811921046,563096.8,660866.0,-0.08916058774930136,0.4887844131790711,23.055833904441236,1257.2591841877083,74170093.0,0.0,6.666666666666671,0.0015243902439023849,-0.03101920236336775,0.030441400304414,-0.01947138080288624,-0.001567398119122257,31850.0
2022-12-07,31700.0,32450.0,31450.0,31850.0,237941,-0.0015673981191222097,-0.001568627772626487,32771.42857142857,33285.71428571428,33390.47619047619,0.02135010822436796,1000.0,-150.0,46.382586262462006,335.8298308310659,689.0831308068468,-353.2532999757809,35374.95459546911,31470.045404530883,0.11683474279118047,0.0973017749941133,32200.0,32650.0,33075.0,33422.5,0.9754977029096478,0.9529508564589723,-772.5,-0.0015673981191222097,0.0015673981191222097,0.03139717425431711,0.00473186119873817,0.02527574903798545,0.01960499726454305,559483.6,610300.9,-0.2633884484290495,0.3898748961372988,22.748570683894137,1238.8835281743006,73932152.0,10.38961038961039,7.099567099567103,-0.028919330289193357,0.0015243902439023849,-0.03101920236336775,-0.009654112721471061,-0.0015698587127158557,31800.0
2022-12-08,32000.0,32150.0,31450.0,31800.0,273220,-0.0015698587127158659,-0.0015710922320412123,32557.14285714286,33100.0,33345.23809523809,0.0209849025488548,700.0,200.0,46.11710019780231,227.36901866112385,596.7403083777023,-369.3712897165784,35354.74195126189,31505.258048738113,0.11515058039257477,0.07656661483079596,31850.0,32240.0,32815.0,33430.0,0.9863523573200993,0.9512413999401735,-1190.0,-0.0015698587127158659,0.0015698587127158659,0.0220125786163522,-0.00625,0.01618678928014935,0.018318753165593935,337936.6,576149.55,0.1482678479118773,0.4742171542093541,22.885254179324843,1200.391847590422,73658932.0,10.0,6.7965367965368015,-0.0015673981191222097,-0.028919330289193357,0.0015243902439023849,-0.01068552904034381,0.025157232704402517,32600.0
2022-12-09,32100.0,32850.0,31900.0,32600.0,400281,0.02515723270440251,0.024845998586530804,32521.428571428572,33021.42857142857,33390.47619047619,0.023697938267316893,950.0,-500.0,50.95428323058531,203.61916275975818,518.1160792541135,-314.49691649435533,35341.35976500295,31423.64023499705,0.11735848213902192,0.30026645756368886,32083.333333333332,32200.0,32695.0,33382.5,1.0124223602484472,0.9765595746274246,-1182.5,0.02515723270440251,0.02515723270440251,0.029141104294478526,0.01557632398753894,0.01917472902419172,0.020606005640286033,317820.8,505424.95,0.46505014274211254,0.7919692132333396,23.291989646883927,1189.6495727625347,74059213.0,32.857142857142854,17.74891774891775,-0.0015698587127158659,-0.0015673981191222097,-0.028919330289193357,0.0073399919575214785,-0.029141104294478526,31650.0
2022-12-12,32100.0,32450.0,31600.0,31650.0,192304,-0.02914110429447858,-0.029574139782476822,32207.14285714286,32907.142857142855,33300.0,0.021245191525433183,850.0,450.0,45.70691250305281,106.90780371726942,435.8744241467447,-328.96662042947526,35418.45168460882,31236.548315391177,0.12547905991201397,0.09886686709505955,32016.666666666668,31960.0,32545.0,33327.5,0.9903003754693367,0.9496661915835272,-1367.5,-0.02914110429447858,0.02914110429447858,0.026856240126382307,-0.014018691588785047,0.02271319133037508,0.02166229622835696,285353.4,481179.95,-0.5195774968084921,0.3996508998348747,22.52932615992919,1176.1031747080679,73866909.0,5.714285714285714,16.190476190476193,0.02515723270440251,-0.0015698587127158659,-0.0015673981191222097,-0.001851243434263979,0.004739336492890996,31800.0
2022-12-13,31950.0,32150.0,31500.0,31800.0,172811,0.004739336492890933,0.004728141195945896,32064.285714285714,32757.14285714286,33254.76190476191,0.01934674256353056,650.0,150.0,46.641282260193236,41.884285336775065,357.07639638475075,-315.1921110479757,35243.179977916014,31106.820022083986,0.1246830431298275,0.16758212179737167,32016.666666666668,31940.0,32395.0,33175.0,0.9956167814652473,0.9585531273549359,-1235.0,0.004739336492890933,0.004739336492890933,0.020440251572327043,-0.004694835680751174,0.019418665208511838,0.021672226225561482,255311.4,425517.75,-0.10136554621848737,0.40611936869848553,22.42717535968369,1138.5243765146345,74039720.0,10.0,16.190476190476193,-0.02914110429447858,0.02515723270440251,-0.0015698587127158659,0.00025182163427162063,0.0440251572327044,33200.0
2022-12-14,32050.0,33350.0,32050.0,33200.0,406341,0.04402515723270439,0.0430835861363117,32114.285714285714,32671.428571428572,33176.19047619047,0.026522190172603932,1300.0,-1150.0,54.51011837573094,102.14353121716704,306.08982335123403,-203.946292134067,35040.15734576241,31159.84265423759,0.11723005110346893,0.5257711056833649,32216.666666666668,32210.0,32430.0,33100.0,1.0307357963365416,1.0030211480362539,-890.0,0.04402515723270439,0.04402515723270439,0.0391566265060241,0.0358814352574103,0.02771189517997608,0.02615449800644504,288991.4,411112.25,1.351360735138388,0.9883942889077132,23.325253142520538,1167.915492477875,74446061.0,50.0,21.90476190476191,0.004739336492890933,-0.02914110429447858,0.02515723270440251,0.006541129810372248,-0.022590361445783132,32450.0
2022-12-15,32750.0,33050.0,32350.0,32450.0,197389,-0.02259036144578308,-0.022849432772343803,32192.85714285714,32575.0,33069.04761904762,0.0253501608822114,700.0,300.0,50.236076798563,88.36210242012385,262.544279165012,-174.18217674488812,34726.24016207464,31223.75983792536,0.10621623424258612,0.35010622432903515,32483.333333333332,32340.0,32290.0,32975.0,1.0034013605442176,0.9840788476118272,-635.0,-0.02259036144578308,0.02259036144578308,0.02157164869029276,-0.00916030534351145,0.031042748722357707,0.02495312080803758,273825.2,396305.45,-0.5142281974991448,0.4980728879706297,22.580387402299785,1145.2072430151698,74248672.0,28.571428571428573,29.52380952380953,0.04402515723270439,0.004739336492890933,-0.02914110429447858,0.008724710759937415,-0.030816640986132512,31450.0
2022-12-16,31700.0,31900.0,31150.0,31450.0,315888,-0.03081664098613246,-0.03130146000364942,32135.714285714286,32453.571428571428,32902.380952380954,0.028437158682996126,750.0,250.0,45.15252683019573,-3.214368602286413,209.3925496115523,-212.60691821383872,34570.29720715383,31084.702792846165,0.10617910027591704,0.10480198317232875,32366.666666666668,32110.0,32155.0,32827.5,0.9794456555590159,0.9580382301424111,-717.5,-0.03081664098613246,0.03081664098613246,0.02384737678855326,-0.007886435331230283,0.031786801623081805,0.024928763162100756,256946.6,382466.25,0.6003323386814867,0.8259238560265122,23.019297261593255,1156.2638685140862,73932784.0,7.894736842105263,28.822055137844615,-0.02259036144578308,0.04402515723270439,0.004739336492890933,-0.0031272817330703826,-0.00794912559618442,31200.0
2022-12-19,31450.0,31700.0,30800.0,31200.0,225356,-0.007949125596184436,-0.007980888331012877,32050.0,32303.571428571428,32750.0,0.028531395771046873,900.0,250.0,43.95500240216844,-94.86870494631512,148.54029869997882,-243.40900364629394,34537.96208150199,30867.03791849801,0.11225209580319485,0.09070252250308627,31700.0,32020.0,31990.0,32702.5,0.9743910056214866,0.9540555003440104,-682.5,-0.007949125596184436,0.007949125596184436,0.028846153846153848,-0.00794912559618442,0.029377475719242825,0.02487900787766945,263557.0,370174.75,-0.2865952489489946,0.6087827438257202,22.67361002695376,1137.9593064773658,73707428.0,9.63855421686747,15.36823987680044,-0.03081664098613246,-0.02259036144578308,0.04402515723270439,-0.020452042676033327,-0.03205128205128205,30200.0
2022-12-20,31000.0,31200.0,30100.0,30200.0,311973,-0.03205128205128205,-0.032576170434612715,31707.14285714286,32114.285714285714,32583.333333333332,0.02752142138780322,1100.0,800.0,39.44814718558052,-245.3686128517911,69.75851638962483,-315.12712924141596,34677.51399277977,30422.48600722023,0.1307228259772517,-0.05228778940474369,30950.0,31700.0,31820.0,32550.0,0.9526813880126183,0.9278033794162827,-850.0,-0.03205128205128205,0.03205128205128205,0.03642384105960265,-0.025806451612903226,0.03162655593372346,0.025232692038270978,291389.4,363789.1,0.3843563073536982,0.8575655510294289,22.966269128054513,1135.2479274432683,73395455.0,2.0618556701030926,6.531715576358613,-0.007949125596184436,-0.03081664098613246,-0.02259036144578308,-0.023605682877866314,0.013245033112582781,30600.0
2022-12-21,30400.0,30850.0,30100.0,30600.0,356020,0.013245033112582849,0.0131580845775112,31557.14285714286,31882.14285714286,32457.14285714286,0.027434335153393177,750.0,-200.0,42.009485437462715,-328.5765906939523,-9.908505027090598,-318.6680856668617,34582.390797238746,30187.609202761258,0.1357042332708812,0.09383647136343598,30666.666666666668,31180.0,31695.0,32385.0,0.981398332264272,0.9448818897637795,-1205.0,0.013245033112582849,0.013245033112582849,0.024509803921568627,0.006578947368421052,0.018978228557705423,0.02589419143698532,281325.2,361322.45,0.1411885002868838,0.9853248808647235,23.111497476063686,1107.7302183401778,73751475.0,12.820512820512821,8.173640902494466,-0.03205128205128205,-0.007949125596184436,-0.03081664098613246,-0.008918458178294545,0.05392156862745098,32250.0
2022-12-22,31150.0,32900.0,31100.0,32250.0,940467,0.05392156862745101,0.05251803428344644,31621.428571428572,31842.85714285714,32378.571428571428,0.03508572014312966,1800.0,-1100.0,51.182706027360055,-258.39963212933435,-59.606730447539356,-198.792901681795,34259.65061300387,30295.349386996128,0.12281933935427902,0.49306309020626765,31016.666666666668,31140.0,31740.0,32277.5,1.035645472061657,0.9991480133219736,-1137.5,0.05392156862745101,0.05392156862745101,0.05581395348837209,0.03531300160513644,0.03577862474102626,0.0316961672468017,429940.8,383842.1,1.641612830739846,2.450140305088994,24.135405161645224,1192.8923456015937,74691942.0,61.42857142857143,25.436979973062453,0.013245033112582849,-0.03205128205128205,-0.007949125596184436,0.01170510656291727,-0.02945736434108527,31300.0
2022-12-23,31450.0,32150.0,31150.0,31300.0,609904,-0.029457364341085257,-0.02989994569567395,31350.0,31732.14285714286,32230.95238095238,0.031506425125021394,1000.0,150.0,46.61100629468421,-276.25643516698256,-102.936671391428,-173.31976377555455,34043.608001591725,30261.391998408275,0.11763365222559521,0.2746030371394812,31383.333333333332,31110.0,31610.0,32152.5,1.0061073609771778,0.9734857320581604,-1042.5,-0.029457364341085257,0.029457364341085257,0.03194888178913738,-0.0047694753577106515,0.03549692298627791,0.03193901583178333,488744.0,401813.75,-0.3514881436562899,1.5178773747787377,23.672430223295873,1186.257178058623,74082038.0,36.92307692307692,37.05738705738706,0.05392156862745101,0.013245033112582849,-0.03205128205128205,0.012569745799649534,0.01437699680511182,31750.0
2022-12-26,31350.0,32100.0,30800.0,31750.0,427095,0.01437699680511173,0.014274627792593033,31250.0,31721.428571428572,32133.333333333332,0.03179568685383912,1300.0,-400.0,48.93764468723035,-251.2011505364535,-132.5895672204331,-118.61158331602039,33921.05635586301,30243.943644136994,0.11461428229489644,0.40957579327397653,31766.666666666668,31220.0,31620.0,32082.5,1.0169762972453555,0.9896360944440116,-862.5,0.01437699680511173,0.01437699680511173,0.04094488188976378,0.012759170653907496,0.03572256162439213,0.03102507833089793,529091.8,403816.05,-0.2997340565072536,1.0576474114884735,23.330409754295395,1194.38166534015,74509133.0,50.76923076923077,49.70695970695971,-0.029457364341085257,0.05392156862745101,0.013245033112582849,0.012947067030492495,0.0031496062992125984,31850.0
2022-12-27,31750.0,32500.0,31200.0,31850.0,736324,0.0031496062992126816,0.0031446566794717814,31307.14285714286,31721.428571428572,32071.428571428572,0.029271780334647238,1300.0,-100.0,49.46468556032019,-220.73104262892593,-150.2178623021317,-70.51318032679424,33758.56332004608,30261.43667995392,0.1092510665445848,0.45424815385130474,31633.333333333332,31550.0,31625.0,32010.0,1.0095087163232963,0.9950015620118713,-460.0,0.0031496062992126816,0.0031496062992126816,0.04081632653061224,0.0031496062992125984,0.029820803229773173,0.0310064006431809,613962.0,430939.9,0.7240286119013335,1.708646611743308,23.87821817927802,1201.925832101568,75245457.0,53.84615384615385,47.17948717948718,0.01437699680511173,-0.029457364341085257,0.05392156862745101,-0.003976920412253615,-0.03924646781789639,30600.0
2022-12-28,31850.0,31950.0,30450.0,30600.0,733846,-0.039246467817896424,-0.0400373730598373,31221.428571428572,31635.714285714286,31942.85714285714,0.03328981787519154,1500.0,1250.0,43.43032532810699,-294.0580972013304,-178.98590928197143,-115.07218791935895,33706.97069899635,30088.029301003644,0.11345533029211406,0.14146974009590957,31400.0,31550.0,31365.0,31897.5,0.9698890649762282,0.9593228309428639,-347.5,-0.039246467817896424,0.039246467817896424,0.049019607843137254,-0.03924646781789639,0.03718423352170112,0.02917135941653361,689527.2,454831.85,-0.0033653663332989803,1.6134446169501984,23.83480976430431,1223.216844094313,74511611.0,15.384615384615385,40.00000000000001,0.0031496062992126816,0.01437699680511173,-0.029457364341085257,-0.007239954904524004,-0.021241830065359478,29950.0
2022-12-29,30400.0,30600.0,29700.0,29950.0,315497,-0.021241830065359513,-0.021470684396876768,31185.714285714286,31446.428571428572,31804.761904761905,0.03186704130911152,900.0,450.0,40.6530607449597,-400.0088311574764,-223.19049365707244,-176.81833750040394,33466.01174768148,29938.988252318526,0.11125379687289493,0.00312210783283732,30800.0,31090.0,31115.0,31702.5,0.9633322611772274,0.9447204479142024,-612.5,-0.021241830065359513,0.021241830065359513,0.03005008347245409,-0.014802631578947368,0.022510835873189864,0.029098115790527804,564533.2,401558.95,-0.5700773731818393,0.785680408816688,22.9691890558513,1200.129926659005,74196114.0,6.8493150684931505,25.360028099754135,-0.039246467817896424,0.0031496062992126816,0.01437699680511173,-0.019112897194681084,0.001669449081803005,30000.0
2023-01-02,30050.0,31100.0,29850.0,30000.0,333132,0.0016694490818029983,0.0016680571006970134,31100.0,31328.571428571428,31621.428571428572,0.03129576091657025,1250.0,50.0,40.96579053715321,-474.4715562666206,-273.4467061789821,-201.02485008763853,33402.08662404586,29722.913375954133,0.11656786528607464,0.0753121979753422,30183.333333333332,30830.0,30970.0,31562.5,0.9730781706130393,0.9504950495049505,-732.5,0.0016694490818029983,0.0016694490818029983,0.041666666666666664,-0.0016638935108153079,0.021621145824026945,0.028012160735344804,509178.8,393172.55,0.05589593561903916,0.8472921113134678,23.025246747559034,1203.6920747547902,74529246.0,8.219178082191782,10.151036178433444,-0.021241830065359513,-0.039246467817896424,0.0031496062992126816,-0.019606282933817647,0.0033333333333333335,30100.0
2023-01-03,30050.0,30350.0,28650.0,30100.0,574153,0.0033333333333334103,0.0033277900926747457,30792.85714285714,31207.14285714286,31492.85714285714,0.020434841233331308,1700.0,-50.0,41.62829376378641,-519.4270069217455,-322.6427663275348,-196.7842405942107,33270.478115200574,29579.52188479943,0.11745286333814305,0.1410144371026593,30016.666666666668,30500.0,30860.0,31425.0,0.9868852459016394,0.9578361177406524,-925.0,0.0033333333333334103,0.0033333333333334103,0.05647840531561462,0.0016638935108153079,0.019154041963691772,0.028078598190448025,538590.4,404148.15,0.7234999939963738,1.4206498285344125,23.572931641100904,1239.1426408437337,75103399.0,30.851063829787233,15.306518993490727,0.0016694490818029983,-0.021241830065359513,-0.039246467817896424,-0.005413015883407701,0.059800664451827246,31900.0
2023-01-04,29700.0,32150.0,29550.0,31900.0,938721,0.05980066445182719,0.05808083803596879,30878.571428571428,31114.285714285714,31447.619047619046,0.03058695231740296,2600.0,-2200.0,52.05771411314083,-405.1393741652573,-339.14208789507927,-65.99728627017805,33270.478115200574,29579.52188479943,0.11745286333814305,0.6286929376424423,30666.666666666668,30510.0,31030.0,31425.0,1.0455588331694525,1.015115354017502,-915.0,0.05980066445182719,0.05980066445182719,0.08150470219435736,0.07407407407407407,0.03734231553741796,0.03230790584764527,579069.8,434933.15,0.6349666378125691,2.158310995609325,24.122634878245833,1336.3467379263243,76042120.0,73.86363636363636,37.6446260918718,0.0033333333333334103,0.0016694490818029983,-0.021241830065359513,0.021601148955654532,-0.01567398119122257,31400.0
2023-01-05,31900.0,32100.0,30900.0,31400.0,459746,-0.01567398119122254,-0.015798116876591176,30828.571428571428,31039.285714285714,31423.809523809523,0.030803511386094256,1200.0,500.0,49.416451855166,-350.86684851085374,-341.4870400182342,-9.379808492619532,33237.10163465935,29567.898365340643,0.11684430441266493,0.49931865317440904,31133.333333333332,30670.0,31110.0,31402.5,1.023801760678187,0.9999203885041,-732.5,-0.01567398119122254,0.01567398119122254,0.03821656050955414,-0.01567398119122257,0.03213783839630787,0.03287222747260768,524249.8,446023.4,-0.510242127320045,1.0307665472259975,23.392992614013693,1326.6076852173012,75582374.0,64.70588235294117,56.47352751545492,0.05980066445182719,0.0033333333333334103,0.0016694490818029983,0.015820005531312686,0.03343949044585987,32450.0
2023-01-06,31100.0,32850.0,31050.0,32450.0,603499,0.03343949044585992,0.03289255023589136,30914.285714285714,31110.714285714286,31452.380952380954,0.033498665859270145,1800.0,-1350.0,54.62317531336123,-220.58647258776546,-317.3069265321405,96.72045394437504,33321.545157577464,29548.454842422532,0.1200283224162536,0.7690102582286912,31916.666666666668,31170.0,31130.0,31435.0,1.0410651267244144,1.032288850007953,-265.0,0.03343949044585992,0.03343949044585992,0.05546995377503852,0.04340836012861737,0.029959824535898318,0.029850449016871505,581850.2,462537.35,0.31267917502273,1.3047573347319952,23.697955384700823,1360.4214219874939,76185873.0,89.41176470588235,75.99376114081997,-0.01567398119122254,0.05980066445182719,0.0033333333333334103,0.02585539123548819,0.0030816640986132513,32550.0
2023-01-09,32950.0,33500.0,32400.0,32550.0,512995,0.0030816640986133237,0.00307692550447932,31192.85714285714,31207.14285714286,31488.095238095237,0.02782083284403932,1100.0,400.0,55.09722491822971,-108.02393905727513,-275.4503290371674,167.4263899798923,33312.66656596949,29552.333434030505,0.1196320092878068,0.7971811168825278,32133.333333333332,31680.0,31255.0,31432.5,1.027462121212121,1.0355523741350512,247.5,0.0030816640986133237,0.0030816640986133237,0.03379416282642089,-0.012139605462822459,0.029791076768529018,0.027867288078506,617822.8,468173.05,-0.1499654514754788,1.0957379968795726,23.538554025213315,1341.8198918455303,76698868.0,80.41237113402062,78.17667273094804,0.03343949044585992,-0.01567398119122254,0.05980066445182719,0.006949057784416901,-0.018433179723502304,31950.0
2023-01-10,32500.0,32850.0,31900.0,31950.0,367972,-0.018433179723502335,-0.01860518783103447,31478.571428571428,31332.14285714286,31457.14285714286,0.027317284547182935,950.0,550.0,51.61316126747154,-66.46612573216771,-233.6534883761675,167.1873626439998,33339.720917334984,29555.279082665016,0.12034157992431728,0.6327804791175557,32316.666666666668,32050.0,31275.0,31447.5,0.9968798751950078,1.0159790126401145,602.5,-0.018433179723502335,0.018433179723502335,0.0297339593114241,-0.016923076923076923,0.03359739092859644,0.028469928089445755,576586.6,476956.45,-0.2826986617803292,0.7715002071992108,23.187689587190526,1313.8327567137067,76330896.0,68.04123711340206,79.28845765110168,0.0030816640986133237,0.03343949044585992,-0.01567398119122254,0.006029324940323637,0.012519561815336464,32350.0
2023-01-11,32250.0,32750.0,32100.0,32350.0,311192,0.012519561815336422,0.01244184012336572,31814.285714285714,31457.14285714286,31490.47619047619,0.02712272709555466,650.0,-100.0,53.714493860586536,-1.2403047426123521,-187.17085164945647,185.9305469068441,33404.41223665328,29545.58776334672,0.12259966555382247,0.7267529933151443,32283.333333333332,32140.0,31325.0,31475.0,1.0065339141257001,1.027799841143765,665.0,0.012519561815336422,0.012519561815336422,0.02009273570324575,0.0031007751937984496,0.021361701643355352,0.028702222838350878,451080.8,483875.5,-0.1543052188753492,0.6431241094041752,23.03253466404345,1277.130416948442,76642088.0,76.28865979381443,74.91408934707903,-0.018433179723502335,0.0030816640986133237,0.03343949044585992,-0.0009439846031841966,-0.010819165378670788,32000.0
2023-01-12,32700.0,32700.0,31850.0,32000.0,378542,-0.010819165378670781,-0.010878118147183017,32085.714285714286,31439.285714285714,31500.0,0.028279518254137288,850.0,700.0,51.602787882596246,21.956453066777613,-145.34539070620966,167.30184377298727,33186.73717903616,29643.262820963846,0.11279561859214743,0.6650922063729127,32100.0,32260.0,31465.0,31415.0,0.9919404835709857,1.0186216775425752,845.0,-0.010819165378670781,0.010819165378670781,0.0265625,-0.021406727828746176,0.02038967955699296,0.025387832967785913,434840.0,482485.55,0.21642587213038889,0.7845665015252788,23.217573491900865,1246.6211014521248,76263546.0,69.0721649484536,71.1340206185567,0.012519561815336422,-0.018433179723502335,0.0030816640986133237,-0.005577594428945565,-0.0046875,31850.0
2023-01-13,32400.0,32550.0,31600.0,31850.0,260916,-0.004687499999999956,-0.00469852078155415,32078.571428571428,31478.571428571428,31435.714285714286,0.018174974860005483,950.0,550.0,50.68315705969682,27.914523110415757,-110.69340794288458,138.60793105330032,33102.43382619781,29667.566173802184,0.10944297124089938,0.6353763949757104,32066.666666666668,32140.0,31655.0,31385.0,0.9909769757311762,1.0148159949020232,755.0,-0.004687499999999956,0.004687499999999956,0.029827315541601257,-0.016975308641975308,0.012018571060847293,0.024005514231703266,366323.4,485661.9,-0.3107343438772976,0.5372379426922309,22.8407464565437,1225.4338799198301,76002630.0,65.97938144329896,70.44673539518901,-0.010819165378670781,0.012519561815336422,-0.018433179723502335,-0.0009957011877781048,-0.01098901098901099,31500.0
2023-01-16,31900.0,32150.0,31450.0,31500.0,260308,-0.01098901098901095,-0.011049836186584935,32092.85714285714,31460.714285714286,31390.47619047619,0.017575569454662848,700.0,400.0,48.510756674888796,4.344184562152805,-87.6858894418771,92.0300740040299,33105.47769730026,29669.52230269974,0.1094689094257433,0.5327419850027127,31783.333333333332,31930.0,31805.0,31387.5,0.9865330410272471,1.003584229390681,542.5,-0.01098901098901095,0.01098901098901095,0.022222222222222223,-0.012539184952978056,0.011685829345118191,0.024610163875884973,315786.0,482882.9,-0.0023302518818316686,0.5390706525329433,22.827363649214792,1187.9028884969853,75742322.0,58.76288659793814,64.60481099656357,-0.004687499999999956,-0.010819165378670781,0.012519561815336422,-0.008831892122560562,-0.01746031746031746,30950.0
2023-01-17,31500.0,31850.0,30900.0,30950.0,385058,-0.01746031746031751,-0.01761454670098232,31878.571428571428,31396.428571428572,31366.666666666668,0.011278421185121906,950.0,550.0,45.229942899906995,-58.04675515016061,-81.75806258353381,23.711307433373207,33102.33442347634,29647.665576523654,0.11010896723355183,0.3769780784126721,31433.333333333332,31730.0,31890.0,31375.0,0.9754175858808698,0.9864541832669322,355.0,-0.01746031746031751,0.01746031746031751,0.030694668820678513,-0.01746031746031746,0.01144265725895188,0.025638358842005583,319203.2,490868.0,0.47923997725771006,0.7844430681975603,23.201277529470747,1170.909825032915,75357264.0,47.422680412371136,57.38831615120275,-0.01098901098901095,-0.004687499999999956,-0.010819165378670781,-0.011045609483109472,0.004846526655896607,31100.0
2023-01-18,31100.0,31250.0,30850.0,31100.0,193444,0.004846526655896577,0.004834820054583311,31671.428571428572,31432.14285714286,31361.904761904763,0.011550279490943305,400.0,0.0,46.29668125052494,-94.30123207404904,-84.26669648163686,-10.034535592412183,33063.29578975656,29776.704210243443,0.10460189622893427,0.402634692428864,31183.333333333332,31480.0,31810.0,31420.0,0.9879288437102922,0.9898154042011458,60.0,0.004846526655896577,0.004846526655896577,0.012861736334405145,0.0,0.008399803274509792,0.016328505401975044,295653.6,484941.55,-0.4976237346062151,0.3989016820686947,22.51770644221486,1115.844837530564,75550708.0,50.51546391752577,52.23367697594502,-0.01746031746031751,-0.01098901098901095,-0.004687499999999956,-0.007867600597810628,-0.00482315112540193,30950.0
2023-01-19,30800.0,31150.0,30350.0,30950.0,304928,-0.004823151125401881,-0.004834820054583293,31528.571428571428,31503.571428571428,31397.619047619046,0.010245939199114068,800.0,-150.0,45.34556368288242,-133.59689083693956,-94.13273535269741,-39.464155484242156,33051.21588186039,29823.784118139607,0.10266184536686397,0.34895110549510755,31000.0,31270.0,31765.0,31437.5,0.9897665494083786,0.984493041749503,-167.5,-0.004823151125401881,0.004823151125401881,0.025848142164781908,0.00487012987012987,0.008292242747666188,0.015698059289153903,280930.8,482386.95,0.5763114906639648,0.6321232363354772,22.967959240366618,1093.2844919926667,75245780.0,47.422680412371136,48.453608247422686,0.004846526655896577,-0.01746031746031751,-0.01098901098901095,-0.005812313976607604,0.011308562197092083,31300.0
2023-01-20,30800.0,31850.0,30750.0,31300.0,397798,0.011308562197092087,0.011245098415502426,31378.571428571428,31596.428571428572,31430.95238095238,0.009920105014952862,1100.0,-500.0,48.02850410856787,-134.94138826271592,-102.29446593470112,-32.646922328014796,32958.30448171536,29821.695518284647,0.09992382807998439,0.47130659223087756,31116.666666666668,31160.0,31650.0,31390.0,1.0044929396662388,0.9971328448550494,-230.0,0.011308562197092087,0.011308562197092087,0.03514376996805112,0.016233766233766232,0.01163674376358998,0.011153417826702603,308307.2,455253.5,0.3045637002833457,0.8737944903224247,23.245072994345843,1093.7641711360477,75643578.0,54.63917525773196,50.85910652920962,-0.004823151125401881,0.004846526655896577,-0.01746031746031751,0.0037773125758622608,0.052715654952076675,32950.0
2023-01-25,32000.0,33050.0,31700.0,32950.0,2383299,0.05271565495207664,0.05137316340240866,31514.285714285714,31800.0,31464.285714285714,0.02289317351609963,1350.0,-950.0,58.39690600948237,-2.833044214388792,-82.40218159063866,79.56913737624987,33187.59551675089,29757.404483249113,0.10899010353488839,0.9307340278047623,31733.333333333332,31450.0,31690.0,31472.5,1.0476947535771066,1.0469457462864404,-22.5,0.05271565495207664,0.05271565495207664,0.0409711684370258,0.0296875,0.026572369609893374,0.021067730816669787,732905.4,543923.25,4.991229216838697,4.381682525981377,25.0867427602473,1140.6381589120442,78026877.0,86.07594936708861,62.7126016790639,0.011308562197092087,-0.004823151125401881,0.004846526655896577,0.01973368867458895,0.010622154779969651,33300.0
2023-01-26,33050.0,33650.0,32500.0,33300.0,624701,0.01062215477996964,0.010566136037881906,31721.428571428572,31900.0,31559.52380952381,0.022632101470668953,1150.0,-250.0,60.21027556725287,128.62315746694367,-40.1971137791222,168.82027124606586,33448.19859201741,29651.801407982588,0.12032954624516083,0.9609633595134253,32516.666666666668,31920.0,31825.0,31550.0,1.0432330827067668,1.0554675118858954,370.0,0.01062215477996964,0.01062215477996964,0.03453453453453453,0.007564296520423601,0.022086712059682205,0.020002447492559257,780834.0,553803.55,-0.7378839163697044,1.1280191324161788,23.758341090265354,1141.3068618468983,78651578.0,89.39393939393939,76.70302133958666,0.05271565495207664,0.011308562197092087,-0.004823151125401881,0.024882123976379455,-0.012012012012012012,32900.0
2023-01-27,33300.0,33550.0,32800.0,32900.0,365339,-0.012012012012011963,-0.012084739215071886,31921.428571428572,32007.14285714286,31614.285714285714,0.02276775904467319,750.0,400.0,57.14469161203959,198.24128519486112,7.490566015674467,190.75071917918666,33591.54235090263,29613.45764909737,0.12587879762060783,0.826161984286356,33050.0,32280.0,31880.0,31602.5,1.0192069392812888,1.0410568784115182,677.5,-0.012012012012011963,0.012012012012011963,0.022796352583586626,-0.012012012012012012,0.025093714726623532,0.02038617886449056,815213.0,535254.3,-0.41517782106959966,0.682552199954302,23.20980890548726,1113.356371714977,78286239.0,77.27272727272727,84.24753867791843,0.01062215477996964,0.05271565495207664,0.011308562197092087,0.01710859924001144,-0.0121580547112462,32500.0
2023-01-30,32800.0,32950.0,31900.0,32500.0,388338,-0.012158054711246202,-0.012232568435634408,32142.85714285714,32010.714285714286,31645.238095238095,0.021903512743471618,1050.0,300.0,54.17425538002297,218.6174105065329,49.71593491384616,168.90147559268675,33666.32946790326,29728.670532096734,0.12422616723106013,0.7038012974416308,32900.0,32590.0,31930.0,31697.5,0.9972384166922369,1.025317454057891,892.5,-0.012158054711246202,0.012158054711246202,0.03230769230769231,-0.009146341463414634,0.026467854454283218,0.020482944675271703,831895.0,517978.9,0.06295249070041797,0.7497177973851831,23.258626741806065,1108.8309165924788,77897901.0,65.15151515151516,77.27272727272727,-0.012012012012011963,0.01062215477996964,0.05271565495207664,-0.004515970647762842,0.027692307692307693,33400.0
2023-01-31,32300.0,34000.0,32000.0,33400.0,964719,0.027692307692307683,0.027315810646962924,32471.428571428572,32071.428571428572,31778.571428571428,0.023149088543796263,2000.0,-1100.0,59.300513513916954,303.8851165426713,100.5497712396112,203.3353453030601,33798.29349152916,29941.706508470837,0.12100994612671243,0.8967238407226821,32933.333333333336,33010.0,32085.0,31870.0,1.011814601635868,1.0480075305930343,1140.0,0.027692307692307683,0.027692307692307683,0.059880239520958084,0.034055727554179564,0.027643660238421925,0.02186718519197108,945279.2,550440.0,1.4842250822736895,1.7526324395029431,24.19590332520257,1172.4858511215875,78862620.0,83.56164383561644,75.3286287532863,-0.012158054711246202,-0.012012012012011963,0.01062215477996964,0.0011740803230165058,0.04341317365269461,34850.0
2023-02-01,33700.0,35700.0,33650.0,34850.0,1978226,0.04341317365269459,0.04249723722387814,33028.57142857143,32278.571428571428,32011.904761904763,0.02487637236407411,2050.0,-1150.0,65.91587099314101,482.8967367528312,177.01916434225524,305.87757241057597,34258.211757755096,29966.788242244904,0.13363716669552955,1.137900218914783,33583.333333333336,33390.0,32420.0,32112.5,1.043725666367176,1.0852471778902297,1277.5,0.04341317365269459,0.04341317365269459,0.058823529411764705,0.03412462908011869,0.02446390040419685,0.024107001597345447,864264.6,632694.7,1.0505722391701626,3.126667569682503,24.956519457666232,1253.0225760414742,80840846.0,84.11214953271028,77.60843617328062,0.027692307692307683,-0.012158054711246202,-0.012012012012011963,0.019649142211252024,0.010043041606886656,35200.0
2023-02-02,36000.0,36050.0,35000.0,35200.0,867655,0.010043041606886627,0.009992945397518486,33585.71428571428,32482.14285714286,32259.52380952381,0.02492871475790027,1050.0,800.0,67.29761790250933,645.565137353351,270.7283589444744,374.8367784088766,34709.40093727298,30025.599062727026,0.14470693981759333,1.1047437692429254,34483.333333333336,33770.0,32845.0,32367.5,1.0423452768729642,1.0875106202209006,1402.5,0.010043041606886627,0.010043041606886627,0.029829545454545456,-0.022222222222222223,0.024470533651418887,0.02205502624929075,912855.4,647369.8,-0.5613974338624605,1.3402772264013552,24.142350810813305,1249.235249181369,81708501.0,85.08771929824562,84.25383755552411,0.04341317365269459,0.027692307692307683,-0.012158054711246202,0.027049507650629634,-0.008522727272727272,34900.0
2023-02-03,35000.0,35400.0,34650.0,34900.0,464351,-0.008522727272727293,-0.008559253395669948,33864.28571428572,32689.285714285714,32488.095238095237,0.021056905907383273,750.0,100.0,64.87011982140602,741.723398366823,364.9273668289441,376.79603153787883,35104.77147478006,29930.228525219944,0.1591310202063539,0.9604271378600763,34983.333333333336,34170.0,33225.0,32517.5,1.0213637693883524,1.0732682401783655,1652.5,-0.008522727272727293,0.008522727272727293,0.02148997134670487,-0.002857142857142857,0.02367285297348252,0.02300024073077262,932657.8,623651.3,-0.46482069486143685,0.7445683188666486,23.50863811900203,1213.5755885255571,81244150.0,79.82456140350877,83.00814341148822,0.010043041606886627,0.04341317365269459,0.027692307692307683,0.014977829328951309,-0.012893982808022923,34450.0
2023-02-06,34700.0,34900.0,33850.0,34450.0,395899,-0.012893982808022897,-0.012977831748713876,34028.57142857143,32875.0,32609.52380952381,0.022452602684107845,1050.0,250.0,61.2983463728342,772.7109430541132,446.4840820739779,326.22686098013526,35338.21446309188,30001.785536908123,0.1633434014748624,0.8335563959760133,34850.0,34560.0,33575.0,32670.0,0.9968171296296297,1.054484236302418,1890.0,-0.012893982808022897,0.012893982808022897,0.030478955007256895,-0.007204610951008645,0.023862858251299503,0.02377790696226011,934170.0,620458.95,-0.1474143481978073,0.6380744447315975,23.33617868371578,1201.8916179165888,80848251.0,71.9298245614035,78.94736842105264,-0.008522727272727293,0.010043041606886627,0.04341317365269459,-0.0037912228246211876,0.030478955007256895,35500.0
2023-02-07,34250.0,35800.0,34250.0,35500.0,710709,0.030478955007256836,0.030023699021702478,34400.0,33160.71428571428,32804.76190476191,0.022797381940156982,1550.0,-1250.0,66.0021780094948,871.9437949537969,531.5760246499417,340.3677703038552,35771.62565097915,29873.37434902085,0.17970146399446413,0.9539481047731951,34950.0,34980.0,33995.0,32822.5,1.014865637507147,1.0815751390052555,2157.5,0.030478955007256836,0.030478955007256836,0.04366197183098591,0.0364963503649635,0.024350118735141982,0.024563491147073607,883368.0,625819.45,0.7951775579124978,1.1356454325604615,23.951306317809074,1226.7565023511183,81558960.0,90.35087719298245,80.70175438596492,-0.012893982808022897,-0.008522727272727293,0.010043041606886627,0.003020748308835549,0.011267605633802818,35900.0
2023-02-08,35900.0,36200.0,35200.0,35900.0,643113,0.011267605633802802,0.011204599012863062,34885.71428571428,33514.28571428572,32969.04761904762,0.02043867295712593,1000.0,0.0,67.61689392179717,971.6624818272976,619.5933160854129,352.0691657418847,36239.22662863189,29740.77337136811,0.19698251764970548,0.9477988660989884,35283.333333333336,35190.0,34290.0,32990.0,1.0201761864165957,1.088208548044862,2200.0,0.011267605633802802,0.011267605633802802,0.027855153203342618,0.0,0.017400987593164104,0.020218275111751224,616345.4,632325.35,-0.09511065710438449,1.0170602839187137,23.862568301023927,1210.5596093260383,82202073.0,94.87179487179488,85.71749887539362,0.030478955007256836,-0.012893982808022897,-0.008522727272727293,0.009617525944345581,0.022284122562674095,36700.0
2023-02-09,35700.0,37400.0,35350.0,36700.0,996160,0.022284122562674202,0.022039459566291504,35357.142857142855,33914.28571428572,33166.666666666664,0.01996679813310044,2050.0,-1000.0,70.62213890936776,1102.53424525437,716.1815019192044,386.35274333516566,36831.660607438374,29623.339392561622,0.21693841591683855,0.981734913926054,36033.333333333336,35490.0,34630.0,33227.5,1.034094111017188,1.1045068091189527,2262.5,0.022284122562674202,0.022284122562674202,0.055858310626702996,0.028011204481792718,0.01889582814535515,0.020666858040579814,642046.4,663734.75,0.5489657338601459,1.500840508953313,24.322195200305394,1270.5196372313212,83198233.0,90.0709219858156,91.76453135019763,0.011267605633802802,0.030478955007256836,-0.012893982808022897,0.02134356106791128,-0.009536784741144414,36350.0
2023-02-10,36450.0,37300.0,36050.0,36350.0,525179,-0.009536784741144388,-0.009582551080996189,35571.42857142857,34300.0,33376.19047619047,0.016794725632255772,1250.0,100.0,67.6635873713127,1164.5843818966168,805.8620779146869,358.72230398192994,37263.13279621088,29591.867203789123,0.22948965948460862,0.8809671252794405,36316.666666666664,35780.0,34975.0,33427.5,1.0159306875349357,1.087428015855209,2352.5,-0.009536784741144388,0.009536784741144388,0.0343878954607978,-0.0027434842249657062,0.019128527209384696,0.02038740779016589,654212.0,674434.1,-0.47279653870864113,0.7786957984479136,23.672443918857706,1269.0539488576553,82673054.0,84.21052631578948,89.71774772446666,0.022284122562674202,0.011267605633802802,0.030478955007256836,0.008004981151777538,0.008253094910591471,36650.0
2023-02-13,36100.0,37450.0,36100.0,36650.0,532715,0.008253094910591452,0.008219224353132106,35778.57142857143,34682.142857142855,33580.95238095238,0.01673808156425811,1350.0,-550.0,68.8674871699942,1223.859168361094,889.4614960039684,334.39767235712554,37690.09729541687,29629.90270458313,0.23945913817093692,0.8709587859578857,36566.666666666664,36220.0,35390.0,33660.0,1.011871893981226,1.0888294711824125,2560.0,0.008253094910591452,0.008253094910591452,0.036834924965893585,0.015235457063711912,0.015199790761462252,0.018864392394730686,681575.2,682142.75,0.014349393254490472,0.7809435781586772,23.69491055831281,1274.8358096535371,83205769.0,86.08695652173913,86.78946827444808,-0.009536784741144388,0.022284122562674202,0.011267605633802802,0.007000144244040422,0.002728512960436562,36750.0
2023-02-14,36850.0,37050.0,36450.0,36750.0,407672,0.0027285129604366354,0.002724797326185257,36042.857142857145,34953.57142857143,33807.142857142855,0.015635478189731808,600.0,100.0,69.27807899722511,1264.3296230741616,964.435121418007,299.8945016561546,38065.452910567874,29744.547089432126,0.24541825161880984,0.8419098907204885,36583.333333333336,36470.0,35725.0,33905.0,1.0076775431861804,1.0839109275918006,2565.0,0.0027285129604366354,0.0027285129604366354,0.0163265306122449,-0.0027137042062415195,0.011673666475629002,0.018234755070491215,620967.8,689480.55,-0.234727762499648,0.5912741120833648,23.430111713207165,1226.6332518211416,83613441.0,87.38738738738739,85.89495674163867,0.008253094910591452,-0.009536784741144388,0.022284122562674202,0.000481607709961233,-0.00816326530612245,36450.0
2023-02-15,37000.0,37800.0,36250.0,36450.0,989909,-0.008163265306122436,-0.008196767204178515,36328.57142857143,35178.57142857143,34026.19047619047,0.014672818825936837,1550.0,550.0,66.44684085410742,1257.6973055636045,1023.0875582471266,234.60974731647786,38299.46782062065,30005.53217937935,0.24285002975598577,0.7770096247884734,36616.666666666664,36580.0,35885.0,34152.5,0.9964461454346637,1.0672717956225752,2427.5,-0.008163265306122436,0.008163265306122436,0.04252400548696845,-0.014864864864864866,0.01305058963653867,0.01458452143117316,690327.0,725960.6,1.4281996310759628,1.3635850210052722,24.309065036158543,1249.73087669106,82623532.0,77.11864406779661,83.53099599230771,0.0027285129604366354,0.008253094910591452,-0.009536784741144388,0.0009394475216352172,0.0411522633744856,37950.0
2023-02-16,36850.0,38000.0,36700.0,37950.0,890427,0.04115226337448563,0.04032804538697181,36678.57142857143,35539.28571428572,34333.333333333336,0.01748984066085894,1300.0,-1100.0,72.49869615973714,1357.8264322369505,1090.0353330450914,267.7910991918591,38692.77382599779,30312.226174002208,0.24289682347643168,0.9113692974681765,37050.0,36830.0,36160.0,34502.5,1.0304099918544665,1.0999202956307514,2327.5,0.04115226337448563,0.04115226337448563,0.034255599472990776,0.029850746268656716,0.02055187761869967,0.018632168921167796,669180.4,751229.05,-0.1004961062077423,1.1852936198353883,24.24348118478723,1271.1786712131272,83513959.0,99.18032786885246,87.89545310801218,-0.008163265306122436,0.0027285129604366354,0.008253094910591452,0.011905837009599943,-0.013175230566534914,37450.0
2023-02-17,37500.0,38150.0,37200.0,37450.0,463623,-0.013175230566534912,-0.013262793878410445,36900.0,35892.857142857145,34642.857142857145,0.019436819992955212,950.0,50.0,68.09007900846078,1380.9153328244793,1148.211333000969,232.70399982351023,38885.17948072731,30754.82051927269,0.2334968110699202,0.8234789524630608,37283.333333333336,37050.0,36415.0,34820.0,1.0107962213225372,1.075531303848363,2230.0,-0.013175230566534912,0.013175230566534912,0.025367156208277702,-0.0013333333333333333,0.021328512087637565,0.019133733251803633,656869.2,764738.0,-0.4793250878511096,0.6062507682369648,23.577588989954325,1248.237337555047,83050336.0,88.6178861788618,88.30561937183695,0.04115226337448563,-0.008163265306122436,0.0027285129604366354,0.006604589167276094,0.009345794392523364,37800.0
2023-02-20,37500.0,38550.0,37200.0,37800.0,523095,0.009345794392523255,0.00930239266231341,37057.142857142855,36207.142857142855,34961.90476190476,0.01824913550865539,1350.0,-300.0,69.48874798556632,1411.1882283523155,1200.8067120712383,210.3815162810772,39002.85017591941,31322.149824080585,0.2184344216662304,0.8433931645788735,37733.333333333336,37280.0,36750.0,35162.5,1.0139484978540771,1.075008887308923,2117.5,0.009345794392523255,0.009345794392523255,0.03571428571428571,0.008,0.021360905727497877,0.017777998312451027,654945.2,775646.35,0.12827663856193494,0.6743988416886124,23.70758275256944,1255.5060991582577,83573431.0,84.6938775510204,90.83069719957824,-0.013175230566534912,0.04115226337448563,-0.008163265306122436,0.012440942400157992,-0.03835978835978836,36350.0
2023-02-21,37600.0,37600.0,36150.0,36350.0,815754,-0.03835978835978837,-0.03911489864601365,37057.142857142855,36314.28571428572,35219.04761904762,0.024361615687942532,1450.0,1250.0,58.12247781114949,1303.1548760923324,1221.2763448754572,81.87853121687522,38826.14273181908,32003.857268180916,0.19263830195222836,0.6370508468142267,37200.0,37200.0,36835.0,35415.0,0.9771505376344086,1.0264012424114075,1785.0,-0.03835978835978837,0.03835978835978837,0.039889958734525444,-0.03324468085106383,0.029477206381433686,0.021643721842781256,736561.6,796544.15,0.5594758122329595,1.0241164912202292,24.112817600902005,1283.684234932668,82757677.0,53.191489361702125,75.50108436386144,0.009345794392523255,-0.013175230566534912,0.04115226337448563,-0.01406307484460001,-0.0068775790921595595,36100.0
2023-02-22,35650.0,36700.0,35500.0,36100.0,619345,-0.00687757909215958,-0.006901338640693157,36978.57142857143,36378.57142857143,35447.619047619046,0.02418105700560477,1200.0,-450.0,56.40926765859919,1183.7195730271924,1213.7649905058042,-30.045417478611853,38789.80109187647,32355.19890812353,0.18088698246547025,0.5819786499516493,36750.0,37130.0,36855.0,35572.5,0.9722596283328845,1.0148288706163469,1557.5,-0.00687757909215958,0.00687757909215958,0.0332409972299169,0.012622720897615708,0.02941379702558789,0.021594982589624667,662448.8,708346.45,-0.2407698889616232,0.8743532208003584,23.83046589133572,1277.7067895803348,82138332.0,47.87234042553192,61.91923577941815,-0.03835978835978837,0.009345794392523255,-0.013175230566534912,-0.011963857686474899,0.00554016620498615,36300.0
2023-02-23,36500.0,36850.0,36150.0,36300.0,479412,0.005540166204986097,0.005524875931969807,36914.28571428572,36478.57142857143,35607.142857142855,0.024298208329504124,700.0,200.0,57.488821565371566,1092.6096395940767,1189.533920323459,-96.92428072938219,38768.89130776072,32676.108692239282,0.17055868473711075,0.5947842777992456,36250.0,36800.0,36815.0,35722.5,0.9864130434782609,1.0161662817551964,1077.5,0.005540166204986097,0.005540166204986097,0.01928374655647383,-0.005479452054794521,0.018917484234358642,0.020354597745573005,580245.8,701082.0,-0.22593707868796875,0.6838172995455596,23.57988865226866,1240.013447467454,82617744.0,52.12765957446808,51.06382978723405,-0.00687757909215958,-0.03835978835978837,0.009345794392523255,-0.013232400415653952,-0.01652892561983471,35700.0
2023-02-24,36450.0,36800.0,35700.0,35700.0,444474,-0.016528925619834656,-0.016667052485211647,36807.142857142855,36567.857142857145,35721.42857142857,0.02487621101658403,1100.0,750.0,53.229789999095914,960.9125733476903,1143.8096509283052,-182.8970775806149,38604.92977168635,33120.07022831365,0.15294136056807814,0.4703729879106299,36033.333333333336,36450.0,36750.0,35862.5,0.9794238683127572,0.9954688044614849,587.5,-0.016528925619834656,0.016528925619834656,0.03081232492997199,-0.0205761316872428,0.01917331504428225,0.020799138095375383,576416.0,705038.75,-0.07287677404820903,0.6304249234527889,23.48755280736767,1230.0124869340646,82173270.0,33.72093023255814,44.57364341085272,0.005540166204986097,-0.00687757909215958,-0.03835978835978837,-0.005955446169002713,-0.014005602240896359,35200.0
2023-02-27,35450.0,35700.0,34950.0,35200.0,335772,-0.014005602240896309,-0.014104606181541935,36414.28571428572,36546.42857142857,35830.95238095238,0.016015246030187218,750.0,250.0,49.91137695945399,806.8945006663562,1076.4266208759154,-269.53212020955925,38268.246457375695,33726.753542624305,0.12616134216963373,0.32439695162583854,35733.333333333336,35930.0,36605.0,35997.5,0.9796827163929863,0.9778456837280367,-67.5,-0.014005602240896309,0.014005602240896309,0.02130681818181818,-0.007052186177715092,0.01606495425095019,0.02081753969471748,538951.4,702410.45,-0.24456323654476975,0.47802819562265914,23.19298899885377,1195.7258807244887,81837498.0,6.944444444444445,30.931011417156896,-0.016528925619834656,0.005540166204986097,-0.00687757909215958,-0.008331453885248289,0.01278409090909091,35650.0
2023-02-28,35600.0,36300.0,35150.0,35650.0,394382,0.012784090909090828,0.012703064256253456,36157.142857142855,36528.57142857143,35980.95238095238,0.018194072155527097,1150.0,-50.0,52.76543500408698,712.9271274753846,1003.7267221958093,-290.7995947204247,38035.61678430576,34184.38321569424,0.10665282660236848,0.3805577507037979,35516.666666666664,35790.0,36495.0,36110.0,0.9960882928192233,0.9872611464968153,-320.0,0.012784090909090828,0.012784090909090828,0.03225806451612903,0.0014044943820224719,0.012628544948865703,0.021404360625074066,454677.0,673893.6,0.17455297046805573,0.585228884797244,23.36657968763746,1192.4597463870252,82231880.0,19.444444444444443,20.03660637381568,-0.014005602240896309,-0.016528925619834656,0.005540166204986097,-0.005916812317213378,-0.023842917251051893,34800.0
2023-03-02,35350.0,35750.0,34500.0,34800.0,488297,-0.02384291725105192,-0.024131760079876316,35728.57142857143,36392.857142857145,36047.619047619046,0.017567595973304817,1250.0,550.0,47.284738026447855,563.3751726679257,915.6564122902327,-352.281239622307,38040.121617334735,34174.878382665265,0.10704820978105573,0.16172892089369148,35216.666666666664,35530.0,36330.0,36107.5,0.9794539825499577,0.9637886865609638,-577.5,-0.02384291725105192,0.02384291725105192,0.035919540229885055,-0.015558698727015558,0.015588512824415911,0.022390154333884478,428467.4,599397.15,0.23813206485082983,0.8146468497556253,23.556051772088214,1196.5697645022376,81743583.0,7.407407407407407,11.265432098765435,0.012784090909090828,-0.014005602240896309,-0.016528925619834656,-0.008354809527619134,0.028735632183908046,35800.0
2023-03-03,35150.0,36850.0,34850.0,35800.0,774561,0.028735632183908066,0.02833050662622599,35650.0,36353.57142857143,36092.857142857145,0.01856521583526124,2000.0,-650.0,53.415238149141935,519.5566875889344,836.4364673499731,-316.87977976103866,38028.997596587105,34246.002403412895,0.10468336750395602,0.4107849778374123,35416.666666666664,35430.0,36115.0,36137.5,1.0104431272932544,0.9906606710480802,-707.5,0.028735632183908066,0.028735632183908066,0.055865921787709494,0.01849217638691323,0.022326846584297472,0.019775111714303104,487497.2,594742.45,0.5862497619276792,1.3023469234456024,24.04575486865311,1257.529067037792,82518144.0,32.098765432098766,19.650205761316876,-0.02384291725105192,0.012784090909090828,-0.014005602240896309,0.005892268613982325,0.0446927374301676,37400.0
2023-03-06,36400.0,37650.0,35800.0,37400.0,900993,0.04469273743016755,0.04372281101383158,35835.71428571428,36407.142857142855,36197.619047619046,0.025121264290785306,1850.0,-1000.0,61.19180106855779,606.940419363651,790.5372577527088,-183.59683838905778,38140.033376253916,34384.966623746084,0.1035523406413742,0.8029240423596511,36000.0,35770.0,36110.0,36262.5,1.0455689124965055,1.0313684936228886,-492.5,0.04469273743016755,0.04469273743016755,0.04946524064171123,0.027472527472527472,0.028650644648677333,0.025079980856467992,578801.0,616574.55,0.1632305267112597,1.4612880145636888,24.240678750847202,1299.8484193922354,83419137.0,71.60493827160494,37.03703703703704,0.028735632183908066,-0.02384291725105192,0.012784090909090828,0.016528484121007898,-0.06149732620320856,35100.0
2023-03-07,38000.0,38000.0,35000.0,35100.0,1262458,-0.06149732620320858,-0.06346957394866615,35664.28571428572,36289.28571428572,36207.142857142855,0.03605941708467722,3000.0,2900.0,48.625661712356965,485.01097366732574,729.4320009356322,-244.4210272683065,38059.53363452457,34530.46636547543,0.09723287695410204,0.1613836153024142,36100.0,35750.0,35840.0,36295.0,0.9818181818181818,0.9670753547320567,-545.0,-0.06149732620320858,0.06149732620320858,0.08547008547008547,-0.07631578947368421,0.042827748005948046,0.03140200300329918,764138.2,659902.5,0.40118513684346047,1.913097768230913,24.514527581728075,1421.2878180070757,82156679.0,14.814814814814815,39.50617283950617,0.04469273743016755,0.028735632183908066,-0.02384291725105192,0.003977014470289013,-0.05698005698005698,33100.0
2023-03-08,34650.0,35250.0,32500.0,33100.0,2477476,-0.056980056980056926,-0.05866784808880285,35292.857142857145,36050.0,36142.857142857145,0.04145358570187186,2750.0,1550.0,40.78283088725687,224.41085554436722,628.4277718573792,-404.01691631301196,38426.432292657526,33923.567707342474,0.12447448750007055,-0.18289861747748992,35200.0,35240.0,35515.0,36175.0,0.9392735527809307,0.9149965445749827,-935.0,-0.056980056980056926,0.056980056980056926,0.08308157099697885,-0.044733044733044736,0.04865976375871918,0.03392320686255942,1180757.0,748240.85,0.9624225122736756,3.3110675526469855,25.130039419332046,1516.1958310065702,79679203.0,9.917355371900827,32.112369486106864,-0.06149732620320858,0.04469273743016755,0.028735632183908066,-0.02459488191769932,-0.04682779456193353,31550.0
2023-03-09,32800.0,33150.0,29950.0,31550.0,3429356,-0.04682779456193353,-0.047959693395795054,34771.42857142857,35592.857142857145,35954.76190476191,0.04381098510178313,3200.0,1250.0,35.94419963408254,-105.96713848979562,481.54878978794426,-587.5159282777399,39016.44288585901,32898.55711414099,0.17014213367775907,-0.22042861937291255,33250.0,34590.0,35060.0,35957.5,0.9121133275513154,0.8774247375373705,-1367.5,-0.04682779456193353,0.04682779456193353,0.10142630744849446,-0.038109756097560975,0.05088319498780301,0.035962994427072834,1768968.8,887553.0,0.38421361094920803,3.863832357053607,25.407211914390487,1636.467557363244,76249847.0,18.6046511627907,14.445607116502112,-0.056980056980056926,-0.06149732620320858,0.04469273743016755,-0.055101725915066346,0.011093502377179081,31900.0
2023-03-10,31050.0,32150.0,30850.0,31900.0,1194819,0.011093502377178988,0.011032420803576632,34235.71428571428,35196.42857142857,35764.28571428572,0.04363505489713199,1300.0,-850.0,37.74047128655276,-335.6824655708042,318.1025387161946,-653.7850042869989,39248.00987819041,32186.99012180959,0.197690761010172,-0.04064428817809882,32183.333333333332,33810.0,34620.0,35717.5,0.9435078379177758,0.893119619234269,-1907.5,0.011093502377178988,0.011093502377178988,0.04075235109717868,0.027375201288244767,0.04728402845495602,0.036318664879410996,1853020.4,897485.95,-0.6515908526265572,1.3312954927038134,24.363866556239877,1612.4341604087267,77444666.0,22.674418604651162,17.065475046447563,-0.04682779456193353,-0.056980056980056926,-0.06149732620320858,-0.030904783054937157,-0.02037617554858934,31250.0
2023-03-13,31650.0,31900.0,30600.0,31250.0,932222,-0.020376175548589393,-0.020586633608388433,33728.57142857143,34728.57142857143,35504.76190476191,0.04354376429338576,1300.0,400.0,35.736220035325005,-563.6852720807656,141.74497655680258,-705.4302486375682,39500.85232163865,31424.14767836135,0.2277533914212845,-0.021561724249295616,31566.666666666668,32580.0,34175.0,35462.5,0.9591774094536526,0.8812125484666902,-2882.5,-0.020376175548589393,0.020376175548589393,0.0416,-0.01263823064770932,0.03026367936393551,0.036389481177007806,1859266.2,917838.1,-0.21977973232765802,1.0156715002351722,24.09510091792699,1590.1174346652463,76512444.0,16.149068322981368,19.142712696807745,0.011093502377178988,-0.04682779456193353,-0.056980056980056926,-0.01870348924444798,-0.0496,29700.0
2023-03-14,31050.0,31050.0,29450.0,29700.0,934433,-0.04959999999999998,-0.05087233037375655,32857.142857142855,34253.57142857143,35188.09523809524,0.04047777318839228,1600.0,1350.0,31.44744526799245,-859.5429094081628,-58.51260063619051,-801.0303087719723,39857.76179811766,30372.238201882337,0.2701273984404192,-0.07086990982228326,30950.0,31500.0,33625.0,35115.0,0.9428571428571428,0.8457923964117898,-3615.0,-0.04959999999999998,0.04959999999999998,0.05387205387205387,-0.043478260869565216,0.028037217210612437,0.03823390473655947,1793661.2,937924.0,0.0023717526511926046,0.9962779500258017,24.04659753204012,1605.1090464748718,75578011.0,2.9239766081871346,13.915821178606555,-0.020376175548589393,0.011093502377178988,-0.04682779456193353,-0.019627557723803462,0.015151515151515152,30150.0
2023-03-15,30700.0,30700.0,29800.0,30150.0,541119,0.015151515151515138,0.015037877364540502,31821.428571428572,33828.57142857143,34878.57142857143,0.03290553389142669,900.0,550.0,33.92667233334717,-1045.6474069221294,-255.9395618933783,-789.7078450287511,39948.546312982566,29621.453687017434,0.29688350225571747,0.051180553145582904,30366.666666666668,30910.0,33075.0,34785.0,0.9754124878680038,0.8667529107373868,-3875.0,0.015151515151515138,0.015151515151515138,0.029850746268656716,-0.017915309446254073,0.030743455813217652,0.03843996288698666,1406389.8,944596.35,-0.42091193269073335,0.5728573903551502,23.515334698888346,1561.8869717266666,76119130.0,8.187134502923977,9.086726478030826,-0.04959999999999998,-0.020376175548589393,0.011093502377178988,-0.018274886799024743,0.03482587064676617,31200.0
2023-03-16,29700.0,31650.0,29500.0,31200.0,958916,0.03482587064676612,0.034233171642242176,31264.285714285714,33464.28571428572,34614.28571428572,0.037174766065203625,2150.0,-1500.0,39.4310029426537,-1095.7788803940675,-423.90742559351617,-671.8714548005514,39860.494399634226,29184.505600365774,0.3092472677027577,0.18878760904772898,30350.0,30840.0,32715.0,34522.5,1.0116731517509727,0.9037584184227677,-3682.5,0.03482587064676612,0.03482587064676612,0.06891025641025642,0.050505050505050504,0.033260198338373154,0.04145920167048863,912301.8,943046.7,0.7720981891229102,1.0168276926264628,24.12173213261936,1603.895045174762,77078046.0,20.46783625730994,10.526315789473683,0.015151515151515138,-0.04959999999999998,-0.020376175548589393,0.00012579526609376077,0.00641025641025641,31400.0
2023-03-17,31700.0,31800.0,31100.0,31400.0,998535,0.0064102564102563875,0.006389798098770988,31021.428571428572,33157.142857142855,34373.80952380953,0.032851659514692697,700.0,300.0,40.44864571816075,-1106.6137512863934,-560.4486907320917,-546.1650605543017,39450.66361176208,28939.336388237916,0.3073936898237802,0.23409637616981063,30916.666666666668,30740.0,32275.0,34195.0,1.0214703968770331,0.9182629039333235,-3455.0,0.0064102564102563875,0.0064102564102563875,0.022292993630573247,-0.00946372239747634,0.03287065540591373,0.039700687914000006,873045.0,948452.1,0.04131644481894137,1.05280488071037,24.168607655730785,1539.3311133765646,78076581.0,22.80701754385965,17.153996101364523,0.03482587064676612,0.015151515151515138,-0.04959999999999998,0.018795880736179216,-0.004777070063694267,31250.0
2023-03-20,31550.0,31700.0,31000.0,31250.0,419943,-0.004777070063694322,-0.004788516731797233,30978.571428571428,32875.0,34054.76190476191,0.027635377605152306,700.0,300.0,39.90709266624234,-1114.4574392927861,-671.2504404442307,-443.2069988485555,39063.10166394069,28706.898336059312,0.30562795714568025,0.24556312612113845,31283.333333333332,30740.0,31660.0,33885.0,1.016590761223162,0.9222369780138704,-3145.0,-0.004777070063694322,0.004777070063694322,0.0224,-0.009508716323296355,0.031486794784721384,0.03455741509207249,770589.2,946268.1,-0.5794408808905046,0.44378860494187644,23.29764892200457,1479.3788909925245,77656638.0,21.05263157894737,21.442495126705655,0.0064102564102563875,0.03482587064676612,0.015151515151515138,0.012153018997776063,-0.008,31000.0
2023-03-21,31400.0,31500.0,30800.0,31000.0,456707,-0.008000000000000007,-0.008032171697264267,30850.0,32542.85714285714,33747.619047619046,0.027145046590509717,700.0,400.0,38.97059333130375,-1127.8454291634116,-762.5694381880669,-365.2759909753447,38530.12524258023,28559.87475741977,0.29722016649755434,0.24474061571593095,31216.666666666668,31000.0,31250.0,33545.0,1.0,0.9241317633030258,-2545.0,-0.008000000000000007,0.008000000000000007,0.02258064516129032,-0.012738853503184714,0.017247790168384198,0.03089462649236046,675044.0,942948.7,0.08754521446958274,0.4843391798514596,23.37353980994191,1423.7089702073442,77199931.0,18.128654970760234,20.662768031189085,-0.004777070063694322,0.0064102564102563875,0.03482587064676612,-0.002122271217812647,0.004838709677419355,31150.0
2023-03-22,31300.0,31350.0,30550.0,31150.0,616548,0.004838709677419395,0.004827040748315944,30835.714285714286,32282.14285714286,33430.95238095238,0.026255633550128093,800.0,150.0,39.88217705572223,-1113.5158436869606,-832.7587192878457,-280.7571243991149,38196.00804316182,28373.99195683818,0.29508836071274264,0.2826311847551528,31133.333333333332,31200.0,31055.0,33285.0,0.9983974358974359,0.935856992639327,-2085.0,0.004838709677419395,0.004838709677419395,0.025682182985553772,-0.004792332268370607,0.016899836613370026,0.026785375159658002,690129.8,932988.4,0.3499858771597546,0.660831367249582,23.678460981704138,1379.1583294782483,77816479.0,19.883040935672515,19.688109161793374,-0.008000000000000007,-0.004777070063694322,0.0064102564102563875,-0.0026461201287583114,-0.01765650080256822,30600.0
2023-03-23,30800.0,31100.0,30200.0,30600.0,736998,-0.017656500802568198,-0.01781423627512704,30964.285714285714,31910.714285714286,33157.142857142855,0.01702770353433272,900.0,200.0,37.66089279221355,-1133.473965109264,-892.9017684521293,-240.57219665713478,37873.029162114806,28146.970837885194,0.2946397553538204,0.25221205552549547,30916.666666666668,31080.0,30960.0,33010.0,0.9845559845559846,0.926991820660406,-1930.0,-0.017656500802568198,0.017656500802568198,0.029411764705882353,-0.006493506493506494,0.009867460482185965,0.023154065436486508,645746.2,938871.05,0.19536191829346627,0.784983198704444,23.8390957454484,1348.504163086945,77079481.0,13.450292397660819,17.153996101364523,0.004838709677419395,-0.008000000000000007,-0.004777070063694322,-0.006939263708382937,0.049019607843137254,32100.0
2023-03-24,31100.0,32500.0,30900.0,32100.0,1544185,0.0490196078431373,0.04785602117763514,31242.85714285714,31532.14285714286,32966.666666666664,0.023699282535639587,1600.0,-1000.0,46.42487918695488,-1016.5354680457203,-917.6285083708476,-98.90695967487272,37421.57412235497,28178.42587764503,0.2818033001435957,0.42426822750564175,31283.333333333332,31220.0,30980.0,32800.0,1.028187059577194,0.9786585365853658,-1580.0,0.0490196078431373,0.0490196078431373,0.04984423676012461,0.03215434083601286,0.026053616506438622,0.028233317530710966,754876.2,992109.7,1.0952363507092286,1.5564659835500048,24.626618130180308,1387.896722866449,78623666.0,30.994152046783626,21.44249512670565,-0.017656500802568198,0.004838709677419395,-0.008000000000000007,0.0120672722393295,0.001557632398753894,32150.0
2023-03-27,32150.0,32300.0,30950.0,32150.0,742152,0.0015576323987538387,0.001556420547658158,31378.571428571428,31321.428571428572,32769.04761904762,0.02094843146031785,1350.0,0.0,46.693897272064184,-909.3439336734773,-915.9715934313737,6.627659757896367,37043.440004831085,28201.55999516892,0.27103624828453265,0.446561138639784,31616.666666666668,31400.0,31070.0,32622.5,1.0238853503184713,0.9855161315043298,-1222.5,0.0015576323987538387,0.0015576323987538387,0.041990668740279936,0.0,0.025629028177886818,0.027223481167617133,819318.0,1006993.6,-0.5193891923571334,0.7369977326568908,23.89547708262996,1385.189814090274,79365818.0,46.55172413793103,30.33205619412516,0.0490196078431373,-0.017656500802568198,0.004838709677419395,0.010973579813107648,0.027993779160186624,33050.0
2023-03-28,32300.0,33200.0,31800.0,33050.0,974177,0.027993779160186527,0.027609115614066804,31614.285714285714,31317.85714285714,32642.85714285714,0.022760660530236943,1400.0,-750.0,51.42228011393575,-743.2041966733013,-881.4181140797593,138.213917406458,36773.62592121475,28256.37407878525,0.2619483882032753,0.5628136880178706,32433.333333333332,31810.0,31405.0,32515.0,1.0389814523734675,1.0164539443333847,-705.0,0.027993779160186527,0.027993779160186527,0.04236006051437216,0.02321981424148607,0.025785012941725333,0.02081250253106045,922812.0,1038913.85,0.3126381118692667,0.9376879517007113,24.1951251362716,1386.2476845123974,80339995.0,96.0,57.84862539490488,0.0015576323987538387,0.0490196078431373,-0.017656500802568198,0.026190339800692557,0.0045385779122541605,33200.0
2023-03-29,33600.0,33600.0,32500.0,33200.0,705721,0.004538577912254205,0.00452830962474761,31892.85714285714,31435.714285714286,32547.619047619046,0.022200349020247322,1100.0,400.0,52.183563481259995,-592.6023605999617,-823.6549633837999,231.0526027838382,36405.278929475455,28379.721070524545,0.2477597548491444,0.600616058620697,32800.0,32220.0,31710.0,32392.5,1.0304158907510863,1.024928610017751,-172.5,0.004538577912254205,0.004538577912254205,0.03313253012048193,-0.011904761904761904,0.025809537892584184,0.020844246258774207,940646.6,1054480.8,-0.27557209829425244,0.6692592221688626,23.877280409180834,1365.8014213329407,81045716.0,90.36144578313252,77.63772330702119,0.027993779160186527,0.0015576323987538387,0.0490196078431373,0.011363329823731524,0.030120481927710843,34200.0
2023-03-30,34100.0,35000.0,33500.0,34200.0,1648206,0.030120481927710774,0.02967576814611654,32350.0,31600.0,32478.571428571428,0.02205298234624629,1500.0,-100.0,57.01943505745819,-388.0840860627359,-736.5407879195872,348.4567018568513,36307.90038659277,28417.09961340723,0.2438254391096344,0.7328660997555756,33483.333333333336,32940.0,32010.0,32362.5,1.0382513661202186,1.0567786790266511,577.5,0.030120481927710774,0.030120481927710774,0.043859649122807015,0.002932551319648094,0.019701724514907416,0.020263442055264393,1122888.2,1112476.25,1.3354923546273954,1.4815651120641902,24.755178904708142,1396.815605523445,82693922.0,85.58558558558559,90.64901045623937,0.004538577912254205,0.027993779160186527,0.0015576323987538387,0.02088427966671717,-0.03508771929824561,33000.0
2023-03-31,34500.0,34600.0,32750.0,33000.0,979119,-0.03508771929824561,-0.03571808260207923,32614.285714285714,31725.0,32392.85714285714,0.02907939430240693,1850.0,1500.0,50.428600681678724,-319.15285574367954,-653.0632014844057,333.91034574072614,35839.342909441744,28605.657090558256,0.22449176255360348,0.6074832415267942,33466.666666666664,33120.0,32170.0,32222.5,0.9963768115942029,1.0241291023353247,897.5,-0.03508771929824561,0.03508771929824561,0.05606060606060606,-0.043478260869565216,0.02634122775684192,0.02470684020854735,1009875.0,1122704.15,-0.4059486496226806,0.8721077587537198,24.19867130720999,1429.1859194146275,81714803.0,63.96396396396396,79.97033177756069,0.030120481927710774,0.004538577912254205,0.027993779160186527,-0.0001428864860935445,0.004545454545454545,33150.0
2023-04-03,33350.0,33350.0,32450.0,33150.0,669779,0.00454545454545463,0.004535155165391363,32978.57142857143,31971.428571428572,32266.666666666668,0.026885957248114573,900.0,200.0,51.18811809685974,-249.5440245165737,-572.3593660908393,322.81534157426563,34735.62885066529,29284.371149334707,0.1702985848588124,0.7091260517222915,33450.0,33320.0,32360.0,32010.0,0.9948979591836735,1.035613870665417,1310.0,0.00454545454545463,0.00454545454545463,0.027149321266968326,-0.005997001499250375,0.026253976839569797,0.024460912856319943,995400.4,1111143.45,-0.3159370822137043,0.6027835559846031,23.823501081867203,1391.3869251707256,82384582.0,66.36363636363636,71.97106197106199,-0.03508771929824561,0.030120481927710774,0.004538577912254205,-0.00014059427502673602,-0.06636500754147813,30950.0
2023-04-04,32550.0,32600.0,30750.0,30950.0,1853533,-0.06636500754147812,-0.0686697175012664,32814.28571428572,32028.571428571428,31959.52380952381,0.035326046020239615,1850.0,1600.0,41.21413084933324,-367.6619598854595,-531.4198848497634,163.75792496430392,34142.19746132409,29462.80253867591,0.14713921618263276,0.3178183260673475,32366.666666666668,32900.0,32355.0,31802.5,0.9407294832826748,0.9731939312947095,1097.5,-0.06636500754147812,0.06636500754147812,0.05977382875605816,-0.04915514592933948,0.038108390017257465,0.03351102971224802,1171271.6,1140697.2,1.7673799865328714,1.6249123781490828,24.77273238369891,1463.4307162299594,80531049.0,26.363636363636363,52.230412230412234,0.00454545454545463,-0.03508771929824561,0.030120481927710774,-0.0323024240980897,0.014539579967689823,31400.0
2023-04-05,31000.0,31450.0,30950.0,31400.0,498158,0.01453957996768973,0.014434893783602484,32707.14285714286,32042.85714285714,31783.333333333332,0.03606491585983041,500.0,-400.0,43.63346309967443,-420.11718605897113,-509.159345091605,89.04215903263389,33981.00333960901,29453.996660390996,0.14272898807339832,0.42986535640480955,31833.333333333332,32540.0,32380.0,31717.5,0.9649661954517517,0.9899897532907701,822.5,0.01453957996768973,0.01453957996768973,0.01592356687898089,0.012903225806451613,0.039461411679194223,0.03379460386981598,1129759.0,1041731.3,-0.7312386669134027,0.47820200852177525,23.47323574672418,1394.6142364992481,81029207.0,25.0,39.24242424242424,-0.06636500754147812,0.00454545454545463,-0.03508771929824561,-0.015759991009444585,-0.01592356687898089,30900.0
2023-04-06,31250.0,31250.0,30600.0,30900.0,512244,-0.015923566878980888,-0.0160517090105079,32400.0,32007.14285714286,31678.571428571428,0.0334979689185523,650.0,350.0,41.58556945635336,-496.31296512870904,-506.59006909902587,10.27710397031683,33977.11462926361,29392.885370736385,0.1446813715804711,0.32876074564992525,31083.333333333332,31880.0,32410.0,31685.0,0.9692597239648683,0.975224869812214,195.0,-0.015923566878980888,0.015923566878980888,0.021035598705501618,-0.0112,0.03236065693516207,0.033690763532149205,902566.6,895875.7,0.028276169408099516,0.5717802145989673,23.485067815950817,1352.1417910350162,80516963.0,14.583333333333334,21.982323232323235,0.01453957996768973,-0.06636500754147812,0.00454545454545463,-0.02258299815092309,0.05177993527508091,32500.0
2023-04-07,31400.0,32700.0,31350.0,32500.0,1257231,0.05177993527508096,0.05048390543199207,32300.0,32096.428571428572,31723.809523809523,0.040501658758378904,1350.0,-1100.0,49.718234643749945,-422.7191969910018,-489.81589467742106,67.09669768641925,34034.50539192259,29395.494608077413,0.14627182039555972,0.6692171104093292,31600.0,31780.0,32450.0,31715.0,1.0226557583385778,1.024751694781649,65.0,0.05177993527508096,0.05177993527508096,0.04153846153846154,0.03503184713375796,0.04343097022668363,0.034131833500099594,958189.0,898996.3,1.454359641108534,1.398482952599471,24.433417609913942,1384.1316631039435,81774194.0,47.916666666666664,29.166666666666668,-0.015923566878980888,0.01453957996768973,-0.06636500754147812,0.0167986494545966,-0.010769230769230769,32150.0
2023-04-10,33000.0,33150.0,31950.0,32150.0,811775,-0.010769230769230753,-0.010827638652063392,32007.14285714286,32178.571428571428,31735.714285714286,0.037854824548001896,1200.0,850.0,48.13936650147273,-388.1631769743799,-469.4853511368129,81.32217416243299,34076.440099990104,29443.559900009896,0.14587154282053555,0.5841808946412355,31850.0,31580.0,32450.0,31760.0,1.0180493983533883,1.01227959697733,-180.0,-0.010769230769230753,0.010769230769230753,0.03732503888024884,-0.025757575757575757,0.043368837868803,0.034362169886257864,986588.2,892973.95,-0.3543151576758766,0.9090690719477316,23.985146216854314,1370.979401453662,80962419.0,40.625,34.375,0.05177993527508096,-0.015923566878980888,0.01453957996768973,0.008362379208956439,0.026438569206842923,33000.0
2023-04-11,32550.0,33200.0,32300.0,33000.0,1077116,0.026438569206842955,0.02609511078285187,32007.14285714286,32310.714285714286,31819.04761904762,0.037746828846926775,900.0,-450.0,52.11634311433847,-288.8595923234716,-433.3601993741446,144.500607050673,34088.69566884266,29761.304331157342,0.13554867150149777,0.7484175606301897,32550.0,31990.0,32445.0,31925.0,1.031572366364489,1.033672670321065,65.0,0.026438569206842955,0.026438569206842955,0.02727272727272727,0.013824884792626729,0.02778565688405382,0.03422735079479162,831304.8,900108.1,0.32686520279634146,1.1966518243753168,24.294060497407724,1348.052301349829,82039535.0,58.333333333333336,48.958333333333336,-0.010769230769230753,0.05177993527508096,-0.015923566878980888,0.022483091237564385,-0.019696969696969695,32350.0
2023-04-12,33300.0,33400.0,32150.0,32350.0,779697,-0.019696969696969657,-0.019893540519570624,31892.85714285714,32435.714285714286,31945.238095238095,0.03838157599226625,1250.0,950.0,49.0205460876615,-259.61764318303176,-398.61168813592207,138.9940449528903,34036.34165525347,30033.65834474653,0.12494719246158696,0.5786972077389019,32500.0,32180.0,32360.0,32035.0,1.0052827843380983,1.0098329951615421,145.0,-0.019696969696969657,0.019696969696969657,0.03863987635239567,-0.028528528528528527,0.03136499986452373,0.034754282563075355,887612.6,912037.0,-0.2761253198355609,0.8548962377622837,23.951029961625277,1341.048565539127,81259838.0,39.77272727272727,46.24368686868687,0.026438569206842955,-0.010769230769230753,0.05177993527508096,-0.001342543753119152,-0.0030911901081916537,32250.0
2023-04-13,32000.0,32400.0,31500.0,32250.0,554110,-0.0030911901081916993,-0.003095977705128121,32078.571428571428,32446.428571428572,32045.238095238095,0.02574339357184713,900.0,-250.0,48.54280266349333,-241.72588652675768,-367.23452781408923,125.50864128733156,34051.35094299844,30123.649057001563,0.12240598008560584,0.5413727937396029,32533.333333333332,32450.0,32165.0,32087.5,0.9938366718027735,1.0050642773665757,362.5,-0.0030911901081916993,0.0030911901081916993,0.027906976744186046,0.0078125,0.029558158867703365,0.0328753970648789,895985.8,891796.7,-0.2893264947793822,0.6213411644156118,23.606391824256352,1309.5450965720463,80705728.0,37.5,45.20202020202021,-0.019696969696969657,0.026438569206842955,-0.010769230769230753,0.001216803133893866,-0.0031007751937984496,32150.0
2023-04-14,32550.0,32600.0,31900.0,32150.0,488958,-0.0031007751937984773,-0.00310559255815313,32185.714285714286,32446.428571428572,32090.47619047619,0.02562505584782075,700.0,400.0,48.038615552558085,-232.93062548236412,-340.3737473477442,107.44312186538008,34062.03517344367,30187.964826556326,0.1205936294750924,0.5064531610842039,32250.0,32380.0,32080.0,32125.0,0.9928968499073502,1.0007782101167315,255.0,-0.0031007751937984773,0.0031007751937984773,0.02177293934681182,-0.01228878648233487,0.017329361793077015,0.031174007662169836,742331.2,866317.85,-0.1175795419682013,0.5644094716506188,23.478199604927116,1266.0061611026144,80216770.0,35.22727272727273,37.5,-0.0030911901081916993,-0.019696969696969657,0.026438569206842955,-0.008629644999653277,-0.0015552099533437014,32100.0
2023-04-17,32100.0,32300.0,31350.0,32100.0,473070,-0.0015552099533436836,-0.0015564205476581953,32357.14285714286,32378.571428571428,32123.809523809523,0.024347659957216623,950.0,0.0,47.7714441623763,-227.37387537086033,-317.7737729523675,90.39989758150716,34060.499569049374,30274.500430950626,0.11769640594073984,0.48217115283499584,32166.666666666668,32370.0,31975.0,32167.5,0.9916589434661723,0.9979016087666123,202.5,-0.0015552099533436836,0.0015552099533436836,0.029595015576323987,0.0,0.01664598496273826,0.031087684077815023,674590.2,868974.2,-0.03249358840636618,0.5444005126964644,23.443609957251702,1243.4342924524278,79743700.0,34.09090909090909,35.6060606060606,-0.0031007751937984773,-0.0030911901081916993,-0.019696969696969657,-0.0025823917517779535,-0.021806853582554516,31400.0
2023-04-18,31900.0,31950.0,31050.0,31400.0,695093,-0.02180685358255452,-0.0220481372217625,32200.0,32250.0,32130.95238095238,0.015980978700863423,900.0,500.0,44.07562536898289,-276.26959678924686,-309.47293771974336,33.203340930496495,34036.50399931253,30338.496000687464,0.11488956888932249,0.28704751306844295,31883.333333333332,32050.0,32020.0,32187.5,0.9797191887675507,0.9755339805825243,-137.5,-0.02180685358255452,0.02180685358255452,0.028662420382165606,-0.01567398119122257,0.00999957809315763,0.023137083577988587,598185.6,880893.5,0.46932377872196507,0.7890772267022064,23.806364100486576,1229.6175572772545,79048607.0,18.181818181818183,29.166666666666668,-0.0015552099533436836,-0.0031007751937984773,-0.0030911901081916993,-0.008820946243232227,0.0015923566878980893,31450.0
2023-04-19,31250.0,31750.0,31200.0,31450.0,389559,0.0015923566878981443,0.0015910902322419035,32100.0,32053.571428571428,32152.380952380954,0.015904844000673945,550.0,-200.0,44.40646932345124,-307.44123497414694,-309.0665971706241,1.6253621964771696,34020.67577750194,30384.324222498057,0.11292140532579416,0.2930618124739604,31650.0,31870.0,32025.0,32202.5,0.9868214621901474,0.9766322490489869,-332.5,0.0015923566878981443,0.0015923566878981443,0.017488076311605722,0.0064,0.009264075536638766,0.02269565438695253,520158.0,869544.05,-0.43955844757464113,0.448003755531419,23.228924871283382,1181.073446043165,79438166.0,21.25,24.50757575757576,-0.02180685358255452,-0.0015552099533436836,-0.0031007751937984773,-0.007256568949333353,-0.02384737678855326,30700.0
2023-04-20,31500.0,31500.0,30550.0,30700.0,534960,-0.02384737678855331,-0.024136328553298114,31771.428571428572,31889.285714285714,32130.95238095238,0.011128052990957092,950.0,800.0,40.5329459669644,-388.18891463497494,-324.8910606634943,-63.29785397148066,34007.5804075608,30407.419592439197,0.11178020073341942,0.08126870509003088,31183.333333333332,31560.0,32005.0,32207.5,0.9727503168567807,0.953194131801599,-647.5,-0.02384737678855331,0.02384737678855331,0.030944625407166124,-0.025396825396825397,0.012084280840065879,0.023454025125381233,516328.0,859442.15,0.3732451310327831,0.622450271958386,23.52196519036404,1164.5681998972248,78903206.0,5.2631578947368425,14.898325358851674,0.0015923566878981443,-0.02180685358255452,-0.0015552099533436836,-0.014687291227736562,-0.008143322475570033,30450.0
2023-04-21,30750.0,31200.0,30300.0,30450.0,376354,-0.008143322475570036,-0.008176660437245444,31500.0,31696.428571428572,32123.809523809523,0.010298437183748848,900.0,300.0,39.302277478425864,-466.97198086912977,-353.3072447046214,-113.66473616450838,34089.55432203098,30160.445677969023,0.12230688386185073,0.07369465908472131,30866.666666666668,31220.0,31800.0,32125.0,0.9753363228699552,0.9478599221789883,-905.0,-0.008143322475570036,0.008143322475570036,0.029556650246305417,-0.00975609756097561,0.011591677710319938,0.014637377189217506,493807.2,801050.6,-0.2964819799611186,0.4698255016599451,23.162126742035912,1145.6704713331374,78526852.0,4.838709677419355,10.450622524052067,-0.02384737678855331,0.0015923566878981443,-0.02180685358255452,-0.010132780858741733,-0.011494252873563218,30100.0
2023-04-24,30300.0,30450.0,29900.0,30100.0,357236,-0.011494252873563204,-0.011560822401075971,31192.85714285714,31635.714285714286,32028.571428571428,0.010031529368312779,550.0,200.0,37.58189767448305,-551.2952153161787,-392.90483882693286,-158.3903764892458,34185.4597168792,29859.540283120798,0.13508999715070358,0.055585805644625355,30416.666666666668,30820.0,31595.0,32022.5,0.9766385463984426,0.9399640877508002,-1202.5,-0.011494252873563204,0.011494252873563204,0.018272425249169437,-0.006600660066006601,0.010412485670403406,0.014663207424008243,470640.4,781804.8,-0.05079791898053432,0.4569375885131429,23.098432357610672,1103.1225805236274,78169616.0,5.714285714285714,5.272051095480637,-0.008143322475570036,-0.02384737678855331,0.0015923566878981443,-0.014494984045895517,-0.013289036544850499,29700.0
2023-04-25,30050.0,30200.0,29100.0,29700.0,604905,-0.013289036544850474,-0.013378125946176087,30842.85714285714,31514.285714285714,31911.904761904763,0.009622450396401055,1100.0,350.0,35.66069555028059,-642.986692842318,-442.9212096300099,-200.0654832123081,34194.56811129073,29515.431888709267,0.1468885959058693,0.039444910879065515,30083.333333333332,30480.0,31265.0,31855.0,0.9744094488188977,0.9323497096217235,-1375.0,-0.013289036544850474,0.013289036544850474,0.037037037037037035,-0.011647254575707155,0.009182327046442068,0.00907220424911741,452602.8,763341.2,0.6932923893448588,0.7924437983957895,23.61172902473636,1102.8995390576542,77564711.0,13.953488372093023,8.16882792126603,-0.011494252873563204,-0.008143322475570036,-0.02384737678855331,-0.010975537297994572,-0.006734006734006734,29500.0
2023-04-26,29400.0,30100.0,29100.0,29500.0,430838,-0.006734006734006703,-0.0067567824628797625,30471.428571428572,31414.285714285714,31742.85714285714,0.008917619623337914,1000.0,-100.0,34.70538214716828,-723.4516773104624,-499.02730316610047,-224.42437414436193,34143.097354799414,29196.902645200586,0.1561791824944373,0.06127889672665106,29766.666666666668,30090.0,30980.0,31670.0,0.9803921568627451,0.9314808967477107,-1580.0,-0.006734006734006703,0.006734006734006703,0.03389830508474576,0.003401360544217687,0.006753169114871963,0.008511871868471316,460858.6,749597.05,-0.28775923492118594,0.5747594657689754,23.26563297076601,1095.5495719821074,77133873.0,9.30232558139535,9.656699889258029,-0.013289036544850474,-0.011494252873563204,-0.008143322475570036,-0.010505765384140128,0.020338983050847456,30100.0
2023-04-27,29350.0,30100.0,29000.0,30100.0,415234,0.02033898305084736,0.020134908409055807,30285.714285714286,31242.85714285714,31595.238095238095,0.0139058928858447,1100.0,-750.0,39.90642068497643,-730.38633263667,-545.2991090602144,-185.08722357645559,33725.670603813705,29204.329396186295,0.14369430184736726,0.198098432010114,29766.666666666668,29970.0,30765.0,31465.0,1.0043376710043377,0.9566184649610678,-1495.0,0.02033898305084736,0.02033898305084736,0.036544850498338874,0.02555366269165247,0.013778479599669482,0.012604757338911567,436913.4,687948.45,-0.03621778951717347,0.6035830155587967,23.248877946544763,1095.8674596976712,77549107.0,25.0,16.085271317829456,-0.006734006734006703,-0.013289036544850474,-0.011494252873563204,0.00010531325733006043,-0.02159468438538206,29450.0
2023-04-28,30100.0,30100.0,29250.0,29450.0,470337,-0.021594684385382035,-0.021831261657234306,30000.0,31050.0,31369.04761904762,0.014565844586886202,850.0,650.0,36.51321953669582,-779.3478280331365,-592.1088528547989,-187.23897517833757,33597.63214477351,28977.36785522649,0.14767125176338858,0.1022954781705459,29683.333333333332,29770.0,30495.0,31287.5,0.9892509237487404,0.9412704754294846,-1517.5,-0.021594684385382035,0.021594684385382035,0.028862478777589132,-0.02159468438538206,0.015962878347093,0.013336537286450848,455710.0,662509.35,0.13270348767201146,0.709932622082994,23.35165392717782,1078.3054982906947,77078770.0,10.227272727272727,14.843199436222692,0.02033898305084736,-0.006734006734006703,-0.013289036544850474,-0.0026632360228471263,0.006791171477079796,29650.0
2023-05-02,29600.0,30100.0,29250.0,29650.0,285156,0.00679117147707986,0.0067682153461388105,29850.0,30810.714285714286,31209.52380952381,0.014023522139333668,850.0,-50.0,38.25295933815386,-792.8721013148897,-632.261502546817,-160.6105987680727,33357.93396344907,28867.066036550932,0.14434288234304976,0.17433912023100714,29733.333333333332,29680.0,30250.0,31112.5,0.998989218328841,0.9529931699477702,-1432.5,0.00679117147707986,0.00679117147707986,0.02866779089376054,0.0016891891891891893,0.01662898087065203,0.014071059043504447,441294.0,643278.2,-0.3937198221700611,0.4432856577449695,22.858009082464537,1061.9979626985023,77363926.0,14.772727272727273,16.666666666666668,-0.021594684385382035,0.02033898305084736,-0.006734006734006703,0.0018451567141817282,-0.0016863406408094434,29600.0
2023-05-03,29300.0,29900.0,29050.0,29600.0,267966,-0.001686340640809414,-0.0016877641137197409,29728.571428571428,30614.285714285714,31040.47619047619,0.013990769876085295,850.0,-300.0,37.97280435014404,-798.4210664066923,-665.4934153187921,-132.92765108790013,33389.96100293016,28700.038997069838,0.15106851363698903,0.1918925307938191,29566.666666666668,29660.0,30070.0,31045.0,0.9979770734996628,0.9534546625865679,-1385.0,-0.001686340640809414,0.001686340640809414,0.028716216216216218,0.010238907849829351,0.015593674385784302,0.013264012712843488,373906.2,563999.85,-0.06028279257669489,0.47511714763753926,22.79414502621145,1046.8552510771808,77095960.0,16.666666666666668,13.888888888888891,0.00679117147707986,-0.021594684385382035,0.02033898305084736,-0.0054966178497038625,-0.006756756756756757,29400.0
2023-05-04,29600.0,29600.0,29000.0,29400.0,333956,-0.006756756756756799,-0.006779686985378804,29628.571428571428,30410.714285714286,30966.666666666668,0.013675833729772921,600.0,200.0,36.81145993194969,-809.6241465622988,-694.3195615674936,-115.30458499480528,33394.46825593682,28495.531744063177,0.15831108456531415,0.18462542916093033,29550.0,29640.0,29865.0,30945.0,0.9919028340080972,0.9500727096461464,-1305.0,-0.006756756756756799,0.006756756756756799,0.02040816326530612,-0.006756756756756757,0.015595923206514737,0.013006805556927415,354529.8,555789.75,0.24626258555189828,0.6008675043035608,23.007514480182497,1014.9370188573822,76762004.0,11.11111111111111,14.183501683501683,-0.001686340640809414,0.00679117147707986,-0.021594684385382035,-0.0005506419734954507,0.07482993197278912,31600.0
2023-05-08,30050.0,32000.0,29750.0,31600.0,1903198,0.0748299319727892,0.07216244624823058,29900.0,30371.428571428572,30976.190476190477,0.030769008712807747,2250.0,-1550.0,53.616207382564596,-633.6764270652711,-682.1909346670492,48.514507601778064,33446.70459904453,28513.29540095547,0.15924497088731643,0.6256737430659822,30200.0,29940.0,29955.0,30980.0,1.0554442217768871,1.0200129115558425,-1040.0,0.0748299319727892,0.0748299319727892,0.07120253164556962,0.051580698835274545,0.037510994436884264,0.02766955027355707,652122.6,625337.45,4.698948364455197,3.0434735677513,24.819958586700256,1128.1558032247121,78665202.0,78.78787878787878,35.521885521885515,-0.006756756756756799,-0.001686340640809414,0.00679117147707986,0.022128944858407662,-0.04746835443037975,30100.0
2023-05-09,31100.0,31300.0,29500.0,30100.0,1192929,-0.04746835443037978,-0.04863194883803642,29985.714285714286,30228.571428571428,30938.095238095237,0.03761916333116129,1800.0,1000.0,44.856791665427636,-608.2623855554593,-667.4052248447313,59.14283928927193,33247.59954325415,28472.400456745847,0.15473749470214862,0.34084433209344517,30366.666666666668,30070.0,29920.0,30860.0,1.000997672098437,0.9753726506804925,-790.0,-0.04746835443037978,0.04746835443037978,0.059800664451827246,-0.03215434083601286,0.04420176373951105,0.03193127974591996,796641.0,622122.35,-0.3731976389214364,1.9175150997227475,24.304202636243172,1197.5732458515185,77472273.0,36.666666666666664,42.18855218855219,0.0748299319727892,-0.006756756756756799,-0.001686340640809414,0.0068682735952175404,0.024916943521594685,30850.0
2023-05-10,30200.0,31000.0,29850.0,30850.0,504996,0.024916943521594792,0.02461157859656688,30092.85714285714,30189.285714285714,30859.52380952381,0.03799760408335928,1150.0,-650.0,49.315498472932624,-521.5902745656567,-638.2422347889164,116.65196022325972,33104.226345724805,28485.773654275195,0.1499741091556944,0.5119087503271008,30850.0,30310.0,29995.0,30795.0,1.0178159023424613,1.0017860042214646,-485.0,0.024916943521594792,0.024916943521594792,0.03727714748784441,0.02152317880794702,0.045104894686891696,0.03263272950352785,840609.0,606783.4,-0.5766755607416703,0.8322508493145989,23.46919781683177,1194.1751568621244,77977269.0,61.666666666666664,59.040404040404034,-0.04746835443037978,0.0748299319727892,-0.006756756756756799,0.017426173688001406,-0.01620745542949757,30350.0
2023-05-11,31050.0,31100.0,30250.0,30350.0,496335,-0.01620745542949753,-0.016340232845889514,30221.428571428572,30110.714285714286,30773.809523809523,0.03743970068524131,850.0,700.0,46.609751999016595,-487.6267656754608,-608.1191409662254,120.49237529076458,32730.520920183317,28594.479079816683,0.1348892569218633,0.4244446714851659,30433.333333333332,30460.0,30060.0,30662.5,0.9963887065003283,0.9898083978801467,-202.5,-0.01620745542949753,0.01620745542949753,0.02800658978583196,-0.02254428341384863,0.046395277502704585,0.03280653149776748,886282.8,577744.35,-0.01715063089608626,0.8590910495273558,23.435558177504788,1169.5912170862584,77480934.0,45.0,47.77777777777777,0.024916943521594792,-0.04746835443037978,0.0748299319727892,-0.01291962211276084,0.0,30350.0
2023-05-12,30250.0,30650.0,29950.0,30350.0,240395,0.0,0.0,30321.428571428572,30085.714285714286,30647.619047619046,0.03745273904977401,700.0,-100.0,46.609751999016595,-455.4601787594984,-577.58734852488,122.12716976538161,32474.477482800703,28650.522517199297,0.1251191808785736,0.44442926187375237,30516.666666666668,30650.0,30145.0,30562.5,0.9902120717781403,0.9930470347648261,87.5,0.0,0.0,0.023064250411861616,0.003305785123966942,0.04603280005098574,0.03266146192333941,867570.6,550779.25,-0.5156597862330885,0.43646342886011047,22.710590479382716,1136.0489872943829,77480934.0,45.0,50.55555555555555,-0.01620745542949753,0.024916943521594792,-0.04746835443037978,0.002903162697365754,-0.0032948929159802307,30250.0
2023-05-15,30050.0,30350.0,29600.0,30250.0,304593,-0.0032948929159802853,-0.003300333028656854,30414.285714285714,30071.428571428572,30547.619047619046,0.03749370855881631,750.0,-200.0,46.024035134460064,-433.04521546340766,-548.6789219125856,115.63370644917791,32204.511843575685,28720.488156424315,0.11437090478954025,0.43900730331321436,30316.666666666668,30380.0,30160.0,30462.5,0.9957208689927584,0.9930242100943784,-82.5,-0.0032948929159802853,0.0032948929159802853,0.024793388429752067,0.0066555740432612314,0.026428833421711633,0.03214381234917399,547849.6,538303.4,0.26705214334740734,0.5658388930852006,22.943983201788015,1108.4740596304985,77176341.0,41.666666666666664,43.888888888888886,0.0,-0.01620745542949753,0.024916943521594792,-0.006500782781825938,-0.009917355371900827,29950.0
2023-05-16,30850.0,31150.0,29950.0,29950.0,437011,-0.00991735537190086,-0.009966859915392147,30492.85714285714,30060.714285714286,30438.095238095237,0.03765273877079764,1200.0,900.0,44.22839996421086,-434.48027025463307,-525.8391915809951,91.35892132636206,31914.373032106363,28790.626967893637,0.10291561038506634,0.3711482970362888,30183.333333333332,30350.0,30210.0,30352.5,0.9868204283360791,0.9867391483403344,-2.5,-0.00991735537190086,0.00991735537190086,0.04006677796327212,-0.029173419773095625,0.015721728379711433,0.031438040698244275,396666.0,535706.05,0.4347375021750335,0.8157664077155745,23.29499824900564,1115.0116267997487,76739330.0,31.666666666666668,39.444444444444436,-0.0032948929159802853,0.0,-0.01620745542949753,-0.0044040827626270485,0.02003338898163606,30550.0
2023-05-17,30000.0,30550.0,29950.0,30550.0,244834,0.02003338898163598,0.019835361056145896,30342.85714285714,30121.428571428572,30361.904761904763,0.024421093461808346,600.0,-550.0,48.55173436430868,-382.7900109571092,-497.229355456218,114.43934449910881,31608.969146648677,28941.030853351323,0.08812347789586633,0.6030758472528698,30250.0,30290.0,30300.0,30275.0,1.0085836909871244,1.0090834021469859,15.0,0.02003338898163598,0.02003338898163598,0.019639934533551555,0.018333333333333333,0.013744162048169284,0.031931644708906824,344633.6,524294.25,-0.43975323275615485,0.46697822835173186,22.735455673598466,1078.2250820283382,76984164.0,51.666666666666664,41.666666666666664,-0.00991735537190086,-0.0032948929159802853,0.0,0.002273713564584945,0.008183306055646482,30800.0
2023-05-18,30850.0,30950.0,30400.0,30800.0,315918,0.008183306055646433,0.008150004361924408,30442.85714285714,30214.285714285714,30300.0,0.015095943497310353,550.0,50.0,50.281153308395226,-317.98664528574955,-461.38081342212433,143.3941681363748,31496.903813355802,28993.096186644198,0.08278418339267994,0.7216623969345894,30433.333333333332,30380.0,30420.0,30245.0,1.0138248847926268,1.018350140519094,135.0,0.008183306055646433,0.008183306055646433,0.017857142857142856,-0.0016207455429497568,0.011537837151510888,0.03190794233792693,308550.2,505335.5,0.2903354926194892,0.6251648657179241,22.99850793428829,1040.494719026314,77300082.0,60.0,47.77777777777777,0.02003338898163598,-0.00991735537190086,-0.0032948929159802853,0.0060997798884605174,0.14285714285714285,35200.0
2023-05-19,31300.0,35450.0,31300.0,35200.0,5312072,0.1428571428571428,0.13353139262452257,31064.285714285714,30578.571428571428,30480.95238095238,0.051932658442626206,4150.0,-3900.0,69.63044992174525,87.4061528360944,-351.62342017048064,439.02957300657505,32938.97057370363,27926.029426296376,0.16472327766063424,1.4510384941314944,32183.333333333332,31350.0,31000.0,30432.5,1.1228070175438596,1.1566581779347738,917.5,0.1428571428571428,0.1428571428571428,0.11789772727272728,0.12460063897763578,0.06324875571834473,0.05370804646393504,1322885.6,751461.15,15.814717743211848,7.068990858675794,25.954293885854952,1298.3165248101486,82612154.0,96.12403100775194,69.26356589147287,0.008183306055646433,0.02003338898163598,-0.00991735537190086,0.05702461263147507,0.048295454545454544,36900.0
2023-05-22,35250.0,37500.0,35000.0,36900.0,3088653,0.048295454545454586,0.047165468442430136,32000.0,31110.714285714286,30740.47619047619,0.050282565039425194,2500.0,-1650.0,73.86282132393984,539.6380470587828,-173.37112672462797,713.0091737834108,34572.47526445222,26912.52473554778,0.2491648541564428,1.3038563665346112,34300.0,32680.0,31530.0,30742.5,1.1291309669522644,1.2002927543303246,1937.5,0.048295454545454586,0.048295454545454586,0.06775067750677506,0.04680851063829787,0.060276961843674044,0.051264773468293265,1879697.6,879145.8,-0.41855965054690525,3.513243195838506,25.45921246153946,1384.1510587522807,85700807.0,92.94117647058823,83.02173582611339,0.1428571428571428,0.008183306055646433,0.02003338898163598,0.06644530115274794,-0.0013550135501355014,36850.0
2023-05-23,36500.0,37750.0,36400.0,36850.0,1318317,-0.0013550135501354532,-0.0013559324111358441,32928.57142857143,31625.0,31033.333333333332,0.0504104810159916,1350.0,-350.0,73.5382095772163,883.8124593750326,38.06559049530415,845.7468688797285,35760.637929009754,26364.362070990246,0.3024958022702457,1.1159355139686007,36316.666666666664,34060.0,32205.0,31062.5,1.0819142689371697,1.186317907444668,2997.5,-0.0013550135501354532,0.0013550135501354532,0.036635006784260515,0.009589041095890411,0.05853355505371706,0.04671994876118151,2055958.8,926243.95,-0.5731741312475049,1.4232935070723,24.606477378696567,1381.711697412832,84382490.0,89.71428571428571,92.92649773087528,0.048295454545454586,0.1428571428571428,0.008183306055646433,0.06326586128415397,-0.0013568521031207597,36800.0
2023-05-24,36400.0,37450.0,36050.0,36800.0,983202,-0.0013568521031207537,-0.0013577734604603596,33864.28571428572,32139.285714285714,31335.714285714286,0.050216208783499305,1400.0,-400.0,73.19180352478402,1139.404235869246,258.3333195700925,881.0709162991534,36720.585274735444,26074.414725264556,0.3390770140766267,1.007459463935462,36850.0,35310.0,32800.0,31397.5,1.0421976777116964,1.1720678397961621,3912.5,-0.0013568521031207537,0.0013568521031207537,0.03804347826086957,0.01098901098901099,0.06139840257258718,0.047233097918588644,2203632.4,957542.25,-0.2541991038574182,1.0267975120680053,24.311822995590678,1383.018004740487,83399288.0,89.14285714285714,90.59943977591035,-0.0013550135501354532,0.048295454545454586,0.1428571428571428,0.015194529630732792,-0.03125,35650.0
2023-05-25,37750.0,38000.0,35000.0,35650.0,1818892,-0.03125,-0.0317486983145803,34678.57142857143,32585.714285714286,31600.0,0.05352672576429234,3000.0,2100.0,65.54429711926365,1234.9316478134933,453.65298521877264,781.2786625947207,37277.38771777624,26112.61228222376,0.3522566788311242,0.8542390998215621,36433.333333333336,36280.0,33330.0,31695.0,0.9826350606394708,1.1247830888152706,4585.0,-0.03125,0.03125,0.08415147265077139,-0.05562913907284768,0.06851837084831759,0.048686353647697314,2504227.2,1018241.6,0.8499677584056988,1.786306903980352,24.895242508313437,1498.516718687595,81580396.0,72.3529411764706,83.73669467787114,-0.0013568521031207537,-0.0013550135501354532,0.048295454545454586,-0.011320621884418736,0.08555399719495091,38700.0
2023-05-26,36050.0,39150.0,35650.0,38700.0,4021251,0.08555399719495083,0.0820904531754311,35842.857142857145,33092.857142857145,32028.571428571428,0.05756664948788049,3500.0,-2650.0,73.46358784806628,1539.0066099029937,670.7237101556168,868.2828997473769,38446.924649061984,25863.075350938016,0.3913496905030001,1.0201111237859266,37050.0,36980.0,34165.0,32155.0,1.0465116279069768,1.20354532732079,4825.0,0.08555399719495083,0.08555399719495083,0.09043927648578812,0.07350901525658807,0.04646684571894513,0.052677625349705104,2246063.0,1197762.25,1.2108245019495385,3.357303170975709,25.770698485238533,1641.4798102099096,85601647.0,95.33678756476684,85.61086196136485,-0.03125,-0.0013568521031207537,-0.0013550135501354532,0.01764904836394336,0.00904392764857881,39050.0
2023-05-30,39700.0,39700.0,38400.0,39050.0,1676298,0.009043927648578753,0.009003276249958793,37021.42857142857,33732.142857142855,32483.333333333332,0.057504197696790306,1300.0,650.0,74.19650780595241,1787.6236701166708,894.1037021478277,893.5199679688432,39520.93266400099,25684.06733599901,0.42441117484861524,0.9659653647818662,37800.0,37410.0,35045.0,32602.5,1.0438385458433574,1.1977609079058353,4807.5,0.009043927648578753,0.009043927648578753,0.03329065300896287,-0.0163727959697733,0.04372119719847546,0.05206196885031237,1963592.0,1260815.45,-0.5831401720509364,1.3295347863955824,24.904696503797908,1617.088395194916,87277945.0,93.56435643564356,87.08469505896032,0.08555399719495083,-0.03125,-0.0013568521031207537,0.021115974947843192,-0.01792573623559539,38350.0
2023-05-31,38850.0,39700.0,38000.0,38350.0,1105325,-0.017925736235595346,-0.018088348472429735,37471.42857142857,34267.857142857145,32876.19047619047,0.03944175778171073,1700.0,500.0,70.03053466823113,1906.1968805961442,1096.522337837491,809.6745427586532,40251.18874806147,25843.81125193853,0.4359596791322472,0.8680406098491497,38700.0,37710.0,35885.0,33047.5,1.016971625563511,1.1604508661774717,4662.5,-0.017925736235595346,0.017925736235595346,0.04432855280312908,-0.01287001287001287,0.04558690561528545,0.05275014015663051,1920993.6,1292564.85,-0.3406154514292805,0.8551408465114921,24.470159774155928,1623.0106526809934,86172620.0,86.63366336633663,91.84493578891568,0.009043927648578753,0.08555399719495083,-0.03125,0.025557396202644744,0.007822685788787484,38650.0
2023-06-01,37500.0,38900.0,37450.0,38650.0,776178,0.007822685788787531,0.007792247220165822,37721.42857142857,34860.71428571428,33314.28571428572,0.03631520189094107,1450.0,-1150.0,70.78755714493701,2001.304702133093,1277.4788106966116,723.8258914364815,40928.40806946514,26066.591930534858,0.4436694123122706,0.8466938328286212,38683.333333333336,38080.0,36695.0,33497.5,1.014968487394958,1.153817449063363,4582.5,0.007822685788787531,0.007822685788787531,0.037516170763260026,0.030666666666666665,0.04525860323181684,0.05304943027216054,1879588.8,1317115.95,-0.29778300499852983,0.5893011925032113,24.124439208353657,1610.6527489180655,86948798.0,89.60396039603961,89.93399339933994,-0.017925736235595346,0.009043927648578753,0.08555399719495083,-0.0003530409327430206,-0.02457956015523933,37700.0
2023-06-02,39000.0,39200.0,37550.0,37700.0,773061,-0.02457956015523932,-0.024886680579465883,37842.857142857145,35385.71428571428,33697.619047619046,0.03821580650271883,1650.0,1300.0,65.17336873877136,1977.2290101505569,1417.4288505874006,559.8001595631563,41321.92507348465,26483.07492651535,0.4376919149611179,0.7559160556504174,38233.333333333336,38490.0,37385.0,33902.5,0.9794751883606131,1.1120123884669273,4587.5,-0.02457956015523932,0.02457956015523932,0.04376657824933687,-0.03333333333333333,0.0437892432487093,0.0551717626620535,1670422.6,1342370.7,-0.0040158314201124146,0.5758923373401997,24.09552861125119,1613.4632668524896,86175737.0,80.1980198019802,85.47854785478546,0.007822685788787531,-0.017925736235595346,0.009043927648578753,-0.01156087020068238,0.003978779840848806,37850.0
2023-06-05,37900.0,38250.0,37250.0,37850.0,477320,0.003978779840848823,0.00397088542949272,37992.857142857145,35928.57142857143,34090.47619047619,0.03816157751198538,1000.0,50.0,65.6367901750403,1947.7995761454295,1523.5029956990063,424.29658044642315,41626.29764962511,27023.702350374893,0.4254215673488773,0.741395445656225,38066.666666666664,38320.0,37650.0,34325.0,0.9877348643006263,1.102694828841952,3995.0,0.003978779840848823,0.003978779840848823,0.026420079260237782,-0.0013192612137203166,0.015735900401060043,0.03512600249748215,961636.4,1349538.9,-0.3825584268253087,0.3536911755563326,23.61732866340454,1569.6444620773118,86653057.0,81.02564102564102,83.6092070745536,-0.02457956015523932,0.007822685788787531,-0.017925736235595346,-0.004259364841867656,-0.010568031704095112,37450.0
2023-06-07,37800.0,38100.0,37150.0,37450.0,495609,-0.010568031704095149,-0.010624269920229334,38250.0,36464.28571428572,34473.80952380953,0.035611757200096766,950.0,350.0,63.220891677484104,1870.6363492052842,1592.929666400262,277.7066828050222,41927.85854833832,27307.141451661675,0.4223504613757968,0.6937319477061656,37666.666666666664,38000.0,37705.0,34617.5,0.9855263157894737,1.0818227774969307,3382.5,-0.010568031704095149,0.010568031704095149,0.025367156208277702,-0.009259259259259259,0.01390613054387482,0.032417787734343846,725498.6,1279159.45,0.038316014413810384,0.3874489611127057,23.644304577377774,1525.384143357504,86157448.0,76.92307692307692,79.38224591689936,0.003978779840848823,-0.02457956015523932,0.007822685788787531,-0.010389604006161882,0.0,37450.0
2023-06-08,37300.0,37700.0,36500.0,37450.0,739622,0.0,0.0,38071.42857142857,36957.142857142855,34752.380952380954,0.013310124924635243,1200.0,-150.0,63.220891677484104,1788.8630363694974,1632.116340394109,156.74669597538832,42074.80736135,27895.192638649998,0.4053055515992569,0.6738411126258463,37583.333333333336,37820.0,37765.0,34985.0,0.9902168164992068,1.0704587680434472,2835.0,0.0,0.0,0.03204272363150868,0.004021447721179625,0.013075309284193218,0.03240533089995061,652358.0,1256494.1,0.4923498160848572,0.5886394532214675,24.04465651284272,1502.1424188319681,86157448.0,75.80645161290323,77.9183898538737,-0.010568031704095149,0.003978779840848823,-0.02457956015523932,-0.0021964172877487753,0.012016021361815754,37900.0
2023-06-09,37600.0,38300.0,36750.0,37900.0,818706,0.012016021361815676,0.011944402125152102,37907.142857142855,37464.28571428572,35123.80952380953,0.013849914291758214,1550.0,-300.0,64.90621580893534,1740.307158377138,1653.754503990715,86.552654386423,42260.75410254608,28414.245897453922,0.39183610060395213,0.6850647081592469,37600.0,37670.0,37875.0,35337.5,1.0061056543668703,1.0725150336045277,2332.5,0.012016021361815676,0.012016021361815676,0.040897097625329816,0.007978723404255319,0.014165871416239317,0.032523828031535564,660863.6,1272179.6,0.10692488865934213,0.6435459270059039,24.15818671513226,1505.5608174868278,86976154.0,78.57142857142857,77.10031903580291,0.0,-0.010568031704095149,0.003978779840848823,0.00048266321924017586,-0.025065963060686015,36950.0
2023-06-12,38000.0,38100.0,36400.0,36950.0,804805,-0.02506596306068598,-0.025385464694169847,37707.142857142855,37589.28571428572,35414.28571428572,0.01526557307761596,1700.0,1050.0,58.782358977039294,1606.648767831808,1644.3333567589336,-37.68458892712556,42208.405699398296,29126.594300601704,0.3667711894244506,0.5980368819655952,37433.333333333336,37520.0,38005.0,35667.5,0.9848081023454158,1.0359571038059858,1852.5,-0.02506596306068598,0.02506596306068598,0.046008119079837616,-0.02763157894736842,0.014344525714483717,0.03184327059601578,667212.4,1287603.1,-0.01697923308244964,0.6250412102922088,24.115676217441948,1519.4493305234828,86171349.0,41.48936170212766,65.28908062881982,0.012016021361815676,0.0,-0.010568031704095149,-0.0043499805662901014,0.010825439783491205,37350.0
2023-06-13,37400.0,37950.0,37050.0,37350.0,763589,0.010825439783491264,0.01076726418461559,37521.42857142857,37621.42857142857,35747.619047619046,0.015725708933673258,900.0,50.0,60.47338179444155,1515.5300998224266,1618.5727053716323,-103.04260554920575,42092.927210449794,29942.07278955021,0.33735973959601817,0.6096630700889714,37400.0,37420.0,37870.0,36017.5,0.9981293425975414,1.0369959047685153,1402.5,0.010825439783491264,0.010825439783491264,0.024096385542168676,-0.001336898395721925,0.015563024536147932,0.014784256644417697,724466.2,1313762.8,-0.051212405489528545,0.5812228813298717,24.07387315587812,1482.3458069146625,86934938.0,50.0,56.68693009118541,-0.02506596306068598,0.012016021361815676,0.0,-0.0007415006384596801,-0.018741633199464525,36650.0
2023-06-14,37600.0,37650.0,36200.0,36650.0,731533,-0.018741633199464536,-0.018919483246165825,37371.42857142857,37607.142857142855,36047.619047619046,0.014580994511269854,1450.0,950.0,56.13319121360618,1371.029375885475,1569.064039474401,-198.03466358892592,41774.495590639344,30900.50440936066,0.29924984331004295,0.5287382980904028,36983.333333333336,37260.0,37630.0,36337.5,0.9836285560923242,1.0085999312005505,922.5,-0.018741633199464536,0.018741633199464536,0.03956343792633015,-0.02526595744680851,0.01697947636623242,0.01478724898846601,771651.0,1335109.8,-0.04198069904097623,0.5479197291488684,24.012066318558816,1480.0353921350438,86203405.0,35.1063829787234,42.198581560283685,0.010825439783491264,-0.02506596306068598,0.012016021361815676,-0.010994052158886417,0.05320600272851296,38600.0
2023-06-15,37400.0,39200.0,37200.0,38600.0,1472019,0.05320600272851306,0.05183884813812477,37478.57142857143,37735.71428571428,36445.23809523809,0.02583961218147396,2000.0,-1200.0,63.904863622424045,1397.7478471498616,1534.8008010094932,-137.05295385963154,41381.01655648845,32158.98344351155,0.25080318501432963,0.6984378040700039,37533.333333333336,37490.0,37655.0,36770.0,1.0296078954387837,1.0497688332880066,720.0,0.05320600272851306,0.05320600272851306,0.05181347150259067,0.03208556149732621,0.03108103581210619,0.023230626985556092,918130.4,1386860.2,1.0122386823287535,1.0614040261592337,24.763153041266875,1556.4614355539693,87675424.0,76.59574468085107,53.90070921985815,-0.018741633199464536,0.010825439783491264,-0.02506596306068598,0.015096603104179929,-0.02849740932642487,37500.0
2023-06-16,38350.0,38350.0,37300.0,37500.0,744213,-0.02849740932642486,-0.028911343494420035,37485.71428571428,37867.857142857145,36804.76190476191,0.02823664591695444,1050.0,850.0,57.69529281927021,1315.0030842128326,1490.8412576501612,-175.83817343732858,40684.05148198989,33550.94851801011,0.19217627706552914,0.5536232270768445,37583.333333333336,37410.0,37540.0,37117.5,1.0024057738572574,1.0103051121438675,292.5,-0.02849740932642486,0.02849740932642486,0.028,-0.02216427640156454,0.03437307144089509,0.02481163609708493,903231.8,1411829.15,-0.4944270420422563,0.5271268127591784,24.05217877515889,1538.1427615858288,86931211.0,45.67901234567901,52.460380001751155,0.05320600272851306,-0.018741633199464536,0.010825439783491264,0.001988986734207887,0.024,38400.0
2023-06-19,37750.0,38400.0,36900.0,38400.0,802894,0.02400000000000002,0.023716526617316065,37621.42857142857,37846.42857142857,37178.57142857143,0.029599911031231923,1500.0,-650.0,61.0316617267914,1306.983647903624,1454.069735700854,-147.08608779723,39511.52320584552,35483.47679415448,0.10742173242725633,0.7240540221633431,38166.666666666664,37700.0,37610.0,37497.5,1.0185676392572944,1.0240682712180813,202.5,0.02400000000000002,0.02400000000000002,0.0390625,0.017218543046357615,0.0329947573366898,0.024816830016475985,902849.6,1436177.95,0.0788497379110551,0.55904910669322,24.151790717842406,1535.4182786154124,87734105.0,62.857142857142854,61.710633294557645,-0.02849740932642486,0.05320600272851306,-0.018741633199464536,0.016236197800696073,0.00390625,38550.0
2023-06-20,38850.0,38900.0,37600.0,38550.0,855613,0.00390625,0.003898640415657323,37714.28571428572,37810.71428571428,37547.619047619046,0.029376287739144313,1300.0,300.0,61.575570708667314,1297.7720251781357,1422.8101935963105,-125.03816841817479,39414.31565566594,35915.68434433406,0.09288812720912984,0.7529560623131489,38150.0,37940.0,37680.0,37665.0,1.0160780179230364,1.0234966148944644,275.0,0.00390625,0.00390625,0.03372243839169909,-0.007722007722007722,0.03300003710158483,0.024816235479401205,921254.4,1213355.0,0.06566122053471557,0.7051629572548842,24.21928482911265,1518.60268728574,88589718.0,67.14285714285714,58.559670781893,0.02400000000000002,-0.02849740932642486,0.05320600272851306,-0.00019705310880827978,-0.042801556420233464,36900.0
2023-06-21,38200.0,38600.0,36700.0,36900.0,770570,-0.04280155642023342,-0.04374454896285695,37707.142857142855,37707.142857142855,37628.57142857143,0.032883657135289256,1900.0,1300.0,52.838908401221836,1144.1415854339139,1367.0764719638312,-222.93488652991732,39414.31565566594,35915.68434433406,0.09288812720912984,0.28134306478015936,37950.0,37990.0,37625.0,37665.0,0.9713082390102659,0.9796893667861409,325.0,-0.04280155642023342,0.04280155642023342,0.051490514905149054,-0.034031413612565446,0.03888107819185198,0.028470063650926133,929061.8,1097450.85,-0.09939423547795556,0.702145339811801,24.070852609776814,1545.845352479616,87819148.0,23.333333333333332,51.11111111111111,0.00390625,0.02400000000000002,-0.02849740932642486,-0.0049651021400778,-0.02032520325203252,36150.0
2023-06-22,36250.0,36950.0,35700.0,36150.0,726005,-0.020325203252032575,-0.020534602441707864,37535.71428571428,37528.57142857143,37592.857142857145,0.033270764791441934,1250.0,100.0,49.40735537392534,950.9081459142617,1283.8428067539176,-332.93466083965586,39473.45213918717,35786.54786081283,0.09797779108090181,0.09857921761598443,37200.0,37500.0,37495.0,37630.0,0.964,0.9606696784480467,-130.0,-0.020325203252032575,0.020325203252032575,0.034578146611341634,-0.002758620689655172,0.026629183269049138,0.02910014592570218,779859.0,1067835.25,-0.057833811334466745,0.6798848417862212,23.99074440846057,1524.7135415882149,87093143.0,12.857142857142858,34.444444444444436,-0.04280155642023342,0.00390625,0.02400000000000002,-0.019740169890755332,0.0,36150.0
2023-06-23,36500.0,36950.0,35900.0,36150.0,460135,0.0,0.0,37464.28571428572,37417.857142857145,37559.52380952381,0.03268308587249294,1050.0,350.0,49.40735537392534,788.6778654254813,1184.8098184882303,-396.13195306274906,39523.62919717515,35671.37080282485,0.10246049323360058,0.12424638956646937,36400.0,37230.0,37320.0,37597.5,0.9709911361804996,0.9615000997406743,-367.5,0.0,0.0,0.029045643153526972,-0.009589041095890411,0.0254374185403046,0.028649015888073767,723043.4,1041681.9,-0.3662095991074442,0.4417231402407971,23.534707431316857,1490.805431474771,87093143.0,12.857142857142858,16.34920634920634,-0.020325203252032575,-0.04280155642023342,0.00390625,-0.021042253224088665,0.08298755186721991,39150.0
2023-06-26,37200.0,39500.0,37100.0,39150.0,2691039,0.08298755186721984,0.07972347383203834,37542.857142857145,37510.71428571428,37671.42857142857,0.04097973246333892,2400.0,-1950.0,61.12077775488264,891.9028266901078,1126.2284201286059,-234.32559343849812,39586.32846052502,35958.67153947498,0.09603962991726907,0.8797216853685478,37150.0,37380.0,37540.0,37772.5,1.0473515248796148,1.036468330134357,-392.5,0.08298755186721984,0.08298755186721984,0.06130268199233716,0.05241935483870968,0.04752448109729481,0.03861189733444056,1100672.4,1085289.25,4.8483684136177425,2.479559251139731,25.380593623786087,1623.6050435122872,89784182.0,90.78947368421052,38.834586466165405,0.0,-0.020325203252032575,-0.04280155642023342,0.020887449538395757,-0.010217113665389528,38750.0
2023-06-27,38850.0,39500.0,38550.0,38750.0,845841,-0.010217113665389577,-0.010269666637456156,37721.42857142857,37603.57142857143,37819.04761904762,0.03920168099562182,950.0,100.0,59.154224957296584,930.7041174052429,1087.1235595839332,-156.41944217869036,39594.34053986604,35955.65946013396,0.09632511130991607,0.7679542335905378,38016.666666666664,37420.0,37680.0,37775.0,1.035542490646713,1.0258107213765717,-355.0,-0.010217113665389577,0.010217113665389577,0.024516129032258065,-0.002574002574002574,0.0480047138015647,0.03891947099676745,1098718.0,926518.75,-0.6856823702666517,0.9129237805495032,24.212972712474404,1575.4903975471238,88938341.0,80.26315789473684,61.303258145363394,0.08298755186721984,0.0,-0.020325203252032575,0.024256812733943423,-0.025806451612903226,37750.0
2023-06-28,39000.0,39050.0,37350.0,37750.0,847592,-0.02580645161290318,-0.026145280104322245,37628.57142857143,37625.0,37773.80952380953,0.039694023001609735,1700.0,1250.0,54.438508854981706,870.7255945478028,1043.8439665767073,-173.11837202890456,39427.58704674842,35992.41295325158,0.09109451321922143,0.5116442424492326,38550.0,37590.0,37790.0,37710.0,1.0042564511838254,1.0010607265977194,-120.0,-0.02580645161290318,0.02580645161290318,0.045033112582781455,-0.03205128205128205,0.044521020465386765,0.039445810580706106,1114122.4,885083.45,0.002070129019520195,0.9576407738727913,24.188895421625816,1584.3839405794722,88090749.0,53.94736842105263,74.99999999999999,-0.010217113665389577,0.08298755186721984,0.0,0.015654662196309028,0.033112582781456956,39000.0
2023-06-29,38050.0,39300.0,38000.0,39000.0,989776,0.0331125827814569,0.03257617043461267,37692.857142857145,37703.57142857143,37771.42857142857,0.04187699269497313,1300.0,-950.0,58.85404758927189,913.5261752771839,1017.7804083168027,-104.25423303961873,39534.081189311495,35950.918810688505,0.09493707037485567,0.8509469756386696,38500.0,38160.0,37830.0,37742.5,1.0220125786163523,1.033317877724051,417.5,0.0331125827814569,0.0331125827814569,0.03333333333333333,0.024967148488830485,0.04321830592309227,0.037081632114216424,1166876.6,879306.0,0.1677505214773145,1.1256331697952704,24.37655085902095,1581.9279448237958,89080525.0,86.84210526315789,73.68421052631578,-0.02580645161290318,-0.010217113665389577,0.08298755186721984,-0.0009703274989452856,0.07948717948717948,42100.0
2023-06-30,38850.0,43300.0,38100.0,42100.0,4613073,0.07948717948717943,0.07648609455868925,38435.71428571428,38071.42857142857,37950.0,0.04471186409107538,5200.0,-3250.0,67.3142474422459,1183.9422863867949,1051.012783930801,132.92950245599377,40543.40756272492,35286.59243727508,0.1386473724238385,1.2961094122825711,39616.666666666664,39350.0,38290.0,37915.0,1.0698856416772553,1.110378478174865,1435.0,0.07948717948717943,0.07948717948717943,0.12351543942992874,0.08365508365508366,0.04994955698703723,0.04263823630640196,1997464.2,1071150.75,3.660724244677583,4.306651514737771,25.9922078069332,1840.3616630506674,93693598.0,84.21052631578948,75.0,0.0331125827814569,-0.02580645161290318,-0.010217113665389577,0.028931103551911048,-0.013064133016627079,41550.0
2023-07-03,42500.0,42600.0,41100.0,41550.0,1724858,-0.013064133016627122,-0.013150219386878579,39207.142857142855,38371.42857142857,38088.09523809524,0.04370397030172435,1500.0,950.0,64.76969709723832,1338.439897240336,1108.4982065927081,229.94169064762787,41193.678867143004,35021.321132856996,0.1619722557052026,1.0577285290639775,40883.333333333336,39830.0,38605.0,38107.5,1.0431835300025107,1.090336547923637,1722.5,-0.013064133016627122,0.013064133016627122,0.036101083032490974,-0.02235294117647059,0.043442295966092656,0.04312926849098894,1804228.0,1118740.6,-0.6260934955939349,1.5417854684097456,24.995308086516182,1816.0501156899054,91968740.0,76.97368421052632,82.67543859649122,0.07948717948717943,0.0331125827814569,-0.02580645161290318,0.033178543084003066,0.0048134777376654635,41750.0
2023-07-04,41950.0,42250.0,41100.0,41750.0,1226259,0.004813477737665384,0.0048019299954072114,40007.142857142855,38735.71428571428,38280.95238095238,0.04337621993555284,1150.0,200.0,65.28361125890927,1460.1865735815445,1178.8358799904754,281.3506935910691,41787.27515698458,34817.72484301542,0.1819607157227115,0.9946517127640405,41800.0,40430.0,38925.0,38302.5,1.0326490230027208,1.09000717968801,2127.5,0.004813477737665384,0.004813477737665384,0.027544910179640718,-0.004767580452920143,0.041954377551142695,0.04311895210094852,1880311.6,1156187.55,-0.2890666941858402,1.0606056084931894,24.658933359582853,1768.4751074263409,93194999.0,79.60526315789474,80.26315789473684,-0.013064133016627122,0.07948717948717943,0.0331125827814569,0.023745508069405896,-0.010778443113772455,41300.0
2023-07-05,41750.0,42000.0,40700.0,41300.0,1054215,-0.010778443113772407,-0.010836951329877368,40314.28571428572,38928.57142857143,38445.23809523809,0.03560309956259585,1300.0,450.0,63.05486805922661,1503.0344074832828,1243.675585489037,259.3588219942458,42199.89008289259,34790.10991710741,0.1924868207763393,0.878553740764422,41533.333333333336,41140.0,39365.0,38495.0,1.0038891589693728,1.072866606052734,2645.0,-0.010778443113772407,0.010778443113772407,0.031476997578692496,-0.010778443113772455,0.038644459463856085,0.039930564324393576,1921636.2,1184117.85,-0.14029988770724622,0.8902956745394894,24.496924751073198,1735.0125997530308,92140784.0,73.6842105263158,76.75438596491227,0.004813477737665384,-0.013064133016627122,0.07948717948717943,-0.006343032797578048,-0.04600484261501211,39400.0
2023-07-06,40900.0,41300.0,39250.0,39400.0,1333501,-0.04600484261501214,-0.04709668366309898,40407.142857142855,39064.28571428572,38538.09523809524,0.041001823056411146,2050.0,1500.0,54.581989308139065,1367.9090989164542,1268.5222881745206,99.38681074193369,42284.20834794893,34900.79165205107,0.19131739835195596,0.609366711003679,40816.666666666664,41220.0,39690.0,38592.5,0.9558466763706939,1.020923754615534,2627.5,-0.04600484261501214,0.04600484261501214,0.05203045685279188,-0.03667481662591687,0.046644651359278054,0.04295323558487077,1990381.2,1213811.8,0.2649231892925068,1.0986060606759631,24.684839467815245,1757.5116997706714,90807283.0,48.68421052631579,67.32456140350877,-0.010778443113772407,0.004813477737665384,-0.013064133016627122,-0.017323269330373054,0.013959390862944163,39950.0
2023-07-07,39200.0,40400.0,38800.0,39950.0,1025242,0.013959390862944066,0.013862855908395446,40721.42857142857,39175.0,38657.142857142855,0.039108144927937113,1600.0,-750.0,56.408038825936906,1290.3276281143262,1272.8833561624817,17.444271951844485,42419.442734720265,34970.557265279735,0.19250253183720198,0.6684815809222343,40216.666666666664,40790.0,40070.0,38695.0,0.9794067173326796,1.0324331308954646,2095.0,0.013959390862944066,0.013959390862944066,0.04005006257822278,0.01913265306122449,0.022910718987854004,0.042838568359245516,1272815.0,1224138.6,-0.23116518097849192,0.8375211761151882,24.435823191467815,1746.2608640727663,91832525.0,55.921052631578945,59.4298245614035,-0.04600484261501214,-0.010778443113772407,0.004813477737665384,-0.014274631621946829,-0.07759699624530664,36850.0
2023-07-10,39450.0,39800.0,36650.0,36850.0,2169610,-0.07759699624530658,-0.08077305357693801,40414.28571428572,39053.57142857143,38607.142857142855,0.04939423700546921,3150.0,2600.0,45.342479003759266,967.5463888464074,1211.815962699267,-244.2695738528596,42424.56120158997,34955.43879841003,0.19305046273403814,0.25365245062570796,38733.333333333336,39850.0,39840.0,38690.0,0.9247176913425345,0.9524424915998966,1160.0,-0.07759699624530658,0.07759699624530658,0.08548168249660787,-0.06590621039290241,0.03807536461446239,0.0428903571056255,1361765.4,1292378.85,1.116193054908012,1.6787724435447082,25.104668883492124,1857.2422309247117,89662915.0,15.131578947368421,39.912280701754376,0.013959390862944066,-0.04600484261501214,-0.010778443113772407,-0.03654748266579155,0.07462686567164178,39600.0
2023-07-12,39000.0,40900.0,39000.0,39600.0,2268198,0.07462686567164178,0.07197349962508924,40057.142857142855,39246.42857142857,38733.333333333336,0.04811927022343537,1900.0,-600.0,53.96904682743197,923.0021542194445,1154.0532010033025,-231.05104678385806,42502.49644381053,35102.50355618947,0.1907091782132868,0.6077703738518564,38800.0,39420.0,39925.0,38802.5,1.004566210045662,1.0205527994330261,617.5,0.07462686567164178,0.07462686567164178,0.047979797979797977,0.015384615384615385,0.05830636613254571,0.04964895604674668,1570153.2,1367609.3,0.04544042477680321,1.6585131440682657,25.221080638860226,2013.867785858661,91931113.0,51.31578947368421,40.78947368421052,-0.07759699624530658,0.013959390862944066,-0.04600484261501214,0.0036630867630930894,0.016414141414141416,40250.0
2023-07-13,39850.0,40650.0,39250.0,40250.0,1142364,0.016414141414141437,0.016280885604137537,39871.42857142857,39539.28571428572,38871.42857142857,0.04894889006893902,1400.0,-400.0,55.74690497895636,929.4361338795788,1109.1297875785579,-179.693653698979,42590.717959340225,35374.282040659775,0.18511988504278715,0.675640719918118,38900.0,39210.0,40175.0,38982.5,1.0265238459576638,1.0325145898800745,227.5,0.016414141414141437,0.016414141414141437,0.034782608695652174,0.010037641154328732,0.05937590917436512,0.048687015676541205,1587783.0,1388150.85,-0.4963561382207373,0.8229393801113185,24.551475640334342,1970.0200868687566,93073477.0,58.78378378378378,41.74371740161212,0.07462686567164178,-0.07759699624530658,0.013959390862944066,0.004481336946825547,0.007453416149068323,40550.0
2023-07-14,40700.0,42250.0,39800.0,40550.0,2302065,0.007453416149068248,0.007425776696849477,39700.0,39853.57142857143,39057.142857142855,0.049042317297056,2450.0,150.0,56.580442424414834,947.8167602927351,1076.8671821213934,-129.05042182865827,42749.56185538905,35410.43814461095,0.18779743374560146,0.7002963920394453,40133.333333333336,39440.0,40330.0,39080.0,1.0281440162271804,1.0376151484135108,360.0,0.007453416149068248,0.007453416149068248,0.06041923551171394,-0.0036855036855036856,0.05446858131075691,0.04785606893692771,1781495.8,1429653.15,1.0151764236267948,1.6102262286485363,25.259608163735844,2004.3043663781311,95375542.0,58.64661654135338,56.24872993294045,0.016414141414141437,0.07462686567164178,-0.07759699624530658,0.032831474411617156,-0.009864364981504316,40150.0
2023-07-17,40100.0,40850.0,39100.0,40150.0,925234,-0.009864364981504337,-0.00991334016865127,39535.71428571428,39925.0,39130.95238095238,0.04902261759990601,1750.0,-50.0,55.09045954067469,919.5073734621037,1045.3952203895356,-125.88784692743184,42832.891807816566,35592.108192183434,0.18465498541620995,0.6294749366596042,40316.666666666664,39480.0,40135.0,39212.5,1.0169706180344478,1.023908192540644,267.5,-0.009864364981504337,0.009864364981504337,0.043586550435865505,0.0012468827930174563,0.054745776919219294,0.04010228600972233,1761494.2,1438704.2,-0.5980851974205768,0.6431023138738318,24.338179676877093,1986.1397687796932,94450308.0,52.63157894736842,56.68732642416851,0.007453416149068248,0.016414141414141437,0.07462686567164178,0.004667730860568449,-0.0049813200498132005,39950.0
2023-07-18,40750.0,40850.0,38850.0,39950.0,871153,-0.00498132004981322,-0.004993768180487026,39614.28571428572,40010.71428571428,39247.619047619046,0.045300141510718,2000.0,800.0,54.320210663913514,870.8945219741436,1010.4950807064572,-139.60055873231363,42903.512651729696,35676.487348270304,0.1839405778432016,0.5913238811664427,40216.666666666664,40100.0,39975.0,39290.0,0.9962593516209476,1.0167981674726394,810.0,-0.00498132004981322,0.00498132004981322,0.05006257822277847,-0.0196319018404908,0.03397367913527407,0.03998065984138318,1501802.8,1442117.15,-0.05845115938238332,0.6040792178360822,24.272956851792088,1987.1297852954294,93579155.0,49.62406015037594,53.63408521303257,-0.009864364981504337,0.007453416149068248,0.016414141414141437,-0.002464089627416436,0.0025031289111389237,40050.0
2023-07-19,40350.0,43250.0,38900.0,40050.0,3207493,0.0025031289111390187,0.002500001302084649,39628.57142857143,40175.0,39326.19047619047,0.04500601702441102,4350.0,300.0,54.66154196168316,830.8600141476927,974.5680673947044,-143.70805324701166,42976.10859199193,35753.89140800807,0.1834679838431057,0.5948462200110889,40050.0,40190.0,39805.0,39365.0,0.9965165464045782,1.017401244760574,825.0,0.0025031289111390187,0.0025031289111390187,0.10861423220973783,-0.007434944237918215,0.010329535556778862,0.039935884211627984,1689661.8,1559711.15,2.681893995658627,2.0564660321880757,25.578884145588802,2155.906229202899,96786648.0,51.12781954887218,51.127819548872175,-0.00498132004981322,-0.009864364981504337,0.007453416149068248,-0.004114185373392846,-0.011235955056179775,39600.0
2023-07-20,39400.0,40050.0,38550.0,39600.0,929972,-0.011235955056179803,-0.011299555253933394,40021.42857142857,40217.857142857145,39376.19047619047,0.028918015304621843,1500.0,-200.0,52.75132545698832,754.1280206751399,930.4800580507915,-176.35203737565166,42919.9107406019,36080.0892593981,0.17316003749883052,0.5146202646187192,39866.666666666664,40060.0,39635.0,39500.0,0.9885172241637543,1.0025316455696203,560.0,-0.011235955056179803,0.011235955056179803,0.03787878787878788,0.005076142131979695,0.008034009905717081,0.03994550294628411,1647183.4,1567681.25,-0.7100626564110974,0.5932149791292075,24.32949415441904,2109.055784259835,95856676.0,44.3609022556391,48.370927318295735,0.0025031289111390187,-0.00498132004981322,-0.009864364981504337,-0.004571382064951335,-0.03282828282828283,38300.0
2023-07-21,38450.0,39150.0,38050.0,38300.0,931330,-0.03282828282828287,-0.033379222073834605,39835.71428571428,39946.42857142857,39442.857142857145,0.015981011420164712,1100.0,150.0,47.57850904751716,581.7126067502104,860.7265677906753,-279.0139610404649,42703.8943377317,36511.1056622683,0.15635393992207017,0.2888673312589401,39316.666666666664,39610.0,39525.0,39607.5,0.9669275435496086,0.966988575396074,2.5,-0.03282828282828287,0.03282828282828287,0.028720626631853787,-0.0039011703511053317,0.013190739723141023,0.038580640716299436,1373036.4,1577947.5,0.0014602590185510689,0.5902160876708509,24.297574126223235,2069.1232282412752,94925346.0,25.0,40.162907268170414,-0.011235955056179803,0.0025031289111390187,-0.00498132004981322,-0.013853702991107886,0.0195822454308094,39050.0
2023-07-24,37900.0,39200.0,37900.0,39050.0,823372,0.019582245430809442,0.01939298009909471,39664.28571428572,39767.857142857145,39580.95238095238,0.016691679588474673,1300.0,-1150.0,50.58888631393051,499.82916157539876,788.54708654762,-288.7179249722212,42407.282179587,37097.717820413,0.1335655457939499,0.36769159341929747,38983.333333333336,39390.0,39435.0,39752.5,0.9913683676059913,0.9823281554619206,-362.5,0.019582245430809442,0.019582245430809442,0.03329065300896287,0.030343007915567283,0.019190597173542673,0.03888139388303501,1352664.0,1596109.35,-0.11591809562668443,0.5158618988103791,24.193761537694982,2014.18585479547,95748718.0,36.36363636363637,35.241512873091814,-0.03282828282828287,-0.011235955056179803,0.0025031289111390187,-0.008160664151217745,0.011523687580025609,39500.0
2023-07-25,39200.0,40800.0,38850.0,39500.0,1388073,0.011523687580025532,0.011457795621381137,39514.28571428572,39607.142857142855,39740.47619047619,0.01722574317061564,1950.0,-300.0,52.35675037260522,465.87684228943544,724.0130376959831,-258.1361954065477,42412.64620170171,37127.35379829829,0.13289646475744085,0.4489148415277581,38950.0,39300.0,39700.0,39770.0,1.005089058524173,0.9932109630374655,-470.0,0.011523687580025532,0.011523687580025532,0.049367088607594936,0.007653061224489796,0.020643437604340394,0.028298025503518426,1456048.0,1530961.05,0.6858394504549583,0.9066677431146926,24.72748296323328,2009.601150881508,97136791.0,43.18181818181818,34.84848484848484,0.019582245430809442,-0.03282828282828287,-0.011235955056179803,-0.0005741166058159664,-0.027848101265822784,38400.0
2023-07-26,40000.0,40000.0,37950.0,38400.0,1381570,-0.027848101265822822,-0.02824321231339505,39264.28571428572,39400.0,39704.76190476191,0.019554915396319757,2050.0,1600.0,47.84992870447934,346.217596782888,648.4539495133641,-302.23635273047614,42428.0176577332,37076.9823422668,0.13460877467999258,0.2472451740150562,38983.333333333336,38970.0,39580.0,39752.5,0.985373364126251,0.965976982579712,-782.5,-0.027848101265822822,0.027848101265822822,0.053385416666666664,-0.04,0.023252347939190385,0.01783673356983683,1090863.4,1557747.5,-0.004684912104766847,0.8869024023469786,24.694543830218688,2012.4867829614002,95755221.0,26.515151515151516,35.35353535353534,0.011523687580025532,0.019582245430809442,-0.03282828282828287,0.0010859439150040506,0.028645833333333332,39500.0
2023-07-27,38500.0,40350.0,38200.0,39500.0,1254503,0.02864583333333326,0.02824321231339494,39200.0,39407.142857142855,39740.47619047619,0.023567270105404173,2150.0,-1000.0,52.274142576936164,336.27126373037026,586.0174123567654,-249.7461486263951,42349.05727735592,37330.94272264408,0.12595669063031717,0.43224546863308416,39133.333333333336,38950.0,39505.0,39840.0,1.0141206675224648,0.9914658634538153,-890.0,0.02864583333333326,0.02864583333333326,0.05443037974683544,0.025974025974025976,0.028239535198388795,0.019638884626878846,1155769.6,1578093.05,-0.09197290039592643,0.794948688228492,24.62630598708614,2022.3091556070144,97009724.0,43.18181818181818,37.626262626262616,-0.027848101265822822,0.011523687580025532,0.019582245430809442,0.00410713988251199,0.04050632911392405,41100.0
2023-07-28,39600.0,41450.0,39600.0,41100.0,1880730,0.040506329113924044,0.03970744959511273,39350.0,39489.28571428572,39900.0,0.02835954523105374,1850.0,-1500.0,57.87248011701737,452.2817291310421,559.2702757116208,-106.98854658057871,42481.65756044197,37408.34243955803,0.12700751335295885,0.7276617896738811,39666.666666666664,39510.0,39560.0,39945.0,1.0402429764616552,1.028914757791964,-435.0,0.040506329113924044,0.040506329113924044,0.045012165450121655,0.03787878787878788,0.026002314654313755,0.02371085175713416,1345649.6,1622640.75,0.4991833419290348,1.1590550773484518,25.070933957807625,2017.144215920799,98890454.0,67.42424242424242,45.70707070707069,0.02864583333333326,-0.027848101265822822,0.011523687580025532,0.013768020393811494,0.030413625304136254,42350.0
2023-07-31,42050.0,44900.0,41500.0,42350.0,3915236,0.03041362530413627,0.029960299595874495,39742.857142857145,39882.142857142855,40059.52380952381,0.02900357814670634,3400.0,-300.0,61.65664589904653,637.7340113779501,574.9630228448867,62.77098853306336,42540.90350781882,37374.09649218118,0.12930756467841167,0.9630519376394286,40983.333333333336,40170.0,39780.0,39957.5,1.0542693552402291,1.0598761183757743,212.5,0.03041362530413627,0.03041362530413627,0.08028335301062574,0.007134363852556481,0.026966747662977894,0.02493631071484778,1964022.4,1587748.9,1.0817639958952108,2.46590377105599,25.834109866647072,2144.491057640742,102805690.0,63.57142857142857,58.05916305916304,0.040506329113924044,0.02864583333333326,-0.027848101265822822,0.03318859591713119,-0.03541912632821724,40850.0
2023-08-01,42150.0,42500.0,40350.0,40850.0,1771338,-0.0354191263282172,-0.03606159979205147,40107.142857142855,39971.42857142857,40000.0,0.02967585730535837,2150.0,1300.0,55.24376121008072,656.1056397893044,591.1915462337703,64.91409355553412,42432.99900680282,37412.00099319718,0.12576862705506017,0.6847242316142544,41433.333333333336,40440.0,39870.0,39922.5,1.0101384767556874,1.0232325129939257,517.5,-0.0354191263282172,0.0354191263282172,0.05263157894736842,-0.03084223013048636,0.03589167462606534,0.028039746548361045,2040675.4,1590072.9,-0.5475782302778172,1.1139979808472933,25.00490785148253,2144.884553523546,101034352.0,42.142857142857146,57.7128427128427,0.03041362530413627,0.040506329113924044,0.02864583333333326,0.011833609363281039,-0.044063647490820076,39050.0
2023-08-02,40350.0,40600.0,38600.0,39050.0,1318837,-0.044063647490820035,-0.04506394502031688,40107.142857142855,39885.71428571428,39880.95238095238,0.03543100899315822,2000.0,1300.0,48.69812712323445,519.4326348148388,576.839763949984,-57.40712913514517,42171.40987996391,37403.59012003609,0.11983210204028454,0.3453171392512613,40750.0,40570.0,39770.0,39787.5,0.9625338920384521,0.981464027646874,782.5,-0.044063647490820035,0.044063647490820035,0.05121638924455826,-0.0322180916976456,0.04031683618575203,0.031684605456705504,2028128.8,1594701.8,-0.2554571741813251,0.8270116707713003,24.664859000881716,2152.3927997004357,99715515.0,16.428571428571427,40.7142857142857,-0.0354191263282172,0.03041362530413627,0.040506329113924044,-0.01635638283830032,-0.011523687580025609,38600.0
2023-08-03,38850.0,39200.0,37900.0,38600.0,1060884,-0.011523687580025643,-0.01159059981490983,39978.57142857143,39746.42857142857,39730.95238095238,0.03525930024569187,1300.0,250.0,47.19267223574016,370.5357490392489,535.578960967837,-165.0432119285881,41980.9227776714,37324.0772223286,0.11744141114287389,0.2739886394144068,39500.0,40390.0,39670.0,39652.5,0.9556820995295865,0.9734569068785071,737.5,-0.011523687580025643,0.011523687580025643,0.03367875647668394,-0.006435006435006435,0.0381247054591175,0.03169398095354379,1989405.0,1595035.25,-0.19559126715431852,0.6651163352032502,24.435620636276433,2091.5075997218332,98654631.0,10.0,22.857142857142847,-0.044063647490820035,-0.0354191263282172,0.03041362530413627,-0.03033548713302096,-0.02072538860103627,37800.0
2023-08-04,38500.0,39350.0,37750.0,37800.0,856940,-0.020725388601036232,-0.020943173845243135,39892.857142857145,39578.57142857143,39564.28571428572,0.03449808375209144,1600.0,700.0,44.55561196100556,185.8383513627632,465.6308390468223,-279.7924876840591,42043.05821520904,37101.94178479096,0.12486237741911897,0.14127540304691374,38483.333333333336,39730.0,39620.0,39572.5,0.9514220991693934,0.9552087939857224,157.5,-0.020725388601036232,0.020725388601036232,0.042328042328042326,-0.01818181818181818,0.02898669746088384,0.030602528066481,1784647.0,1571207.2,-0.1922396793617398,0.5454022868530644,24.201187565098923,2056.399914027417,97797691.0,0.6993006993006993,9.042624042624032,-0.011523687580025643,-0.044063647490820035,-0.0354191263282172,-0.02543757455729397,0.0013227513227513227,37850.0
2023-08-07,37950.0,38800.0,37200.0,37850.0,927144,0.001322751322751392,0.0013218772579158475,39657.142857142855,39428.57142857143,39490.47619047619,0.031937712154370995,1600.0,100.0,44.76336024190431,43.00320103090053,381.10531144363796,-338.10211041273743,42046.62163750621,36888.37836249379,0.1306959720025949,0.18642425070653393,38083.333333333336,38830.0,39500.0,39467.5,0.9747617821272212,0.9590169126496484,-637.5,0.001322751322751392,0.001322751322751392,0.04227212681638045,-0.002635046113306983,0.01818084503721182,0.02977889816352046,1187028.6,1566302.3,0.08192405535976843,0.5919317107559633,24.28125043118393,2023.7999201683156,98724835.0,8.441558441558442,6.380286380286371,-0.020725388601036232,-0.011523687580025643,-0.044063647490820035,-0.010308774952770161,-0.036988110964332896,36450.0
2023-08-08,38150.0,38250.0,36250.0,36450.0,984525,-0.036988110964332854,-0.03768952142879059,38992.857142857145,39171.42857142857,39323.80952380953,0.026345760284573326,2000.0,1700.0,40.21917791431915,-181.07565693317156,268.66911776827607,-449.7447747014476,42116.71533906799,36778.28466093201,0.13533001275457196,-0.061494600328244525,37366.666666666664,37950.0,39195.0,39447.5,0.9604743083003953,0.9240129285759554,-1497.5,-0.036988110964332854,0.036988110964332854,0.05486968449931413,-0.04456094364351245,0.018479677578095773,0.031122409688397353,1029666.0,1507048.05,0.06189006238513106,0.6532804312377432,24.30361130780439,2022.0999258705788,97740310.0,2.3121387283236996,3.8176659563942708,0.001322751322751392,-0.020725388601036232,-0.011523687580025643,-0.018796916080872566,0.01646090534979424,37050.0
2023-08-09,36350.0,37150.0,36150.0,37050.0,496280,0.016460905349794164,0.016326893287428666,38235.71428571428,38989.28571428572,39333.333333333336,0.022506661366413237,1000.0,-700.0,42.894752042971476,-306.70922762372356,153.59344868987614,-460.3026763135997,42194.27794136381,36445.72205863619,0.14619928491168935,0.1051182164166576,37116.666666666664,37550.0,39060.0,39320.0,0.9866844207723036,0.9422685656154629,-1770.0,0.016460905349794164,0.016460905349794164,0.02699055330634278,0.01925722145804677,0.02045528890769109,0.031068405201439126,865154.6,1418452.15,-0.49591935197176307,0.34987433308906474,23.634919193335428,1949.0927883083946,98236590.0,10.285714285714286,7.013137151865467,-0.036988110964332854,0.001322751322751392,-0.020725388601036232,-0.0064014847639290995,-0.022941970310391364,36200.0
2023-08-10,36350.0,36400.0,35250.0,36200.0,864600,-0.022941970310391357,-0.023209232910370515,37571.42857142857,38839.28571428572,39171.42857142857,0.02138882651547283,1150.0,150.0,40.15301603477848,-469.4510938043677,28.984540191027364,-498.43563399539505,42272.82548992469,35962.17451007531,0.16132551875373882,0.03768636400334817,36566.666666666664,37070.0,38730.0,39117.5,0.976530887510116,0.9254170128459129,-2047.5,-0.022941970310391357,0.022941970310391357,0.031767955801104975,-0.0041265474552957355,0.021249318718498812,0.029445175217365276,825897.8,1404563.95,0.7421616829209317,0.6155647096025781,24.16683664906148,1938.4433034292238,97371990.0,9.844559585492227,7.480804199843395,0.016460905349794164,-0.036988110964332854,0.001322751322751392,-0.014489725308310017,0.0013812154696132596,36250.0
2023-08-11,36050.0,36650.0,35850.0,36250.0,432741,0.0013812154696133394,0.0013802624689584903,37171.42857142857,38639.28571428572,38980.95238095238,0.01830986515316027,800.0,-200.0,40.39436450962922,-587.6169309110992,-94.33575402939795,-493.28117688170124,42228.233001911016,35576.766998088984,0.1709778549918908,0.10121573221965896,36500.0,36760.0,38245.0,38902.5,0.986126224156692,0.9318167212904055,-2142.5,0.0013812154696133394,0.0013812154696133394,0.022068965517241378,0.005547850208044383,0.021428443314194252,0.024408746058562015,741058.0,1311097.75,-0.4994899375433727,0.3300600584510194,23.476089335941722,1857.1259246128507,97804731.0,10.362694300518134,10.164322723908207,-0.022941970310391357,0.016460905349794164,-0.036988110964332854,-0.0016999498303279514,-0.009655172413793104,35900.0
2023-08-14,36000.0,36000.0,35000.0,35900.0,417442,-0.0096551724137931,-0.009702085806450591,36785.71428571428,38382.142857142855,38759.52380952381,0.0183072491856886,1000.0,100.0,39.20257486836221,-701.4207413974364,-215.75275150300564,-485.6679898944307,42217.12795046443,35162.87204953557,0.18232762731788232,0.10449407574899182,36116.666666666664,36370.0,37600.0,38690.0,0.9870772614792411,0.9278883432411476,-2320.0,-0.0096551724137931,0.0096551724137931,0.027855153203342618,-0.002777777777777778,0.020767014169465137,0.019411959571210613,639117.6,1285708.15,-0.03535371041800983,0.3246786605498301,23.430393466009882,1813.7597871405042,97387289.0,9.090909090909092,9.766054325639809,0.0013812154696133394,-0.022941970310391357,0.016460905349794164,-0.01040530908485704,-0.012534818941504178,35450.0
2023-08-16,35950.0,36300.0,35150.0,35450.0,531085,-0.012534818941504211,-0.012614042516096716,36450.0,38171.42857142857,38535.71428571428,0.017767417739623915,1150.0,500.0,37.663946269203336,-818.4873081158294,-336.2996628255704,-482.18764529025896,42220.431154727085,34709.568845272915,0.1952648462096495,0.09858137777270654,35866.666666666664,36170.0,37060.0,38465.0,0.9800940005529444,0.9216170544650981,-2295.0,-0.012534818941504211,0.012534818941504211,0.03244005641748942,-0.013908205841446454,0.015005000169814691,0.018208068709485437,548429.6,1268704.75,0.2722366220936081,0.4186040920868311,23.658555894756343,1766.3483737733254,96856204.0,4.545454545454546,7.999685978960581,-0.0096551724137931,0.0013812154696133394,-0.022941970310391357,-0.006936258628561324,0.023977433004231313,36300.0
2023-08-17,34950.0,36350.0,34750.0,36300.0,557003,0.023977433004231274,0.023694488292668552,36228.57142857143,37942.857142857145,38361.90476190476,0.021573712992064197,1600.0,-1350.0,42.27277907376518,-833.0723696972927,-435.6542041999149,-397.41816549737786,42073.96303537219,34481.03696462781,0.19836525558733917,0.2395602193969294,35883.333333333336,36020.0,36785.0,38277.5,1.0077734591893392,0.9483377963555614,-2257.5,0.023977433004231274,0.023977433004231274,0.0440771349862259,0.03862660944206009,0.017855715532348413,0.01840695913861024,560574.2,1136180.25,0.0488019808505229,0.4902417552144565,23.729898925193726,1754.4663470752307,97413207.0,15.270935960591133,9.635766532318248,-0.012534818941504211,-0.0096551724137931,0.0013812154696133394,0.0005958138829779877,-0.005509641873278237,36100.0
2023-08-18,35750.0,37050.0,35250.0,36100.0,713092,-0.0055096418732781816,-0.005524875931969804,36178.57142857143,37585.71428571428,38173.80952380953,0.016527952548692437,1800.0,-350.0,41.49537450242243,-850.960125982514,-518.7153885564347,-332.24473742607927,41964.38868437794,34240.61131562206,0.20271051423806521,0.24073566541411642,35950.0,36000.0,36535.0,38102.5,1.0027777777777778,0.9474443934125057,-2102.5,-0.0055096418732781816,0.0055096418732781816,0.04986149584487535,0.009790209790209791,0.01463240583029385,0.018345333965637707,530272.6,1125336.25,0.28023008852735076,0.6336701585859338,23.97141386769037,1757.7187508555712,96700115.0,13.300492610837438,11.038961038961029,0.023977433004231274,-0.012534818941504211,-0.0096551724137931,0.0019776573964829605,0.004155124653739612,36250.0
2023-08-21,36450.0,36700.0,35800.0,36250.0,523669,0.0041551246537396835,0.004146515961848618,36064.28571428572,37150.0,38014.28571428572,0.014915834905498065,900.0,200.0,42.35166088283553,-843.3113865936393,-583.6345881638757,-259.6767984297636,41947.68419789575,34052.31580210425,0.20777285252082908,0.27835106453895064,36216.666666666664,36000.0,36380.0,38000.0,1.0069444444444444,0.9539473684210527,-2000.0,0.0041551246537396835,0.0041551246537396835,0.02482758620689655,-0.0054869684499314125,0.014771975692644749,0.017886327540063196,548458.2,1104953.2,-0.2656361311022981,0.4739286695581315,23.666809744655882,1696.453125794459,97223784.0,19.35483870967742,15.975422427035321,-0.0055096418732781816,0.023977433004231274,-0.012534818941504211,0.007540971928230926,-0.02482758620689655,35350.0
2023-08-22,37000.0,37150.0,35200.0,35350.0,711865,-0.024827586206896513,-0.02514098895810198,35942.857142857145,36757.142857142855,37873.80952380953,0.015360731598977235,1950.0,1650.0,38.69242261402093,-899.5032701312084,-646.8083245573423,-252.6949455738661,41899.901596444106,33730.098403555894,0.21604662681179987,0.1982791455557002,35900.0,35890.0,36130.0,37815.0,0.9849540261911396,0.934814227158535,-1925.0,-0.024827586206896513,0.024827586206896513,0.055162659123055166,-0.0445945945945946,0.01838898258026322,0.018899209844374876,607342.8,1099377.85,0.35937968449535873,0.6475162292927767,23.948697237039365,1714.5636168091405,96511919.0,10.256410256410257,14.30391385897503,0.0041551246537396835,-0.0055096418732781816,0.023977433004231274,-0.00872736780881167,-0.036775106082036775,34050.0
2023-08-23,35050.0,35400.0,33800.0,34050.0,890707,-0.036775106082036824,-0.03746835974706044,35628.57142857143,36400.0,37635.71428571428,0.019741447058406903,1600.0,1000.0,34.10821050883138,-1036.9812042973135,-724.8429005053366,-312.1383037919769,41873.81498204463,33211.18501795537,0.23074195815646945,0.09683144559122535,35216.666666666664,35610.0,35890.0,37542.5,0.9561920808761584,0.9069720982886063,-1932.5,-0.036775106082036824,0.036775106082036824,0.04698972099853157,-0.028530670470756064,0.02391375847119252,0.01886129769550867,679267.2,1074509.55,0.25123021921291255,0.8289428418760912,24.135356119987023,1706.3805013227734,95621212.0,4.504504504504505,11.371917823530717,-0.024827586206896513,0.0041551246537396835,-0.0055096418732781816,-0.019149189211731216,0.023494860499265784,34850.0
2023-08-24,34650.0,35350.0,34600.0,34850.0,679565,0.023494860499265746,0.02322310461101148,35478.57142857143,36132.142857142855,37414.28571428572,0.02315758379626229,750.0,-200.0,38.9052571410304,-1069.0567230394518,-793.6856650121597,-275.37105802729207,41837.03003473579,32892.96996526421,0.23937000052111823,0.21880779193507957,34750.0,35320.0,35670.0,37365.0,0.9866930917327293,0.9326910210089656,-2045.0,0.023494860499265746,0.023494860499265746,0.021520803443328552,0.005772005772005772,0.023753903630145286,0.019919459699587028,703779.6,1039409.3,-0.23704989407291066,0.6537992300049653,23.888016582801722,1677.353322656861,96300777.0,18.91891891891892,11.226611226611217,-0.036775106082036824,-0.024827586206896513,0.0041551246537396835,-0.012702610596555863,-0.035868005738880916,33600.0
2023-08-25,34000.0,34100.0,33200.0,33600.0,753967,-0.03586800573888094,-0.03652707023737436,35214.28571428572,35832.142857142855,37185.71428571428,0.0261669435737534,900.0,400.0,34.65937378350549,-1181.7192323327108,-871.29237847627,-310.42685385644086,41723.736472759796,32416.263527240204,0.2510783098332774,0.12718129611428203,34166.666666666664,34820.0,35410.0,37070.0,0.9649626651349799,0.9063933099541408,-2250.0,-0.03586800573888094,0.03586800573888094,0.026785714285714284,-0.011764705882352941,0.026690908758363354,0.021502968822505374,711954.6,1014382.5,0.10948474391706453,0.7432768211202382,23.95538522544483,1675.3995138956568,95546810.0,7.142857142857143,10.18876018876018,0.023494860499265746,-0.036775106082036824,-0.024827586206896513,-0.01638275044055067,-0.001488095238095238,33550.0
2023-08-28,33900.0,33950.0,33400.0,33550.0,371094,-0.0014880952380952328,-0.0014892035514677455,34821.42857142857,35525.0,36902.380952380954,0.022630326053877308,550.0,350.0,34.49719715989582,-1260.5092982196438,-949.1357624249447,-311.37353579469914,41192.12279120794,32192.87720879206,0.24526117278506188,0.15080406227158613,34000.0,34280.0,35140.0,36692.5,0.9787047841306884,0.9143557947809497,-2412.5,-0.0014880952380952328,0.0014880952380952328,0.01639344262295082,-0.01032448377581121,0.02583889107279098,0.021394369779002283,681439.6,938900.7,-0.5078113498336134,0.3952430752261661,23.245002821249383,1595.0138343316812,95175716.0,6.930693069306931,10.997489710360988,-0.03586800573888094,0.023494860499265746,-0.036775106082036824,-0.004620413492570141,0.011922503725782414,33950.0
2023-08-29,33650.0,34050.0,33550.0,33950.0,424845,0.011922503725782407,0.011851990587014328,34514.28571428572,35346.42857142857,36561.90476190476,0.0242580971763205,500.0,-300.0,37.03546930485722,-1275.9657965844017,-1014.5017692568362,-261.46402732756553,40060.49697104309,32484.50302895691,0.2088632970455904,0.19343956479452246,33700.0,34000.0,34945.0,36272.5,0.9985294117647059,0.9359707767592529,-2272.5,0.011922503725782407,0.011922503725782407,0.014727540500736377,0.008915304606240713,0.027547862576086407,0.02222519744650289,624035.6,764381.15,0.14484470242041092,0.5558025600186504,23.39212380855901,1516.798560450847,95600561.0,18.9873417721519,11.020297328105315,-0.0014880952380952328,-0.03586800573888094,0.023494860499265746,-0.00847786575039792,0.004418262150220913,34100.0
2023-08-30,34500.0,34900.0,34000.0,34100.0,478711,0.004418262150220897,0.004408530284765956,34207.142857142855,35135.71428571428,36169.04761904762,0.024281543708190235,900.0,400.0,38.005636216738296,-1261.568856025915,-1063.915186610652,-197.65366941526304,39167.90646485888,32702.093535141117,0.1799307897514336,0.21619964574507133,33866.666666666664,34010.0,34810.0,35935.0,1.0026462805057337,0.9489355781271741,-1925.0,0.004418262150220897,0.004418262150220897,0.026392961876832845,-0.011594202898550725,0.022367243120695567,0.02226240729615705,541636.4,699749.8,0.12678977038684702,0.684117380240766,23.515905017350647,1476.3129489900723,96079272.0,22.78481012658228,16.234281656013692,0.011922503725782407,-0.0014880952380952328,-0.03586800573888094,0.004950890212636024,0.0,34100.0
2023-08-31,34100.0,34300.0,33400.0,34100.0,536852,0.0,0.0,34028.57142857143,34985.71428571428,35847.619047619046,0.023289435199838893,900.0,0.0,38.005636216738296,-1235.9123486820681,-1098.3146190249354,-137.59772965713273,38664.05311073945,32710.94688926055,0.16681208326385705,0.23333249215808113,34050.0,33860.0,34590.0,35687.5,1.0070880094506793,0.9555166374781086,-1827.5,0.0,0.0,0.026392961876832845,0.0,0.01845309280825421,0.020146925653679898,513093.8,660650.55,0.12145323587717849,0.8126111451810643,23.630530393616986,1435.1477383479244,96079272.0,22.78481012658228,21.518987341772142,0.004418262150220897,0.011922503725782407,-0.0014880952380952328,0.005446921958667768,0.036656891495601175,35350.0
2023-09-01,34200.0,35600.0,33750.0,35350.0,1011920,0.03665689149560114,0.03600100805311063,34214.28571428572,34921.42857142857,35671.42857142857,0.02284433036392327,1850.0,-1150.0,46.04095100981796,-1102.0115255644487,-1099.054000332838,-2.957525231610589,38168.26353307104,32881.73646692896,0.1488114585824653,0.4668969821187904,34516.666666666664,34210.0,34515.0,35525.0,1.033323589593686,0.9950738916256158,-1315.0,0.03665689149560114,0.03665689149560114,0.05233380480905234,0.033625730994152045,0.015628197743502943,0.024264020605709462,564684.4,658202.35,0.8849142780505614,1.5373995550152624,24.3004137456741,1464.780042751644,97091192.0,54.43037974683544,33.33333333333332,0.0,0.004418262150220897,0.011922503725782407,0.01369171788194068,-0.0014144271570014145,35300.0
2023-09-04,35700.0,35800.0,34800.0,35300.0,491066,-0.0014144271570014633,-0.001415428403330728,34278.57142857143,34878.57142857143,35514.28571428572,0.021489960849570555,1000.0,400.0,45.785315269803185,-988.5335413490538,-1076.9499085360812,88.41636718702739,37817.04473751686,32982.95526248314,0.13655619985970954,0.4793135810753063,34916.666666666664,34560.0,34420.0,35400.0,1.021412037037037,0.9971751412429378,-840.0,-0.0014144271570014633,0.0014144271570014633,0.028328611898016998,-0.011204481792717087,0.0156143324060586,0.02417510389634607,588678.8,639908.65,-0.5147185548264686,0.7674001593821242,23.57597206027417,1431.5814682693838,96600126.0,53.164556962025316,43.45991561181433,0.03665689149560114,0.0,0.004418262150220897,0.011747488112866558,0.00141643059490085,35350.0
2023-09-05,35400.0,35600.0,34900.0,35350.0,373839,0.0014164305949009304,0.0014154284033307597,34528.57142857143,34871.42857142857,35397.619047619046,0.013502720184073417,700.0,50.0,46.10756294473531,-884.3723452674894,-1038.4343958823629,154.06205061487344,37399.419425334105,33150.580574665895,0.12044901064970119,0.5176518815224552,35333.333333333336,34840.0,34420.0,35275.0,1.014638346727899,1.0021261516654856,-435.0,0.0014164305949009304,0.0014164305949009304,0.019801980198019802,-0.0014124293785310734,0.016045163192881854,0.022857015320793816,578477.6,612243.4,-0.23871943893488856,0.6106051939473744,23.304634173829967,1379.325649107285,96973965.0,54.43037974683544,54.00843881856539,-0.0014144271570014633,0.03665689149560114,0.0,0.012219631644500203,-0.024045261669024046,34500.0
2023-09-06,35400.0,35400.0,34350.0,34500.0,410146,-0.0240452616690241,-0.024339068305267744,34664.28571428572,34742.857142857145,35238.09523809524,0.01798607784843596,1050.0,900.0,41.582571112904745,-860.4925210409929,-1002.846020914089,142.3534998730961,37253.2940776078,33101.7059223922,0.11801828314165606,0.33680943902182053,35050.0,34920.0,34465.0,35177.5,0.9879725085910653,0.9807405301684315,-257.5,-0.0240452616690241,0.0240452616690241,0.030434782608695653,-0.025423728813559324,0.021760563146657138,0.020831420465100215,564764.6,583524.45,0.09711934816859658,0.7028771459362158,23.3729830759439,1355.8023884567647,96563819.0,32.91139240506329,46.83544303797467,0.0014164305949009304,-0.0014144271570014633,0.03665689149560114,-0.008014419410374876,0.002898550724637681,34600.0
2023-09-07,34200.0,34800.0,34000.0,34600.0,399088,0.0028985507246377384,0.0028943580263645565,34757.142857142855,34635.71428571428,35150.0,0.017648897405098212,800.0,-400.0,42.30001361323144,-823.999866492697,-967.0767900298106,143.07692353711354,36946.50455291132,33163.49544708868,0.10791639155106658,0.3797253754161775,34816.666666666664,35020.0,34440.0,35055.0,0.9880068532267275,0.9870203965197547,-35.0,0.0028985507246377384,0.0028985507246377384,0.023121387283236993,0.011695906432748537,0.021715116903585994,0.0193840647909951,537211.8,578664.85,-0.026961130914357367,0.6896703679167656,23.3485461840508,1316.10221785271,96962907.0,35.44303797468354,40.92827004219408,-0.0240452616690241,0.0014164305949009304,-0.0014144271570014633,-0.0065767601164951435,-0.011560693641618497,34200.0
2023-09-08,34800.0,34850.0,33800.0,34200.0,399681,-0.011560693641618491,-0.011628037995119099,34771.42857142857,34489.28571428572,35014.28571428572,0.018415723897593664,1050.0,600.0,40.17461190010384,-817.9272754193371,-937.246887107716,119.31961168837893,36802.58733145918,33107.41266854082,0.10571233479955262,0.2956794823323131,34433.333333333336,34790.0,34500.0,34955.0,0.9830411037654498,0.9784008010298956,-165.0,-0.011560693641618491,0.011560693641618491,0.03070175438596491,-0.017241379310344827,0.01129495539468211,0.0156222147112655,414764.0,555418.9,0.001485887824239196,0.7196028078986869,23.338402931041674,1297.0949165775164,96563226.0,25.31645569620253,31.22362869198311,0.0028985507246377384,-0.0240452616690241,0.0014164305949009304,-0.01090246819533495,-0.011695906432748537,33800.0
2023-09-11,34200.0,34250.0,33500.0,33800.0,316566,-0.011695906432748537,-0.01176484157958637,34728.57142857143,34378.57142857143,34900.0,0.018988218934887457,750.0,400.0,38.11231796045395,-835.7572707274448,-916.9489638316618,81.19169310421694,36643.07565722241,33021.92434277759,0.1039589841224381,0.2148696891286088,34200.0,34490.0,34525.0,34832.5,0.9799942012177443,0.9703581425392952,-342.5,-0.011695906432748537,0.011695906432748537,0.022189349112426034,-0.011695906432748537,0.011061780685194403,0.016189955927034563,379864.0,549610.15,-0.20795334279087574,0.5759828125444917,23.093503111197098,1258.0167082505511,96246660.0,23.076923076923077,27.945472249269702,-0.011560693641618491,0.0028985507246377384,-0.0240452616690241,-0.006786016449909764,0.008875739644970414,34100.0
2023-09-12,34050.0,34300.0,33550.0,34100.0,339042,0.008875739644970349,0.008836581800497944,34550.0,34382.142857142855,34797.619047619046,0.011338203462736498,750.0,-50.0,40.57612009221003,-816.2707169577043,-896.8133144568703,80.54259749916605,36508.04002473674,32976.95997526326,0.10163575014675072,0.31804434025906547,34033.333333333336,34240.0,34540.0,34742.5,0.9959112149532711,0.9815068000287832,-502.5,0.008875739644970349,0.008875739644970349,0.021994134897360705,0.0014684287812041115,0.013070550471341627,0.015986016974027975,372904.6,545690.15,0.07099941244479835,0.6213086309144484,23.170931935851797,1221.729800518369,96585702.0,34.61538461538461,27.66958779617006,-0.011695906432748537,-0.011560693641618491,0.0028985507246377384,-0.004793620143132227,-0.01466275659824047,33600.0
2023-09-13,33900.0,34800.0,33500.0,33600.0,440631,-0.014662756598240456,-0.014771317320312543,34307.142857142855,34292.857142857145,34688.09523809524,0.011723594415731424,1300.0,300.0,37.87009722113865,-831.5872834690672,-883.7681082593098,52.18082479024258,36452.92160555847,32847.07839444153,0.10406473913757398,0.2088059744908448,33833.333333333336,34060.0,34490.0,34650.0,0.9864944216089254,0.9696969696969697,-590.0,-0.014662756598240456,0.014662756598240456,0.03869047619047619,-0.008849557522123894,0.010439201932728895,0.016600601933611247,379001.6,541167.45,0.2996354433963935,0.8142230283805872,23.418244415496076,1227.3205290527715,96145071.0,15.384615384615385,24.358974358974347,0.008875739644970349,-0.011695906432748537,-0.011560693641618491,-0.005827641128672882,0.07142857142857142,36000.0
2023-09-14,33900.0,36100.0,33700.0,36000.0,1079340,0.0714285714285714,0.06899287148695142,34400.0,34464.28571428572,34714.28571428572,0.03131361984976813,2400.0,-2100.0,53.797701252679836,-642.6576728045329,-835.5460211683545,192.8883483638216,36384.31565566594,32885.68434433406,0.10101432976272197,0.8901525706863823,34566.666666666664,34340.0,34680.0,34635.0,1.04834012813046,1.0394110004330879,-295.0,0.0714285714285714,0.0714285714285714,0.06666666666666667,0.061946902654867256,0.03642445261934688,0.02841236581721738,515052.0,567284.3,1.4495326021092478,1.9026438771529548,24.38313451864877,1318.2262055490023,97224411.0,96.29629629629629,48.765432098765416,-0.014662756598240456,0.008875739644970349,-0.011695906432748537,0.021880518158433764,-0.005555555555555556,35800.0
2023-09-15,35950.0,36300.0,35500.0,35800.0,530792,-0.005555555555555536,-0.00557104504945536,34585.71428571428,34625.0,34690.47619047619,0.029365170175181702,800.0,150.0,52.58783188918684,-503.26657985876955,-769.0901329064376,265.82355304766804,36320.897595853145,32919.102404146855,0.09826098185171257,0.8468756740196725,35133.333333333336,34660.0,34725.0,34620.0,1.0328909405654934,1.0340843443096477,40.0,-0.005555555555555536,0.005555555555555536,0.0223463687150838,-0.004172461752433936,0.035690174475146226,0.026379929648901734,541274.2,558169.3,-0.5082253970018715,0.9509516198759049,23.667828682177976,1281.210048009788,96693619.0,82.75862068965517,64.8131774568556,0.0714285714285714,-0.014662756598240456,0.008875739644970349,0.017070086424925135,-0.023743016759776536,34950.0
2023-09-18,35100.0,35550.0,34850.0,34950.0,428288,-0.023743016759776525,-0.024029424726835346,34635.71428571428,34696.42857142857,34635.71428571428,0.03142158083081675,700.0,150.0,47.68005181721839,-456.12807023050846,-706.4977203712518,250.36965014074337,36084.32733751254,33025.67266248746,0.08851554550788845,0.6291417443182795,35583.333333333336,34890.0,34690.0,34555.0,1.001719690455718,1.0114310519461727,335.0,-0.023743016759776525,0.023743016759776525,0.020028612303290415,-0.004273504273504274,0.03783599005431534,0.027578218561085804,563618.6,553400.25,-0.1931151938989284,0.7739208646906105,23.429224893195148,1257.5521874376602,96265331.0,53.44827586206897,77.50106428267345,-0.005555555555555536,0.0714285714285714,-0.014662756598240456,0.014043333037746445,-0.004291845493562232,34800.0
2023-09-19,35000.0,35500.0,34650.0,34800.0,297594,-0.0042918454935622075,-0.0043010818993905854,34721.42857142857,34746.42857142857,34566.666666666664,0.031033432295024695,850.0,200.0,46.849133361811674,-425.96396074704535,-650.3909684464106,224.42700769936528,36015.86717314825,33039.13282685175,0.08621343411183818,0.5915432713500387,35183.333333333336,35030.0,34635.0,34527.5,0.9934341992577791,1.0078922597929187,502.5,-0.0042918454935622075,0.0042918454935622075,0.02442528735632184,-0.005714285714285714,0.03815308775869927,0.02758943725097343,555329.0,532686.7,-0.30515447549312613,0.5586660977268627,23.060858086306634,1228.441316906399,95967737.0,48.275862068965516,61.4942528735632,-0.023743016759776525,-0.005555555555555536,0.0714285714285714,-0.01119680593629809,-0.027298850574712645,33850.0
2023-09-20,34700.0,34900.0,33500.0,33850.0,513439,-0.027298850574712596,-0.027678387422144606,34728.57142857143,34728.57142857143,34495.23809523809,0.0327847103298348,1400.0,850.0,41.87217265410713,-473.2602970691514,-614.9648341709589,141.70453710180743,36021.97577860898,33013.02422139102,0.08717176960144755,0.27816193205278417,34533.333333333336,35080.0,34570.0,34517.5,0.9649372862029647,0.9806619830520751,562.5,-0.027298850574712596,0.027298850574712596,0.0413589364844904,-0.024495677233429394,0.04011878505581518,0.02790569376555764,569890.6,513823.3,0.7253002412683052,0.9992520775138068,23.578580787092505,1240.6955085559418,95454298.0,12.5,38.07471264367815,-0.0042918454935622075,-0.023743016759776525,-0.005555555555555536,-0.018444570942683775,-0.03988183161004431,32500.0
2023-09-21,33450.0,33600.0,32300.0,32500.0,608315,-0.03988183161004433,-0.04069891002259221,34500.0,34525.0,34421.42857142857,0.035818343890602865,1300.0,950.0,36.01670628013034,-612.6148591782767,-614.4948391724224,1.8799799941457422,36143.25768847325,32656.74231152675,0.10135219119030522,-0.04495672457467369,33716.666666666664,34380.0,34360.0,34400.0,0.9453170447934846,0.9447674418604651,-20.0,-0.03988183161004433,0.03988183161004433,0.04,-0.028400597907324365,0.015147935474948636,0.03032081863097361,475685.6,510260.8,0.18478533964112587,1.192164869415797,23.7074434872586,1262.7886865162318,94845983.0,5.0,21.92528735632182,-0.027298850574712596,-0.0042918454935622075,-0.023743016759776525,-0.023824175892773043,0.003076923076923077,32600.0
2023-09-22,31650.0,32650.0,31650.0,32600.0,325640,0.003076923076922977,0.003072199036970059,34357.142857142855,34332.142857142855,34314.28571428572,0.03579685248293309,1000.0,-950.0,36.72259392093941,-706.8372100138804,-632.9633133407141,-73.87389667316631,36240.9757993386,32459.0242006614,0.11010048322204373,0.03727593959370332,32983.333333333336,33740.0,34200.0,34350.0,0.966212211025489,0.9490538573508006,-610.0,0.003076923076922977,0.003076923076922977,0.03067484662576687,0.030015797788309637,0.017532119553991803,0.030367173471931547,434655.2,488844.45,-0.46468523708933696,0.6661423690092012,23.085615323136913,1244.0180660507865,95171623.0,20.43010752688172,12.643369175627226,-0.03988183161004433,-0.027298850574712596,-0.0042918454935622075,-0.021367919702611315,0.024539877300613498,33400.0
2023-09-25,32300.0,33550.0,32150.0,33400.0,384668,0.024539877300613577,0.024243611609992853,33985.71428571428,34192.857142857145,34304.76190476191,0.021770986152303034,1400.0,-1100.0,42.21495535153868,-708.7853514376256,-648.1277209600964,-60.65763047752921,36247.969965513425,32437.030034486575,0.11096862287331584,0.25268568461900537,32833.333333333336,33430.0,34160.0,34342.5,0.9991026024528866,0.9725558710053142,-912.5,0.024539877300613577,0.024539877300613577,0.041916167664670656,0.034055727554179564,0.02540283322361591,0.03153595411347602,425931.2,489523.15,0.18126765753592933,0.7858014477966976,23.276447082623196,1255.1596327614448,95556291.0,37.634408602150536,21.02150537634407,0.003076923076922977,-0.03988183161004433,-0.027298850574712596,-0.004088343744169258,-0.0029940119760479044,33300.0
2023-09-26,33300.0,33500.0,32800.0,33300.0,270447,-0.0029940119760478723,-0.0029985029962565574,33628.57142857143,34107.142857142855,34292.857142857145,0.021893540960949462,700.0,0.0,41.72739718754039,-710.2115551008173,-660.5444877882408,-49.66706731257659,36265.182048328315,32354.817951671685,0.11397155630010583,0.24171203114729087,33100.0,33130.0,34080.0,34310.0,1.005131300935708,0.9705625182162635,-1180.0,-0.0029940119760478723,0.0029940119760478723,0.021021021021021023,0.0,0.025466595826111205,0.03135621325276459,420501.8,481803.25,-0.2969339794316137,0.5613224900413187,22.921144100694217,1215.5053732784845,95285844.0,35.483870967741936,31.182795698924718,0.024539877300613577,0.003076923076922977,-0.03988183161004433,0.008207596133829561,0.009009009009009009,33600.0
2023-09-27,33000.0,33750.0,32900.0,33600.0,341837,0.009009009009008917,0.008968669982760316,33435.71428571428,34035.71428571428,34276.19047619047,0.022007319606648108,850.0,-600.0,43.82353784496001,-679.3037482261061,-664.2963398758138,-15.00740835029228,36264.12793129224,32305.872068707762,0.1154515345656841,0.3269439814452161,33433.333333333336,33080.0,34080.0,34285.0,1.0157194679564692,0.9800204170920227,-1205.0,0.009009009009008917,0.009009009009008917,0.025297619047619048,0.01818181818181818,0.023898469049608725,0.031181909166819826,386181.4,474959.55,0.2639703897621346,0.7197181317861701,23.164370640282186,1189.3978466157357,95627681.0,41.935483870967744,38.35125448028672,-0.0029940119760478723,0.024539877300613577,0.003076923076922977,0.010184958111191541,-0.010416666666666666,33250.0
2023-10-04,33300.0,33700.0,32650.0,33250.0,441798,-0.01041666666666663,-0.010471299867295366,33214.28571428572,33967.857142857145,34235.71428571428,0.022068820707539485,1050.0,50.0,41.92858801860606,-675.2671046835094,-666.4904928373529,-8.77661184615647,36274.1638242428,32210.8361757572,0.1186632882670834,0.25574207008142613,33383.333333333336,33230.0,33805.0,34242.5,1.0006018657839302,0.9710155508505512,-1012.5,-0.01041666666666663,0.01041666666666663,0.031578947368421054,-0.0015015015015015015,0.013252526833979685,0.01873089013665531,352878.0,470206.85,0.2924229969254353,0.9395822285447352,23.410418089174716,1179.4408575717546,95185883.0,34.40860215053763,37.27598566308242,0.009009009009008917,-0.0029940119760478723,0.024539877300613577,-0.001467223211235195,-0.015037593984962405,32750.0
2023-10-05,33700.0,34100.0,32750.0,32750.0,393854,-0.015037593984962405,-0.01515180502060222,33057.142857142855,33892.857142857145,34171.42857142857,0.020519642506141023,1350.0,950.0,39.31331750281395,-704.2951804870754,-674.0514303672975,-30.24375011977793,36178.22913086525,32046.77086913475,0.12111273761027479,0.1702132966897493,33200.0,33260.0,33500.0,34112.5,0.9846662657847264,0.9600586295346281,-852.5,-0.015037593984962405,0.015037593984962405,0.04122137404580153,-0.028189910979228485,0.01598252838477712,0.01884678752962,366520.8,439303.55,-0.10852018343224734,0.896541810326823,23.28039380237164,1191.6236534594864,94792029.0,23.655913978494624,33.33333333333332,-0.01041666666666663,0.009009009009008917,-0.0029940119760478723,-0.005481750547540039,0.010687022900763359,33100.0
2023-10-06,32500.0,33200.0,32500.0,33100.0,168580,0.010687022900763399,0.01063032030175633,33142.857142857145,33821.42857142857,34064.28571428572,0.013484820810550127,700.0,-600.0,42.03869855397416,-691.0915910968542,-677.4594625132089,-13.63212858364534,36036.02817588184,31968.971824118165,0.11961050957322764,0.27809503435853944,33033.333333333336,33200.0,33315.0,34002.5,0.9969879518072289,0.9734578339827954,-802.5,0.010687022900763399,0.010687022900763399,0.021148036253776436,0.018461538461538463,0.0114417507762444,0.018938778159220685,323303.2,423179.25,-0.5719733708430028,0.3983654680611112,22.44245425509584,1156.5076782123801,94960609.0,31.182795698924732,29.749103942652315,-0.015037593984962405,-0.01041666666666663,0.009009009009008917,-0.004922412583621878,-0.027190332326283987,32200.0
2023-10-10,33250.0,33650.0,31950.0,32200.0,368668,-0.027190332326283984,-0.027566829832654592,33085.71428571428,33721.42857142857,33916.666666666664,0.017642588911295824,1700.0,1050.0,37.38888539611103,-744.666082701704,-690.9007865509079,-53.765296150796075,35926.47215109631,31763.527848903686,0.12300027484687923,0.10484698314758217,32683.333333333332,32980.0,33055.0,33845.0,0.976349302607641,0.9513960703205792,-865.0,-0.027190332326283984,0.027190332326283984,0.052795031055900624,-0.031578947368421054,0.016218843329815723,0.020153928360477847,342947.4,422920.7,1.1869023608969034,0.8717189771037455,23.197373520643033,1195.3285583400673,94591941.0,11.827956989247312,22.22222222222221,0.010687022900763399,-0.015037593984962405,-0.01041666666666663,-0.010513634470160996,0.03881987577639751,33450.0
2023-10-11,32700.0,34150.0,32700.0,33450.0,388082,0.03881987577639756,0.03808533402387488,33092.857142857145,33539.28571428572,33826.19047619047,0.02141557141475454,1450.0,-750.0,46.27680749167142,-678.439076606337,-688.4084445619937,9.969367955656708,35857.31170289717,31727.688297102835,0.12220532383796207,0.4170626552727701,32916.666666666664,32950.0,33015.0,33792.5,1.015174506828528,0.9898646149293482,-842.5,0.03881987577639756,0.03881987577639756,0.043348281016442454,0.022935779816513763,0.025947911948681786,0.0235199501502003,352196.4,421817.5,0.05265984571484372,0.9200234698655224,23.286779002115807,1249.2336613157768,94980023.0,38.70967741935484,27.240143369175613,-0.027190332326283984,0.010687022900763399,-0.015037593984962405,0.007438855450292325,0.01046337817638266,33800.0
2023-10-12,33800.0,34100.0,33400.0,33800.0,310786,0.010463378176382765,0.010409015914735744,33164.28571428572,33396.42857142857,33792.857142857145,0.0216783541836213,700.0,0.0,48.482019502251106,-590.9000937497767,-668.9067743995504,78.00668064977367,35782.14217743451,31722.857822565493,0.12026618338994191,0.5117015699930025,33150.0,33060.0,33145.0,33752.5,1.0223835450695704,1.0014073031627286,-692.5,0.010463378176382765,0.010463378176382765,0.020710059171597635,0.0,0.02565717590146846,0.019260424892078038,325994.0,417402.4,-0.19917440128632613,0.7445716651365684,23.075075932982333,1210.002685507507,95290809.0,55.12820512820513,35.22194651226908,0.03881987577639756,-0.027190332326283984,0.010687022900763399,0.007364307208832114,-0.0029585798816568047,33700.0
2023-10-13,33450.0,34150.0,33400.0,33700.0,291072,-0.00295857988165682,-0.002962965130657072,33178.57142857143,33307.142857142855,33750.0,0.021519436734038163,750.0,-250.0,47.8773263298412,-523.5587243464906,-639.8371643889385,116.27844004244787,35746.22158607999,31708.778413920012,0.11970775100911658,0.4931887586208948,33650.0,33250.0,33255.0,33727.5,1.0135338345864662,0.9991846416129271,-477.5,-0.00295857988165682,0.00295857988165682,0.02225519287833828,0.007473841554559043,0.02398375546960427,0.01939002754225491,305437.6,411971.95,-0.06343271575939713,0.7065335394800544,23.006579054672496,1177.1453508283996,94999737.0,53.246753246753244,49.02821193143772,0.010463378176382765,0.03881987577639756,-0.027190332326283984,0.015441558023707835,-0.037091988130563795,32450.0
2023-10-16,33150.0,33400.0,31900.0,32450.0,465264,-0.0370919881305638,-0.037797394208217046,33064.28571428572,33139.28571428572,33666.666666666664,0.02586516371536635,1500.0,700.0,40.99439358567463,-564.5470107188812,-624.779133654927,60.23212293604581,35757.26639123158,31562.733608768423,0.12461475883728916,0.2115292542094635,33316.666666666664,33120.0,33160.0,33660.0,0.9797705314009661,0.9640522875816994,-540.0,-0.0370919881305638,0.0370919881305638,0.046224961479198766,-0.021116138763197588,0.03031440489198903,0.02162298460351718,364774.4,419406.85,0.5984498680738786,1.1093381045159372,23.43781598759897,1221.6349686263711,94534473.0,24.615384615384617,44.33011433011432,-0.00295857988165682,0.010463378176382765,0.03881987577639756,-0.009862396611945953,0.040061633281972264,33750.0
2023-10-17,32800.0,33850.0,32500.0,33750.0,393782,0.04006163328197232,0.03927997416843988,33207.142857142855,33132.142857142855,33664.28571428572,0.029672873277018234,1350.0,-950.0,49.177491636896825,-486.523052626384,-597.1279174492184,110.60486482283443,35730.12645378103,31554.87354621897,0.12410649944451389,0.5257469433301398,33300.0,33430.0,33205.0,33642.5,1.0095722405025427,1.0031953630080999,-212.5,0.04006163328197232,0.04006163328197232,0.04,0.028963414634146343,0.032093544118123,0.025491992093218993,369797.2,422143.85,-0.15363750472849824,0.9328147265440442,23.310288432036955,1234.3753280102019,94928255.0,84.0,53.95404595404594,-0.0370919881305638,-0.00295857988165682,0.010463378176382765,3.6884232505659162e-06,0.0014814814814814814,33800.0
2023-10-18,33350.0,34050.0,33000.0,33800.0,335317,0.001481481481481417,0.001480385170434203,33307.142857142855,33225.0,33650.0,0.029548645197810964,1050.0,-450.0,49.46776309590469,-415.86014468922804,-560.8743628972204,145.01421820799237,35741.18505600005,31563.814943999947,0.12413253434366261,0.5353092965299591,33333.333333333336,33500.0,33225.0,33652.5,1.008955223880597,1.0043830324641556,-152.5,0.001481481481481417,0.001481481481481417,0.03106508875739645,0.013493253373313344,0.02771548069978349,0.02536083979026535,359244.2,416878.15,-0.14847047351072418,0.8043525428233645,23.151047713593314,1221.205661723759,95263572.0,86.0,64.87179487179486,0.04006163328197232,-0.0370919881305638,-0.00295857988165682,0.0014837088776299783,-0.034023668639053255,32650.0
2023-10-19,33150.0,33400.0,32450.0,32650.0,287296,-0.03402366863905326,-0.03461594676653304,33371.42857142857,33228.57142857143,33604.76190476191,0.030854817041120086,950.0,500.0,43.33693731403828,-447.4962123203586,-538.1987327818481,90.70252046148948,35300.45992432831,31669.54007567169,0.10843421975979145,0.27003072642626996,33400.0,33270.0,33165.0,33485.0,0.9813645927261797,0.9750634612513066,-215.0,-0.03402366863905326,0.03402366863905326,0.02909647779479326,-0.015082956259426848,0.03137536165686896,0.027534943819669193,354546.2,377275.95,-0.1432107528100275,0.761500965009829,22.96186845695279,1230.405257314919,94976276.0,33.333333333333336,67.77777777777777,0.001481481481481417,0.04006163328197232,-0.0370919881305638,0.002506482041466825,-0.013782542113323124,32200.0
2023-10-20,32300.0,32800.0,31500.0,32200.0,431553,-0.013782542113323082,-0.013878403172077404,33192.857142857145,33142.857142857145,33423.80952380953,0.02669125419009658,1300.0,100.0,41.18591564576148,-503.0800691559125,-531.175000056661,28.094930900748523,34847.34954055921,31762.650459440792,0.09261969917785373,0.14178029333112058,32883.333333333336,32970.0,33110.0,33305.0,0.9766454352441614,0.9668217985287494,-335.0,-0.013782542113323082,0.013782542113323082,0.040372670807453416,-0.0030959752321981426,0.03144272834472688,0.02746905740835441,382642.4,372314.0,0.5021197649810649,1.1591103208582003,23.354867340913888,1235.3763103638535,94544723.0,26.41509433962264,48.582809224318645,-0.03402366863905326,0.001481481481481417,0.04006163328197232,-0.015441576423631642,-0.006211180124223602,32000.0
2023-10-23,32200.0,32950.0,31900.0,32000.0,307659,-0.006211180124223614,-0.006230549750636086,32935.71428571428,33050.0,33242.857142857145,0.025769468413396713,1050.0,200.0,40.23017370947864,-556.8499846919585,-536.3099969837206,-20.53998770823796,34598.36048851666,31716.639511483343,0.08691007998290926,0.09833030011405616,32283.333333333332,32880.0,33000.0,33157.5,0.9732360097323601,0.9650908542562014,-277.5,-0.006211180124223614,0.006211180124223614,0.0328125,-0.006211180124223602,0.027212841587157782,0.0271641395547868,351121.4,366282.55,-0.28708872374887906,0.8399499239043738,23.01023848764661,1222.135145337864,94237064.0,18.867924528301888,26.20545073375261,-0.013782542113323082,-0.03402366863905326,0.001481481481481417,-0.018005796958866654,0.0390625,33250.0
2023-10-24,32400.0,33250.0,31900.0,33250.0,365011,0.0390625,0.0383188643021366,32871.42857142857,33025.0,33161.90476190476,0.031214214938808917,1350.0,-850.0,48.30454923944862,-492.91644290746626,-527.6312861684697,34.714843261003466,34298.454586329506,31861.545413670494,0.07366714548545986,0.5697604990400631,32483.333333333332,32780.0,33105.0,33080.0,1.0143380109823064,1.0051390568319225,-300.0,0.0390625,0.0390625,0.0406015037593985,0.026234567901234566,0.026823098230748122,0.028658672270196927,345367.2,369653.4,0.186414179334913,0.9874412084401225,23.219492815263216,1231.2683492423023,94602075.0,66.0377358490566,37.1069182389937,-0.006211180124223614,-0.013782542113323082,-0.03402366863905326,0.006356259254151102,-0.02556390977443609,32400.0
2023-10-25,33350.0,33350.0,32150.0,32400.0,393662,-0.025563909774436122,-0.02589634430357948,32864.28571428572,32964.28571428572,33047.619047619046,0.02919308658577874,1200.0,950.0,43.95605176042865,-505.01504757309885,-523.1080384493956,18.092990876296767,34205.42583901906,31809.57416098094,0.07258506939447452,0.24643672412247938,32550.0,32500.0,33000.0,33007.5,0.9969230769230769,0.9815950920245399,-507.5,-0.025563909774436122,0.025563909774436122,0.037037037037037035,-0.02848575712143928,0.028448132633210756,0.02704961730146776,357036.2,363664.55,0.07849352485267569,1.0824865937579013,23.26916165393924,1229.034895724995,94208413.0,33.9622641509434,39.62264150943395,0.0390625,-0.006211180124223614,-0.013782542113323082,0.0024291367004467546,-0.06172839506172839,30400.0
2023-10-26,31500.0,31650.0,30400.0,30400.0,661337,-0.06172839506172845,-0.06371581438610774,32385.714285714286,32796.42857142857,32883.333333333336,0.03180508702434703,1250.0,1100.0,35.79158426381123,-668.2830136493285,-552.1430334893822,-116.13998015994628,34565.55837477065,31239.441625229356,0.10109009192436112,-0.25237888157267,32016.666666666668,32050.0,32660.0,32902.5,0.9485179407176287,0.9239419496998709,-852.5,-0.06172839506172845,0.06172839506172845,0.04111842105263158,-0.03492063492063492,0.03635737353848571,0.032236077955642956,431844.4,366315.65,0.6799614898059756,1.8053746816440956,23.724216709942368,1284.1038317446385,93547076.0,0.0,33.33333333333332,-0.025563909774436122,0.0390625,-0.006211180124223614,-0.016076601612054858,0.019736842105263157,31000.0
2023-10-27,30650.0,31500.0,30450.0,31000.0,384662,0.019736842105263053,0.01954459607297013,31985.714285714286,32646.428571428572,32811.90476190476,0.03401496090774893,1050.0,-350.0,39.42652721858417,-740.7205025848452,-589.8585273084748,-150.86197527637046,34688.39191315547,30956.608086844528,0.11369590452619223,0.011627659900752403,31266.666666666668,31810.0,32390.0,32822.5,0.9745363093366866,0.9444740650468428,-1012.5,0.019736842105263053,0.019736842105263053,0.03387096774193549,0.011419249592169658,0.03929705248063836,0.0335643625097634,422466.2,369266.75,-0.4183570554800351,1.0416914060093414,23.201862789143856,1270.953558048593,93931738.0,16.0,16.654088050314453,-0.06172839506172845,-0.025563909774436122,0.0390625,-0.022518487576967172,-0.0016129032258064516,30950.0
2023-10-30,31000.0,31450.0,30700.0,30950.0,373925,-0.001612903225806428,-0.0016142053545411135,31742.85714285714,32557.14285714286,32733.333333333332,0.03267574266885468,750.0,50.0,39.22723206064589,-793.0208656815012,-630.4909949830801,-162.52987069842106,34721.46377397017,30678.536226029828,0.12363692807157016,0.06714534721466091,30783.333333333332,31600.0,32240.0,32700.0,0.9794303797468354,0.9464831804281345,-1100.0,-0.001612903225806428,0.001612903225806428,0.024232633279483037,-0.0016129032258064516,0.039372131343774056,0.0319616109857465,435719.4,368729.6,-0.027912816966583653,1.0140899998264312,23.17193879972668,1233.742589616551,93557813.0,14.666666666666666,10.222222222222207,0.019736842105263053,-0.06172839506172845,-0.025563909774436122,-0.01453481872742394,-0.03231017770597738,29950.0
2023-10-31,31100.0,31350.0,29950.0,29950.0,485936,-0.03231017770597733,-0.0328436745691467,31421.428571428572,32307.14285714286,32569.04761904762,0.03403721870619779,1400.0,1150.0,35.37574457811539,-904.7317385842216,-685.3391437033084,-219.39259488091318,34874.40093727298,30190.599062727026,0.14397300774751257,-0.051368326238254776,30633.333333333332,30940.0,31860.0,32532.5,0.9680025856496445,0.9206178436947667,-1592.5,-0.03231017770597733,0.03231017770597733,0.04674457429048414,-0.03697749196141479,0.03098556620254083,0.028853703810196377,459904.4,379504.05,0.2995547235408169,1.2804501032334175,23.40111681058061,1245.6181189296544,93071877.0,0.0,10.222222222222207,-0.001612903225806428,0.019736842105263053,-0.06172839506172845,-0.004728746275506901,0.01669449081803005,30450.0
2023-11-01,30300.0,31200.0,30300.0,30450.0,436320,0.016694490818029983,0.01655666959444761,31200.0,32067.85714285714,32433.333333333332,0.03555261151503627,900.0,-150.0,38.620761812021144,-942.0581291651688,-736.6829407956806,-205.37518836948823,34835.31662489544,29914.68337510456,0.1519886718082124,0.10879018974197902,30450.0,30550.0,31525.0,32375.0,0.9967266775777414,0.9405405405405406,-1825.0,0.016694490818029983,0.016694490818029983,0.029556650246305417,0.0049504950495049506,0.03472674649320895,0.0299924929683512,468436.0,384228.2,-0.10210398077113036,1.135575160802877,23.309972471292728,1245.931110434679,93508197.0,11.904761904761905,8.857142857142842,-0.03231017770597733,-0.001612903225806428,0.019736842105263053,-0.005742863371251257,0.05582922824302135,32150.0
2023-11-02,31600.0,32350.0,31550.0,32150.0,623129,0.05582922824302128,0.0543264565277223,31042.85714285714,31957.14285714286,32364.285714285714,0.03927982985038779,800.0,-550.0,48.15325589304001,-824.9542114816868,-754.3371949328819,-70.61701654880494,34746.910533341135,29893.089466658865,0.15018010726120887,0.46497604718745844,30850.0,30900.0,31475.0,32320.0,1.0404530744336569,0.994740099009901,-1420.0,0.05582922824302128,0.05582922824302128,0.024883359253499222,0.01740506329113924,0.0322143151656121,0.03502420069024204,460794.4,393294.75,0.4281467730106343,1.584381688288491,23.72067656865109,1292.6503168322022,94131326.0,53.65853658536585,21.85443283004257,0.016694490818029983,-0.03231017770597733,-0.001612903225806428,0.013404513785024644,0.017107309486780714,32700.0
2023-11-03,32350.0,32850.0,31800.0,32700.0,333476,0.01710730948678063,0.01696262721957923,31085.714285714286,31975.0,32338.095238095237,0.0387816355131478,1050.0,-350.0,50.81470858437626,-679.9302963566624,-739.455815217638,59.52551886097558,34742.647852248025,29892.352147751975,0.15008263957595883,0.5788611712158985,31766.666666666668,31240.0,31525.0,32317.5,1.0467349551856595,1.0118356927361336,-1077.5,0.01710730948678063,0.01710730948678063,0.03211009174311927,0.010819165378670788,0.03207079178337483,0.03513246470692706,450557.2,390275.85,-0.4648363340496109,0.8544622989098608,23.112456534707338,1275.3181513441878,94464802.0,67.07317073170732,44.21215640727835,0.05582922824302128,0.016694490818029983,-0.03231017770597733,0.029877009515943964,0.05198776758409786,34400.0
2023-11-06,34000.0,34500.0,32950.0,34400.0,797668,0.051987767584097844,0.05068148647614495,31657.14285714286,32021.428571428572,32416.666666666668,0.02989486885834867,1550.0,-400.0,57.992559000309996,-422.94654181304577,-676.1539605367195,253.20741872367375,34960.80523692151,29804.19476307849,0.15924065386684222,0.891245375277772,33083.333333333336,31930.0,31765.0,32382.5,1.0773567178202317,1.0623021693816104,-452.5,0.051987767584097844,0.051987767584097844,0.04505813953488372,0.011764705882352941,0.03551503039944169,0.03828194858744633,535305.8,421730.25,1.391980232460507,1.8914175589728268,24.035259593160934,1312.7954262481744,95262470.0,97.8021978021978,72.84463503975698,0.01710730948678063,0.05582922824302128,0.016694490818029983,0.04164143510463325,-0.00872093023255814,34100.0
2023-11-07,34200.0,34800.0,33100.0,34100.0,696061,-0.008720930232558155,-0.008759180089881578,32100.0,32042.85714285714,32464.285714285714,0.03146995447940047,1700.0,100.0,56.42758321801778,-240.71771370265924,-589.0667111699075,348.3489974672483,35165.18634604875,29789.81365395125,0.16551066714179055,0.8018395361470073,33733.333333333336,32760.0,31850.0,32477.5,1.040903540903541,1.0499576629974599,282.5,-0.008720930232558155,0.008720930232558155,0.04985337243401759,-0.0029239766081871343,0.02708635652011454,0.03692083757570946,577330.8,438099.9,-0.12738006288330483,1.5888179842086245,23.890245242467973,1340.4528958018761,94566409.0,85.56701030927834,83.4807929477278,0.051987767584097844,0.01710730948678063,0.05582922824302128,0.02012471561277344,0.016129032258064516,34650.0
2023-11-08,34400.0,35350.0,34350.0,34650.0,797487,0.016129032258064502,0.01600034134644112,32628.571428571428,32185.714285714286,32580.95238095238,0.03074507735869077,1000.0,-250.0,58.63167368875834,-51.32797414378001,-481.51896376468204,430.19098962090203,35366.46205626543,29708.537943734573,0.17388933115730643,0.87337015449206,34383.333333333336,33600.0,32075.0,32537.5,1.03125,1.0649250864387245,1062.5,0.016129032258064502,0.016129032258064502,0.02886002886002886,0.007267441860465116,0.027139076263389905,0.03565131053626372,649564.2,458570.15,0.14571424056224958,1.7390730731165123,24.042273817222075,1333.9919746731707,95363896.0,87.03703703703704,90.13541504950437,-0.008720930232558155,0.051987767584097844,0.01710730948678063,0.019798623203201398,0.011544011544011544,35050.0
2023-11-09,35150.0,36250.0,34900.0,35050.0,832637,0.011544011544011523,0.011477887844686839,33357.142857142855,32389.285714285714,32657.14285714286,0.022412663280638546,1350.0,100.0,60.208172467294524,129.5480665264986,-359.30555770644594,488.8536242329445,35596.664812754345,29603.335187245655,0.18384446704014387,0.9087877946129241,34600.0,34180.0,32540.0,32600.0,1.0254534815681686,1.0751533742331287,1580.0,0.011544011544011523,0.011544011544011523,0.03851640513552068,-0.002844950213371266,0.02187687688263866,0.02614852038335822,691465.8,484662.7,0.044075953589212125,1.7179721071995018,24.09688394435904,1352.9925479108012,96196533.0,80.95238095238095,84.51880943289876,0.016129032258064502,-0.008720930232558155,0.051987767584097844,0.00631737118983929,0.018544935805991442,35700.0
2023-11-10,34850.0,36050.0,34300.0,35700.0,679750,0.01854493580599148,0.018375075304994333,34107.142857142855,32653.571428571428,32747.619047619046,0.02234321717464013,1750.0,-850.0,62.695993928491795,321.63558481202926,-223.1173292027509,544.7529140147801,35972.05070093263,29427.949299067368,0.20012542513349432,0.9584281042993787,35133.333333333336,34780.0,33010.0,32700.0,1.0264519838987924,1.091743119266055,2080.0,0.01854493580599148,0.01854493580599148,0.049019607843137254,0.024390243902439025,0.02187807485474184,0.0261254049838132,760720.6,504096.6,-0.18361783105963347,1.3484518641863485,23.912386330303654,1381.3502230600297,96876283.0,91.26984126984127,86.41975308641973,0.011544011544011523,0.016129032258064502,-0.008720930232558155,0.015405993202689169,0.015406162464985995,36250.0
2023-11-13,36350.0,37450.0,36000.0,36250.0,1169400,0.01540616246498594,0.015288692515090336,34692.857142857145,32867.857142857145,32869.04761904762,0.017483997812948033,1450.0,100.0,64.70671322402241,512.3407847814669,-76.02570640590733,588.3664911873743,36522.398076956015,29257.60192304399,0.22088161003077003,0.9625043743575199,35666.666666666664,35150.0,33540.0,32890.0,1.031294452347084,1.1021587108543631,2260.0,0.01540616246498594,0.01540616246498594,0.04,-0.002751031636863824,0.011079023304977417,0.02550469576779293,835067.0,539303.4,0.7203383596910629,2.1683527305780013,24.47019601503012,1407.6823499843133,98045683.0,84.0,85.40740740740739,0.01854493580599148,0.011544011544011523,0.016129032258064502,0.015165036604996315,0.016551724137931035,36850.0
2023-11-14,36500.0,37100.0,36000.0,36850.0,581383,0.016551724137930934,0.01641623733466173,35285.71428571428,33185.71428571428,33078.57142857143,0.01748617609233028,1100.0,-350.0,66.80853386725666,703.7782971816632,79.93509431160678,623.8432028700564,37074.74466998385,29015.255330016156,0.2438943664689875,0.9721142791430569,36266.666666666664,35700.0,34230.0,33045.0,1.0322128851540617,1.1151460130125586,2655.0,0.016551724137930934,0.016551724137930934,0.029850746268656716,0.009589041095890411,0.002566161064044346,0.019033518077197557,812131.4,548683.45,-0.5028364973490679,1.0595963847642935,23.7877759245775,1385.7050392711483,98627066.0,92.0,89.08994708994707,0.01540616246498594,0.01854493580599148,0.011544011544011523,0.016834274136302785,-0.0067842605156037995,36600.0
2023-11-15,37550.0,37600.0,36300.0,36600.0,913642,-0.006784260515603768,-0.006807378228025014,35600.0,33628.57142857143,33214.28571428572,0.01156648471846554,1300.0,950.0,65.06970895371776,825.8016667580887,229.10840880090316,596.6932579571856,37508.996689224114,28861.003310775886,0.26059946899045433,0.8948892940309788,36566.666666666664,36090.0,34845.0,33185.0,1.0141313383208646,1.1029079403344886,2905.0,-0.006784260515603768,0.006784260515603768,0.03551912568306011,-0.02529960053262317,0.010292279224896662,0.020986286046058483,835362.4,577599.7,0.5714976186094192,1.5817909877723275,24.23299760822555,1379.5832507517807,97713424.0,86.9281045751634,87.64270152505446,0.016551724137930934,0.01540616246498594,0.01854493580599148,0.008391208695771035,0.01092896174863388,37000.0
2023-11-16,36600.0,37100.0,35750.0,37000.0,502295,0.010928961748633892,0.010869672236903891,36014.28571428572,34057.142857142855,33366.666666666664,0.008577313523624954,1350.0,-400.0,66.56897356467292,943.9020085429511,372.0671287493128,571.8348797936383,38039.47666929423,28765.52333070577,0.27764249198678115,0.8879143951513085,36816.666666666664,36480.0,35330.0,33402.5,1.0142543859649122,1.1077015193473543,3077.5,0.010928961748633892,0.010928961748633892,0.03648648648648649,0.01092896174863388,0.010288611246075626,0.016497026094302238,769294.0,588349.65,-0.4502277697391319,0.8537355295443789,23.64561606715813,1377.4701614123678,98215719.0,92.15686274509804,90.36165577342047,-0.006784260515603768,0.016551724137930934,0.01540616246498594,0.00689880845698702,-0.010810810810810811,36600.0
2023-11-17,37100.0,37350.0,36150.0,36600.0,416911,-0.010810810810810811,-0.010869672236903879,36292.857142857145,34460.71428571428,33554.76190476191,0.011740463857133848,1200.0,500.0,63.627884003825606,993.7652163966995,496.4067462787902,497.35847011790935,38433.50438140465,28811.495618595345,0.2861776715832941,0.8094468185799771,36733.333333333336,36660.0,35720.0,33622.5,0.9983633387888707,1.0885567700200758,3037.5,-0.010810810810810811,0.010810810810810811,0.03278688524590164,-0.013477088948787063,0.01290074264191501,0.018234253230461326,716726.2,587617.55,-0.16998775619904638,0.7094937855412929,23.44843156820007,1364.7937213114844,97798808.0,86.9281045751634,88.6710239651416,0.010928961748633892,-0.006784260515603768,0.016551724137930934,-0.002222036525926896,0.00819672131147541,36900.0
2023-11-20,36250.0,37050.0,36250.0,36900.0,341077,0.008196721311475308,0.008163310639160835,36557.142857142855,34957.142857142855,33778.57142857143,0.011634783603850937,800.0,-650.0,64.88109250691448,1045.4384964371347,606.2130963104592,439.2254001266756,38827.36788873295,28907.63211126705,0.2928983768351931,0.8057037070371125,36833.333333333336,36790.0,35970.0,33867.5,1.0029899429192715,1.0895401195836716,2922.5,0.008196721311475308,0.008196721311475308,0.02168021680216802,0.01793103448275862,0.011812003048966069,0.011403323268084846,551061.6,589288.45,-0.18189493680905522,0.5787946463230359,23.2558303673349,1324.4513126463785,98139885.0,90.41095890410959,89.83197540812368,-0.010810810810810811,0.010928961748633892,-0.006784260515603768,0.002771624083099463,0.016260162601626018,37500.0
2023-11-21,37200.0,38350.0,36650.0,37500.0,881141,0.016260162601626105,0.016129381929883717,36814.28571428572,35460.71428571428,34040.47619047619,0.011306376721545174,1700.0,-300.0,67.30725992499548,1121.872678845597,709.3450128174868,412.52766602811016,39286.51413843122,28873.485861568774,0.3055466043680296,0.828434717458626,37000.0,36920.0,36310.0,34080.0,1.015709642470206,1.1003521126760563,2840.0,0.016260162601626105,0.016260162601626105,0.04533333333333334,0.008064516129032258,0.011732634229288445,0.010228475971754247,611013.2,615094.95,1.58340785218587,1.4325284250829893,24.221069149504135,1351.2762188859228,99021026.0,87.5,88.27968782642431,0.008196721311475308,-0.010810810810810811,0.010928961748633892,0.004548691034096867,0.004,37650.0
2023-11-22,37050.0,37800.0,36950.0,37650.0,315500,0.0040000000000000036,0.003992021269537457,37014.28571428572,35853.57142857143,34250.0,0.010721736433060033,850.0,-600.0,67.9042295937743,1180.9379479252166,803.6635998390327,377.27434808618386,39718.986330602726,28966.013669397278,0.31310978121002975,0.8075893619568838,37350.0,37130.0,36610.0,34342.5,1.014004847831942,1.0963092378248527,2787.5,0.0040000000000000036,0.0040000000000000036,0.02257636122177955,0.016194331983805668,0.010254126486849757,0.010085936072826176,491384.8,611186.85,-0.6419415280868783,0.5162087502373456,23.19800219427563,1315.4707746797856,99336526.0,89.31297709923665,89.07464533444873,0.016260162601626105,0.008196721311475308,-0.010810810810810811,0.009485627971033805,-0.021248339973439574,36850.0
2023-11-23,37700.0,37800.0,36750.0,36850.0,518688,-0.021248339973439556,-0.021477335610556956,37014.28571428572,36150.0,34461.90476190476,0.013457641746056742,1050.0,850.0,61.45857751537666,1149.9385097633785,872.918581823902,277.0199279394766,39814.76749602911,29515.23250397089,0.29711625536011027,0.712145499936144,37333.333333333336,37100.0,36790.0,34665.0,0.9932614555256065,1.0630318765325255,2435.0,-0.021248339973439556,0.021248339973439556,0.028493894165535955,-0.022546419098143235,0.01511083588671665,0.013646633039180553,494663.4,604054.4,0.6440190174326466,0.8586776290347359,23.673668722981702,1296.5085764883725,98817838.0,72.22222222222223,83.01173310715295,0.0040000000000000036,0.016260162601626105,0.008196721311475308,-0.0003293924572711493,0.005427408412483039,37050.0
2023-11-24,37100.0,37550.0,36850.0,37050.0,336657,0.005427408412483015,0.005412733106750259,37078.57142857143,36339.28571428572,34778.57142857143,0.013217872951967738,700.0,50.0,62.41900159272382,1128.500904254659,924.0350463100534,204.46585794460555,39917.702016079755,30017.29798392025,0.28313159454234665,0.7103449508964895,37183.333333333336,37190.0,36925.0,34967.5,0.9962355471901049,1.0595553013512546,2222.5,0.005427408412483015,0.005427408412483015,0.018893387314439947,-0.0013477088948787063,0.01411200183729211,0.01281634380213185,478612.6,601654.15,-0.3509450768091801,0.5595523607707185,23.24684351767023,1253.9008210249174,99154495.0,75.23809523809524,78.92443151985135,-0.021248339973439556,0.0040000000000000036,0.016260162601626105,-0.003940310520318846,-0.001349527665317139,37000.0
2023-11-27,36900.0,37400.0,36400.0,37000.0,370011,-0.0013495276653171517,-0.0013504390978714624,37078.57142857143,36546.42857142857,35064.28571428572,0.012604760481369178,1000.0,-100.0,62.00302121644754,1094.856046328976,958.199246313838,136.65680001513795,39916.60600529258,30623.393994707418,0.26348772357769107,0.6861573800349646,36966.666666666664,37210.0,37000.0,35270.0,0.9943563558183284,1.0490501842925999,1940.0,-0.0013495276653171517,0.0013495276653171517,0.02702702702702703,0.0027100271002710027,0.013795412036833191,0.012210310488799463,484399.4,601458.45,0.09907413183150804,0.6151896278121955,23.339961205607622,1235.765048094566,98784484.0,66.66666666666667,71.37566137566137,0.005427408412483015,-0.021248339973439556,0.0040000000000000036,-0.005723486408757898,0.014864864864864866,37550.0
2023-11-28,37150.0,38100.0,36850.0,37550.0,682464,0.014864864864864824,0.014755465565919267,37214.28571428572,36753.57142857143,35378.57142857143,0.012642831287583228,1250.0,-400.0,64.78326265757256,1099.8937667994032,986.5381504109511,113.35561638845218,39664.840889552295,31635.1591104477,0.22523651554290586,0.736622079463263,37200.0,37220.0,37070.0,35650.0,1.008866200967222,1.0532959326788218,1570.0,0.014864864864864824,0.014864864864864824,0.033288948069241014,0.010767160161507403,0.013408578820845403,0.011998555822053876,444664.0,611284.85,0.8444424625213844,1.116441868304114,23.966893714628622,1236.7818303735255,99466948.0,80.24691358024691,74.05055849500293,-0.0013495276653171517,0.005427408412483015,-0.021248339973439556,0.006314248537343563,-0.005326231691078562,37350.0
2023-11-29,37400.0,37800.0,36950.0,37350.0,399688,-0.005326231691078598,-0.005340466631317474,37278.57142857143,36917.857142857145,35730.95238095238,0.012869506774121199,850.0,50.0,62.97867107249576,1075.3518809366433,1004.3008965160896,71.05098442055373,39240.547557403595,32749.4524425964,0.1803332439174106,0.7087475188753646,37300.0,37160.0,37145.0,35995.0,1.0051130247578042,1.0376441172385054,1165.0,-0.005326231691078598,0.005326231691078598,0.022757697456492636,-0.001336898395721925,0.01342063650056209,0.011889005443882628,461501.6,609453.25,-0.41434566511933235,0.6558140431608167,23.426527712359793,1209.1545567754167,99067260.0,75.30864197530865,74.07407407407406,0.014864864864864824,-0.0013495276653171517,0.005427408412483015,0.0027297018361563583,0.029451137884872823,38450.0
2023-11-30,37450.0,38650.0,37450.0,38450.0,920001,0.029451137884872747,0.02902578437282659,37414.28571428572,37114.28571428572,36111.90476190476,0.015851716062709582,1200.0,-1000.0,68.22182322596544,1131.6184731417525,1029.7644118412222,101.85406130053025,39186.14508088793,33433.85491911207,0.15842165138462852,0.8720257392821321,37783.333333333336,37480.0,37290.0,36310.0,1.025880469583778,1.0589369319746627,1170.0,0.029451137884872747,0.029451137884872747,0.031209362808842653,0.0267022696929239,0.013937502778235857,0.014560881805127355,541764.2,624296.85,1.3017979023638437,1.4736595259130332,24.289244010943214,1215.6435170057441,99987261.0,93.10344827586206,82.88633461047253,-0.005326231691078598,0.014864864864864824,-0.0013495276653171517,0.012996590352886325,0.011703511053315995,38900.0
2023-12-01,38450.0,39400.0,37900.0,38900.0,866095,0.011703511053315907,0.011635554672747541,37592.857142857145,37303.57142857143,36433.333333333336,0.016145843755195757,1500.0,-450.0,70.08815225096981,1198.7034844347363,1063.552226359925,135.15125807481127,39176.601362417656,34063.398637582344,0.13962869264979005,0.9459044795790754,38233.333333333336,37850.0,37520.0,36620.0,1.0277410832232496,1.0622610595303112,1230.0,0.011703511053315907,0.011703511053315907,0.038560411311053984,0.011703511053315995,0.013861228747009298,0.013743181365444886,647651.8,650927.8,-0.058593414572375435,1.3305546329408575,24.240499410933264,1235.9546943624766,100853356.0,86.3013698630137,84.90448670472813,0.029451137884872747,-0.005326231691078598,0.014864864864864824,0.011942805749036686,-0.017994858611825194,38200.0
2023-12-04,38700.0,39050.0,38000.0,38200.0,495091,-0.01799485861182515,-0.018158735011871065,37785.71428571428,37400.0,36695.23809523809,0.015275533382143705,1050.0,500.0,63.810179720871815,1181.7620718074832,1087.1941954494366,94.56787635804653,39233.26443590373,34386.73556409627,0.13166337603388914,0.7868032022022423,38516.666666666664,38090.0,37650.0,36810.0,1.0028878970858492,1.0377614778592774,1280.0,-0.01799485861182515,0.01799485861182515,0.0274869109947644,-0.012919896640826873,0.018463830871105615,0.015679333197110273,672667.8,635798.95,-0.4283640940081631,0.7786911255515601,23.663087657686003,1222.6722161937284,100358265.0,67.12328767123287,82.1760352700362,0.011703511053315907,0.029451137884872747,-0.005326231691078598,0.007719930108787835,-0.013089005235602094,37700.0
2023-12-05,37800.0,38600.0,37400.0,37700.0,568902,-0.01308900523560208,-0.013175421158564404,37878.57142857143,37478.57142857143,36852.380952380954,0.0167634091441639,1200.0,100.0,59.69694445506932,1115.135471352427,1092.7824506300346,22.35302072239233,39077.204123374526,34902.795876625474,0.1128523451405529,0.6700839874856357,38266.666666666664,38120.0,37670.0,36990.0,0.9889821615949633,1.0191943768586105,1130.0,-0.01308900523560208,0.01308900523560208,0.03183023872679045,-0.0026455026455026454,0.019515028022274502,0.01578830635824566,649955.4,629441.0,0.149085723634645,0.9038210094353561,23.788878839771623,1221.0527721798908,99789363.0,53.42465753424658,68.94977168949771,-0.01799485861182515,0.011703511053315907,0.029451137884872747,-0.006460117598037107,0.03050397877984085,38850.0
2023-12-06,37900.0,39100.0,37450.0,38850.0,511830,0.0305039787798409,0.03004798235969142,38142.857142857145,37610.71428571428,37078.57142857143,0.019537445560628173,1650.0,-950.0,65.24590995072381,1141.9649385588273,1102.6189482157931,39.345990343034146,39135.54018027881,35264.45981972119,0.10406130001498984,0.9262375994081199,38250.0,38420.0,37790.0,37200.0,1.0111920874544509,1.0443548387096775,1220.0,0.0305039787798409,0.0305039787798409,0.04247104247104247,0.025065963060686015,0.0229167466985174,0.018419647072557565,672383.8,615158.15,-0.10031956294757272,0.8320299422189237,23.71321117348315,1251.6918598813272,100301193.0,83.07692307692308,67.87495609413416,-0.01308900523560208,-0.01799485861182515,0.011703511053315907,-0.00019329502252877587,-0.01673101673101673,38200.0
2023-12-07,38550.0,38550.0,37850.0,38200.0,346870,-0.016731016731016735,-0.016872561201126953,38235.71428571428,37725.0,37247.619047619046,0.02103656271762184,700.0,350.0,60.20073699638969,1098.1194790930967,1101.7190543912538,-3.599575298157106,39054.33141239939,35660.66858760061,0.09084287826537597,0.7482568373745124,38250.0,38370.0,37925.0,37357.5,0.9955694553036226,1.0225523656561601,1012.5,-0.016731016731016735,0.016731016731016735,0.01832460732984293,-0.009079118028534372,0.021425686929202332,0.017795699084208687,557757.6,590869.8,-0.32229451184963753,0.587049803526936,23.30729614363467,1233.7138698898038,99954323.0,61.904761904761905,66.13544750531051,0.0305039787798409,-0.01308900523560208,-0.01799485861182515,0.00022798560440736212,0.0274869109947644,39250.0
2023-12-08,38950.0,40100.0,38900.0,39250.0,1010015,0.027486910994764413,0.027115928615887956,38507.142857142855,37892.857142857145,37447.619047619046,0.02255488753114764,1200.0,-300.0,64.9197011354576,1135.0141250490851,1108.3780685228203,26.636056526264838,39244.44743303672,35825.55256696328,0.09108551661311964,1.0016240823952725,38766.666666666664,38440.0,38145.0,37535.0,1.0210718002081165,1.0456906886905555,905.0,0.027486910994764413,0.027486910994764413,0.030573248407643312,0.007702182284980745,0.02470008441369065,0.019328512492292088,586541.6,607383.05,1.9117969268025483,1.6628962563245713,24.403182463428088,1281.3057363262465,100964338.0,77.02702702702703,74.002904002904,-0.016731016731016735,0.0305039787798409,-0.01308900523560208,0.013753291014529526,-0.02165605095541401,38400.0
2023-12-11,39550.0,39550.0,38350.0,38400.0,467554,-0.021656050955414008,-0.021893984634736262,38500.0,37957.142857142855,37576.19047619047,0.022511701911572635,1200.0,1150.0,58.837761586073384,1083.1792849855483,1103.3383118153658,-20.15902682981755,39280.623123706246,36004.376876293754,0.08703583044198689,0.7312097268629478,38616.666666666664,38480.0,38285.0,37642.5,0.997920997920998,1.0201235305837817,837.5,-0.021656050955414008,0.021656050955414008,0.03125,-0.029077117572692796,0.02548415170064154,0.02116070330447434,581034.2,572290.75,-0.5370821225427345,0.8169868200735378,23.61108286769325,1275.4981837315147,100496784.0,54.054054054054056,64.32861432861432,0.027486910994764413,-0.016731016731016735,0.0305039787798409,-0.0036333855638887766,-0.00390625,38250.0
2023-12-12,38850.0,38950.0,37900.0,38250.0,412153,-0.00390625,-0.003913899321136329,38407.142857142855,38000.0,37671.42857142857,0.021909933136718938,1050.0,600.0,57.808526683760974,1018.2582076139879,1086.3222909750903,-68.06408336110235,39327.519960769605,36097.480039230395,0.08564905327250143,0.6664066120098805,38633.333333333336,38590.0,38355.0,37712.5,0.9911894273127754,1.0142525687769308,877.5,-0.00390625,0.00390625,0.027450980392156862,-0.015444015444015444,0.024499543344937837,0.02091318731518899,549684.4,563829.25,-0.11849112615868973,0.7309890361310627,23.481048757936307,1259.3911706078352,100084631.0,50.0,60.36036036036035,-0.021656050955414008,0.027486910994764413,-0.016731016731016735,0.0006415366797834684,0.0,38250.0
2023-12-13,38950.0,40350.0,38250.0,38250.0,1304830,0.0,0.0,38414.28571428572,38100.0,37738.09523809524,0.020780000874359963,2100.0,700.0,57.808526683760974,955.7900335181694,1060.215839483706,-104.42580596553671,39337.690745691485,36252.309254308515,0.08163464721214367,0.6474696083031385,38300.0,38470.0,38445.0,37795.0,0.9942812581232129,1.0120386294483397,675.0,0.0,0.0,0.054901960784313725,-0.01797175866495507,0.01920842649145063,0.02077196592464253,708284.4,583388.65,2.1658874253007987,2.236639331258844,24.633482161328775,1319.4346584215614,100084631.0,46.835443037974684,50.29649903067624,-0.00390625,-0.021656050955414008,0.027486910994764413,-0.008520766985138003,0.026143790849673203,39250.0
2023-12-14,38800.0,39250.0,38500.0,39250.0,658721,0.02614379084967311,0.025807883955872503,38635.71428571428,38257.142857142855,37864.28571428572,0.021800752772836288,750.0,-450.0,62.83507367402062,975.7276175340667,1043.3181950937783,-67.59057755971162,39532.07281834497,36282.92718165503,0.08571247475275173,0.9131855417129502,38583.333333333336,38680.0,38525.0,37907.5,1.014736297828335,1.0354151553122732,772.5,0.02614379084967311,0.02614379084967311,0.01910828025477707,0.011597938144329897,0.02101014268382153,0.020317891727218255,770654.6,591209.95,-0.4951671865300461,1.1141913291547276,23.97576207834751,1296.6178971057354,100743352.0,72.15189873417721,56.329113924050624,0.0,-0.00390625,-0.021656050955414008,0.007412513616557703,-0.02802547770700637,38150.0
2023-12-15,39300.0,39450.0,38050.0,38150.0,539379,-0.028025477707006363,-0.028425686497951422,38535.71428571428,38339.28571428572,37919.04761904762,0.022141441162585852,1400.0,1150.0,55.063856450668865,892.4795409934159,1013.1504642737059,-120.67092328029003,39490.46373341626,36479.53626658374,0.07926622263610697,0.5548003901846161,38550.0,38460.0,38450.0,37985.0,0.9919396775871034,1.0043438199289194,475.0,-0.028025477707006363,0.028025477707006363,0.03669724770642202,-0.029262086513994912,0.02122813015393789,0.02207169413272956,676527.4,597333.35,-0.18117230208236867,0.9029782114124383,23.74745479354426,1304.0023330267543,100203973.0,37.142857142857146,52.04339963833633,0.02614379084967311,0.0,-0.00390625,-0.0006272289524444178,0.011795543905635648,38600.0
2023-12-18,38250.0,38800.0,38250.0,38600.0,292301,0.011795543905635641,0.011726518740319158,38592.857142857145,38414.28571428572,38014.28571428572,0.021702592979925123,550.0,-350.0,57.385770160905416,852.9834178804449,981.1170549950536,-128.13363711460875,39507.98104079444,36632.01895920556,0.07554405257654,0.6842861571064914,38666.666666666664,38500.0,38490.0,38070.0,1.0025974025974025,1.0139217231415814,430.0,0.011795543905635641,0.011795543905635641,0.014248704663212436,0.009150326797385621,0.020100376720973923,0.02163817165998829,641476.8,594894.55,-0.4580786422904859,0.4913492651764922,23.1465469277777,1257.2878806677004,100496274.0,48.529411764705884,52.608055880580075,-0.028025477707006363,0.02614379084967311,0.0,0.003304619016100796,-0.0025906735751295338,38500.0
2023-12-19,38600.0,38750.0,38200.0,38500.0,286367,-0.002590673575129543,-0.0025940351770466466,38485.71428571428,38496.42857142857,38090.47619047619,0.018528341244904573,550.0,100.0,56.68481668482535,804.3413451522792,945.7619130264989,-141.4205678742196,39544.0047309206,36695.9952690794,0.07471168577757599,0.6334265230124395,38416.666666666664,38550.0,38570.0,38120.0,0.9987029831387808,1.0099685204617,430.0,-0.002590673575129543,0.002590673575129543,0.014285714285714285,-0.0025906735751295338,0.02002527055412528,0.02111336958731002,616319.6,565155.85,-0.02030099110163841,0.5067044780656522,23.123443004332785,1206.7673177628646,100209907.0,37.28813559322034,40.986801500261116,0.011795543905635641,-0.028025477707006363,0.02614379084967311,-0.006273535792166755,-0.01818181818181818,37800.0
2023-12-20,38700.0,38800.0,37200.0,37800.0,890752,-0.018181818181818188,-0.01834913866819654,38400.0,38450.0,38104.76190476191,0.017957756812608975,1600.0,900.0,51.90534609274492,701.2247201355931,896.8544744483178,-195.62975431272469,39542.63436222782,36712.36563777218,0.07423168905529194,0.38428660601371367,38300.0,38460.0,38465.0,38127.5,0.982839313572543,0.9914103993180775,332.5,-0.018181818181818188,0.018181818181818188,0.042328042328042326,-0.023255813953488372,0.021918988167508743,0.019434165941633132,533504.0,593918.45,2.1105260033453574,1.4997883968750256,24.239885710401847,1234.8553664940887,99319155.0,19.047619047619047,34.955055468515084,-0.002590673575129543,0.011795543905635641,-0.028025477707006363,-0.002992315950437363,-0.006613756613756613,37550.0
2023-12-21,37300.0,38050.0,37250.0,37550.0,484928,-0.006613756613756627,-0.006635724415398268,38300.0,38353.57142857143,38100.0,0.018029120614293574,800.0,-250.0,50.27495646965739,592.5011567164183,835.9838109019379,-243.48265418551955,39475.54186809426,36849.45813190574,0.06881319976910634,0.2667629590178346,37950.0,38120.0,38400.0,38162.5,0.9850472193074502,0.983950212905339,-42.5,-0.006613756613756627,0.006613756613756627,0.02130492676431425,0.006702412868632708,0.015207891584616039,0.018870000273921734,498745.4,592230.45,-0.45559706854433113,0.8188163914908463,23.625184362538242,1203.7942688873682,98834227.0,11.11111111111111,22.48228858398349,-0.018181818181818188,-0.002590673575129543,0.011795543905635641,-0.009128749456901453,0.0039946737683089215,37700.0
2023-12-22,37900.0,38100.0,37500.0,37700.0,400523,0.003994673768308976,0.003986716243821383,38221.42857142857,38317.857142857145,38140.47619047619,0.018188628167203312,600.0,200.0,51.264110984869326,512.5325397160268,771.2935566647558,-258.761016948729,39421.419692910196,36968.580307089804,0.0642188607362323,0.29819306438833987,37683.333333333336,38030.0,38245.0,38195.0,0.991322640021036,0.987040188506349,-165.0,0.003994673768308976,0.003994673768308976,0.015915119363395226,-0.005277044854881266,0.011283068814340104,0.016113763548530897,470974.2,595423.75,-0.17405676719018082,0.6726688345904912,23.437941845558676,1160.6661068239848,99234750.0,15.873015873015873,15.343915343915334,-0.006613756613756627,-0.018181818181818188,-0.002590673575129543,-0.00693363367575528,-0.006631299734748011,37450.0
2023-12-26,37700.0,37700.0,37050.0,37450.0,411334,-0.006631299734747964,-0.006653384490736548,37964.28571428572,38300.0,38159.52380952381,0.013405939902931218,650.0,250.0,49.496852867808336,424.09521825172123,701.853888982149,-277.75867073042775,39365.62203642573,37069.37796357427,0.060083576185032066,0.1657585275562964,37566.666666666664,37800.0,38150.0,38217.5,0.9907407407407407,0.9799175770262314,-417.5,-0.006631299734747964,0.006631299734747964,0.017356475300400534,-0.006631299734748011,0.008072930640574173,0.01493172972303933,494780.8,597489.9,0.026992207688447456,0.6884367417758861,23.457922804533872,1124.1899563365573,98823416.0,12.121212121212121,13.035113035113026,0.003994673768308976,-0.006613756613756627,-0.018181818181818188,-0.003083460860065205,0.03204272363150868,38650.0
2023-12-27,37550.0,38800.0,37550.0,38650.0,595762,0.03204272363150862,0.031540065070202426,38035.71428571428,38285.71428571428,38238.09523809524,0.016102174492682024,1250.0,-1100.0,57.13540728763519,445.7002203152733,650.6231552487739,-204.92293493350053,39390.99287695073,37154.00712304927,0.058448905974301725,0.6687538686116409,37933.333333333336,37830.0,38190.0,38272.5,1.021675918583135,1.0098634789992815,-442.5,0.03204272363150862,0.03204272363150862,0.03234152652005175,0.02929427430093209,0.019083609440624733,0.01844366284707132,556659.8,593154.8,0.4483655618062208,1.0043954798983334,23.85989859149442,1140.3192451696602,99419178.0,48.484848484848484,25.493025493025485,-0.006631299734747964,0.003994673768308976,-0.006613756613756627,0.00980203255502321,0.00129366106080207,38700.0
2023-12-28,38500.0,39050.0,38200.0,38700.0,456731,0.001293661060802087,0.0012928250023051713,38050.0,38321.42857142857,38292.857142857145,0.015508626412041818,850.0,-200.0,57.42436038724233,461.53661543269845,612.8058472855588,-151.26923185286034,39384.58503470846,37295.41496529154,0.054490612139199965,0.6723172303059433,38266.666666666664,38010.0,38235.0,38340.0,1.0181531176006313,1.0093896713615023,-330.0,0.001293661060802087,0.001293661060802087,0.021963824289405683,0.005194805194805195,0.01593781610156966,0.01843889868292588,469855.6,596006.95,-0.23336667998294625,0.7663182451144236,23.595444754200976,1119.5821562289702,99875909.0,50.0,36.86868686868686,0.03204272363150862,-0.006631299734747964,0.003994673768308976,0.008901694985854247,0.0710594315245478,41450.0
2024-01-02,38550.0,41900.0,38500.0,41450.0,2089267,0.07105943152454786,0.0686482815455679,38471.42857142857,38478.57142857143,38488.09523809524,0.02991997897438658,3400.0,-2900.0,69.57315022235016,688.057590348828,627.8561958982126,60.20139445061534,40230.71975434242,36749.28024565758,0.09045049386034913,1.350223016259783,39600.0,38790.0,38455.0,38490.0,1.068574374838876,1.076903091712133,300.0,0.07105943152454786,0.07105943152454786,0.08202653799758745,0.07522697795071336,0.031885723685767496,0.028097681312711155,790723.4,654470.25,3.57439280451732,3.1923024766977566,25.184567005296795,1282.469145069758,101965176.0,90.72164948453609,63.06883265646152,0.001293661060802087,0.03204272363150862,-0.006631299734747964,0.03479860540561952,0.007237635705669481,41750.0
2024-01-03,40600.0,42150.0,40000.0,41750.0,1059114,0.007237635705669376,0.007211569715560403,39035.71428571428,38717.857142857145,38645.23809523809,0.027245882724355897,2150.0,-1150.0,70.56007000693214,881.6218004358379,678.6093168057378,203.01248363010018,40901.113070392996,36363.886929607004,0.11744583293304837,1.1870938109027005,40633.333333333336,39600.0,38815.0,38632.5,1.0542929292929293,1.08069630492461,967.5,0.007237635705669376,0.007237635705669376,0.05149700598802395,0.02832512315270936,0.03150047467588503,0.02546863825679315,922441.6,664121.2,-0.4930691003112575,1.5947601130637,24.512397997816663,1344.4356347076323,103024290.0,92.15686274509804,77.62617074321136,0.07105943152454786,0.001293661060802087,0.03204272363150862,0.026530242763673106,0.008383233532934131,42100.0
2024-01-04,41250.0,42900.0,41100.0,42100.0,1032263,0.008383233532934131,0.008348289391471244,39685.71428571428,38992.857142857145,38797.619047619046,0.02589115291326253,1800.0,-850.0,71.71284770679937,1051.1479274221201,753.1170389290144,298.03088849310575,41562.16537931831,36092.83462068169,0.14086229498774358,1.0983364591421718,41766.666666666664,40530.0,39165.0,38827.5,1.0387367382186035,1.0842830468096065,1702.5,0.008383233532934131,0.008383233532934131,0.04275534441805225,0.020606060606060607,0.02880847758382078,0.025454947804516605,1046627.4,690979.8,-0.02535232279055888,1.493911978324113,24.495067057210907,1376.9759465142301,104056553.0,86.32478632478633,89.73443285147347,0.007237635705669376,0.07105943152454786,0.001293661060802087,0.02889343358771712,-0.020190023752969122,41250.0
2024-01-05,42600.0,42600.0,40800.0,41250.0,630680,-0.020190023752969077,-0.0203966279076457,40192.857142857145,39207.142857142855,38942.857142857145,0.02925210071554688,1800.0,1350.0,65.05094941671206,1104.182381016246,823.3301073464606,280.8522736697853,41888.32775580031,36121.67224419969,0.14784400747598053,0.8893071114589377,41700.0,41050.0,39440.0,39005.0,1.004872107186358,1.0575567234969876,2045.0,-0.020190023752969077,0.020190023752969077,0.04363636363636364,-0.03169014084507042,0.034141188283622635,0.02691201215818829,1053611.0,694068.7,-0.38903167119232207,0.9086708563575912,23.981960273152684,1407.1919503346421,103425873.0,71.7948717948718,83.42550695491872,0.008383233532934131,0.007237635705669376,0.07105943152454786,-0.0015230515047885234,0.007272727272727273,41550.0
2024-01-08,40900.0,41750.0,40600.0,41550.0,366372,0.0072727272727273196,0.007246408520767253,40778.57142857143,39371.42857142857,39126.19047619047,0.028158382715872236,1150.0,-650.0,66.24288653681216,1157.0819400313994,890.0804738834485,267.00146614795096,42237.63916895636,36042.36083104364,0.15828508783629844,0.8890059281520455,41633.333333333336,41620.0,39815.0,39140.0,0.998318116290245,1.0615738375063872,2480.0,0.0072727272727273196,0.0072727272727273196,0.027677496991576414,0.01589242053789731,0.03370622436816538,0.025401825453751997,1035539.2,686795.8,-0.41908416312551533,0.5334511364222088,23.446057289997327,1388.8210967393106,103792245.0,76.92307692307692,78.34757834757833,-0.020190023752969077,0.008383233532934131,0.007237635705669376,-0.0015113543157692089,-0.026474127557160047,40450.0
2024-01-09,42000.0,42450.0,40100.0,40450.0,846160,-0.026474127557160054,-0.026830877796956507,41035.71428571428,39535.71428571428,39202.380952380954,0.0308987031887064,2350.0,1550.0,58.380699506015304,1097.5920567523135,931.5827904572216,166.00926629509195,42369.76516441306,36135.23483558694,0.15883142038917572,0.6920754149616068,41083.333333333336,41420.0,40105.0,39252.5,0.9765813616610333,1.0305076109801923,2167.5,-0.026474127557160054,0.026474127557160054,0.0580964153275649,-0.036904761904761905,0.017110400134339857,0.02751490981692469,786917.8,711760.3,1.30956514144094,1.1888271936493227,24.25628566851779,1457.4767326865028,102946085.0,58.11965811965812,68.94586894586892,0.0072727272727273196,-0.020190023752969077,0.008383233532934131,-0.013130474679133938,-0.019777503090234856,39650.0
2024-01-10,40600.0,40700.0,38900.0,39650.0,659053,-0.01977750309023485,-0.019975695423643695,41171.42857142857,39610.71428571428,39271.42857142857,0.03250058010070473,1800.0,950.0,53.41532528691341,974.6573384367657,940.1977000531305,34.45963838363525,42394.82622456905,36150.17377543095,0.15900827421575145,0.5604517229861373,40550.0,41000.0,40300.0,39272.5,0.9670731707317073,1.0096123241453943,1727.5,-0.01977750309023485,0.01977750309023485,0.04539722572509458,-0.023399014778325122,0.016635804378017538,0.028873488142803678,706905.6,694212.2,-0.2211248463647537,0.9493538142948224,23.98640546223819,1481.9426803517526,102287032.0,44.44444444444444,59.829059829059815,-0.026474127557160054,0.0072727272727273196,-0.020190023752969077,-0.012992967791555862,0.0605296343001261,42050.0
2024-01-11,39750.0,42300.0,39350.0,42050.0,1067357,0.060529634300126034,0.058768438338100006,41257.142857142855,39864.28571428572,39404.76190476191,0.02925001868885892,2950.0,-2300.0,63.456758367922305,1058.6867490050718,963.8955098435188,94.791239161553,42782.54058063753,36127.45941936247,0.16867522902737433,0.8899276262925125,40716.666666666664,40990.0,40760.0,39455.0,1.0258599658453282,1.06577113166899,1535.0,0.060529634300126034,0.060529634300126034,0.07015457788347206,0.05786163522012579,0.03611102672048769,0.03323930512084559,713924.4,724202.35,0.6195313578725838,1.4738380785425511,24.527310722689705,1586.8039174694848,103354389.0,85.47008547008546,62.678062678062666,-0.01977750309023485,-0.026474127557160054,0.0072727272727273196,0.004759334550910377,-0.005945303210463734,41800.0
2024-01-12,42650.0,44650.0,41500.0,41800.0,2452969,-0.005945303210463715,-0.005963046888246413,41264.28571428572,40150.0,39566.666666666664,0.029286611950806306,3150.0,850.0,61.958566475930894,1092.513931085603,989.6191940919357,102.89473699366727,43066.429006408354,36198.570993591646,0.17328853877037048,0.8156005840474627,41166.666666666664,41100.0,41075.0,39632.5,1.0170316301703164,1.0546899640446603,1467.5,-0.005945303210463715,0.005945303210463715,0.07535885167464115,-0.01992966002344666,0.034624409757850985,0.0328804934544723,1078382.2,826243.15,1.2981710898977568,2.968822192353425,25.353461304096744,1698.4607805073788,100901420.0,62.5,64.13817663817663,0.060529634300126034,-0.01977750309023485,-0.026474127557160054,0.011602275999809156,-0.019138755980861243,41000.0
2024-01-15,41850.0,42050.0,40700.0,41000.0,553590,-0.019138755980861233,-0.019324272826402814,41107.142857142855,40396.42857142857,39697.619047619046,0.029860885062263916,1350.0,850.0,57.29675955546218,1042.7487440422992,1000.2451040820084,42.5036399602908,43191.04939271102,36348.95060728898,0.1720417094649747,0.6797694009651937,41616.666666666664,40990.0,41305.0,39770.0,1.000243961941937,1.0309278350515463,1220.0,-0.019138755980861233,0.019138755980861233,0.032926829268292684,-0.02031063321385902,0.035826492049887804,0.03398329812478218,1115825.8,788681.15,-0.7743183872278858,0.7019186397443378,23.845506965269138,1673.5707247568516,100347830.0,51.973684210526315,66.64792322687059,-0.005945303210463715,0.060529634300126034,-0.01977750309023485,0.011815191702933695,-0.00853658536585366,40650.0
2024-01-16,40900.0,41850.0,40200.0,40650.0,526368,-0.008536585365853666,-0.008573230710488213,41021.42857142857,40607.142857142855,39811.90476190476,0.02908888687447352,1650.0,250.0,55.33513174385451,963.9555206432269,992.9871873942523,-29.03166675102534,43273.51898663441,36406.48101336559,0.17236541097562288,0.6179547867877054,41150.0,41030.0,41225.0,39840.0,0.9907384840360711,1.0203313253012047,1190.0,-0.008536585365853666,0.008536585365853666,0.04059040590405904,-0.006112469437652812,0.03361296824546849,0.02535499802734375,1051867.4,782063.5,-0.04917357611228523,0.6730502062812035,23.78650998189458,1671.8871015599339,99821462.0,47.36842105263158,53.94736842105262,-0.019138755980861233,-0.005945303210463715,0.060529634300126034,-0.011206881519059539,-0.01845018450184502,39900.0
2024-01-17,41200.0,41850.0,39650.0,39900.0,610791,-0.01845018450184499,-0.0186225120980018,40785.71428571428,40782.142857142855,39842.857142857145,0.02934669393305351,2200.0,1300.0,51.28339500094659,831.4086302804935,960.6714759715005,-129.262845691007,43267.60321302864,36587.39678697136,0.16730840713937212,0.49588336074575007,40516.666666666664,41080.0,41040.0,39927.5,0.9712755598831548,0.999311251643604,1152.5,-0.01845018450184499,0.01845018450184499,0.05513784461152882,-0.03155339805825243,0.03340826080442361,0.02565246051302505,1042215.0,785634.1,0.1603877895312784,0.7774497059127143,23.91664172036298,1709.60945144851,99210671.0,33.098591549295776,44.14689893748454,-0.008536585365853666,-0.019138755980861233,-0.005945303210463715,-0.015375175282853296,0.020050125313283207,40700.0
2024-01-18,40150.0,41050.0,39700.0,40700.0,509639,0.020050125313283207,0.01985176855273153,40821.42857142857,40928.57142857143,39964.28571428572,0.029070921343911014,1350.0,-550.0,55.06309102884464,781.9042730985166,924.9180353969037,-143.01376229838718,43328.634099213814,36736.365900786186,0.1646729082227597,0.6012549823381291,40416.666666666664,40810.0,40900.0,40032.5,0.9973045822102425,1.0166739524136639,777.5,0.020050125313283207,0.020050125313283207,0.033169533169533166,0.0136986301369863,0.01590490207470482,0.026539949976391086,930671.4,796501.0,-0.16560820313331404,0.6398472820498656,23.755441282402916,1683.9230620593307,99720310.0,38.75968992248062,39.742234174802654,-0.01845018450184499,-0.008536585365853666,-0.019138755980861233,-0.0023122148514718166,0.03194103194103194,42000.0
2024-01-19,41450.0,42450.0,40950.0,42000.0,949227,0.03194103194103204,0.031441525834819094,41157.142857142855,41164.28571428572,40126.19047619047,0.029416720145047832,1500.0,-550.0,60.435004715487416,837.911921766783,907.5168126708796,-69.60489090409658,43532.56826206147,36882.43173793853,0.1653954243393132,0.7695433384709958,40866.666666666664,40850.0,40975.0,40207.5,1.0281517747858018,1.0445812348442456,642.5,0.03194103194103204,0.03194103194103204,0.03571428571428571,0.013268998793727383,0.02342504268157444,0.02788830074514948,629923.0,829644.0,0.8625478034451837,1.1441377265429509,24.408828145436104,1688.642843340807,100669537.0,56.91056910569106,42.92295019248914,0.020050125313283207,-0.01845018450184499,-0.008536585365853666,0.011180324250823418,0.004761904761904762,42200.0
2024-01-22,42900.0,43000.0,41500.0,42200.0,835784,0.004761904761904745,0.004750602758597799,41178.57142857143,41217.857142857145,40302.380952380954,0.01929033788741099,1500.0,700.0,61.203410640723824,888.1981203328978,903.6530742032834,-15.454953870385566,43662.90854005374,37192.09145994626,0.1600597880182419,0.7739221303981847,41633.333333333336,41090.0,41040.0,40427.5,1.0270138719883184,1.0438439181250387,662.5,0.004761904761904745,0.004761904761904745,0.035545023696682464,-0.016317016317016316,0.02049993263223229,0.027848300610014004,686361.8,826895.6,-0.11951092836592303,1.0107491199614558,24.286300985529447,1675.1683545307494,101505321.0,57.391304347826086,51.02052112533258,0.03194103194103204,0.020050125313283207,-0.01845018450184499,0.018917687338739997,-0.018957345971563982,41400.0
2024-01-23,42300.0,42300.0,40950.0,41400.0,472706,-0.018957345971563955,-0.019139340210697395,41121.42857142857,41192.857142857145,40473.80952380953,0.02062386337983134,1350.0,900.0,56.478361291300764,853.6565594336134,893.6537712493495,-39.99721181573602,43581.04533462159,37658.95466537841,0.14579248324084623,0.6317102428118821,41866.666666666664,41240.0,41135.0,40620.0,1.0038797284190106,1.0192023633677991,620.0,-0.018957345971563955,0.018957345971563955,0.03260869565217391,-0.02127659574468085,0.02274781934494359,0.027088533790234286,675629.4,826284.5,-0.4344160692236272,0.5720862487436228,23.69726506960526,1651.9420434928386,101032615.0,43.47826086956522,52.593378107694114,0.004761904761904745,0.03194103194103204,0.020050125313283207,0.00591519691045761,0.026570048309178744,42500.0
2024-01-24,41150.0,42700.0,41050.0,42500.0,504101,0.02657004830917864,0.026223195099102346,41335.71428571428,41221.42857142857,40709.52380952381,0.021193768151528337,1650.0,-1350.0,60.94328293230307,904.6150908152704,895.8460351625337,8.76905565273671,43593.91949213464,38126.08050786536,0.1338188689248479,0.7999356792908867,42033.333333333336,41760.0,41420.0,40860.0,1.01772030651341,1.0401370533529124,900.0,0.02657004830917864,0.02657004830917864,0.03882352941176471,0.032806804374240585,0.02050409040145911,0.026788632042536346,654291.4,831463.4,0.06641548869699143,0.6062816475144907,23.787791278761325,1651.803326100493,101536716.0,62.608695652173914,54.4927536231884,-0.018957345971563955,0.004761904761904745,0.03194103194103204,0.004124869033173144,-0.007058823529411765,42200.0
2024-01-25,43150.0,44200.0,42100.0,42200.0,1252852,-0.007058823529411784,-0.007083854888405044,41557.142857142855,41289.28571428572,40923.80952380953,0.021040153330004543,2100.0,950.0,59.16067842362291,910.2992382987359,898.7366757897742,11.562562508961719,43370.56308523845,38824.43691476155,0.1106180709404927,0.7425141667118195,42033.333333333336,42060.0,41435.0,41097.5,1.0033285782215882,1.0268264492974024,962.5,-0.007058823529411784,0.007058823529411784,0.04976303317535545,-0.0220162224797219,0.02168217367487807,0.019357076594398913,802934.0,873539.3,1.4853194101975595,1.4342251115662454,24.691108610424568,1683.817374236172,100283864.0,57.391304347826086,54.4927536231884,0.02657004830917864,-0.018957345971563955,0.004761904761904745,0.00018462626940096705,-0.011848341232227487,41700.0
2024-01-26,41800.0,42300.0,41250.0,41700.0,364460,-0.011848341232227444,-0.011919092237210311,41814.28571428572,41300.0,41126.19047619047,0.019888455290519906,1050.0,100.0,56.209649504243124,864.492809822259,891.8879025962711,-27.39509277401214,43220.84005599537,39279.15994400463,0.09555588150280599,0.6141645154387547,42133.333333333336,42000.0,41425.0,41250.0,0.9928571428571429,1.010909090909091,750.0,-0.011848341232227444,0.011848341232227444,0.025179856115107913,-0.0023923444976076554,0.017816421414330156,0.019663845831041235,685980.6,861974.2,-0.709095727188846,0.4228200797657285,23.444428492892737,1638.5447046478741,99919404.0,48.69565217391305,56.231884057971,-0.007058823529411784,0.02657004830917864,-0.018957345971563955,0.0025542945158464705,-0.026378896882494004,40600.0
2024-01-29,41700.0,42700.0,40350.0,40600.0,686259,-0.026378896882493952,-0.026733062197068752,41800.0,41310.71428571428,41219.04761904762,0.02225288715395974,2350.0,1100.0,50.26882873295126,731.0035247216292,859.7110270213428,-128.7075022997136,42946.939613816896,39743.060386183104,0.077491334566061,0.2674693872433463,41500.0,41680.0,41385.0,41345.0,0.974088291746641,0.981980892490023,335.0,-0.026378896882493952,0.026378896882493952,0.05788177339901478,-0.026378896882494004,0.02041781338355053,0.020557096703798617,656075.6,873450.6,0.8829473741974427,0.7856872500860381,24.050533732099694,1689.3629400301688,99233145.0,29.565217391304348,45.217391304347814,-0.011848341232227444,-0.007058823529411784,0.02657004830917864,-0.015095353881377727,-0.013546798029556651,40050.0
2024-01-30,40950.0,41000.0,39400.0,40050.0,595294,-0.013546798029556606,-0.013639393093318686,41521.42857142857,41339.28571428572,41283.333333333336,0.017543263676913744,1600.0,900.0,47.56206137920189,574.2127341189043,802.6113684408551,-228.3986343219508,42976.8565713578,39573.1434286422,0.08246427965392121,0.1400989305982897,40783.333333333336,41410.0,41325.0,41275.0,0.967157691378894,0.970321017565112,135.0,-0.013546798029556606,0.013546798029556606,0.039950062421972535,-0.02197802197802198,0.01979496012176591,0.020826150843094523,680593.2,798751.95,-0.13255199567510223,0.7452801836665313,23.89469463267735,1682.9798728851567,98637851.0,13.20754716981132,30.489472245009562,-0.026378896882493952,-0.011848341232227444,-0.007058823529411784,-0.01725801204809267,-0.03495630461922597,38650.0
2024-01-31,39600.0,39800.0,38500.0,38650.0,541318,-0.03495630461922594,-0.035581898480937235,41014.28571428572,41096.42857142857,41150.0,0.01962086962604975,1300.0,950.0,41.44461338733336,333.1463000669755,708.7183547660792,-375.57205469910366,43168.979206696284,39071.020793303716,0.09965852172647294,-0.10273915711974413,39766.666666666664,40640.0,41200.0,41120.0,0.9510334645669292,0.939931906614786,-480.0,-0.03495630461922594,0.03495630461922594,0.03363518758085381,-0.023989898989898988,0.01153509733427656,0.022889111725727766,688036.6,772862.15,-0.09067116416426169,0.7004069225022858,23.764064239574697,1673.481310536217,98096533.0,2.4390243902439024,15.070596317119849,-0.013546798029556606,-0.026378896882493952,-0.011848341232227444,-0.0249606665104255,-0.009055627425614488,38300.0
2024-02-01,38500.0,39050.0,37650.0,38300.0,596444,-0.009055627425614499,-0.009096878846830673,40571.42857142857,40846.42857142857,40985.71428571428,0.019425223180118016,1400.0,200.0,40.057480900357476,112.55981982609956,589.4866477780834,-476.9268279519838,43279.10957374783,38580.89042625217,0.11478668818704284,-0.05978657389830229,39000.0,39860.0,40960.0,40930.0,0.960863020572002,0.9357439530906425,-1070.0,-0.009055627425614499,0.009055627425614499,0.03655352480417755,-0.005194805194805195,0.011053307286333428,0.021445557059696054,556755.0,751071.2,0.10183662837740481,0.7941244451924132,23.851945810353186,1653.9469312122017,97500089.0,9.923664122137405,8.5234118940642,-0.03495630461922594,-0.013546798029556606,-0.026378896882493952,-0.01918624335813235,0.037859007832898174,39750.0
2024-02-02,38800.0,40350.0,38750.0,39750.0,594708,0.037859007832898195,0.037159944913740625,40178.57142857143,40757.142857142855,40873.80952380953,0.023033884329013925,1600.0,-950.0,47.84548860953868,54.1224370752534,482.4138056375174,-428.291368562264,43256.29351107186,38453.70648892814,0.11755200152107996,0.26991567359319535,38900.0,39470.0,40735.0,40855.0,1.0070939954395743,0.9729531269122507,-1385.0,0.037859007832898195,0.037859007832898195,0.04025157232704402,0.024484536082474227,0.02824874423895316,0.02265209038692747,602804.6,749272.6,-0.0029105833908966705,0.7937137965541513,23.88619092788974,1682.2364361256157,98094797.0,32.06106870229008,14.807919071557118,-0.009055627425614499,-0.03495630461922594,-0.013546798029556606,-0.002050974737314082,-0.03522012578616352,38350.0
2024-02-05,39900.0,40150.0,38200.0,38350.0,444783,-0.035220125786163514,-0.0358553132870757,39628.57142857143,40592.857142857145,40735.71428571428,0.02500208751963972,1950.0,1550.0,42.15112414213064,-103.95952875033981,365.139138759946,-469.0986675102858,43317.553998239935,38072.446001760065,0.12888826628528985,0.05291673659078303,38800.0,39020.0,40350.0,40695.0,0.9828293182983086,0.9423762132940164,-1675.0,-0.035220125786163514,0.035220125786163514,0.05084745762711865,-0.03884711779448621,0.029824432729582556,0.024164435992103984,554509.4,753193.15,-0.25209850884803975,0.5905297996934783,23.559851608617695,1701.362404973786,97650014.0,10.687022900763358,17.55725190839694,0.037859007832898195,-0.009055627425614499,-0.03495630461922594,-0.0021389151262932726,0.02346805736636245,39250.0
2024-02-06,38650.0,39850.0,37600.0,39250.0,399958,0.02346805736636237,0.023196916415152168,39278.57142857143,40546.42857142857,40626.19047619047,0.028665671244950005,2250.0,-600.0,46.55476989223668,-154.83332500970573,261.14464600601565,-415.9779710157214,43334.922026164546,37935.077973835454,0.13288652768128686,0.24351111132503656,39116.666666666664,38860.0,40135.0,40635.0,1.010036026762738,0.965916082195152,-1775.0,0.02346805736636237,0.02346805736636237,0.05732484076433121,0.015523932729624839,0.03340786329410565,0.025932214629418658,515442.2,730883.05,-0.10077948123017288,0.5472257155231606,23.47682154385149,1740.5508046185157,98049972.0,25.0,22.582697201017805,-0.035220125786163514,0.037859007832898195,-0.009055627425614499,0.008702313137699017,-0.0267515923566879,38200.0
2024-02-07,39250.0,39400.0,38000.0,38200.0,396173,-0.026751592356687892,-0.027115928615887935,38935.71428571428,40367.857142857145,40519.04761904762,0.028706261576856004,1400.0,1050.0,42.4908567949473,-276.687913816786,153.57813404145531,-430.26604785824134,43445.45809342091,37679.54190657909,0.14214893526882752,0.09026459569575883,38600.0,38770.0,39705.0,40562.5,0.985297910755739,0.9417565485362096,-1792.5,-0.026751592356687892,0.026751592356687892,0.03664921465968586,-0.0267515923566879,0.0316359939186254,0.02413543353401953,486413.2,717739.05,-0.009463493666834966,0.551973589844387,23.44019705818489,1716.2257471457647,97653799.0,9.090909090909092,14.925977330557478,0.02346805736636237,-0.035220125786163514,0.037859007832898195,-0.012834553592163012,0.0013089005235602095,38250.0
2024-02-08,38400.0,39000.0,38100.0,38250.0,414466,0.0013089005235602524,0.0013080446600153889,38678.57142857143,40100.0,40452.380952380954,0.028833664082299273,900.0,150.0,42.74715331056213,-365.01629064494045,49.85924910417616,-414.8755397491166,43342.255439160115,37402.744560839885,0.14711773802266964,0.1426473419305749,38566.666666666664,38760.0,39310.0,40372.5,0.9868421052631579,0.9474270852684377,-1612.5,0.0013089005235602524,0.0013089005235602524,0.023529411764705882,-0.00390625,0.03139181469852048,0.02440571640761372,450017.6,685094.5,0.04617427235071547,0.6049763937675752,23.48664506297289,1657.9239080639243,98068265.0,9.848484848484848,14.646464646464638,-0.026751592356687892,0.02346805736636237,-0.035220125786163514,-0.0006582114889217561,0.0457516339869281,40000.0
2024-02-13,39000.0,41550.0,38350.0,40000.0,1415721,0.045751633986928164,0.04473589384139152,38871.42857142857,39942.857142857145,40354.76190476191,0.03124422476929549,3200.0,-1000.0,50.981327954676,-290.45856547445874,-18.204313811550826,-272.2542516629079,43178.28186878414,37386.71813121586,0.14377369174128432,0.4512221547062497,38816.666666666664,38810.0,39140.0,40282.5,1.030662200463798,0.9929870291069323,-1472.5,0.045751633986928164,0.045751633986928164,0.08,0.02564102564102564,0.03386419896438183,0.029958500552693595,614220.2,633232.1,2.4157711368363146,2.2357063073713417,24.7597842330375,1775.2150574879297,99483986.0,36.36363636363637,18.43434343434343,0.0013089005235602524,-0.026751592356687892,0.02346805736636237,0.006769647384600175,0.0075,40300.0
2024-02-14,39100.0,40400.0,39000.0,40300.0,481978,0.007500000000000062,0.0074720148387010564,39157.142857142855,39864.28571428572,40283.333333333336,0.030628252507556377,1400.0,-1200.0,52.24918891956561,-204.80270027850202,-55.52399110494107,-149.27870917356094,43123.62220661231,37371.37779338769,0.14292178180569268,0.5091268722655978,39516.666666666664,39200.0,39110.0,40247.5,1.028061224489796,1.0013044288465123,-1047.5,0.007500000000000062,0.007500000000000062,0.034739454094292806,0.030690537084398978,0.026887294895849706,0.029016222858449226,621659.2,629651.5,-0.659552976893046,0.765467881836222,23.689760496823787,1748.4139819530776,99965964.0,40.90909090909091,29.04040404040403,0.045751633986928164,0.0013089005235602524,-0.026751592356687892,0.018186844836829492,-0.009925558312655087,39900.0
2024-02-15,40550.0,40800.0,39500.0,39900.0,476243,-0.00992555831265507,-0.009975145056819509,39178.57142857143,39678.57142857143,40230.95238095238,0.028033590216446296,1300.0,650.0,50.37817948032531,-167.26830218733085,-77.87285332141903,-89.39544886591182,43083.582030186466,37336.417969813534,0.14292872569940143,0.4460603531161621,40066.666666666664,39330.0,39095.0,40210.0,1.0144927536231885,0.9922904750062174,-880.0,-0.00992555831265507,0.00992555831265507,0.03258145363408521,-0.016029593094944512,0.026932213754947774,0.028855576506179717,636916.2,627145.25,-0.011898883351522227,0.7593822962065008,23.66781511008288,1716.3844118135721,99489721.0,34.84848484848485,37.37373737373736,0.007500000000000062,0.045751633986928164,0.0013089005235602524,0.014442025224757718,-0.02882205513784461,38750.0
2024-02-16,40000.0,40050.0,38450.0,38750.0,605063,-0.028822055137844638,-0.029245568096461796,39235.71428571428,39432.142857142855,40140.47619047619,0.026682199434496793,1600.0,1250.0,45.35015135209475,-227.69271049553936,-107.83682475624309,-119.85588573929627,43097.33937547848,37207.66062452152,0.14668274082453034,0.26187156221854685,39650.0,39440.0,39105.0,40152.5,0.9825050709939148,0.9650706680779528,-712.5,-0.028822055137844638,0.028822055137844638,0.04129032258064516,-0.03125,0.027524503214188117,0.028084851389920503,678694.2,626858.85,0.270492164714232,0.9652300513903569,23.87797389864714,1708.071239541174,98884658.0,22.54901960784314,32.76886512180629,-0.00992555831265507,0.007500000000000062,0.045751633986928164,-0.010415871150166548,-0.003870967741935484,38600.0
2024-02-19,38750.0,39350.0,38250.0,38600.0,530666,-0.003870967741935516,-0.0038784793285708565,39142.857142857145,39210.71428571428,40078.57142857143,0.024913609685868157,1100.0,150.0,44.723153931369474,-284.40479437808244,-143.15041868061098,-141.25437569747146,43059.13970026472,37035.86029973528,0.15040338099830056,0.25968240824545413,39083.333333333336,39510.0,39135.0,40047.5,0.9769678562389269,0.963855421686747,-537.5,-0.003870967741935516,0.003870967741935516,0.02849740932642487,-0.003870967741935484,0.02770857995086418,0.027934016379037904,701934.2,627910.2,-0.12295744410086218,0.8451304024046751,23.7428956559379,1664.6375795739475,98353992.0,19.607843137254903,25.668449197860955,-0.028822055137844638,-0.00992555831265507,0.007500000000000062,-0.014206193730811742,-0.006476683937823834,38350.0
2024-02-20,38500.0,38800.0,37750.0,38350.0,483960,-0.006476683937823857,-0.006497748657520007,39164.28571428572,39050.0,39966.666666666664,0.022615327406702964,1050.0,150.0,43.6402068215149,-345.5392783957068,-183.62819062363016,-161.91108777207663,42820.29854222619,36909.70145777381,0.14826532257500022,0.24368071814856845,38566.666666666664,39180.0,38995.0,39865.0,0.9788157223072996,0.9619967389941051,-685.0,-0.006476683937823857,0.006476683937823857,0.027379400260756193,-0.003896103896103896,0.013194470243487796,0.024799273666084292,515582.0,604646.85,-0.08801392966574073,0.8004010936301083,23.644267344504698,1620.7348953186656,97870032.0,18.9873417721519,20.381401505749974,-0.003870967741935516,-0.028822055137844638,-0.00992555831265507,-0.013056568939201338,-0.003911342894393742,38200.0
2024-02-21,37900.0,38800.0,37700.0,38200.0,485298,-0.003911342894393766,-0.003919012200735719,39157.142857142855,38917.857142857145,39785.71428571428,0.02267272791278151,1100.0,-300.0,42.96791925301065,-401.4647085702454,-227.19549421295324,-174.26921435729219,42493.63180614531,36836.36819385469,0.14262608375874514,0.24104088117491462,38383.333333333336,38760.0,38980.0,39665.0,0.9855521155830753,0.9630656750283625,-905.0,-0.003911342894393766,0.003911342894393766,0.028795811518324606,0.0079155672823219,0.01048234111086513,0.022157846586555056,516246.0,587122.55,0.002764691296801347,0.8265701939058548,23.643109208871255,1583.5395456530468,97384734.0,15.189873417721518,17.928352775709435,-0.006476683937823857,-0.003870967741935516,-0.028822055137844638,-0.004752998191384379,0.0,38200.0
2024-02-22,38800.0,38900.0,38000.0,38200.0,505438,0.0,0.0,38900.0,38885.71428571428,39595.23809523809,0.011404650415185073,900.0,600.0,42.96791925301065,-440.70583239849657,-269.89756185006195,-170.80827054843462,42281.95402990589,36728.04597009411,0.14058747145454467,0.26503031992138804,38250.0,38420.0,38875.0,39505.0,0.9942738157209786,0.9669662068092646,-1085.0,0.0,0.0,0.02356020942408377,-0.015463917525773196,0.011529808355286424,0.020560989734210753,522085.0,588759.15,0.04150027405841361,0.8584800762756722,23.68377145372614,1534.7152923921149,97384734.0,15.189873417721518,16.455696202531637,-0.003911342894393766,-0.006476683937823857,-0.003870967741935516,-0.0034626756107392076,-0.03795811518324607,36750.0
2024-02-23,38450.0,38550.0,36500.0,36750.0,1063574,-0.0379581151832461,-0.03869728995368384,38392.857142857145,38775.0,39373.80952380953,0.014776977659858083,2050.0,1700.0,36.63988908747641,-582.097529615523,-332.33755540315417,-249.75997421236877,41876.99639079124,36558.00360920876,0.13562804313335827,0.03609638115247021,37716.666666666664,38020.0,38730.0,39217.5,0.9665965281430826,0.9370816599732262,-1197.5,-0.0379581151832461,0.0379581151832461,0.055782312925170066,-0.044213263979193757,0.015554128288885406,0.02226338609905735,613787.2,616732.8,1.1042620459878365,1.724529650441812,24.389038997438597,1571.5213429355351,96321160.0,4.9504950495049505,11.776747294982655,0.0,-0.003911342894393766,-0.006476683937823857,-0.013956486025879955,-0.0163265306122449,36150.0
2024-02-26,36400.0,36850.0,35750.0,36150.0,737377,-0.01632653061224487,-0.016461277054071962,37857.142857142855,38517.857142857145,39071.42857142857,0.014746337162043231,1100.0,250.0,34.383362304482574,-734.1041581517711,-412.6908759528776,-321.4132821988935,41521.89369496382,36308.10630503618,0.1339788613626531,-0.030324655228868347,37033.333333333336,37530.0,38520.0,38915.0,0.9632294164668266,0.9289477065398947,-1385.0,-0.01632653061224487,0.01632653061224487,0.030428769017980636,-0.006868131868131868,0.015232442607827102,0.022524717462559296,655129.4,590959.05,-0.30669892268897136,1.2477632756449029,24.006286801250248,1537.8412470115684,95583783.0,6.896551724137931,9.012306730454792,-0.0379581151832461,0.0,-0.003911342894393766,-0.018094881931830325,-0.02627939142461964,35200.0
2024-02-27,35650.0,35950.0,35000.0,35200.0,656922,-0.026279391424619658,-0.026630866000722304,37350.0,38292.857142857145,38738.09523809524,0.014325873996190869,950.0,450.0,31.115796768582456,-920.6152869690341,-514.275758156109,-406.3395288129251,41351.12105379034,35828.87894620966,0.14310033966262445,-0.11388108923119565,36033.333333333336,36900.0,38040.0,38590.0,0.9539295392953929,0.912153407618554,-1690.0,-0.026279391424619658,0.026279391424619658,0.026988636363636364,-0.012622720897615708,0.015700805376516885,0.014400261432875264,689721.8,605582.15,-0.10910972270629538,1.0847776804517768,23.864121930587043,1510.1383007964564,94926861.0,3.053435114503817,4.966827296048892,-0.01632653061224487,-0.0379581151832461,0.0,-0.02685467907337021,0.045454545454545456,36800.0
2024-02-28,35400.0,37600.0,35350.0,36800.0,1131591,0.045454545454545414,0.044451762570833796,37092.857142857145,38117.857142857145,38504.76190476191,0.02641152473583764,2250.0,-1400.0,41.24353928513111,-928.6155698091243,-597.143720486712,-331.47184932241225,41101.07191197944,35698.92808802056,0.14068082874892904,0.20382128796647522,36050.0,36620.0,37690.0,38400.0,1.0049153468050245,0.9583333333333334,-1780.0,0.045454545454545414,0.045454545454545414,0.06114130434782609,0.03954802259887006,0.032471375640006385,0.022825690987508057,818980.4,627848.75,0.722565236055422,1.8023305772289904,24.452388289218554,1573.6998507395665,96058452.0,27.480916030534353,12.476967623058693,-0.026279391424619658,-0.01632653061224487,-0.0379581151832461,0.0009495411392269615,0.010869565217391304,37200.0
2024-02-29,36400.0,37800.0,36000.0,37200.0,628677,0.010869565217391353,0.010810916104215676,36928.57142857143,38046.42857142857,38342.857142857145,0.027244051350239603,1800.0,-800.0,43.480785696208635,-892.3922521503991,-656.1934268194495,-236.1988253309496,40891.94291524494,35623.05708475506,0.13772164491903222,0.2992934305236827,36400.0,36420.0,37420.0,38257.5,1.0214168039538716,0.9723583611056655,-1837.5,0.010869565217391353,0.010869565217391353,0.04838709677419355,0.02197802197802198,0.03340931332139217,0.02364546839712228,843628.2,629517.9,-0.44443089420117343,0.9986642159023595,23.87543693057984,1589.8641471153119,96687129.0,33.587786259541986,21.37404580152671,0.045454545454545414,-0.026279391424619658,-0.01632653061224487,0.01001490641577237,0.030913978494623656,38350.0
2024-03-04,38200.0,38600.0,37500.0,38350.0,831708,0.03091397849462374,0.030445766534164403,36950.0,38053.57142857143,38261.90476190476,0.030263406463564808,1100.0,-150.0,49.44121269716084,-762.1045559545237,-677.3756526464645,-84.72890330805922,40870.94260472163,35614.05739527837,0.13746186074245317,0.5204493717699772,37450.0,36740.0,37380.0,38242.5,1.0438214480130648,1.0028110086945152,-1502.5,0.03091397849462374,0.03091397849462374,0.028683181225554105,0.003926701570680628,0.030408441113459122,0.02495416917841938,797255.0,644037.4,0.322949622779265,1.291397052407205,24.185746503490225,1576.302422321361,97518837.0,51.14503816793893,37.40458015267175,0.010869565217391353,0.045454545454545414,-0.026279391424619658,0.02907936305552017,-0.010430247718383311,37950.0
2024-03-05,38400.0,38400.0,37500.0,37950.0,349571,-0.010430247718383301,-0.01048502397162625,36914.28571428572,37907.142857142855,38228.57142857143,0.030553814590219885,900.0,450.0,47.56236518124798,-683.2511808044292,-678.5507582780574,-4.700422526371767,40856.48947216311,35593.51052783689,0.1376842104467293,0.4477482234093935,37833.333333333336,37100.0,37315.0,38225.0,1.022911051212938,0.9928057553956835,-1125.0,-0.010430247718383301,0.010430247718383301,0.023715415019762844,-0.01171875,0.029277588893294765,0.025130654019064478,719693.8,631693.75,-0.579695037200556,0.5533868270819523,23.30848675027689,1527.995106441264,97169266.0,50.86206896551724,45.198297797666044,0.03091397849462374,0.010869565217391353,0.045454545454545414,0.010451098664543931,0.09354413702239789,41500.0
2024-03-06,37450.0,41650.0,37200.0,41500.0,2473474,0.09354413702239794,0.08942392339501373,37592.857142857145,37992.857142857145,38380.95238095238,0.0408160930188861,4450.0,-4050.0,61.533652312833155,-330.4942494953284,-608.9394565215117,278.4452070261833,41255.44428296419,35369.55571703581,0.15362841281379144,1.0415494983121947,39266.666666666664,38360.0,37630.0,38312.5,1.0818561001042752,1.0831973898858076,47.5,0.09354413702239794,0.09354413702239794,0.10722891566265061,0.1081441922563418,0.0393550299892678,0.038980098865467494,1083004.2,725632.05,6.075741408755303,3.408716580255792,25.354582904402122,1736.7097416954593,99642740.0,97.74436090225564,66.5838226785706,-0.010430247718383301,0.03091397849462374,0.010869565217391353,0.038009289266212797,-0.030120481927710843,40250.0
2024-03-07,41500.0,41950.0,39850.0,40250.0,1543689,-0.030120481927710885,-0.030583423372080278,38178.57142857143,38017.857142857145,38404.76190476191,0.043054355329770144,2100.0,1250.0,55.887243056945636,-150.06651984295604,-517.1648691858006,367.0983493428446,41475.548411063886,35339.451588936114,0.15976298436835965,0.8002723153512902,39900.0,39050.0,37835.0,38407.5,1.030729833546735,1.0479724012237193,642.5,-0.030120481927710885,0.030120481927710885,0.05217391304347826,-0.030120481927710843,0.047549517592587714,0.04075459925059905,1165423.8,780577.35,-0.375902475627397,1.977624638993176,24.852550847270482,1762.6590458600695,98099051.0,75.53956834532374,74.71533273769886,0.09354413702239794,-0.010430247718383301,0.03091397849462374,0.017664469125434585,-0.002484472049689441,40150.0
2024-03-08,40950.0,41100.0,39650.0,40150.0,851603,-0.00248447204968949,-0.0024875634718017465,38885.71428571428,38117.857142857145,38490.47619047619,0.03998894895267438,1450.0,800.0,55.448886848343754,-14.972811199724674,-416.72645758858545,401.7536463888608,41598.00221912596,35306.99778087404,0.16360456246672977,0.7698297253898747,40633.333333333336,39640.0,38030.0,38452.5,1.0128657921291624,1.0441453741629283,1187.5,-0.00248447204968949,0.00248447204968949,0.0361145703611457,-0.019536019536019536,0.04848310932426149,0.04080255984468805,1210009.0,803159.6,-0.44833253330172074,1.0603160318322784,24.25525345418006,1740.3262568700648,97247448.0,74.10071942446044,82.4615495573466,-0.030120481927710885,0.09354413702239794,-0.010430247718383301,0.02031306101499919,-0.0012453300124533001,40100.0
2024-03-11,39050.0,40500.0,38650.0,40100.0,701672,-0.001245330012453305,-0.001246106080247183,39357.142857142855,38225.0,38530.95238095238,0.03881557484886546,1850.0,-1050.0,55.215685192724926,87.0518643606265,-315.9707931987431,403.0226575593696,41774.60151847232,35320.39848152768,0.16743506159788946,0.7405409298581561,40166.666666666664,39990.0,38365.0,38547.5,1.0027506876719179,1.0402749854076139,1442.5,-0.001245330012453305,0.001245330012453305,0.046134663341645885,0.026888604353393086,0.04818942300128029,0.03799081781248635,1184001.8,818434.55,-0.17605738824311323,0.857334285313346,24.060352950681942,1748.1600956650602,96545776.0,73.38129496402878,74.34052757793764,-0.00248447204968949,-0.030120481927710885,0.09354413702239794,-0.011283427996617893,0.00997506234413965,40500.0
2024-03-12,40100.0,41200.0,39750.0,40500.0,639633,0.009975062344139696,0.009925639799969998,39828.57142857143,38378.57142857143,38640.47619047619,0.03882255644455768,1450.0,-400.0,56.78164879014879,197.9025148496803,-213.19613158905844,411.09864643873874,41998.38914826645,35321.61085173355,0.17270507750990416,0.7755820125037657,40250.0,40500.0,38800.0,38660.0,1.0,1.0475944128297983,1840.0,0.009975062344139696,0.009975062344139696,0.03580246913580247,0.00997506234413965,0.046888758689703804,0.03690764352160015,1242014.2,829692.9,-0.08841595503312094,0.7709274118170711,23.97770710649092,1726.862945974699,97185409.0,79.13669064748201,75.53956834532373,-0.001245330012453305,-0.00248447204968949,-0.030120481927710885,0.0020817534273323,-0.018518518518518517,39750.0
2024-03-13,40900.0,40950.0,39350.0,39750.0,608362,-0.01851851851851849,-0.01869213301215252,40028.57142857143,38489.28571428572,38711.90476190476,0.03939948574328475,1600.0,1150.0,53.03692314540652,222.66695594679913,-126.02351408188693,348.69047002868604,41966.57961243539,35328.42038756461,0.17176167216173813,0.666085199624217,40116.666666666664,40150.0,39255.0,38647.5,0.9900373599003736,1.0285270716087715,1502.5,-0.01851851851851849,0.01851851851851849,0.04025157232704402,-0.028117359413202935,0.01579524007122766,0.036085247920259904,868991.8,789324.95,-0.04888897227003608,0.7707370709617123,23.908890498631855,1717.801306976506,96577047.0,68.34532374100719,73.62110311750598,0.009975062344139696,-0.001245330012453305,-0.00248447204968949,-0.003262928728944033,-0.026415094339622643,38700.0
2024-03-14,39400.0,39750.0,38300.0,38700.0,623771,-0.026415094339622636,-0.02677024106460478,40135.71428571428,38525.0,38650.0,0.0409258922018553,1450.0,700.0,48.240308780249265,155.7710969095424,-69.66459188360108,225.43568879314347,41794.73198976918,35340.26801023082,0.16735500044178014,0.5205284281421425,39650.0,39840.0,39445.0,38567.5,0.9713855421686747,1.0034355351007973,1272.5,-0.026415094339622636,0.026415094339622636,0.037467700258397935,-0.017766497461928935,0.014565029428873054,0.036014943735485555,685008.2,796414.6,0.02532866944352219,0.78322396400066,23.907133471875103,1698.6726421924702,95953276.0,53.23741007194245,66.90647482014388,-0.01851851851851849,0.009975062344139696,-0.001245330012453305,-0.01165285017133381,-0.0012919896640826874,38650.0
2024-03-15,38100.0,39150.0,38050.0,38650.0,398671,-0.0012919896640827266,-0.0012928250023051934,39728.57142857143,38660.71428571428,38571.42857142857,0.015199764408399883,1100.0,-550.0,48.01760766596637,97.59603815487935,-36.212465875904996,133.80850403078435,41671.41919623979,35338.58080376021,0.1644679494216226,0.5228965261725598,39033.333333333336,39540.0,39590.0,38505.0,0.97749114820435,1.0037657447084793,1035.0,-0.0012919896640827266,0.0012919896640827266,0.028460543337645538,0.014435695538057743,0.014681847922896514,0.03602289690337603,594421.8,792536.0,-0.3608696140089873,0.5030320389231531,23.458193848411216,1655.910310607294,95554605.0,52.51798561151079,58.033573141486805,-0.026415094339622636,-0.01851851851851849,0.009975062344139696,-0.015408534174074617,0.016817593790426907,39300.0
2024-03-18,38950.0,39500.0,38500.0,39300.0,423235,0.01681759379042691,0.016677743841784585,39592.857142857145,38885.71428571428,38542.857142857145,0.015114104424265645,1000.0,-350.0,51.17332091870293,102.75693470716215,-8.41858575929157,111.17552046645372,41717.37792048943,35347.62207951057,0.16530865739256112,0.6204912745732584,38883.333333333336,39380.0,39685.0,38532.5,0.9979685119349924,1.0199182508272238,847.5,0.01681759379042691,0.01681759379042691,0.02544529262086514,0.008985879332477536,0.018365507228171967,0.0351346157282553,538734.4,783444.6,0.061614714890222855,0.5402232653081022,23.53466265723759,1609.0595741353443,95977840.0,61.8705035971223,55.87529976019184,-0.0012919896640827266,-0.026415094339622636,-0.01851851851851849,-0.0036298300710928175,-0.005089058524173028,39100.0
2024-03-19,38950.0,39300.0,38500.0,39100.0,309547,-0.0050890585241730735,-0.00510205188389551,39442.857142857145,39164.28571428572,38559.52380952381,0.015119749729990261,800.0,-150.0,50.164215317863146,89.67493702353386,11.200118797273515,78.47481822626034,41752.44254952055,35362.55745047945,0.16572353236182588,0.5848998051751213,39016.666666666664,39100.0,39800.0,38557.5,1.0,1.014069895610452,542.5,-0.0050890585241730735,0.0050890585241730735,0.020460358056265986,0.0038510911424903724,0.0166814449471086,0.03494815268003189,472717.2,772388.65,-0.2686167259324016,0.40076585796541675,23.216742963468853,1551.2696045542482,95668293.0,56.81818181818182,57.06889034227163,0.01681759379042691,-0.0012919896640827266,-0.026415094339622636,0.0034788485340570365,0.052429667519181586,41150.0
2024-03-20,39500.0,41550.0,38750.0,41150.0,1521772,0.052429667519181544,0.05110146013175869,39592.857142857145,39475.0,38680.95238095238,0.025775718828143508,2800.0,-1650.0,59.07288229124848,241.93633556744317,57.34736215130744,184.58897341613573,42093.23649092351,35301.76350907649,0.17550159524121772,0.8611145927481866,39850.0,39380.0,39765.0,38697.5,1.0449466734382935,1.0633761870921894,682.5,0.052429667519181544,0.052429667519181544,0.06804374240583232,0.04177215189873418,0.029543568030577717,0.023830184551346778,655399.2,824279.25,3.916125822572986,1.8461850155757287,24.860365209412446,1640.4646328003735,97190065.0,86.5546218487395,68.4144357546812,-0.0050890585241730735,0.01681759379042691,-0.0012919896640827266,0.021386067595145126,0.1652490886998785,47950.0
2024-03-21,42350.0,48700.0,42100.0,47950.0,14410940,0.16524908869987853,0.15293487420636845,40657.142857142855,40242.857142857145,39138.09523809524,0.062315184751236805,6600.0,-5600.0,75.02272072894544,900.9224872976483,226.06238718057563,674.8601001170728,44523.647571692374,33846.352428307626,0.27248424507808466,1.3209007882891075,42733.333333333336,41230.0,40535.0,39185.0,1.162988115449915,1.223682531580962,2045.0,0.16524908869987853,0.16524908869987853,0.13764337851929093,0.1322314049586777,0.07063853831685707,0.055703771776547784,3412833.0,1520561.35,8.469841737132764,9.477381494669714,27.261412278638637,2062.574301886061,111601005.0,93.47826086956522,78.95035484549551,0.052429667519181544,-0.0050890585241730735,0.01681759379042691,0.07086323256496234,-0.06777893639207508,44700.0
2024-03-22,47200.0,47400.0,43800.0,44700.0,5006047,-0.0677789363920751,-0.07018529970992411,41364.28571428572,40696.42857142857,39447.619047619046,0.07068847097745856,3600.0,2500.0,62.48833122511967,1147.6959966327413,410.38910907100876,737.3068875617325,45362.80859255218,33657.19140744782,0.29626973386748573,0.9433768777783355,44600.0,42440.0,40990.0,39510.0,1.0532516493873705,1.1313591495823843,2930.0,-0.0677789363920751,0.0677789363920751,0.08053691275167785,-0.05296610169491525,0.08621789332018943,0.06196896432668436,4334308.2,1745591.8,-0.6526217581920402,2.8678222480192677,26.13388592026943,2211.6761374656285,106594958.0,65.21739130434783,81.75009134088417,0.16524908869987853,0.052429667519181544,-0.0050890585241730735,0.04996660660899499,-0.015659955257270694,44000.0
2024-03-25,44550.0,45150.0,43950.0,44000.0,1767174,-0.015659955257270708,-0.015783867701262,42121.42857142857,41128.57142857143,39723.80952380953,0.06967543929962078,1200.0,550.0,60.1570417132782,1272.117452702878,582.7347777973825,689.3826749054954,45900.982832617,33844.017167383,0.30238800339166105,0.8423332299851823,45550.0,43380.0,41380.0,39872.5,1.0142923005993545,1.1035174619098376,3507.5,-0.015659955257270708,0.015659955257270708,0.02727272727272727,-0.012345679012345678,0.08886121502887634,0.062487458934962783,4603096.0,1780771.8,-0.6469921277207346,0.9923640974098983,25.07683713135346,2139.4135562180836,104827784.0,59.130434782608695,72.6086956521739,-0.0677789363920751,0.16524908869987853,0.052429667519181544,0.027270065683510907,-0.005681818181818182,43750.0
2024-03-26,44750.0,45350.0,43600.0,43750.0,2315077,-0.005681818181818232,-0.005698021114637779,42850.0,41289.28571428572,40057.142857142855,0.06990179983916821,1750.0,1000.0,59.30605462967032,1335.15856554755,733.219535347416,601.9390302001341,46251.05026345182,34253.94973654818,0.29804609718411623,0.7915287733195879,44150.0,44310.0,41705.0,40252.5,0.9873617693522907,1.0868890131047761,4057.5,-0.005681818181818232,0.005681818181818232,0.04,-0.0223463687150838,0.08891315786913893,0.06271095775211215,5004202.0,1859656.8,0.31004473809596567,1.2448947569250413,25.34120039808405,2111.5983022025066,102512707.0,53.521126760563384,59.2896509491733,-0.015659955257270708,-0.0677789363920751,0.16524908869987853,-0.02970690327705468,0.018285714285714287,44550.0
2024-03-27,43300.0,45150.0,42750.0,44550.0,1812695,0.01828571428571424,0.018120541113194836,43600.0,41596.42857142857,40457.142857142855,0.06990038830097688,2400.0,-1250.0,61.19765392525815,1433.1519324139153,873.206014760716,559.9459176531993,46514.49829806825,34925.50170193175,0.2846020775082636,0.8304859025738979,44100.0,44990.0,42185.0,40720.0,0.9902200488997555,1.094056974459725,4270.0,0.01828571428571424,0.01828571428571424,0.05387205387205387,0.028868360277136258,0.08765033648080935,0.06196556949765545,5062386.6,1917445.45,-0.21700444520851792,0.9453697887467933,25.11469267904222,2132.198423473756,104325402.0,61.032863849765256,57.89480846431243,-0.005681818181818232,-0.015659955257270708,-0.0677789363920751,-0.001018686384458234,0.04601571268237935,46600.0
2024-03-28,44500.0,47350.0,44150.0,46600.0,4241031,0.04601571268237925,0.04498838721478178,44671.42857142857,42057.142857142855,41000.0,0.06971535200660806,3200.0,-2100.0,65.6091942598449,1657.1279100737302,1029.9903938233188,627.1375162504114,47260.54151556528,35159.45848443472,0.29364433465495177,0.9454146778543698,44966.666666666664,44720.0,42975.0,41210.0,1.0420393559928445,1.130793496724096,3510.0,0.04601571268237925,0.04601571268237925,0.06866952789699571,0.04719101123595506,0.0424267465026207,0.061061824835617694,3028404.8,2072917.45,1.339627460769738,2.0459237293795756,26.009672778145603,2208.469964654202,108566433.0,80.28169014084507,64.9452269170579,0.01828571428571424,-0.005681818181818232,-0.015659955257270708,0.019539869595425086,0.03540772532188841,48250.0
2024-03-29,47150.0,49700.0,45750.0,48250.0,5090351,0.03540772532188852,0.03479528665339485,45685.71428571428,42639.28571428572,41545.23809523809,0.06896893755447955,3950.0,-1100.0,68.69430259550406,1945.3469477265826,1213.0617046039715,732.2852431226111,48271.916256470315,35253.083743529685,0.311734989833957,0.9983165728225991,46466.666666666664,45430.0,43935.0,41762.5,1.0620735197006383,1.1553427117629451,3667.5,0.03540772532188852,0.03540772532188852,0.08186528497409326,0.02332979851537646,0.026242847673201536,0.06071983727357473,3045265.6,2296001.15,0.20026262481929513,2.2170507188117043,26.227008451662996,2332.8649671789017,113656784.0,87.55364806866953,76.28940068642662,0.04601571268237925,0.01828571428571424,-0.005681818181818232,0.033236384096660666,0.0383419689119171,50100.0
2024-04-01,48650.0,51500.0,47300.0,50100.0,3426274,0.0383419689119171,0.03762518030582419,45992.857142857145,43325.0,42159.52380952381,0.0406435880495023,4200.0,-1450.0,71.75386659206757,2296.5687356571507,1429.7631108146074,866.8056248425432,49637.11913331722,35062.88086668278,0.3441378575356419,1.0317602099138505,48316.666666666664,46650.0,45015.0,42350.0,1.0739549839228295,1.1829988193624557,4300.0,0.0383419689119171,0.0383419689119171,0.08383233532934131,0.029804727646454265,0.02063724384799008,0.060818382959683,3377085.6,2425729.45,-0.3269081051581708,1.412471617558174,25.868760218396176,2466.2317552375516,117083058.0,89.59107806691449,85.80880542547636,0.03540772532188852,0.04601571268237925,0.01828571428571424,0.03992180230539496,-0.022954091816367265,48950.0
2024-04-02,50600.0,51500.0,48150.0,48950.0,2721075,-0.022954091816367317,-0.023221639114299777,46600.0,43982.142857142855,42664.28571428572,0.027751999102547786,3350.0,1650.0,67.34761611213358,2453.832885908654,1634.5770658334168,819.2558200752374,50444.74372624656,35355.25627375344,0.35173630425391894,0.9009413851230847,49100.0,47690.0,46000.0,42900.0,1.0264206332564478,1.141025641025641,4790.0,-0.022954091816367317,0.022954091816367317,0.06843718079673136,-0.03260869565217391,0.027627214162661257,0.06208718808299762,3458285.2,2544304.65,-0.20582095886085006,1.0694768804514034,25.615092228747493,2529.3580584348692,114361983.0,81.04089219330855,86.0618727762975,0.0383419689119171,0.03540772532188852,0.04601571268237925,0.016931867472479434,-0.03677221654749745,47150.0
2024-04-03,48000.0,48850.0,46900.0,47150.0,1449292,-0.036772216547497405,-0.037465359897052845,47050.0,44585.71428571428,43102.380952380954,0.032329161842654344,1950.0,850.0,61.03035118927276,2405.4918881181366,1788.7600302903609,616.7318578277757,50926.9904015014,35438.0095984986,0.3586865235454827,0.7561498429406557,48733.333333333336,48210.0,46600.0,43182.5,0.9780128604024061,1.0918774966711051,5027.5,-0.036772216547497405,0.036772216547497405,0.041357370095440084,-0.017708333333333333,0.038727919438420716,0.06398602012445212,3385604.6,2493095.55,-0.467382560201391,0.5813222842582187,24.947675007365447,2495.118197118093,112912691.0,67.65799256505576,79.42998760842626,-0.022954091816367317,0.0383419689119171,0.03540772532188852,-0.007128113150649207,0.018027571580063628,48000.0
2024-04-04,47950.0,49200.0,47600.0,48000.0,1660547,0.018027571580063517,0.01786700182842432,47657.142857142855,45253.57142857143,43411.90476190476,0.03165686035496397,1600.0,-50.0,62.804649432592264,2408.0111418364686,1912.6102525995825,495.4008892368861,51470.65953276254,35669.34046723746,0.3626651151141859,0.7803563412414893,48033.333333333336,48490.0,46605.0,43570.0,0.9898948236749845,1.1016754647693368,4920.0,0.018027571580063517,0.018027571580063517,0.03333333333333333,0.0010427528675703858,0.03436000726071263,0.03688718249886651,2869507.8,2498938.45,0.14576427662610425,0.664500960397804,25.101613914028434,2463.3240401810867,114573238.0,73.07692307692308,73.92526927842913,-0.036772216547497405,-0.022954091816367317,0.0383419689119171,-0.013899578927933734,0.009375,48450.0
2024-04-05,46750.0,48600.0,46700.0,48450.0,1231625,0.009374999999999911,0.009331327428884222,48214.28571428572,45907.142857142855,43802.380952380954,0.03160547672915528,1900.0,-1700.0,63.74575272874852,2418.440629600562,2013.7763279997785,404.66430160078335,52000.3865192286,35969.6134807714,0.3644599986008231,0.7785268052444282,47866.666666666664,48530.0,46980.0,43985.0,0.9983515351329075,1.101511879049676,4545.0,0.009374999999999911,0.009374999999999911,0.0392156862745098,0.03636363636363636,0.0306383459061411,0.027954369721236504,2097762.6,2517939.55,-0.2583016319321284,0.4891400192669439,24.812132610960447,2423.0866087395807,115804863.0,76.53846153846153,72.42445906014679,0.018027571580063517,-0.036772216547497405,-0.022954091816367317,-0.003123214989144659,-0.04437564499484004,46300.0
2024-04-08,49100.0,49100.0,46150.0,46300.0,1210462,-0.044375644994840036,-0.04539037724458684,48171.42857142857,46421.42857142857,44095.23809523809,0.03422936024683752,2950.0,2800.0,56.40296157554585,2227.541332212306,2056.529328842284,171.01200337002183,52155.82224171171,36434.17775828829,0.35493045453038524,0.6275311881091086,47583.333333333336,47770.0,47210.0,44295.0,0.9692275486707138,1.045264702562366,3475.0,-0.044375644994840036,0.044375644994840036,0.06371490280777538,-0.05702647657841141,0.027769628367460584,0.03190117355831542,1654600.2,2543379.05,-0.017182989952298833,0.4759267007408904,24.749409902972896,2460.7232795438963,114594401.0,59.21568627450981,69.61035696329812,0.009374999999999911,0.018027571580063517,-0.036772216547497405,-0.005657691138258869,0.004319654427645789,46500.0
2024-04-09,46350.0,46900.0,45300.0,46500.0,725772,0.004319654427645814,0.004310351501122263,47921.42857142857,46803.57142857143,44400.0,0.030683182287049613,1600.0,-150.0,56.90030948071793,2068.545685173507,2058.9326001085287,9.61308506497835,52302.47415790263,36887.52584209737,0.34566539557809756,0.6235813420176547,47083.333333333336,47280.0,47485.0,44595.0,0.983502538071066,1.0427177934746048,2685.0,0.004319654427645814,0.004319654427645814,0.034408602150537634,0.003236245954692557,0.02856728227086154,0.031665229865954554,1255539.6,2547686.0,-0.40041736130502237,0.28487498066873235,24.242198786501337,2399.243045290761,115320173.0,46.808510638297875,60.854219483756395,-0.044375644994840036,0.009374999999999911,0.018027571580063517,-0.010226996855731437,0.03118279569892473,47950.0
2024-04-11,45650.0,48750.0,45650.0,47950.0,1299553,0.031182795698924792,0.03070648873613666,47614.28571428572,46803.57142857143,44754.76190476191,0.029143647635818334,3100.0,-2300.0,60.425193223458784,2036.0727915086536,2054.360638388554,-18.28784687990037,52496.672569909664,37513.327430090336,0.33292623352559336,0.6965515692602882,46916.666666666664,47440.0,47825.0,45005.0,1.0107504215851602,1.0654371736473724,2435.0,0.031182795698924792,0.031182795698924792,0.06465067778936393,0.050383351588170866,0.028742131238358216,0.03244851153808489,1225591.8,2582245.55,0.7905802373197093,0.503264687589451,24.85544499747691,2449.2971134842783,116619726.0,59.42857142857143,55.150922780459695,0.004319654427645814,-0.044375644994840036,0.009374999999999911,-0.0029577316227564765,-0.020855057351407715,46950.0
2024-04-12,49200.0,49200.0,46550.0,46950.0,1204846,-0.02085505735140769,-0.021075595675175286,47328.57142857143,46964.28571428572,45097.619047619046,0.02894617363679434,2650.0,2250.0,56.965036972486445,1907.6558771956406,2025.0196861499714,-117.3638089543308,52333.863130097234,38501.136869902766,0.30456820080793673,0.6107879944396771,47133.333333333336,47230.0,47860.0,45417.5,0.9940715646834639,1.0337425001376122,1812.5,-0.02085505735140769,0.02085505735140769,0.05644302449414271,-0.04573170731707317,0.029155604511097746,0.030545517242606766,1134451.6,2611299.3,-0.07287659679905323,0.46139712900777025,24.758700800563883,2463.633033949687,115414880.0,48.0,51.412360688956426,0.031182795698924792,0.004319654427645814,-0.044375644994840036,0.004882464258387638,0.023429179978700747,48050.0
2024-04-15,46150.0,48150.0,45900.0,48050.0,1051418,0.023429179978700754,0.02315892976202959,47457.142857142855,47253.57142857143,45542.857142857145,0.026949026642987983,2250.0,-1900.0,59.6988715856332,1873.0539542758124,1994.62653977514,-121.57258549932749,52110.28284337398,39664.71715662602,0.2712190833396449,0.6737566659828593,47650.0,47150.0,47840.0,45887.5,1.0190880169671261,1.047126123672024,1262.5,0.023429179978700754,0.023429179978700754,0.046826222684703434,0.041170097508125676,0.0313693650719483,0.029261565269551863,1098410.2,2643936.65,-0.1273424155452232,0.39767140411628243,24.645647701669606,2448.3735315247095,116466298.0,60.57142857142857,55.99999999999999,-0.02085505735140769,0.031182795698924792,0.004319654427645814,0.011252306108739285,-0.04058272632674298,46100.0
2024-04-16,47300.0,48500.0,45350.0,46100.0,1167152,-0.04058272632674298,-0.041429185413698666,47185.71428571428,47421.42857142857,45897.619047619046,0.030475929955735,3150.0,1200.0,53.24187237568438,1669.043285842592,1929.5098889886306,-260.46660314603855,51622.86594534704,40832.13405465296,0.23342668088678986,0.4881843047078247,47033.333333333336,47110.0,47440.0,46227.5,0.978560815113564,0.9972419014655779,882.5,-0.04058272632674298,0.04058272632674298,0.06832971800433839,-0.02536997885835095,0.03008565924383726,0.028393387568179974,1089748.2,2681132.5,0.11007420455042616,0.4353205222047027,24.708645380290847,2498.4897078443732,115299146.0,38.285714285714285,48.95238095238094,0.023429179978700754,-0.02085505735140769,0.031182795698924792,-0.012669534566483306,0.0010845986984815619,46150.0
2024-04-17,46800.0,47500.0,45950.0,46150.0,947372,0.0010845986984815426,0.0010840109462583103,46857.142857142855,47535.71428571428,46223.80952380953,0.029949704771205194,1550.0,650.0,53.381106807147226,1494.1740352371635,1842.4427182383374,-348.26868300117394,50810.018041519324,42349.981958480676,0.18162378881577176,0.44917279361702744,46766.666666666664,47040.0,47160.0,46580.0,0.9810799319727891,0.9907685702018033,460.0,0.0010845986984815426,0.0010845986984815426,0.03358613217768147,-0.013888888888888888,0.02999070011188396,0.027993967103453594,1134068.2,2713023.75,-0.1883045224615132,0.3491941417763114,24.50109935441851,2430.7404429983467,116246518.0,27.210884353741495,42.02267573696144,-0.04058272632674298,0.023429179978700754,-0.02085505735140769,-0.005356315883186895,0.00866738894907909,46550.0
2024-04-18,45600.0,46900.0,45150.0,46550.0,850368,0.008667388949079147,0.00863004277421497,46892.857142857145,47532.142857142855,46578.57142857143,0.02493281570624163,1750.0,-950.0,54.547177973377224,1372.0494196888976,1748.3640585284495,-376.3146388395519,50223.26953687681,43476.73046312319,0.14400296848993857,0.4555327558737332,46266.666666666664,46760.0,47100.0,46850.0,0.9955089820359282,0.9935965848452508,-90.0,0.008667388949079147,0.008667388949079147,0.03759398496240601,0.020833333333333332,0.025236037144858742,0.02597170175292748,1044231.2,2679453.55,-0.10239272429415269,0.31736620326931964,24.401706758681456,2382.116125641322,117096886.0,22.04724409448819,29.181280911314644,0.0010845986984815426,-0.04058272632674298,0.023429179978700754,-0.010276912893060763,-0.047261009667024706,44350.0
2024-04-19,45650.0,45650.0,42250.0,44350.0,1985835,-0.047261009667024734,-0.04841429496748761,46585.71428571428,47253.57142857143,46730.95238095238,0.030927956586662777,3400.0,1300.0,47.508631371320945,1085.233274519298,1615.7379017266194,-530.5046272073214,50177.64578419322,43162.35421580678,0.1503169395411708,0.16929385936647337,45683.333333333336,46240.0,46735.0,46670.0,0.9591262975778547,0.9502892650524962,-430.0,-0.047261009667024734,0.047261009667024734,0.07666290868094701,-0.028477546549835708,0.031257750617875474,0.028724936727211114,1200429.0,2058198.3,1.3352654380221267,0.9648414343749093,25.201418026313874,2519.1078309526565,115111051.0,22.7027027027027,23.986943716977454,0.008667388949079147,0.0010845986984815426,-0.04058272632674298,-0.012503007339821348,-0.02254791431792559,43350.0
2024-04-22,43850.0,44250.0,42500.0,43350.0,944283,-0.022547914317925577,-0.022806005529037623,45928.57142857143,46771.42857142857,46511.90476190476,0.02640575668020913,1750.0,500.0,44.68606099066169,768.3803599332095,1446.2663933679376,-677.886033434728,50315.70190954554,42889.29809045446,0.15935633966184387,0.06203566635593017,44750.0,45300.0,46225.0,46602.5,0.956953642384106,0.9302076068880425,-1302.5,-0.022547914317925577,0.022547914317925577,0.040369088811995385,-0.011402508551881414,0.0246961575768768,0.02841314984387684,1179002.0,1855110.1,-0.5244907054211453,0.5090172276028253,24.435243170568864,2471.3144144560383,114166768.0,11.891891891891891,18.88061289636092,-0.047261009667024734,0.008667388949079147,0.0010845986984815426,-0.02038051167862372,-0.008073817762399077,43000.0
2024-04-23,43800.0,44000.0,43000.0,43000.0,477422,-0.008073817762399127,-0.008106587532988485,45364.28571428572,46346.42857142857,46430.95238095238,0.026314737766020106,1000.0,800.0,43.70729489648882,483.45707517280243,1253.7045297289108,-770.2474545561083,50436.268517141165,42668.731482858835,0.16685542203495687,0.0426478194669814,43566.666666666664,44680.0,45895.0,46552.5,0.9623992837958818,0.9236883088985554,-1872.5,-0.008073817762399127,0.008073817762399127,0.023255813953488372,-0.0182648401826484,0.022108471582097982,0.025833622473140094,1041056.0,1790622.5,-0.49440792643730747,0.2666234787064275,23.7451114694988,2366.2205277091784,113689346.0,10.79136690647482,15.128653833689796,-0.022547914317925577,-0.047261009667024734,0.008667388949079147,-0.025960913915783146,0.01744186046511628,43750.0
2024-04-24,44050.0,44650.0,43700.0,43750.0,811752,0.01744186046511631,0.017291497110061043,44750.0,46103.57142857143,46419.04761904762,0.02505063620432923,950.0,300.0,46.415751545438376,314.5461589055558,1065.87285556424,-751.3266966586841,50436.268517141165,42668.731482858835,0.16685542203495687,0.13920352260554972,43366.666666666664,44200.0,45620.0,46552.5,0.9898190045248869,0.9397991514956232,-2352.5,0.01744186046511631,0.01744186046511631,0.021714285714285714,-0.00681044267877412,0.025741218085497244,0.026791596350369085,1013932.0,1715456.25,0.7002819308703829,0.47319889388027236,24.293197045588727,2315.061918587094,114501098.0,21.58273381294964,14.755330870438774,-0.008073817762399127,-0.022547914317925577,-0.047261009667024734,-0.004393290538402798,-0.02057142857142857,42850.0
2024-04-25,42950.0,44100.0,42600.0,42850.0,661574,-0.020571428571428574,-0.020785967759834642,44285.71428571428,45735.71428571428,46376.19047619047,0.02225965789946466,1500.0,100.0,43.69866266274266,106.8291030391265,874.0641050592172,-767.2350020200907,50602.113200263055,42332.886799736945,0.17795720450908936,0.06253465260428166,43200.0,43460.0,45110.0,46467.5,0.9859641049240682,0.9221498897078604,-3007.5,-0.020571428571428574,0.020571428571428574,0.03500583430571762,-0.002328288707799767,0.023569054438417666,0.023682501544018148,976173.2,1657900.2,-0.185004779784959,0.3990433199778853,24.067838047310715,2256.8432101165877,113839524.0,8.633093525179856,13.66906474820143,0.01744186046511631,-0.008073817762399127,-0.022547914317925577,-0.0037344619562371304,0.028004667444574097,44050.0
2024-04-26,43650.0,44450.0,43100.0,44050.0,812359,0.028004667444574194,0.027619707338399815,43985.71428571428,45421.42857142857,46352.380952380954,0.026420660621131693,1350.0,-400.0,48.06411652371161,38.59689000373328,706.9706620481205,-668.3737720443872,50612.38377933148,42067.61622066852,0.18439291235785418,0.23199973149903608,43550.0,43400.0,44820.0,46340.0,1.0149769585253456,0.9505826499784203,-2940.0,0.028004667444574194,0.028004667444574194,0.03064699205448354,0.009163802978235968,0.022796127875198895,0.02630191914201558,741478.0,1486466.6,0.227918569955893,0.546503365766846,24.300778271057222,2209.925837965403,114651883.0,25.899280575539567,18.705035971223012,-0.020571428571428574,0.01744186046511631,-0.008073817762399127,0.008291699779420644,0.00340522133938706,44200.0
2024-04-29,44750.0,44950.0,43450.0,44200.0,615388,0.0034052213393871433,0.0033994367014640097,43650.0,45271.42857142857,46238.09523809524,0.02598678690162085,1500.0,550.0,48.60060866437788,-3.335435194981983,564.9094425995,-568.244877794482,50412.62696025695,41862.37303974305,0.1853211361801984,0.2733985425448571,43700.0,43570.0,44435.0,46137.5,1.0144594904750976,0.9580059604443241,-2567.5,0.0034052213393871433,0.0034052213393871433,0.033936651583710405,-0.012290502793296089,0.019408664832060277,0.024510236981547803,675699.0,1262718.45,-0.24246792366429126,0.4873517132817692,24.026488310270004,2159.216849539303,115267271.0,28.057553956834532,20.863309352517977,0.028004667444574194,-0.020571428571428574,0.01744186046511631,0.0036128200708442546,-0.01809954751131222,43400.0
2024-04-30,43900.0,44700.0,43300.0,43400.0,535087,-0.018099547511312264,-0.018265347977293313,43514.28571428572,45050.0,46007.142857142855,0.019823932280224776,1400.0,500.0,45.878600560672254,-99.96804969318327,431.9339441409634,-531.9019938341467,49812.02484387917,41792.97515612083,0.17507886442352133,0.20040090864287927,43883.333333333336,43650.0,44165.0,45802.5,0.9942726231386025,0.9475465313028765,-2152.5,-0.018099547511312264,0.018099547511312264,0.03225806451612903,-0.011389521640091117,0.02138996898470608,0.022107139836431474,687232.0,1118159.1,-0.13048840731375977,0.4785428120202214,23.868399349611447,2104.98707457221,114732184.0,16.546762589928058,23.501199040767375,0.0034052213393871433,0.028004667444574194,-0.020571428571428574,0.004436780424216358,0.024193548387096774,44450.0
2024-05-02,42800.0,44650.0,42800.0,44450.0,520083,0.024193548387096753,0.023905520853554386,43671.42857142857,44800.0,45738.09523809524,0.019943954906368543,1850.0,-1650.0,49.848805983766056,-90.77744225224887,327.39166686232096,-418.16910911456984,49340.82369896053,41814.17630103947,0.16513954029775782,0.3501989079079979,44016.666666666664,43790.0,43995.0,45577.5,1.0150719342315597,0.9752619165158247,-1787.5,0.024193548387096753,0.024193548387096753,0.04161979752530934,0.038551401869158876,0.022774000310070486,0.024030333604167505,628898.2,1008109.5,-0.028040299988600026,0.5158993145089894,23.863863934190352,2086.7737121027667,115252267.0,31.654676258992804,25.419664268585123,-0.018099547511312264,0.0034052213393871433,0.028004667444574194,0.003166407405057211,0.01687289088863892,45200.0
2024-05-03,45000.0,46250.0,43900.0,45200.0,924245,0.01687289088863886,0.01673212487827186,43985.71428571428,44675.0,45559.52380952381,0.0197266531438525,2350.0,-200.0,52.52761445845656,-22.713263291378098,257.3706808315811,-280.0839441229592,49172.15384294859,41787.84615705141,0.1623638453363495,0.46208175337347407,44350.0,44260.0,43860.0,45480.0,1.0212381382738365,0.9938434476693052,-1220.0,0.01687289088863886,0.01687289088863886,0.051991150442477874,0.0044444444444444444,0.018722352477072195,0.024624125066411942,681432.4,981857.15,0.7771105765810458,0.9413232872011983,24.45558483283678,2105.575589809712,116176512.0,47.2,31.800479616306944,0.024193548387096753,-0.018099547511312264,0.0034052213393871433,0.007655630588141116,0.025442477876106196,46350.0
2024-05-07,46100.0,46750.0,46000.0,46350.0,737746,0.025442477876106206,0.02512420517367867,44357.142857142855,44553.57142857143,45521.42857142857,0.020601962470012815,750.0,-250.0,56.37541829216834,122.61010499182885,230.4185656636307,-107.80846067180184,48922.51959681003,41872.48040318997,0.15529575843647914,0.635105631875347,45333.333333333336,44720.0,44060.0,45397.5,1.036449016100179,1.0209813315711218,-677.5,0.025442477876106206,0.025442477876106206,0.016181229773462782,0.005422993492407809,0.01816301665318918,0.020356718595597168,666509.8,935717.1,-0.20178524092637773,0.7884284683907135,24.25533144192285,2065.891619109018,116914258.0,65.6,48.151558752997595,0.01687289088863886,0.024193548387096753,-0.018099547511312264,0.022169639050613938,0.018338727076591153,47200.0
2024-05-08,46350.0,47650.0,45500.0,47200.0,888941,0.01833872707659112,0.018172600579645502,44978.57142857143,44632.142857142855,45483.333333333336,0.016255345904759813,2150.0,-850.0,59.01938571469886,302.8764464673586,244.9101418243763,57.96630464298232,48671.417871089645,41998.582128910355,0.14718949469900275,0.7794913694954684,46250.0,45320.0,44445.0,45335.0,1.0414827890556047,1.0411381934487702,-15.0,0.01833872707659112,0.01833872707659112,0.045550847457627115,0.018338727076591153,0.0179595570575055,0.01829869405304362,721220.4,918582.9,0.2049418092405788,0.9677308384469164,24.459935317186993,2071.899360601231,117803199.0,91.66666666666667,68.15555555555555,0.025442477876106206,0.01687289088863886,0.024193548387096753,0.020218031947112063,0.012711864406779662,47800.0
2024-05-09,47800.0,49450.0,47650.0,47800.0,2208591,0.012711864406779627,0.012631746905900564,45514.28571428572,44750.0,45452.380952380954,0.015078045561813545,1800.0,0.0,60.82430800550295,488.5224240169482,293.6325982628907,194.88982575405748,48901.58386620411,41918.41613379589,0.15378039489998296,0.8422515528172457,47116.666666666664,46200.0,44925.0,45410.0,1.0346320346320346,1.0526315789473684,790.0,0.012711864406779627,0.012711864406779627,0.03765690376569038,0.0,0.005283719651724526,0.01733749375490659,1055921.2,968489.35,1.484519220060724,2.280449444281447,25.38264623209626,2084.620834844,120011790.0,77.08333333333333,78.11666666666666,0.01833872707659112,0.025442477876106206,0.01687289088863886,0.01883102311982565,-0.02405857740585774,46650.0
2024-05-10,47950.0,48450.0,45950.0,46650.0,999994,-0.024058577405857706,-0.024352712204057426,45864.28571428572,44757.142857142855,45469.04761904762,0.02034442563499813,2500.0,1300.0,55.75557284572161,536.6664528775436,342.2393691858213,194.42708369172232,48919.570815960185,41915.429184039815,0.1542168025963642,0.675967315449913,47216.666666666664,46640.0,45215.0,45417.5,1.0002144082332762,1.0271371167501513,1222.5,-0.024058577405857706,0.024058577405857706,0.05359056806002144,-0.027111574556830033,0.019509523835457617,0.020281135179424783,1151903.4,982200.45,-0.547225357705433,1.0181160067682722,24.5659327642432,2114.2907752122856,119011796.0,61.111111111111114,76.62037037037037,0.012711864406779627,0.01833872707659112,0.025442477876106206,0.002330671359171014,-0.04501607717041801,44550.0
2024-05-13,46750.0,46850.0,44200.0,44550.0,1086657,-0.045016077170418,-0.04606077337653451,46028.57142857143,44771.42857142857,45376.19047619047,0.027656850553099115,2650.0,2200.0,47.90487485035387,400.74890907456574,353.94127716357025,46.8076319109955,48556.7334936945,41938.2665063055,0.14627254516578803,0.39461305747554,46333.333333333336,46510.0,45385.0,45247.5,0.9578585250483767,0.9845847836897066,1262.5,-0.045016077170418,0.045016077170418,0.05948372615039282,-0.047058823529411764,0.030491077306547234,0.024875850370618735,1184385.8,971555.65,0.08666351998111987,1.118471185875971,24.602984001849304,2152.5557198399797,117925139.0,29.496402877697843,55.89694910738075,-0.024058577405857706,0.012711864406779627,0.01833872707659112,-0.01878759672316536,-0.005611672278338945,44300.0
2024-05-14,44900.0,45050.0,44100.0,44300.0,452499,-0.0056116722783389195,-0.005627476865728336,46007.142857142855,44839.28571428572,45202.380952380954,0.026285863531534392,950.0,600.0,47.05543010624644,269.75084587764286,337.1031909063848,-67.35234502874192,48348.5575975761,41881.4424024239,0.14334733891504386,0.3739778130732958,45166.666666666664,46100.0,45410.0,45115.0,0.9609544468546638,0.9819350548598027,985.0,-0.0056116722783389195,0.0056116722783389195,0.02144469525959368,-0.013363028953229399,0.026238512455807928,0.023533652782073554,1127336.4,933938.3,-0.5835861730058335,0.48450631053464666,23.72128078825804,2066.6588827085525,117472640.0,24.817518248175183,38.47501074566137,-0.045016077170418,-0.024058577405857706,0.012711864406779627,-0.024895442284871543,0.001128668171557562,44350.0
2024-05-16,45100.0,45550.0,44100.0,44350.0,681165,0.0011286681715576563,0.001128031704498637,45885.71428571428,44935.71428571428,45078.57142857143,0.025222786839580583,1450.0,750.0,47.2568656187283,168.03155595553108,303.28886391621404,-135.25730796068297,47866.234609872066,41993.765390127934,0.13070263119840045,0.4012340502271256,44400.0,45530.0,45425.0,44930.0,0.9740830221831759,0.9870910304918763,600.0,0.0011286681715576563,0.0011286681715576563,0.03269447576099211,-0.01662971175166297,0.022689074841659884,0.02351684816696434,1085781.2,915425.65,0.5053403432935764,0.7440964757760502,24.13142783430371,2022.6118196579419,118153805.0,25.547445255474454,26.62045546044915,-0.0056116722783389195,-0.045016077170418,-0.024058577405857706,-0.01649969375906642,-0.020293122886133032,43450.0
2024-05-17,44500.0,44750.0,43350.0,43450.0,541199,-0.020293122886133053,-0.02050185704418747,45471.42857142857,44914.28571428572,44859.52380952381,0.022588206890421448,1400.0,1050.0,44.01098258131511,14.627194267763116,245.55652998652388,-230.92933571876077,47750.5492715158,41844.4507284842,0.13183991390215094,0.27184600118298624,44033.333333333336,44660.0,45430.0,44797.5,0.9729064039408867,0.9699201964395334,-137.5,-0.020293122886133053,0.020293122886133053,0.03222094361334868,-0.02359550561797753,0.017946058790510033,0.023719904434637985,752302.8,884128.0,-0.20548031681017076,0.6121274295124688,23.880908458267378,1978.1395468252317,117612606.0,12.408759124087592,20.924574209245733,0.0011286681715576563,-0.0056116722783389195,-0.045016077170418,-0.008258708997638106,-0.005753739930955121,43200.0
2024-05-20,43500.0,43700.0,42500.0,43200.0,595948,-0.005753739930955071,-0.005770356461336367,44900.0,44939.28571428572,44721.42857142857,0.0193241261923935,1200.0,300.0,43.12489192778727,-125.67111980974732,171.31100002726967,-296.98211983701697,47613.28409565789,41686.71590434211,0.13273389006306327,0.2553390169162837,43666.666666666664,43970.0,45305.0,44650.0,0.982488060040937,0.9675251959686451,-680.0,-0.005753739930955071,0.005753739930955071,0.027777777777777776,-0.006896551724137931,0.01845731824547728,0.02222114056757883,671493.6,866556.8,0.1011624189992959,0.6877194893629592,23.971504468190027,1922.5581506234296,117016658.0,10.071942446043165,16.009382275201727,-0.020293122886133053,0.0011286681715576563,-0.0056116722783389195,-0.008306064881843489,0.02199074074074074,44150.0
2024-05-21,43800.0,44850.0,43400.0,44150.0,593861,0.0219907407407407,0.021752431799904354,44378.57142857143,44946.42857142857,44626.19047619047,0.021498126728656818,1450.0,-350.0,47.45424502034819,-158.37582605498028,105.37363481081968,-263.74946086579996,47360.733585411916,41699.266414588084,0.1271382701734523,0.43287958959502293,43600.0,43890.0,45200.0,44530.0,1.0059239006607428,0.991466427127779,-640.0,0.0219907407407407,0.0219907407407407,0.03284258210645526,0.007990867579908675,0.015384167676526405,0.02277217549056349,572934.4,853731.45,-0.003501983394524344,0.695606329133125,23.989748770297172,1903.0897112931848,117610519.0,23.741007194244606,15.407236254791778,-0.005753739930955071,-0.020293122886133053,0.0011286681715576563,-0.001352040692115808,0.009060022650056626,44550.0
2024-05-22,44250.0,45000.0,43450.0,44550.0,432650,0.009060022650056565,0.009019226866849236,44078.57142857143,44971.42857142857,44530.95238095238,0.021831127303924194,1550.0,-300.0,49.207407712814636,-150.28548677639628,54.24181049337649,-204.52729726977276,47369.46898495851,41710.53101504149,0.12705294050105578,0.5017671160301032,43966.666666666664,43940.0,45020.0,44540.0,1.013882567137005,1.0002245172878312,-600.0,0.009060022650056565,0.009060022650056565,0.03479236812570146,0.006779661016949152,0.015845703363760587,0.021097318980295134,568964.6,776072.2,-0.27146251395528587,0.5574867905331489,23.68205179898572,1877.869017629386,118043169.0,29.496402877697843,21.103117505995197,0.0219907407407407,-0.005753739930955071,-0.020293122886133053,0.008432341153280731,-0.020202020202020204,43650.0
2024-05-23,45000.0,45050.0,43300.0,43650.0,556586,-0.02020202020202022,-0.020408871631207123,43950.0,44989.28571428572,44497.619047619046,0.015264871122639866,1750.0,1350.0,45.526804868863465,-214.0291185464448,0.58762468541223,-214.61674323185704,47360.989833796346,41749.010166203654,0.12595622640764653,0.338737833419805,44116.666666666664,43800.0,44665.0,44555.0,0.9965753424657534,0.9796880260352373,-755.0,-0.02020202020202022,0.02020202020202022,0.04009163802978236,-0.03,0.018523755697794613,0.020110985360037442,544048.8,756687.35,0.2864578758811973,0.7355561051734247,23.913535536353603,1868.7355163701443,117486583.0,16.546762589928058,23.261390887290162,0.009060022650056565,0.0219907407407407,-0.005753739930955071,0.003616247729592348,-0.042382588774341354,41800.0
2024-05-24,43000.0,43250.0,41650.0,41800.0,822784,-0.04238258877434131,-0.04330694275490054,43592.857142857145,44800.0,44423.80952380953,0.02167712797600758,1600.0,1200.0,39.0594269386819,-409.10997969338496,-81.3518961903472,-327.75808350303777,47486.19761264527,41503.80238735473,0.13445095460817044,0.04951154203137534,43333.333333333336,43470.0,44065.0,44495.0,0.9615827007131355,0.9394313967861557,-1025.0,-0.04238258877434131,0.04238258877434131,0.03827751196172249,-0.027906976744186046,0.025125260479577523,0.021430244660514398,600365.8,773955.45,0.47826930609106233,1.0630896132329064,24.261100609318945,1878.111550915134,116663799.0,1.9230769230769231,15.988747463567599,-0.02020202020202022,0.009060022650056565,0.0219907407407407,-0.01784152877543499,0.0215311004784689,42700.0
2024-05-27,41750.0,42700.0,41500.0,42700.0,469451,0.021531100478468845,0.021302580703868187,43357.142857142855,44621.42857142857,44409.52380952381,0.024319403807796364,1200.0,-950.0,43.280735723163694,-485.4940164359359,-162.18032023946495,-323.31369619647097,47524.24164701511,41360.75835298489,0.1386844415599981,0.21728648933181358,42716.666666666664,43370.0,43670.0,44442.5,0.9845515333179617,0.960792034651516,-1072.5,0.021531100478468845,0.021531100478468845,0.02810304449648712,0.022754491017964073,0.028344573757961945,0.02358422478100557,575066.4,756840.4,-0.42943591513690105,0.6202774059101496,23.721273405103332,1829.6750115640532,117133250.0,15.09433962264151,11.188059711882154,-0.04238258877434131,-0.02020202020202022,0.009060022650056565,-0.013684502832630896,0.03864168618266979,44350.0
2024-05-28,42900.0,45200.0,42500.0,44350.0,1183829,0.03864168618266972,0.03791378852100956,43485.71428571428,44478.57142857143,44438.09523809524,0.028020926112224828,2700.0,-1450.0,50.10455624038774,-408.1824324999179,-211.38074269155555,-196.80168980836237,47507.70770269612,41527.29229730388,0.1343385276664736,0.4719919121589825,42950.0,43410.0,43650.0,44517.5,1.0216539967749367,0.9962374347166845,-1107.5,0.03864168618266972,0.03864168618266972,0.060879368658399095,0.0337995337995338,0.03253620271018394,0.024046653489200206,693060.0,782953.15,1.5217307024588296,1.5120049009318117,24.684132646076794,1891.841082166621,118317079.0,35.84905660377358,17.62215771649733,0.021531100478468845,-0.04238258877434131,-0.02020202020202022,0.0059300659622657514,-0.030439684329199548,43000.0
2024-05-29,44600.0,44700.0,43000.0,43000.0,499909,-0.030439684329199523,-0.030912593062026046,43457.142857142855,44178.57142857143,44445.23809523809,0.03079582122261793,1700.0,1600.0,45.30223565090383,-450.65133474377217,-259.2348611019989,-191.41647364177328,47525.804847714,41404.195152286,0.13767254459525452,0.260683860473144,43350.0,43100.0,43520.0,44465.0,0.9976798143851509,0.9670527381086248,-1365.0,-0.030439684329199523,0.030439684329199523,0.03953488372093023,-0.03587443946188341,0.034899511940037244,0.025880547839769324,706511.8,767330.65,-0.5777185725303232,0.6514909837108683,23.791136755562537,1878.138147726148,117817170.0,18.867924528301888,23.27044025157232,0.03864168618266972,0.021531100478468845,-0.04238258877434131,0.009911034110646347,-0.010465116279069767,42550.0
2024-05-30,42700.0,43000.0,42000.0,42550.0,428035,-0.010465116279069764,-0.010520260674179278,43228.57142857143,43803.57142857143,44373.80952380953,0.029258120893166525,1000.0,150.0,43.79540010735017,-514.6864993537092,-310.325188752341,-204.36131060136825,47560.0983979961,41204.9016020039,0.14319150106443315,0.2116533037724914,43300.0,42880.0,43340.0,44382.5,0.992304104477612,0.9587112037402129,-1502.5,-0.010465116279069764,0.010465116279069764,0.023501762632197415,-0.00351288056206089,0.034213623379694226,0.02595096502194732,680801.6,757963.0,-0.14377416689837552,0.5647175389827735,23.625395380977846,1815.4139943171374,117389135.0,15.107913669064748,23.274964933713395,-0.030439684329199523,0.03864168618266972,0.021531100478468845,-0.0007543714751998554,-0.01410105757931845,41950.0
2024-05-31,42550.0,42700.0,41550.0,41950.0,566428,-0.014101057579318454,-0.014201422106167963,42857.142857142855,43467.857142857145,44266.666666666664,0.028678193493154203,1150.0,600.0,41.79905287412343,-606.8543747677177,-369.63102595541636,-237.2233488123013,47644.28758270947,40975.71241729053,0.15049819827169797,0.1461013122805914,42500.0,42910.0,43190.0,44310.0,0.9776275926357493,0.9467388851275107,-1400.0,-0.014101057579318454,0.014101057579318454,0.027413587604290822,-0.01410105757931845,0.028223933259446263,0.025585836070882207,629530.4,759530.05,0.32332169098321395,0.745761145329273,23.89133896710546,1767.8844232944848,116822707.0,8.411214953271028,14.129017716879211,-0.010465116279069764,-0.030439684329199523,0.03864168618266972,-0.01833528606252925,0.0166865315852205,42650.0
2024-06-03,42000.0,43100.0,41800.0,42650.0,413760,0.016686531585220488,0.01654884102447293,42714.28571428572,43332.142857142855,44230.95238095238,0.029529146444878255,1300.0,-650.0,44.951752219316994,-616.3094979579764,-418.9667203559284,-197.34277760204805,47634.58173442263,40805.41826557737,0.1544360802543026,0.27010361413043316,42383.333333333336,42900.0,43135.0,44220.0,0.9941724941724942,0.9644957033016734,-1320.0,0.016686531585220488,0.016686531585220488,0.03048065650644783,0.015476190476190477,0.02741592753262099,0.0263119165116798,618392.2,754213.9,-0.2695276363456609,0.5485976856167726,23.59382392754212,1734.4641073448788,117236467.0,28.395061728395063,17.304730116910267,-0.014101057579318454,-0.010465116279069764,-0.030439684329199523,-0.0026265474243892437,-0.012895662368112544,42100.0
2024-06-04,42650.0,42800.0,41900.0,42100.0,347136,-0.01289566236811257,-0.012979533249352417,42757.142857142855,43175.0,44119.04761904762,0.024475247137542174,900.0,550.0,42.981666654248635,-660.568531819772,-467.28708264869715,-193.28144917107488,47572.4507161635,40557.5492838365,0.15919440445539532,0.21988202272598906,42233.333333333336,42450.0,42930.0,44065.0,0.9917550058892816,0.9554067854306139,-1615.0,-0.01289566236811257,0.01289566236811257,0.021377672209026127,-0.012895662368112544,0.016993206663683705,0.02521972135212541,451053.6,725358.45,-0.16102088167053363,0.4785716634306804,23.4052749327188,1674.859528248816,116889331.0,14.814814814814815,17.207030498826956,0.016686531585220488,-0.014101057579318454,-0.010465116279069764,-0.003436729454070179,0.009501187648456057,42500.0
2024-06-05,43000.0,43500.0,42450.0,42500.0,397134,0.009501187648456089,0.009456335242035444,42728.57142857143,43042.857142857145,43990.47619047619,0.023216394883926586,1050.0,500.0,44.87391274673668,-655.8077346252248,-504.99121304400273,-150.8165215812221,47272.88310535121,40472.11689464879,0.15501205107305083,0.2981845048812169,42416.666666666664,42350.0,42725.0,43872.5,1.0035419126328218,0.9687161661633141,-1522.5,0.009501187648456089,0.009501187648456089,0.024705882352941175,-0.011627906976744186,0.01429989817956944,0.025246364888639867,430498.6,708327.85,0.14403000553097356,0.5606641049056592,23.549288389176294,1655.226704802472,117286465.0,27.027027027027028,23.41230119007896,-0.01289566236811257,0.016686531585220488,-0.014101057579318454,0.004430685621854669,0.023529411764705882,43500.0
2024-06-07,42950.0,43950.0,42650.0,43500.0,514477,0.0235294117647058,0.023256862164267183,42607.142857142855,43046.42857142857,43854.76190476191,0.019523841419427042,1300.0,-550.0,49.3953663204672,-564.8320931237904,-516.9593890599604,-47.87270406383004,46706.88909819782,40668.11090180218,0.1382266826070532,0.4689506728179033,42700.0,42540.0,42710.0,43687.5,1.0225669957686883,0.9957081545064378,-1147.5,0.0235294117647058,0.0235294117647058,0.029885057471264367,0.012805587892898719,0.017206398796462158,0.02598421227077374,447787.0,689604.65,0.29547457533225563,0.7460463034870777,23.83142234678274,1640.5676544594385,117800942.0,54.054054054054056,31.965298631965293,0.009501187648456089,-0.01289566236811257,0.016686531585220488,0.006711645681683105,-0.006896551724137931,43200.0
2024-06-10,43400.0,43500.0,42650.0,43200.0,251848,-0.006896551724137945,-0.006920442844573795,42635.71428571428,43046.42857142857,43664.28571428572,0.015437017090261459,850.0,200.0,48.12023593779423,-511.0496720828014,-515.7774456645286,4.727773581727206,45777.72571497281,41137.27428502719,0.10678137099339861,0.44450970904720416,43066.666666666664,42790.0,42850.0,43457.5,1.0095816779621407,0.9940746706552379,-667.5,-0.006896551724137945,0.006896551724137945,0.019675925925925927,-0.004608294930875576,0.015468569134676716,0.021614717100352922,384871.0,591767.5,-0.510477630681255,0.4255860620936432,23.110176784231516,1584.0985362837644,117549094.0,45.945945945945944,42.342342342342334,0.0235294117647058,0.009501187648456089,-0.01289566236811257,0.008711349229674648,-0.020833333333333332,42300.0
2024-06-11,43200.0,43450.0,42300.0,42300.0,350895,-0.02083333333333337,-0.02105340919783238,42600.0,42914.28571428572,43402.380952380954,0.017129383231057373,1150.0,900.0,44.41588092325642,-534.8833915283831,-519.5986348372995,-15.284756691083544,45062.26001957662,41417.73998042338,0.08428584734396952,0.24207852065524732,43000.0,42720.0,42810.0,43240.0,0.9901685393258427,0.9782608695652174,-520.0,-0.02083333333333337,0.02083333333333337,0.027186761229314422,-0.020833333333333332,0.017890342709376835,0.021840477596739995,372298.0,559312.55,0.39328086782503724,0.6273683649687459,23.420784677497718,1553.0914979777813,117198199.0,21.62162162162162,40.540540540540526,-0.006896551724137945,0.0235294117647058,0.009501187648456089,-0.0014001577642551721,0.004728132387706856,42500.0
2024-06-12,42300.0,42950.0,42150.0,42500.0,310636,0.004728132387706863,0.004716989878138867,42678.57142857143,42767.857142857145,43204.76190476191,0.016133746731182997,800.0,-200.0,45.42137522001774,-531.5065803643374,-521.9802239427071,-9.52635642163034,44878.30290005564,41396.69709994436,0.08070949406227258,0.3168948362908795,42666.666666666664,42800.0,42625.0,43137.5,0.9929906542056075,0.9852216748768473,-337.5,0.004728132387706863,0.004728132387706863,0.018823529411764704,0.004728132387706856,0.01679088793558062,0.01718491813840918,364998.0,520511.5,-0.11473232733438776,0.596789888407845,23.303636442669127,1499.2992481222254,117508835.0,27.027027027027028,31.531531531531517,-0.02083333333333337,-0.006896551724137945,0.0235294117647058,-0.007667250889921484,-0.010588235294117647,42050.0
2024-06-13,43300.0,43350.0,42050.0,42050.0,835878,-0.010588235294117676,-0.010644689511414113,42592.857142857145,42653.57142857143,43085.71428571428,0.015257755388392701,1300.0,1250.0,43.51404646165232,-558.7013114424917,-529.324441442664,-29.376869999827704,44740.10318854827,41309.89681145173,0.07972588906674136,0.21576054242390047,42283.333333333336,42710.0,42530.0,43025.0,0.9845469445094825,0.9773387565368972,-315.0,-0.010588235294117676,0.010588235294117676,0.030915576694411414,-0.028868360277136258,0.016951742869701893,0.014785661091416215,452746.8,539680.45,1.6908600419783926,1.5488387619006767,24.28285261383277,1485.0635875420664,116672957.0,14.864864864864865,21.171171171171164,0.004728132387706863,-0.02083333333333337,-0.006896551724137945,-0.008897812079914727,-0.016646848989298454,41350.0
2024-06-14,42250.0,42500.0,41200.0,41350.0,658210,-0.01664684898929847,-0.016786964949256755,42485.71428571428,42621.42857142857,42945.23809523809,0.015772577526058738,1300.0,900.0,40.65421113979932,-629.4812140086433,-549.3557959558599,-80.1254180527834,44626.54067518917,41123.45932481083,0.08170452129162316,0.06466897354944509,41966.666666666664,42280.0,42410.0,42875.0,0.978003784295175,0.9644314868804664,-595.0,-0.01664684898929847,0.01664684898929847,0.03143893591293833,-0.021301775147928994,0.009854260371042358,0.015293217202575725,481493.4,538532.7,-0.21255254953474068,1.222228473776987,24.027107008815015,1471.8447598604903,116014747.0,3.75,15.213963963963955,-0.010588235294117676,0.004728132387706863,-0.02083333333333337,-0.007502317298569761,-0.014510278113663845,40750.0
2024-06-17,41300.0,41400.0,40250.0,40750.0,486479,-0.0145102781136639,-0.014616581782828661,42235.71428571428,42482.142857142855,42773.80952380953,0.015332140000436664,1150.0,550.0,38.32892659307564,-725.625226400829,-584.6096820448538,-141.01554435597518,44707.793313921924,40772.206686078076,0.09208204557425943,-0.005642535199445522,41383.333333333336,41790.0,42290.0,42740.0,0.9751136635558746,0.9534394010294805,-950.0,-0.0145102781136639,0.0145102781136639,0.02822085889570552,-0.013317191283292978,0.00983389491366133,0.015327469800185083,528419.6,535796.7,-0.2609060937998511,0.9079544536201885,23.71016013292837,1448.8558484418838,115528268.0,10.1010101010101,9.571958321958313,-0.01664684898929847,-0.010588235294117676,0.004728132387706863,-0.013915120799026681,0.03558282208588957,42200.0
2024-06-18,41250.0,42250.0,41200.0,42200.0,532686,0.03558282208588959,0.03496438135509442,42050.0,42328.57142857143,42714.28571428572,0.019205659541830542,1050.0,-950.0,46.319669905786604,-677.0129828174831,-603.0903421993797,-73.9226406181034,44659.397449929675,40720.602550070325,0.09226504801731902,0.3755964673312902,41433.333333333336,41770.0,42245.0,42690.0,1.0102944697151066,0.9885219020847974,-920.0,0.03558282208588959,0.03558282208588959,0.024881516587677725,0.02303030303030303,0.021724740718277513,0.018773237782546,564777.8,532633.6,0.09498251723095952,1.0000983790733442,23.835862911419387,1452.5090021246065,116060954.0,43.82022471910113,19.22374494003707,-0.0145102781136639,-0.01664684898929847,-0.010588235294117676,0.0014752316609757399,0.015402843601895734,42850.0
2024-06-19,42600.0,43150.0,42150.0,42850.0,528252,0.01540284360189581,0.015285424001822749,42000.0,42317.857142857145,42697.619047619046,0.02049776641838189,1000.0,-250.0,49.47977130439726,-579.3593676702221,-598.3441472935483,18.984779623326176,44473.61256650837,40776.38743349163,0.0867384195429146,0.5608564509612137,41933.333333333336,41840.0,42320.0,42625.0,1.0241395793499044,1.0052785923753667,-785.0,0.01540284360189581,0.01540284360189581,0.023337222870478413,0.005868544600938967,0.022836837874866053,0.018897038295958422,608301.0,529353.15,-0.008323853076671828,0.9979198196893699,23.842789645627374,1420.1869305442774,116589206.0,70.27027027027027,41.39716836346049,0.03558282208588959,-0.0145102781136639,-0.01664684898929847,0.012158462524707167,-0.024504084014002333,41800.0
2024-06-20,42850.0,43100.0,41550.0,41800.0,508500,-0.02450408401400228,-0.02480930551307811,41928.57142857143,42264.28571428572,42585.71428571428,0.021144192676407263,1550.0,1050.0,44.883235738471626,-580.0084228378109,-594.6770024024008,14.66857956458989,44130.947916008176,40844.052083991824,0.0773614788353363,0.2908360851283041,42283.333333333336,41790.0,42250.0,42487.5,1.000239291696578,0.9838187702265372,-697.5,-0.02450408401400228,0.02450408401400228,0.03708133971291866,-0.024504084014002333,0.02543191183917427,0.020383748319851628,542825.4,533145.65,-0.037391245087571856,0.9537731387286007,23.779872113030645,1429.4592926482576,116080706.0,41.891891891891895,51.99412896042109,0.01540284360189581,0.03558282208588959,-0.0145102781136639,0.00882719389126104,-0.03708133971291866,40250.0
2024-06-21,41350.0,41400.0,40100.0,40250.0,651676,-0.037081339712918715,-0.03778633566613831,41607.142857142855,42142.857142857145,42380.95238095238,0.024784213528373494,1300.0,1100.0,39.107699732469825,-697.5538828940334,-615.2523785007273,-82.30150439330612,44147.44823050157,40487.55176949843,0.08648659445863154,-0.06490669122189309,41633.333333333336,41570.0,41925.0,42317.5,0.9682463314890546,0.9511431440893248,-747.5,-0.037081339712918715,0.037081339712918715,0.03229813664596273,-0.026602176541717048,0.029846717133998123,0.021120994022259768,541518.6,537900.15,0.2815653883972469,1.2115185318316049,23.990168067766405,1448.7836288876676,115429030.0,3.896103896103896,38.68608868608869,-0.02450408401400228,0.01540284360189581,0.03558282208588959,-0.015394193375008395,-0.008695652173913044,39900.0
2024-06-24,40250.0,40250.0,39500.0,39900.0,348938,-0.008695652173912993,-0.008733679968754553,41300.0,41946.42857142857,42202.380952380954,0.024757789332396442,750.0,350.0,37.92108450877806,-809.6188002270428,-654.1256628459905,-155.4931373810523,44340.213513749164,40104.786486250836,0.10031208544018777,-0.04835084748745957,40650.0,41400.0,41595.0,42222.5,0.9637681159420289,0.9449937829356386,-822.5,-0.008695652173912993,0.008695652173912993,0.018796992481203006,-0.008695652173913044,0.029495815392028106,0.021122616742722065,514010.4,514207.85,-0.46455293734923486,0.6785932964656218,23.356781137922837,1398.8705125385486,115080092.0,8.98876404494382,18.2589199443132,-0.037081339712918715,-0.02450408401400228,0.01540284360189581,-0.023427025300277998,-0.015037593984962405,39300.0
2024-06-25,39550.0,39800.0,38800.0,39300.0,440360,-0.015037593984962405,-0.01515180502060222,41007.142857142855,41746.42857142857,42083.333333333336,0.024663067262860737,1000.0,250.0,35.90955873470449,-936.0557719241115,-710.5116846616147,-225.54408726249676,44524.97478833403,39580.02521166597,0.11758990729844987,-0.05662852721233433,39816.666666666664,40820.0,41295.0,42052.5,0.9627633512983832,0.934546103085429,-1232.5,-0.015037593984962405,0.015037593984962405,0.02544529262086514,-0.006321112515802781,0.019601164033602476,0.02079970734051529,495545.2,512753.3,0.26200069926462577,0.858814560530376,23.574327651099473,1377.5226187857952,114639732.0,9.70873786407767,7.53120193504179,-0.008695652173912993,-0.037081339712918715,-0.02450408401400228,-0.020271528623931372,0.026717557251908396,40350.0
2024-06-26,39500.0,40500.0,39150.0,40350.0,359808,0.026717557251908497,0.02636687584074235,40950.0,41592.857142857145,41971.42857142857,0.027345403078424597,1350.0,-850.0,41.7343477242692,-940.6880913799469,-756.5469660052811,-184.14112537466576,44185.66478087958,39519.33521912042,0.11149464337277737,0.17801245494680173,39850.0,40320.0,41080.0,41852.5,1.0007440476190477,0.9641001134938175,-1532.5,0.026717557251908497,0.026717557251908497,0.03345724907063197,0.021518987341772152,0.02400119410039582,0.023215319896177162,461856.4,471552.25,-0.1829230629484967,0.7630289114302816,23.398672508593123,1375.5567174439527,114999540.0,30.097087378640776,16.264863095887417,-0.015037593984962405,-0.008695652173912993,-0.037081339712918715,0.0009947703643443662,-0.006195786864931847,40100.0
2024-06-27,39850.0,40550.0,39650.0,40100.0,240743,-0.006195786864931829,-0.006215060403434285,40650.0,41350.0,41769.04761904762,0.02215263442785543,900.0,-250.0,40.78393668467853,-953.5403292284755,-795.94563864992,-157.5946905785554,44100.09273592478,39314.90726407522,0.11473201395071773,0.16406735758589677,39916.666666666664,39980.0,40885.0,41707.5,1.0030015007503752,0.9614577713840436,-1727.5,-0.006195786864931829,0.006195786864931829,0.022443890274314215,0.006273525721455458,0.022936231158023186,0.0231379206564579,408305.0,458593.95,-0.33091259782995375,0.5249589533398772,22.990616866831132,1341.5883804836703,114758797.0,27.659574468085108,22.488466570267846,0.026717557251908497,-0.015037593984962405,-0.008695652173912993,0.001828058800671421,-0.0012468827930174563,40050.0
2024-06-28,40200.0,40350.0,39700.0,40050.0,199030,-0.0012468827930174342,-0.001247660798155252,40250.0,41125.0,41628.57142857143,0.020133640111100345,650.0,150.0,40.58487086817488,-956.7317938764245,-828.102869695221,-128.6289241812035,44049.81795574402,39115.18204425598,0.11867097724975764,0.1894401071349006,40166.666666666664,39940.0,40755.0,41582.5,1.0027541311967951,0.9631455540191186,-1642.5,-0.0012468827930174342,0.0012468827930174342,0.016229712858926344,-0.0037313432835820895,0.016213717683274953,0.022748611283325917,317775.8,447143.7,-0.17326775856411192,0.4451141769413278,22.799094798735222,1292.1892104491224,114559767.0,26.881720430107528,28.2127940922778,-0.006195786864931829,0.026717557251908497,-0.015037593984962405,0.0064249625313197445,0.003745318352059925,40200.0
2024-07-01,39800.0,41050.0,39800.0,40200.0,329015,0.0037453183520599342,0.003738322110607158,40021.42857142857,40975.0,41516.666666666664,0.019431158565123452,1250.0,-400.0,41.50726266016651,-936.3634907501619,-849.7549939062093,-86.6084968439526,44030.61992835138,38959.38007164862,0.12221327525491639,0.24463838497239024,40116.666666666664,40000.0,40700.0,41495.0,1.005,0.9687914206530908,-1495.0,0.0037453183520599342,0.0037453183520599342,0.03109452736318408,0.010050251256281407,0.01566191703428161,0.022448964669743207,313791.2,435273.05,0.6530924986182987,0.7558818539305385,23.30548089609608,1289.175695417042,114888782.0,30.76923076923077,28.43684188914113,-0.0012468827930174342,-0.006195786864931829,0.026717557251908497,-0.0012324504352964432,-0.04228855721393035,38500.0
2024-07-02,40050.0,40250.0,38000.0,38500.0,821037,-0.04228855721393032,-0.04320875433123681,39771.42857142857,40689.28571428572,41352.380952380954,0.02097594556482941,2250.0,1550.0,34.89533488985472,-1045.347145101383,-888.8734241452441,-156.47372095613878,44090.294657968516,38484.705342031484,0.1357696473735884,0.0027284656628397976,39583.333333333336,39840.0,40330.0,41287.5,0.9663654618473896,0.9324856191341205,-1447.5,-0.04228855721393032,0.04228855721393032,0.05844155844155844,-0.03870162297128589,0.024909164808166493,0.02179501768804542,389926.6,455636.9,1.4954394176557302,1.801954582695124,24.176736974718064,1357.8060028872535,114067745.0,9.345794392523365,22.33224853062055,0.0037453183520599342,-0.0012468827930174342,-0.006195786864931829,-0.013263373884962607,-0.0025974025974025974,38400.0
2024-07-03,38450.0,38650.0,37400.0,38400.0,632762,-0.0025974025974025983,-0.0026007817000573675,39557.142857142855,40428.57142857143,41150.0,0.02098787882045943,1250.0,50.0,34.546719477978684,-1126.7976190791014,-936.4582631320156,-190.33935594708578,44156.65592611979,38048.34407388021,0.14861168669155359,0.05757006757781333,39033.333333333336,39450.0,39885.0,41102.5,0.973384030418251,0.9342497414999088,-1652.5,-0.0025974025974025983,0.0025974025974025983,0.032552083333333336,-0.0013003901170351106,0.018553778919668536,0.020251846984361697,444517.4,469918.2,-0.22931366065110337,1.3465364823069206,23.91366238168055,1350.1055741095925,113434983.0,17.391304347826086,19.168776503193403,-0.04228855721393032,0.0037453183520599342,-0.0012468827930174342,-0.013713547153090996,0.041666666666666664,40000.0
2024-07-04,38600.0,40100.0,38600.0,40000.0,627160,0.04166666666666674,0.0408219945202552,39657.142857142855,40332.142857142855,41050.0,0.026598992695653537,1500.0,-1400.0,44.15920069941111,-1050.1357668499186,-959.1937638755962,-90.94200297432235,43995.25012044962,37959.74987955038,0.14728815181256164,0.33804159373965004,38966.666666666664,39430.0,39705.0,40977.5,1.014455997971088,0.976145445671405,-1547.5,0.04166666666666674,0.04166666666666674,0.0375,0.03626943005181347,0.029776911700703675,0.025402394169449387,521800.8,481419.5,-0.00885324972106416,1.3027307784582884,23.945591703610322,1375.0980331017643,114062143.0,45.21739130434783,23.98483001489909,-0.0025974025974025983,-0.04228855721393032,0.0037453183520599342,-0.0010730977148887266,0.0125,40500.0
2024-07-05,41050.0,41400.0,40150.0,40500.0,679935,0.012499999999999956,0.01242251999855711,39678.57142857143,40314.28571428572,40954.76190476191,0.02498901934622081,1250.0,550.0,46.78910159340563,-938.2196630595281,-954.9989437123826,16.77928065285448,43606.078773401976,38048.921226598024,0.13611309893586312,0.44106699382882303,39633.333333333336,39520.0,39730.0,40827.5,1.0247975708502024,0.9919784459004347,-1307.5,0.012499999999999956,0.012499999999999956,0.030864197530864196,-0.013398294762484775,0.03028003313083355,0.022972521163964185,617981.8,489692.4,0.08414918043242547,1.3884940832244894,24.038809737479095,1376.8767450230669,114742078.0,53.91304347826087,38.84057971014492,0.04166666666666674,-0.0025974025974025983,-0.04228855721393032,0.0171897546897547,-0.0024691358024691358,40400.0
2024-07-08,41000.0,41700.0,40150.0,40400.0,454197,-0.0024691358024691024,-0.002472189145389037,39721.42857142857,40185.71428571428,40807.142857142855,0.024860349654413326,1550.0,600.0,46.31924651887823,-847.8213519638157,-933.5634253626692,85.74207339885356,43235.33189563618,38139.66810436382,0.12523904863342222,0.44357948016656484,40300.0,39560.0,39780.0,40687.5,1.0212335692618806,0.9929339477726574,-1127.5,-0.0024691358024691024,0.0024691358024691024,0.038366336633663366,-0.014634146341463415,0.03034899839438426,0.02276831748188971,643018.2,499809.85,-0.3319993822938957,0.9087395936674718,23.632871367615707,1389.2426918071337,114287881.0,52.17391304347826,50.43478260869565,0.012499999999999956,0.04166666666666674,-0.0025974025974025983,0.017232510288065866,-0.01608910891089109,39750.0
2024-07-09,40600.0,40750.0,39600.0,39750.0,513311,-0.016089108910891103,-0.016219943866763495,39678.57142857143,39964.28571428572,40642.857142857145,0.025721625098752678,1150.0,850.0,43.2771308960086,-819.1865344163016,-910.6880471733958,91.50151275709425,43021.83500238082,38098.16499761918,0.12139225850004061,0.335488568645613,40216.666666666664,39810.0,39825.0,40560.0,0.9984928409947249,0.9800295857988166,-750.0,-0.016089108910891103,0.016089108910891103,0.028930817610062894,-0.020935960591133004,0.02205741478924085,0.02285533590453545,581473.0,507930.65,0.13015057342959113,1.010592686225964,23.739002298413247,1372.153928106624,113774570.0,41.228070175438596,49.105008899059236,-0.0024691358024691024,0.012499999999999956,0.04166666666666674,-0.002019414904453417,-0.027672955974842768,38650.0
2024-07-10,39750.0,39750.0,38200.0,38650.0,820678,-0.02767295597484276,-0.028063066066909934,39457.142857142855,39739.28571428572,40469.04761904762,0.027478416366255757,1550.0,1100.0,38.65079964360412,-875.1656769712063,-903.583573132958,28.41789616175174,42792.43081832951,37942.56918167049,0.1201427295883821,0.14586618574480487,39600.0,39860.0,39655.0,40367.5,0.969643753135976,0.9574533969158358,-507.5,-0.02767295597484276,0.02767295597484276,0.040103492884864166,-0.027672955974842768,0.02697459608870528,0.02262477354542073,619056.2,533432.75,0.5987929344977996,1.5384844668798456,24.180188160920807,1384.857218956151,112953892.0,29.069767441860463,40.823916886925765,-0.016089108910891103,-0.0024691358024691024,0.012499999999999956,-0.015410400229400989,-0.00129366106080207,38600.0
2024-07-11,39000.0,39300.0,38550.0,38600.0,538019,-0.001293661060802087,-0.0012944985626458082,39471.42857142857,39621.42857142857,40283.333333333336,0.021927785716743517,750.0,400.0,38.44959774808872,-913.0391855031485,-905.4746956069962,-7.564489896152281,42606.79121030517,37783.20878969483,0.12000453839060436,0.16933290220462743,39000.0,39580.0,39505.0,40195.0,0.9752400202122284,0.9603184475681055,-615.0,-0.001293661060802087,0.001293661060802087,0.019430051813471502,-0.010256410256410256,0.01535678938105213,0.02262657796158743,601228.0,518539.8,-0.34442131993303093,1.0375654867765214,23.75665671000653,1339.5102747449976,112415873.0,27.906976744186046,32.73493812049503,-0.02767295597484276,-0.016089108910891103,-0.0024691358024691024,-0.015018575315511984,-0.007772020725388601,38300.0
2024-07-12,38350.0,38550.0,37900.0,38300.0,433797,-0.007772020725388629,-0.007802380284184899,39457.142857142855,39507.142857142855,40104.76190476191,0.022132441267110094,650.0,50.0,37.198378191706226,-956.2387812418092,-915.6275127339588,-40.611268507850355,42531.26951207028,37553.73048792972,0.12430640005345707,0.14992740558154274,38516.666666666664,39140.0,39330.0,40042.5,0.9785385794583547,0.9564837360304677,-902.5,-0.007772020725388629,0.007772020725388629,0.016971279373368148,-0.001303780964797914,0.010969017416818334,0.02264607145079053,552000.4,507319.15,-0.19371434837803125,0.8550771245280214,23.533537136950603,1293.8309694060692,111982076.0,20.930232558139537,25.968992248062012,-0.001293661060802087,-0.02767295597484276,-0.016089108910891103,-0.01224621258701116,0.015665796344647518,38900.0
2024-07-15,38550.0,39150.0,37850.0,38900.0,395437,0.015665796344647598,0.015544354437800379,39300.0,39478.57142857143,39988.09523809524,0.015297871787690518,1300.0,-350.0,41.31183492242029,-931.3240624474129,-918.7668226766497,-12.557239770763204,42465.42609135165,37434.57390864835,0.12592871546190978,0.2912878451070313,38600.0,38840.0,39200.0,39950.0,1.001544799176107,0.9737171464330413,-1110.0,0.015665796344647598,0.015665796344647598,0.033419023136246784,0.009079118028534372,0.016247652505168065,0.02341309870834683,540248.4,502767.05,-0.08842845847251135,0.7865213124050194,23.45649629113767,1294.271614448493,112377513.0,34.883720930232556,27.90697674418604,-0.007772020725388629,-0.001293661060802087,-0.02767295597484276,0.002200038186152294,-0.007712082262210797,38600.0
2024-07-16,38900.0,39050.0,38500.0,38600.0,283744,-0.007712082262210762,-0.007741974153615397,39028.57142857143,39353.57142857143,39885.71428571428,0.013484727045569926,550.0,300.0,39.90445251321691,-925.1222279224821,-920.0379037258162,-5.084324196665875,42117.09226603113,37422.90773396887,0.11803330480418071,0.2507554311065843,38600.0,38610.0,39210.0,39770.0,0.9997409997409997,0.9705808398290169,-1160.0,-0.007712082262210762,0.007712082262210762,0.014248704663212436,-0.007712082262210797,0.015548708782212758,0.019134150463001626,494335.0,490319.95,-0.2824546008593025,0.5786915258088111,23.11683525772396,1241.1093562736005,112093769.0,27.906976744186046,27.90697674418604,0.015665796344647598,-0.007772020725388629,-0.001293661060802087,6.0564452349402366e-05,-0.02849740932642487,37500.0
2024-07-17,38750.0,38750.0,37350.0,37500.0,565558,-0.02849740932642486,-0.028911343494420035,38614.28571428572,39167.857142857145,39661.90476190476,0.015588192329041363,1400.0,1250.0,35.17291670973313,-997.4698250562578,-935.5242879919047,-61.945537064353175,41574.99531775232,37430.00468224768,0.10492983065640506,0.01688672518407235,38333.333333333336,38380.0,39120.0,39502.5,0.9770713913496613,0.9493070058857034,-1122.5,-0.02849740932642486,0.02849740932642486,0.037333333333333336,-0.03225806451612903,0.015840853431254368,0.021226836813523192,443311.0,492185.25,0.9931980940566145,1.14907547513868,23.77766434538719,1252.4586879683434,111528211.0,3.4482758620689653,22.07965784549585,-0.007712082262210762,0.015665796344647598,-0.007772020725388629,-0.006847898414662675,0.0013333333333333333,37550.0
2024-07-18,36350.0,37550.0,36150.0,37550.0,552539,0.0013333333333334085,0.0013324452337786948,38300.0,38989.28571428572,39409.52380952381,0.015948804378932837,1400.0,-1200.0,35.54701507605465,-1038.7966339211125,-956.1787571777462,-82.61787674336631,41238.440672084114,37341.559327915886,0.09918252339445734,0.053489099019155543,37883.333333333336,38170.0,38875.0,39290.0,0.983756877128635,0.9557139221175872,-1120.0,0.0013333333333334085,0.0013333333333334085,0.037283621837549935,0.033012379642365884,0.016074576321313736,0.014844977014477194,446215.0,494387.2,-0.023019743333132947,1.1176239999741093,23.755707955358584,1262.9973531134617,112080750.0,25.225225225225227,18.860159277160076,-0.02849740932642486,-0.007712082262210762,0.015665796344647598,-0.011625386085100739,0.0013315579227696406,37600.0
2024-07-19,37100.0,38050.0,36900.0,37600.0,306759,0.0013315579227697327,0.0013306721857051724,38150.0,38803.57142857143,39209.52380952381,0.013510231900876312,1150.0,-500.0,35.94509147330531,-1055.3484456081496,-976.0126948638269,-79.3357507443227,41189.681871264176,37125.318128735824,0.10379528168367114,0.11679118832235397,37550.0,38030.0,38585.0,39157.5,0.9886931369971076,0.9602247334482539,-1127.5,0.0013315579227697327,0.0013315579227697327,0.030585106382978722,0.013477088948787063,0.01625281686447698,0.013654078984542146,420807.4,477141.35,-0.4448192797250511,0.64291011458135,23.16857703146074,1254.9261136053574,112387509.0,26.126126126126128,18.266542404473437,0.0013333333333334085,-0.02849740932642486,-0.007712082262210762,-0.008610839356773906,-0.02925531914893617,36500.0
2024-07-22,37600.0,37750.0,36200.0,36500.0,432917,-0.0292553191489362,-0.02969178980740304,37850.0,38660.71428571428,39030.95238095238,0.016514719454865705,1550.0,1100.0,31.356694062316834,-1144.0389140739644,-1009.6179387058545,-134.4209753681099,41306.72741219435,36668.27258780565,0.11897287141747218,-0.036277724840799414,37216.666666666664,37550.0,38195.0,38987.5,0.9720372836218375,0.9361974991984611,-1437.5,-0.0292553191489362,0.0292553191489362,0.04246575342465753,-0.02925531914893617,0.01534794038744857,0.015143434552808045,428303.4,481340.3,0.41126095729872647,0.8993990322439239,23.483368842332162,1276.0028197764034,111954592.0,6.306306306306307,19.219219219219216,0.0013315579227697327,0.0013333333333334085,-0.02849740932642486,-0.008863475964277686,-0.01780821917808219,35850.0
2024-07-23,37000.0,37350.0,35700.0,35850.0,438609,-0.017808219178082174,-0.01796869354281644,37500.0,38478.57142857143,38838.09523809524,0.016936946480458844,1650.0,1150.0,29.000895280515024,-1252.3401196916457,-1058.1623749030127,-194.17774478863294,41517.8445055261,36112.1554944739,0.1392680409906533,-0.04849622202422413,36650.0,37000.0,37805.0,38815.0,0.9689189189189189,0.9236120056679119,-1815.0,-0.017808219178082174,0.017808219178082174,0.04602510460251046,-0.031081081081081083,0.015214241056828632,0.015229799392749294,459276.4,481252.75,0.013148016825396125,0.9113901167318005,23.4784624806826,1302.7169040780889,111515983.0,2.5,11.644144144144141,-0.0292553191489362,0.0013315579227697327,0.0013333333333334085,-0.01524399346808288,0.0041841004184100415,36000.0
2024-07-24,35450.0,36400.0,35350.0,36000.0,326995,0.004184100418409997,0.004175371410480592,37085.71428571428,38192.857142857145,38680.95238095238,0.01451304561999118,1050.0,-550.0,30.302231105963358,-1310.9539973728242,-1108.720699396975,-202.23329797584915,41474.71996671129,35720.28003328871,0.14908841073703152,0.04860941637198008,36116.666666666664,36700.0,37540.0,38597.5,0.9809264305177112,0.9327028952652374,-1897.5,0.004184100418409997,0.004184100418409997,0.029166666666666667,0.015514809590973202,0.01475315167089922,0.014474496532760305,411563.8,479612.1,-0.25447266243966726,0.6817905553258561,23.188974376765806,1284.6656966439398,111842978.0,10.236220472440944,6.34750892624908,-0.017808219178082174,-0.0292553191489362,0.0013315579227697327,-0.014293145969536125,-0.027777777777777776,35000.0
2024-07-25,35950.0,35950.0,34900.0,35000.0,396526,-0.02777777777777779,-0.028170876966696335,36571.42857142857,37800.0,38426.19047619047,0.01573531546315607,1050.0,950.0,26.77840374662439,-1421.7089841900088,-1171.3183563555817,-250.39062783442705,41544.68264379322,35140.31735620678,0.16703045674086028,-0.021909642861683586,35616.666666666664,36190.0,37180.0,38342.5,0.9671179883945842,0.9128251939753537,-2152.5,-0.02777777777777779,0.02777777777777779,0.03,-0.02642559109874826,0.01583257468807382,0.015689858704503862,380361.2,487401.25,0.21263627884218406,0.8135514629886567,23.35360023222127,1271.4752897408014,111446452.0,1.4705882352941178,4.735602902578349,0.004184100418409997,-0.017808219178082174,-0.0292553191489362,-0.013800632179149988,0.005714285714285714,35200.0
2024-07-26,35300.0,36200.0,34850.0,35200.0,297995,0.005714285714285783,0.005698021114637796,36242.857142857145,37428.57142857143,38192.857142857145,0.015701391563830262,1350.0,100.0,28.567567678134054,-1476.3266065204007,-1232.3200063885456,-244.00660013185507,41486.97194369372,34713.02805630628,0.17779380281856813,0.07188898399356787,35400.0,35710.0,36870.0,38100.0,0.9857182861943433,0.9238845144356955,-2390.0,0.005714285714285783,0.005714285714285783,0.03835227272727273,-0.0028328611898017,0.01696506877333489,0.01642955890908102,378608.4,492349.5,-0.2484855974135366,0.6052509447049301,23.073633348504814,1277.0841976164584,111744447.0,5.932203389830509,5.8796706991885195,-0.02777777777777779,0.004184100418409997,-0.017808219178082174,-0.005959797215027336,0.01278409090909091,35650.0
2024-07-29,35400.0,35850.0,35200.0,35650.0,253265,0.012784090909090828,0.012703064256253456,35971.42857142857,37135.71428571428,37983.333333333336,0.017444930070199698,650.0,-250.0,32.56050465346472,-1466.3965202377076,-1279.135309158378,-187.26121107932954,41276.750439176234,34468.249560823766,0.17977426571661412,0.17356984456498975,35283.333333333336,35540.0,36545.0,37872.5,1.0030951041080474,0.9413162584989109,-2332.5,0.012784090909090828,0.012784090909090828,0.0182328190743338,0.007062146892655367,0.017301850346011203,0.01598202277551569,342678.0,488562.0,-0.15010318965083302,0.5183886589624245,22.92369607631997,1232.2924692152826,111997712.0,16.3265306122449,7.909774079123171,0.005714285714285783,-0.02777777777777779,0.004184100418409997,-0.003093133718133726,-0.02244039270687237,34850.0
2024-07-30,35300.0,35350.0,34400.0,34850.0,377869,-0.02244039270687237,-0.022696009653772053,35578.57142857143,36864.28571428572,37728.57142857143,0.01779688731721105,950.0,450.0,29.412789738753986,-1505.723130469356,-1324.4528734205737,-181.27025704878224,41335.41528931601,34044.58471068399,0.1934420424152833,0.11046962079691242,35233.333333333336,35340.0,36170.0,37690.0,0.9861346915676288,0.9246484478641549,-2350.0,-0.02244039270687237,0.02244039270687237,0.027259684361549498,-0.012747875354107648,0.018283366883195422,0.01656225559926839,330530.0,466403.6,0.4919906027283676,0.8101759934957621,23.301111269953683,1233.5572928427623,111619843.0,9.183673469387756,10.480802490487717,0.012784090909090828,0.005714285714285783,-0.02777777777777779,-0.001314005361165253,0.03730272596843615,36150.0
2024-07-31,34750.0,36350.0,34500.0,36150.0,344084,0.0373027259684362,0.03662381139824085,35528.57142857143,36689.28571428572,37616.666666666664,0.02298873251775439,1850.0,-1400.0,39.62660325237642,-1415.6716355742756,-1342.6966258513141,-72.97500972296143,41269.23686123911,33885.76313876089,0.1964865603746448,0.30666281838938153,35550.0,35370.0,36035.0,37577.5,1.0220525869380832,0.9620118421928016,-2207.5,0.0373027259684362,0.0373027259684362,0.051175656984785614,0.04028776978417266,0.02672321903888194,0.020914866021226566,333947.8,451969.7,-0.0894092926384541,0.7612988215802962,23.244073320260792,1277.588914782565,111963927.0,36.8421052631579,20.78410311493018,-0.02244039270687237,0.012784090909090828,0.005714285714285783,0.009215474723551553,-0.0027662517289073307,36050.0
2024-08-01,36800.0,36800.0,35600.0,36050.0,315474,-0.0027662517289073207,-0.002770084873815601,35557.142857142855,36528.57142857143,37504.76190476191,0.02184998718615793,1200.0,750.0,39.15723335150355,-1336.962667943386,-1341.5498342697285,4.58716632634264,40946.56992818473,33813.43007181527,0.1908277115133615,0.3135463446980656,35683.333333333336,35580.0,35885.0,37380.0,1.0132096683530074,0.9644194756554307,-1800.0,-0.0027662517289073207,0.0027662517289073207,0.033287101248266296,-0.020380434782608696,0.021860916070505318,0.02085048160200541,317737.4,436385.4,-0.08314830099626835,0.7229251941059439,23.15449369149383,1272.0468494409533,111648453.0,34.73684210526316,26.920873612602932,0.0373027259684362,-0.02244039270687237,0.012784090909090828,0.0040320271775521705,-0.05131761442441054,34200.0
2024-08-02,35000.0,35250.0,33950.0,34200.0,557796,-0.05131761442441052,-0.05268121966239859,35300.0,36192.857142857145,37228.57142857143,0.029583139484252587,1300.0,800.0,31.680988376380427,-1407.6384036406234,-1354.7675481439076,-52.870855496715876,40583.836530206514,33546.163469793486,0.18987381789863828,0.09290521520306906,35466.666666666664,35380.0,35545.0,37065.0,0.966647823629169,0.9227033589639821,-1685.0,-0.05131761442441052,0.05131761442441052,0.038011695906432746,-0.022857142857142857,0.03376336624586477,0.02551553142581554,369697.6,430278.45,0.7681203522318796,1.2963605311862585,23.671729506223887,1331.186360195171,111090657.0,4.901960784313726,25.49363605091159,-0.0027662517289073207,0.0373027259684362,-0.02244039270687237,-0.005593713394960546,-0.13304093567251463,29650.0
2024-08-05,33000.0,33500.0,28750.0,29650.0,980377,-0.13304093567251463,-0.142763518624825,34535.71428571428,35553.57142857143,36711.90476190476,0.05955878165071404,4750.0,3350.0,21.0406566906465,-1809.9326307123556,-1445.8005646575973,-364.1320660547583,41044.07473849609,32010.925261503904,0.24729722748592672,-0.26136235955325215,33300.0,34180.0,34860.0,36527.5,0.8674663545933294,0.8117171993703374,-2347.5,-0.13304093567251463,0.13304093567251463,0.16020236087689713,-0.10151515151515152,0.06383814149433331,0.04682053074545438,515120.0,456587.45,0.7575905886739955,2.1471834146996374,24.09290987500886,1625.3873344669444,110110280.0,9.0,16.21293429652562,-0.05131761442441052,-0.0027662517289073207,0.0373027259684362,-0.062374933941944155,0.0657672849915683,31600.0
2024-08-06,30500.0,32200.0,30400.0,31600.0,541973,0.06576728499156825,0.06369499514913193,34021.42857142857,35132.142857142855,36292.857142857145,0.06779426970499441,1800.0,-1100.0,31.637621807011072,-1948.9388470139966,-1546.428221128877,-402.51062588511945,40876.64631968011,31363.35368031989,0.2633801948881567,0.02487533272139765,31816.666666666668,33530.0,34435.0,36120.0,0.9424396063226961,0.8748615725359912,-2590.0,0.06576728499156825,0.06576728499156825,0.056962025316455694,0.036065573770491806,0.07849335613572193,0.054059015781612735,547940.8,458020.55,-0.44717899338723777,1.1832940683556665,23.56388386331619,1691.431096290734,110652253.0,30.64516129032258,14.849040691545431,-0.13304093567251463,-0.05131761442441052,-0.0027662517289073207,-0.03953042170178563,0.020569620253164556,32250.0
2024-08-07,31300.0,32400.0,31100.0,32250.0,373674,0.020569620253164667,0.020360922648915175,33535.71428571428,34753.57142857143,35935.71428571428,0.06838281521482188,1300.0,-950.0,34.779749760841796,-1983.7848700763789,-1633.8995509183776,-349.88531915800127,40698.97948556636,30901.020514433643,0.2736860047802434,0.1376796422133216,31166.666666666668,32750.0,34060.0,35800.0,0.9847328244274809,0.9008379888268156,-3050.0,0.020569620253164667,0.020569620253164667,0.040310077519379844,0.03035143769968051,0.07592404970846095,0.0548187339828218,553858.8,435670.35,-0.31053022936566954,0.8576989460035552,23.212412360835035,1663.4717322699676,111025927.0,37.634408602150536,25.759856630824363,0.06576728499156825,-0.13304093567251463,-0.05131761442441052,-0.015568010142593902,-0.02945736434108527,31300.0
2024-08-08,31200.0,31950.0,30950.0,31300.0,310940,-0.029457364341085257,-0.02989994569567395,33028.57142857143,34303.57142857143,35585.71428571428,0.06858381510728295,1000.0,-100.0,32.43339313300075,-2064.262126093039,-1719.97206595331,-344.2900601397291,40539.08505126299,30330.91494873701,0.2880815606752076,0.09493229849522139,31716.666666666668,31800.0,33690.0,35435.0,0.9842767295597484,0.8833074643713842,-3635.0,-0.029457364341085257,0.029457364341085257,0.03194888178913738,0.003205128205128205,0.07533158355612819,0.054883422550839306,552952.0,424316.4,-0.1678843055711663,0.7328022202299982,22.998728623134724,1637.5094656792558,110714987.0,28.333333333333332,32.20430107526881,0.020569620253164667,0.06576728499156825,-0.13304093567251463,0.018959846967882554,0.039936102236421724,32550.0
2024-08-09,32650.0,33250.0,32200.0,32550.0,520637,0.039936102236421744,0.039159271108470735,32514.285714285714,34021.42857142857,35297.619047619046,0.06890995638134942,1050.0,100.0,38.328890156496776,-2004.0746528742675,-1776.7925833375016,-227.2820695367659,40219.76462450971,30075.235375490287,0.28862733477543,0.24395066185539607,32033.333333333332,31470.0,33425.0,35147.5,1.034318398474738,0.9260971619603101,-3677.5,0.039936102236421744,0.039936102236421744,0.03225806451612903,-0.0030627871362940277,0.07849921946919099,0.056977529325103214,545520.2,428658.4,0.6743969897729465,1.2145731892807885,23.55334098855303,1659.8302181307374,111235624.0,44.18604651162791,36.717929482370586,-0.029457364341085257,0.020569620253164667,0.06576728499156825,0.010349452716167051,0.0015360983102918587,32600.0
2024-08-12,32600.0,33500.0,32500.0,32600.0,261611,0.001536098310291889,0.0015349197180837407,32021.428571428572,33789.28571428572,35026.19047619047,0.06905620196565214,1000.0,0.0,38.5598228646942,-1930.0921635675477,-1807.452499383511,-122.63966418403675,39701.98338338397,29963.016616616027,0.2795942515400257,0.27076623696695334,32150.0,32060.0,33120.0,34832.5,1.0168434185901434,0.9359075575970717,-2772.5,0.001536098310291889,0.001536098310291889,0.03067484662576687,0.0,0.03632774496523995,0.05666986120507717,401767.0,421967.1,-0.49751746418329856,0.6199796145244499,22.866681514082867,1612.6994882642562,111497235.0,47.82608695652174,40.115155600494326,0.039936102236421744,-0.029457364341085257,0.020569620253164667,0.0040049454018761255,-0.004601226993865031,32450.0
2024-08-13,32800.0,32950.0,32200.0,32450.0,174072,-0.004601226993865004,-0.0046118452225629315,31771.428571428572,33535.71428571428,34719.04761904762,0.06697013524082841,750.0,350.0,38.09890649410097,-1862.0991344689173,-1818.3818264005922,-43.71730806832511,39164.02212926275,29885.977870737253,0.2687340842440403,0.27635372906382666,32533.333333333332,32230.0,32880.0,34525.0,1.006825938566553,0.939898624185373,-2295.0,-0.004601226993865004,0.004601226993865004,0.023112480739599383,-0.010670731707317074,0.026232882584322284,0.05642373037462161,328186.8,416483.5,-0.3346151346847036,0.4179565336922111,22.454680008020627,1551.078096245381,111323163.0,45.962732919254655,45.99162212913476,0.001536098310291889,0.039936102236421744,-0.029457364341085257,0.01229032451761621,0.02157164869029276,33150.0
2024-08-14,33450.0,33700.0,33050.0,33150.0,336282,0.02157164869029282,0.021342273481772575,32271.428571428572,33403.57142857143,34459.52380952381,0.0305493822350384,650.0,300.0,41.6067576574158,-1731.7672839276056,-1801.058917905995,69.29163397838943,38763.51603984641,29851.483960153597,0.25976920730723047,0.37011940827305684,32733.333333333332,32410.0,32580.0,34307.5,1.0228324591175564,0.9662610216424979,-1897.5,0.02157164869029282,0.02157164869029282,0.0196078431372549,-0.008968609865470852,0.026379283802431923,0.0553026209090585,320708.4,405019.7,0.9318557838135944,0.8302855391972291,23.134503368360026,1529.5725179421395,111659445.0,54.6583850931677,49.48240165631469,-0.004601226993865004,0.001536098310291889,0.039936102236421744,0.006168840002239902,0.013574660633484163,33600.0
2024-08-16,34100.0,34300.0,33500.0,33600.0,317264,0.013574660633484115,0.013483350337286988,32557.14285714286,33289.28571428572,34273.80952380953,0.022229559237234776,800.0,500.0,43.811165844785535,-1574.0227596125915,-1755.6516862473145,181.62892663472303,38303.30293130418,29916.697068695823,0.24586941842885823,0.4391887483023576,33066.666666666664,32870.0,32335.0,34110.0,1.0222087009431091,0.9850483729111698,-1240.0,0.013574660633484115,0.013574660633484115,0.023809523809523808,-0.01466275659824047,0.017540900644288288,0.055687620568180635,321973.2,393255.95,-0.0565537257420855,0.8067621100202044,23.08977085988369,1502.4601952319867,111976709.0,60.24844720496895,53.623188405797094,0.02157164869029282,-0.004601226993865004,0.001536098310291889,0.010181694109970644,-0.01636904761904762,33050.0
2024-08-19,33700.0,33750.0,32950.0,33050.0,161240,-0.016369047619047672,-0.01650450067146331,32671.428571428572,33103.57142857143,34059.52380952381,0.02336306777154703,800.0,650.0,41.73726371625158,-1476.3708074043898,-1699.7955104787297,223.42470307433996,37760.40977338648,30004.590226613527,0.2289034028413768,0.39266124682511605,33266.666666666664,32970.0,32220.0,33882.5,1.002426448286321,0.9754297941415185,-912.5,-0.016369047619047672,0.016369047619047672,0.024205748865355523,-0.019287833827893175,0.014930755352119433,0.053551604673479664,250093.8,385980.0,-0.49177971657673103,0.41774185190942537,22.396426062698588,1452.2844670011305,111815469.0,53.41614906832298,56.10766045548653,0.013574660633484115,0.02157164869029282,-0.004601226993865004,0.006259087234909755,0.0226928895612708,33800.0
2024-08-20,33550.0,34000.0,33350.0,33800.0,208573,0.0226928895612708,0.022439236191277804,33028.57142857143,33028.57142857143,33878.57142857143,0.01882702756818422,650.0,-250.0,45.52421894030349,-1323.2090692651473,-1624.4782222360132,301.2691529708659,37424.523252578096,30070.4767474219,0.2179138159909977,0.5071389268429554,33483.333333333336,33210.0,32635.0,33747.5,1.0177657332128878,1.001555670790429,-537.5,0.0226928895612708,0.0226928895612708,0.019230769230769232,0.007451564828614009,0.0171888639064551,0.027565401154816732,239486.2,374762.8,0.2935561895311336,0.5565467010066101,22.67626046046036,1416.4070050724783,112024042.0,62.732919254658384,58.799171842650104,-0.016369047619047672,0.013574660633484115,0.02157164869029282,0.006632834191902415,-0.0014792899408284023,33750.0
2024-08-21,33400.0,33850.0,33200.0,33750.0,124612,-0.0014792899408283544,-0.0014803851704342195,33200.0,32857.142857142855,33747.619047619046,0.014444091205936403,650.0,-350.0,45.312766212199584,-1192.1198548339453,-1538.0065487555996,345.88669392165434,37184.17296181071,30100.827038189287,0.2105475491899064,0.5151764436128287,33533.333333333336,33470.0,32850.0,33642.5,1.0083657006274276,1.0031953630080999,-172.5,-0.0014792899408283544,0.0014792899408283544,0.01925925925925926,0.010479041916167664,0.016694721440844457,0.02076837802731745,229594.2,359062.95,-0.4025497068172774,0.3470477808974721,22.1596958854228,1361.6636475673013,111899430.0,62.11180124223603,59.42028985507246,0.0226928895612708,-0.016369047619047672,0.013574660633484115,0.0016148506671315916,-0.01925925925925926,33100.0
2024-08-22,34000.0,34050.0,32900.0,33100.0,200640,-0.01925925925925931,-0.019447134935521665,33271.42857142857,32646.428571428572,33616.666666666664,0.017232556395398658,1150.0,900.0,42.54608914224114,-1127.681070252991,-1455.941453055078,328.26038280208695,36866.003494056924,30128.996505943076,0.20111969514482717,0.4409975378233521,33550.0,33460.0,32935.0,33497.5,0.9892408846383742,0.9881334427942384,-37.5,-0.01925925925925931,0.01925925925925931,0.03474320241691843,-0.026470588235294117,0.01830403369606762,0.02163477635894373,202465.8,352745.2,0.6101178056687959,0.5687958333664073,22.61655609794242,1346.5448155982083,111698790.0,66.92307692307692,63.92259913999044,-0.0014792899408283544,0.0226928895612708,-0.016369047619047672,0.000651446787061046,-0.019637462235649546,32450.0
2024-08-23,32600.0,32900.0,32250.0,32450.0,218384,-0.01963746223564955,-0.019832839232918217,33271.42857142857,32521.428571428572,33447.619047619046,0.01909160088644168,650.0,150.0,39.92111379958209,-1116.1956285413835,-1387.9922881523391,271.79665961095566,36691.762373072146,30048.23762692785,0.19908674696266995,0.36151929357470386,33100.0,33230.0,33050.0,33370.0,0.9765272344267228,0.9724303266406953,-140.0,-0.01963746223564955,0.01963746223564955,0.020030816640986132,-0.004601226993865031,0.01809516645511059,0.020181250512993947,182689.8,343838.1,0.08843700159489631,0.6351361294748895,22.681465982369325,1311.077328769765,111480406.0,66.66666666666667,65.23384827732654,-0.01925925925925931,-0.0014792899408283544,0.0226928895612708,-0.013458670478579071,-0.02157164869029276,31750.0
2024-08-26,32700.0,32750.0,31600.0,31750.0,207995,-0.02157164869029271,-0.0218077178113983,33071.42857142857,32671.428571428572,33292.857142857145,0.01798624680130726,1150.0,950.0,37.25533893832918,-1150.3173408352304,-1340.4572986889175,190.13995785368706,36477.17825764727,29917.82174235273,0.1975858578294913,0.2793228654937652,32433.333333333332,32970.0,32970.0,33197.5,0.9629966636336063,0.9563973190752316,-227.5,-0.02157164869029271,0.02157164869029271,0.03622047244094488,-0.0290519877675841,0.018913309800508357,0.017077272163647957,192040.8,339338.1,-0.047572166459081244,0.6129432562980697,22.610917324405253,1299.5718052862103,111272411.0,34.61538461538461,56.06837606837606,-0.01963746223564955,-0.01925925925925931,-0.0014792899408283544,-0.02015612339506719,-0.004724409448818898,31600.0
2024-08-27,31750.0,31900.0,31350.0,31600.0,174186,-0.0047244094488189115,-0.004735604745834239,32785.71428571428,32671.428571428572,33121.42857142857,0.015862026974519588,550.0,150.0,36.68995188020108,-1175.9076585488147,-1307.547370660897,131.6397121120824,36134.208750457256,29855.791249542748,0.19028390668023965,0.277810252377003,31933.333333333332,32530.0,32870.0,32995.0,0.9714110052259453,0.9577208667979997,-465.0,-0.0047244094488189115,0.0047244094488189115,0.01740506329113924,-0.004724409448818898,0.0094519890575973,0.01703350390925822,185163.4,335384.15,-0.16254717661482243,0.5193626472807376,22.428791372533787,1246.0309620514809,111098225.0,19.402985074626866,40.228345452226044,-0.02157164869029271,-0.01963746223564955,-0.01925925925925931,-0.015311173458253724,0.0031645569620253164,31700.0
2024-08-28,31500.0,31800.0,31100.0,31700.0,232317,0.0031645569620253333,0.003159560290368518,32592.85714285714,32632.14285714286,32933.333333333336,0.016003945832422078,700.0,-200.0,37.372317457295544,-1174.5791877141673,-1280.9537340715513,106.3745463573839,35899.98523089887,29775.01476910113,0.18652365319521097,0.31428481866243446,31683.333333333332,32120.0,32795.0,32837.5,0.9869240348692403,0.9653597259231063,-717.5,0.0031645569620253333,0.0031645569620253333,0.022082018927444796,0.006349206349206349,0.011008171979556796,0.017128156310063414,206704.4,328106.55,0.33372946161000305,0.7080535271240395,22.71993005731321,1207.028750476375,111330542.0,22.388059701492537,25.468809797168003,-0.0047244094488189115,-0.02157164869029271,-0.01963746223564955,-0.007710500392362096,-0.028391167192429023,30800.0
2024-08-29,30500.0,30850.0,30200.0,30800.0,395399,-0.028391167192429068,-0.028801990903706193,32164.285714285714,32596.428571428572,32740.47619047619,0.01209079638530475,650.0,-300.0,33.83747835667273,-1231.9477169723323,-1271.1525306517076,39.20481367937532,35334.321559480835,29805.678440519165,0.16974648814742618,0.17984911271819945,31366.666666666668,31660.0,32560.0,32570.0,0.9728363866077069,0.9456555112066318,-910.0,-0.028391167192429068,0.028391167192429068,0.021103896103896104,0.009836065573770493,0.013005825162975913,0.016704117828890738,245656.2,330672.3,0.7019804835634069,1.1957427338183453,23.222920629674764,1227.955268299491,110935143.0,14.634146341463415,18.80839703919427,0.0031645569620253333,-0.0047244094488189115,-0.02157164869029271,-0.00998367322640755,0.016233766233766232,31300.0
2024-08-30,30900.0,31450.0,30750.0,31300.0,241018,0.016233766233766156,0.016103407566578673,31814.285714285714,32507.14285714286,32509.52380952381,0.016109200977680958,700.0,-400.0,37.38102191119099,-1222.9692402717847,-1261.515872575723,38.546632303938395,34611.52910999631,30053.470890003697,0.1409745061468371,0.27347810182168414,31266.666666666668,31430.0,32330.0,32332.5,0.9958638243716195,0.9680661872728679,-902.5,0.016233766233766156,0.016233766233766156,0.022364217252396165,0.012944983818770227,0.018153530720738068,0.017088319134005686,250183.0,326949.5,-0.39044357724728695,0.7371719485730976,22.744000275141207,1190.2441777066704,111176161.0,26.829268292682926,21.28382477854629,-0.028391167192429068,0.0031645569620253333,-0.0047244094488189115,-0.0029976146655458593,-0.01757188498402556,30750.0
2024-09-02,31200.0,31250.0,30250.0,30750.0,314855,-0.01757188498402551,-0.017728103293580606,31478.571428571428,32375.0,32257.14285714286,0.01596728384107078,1000.0,450.0,35.15084717822707,-1245.8724936799408,-1258.3871967965667,12.514703116625924,34364.92272212119,29955.077277878805,0.13712205983340753,0.1802609030570601,30950.0,31230.0,32100.0,32160.0,0.9846301633045149,0.9561567164179104,-930.0,-0.01757188498402551,0.01757188498402551,0.032520325203252036,-0.014423076923076924,0.017427687104482455,0.017166166307330886,271555.0,314802.45,0.30635471209619203,1.0001669300858362,22.993512767706797,1180.2267364419083,110861306.0,13.414634146341463,18.292682926829265,0.016233766233766156,-0.028391167192429068,0.0031645569620253333,-0.00990976198089614,-0.022764227642276424,30050.0
2024-09-03,30750.0,30900.0,30050.0,30050.0,229945,-0.02276422764227637,-0.023027333271310235,31135.714285714286,32203.571428571428,32059.52380952381,0.01631956138084842,850.0,700.0,32.49374914158203,-1305.4591167925319,-1267.8015807957597,-37.65753599677214,34294.46148426049,30065.53851573951,0.13141463544191992,-0.003674343527932538,30700.0,30920.0,31725.0,32180.0,0.9718628719275549,0.9338098197638285,-1260.0,-0.02276422764227637,0.02276422764227637,0.028286189683860232,-0.022764227642276424,0.018840912737886104,0.01417101390731802,282706.8,277280.85,-0.2696796938273174,0.8292855420776445,22.65621336898238,1156.6391124103436,110631361.0,0.0,13.414634146341458,-0.01757188498402551,0.016233766233766156,-0.028391167192429068,-0.008034115464178574,-0.051580698835274545,28500.0
2024-09-04,28800.0,29200.0,28250.0,28500.0,583791,-0.0515806988352745,-0.052958573706611695,30671.428571428572,31871.428571428572,32004.761904761905,0.02274680309397312,950.0,300.0,27.531098880125285,-1460.9134896950782,-1306.4239625756236,-154.48952711945458,34698.948391424194,29351.05160857581,0.16699131250112048,-0.1591376279559616,29766.666666666668,30280.0,31200.0,32025.0,0.9412153236459709,0.8899297423887588,-1745.0,-0.0515806988352745,0.0515806988352745,0.03333333333333333,-0.010416666666666666,0.024448184476965205,0.018416058281341376,353001.6,279371.75,1.5388288503772642,2.0896565239685114,23.53495768736173,1202.5934615238907,110047570.0,4.132231404958677,5.848955183766709,-0.02276422764227637,-0.01757188498402551,0.016233766233766156,-0.030638937153858792,-0.010526315789473684,28200.0
2024-09-05,28650.0,29150.0,27900.0,28200.0,357124,-0.010526315789473717,-0.010582109330536972,30185.714285714286,31485.714285714286,31842.85714285714,0.02239340250945526,1250.0,450.0,26.681719145777905,-1589.9912634541142,-1363.1374227513218,-226.85384070279247,34992.17124312186,28652.828756878134,0.1992094425718824,-0.07143150221979101,28916.666666666668,29760.0,30710.0,31822.5,0.9475806451612904,0.886165448974782,-2062.5,-0.010526315789473717,0.010526315789473717,0.044326241134751775,-0.015706806282722512,0.024369434745224863,0.018483419853979687,345346.6,278544.25,-0.3882673765097441,1.2821086775261021,23.032915596414647,1205.9796428436127,109690446.0,4.878048780487805,3.003426728482156,-0.0515806988352745,-0.02276422764227637,-0.01757188498402551,-0.028290414089008193,-0.02304964539007092,27550.0
2024-09-06,28050.0,28350.0,27250.0,27550.0,330760,-0.023049645390070927,-0.023319442345144416,29592.85714285714,31092.85714285714,31619.04761904762,0.020741368437282283,1100.0,500.0,24.88996114465236,-1724.8528666732527,-1435.480511535708,-289.3723551375447,35334.23178369154,27935.768216308457,0.23386956116273375,-0.0521416660087586,28083.333333333332,29010.0,30220.0,31635.0,0.9496725267149259,0.8708708708708709,-2625.0,-0.023049645390070927,0.023049645390070927,0.039927404718693285,-0.017825311942959002,0.015652092304648948,0.01859458854966843,363295.0,279535.25,-0.07382309785956698,1.183249697488957,22.932906130526902,1198.4096683547834,109359686.0,4.411764705882353,4.474014963776273,-0.010526315789473717,-0.0515806988352745,-0.02276422764227637,-0.028385553338273046,0.029038112522686024,28350.0
2024-09-09,26850.0,28400.0,26700.0,28350.0,260143,0.029038112522685955,0.028624494574837515,29242.85714285714,30703.571428571428,31478.571428571428,0.027086689580321833,1700.0,-1500.0,31.028909118430363,-1747.0395601734526,-1497.792321263257,-249.24723891019562,35373.95056012554,27476.04943987446,0.25132541353225385,0.11065605238898676,28033.333333333332,28530.0,29880.0,31425.0,0.9936908517350158,0.9021479713603818,-2895.0,0.029038112522685955,0.029038112522685955,0.059964726631393295,0.055865921787709494,0.029238594209928286,0.023240276586177985,352352.6,266510.55,-0.21349921393155158,0.976107700051649,22.721369068094592,1234.2375491865846,109619829.0,22.448979591836736,10.579597692735627,-0.023049645390070927,-0.010526315789473717,-0.0515806988352745,-0.0015126162189528964,-0.03527336860670194,27350.0
2024-09-10,28350.0,28400.0,27250.0,27350.0,277363,-0.03527336860670194,-0.035910501305770864,28678.571428571428,30246.428571428572,31230.95238095238,0.025212699511388024,1150.0,1000.0,27.95334715834214,-1824.2850942813202,-1563.0908758668697,-261.19421841445046,35464.74849413225,26860.251505867753,0.27611703131213783,0.05691773671374465,27750.0,27990.0,29455.0,31162.5,0.9771346909610575,0.8776574408343362,-3172.5,-0.03527336860670194,0.03527336860670194,0.04204753199268738,-0.03527336860670194,0.03049419623118535,0.024304625170982995,361836.2,267298.15,0.0661943623314869,1.0376540204262543,22.749554204550027,1228.2205813875428,109342466.0,8.843537414965986,11.901427237561686,0.029038112522685955,-0.023049645390070927,-0.010526315789473717,-0.009761633824695637,-0.005484460694698354,27200.0
2024-09-11,27450.0,27700.0,26800.0,27200.0,261843,-0.005484460694698323,-0.0054995555660385465,28171.428571428572,29825.0,30973.809523809523,0.025755280788743125,900.0,250.0,27.512823659064836,-1875.9813378782928,-1625.6689682691544,-250.3123696091384,35501.71592709548,26298.284072904517,0.2978456910741412,0.09797605299645583,27633.333333333332,27730.0,29005.0,30900.0,0.9808871258564731,0.8802588996763754,-3170.0,-0.005484460694698323,0.005484460694698323,0.03308823529411765,-0.009107468123861567,0.02423453944901884,0.023771126550813093,297446.6,271686.7,-0.05595555283148801,0.9637681932902862,22.686472618912475,1204.7762541455754,109080623.0,8.064516129032258,13.119011045278322,-0.03527336860670194,0.029038112522685955,-0.023049645390070927,-0.003906572259571435,0.04779411764705882,28500.0
2024-09-12,27950.0,28850.0,27850.0,28500.0,422631,0.047794117647058876,0.04668711397265326,27950.0,29542.85714285714,30785.714285714286,0.035067997821901176,1000.0,-550.0,36.8075616555647,-1791.401684424316,-1658.8155115001869,-132.5861729241292,35260.432213280474,26074.567786719526,0.2995309179607385,0.2640396266101349,27683.333333333332,27790.0,28775.0,30667.5,1.0255487585462397,0.9293225727561751,-2877.5,0.047794117647058876,0.047794117647058876,0.03508771929824561,0.01967799642218247,0.034996917021615205,0.03029366488768052,310548.0,276004.15,0.6140626253136421,1.531248714919685,23.211914103232317,1236.5779502780345,109503254.0,29.75206611570248,15.553373219900237,-0.005484460694698323,-0.03527336860670194,0.029038112522685955,0.0023454294485528715,-0.015789473684210527,28050.0
2024-09-13,28200.0,28450.0,27750.0,28050.0,206253,-0.015789473684210575,-0.015915455305899568,27885.714285714286,29278.571428571428,30542.85714285714,0.029415842396362645,700.0,150.0,35.128415957702956,-1740.6181760552572,-1675.176044411201,-65.44213164405619,34906.93887960699,25873.061120393006,0.2972648160320495,0.24097502065341256,27916.666666666668,27890.0,28450.0,30390.0,1.0057368232341342,0.9230009871668312,-2500.0,-0.015789473684210575,0.015789473684210575,0.024955436720142603,-0.005319148936170213,0.03379641744167672,0.029200184699293197,285646.6,270453.6,-0.5119785344662364,0.7626188004153024,22.47860276066938,1201.8223824010322,109297001.0,25.96153846153846,21.259373568757727,0.047794117647058876,-0.005484460694698323,-0.03527336860670194,0.008840061089383325,-0.0285204991087344,27250.0
2024-09-19,28200.0,28200.0,26200.0,27250.0,515524,-0.028520499108734443,-0.02893511085945228,27750.0,28967.85714285714,30240.47619047619,0.031052201334815732,2000.0,950.0,32.30674305784109,-1744.812086295391,-1689.103252788039,-55.70883350735198,34642.54739569168,25557.452604308317,0.3018303917403112,0.18629936556049548,27933.333333333332,27670.0,28100.0,30100.0,0.9848211058908565,0.9053156146179402,-2430.0,-0.028520499108734443,0.028520499108734443,0.07339449541284404,-0.03368794326241135,0.032952345750406675,0.0296950081291073,336722.8,288167.8,1.4994739470456189,1.788971564484304,23.365747938259023,1258.8350693723871,108781477.0,18.75,24.821201525746975,-0.015789473684210575,0.047794117647058876,-0.005484460694698323,0.0011613816180379526,-0.007339449541284404,27050.0
2024-09-20,27800.0,27850.0,26800.0,27050.0,334908,-0.007339449541284404,-0.007366515816762554,27678.571428571428,28635.714285714286,29954.761904761905,0.030043698077949543,1050.0,750.0,31.622872187490685,-1744.168430941707,-1700.116288418773,-44.05214252293399,34147.86741544207,25377.132584557927,0.29469079650177726,0.1907328687616289,27450.0,27610.0,27800.0,29762.5,0.9797174936617168,0.9088618227635448,-2152.5,-0.007339449541284404,0.007339449541284404,0.038817005545286505,-0.02697841726618705,0.029212602654931648,0.029451172725889947,348231.8,294484.55,-0.35035420271413165,1.1372684916746907,22.927053430609682,1243.918278702931,108446569.0,16.19047619047619,20.30067155067154,-0.028520499108734443,-0.015789473684210575,0.047794117647058876,-0.017216474111409807,0.014787430683918669,27450.0
2024-09-23,26800.0,27800.0,26700.0,27450.0,250915,0.014787430683918634,0.014679162663049075,27550.0,28396.428571428572,29652.380952380954,0.028021126240691273,1100.0,-650.0,34.604434605297286,-1691.8787473347802,-1698.4687802019744,6.590032867194168,33520.83756855094,25374.162431449065,0.2766508239104125,0.25480794724427913,27250.0,27660.0,27695.0,29447.5,0.9924078091106291,0.9321674165888445,-1787.5,0.014787430683918634,0.014787430683918634,0.04007285974499089,0.024253731343283583,0.029981816907650886,0.026375589689711414,346046.2,300799.7,-0.25079424797257754,0.8341597415156996,22.65299096242515,1233.6384016527218,108697484.0,23.80952380952381,19.58333333333333,-0.007339449541284404,-0.028520499108734443,-0.015789473684210575,-0.007024172655366738,0.029143897996357013,28250.0
2024-09-24,27650.0,28300.0,27400.0,28250.0,250259,0.02914389799635697,0.02872728963691027,27678.571428571428,28178.571428571428,29390.47619047619,0.026601135332849565,900.0,-600.0,40.21893808870737,-1567.8127132001791,-1672.3375668016154,104.52485360143623,32924.91793910621,25485.082060893787,0.2547452791718003,0.3716369533370058,27583.333333333332,27610.0,27700.0,29205.0,1.0231800072437522,0.9673001198424928,-1595.0,0.02914389799635697,0.02914389799635697,0.03185840707964602,0.0216998191681736,0.023306195372305365,0.028116579438734107,311571.8,303280.65,-0.0026144311818743216,0.825172987462273,22.679100397282774,1209.807087248956,108947743.0,40.59405940594059,26.864686468646855,0.014787430683918634,-0.007339449541284404,-0.028520499108734443,0.012197293046330401,-0.0035398230088495575,28150.0
2024-09-25,28750.0,29100.0,28150.0,28150.0,353586,-0.0035398230088495852,-0.003546103006750589,27814.285714285714,27992.85714285714,29154.761904761905,0.026487218580797334,950.0,600.0,39.75942503996446,-1460.7203763346115,-1630.0141287082147,169.29375237360318,32404.766694658272,25575.233305341728,0.23558238666148826,0.37700477439439506,27950.0,27630.0,27760.0,28990.0,1.0188201230546508,0.9710244912038634,-1360.0,-0.0035398230088495852,0.0035398230088495852,0.03374777975133215,-0.020869565217391306,0.022043959664500287,0.026951299340924707,341038.4,310040.75,0.41288025605472733,1.1404500859967601,23.021184649869934,1191.2494381597448,108594157.0,41.48936170212766,35.297648305864016,0.02914389799635697,0.014787430683918634,-0.007339449541284404,0.013463835223808673,0.055062166962699825,29700.0
2024-09-26,29200.0,29700.0,28900.0,29700.0,500785,0.05506216696269983,0.053599691222954556,27985.714285714286,27967.85714285714,29023.809523809523,0.02836678594736885,800.0,-500.0,49.408042978390085,-1236.523014102786,-1551.315905787129,314.792891684343,32068.508611977293,25706.491388022707,0.22023426132253004,0.6277110657513995,28700.0,28120.0,27895.0,28887.5,1.0561877667140824,1.0281263522284725,-767.5,0.05506216696269983,0.05506216696269983,0.026936026936026935,0.017123287671232876,0.02556096502253984,0.030784362605208414,338090.6,324680.25,0.41630324730051527,1.5423944018769236,23.422834471100803,1216.8744782911917,109094942.0,100.0,60.694473702689415,-0.0035398230088495852,0.02914389799635697,0.014787430683918634,0.02688874731673574,0.0,29700.0
2024-09-27,29750.0,30100.0,29200.0,29700.0,273570,0.0,0.0,28221.428571428572,28053.571428571428,28926.190476190477,0.026928970159656104,900.0,50.0,49.408042978390085,-1046.778379714855,-1450.4084005726743,403.6300208578193,31737.12489792396,25847.87510207604,0.20454110604664136,0.6540943297463476,29183.333333333332,28650.0,28130.0,28792.5,1.036649214659686,1.0315186246418337,-142.5,0.0,0.0,0.030303030303030304,-0.0016806722689075631,0.023927634391783248,0.02749100424779048,325823.0,329649.45,-0.45371766326866814,0.8298815605486373,22.81821513450969,1194.240586984678,109094942.0,89.74358974358974,77.07765048190579,0.05506216696269983,-0.0035398230088495852,0.02914389799635697,0.017174114651283417,-0.02356902356902357,29000.0
2024-09-30,29650.0,29650.0,28900.0,29000.0,232093,-0.023569023569023573,-0.02385121582217991,28471.428571428572,28110.714285714286,28802.380952380954,0.02580677950363532,750.0,650.0,45.58398881143905,-942.029411123578,-1348.7326026828553,406.70319155927723,31269.67292084982,26045.32707915018,0.18230291692225897,0.5655584470052186,29466.666666666668,28960.0,28310.0,28657.5,1.0013812154696133,1.0119514961179448,302.5,-0.023569023569023573,0.023569023569023573,0.02586206896551724,-0.021922428330522766,0.030810792632646362,0.02907075415913869,322058.6,329638.25,-0.15161384654750154,0.7040839465687007,22.629944541510863,1166.0805450572009,108862849.0,71.7948717948718,87.17948717948718,0.0,0.05506216696269983,-0.0035398230088495852,0.010497714464558753,0.03103448275862069,29900.0
2024-10-02,28450.0,30300.0,28250.0,29900.0,462565,0.03103448275862064,0.030562650410166668,28878.571428571428,28278.571428571428,28716.666666666668,0.025806064889867756,2050.0,-1450.0,50.851065516566514,-777.4308811888295,-1234.47225838405,457.04137719522055,31097.163484574714,26127.836515425286,0.17367678354388563,0.759089411502414,29533.333333333332,29290.0,28450.0,28612.5,1.0208262205530898,1.0449978156400175,677.5,0.03103448275862064,0.03103448275862064,0.06856187290969899,0.050966608084358524,0.031092999154618793,0.026842712694922433,364519.8,332996.55,0.9930157307630993,1.3890984756448679,23.350156126051342,1229.2176489816866,109325414.0,90.2439024390244,83.92745465916197,-0.023569023569023573,0.0,0.05506216696269983,0.002488486396532356,-0.010033444816053512,29600.0
2024-10-04,30200.0,30400.0,29550.0,29600.0,201628,-0.010033444816053505,-0.010084119066626047,29185.714285714286,28367.85714285714,28659.52380952381,0.027395444380048258,850.0,600.0,49.14351871120101,-663.5439317392265,-1120.2865930550854,456.74266131585887,30724.74109306481,26330.25890693519,0.15404371873208736,0.7440560581597417,29500.0,29580.0,28605.0,28527.5,1.0006761325219744,1.0375953027780211,1052.5,-0.010033444816053505,0.010033444816053505,0.028716216216216218,-0.019867549668874173,0.032015708733233,0.02640245861161407,334128.2,331027.05,-0.5641088279485045,0.609098259492691,22.50970933490378,1202.1306740544233,109123786.0,80.95238095238095,80.99705172875905,0.03103448275862064,-0.023569023569023573,0.0,-0.0008559952088188124,0.006756756756756757,29800.0
2024-10-07,29800.0,29900.0,29250.0,29800.0,243765,0.006756756756756799,0.0067340321813441194,29407.14285714286,28542.85714285714,28588.095238095237,0.02622943913235367,650.0,0.0,50.34071791828204,-550.8000946292595,-1006.3892933699202,455.58919874066066,30509.622728748534,26450.377271251466,0.1425296860076218,0.8251835873985093,29766.666666666668,29600.0,28860.0,28480.0,1.0067567567567568,1.0463483146067416,1120.0,0.006756756756756799,0.006756756756756799,0.02181208053691275,0.0,0.020380460054441024,0.023521272850026136,282724.2,327472.55,0.2089838712877179,0.7443830024837197,22.706223598059378,1162.6927687648215,109367551.0,85.71428571428571,85.63685636856367,-0.010033444816053505,0.03103448275862064,-0.023569023569023573,0.009252598233107978,-0.031879194630872486,28850.0
2024-10-08,29350.0,29850.0,28800.0,28850.0,290948,-0.03187919463087252,-0.03239840055725024,29507.14285714286,28660.714285714286,28497.619047619046,0.03023901170076899,1050.0,500.0,44.93022315892736,-531.9745801456193,-911.50635072506,379.5317705794407,30321.080025448144,26518.919974551856,0.13378466048192425,0.6130936084341414,29416.666666666668,29430.0,29040.0,28420.0,0.9802922188243289,1.0151301900070373,1010.0,-0.03187919463087252,0.03187919463087252,0.036395147313691506,-0.017035775127768313,0.025139077690042227,0.026529787242214508,286199.8,330522.7,0.19355937070539242,0.88026631756306,22.85076510808323,1154.64328528162,109076603.0,63.095238095238095,76.58730158730158,0.006756756756756799,-0.010033444816053505,0.03103448275862064,-0.011718627563389742,-0.012131715771230503,28500.0
2024-10-10,29100.0,29250.0,28500.0,28500.0,229262,-0.012131715771230511,-0.012205905679503734,29335.714285714286,28660.714285714286,28423.809523809523,0.02083920927668292,750.0,600.0,43.09262864693382,-539.0830849787162,-837.0216975757913,297.9386125970751,30321.080025448144,26518.919974551856,0.13378466048192425,0.5210406713365845,29050.0,29330.0,29145.0,28420.0,0.9717013296965564,1.0028149190710767,910.0,-0.012131715771230511,0.012131715771230511,0.02631578947368421,-0.020618556701030927,0.023558924639609898,0.02698834860192231,285633.6,312796.25,-0.21201726769044638,0.7329435694961177,22.600280099760532,1125.74019347579,108847341.0,54.76190476190476,67.85714285714285,-0.03187919463087252,0.006756756756756799,-0.010033444816053505,-0.012418051215115411,0.010526315789473684,28800.0
2024-10-11,28550.0,29250.0,28550.0,28800.0,234537,0.010526315789473717,0.010471299867295437,29207.14285714286,28714.285714285714,28438.095238095237,0.021691052860110277,700.0,-250.0,45.16288259086609,-514.5774054607282,-772.5328391527788,257.95543369205063,30355.3940053935,26544.6059946065,0.13394685450920915,0.5918445211355954,28716.666666666668,29110.0,29200.0,28450.0,0.9893507385778083,1.0123022847100176,660.0,0.010526315789473717,0.010526315789473717,0.024305555555555556,0.008756567425569177,0.016958112350556664,0.025677914044608906,240028.0,306666.9,0.023008610236323612,0.7647939833089257,22.633499303210193,1098.9016082275193,109081878.0,61.904761904761905,59.92063492063492,-0.012131715771230511,-0.03187919463087252,0.006756756756756799,-0.011161531537543104,0.013888888888888888,29200.0
2024-10-14,28950.0,29700.0,28800.0,29200.0,181897,0.01388888888888884,0.01379332213233577,29235.714285714286,28853.571428571428,28485.714285714286,0.020707923315504622,900.0,-250.0,47.88520494635405,-457.60483711517736,-709.5472387452586,251.94240163008124,30416.58151572451,26648.41848427549,0.13206564554276765,0.6771420170595215,28833.333333333332,29030.0,29305.0,28532.5,1.0058560110230796,1.0233943748357137,497.5,0.01388888888888884,0.01388888888888884,0.030821917808219176,0.008635578583765112,0.01923442341408501,0.02583433630434918,236081.8,299223.75,-0.22444219888546368,0.6078962649188108,22.393119860236517,1084.6943504969822,109263775.0,67.56756756756756,61.4114114114114,0.010526315789473717,-0.012131715771230511,-0.03187919463087252,0.004094496302377348,-0.02054794520547945,28600.0
2024-10-15,29650.0,29700.0,28500.0,28600.0,278580,-0.020547945205479423,-0.020761991448429128,29050.0,28964.285714285714,28535.714285714286,0.017293358065370537,1200.0,1050.0,44.33019730288642,-455.61658741862993,-658.761108479933,203.14452106130307,30427.299825101985,26662.700174898015,0.13188297951318867,0.5146097872577288,28866.666666666668,28790.0,29195.0,28545.0,0.9934004862799584,1.001926782273603,245.0,-0.020547945205479423,0.020547945205479423,0.04195804195804196,-0.03541315345699832,0.019793191043364904,0.019508034297595903,243044.8,300145.6,0.5315260834428275,0.9281495380908467,22.798622547175476,1092.9304683186265,108985195.0,51.351351351351354,60.274560274560265,0.01388888888888884,0.010526315789473717,-0.012131715771230511,0.0012890864909610444,-0.043706293706293704,27350.0
2024-10-16,27700.0,27900.0,27050.0,27350.0,351893,-0.04370629370629375,-0.04469018895781674,28728.571428571428,28957.14285714286,28488.095238095237,0.022654240030788014,850.0,350.0,38.000637385051775,-548.5817298225484,-636.7252327484562,88.1435029259078,30427.299825101985,26662.700174898015,0.13188297951318867,0.18256916776389398,28383.333333333332,28490.0,28960.0,28545.0,0.95998595998596,0.9581362760553512,-55.0,-0.04370629370629375,0.04370629370629375,0.031078610603290677,-0.01263537906137184,0.02368094949912669,0.02316605709188223,255233.8,303872.1,0.26316677435566094,1.158029973794896,22.987554239051082,1125.5782920101533,108633302.0,8.955223880597014,42.62471426650531,-0.020547945205479423,0.01388888888888884,0.010526315789473717,-0.016788450007628113,0.007312614259597806,27550.0
2024-10-17,27600.0,27850.0,27100.0,27550.0,231464,0.007312614259597838,0.007286006730933313,28407.14285714286,28907.14285714286,28497.619047619046,0.022728288916657464,750.0,50.0,39.48934821620807,-599.2116080042797,-629.2225077996209,30.010899795341174,30398.076777272792,26726.923222727208,0.12853054020290886,0.22420113052848664,27833.333333333332,28300.0,28815.0,28562.5,0.9734982332155477,0.9645514223194749,-262.5,0.007312614259597838,0.007312614259597838,0.02722323049001815,-0.0018115942028985507,0.024889975132686037,0.02291195033240656,255674.2,302353.15,-0.3422318716200663,0.7655418837210725,22.575937447594356,1098.7512711522854,108864766.0,14.925373134328359,25.07731612209224,-0.04370629370629375,-0.020547945205479423,0.01388888888888884,-0.01898054155072511,-0.034482758620689655,26600.0
2024-10-18,27550.0,27650.0,26500.0,26600.0,314663,-0.03448275862068961,-0.03509131981127006,28085.714285714286,28796.428571428572,28469.04761904762,0.023165190327690745,1150.0,950.0,35.16950777040837,-707.8337449500286,-644.9447552297024,-62.88898972032621,30502.52877258853,26432.47122741147,0.14297207500402412,0.04116127861313577,27166.666666666668,27860.0,28485.0,28467.5,0.9547738693467337,0.9343988759111267,-607.5,-0.03448275862068961,0.03448275862068961,0.043233082706766915,-0.034482758620689655,0.025325598649414922,0.020768854138015144,271699.4,296954.75,0.359446825424256,1.0596328228459049,22.847923998738526,1102.411894641408,108550103.0,2.5641025641025643,8.814899859675974,0.007312614259597838,-0.04370629370629375,-0.020547945205479423,-0.023625479355795176,0.02443609022556391,27250.0
2024-10-21,26500.0,27450.0,26250.0,27250.0,193041,0.02443609022556381,0.024142305321599593,27907.14285714286,28621.428571428572,28409.52380952381,0.02679597932705379,1200.0,-750.0,40.005376544572094,-733.018225520631,-662.5594492878881,-70.45877623274282,30527.493734326497,26327.506265673503,0.1477438209006418,0.21964202065163693,27133.333333333332,27470.0,28250.0,28427.5,0.991991263196214,0.9585788409110896,-957.5,0.02443609022556381,0.02443609022556381,0.044036697247706424,0.02830188679245283,0.02861218864201183,0.023682381351419087,273928.2,296294.15,-0.38651509710388576,0.6515180944341965,22.383466680840506,1109.3824735955932,108743144.0,24.096385542168676,13.861953746866527,-0.03448275862068961,0.007312614259597838,-0.04370629370629375,-0.0009113513785093211,-0.03486238532110092,26300.0
2024-10-22,27250.0,27250.0,26250.0,26300.0,210317,-0.034862385321100864,-0.03548458192553416,27550.0,28378.571428571428,28326.190476190477,0.027589397406747235,1000.0,950.0,35.80200769068071,-820.1796478990727,-694.0834890101252,-126.09615888894757,30629.771918264283,26130.228081735717,0.15854629445132368,0.03773091771793106,26716.666666666668,27010.0,27900.0,28380.0,0.9737134394668642,0.9267089499647639,-1370.0,-0.034862385321100864,0.034862385321100864,0.03802281368821293,-0.03486238532110092,0.03017969769058227,0.02444891559178583,260275.6,281033.8,0.08949394170150393,0.7483690573874032,22.433695413669977,1101.5694397673365,108532827.0,1.2048192771084338,9.288435794459886,0.02443609022556381,-0.03448275862068961,0.007312614259597838,-0.014969684572075556,0.039923954372623575,27350.0
2024-10-23,26300.0,27450.0,25800.0,27350.0,284983,0.03992395437262353,0.0391475896842713,27285.714285714286,28260.714285714286,28330.95238095238,0.0328514379762729,1650.0,-1050.0,42.93832324929208,-795.3610512109663,-714.3390014502934,-81.02204976067287,30611.18448785532,26178.81551214468,0.15609681196374856,0.26423442955074483,26966.666666666668,27010.0,27750.0,28395.0,1.0125879303961496,0.9631977460820567,-1385.0,0.03992395437262353,0.03992395437262353,0.0603290676416819,0.039923954372623575,0.03408768858694332,0.028256487331548497,246893.6,278537.55,0.35501647513039836,1.023140327040286,22.776656616327326,1140.7430512125268,108817810.0,33.69565217391305,19.665618997730046,-0.034862385321100864,0.02443609022556381,-0.03448275862068961,0.009832553092362159,-0.02376599634369287,26700.0
2024-10-24,27250.0,27250.0,26550.0,26700.0,156944,-0.02376599634369292,-0.024052963461786415,27014.285714285714,28032.14285714286,28314.285714285714,0.033064825682231416,700.0,550.0,39.97582072498246,-818.7041899742908,-735.212039155093,-83.49215081919783,30664.531585575307,26050.468414424693,0.16271050590322186,0.1407721484258163,26783.333333333332,26840.0,27570.0,28357.5,0.9947839046199702,0.9415498545358371,-1517.5,-0.02376599634369292,0.02376599634369292,0.026217228464419477,-0.02018348623853211,0.03533761689826183,0.02881831483230194,231989.6,273839.0,-0.44928644866535894,0.5731250844474308,22.15606317743108,1116.4042618402034,108660866.0,19.565217391304348,18.155229614108606,0.03992395437262353,-0.034862385321100864,0.02443609022556381,-0.006234809097390086,0.0018726591760299626,26750.0
2024-10-25,26950.0,27000.0,26400.0,26750.0,195518,0.001872659176029856,0.0018709079358116025,26928.571428571428,27828.571428571428,28280.95238095238,0.029356374281368156,600.0,200.0,40.31693984432574,-823.6744076381583,-752.9045128517062,-70.76989478645214,30699.16908650817,25865.83091349183,0.1708950118630368,0.18293135196794771,26933.333333333332,26870.0,27365.0,28282.5,0.9955340528470413,0.9458145496331654,-1412.5,0.001872659176029856,0.001872659176029856,0.022429906542056073,-0.0074211502782931356,0.03147695522197685,0.02838939055203416,208160.6,271101.95,0.24578193495769196,0.7211973207865159,22.377697478295833,1079.5182431373319,108856384.0,23.170731707317074,25.47720042417815,-0.02376599634369292,0.03992395437262353,-0.034862385321100864,0.006010205734986822,0.016822429906542057,27200.0
2024-10-28,26750.0,27600.0,26500.0,27200.0,201881,0.016822429906542036,0.01668249995993606,26878.571428571428,27642.85714285714,28230.95238095238,0.030119039311390094,1100.0,-450.0,43.43275749140405,-782.2844139829176,-758.7804930779484,-23.503920904969164,30699.505928920487,25770.494071079513,0.17457098841299715,0.2900187644398659,26883.333333333332,26860.0,27165.0,28235.0,1.0126582278481013,0.963343368160085,-1375.0,0.016822429906542036,0.016822429906542036,0.04044117647058824,0.016822429906542057,0.030251576852051484,0.028643166729803167,209928.6,263516.7,0.0325443181701941,0.7661032488643035,22.426405946345817,1080.9812257703798,109058265.0,34.5679012345679,25.7679501110631,0.001872659176029856,-0.02376599634369292,0.03992395437262353,-0.0016903024203736756,-0.001838235294117647,27150.0
2024-10-29,27200.0,27200.0,26300.0,27150.0,171472,-0.0018382352941176405,-0.0018399269220071826,26957.14285714286,27521.428571428572,28183.333333333332,0.02638952120499476,900.0,50.0,43.163122668243545,-744.9300381677531,-756.0104020959095,11.08036392815643,30516.097539080198,25698.902460919802,0.1713846865840219,0.3012328783733515,27033.333333333332,27030.0,27020.0,28107.5,1.0044395116537181,0.9659343591568087,-1077.5,-0.0018382352941176405,0.0018382352941176405,0.03314917127071823,-0.001838235294117647,0.023614769025097963,0.028246407803563953,202159.6,247051.05,-0.15062834045799256,0.6940751719128496,22.26130759252966,1068.0539953582097,108886793.0,34.61538461538461,30.784672519089856,0.016822429906542036,0.001872659176029856,-0.02376599634369292,0.005618951262818084,-0.020257826887661142,26600.0
2024-10-30,27250.0,27350.0,26500.0,26600.0,161923,-0.02025782688766109,-0.020465830592291002,26864.285714285714,27385.714285714286,28035.714285714286,0.025790862797261293,850.0,650.0,40.2062697132633,-751.0492019801713,-755.0181620727619,3.968960092590578,30328.35995511432,25576.64004488568,0.1699926629184738,0.21536621990522134,26983.333333333332,26880.0,26945.0,27952.5,0.9895833333333334,0.9516143457651373,-1072.5,-0.02025782688766109,0.02025782688766109,0.03195488721804511,-0.023853211009174313,0.016714315690622816,0.025500213309749747,177547.6,241468.7,-0.05568839227395728,0.6705755238670684,22.18354268757955,1052.4787099754806,108724870.0,20.512820512820515,29.898702120924337,-0.0018382352941176405,0.016822429906542036,0.001872659176029856,-0.0017578774250788982,0.016917293233082706,27050.0
2024-10-31,26200.0,27300.0,26050.0,27050.0,337935,0.016917293233082775,0.016775789504837206,26971.428571428572,27260.714285714286,27909.52380952381,0.022299480849631424,1250.0,-850.0,43.60998768740436,-711.3870174801559,-746.2919331542407,34.904915674084805,30209.815894021624,25500.184105978376,0.1690767111126637,0.3290736863880264,26933.333333333332,26950.0,26895.0,27855.0,1.0037105751391466,0.9711003410518758,-905.0,0.016917293233082775,0.016917293233082775,0.04621072088724584,0.03244274809160305,0.015410355997663472,0.02608438955073872,213745.8,246760.8,1.0870104926415642,1.3694841320015174,22.936051132663376,1066.5873735486605,109062805.0,32.05128205128205,29.059829059829056,-0.02025782688766109,-0.0018382352941176405,0.016822429906542036,-0.001726256316231985,-0.014787430683918669,26650.0
2024-11-01,26600.0,26950.0,26550.0,26650.0,182518,-0.014787430683918634,-0.014897854680636946,26871.428571428572,27078.571428571428,27797.619047619046,0.01678256628688216,400.0,-50.0,41.35640813506107,-704.1145137552994,-737.8564492744525,33.74193551915312,29896.86767398392,25488.13232601608,0.15920322643198853,0.26353763206028485,26766.666666666668,26930.0,26900.0,27692.5,0.9896026735982176,0.9623544280942493,-762.5,-0.014787430683918634,0.014787430683918634,0.0150093808630394,0.0018796992481203006,0.01731790306384688,0.023977735168070186,211145.8,232758.45,-0.45990205216979596,0.7841519824521945,22.305148507077615,1026.1168468666133,108880287.0,21.794871794871796,24.786324786324784,0.016917293233082775,-0.02025782688766109,-0.0018382352941176405,-0.006042654779498983,0.0225140712945591,27250.0
2024-11-04,26650.0,27350.0,26450.0,27250.0,245106,0.022514071294559068,0.022264370497399506,26950.0,26982.14285714286,27671.428571428572,0.016551556505295457,900.0,-600.0,45.874593484724386,-642.5293383155367,-718.7910270826694,76.26168876713268,29593.98880370192,25556.01119629808,0.1464361779656877,0.41951416486210924,26983.333333333332,26940.0,26900.0,27575.0,1.0115070527097254,0.9882139619220308,-635.0,0.022514071294559068,0.022514071294559068,0.03302752293577982,0.0225140712945591,0.018869331281394976,0.023770878991842045,219790.8,234932.35,0.34291412353850026,1.0433045938543584,22.62225484926185,1017.1085006618553,109125393.0,69.04761904761905,40.96459096459096,-0.014787430683918634,0.016917293233082775,-0.02025782688766109,0.008214644614574404,-0.011009174311926606,26950.0
2024-11-05,26950.0,27350.0,26850.0,26950.0,206409,-0.011009174311926606,-0.01107022375424692,26978.571428571428,26953.571428571428,27545.238095238095,0.017388886141430752,500.0,0.0,44.047263015460345,-610.8881970072798,-697.2104610675915,86.32226406031168,29173.42383218615,25691.57616781385,0.12692418351853813,0.36142414990261085,26950.0,26900.0,26965.0,27432.5,1.0018587360594795,0.9824113733710016,-532.5,-0.011009174311926606,0.011009174311926606,0.01855287569573284,0.0,0.019586696938375375,0.02087608998829176,226778.2,233064.55,-0.15787863210202935,0.8856301827111845,22.439353492806962,980.1721791860084,108918984.0,56.09756097560975,48.980017272700195,0.022514071294559068,-0.014787430683918634,0.016917293233082775,-0.001094177900428724,0.07792207792207792,29050.0
2024-11-06,27250.0,30100.0,27100.0,29050.0,2449779,0.07792207792207795,0.0750351859429141,27242.85714285714,27060.714285714286,27509.52380952381,0.03305447909476865,3000.0,-1800.0,56.968728441884004,-411.61507265457476,-640.0913833849881,228.4763107304134,29219.628079381546,25665.371920618454,0.12951648569784427,0.952274661193644,27750.0,27390.0,27135.0,27442.5,1.0606060606060606,1.058577024687984,-52.5,0.07792207792207795,0.07792207792207795,0.10327022375215146,0.06605504587155964,0.03717616027992947,0.029917061652110277,684349.4,341006.1,10.868566777611441,7.1839741283220455,24.988282136664754,1135.159880672722,111368763.0,75.5813953488372,66.90885845735534,-0.011009174311926606,0.022514071294559068,-0.014787430683918634,0.02980899163490347,-0.04991394148020654,27600.0
2024-11-07,29250.0,29250.0,27500.0,27600.0,692090,-0.04991394148020656,-0.051202710574815936,27307.14285714286,27132.14285714286,27450.0,0.040319283278950686,1750.0,1650.0,48.61969738029171,-366.46815103744666,-585.3667369154798,218.89858587803315,29106.13903982704,25688.86096017296,0.12472955852373695,0.5592576885111141,27866.666666666668,27500.0,27225.0,27397.5,1.0036363636363637,1.0073911853271285,102.5,-0.04991394148020656,0.04991394148020656,0.06340579710144928,-0.05641025641025641,0.04818644551926763,0.03374778217680882,755180.4,364147.5,-0.7174888020511239,1.9005760028559855,23.673042335704086,1179.077032053242,110676673.0,41.86046511627907,57.84647381357534,0.07792207792207795,-0.011009174311926606,0.022514071294559068,0.005666320709981594,-0.04891304347826087,26250.0
2024-11-08,27900.0,27950.0,26200.0,26250.0,628012,-0.048913043478260865,-0.05014978368547156,27257.14285714286,27060.714285714286,27342.85714285714,0.044466392643525615,1750.0,1650.0,42.39066948248024,-434.61266371875536,-555.215922276135,120.6032585573796,28917.454176345404,25622.545823654596,0.12082538880421001,0.19043145034155176,27633.333333333332,27420.0,27175.0,27270.0,0.9573304157549234,0.9625962596259626,150.0,-0.048913043478260865,0.048913043478260865,0.06666666666666667,-0.05913978494623656,0.05377302039958056,0.037667705018127225,844279.2,383821.25,-0.09258622433498531,1.6362095636966427,23.52573582162846,1219.857244049439,110048661.0,10.465116279069768,42.63565891472868,-0.04991394148020656,0.07792207792207795,-0.011009174311926606,-0.006968302345463158,-0.06666666666666667,24500.0
2024-11-11,26100.0,26300.0,24250.0,24500.0,681865,-0.06666666666666665,-0.06899287148695143,26892.85714285714,26932.14285714286,27138.095238095237,0.04994442950539809,2050.0,1600.0,35.959240247585456,-622.6505279138692,-568.7028434036818,-53.9476845101874,28855.09253668743,25214.90746331257,0.13464712681246008,-0.19639316378212937,26116.666666666668,26870.0,26905.0,27035.0,0.9117975437290659,0.9062326613648973,-165.0,-0.06666666666666665,0.06666666666666665,0.0836734693877551,-0.06130268199233716,0.05826180393646901,0.04219617888905008,931631.0,408819.65,0.08575154614879965,1.667887049949776,23.539015366610066,1279.1531551887647,109366796.0,4.273504273504273,18.8663618896177,-0.048913043478260865,-0.04991394148020656,0.07792207792207795,-0.055164550541711356,-0.026530612244897958,23850.0
2024-11-12,24350.0,24600.0,23600.0,23850.0,459842,-0.026530612244897944,-0.02688890021633106,26492.85714285714,26682.14285714286,26883.333333333332,0.05017964312659927,1000.0,500.0,33.901832436743575,-814.7297602272629,-617.908226768398,-196.8215334588649,28964.34951994948,24630.65048005052,0.1617202739023774,-0.18013490850733418,24866.666666666668,26250.0,26575.0,26797.5,0.9085714285714286,0.8900083963056256,-547.5,-0.026530612244897944,0.026530612244897944,0.041928721174004195,-0.02053388090349076,0.05809516689666055,0.04241321144821598,982317.6,417882.75,-0.32561137468560497,1.100409145866873,23.118177727609908,1259.2136441038529,108906954.0,3.8461538461538463,6.194924799575958,-0.06666666666666665,-0.048913043478260865,-0.04991394148020656,-0.047370107463275156,-0.031446540880503145,23100.0
2024-11-13,23600.0,23900.0,23000.0,23100.0,452102,-0.03144654088050314,-0.03195159980660236,25900.0,26425.0,26621.428571428572,0.047423226810911545,900.0,500.0,31.65154797251371,-1015.7635774502633,-697.4792969047711,-318.28428054549215,29290.37476730655,23879.62523269345,0.20352640716994935,-0.14408821323295562,23816.666666666668,25060.0,26225.0,26585.0,0.9217877094972067,0.8689110400601843,-1525.0,-0.03144654088050314,0.03144654088050314,0.03896103896103896,-0.0211864406779661,0.016072103355722244,0.04279896044042696,582782.2,422893.2,-0.01683186833738548,1.0690689753346707,23.069250993678594,1233.5555266678634,108454852.0,1.408450704225352,3.176036274627819,-0.026530612244897944,-0.06666666666666665,-0.048913043478260865,-0.04154793993068925,-0.023809523809523808,22550.0
2024-11-14,23300.0,23600.0,22550.0,22550.0,537912,-0.023809523809523836,-0.02409755157906053,25271.428571428572,26125.0,26392.85714285714,0.04710397124003551,1050.0,750.0,30.07500412542872,-1205.5676954745504,-799.096976618727,-406.4707188558234,29542.409185652894,23127.590814347106,0.24358528085459608,-0.09004008857534228,23166.666666666668,24050.0,25775.0,26335.0,0.9376299376299376,0.8562749193089045,-2285.0,-0.023809523809523836,0.023809523809523836,0.04656319290465632,-0.032188841201716736,0.018068507550669508,0.04153459492706715,551946.6,438215.6,0.1898023012506027,1.2275053649390848,23.218940602005123,1220.444417620159,107916940.0,0.0,1.7515348501263948,-0.03144654088050314,-0.026530612244897944,-0.06666666666666665,-0.027262225644974974,0.05543237250554324,23800.0
2024-11-15,22250.0,24100.0,22250.0,23800.0,455682,0.055432372505543226,0.05395051472874165,24521.428571428572,25882.14285714286,26214.285714285714,0.03969838990943897,1850.0,-1550.0,37.67331619057518,-1240.8208626391715,-887.441753822816,-353.3791088163555,29592.50682583258,22797.49317416742,0.2594011701341921,0.1475356602980349,23150.0,23560.0,25490.0,26195.0,1.0101867572156198,0.9085703378507348,-2635.0,0.055432372505543226,0.055432372505543226,0.07773109243697479,0.0696629213483146,0.04485048465953832,0.04750632858533509,517480.6,445266.55,-0.15286887074465716,1.0233914943756723,23.106991336552777,1265.4126735044333,108372622.0,19.745222929936304,7.051224544720547,-0.023809523809523836,-0.03144654088050314,-0.026530612244897944,5.876927183875077e-05,-0.012605042016806723,23500.0
2024-11-18,24050.0,24500.0,23250.0,23500.0,375083,-0.012605042016806678,-0.012685159527315687,23935.714285714286,25621.428571428572,26066.666666666668,0.03867963948797211,1250.0,550.0,36.644150591366184,-1278.2320806440512,-965.5998191870631,-312.6322614569881,29569.76938311728,22445.23061688272,0.2739417001339829,0.14804739194011624,23283.333333333332,23360.0,25115.0,26007.5,1.0059931506849316,0.9035855041814861,-2647.5,-0.012605042016806678,0.012605042016806678,0.05319148936170213,-0.02286902286902287,0.03601291648218211,0.04609283260556232,456124.2,454368.65,-0.17687554039878683,0.8255036961727003,22.899658314040973,1264.3117682541167,107997539.0,15.92356687898089,11.889596602972395,0.055432372505543226,-0.023809523809523836,-0.03144654088050314,0.006339268893070904,0.027659574468085105,24150.0
2024-11-19,23450.0,24350.0,23050.0,24150.0,298825,0.027659574468085202,0.02728395894846851,23635.714285714286,25446.428571428572,25919.04761904762,0.040635367347127964,1300.0,-700.0,40.44060733802698,-1241.1242647715844,-1020.7047083039674,-220.41955646761699,29553.69315682236,22246.30684317764,0.28213846770829026,0.2605162879192096,23816.666666666668,23420.0,24835.0,25900.0,1.0311699402220325,0.9324324324324325,-2480.0,0.027659574468085202,0.027659574468085202,0.053830227743271224,0.029850746268656716,0.03710144782866709,0.047933943619113455,423920.8,458794.05,-0.2033096674602688,0.6513271041766998,22.69965305596547,1266.860927664537,108296364.0,24.203821656050955,19.957537154989378,-0.012605042016806678,0.055432372505543226,-0.023809523809523836,0.02349563498560725,0.010351966873706004,24400.0
2024-11-20,24300.0,24800.0,24000.0,24400.0,278509,0.010351966873705987,0.010298752200574473,23621.428571428572,25257.14285714286,25828.571428571428,0.03226006300452082,800.0,-100.0,41.883073754209306,-1177.9643034496148,-1052.1566273330968,-125.807676116518,29397.89724208921,22107.10275791079,0.2831101634473709,0.31449209644641224,24016.666666666668,23680.0,24370.0,25752.5,1.0304054054054055,0.9474808271041646,-2072.5,0.010351966873705987,0.010351966873705987,0.03278688524590164,0.00411522633744856,0.03170281691208505,0.03789101036194107,389202.2,458470.35,-0.06798627959508075,0.6074743982898786,22.63954406523423,1233.5137185456415,108574873.0,27.388535031847134,22.505307855626324,0.027659574468085202,-0.012605042016806678,0.055432372505543226,0.00846883310832817,-0.010245901639344262,24150.0
2024-11-21,24500.0,24750.0,24050.0,24150.0,193818,-0.010245901639344246,-0.010298752200574473,23664.285714285714,25078.571428571428,25676.190476190477,0.030570653231052927,700.0,350.0,40.818448827875464,-1134.9989285853917,-1068.7250875835557,-66.27384100183599,29309.03383034927,21940.96616965073,0.2875343477345773,0.2998118274798579,24233.333333333332,24000.0,24025.0,25625.0,1.00625,0.9424390243902439,-1625.0,-0.010245901639344246,0.010245901639344246,0.028985507246376812,-0.014285714285714285,0.02833793965723809,0.03605283294680828,320383.4,460314.05,-0.304087121062515,0.42105601599603576,22.26671451267712,1195.4055957923815,108381055.0,24.203821656050955,25.265392781316347,0.010351966873705987,0.027659574468085202,-0.012605042016806678,0.009255213234148981,0.016563146997929608,24550.0
2024-11-22,24300.0,24800.0,24200.0,24550.0,190551,0.016563146997929712,0.016427474141947996,23871.428571428572,24885.714285714286,25573.809523809523,0.026923346250075503,600.0,-250.0,43.30176649267711,-1056.493305217864,-1066.2787311104175,9.785425892553576,29188.962438566843,21841.037561433157,0.28798451409499065,0.36867040475563057,24366.666666666668,24150.0,23855.0,25515.0,1.0165631469979297,0.9621791103272584,-1365.0,0.016563146997929712,0.016563146997929712,0.024439918533604887,0.0102880658436214,0.017386341662953345,0.034659498960858126,267357.2,460065.7,-0.01685601956474636,0.41418214833229255,22.266142287691082,1156.4480532357827,108571606.0,29.29936305732484,26.96390658174097,-0.010245901639344246,0.010351966873705987,0.027659574468085202,0.005556404077430484,0.012219959266802444,24850.0
2024-11-25,24650.0,24950.0,24600.0,24850.0,264910,0.012219959266802416,0.01214589830210812,24200.0,24735.714285714286,25483.333333333332,0.022722800204903786,350.0,-200.0,45.16036852728608,-959.0146167650419,-1044.8259082413424,85.81129147630054,28994.059028030166,21800.940971969834,0.28322150038627153,0.423885581227362,24516.666666666668,24420.0,23890.0,25397.5,1.0176085176085177,0.9784427601141845,-977.5,0.012219959266802416,0.012219959266802416,0.014084507042253521,0.008113590263691683,0.013795895106681142,0.02761080117360024,245322.6,463217.15,0.39023148658364426,0.5718916063448859,22.6077584563187,1102.416049433227,108836516.0,33.12101910828026,28.87473460721868,0.016563146997929712,-0.010245901639344246,0.010351966873705987,0.006179068208462628,-0.04627766599597585,23700.0
2024-11-26,24200.0,24250.0,23250.0,23700.0,644384,-0.046277665995975825,-0.0473827044015522,24185.714285714286,24353.571428571428,25316.666666666668,0.02509126360467544,1000.0,500.0,39.777479684957235,-963.4513751935665,-1028.5510016317874,65.09962643822087,28798.51367704113,21651.48632295887,0.2833311141360658,0.2866245748830182,24366.666666666668,24330.0,23875.0,25225.0,0.9741060419235512,0.9395441030723488,-895.0,-0.046277665995975825,0.046277665995975825,0.04219409282700422,-0.02066115702479339,0.026062220662177997,0.030421902211239502,314434.4,486862.75,1.4324638556490883,1.3235434421713306,23.449280427866835,1137.9577601879967,108192132.0,20.714285714285715,27.7115559599636,0.012219959266802416,0.016563146997929712,-0.010245901639344246,-0.005831519910414566,-0.0379746835443038,22800.0
2024-11-27,23400.0,23400.0,22600.0,22800.0,368306,-0.03797468354430378,-0.03871451218069039,24085.714285714286,24010.714285714286,25109.52380952381,0.02883061475723785,800.0,600.0,36.14627420127136,-1027.7428369231166,-1028.3893686900533,0.6465317669367323,28703.514685809507,21366.485314190493,0.29307087563886614,0.1953808023932147,23783.333333333332,24010.0,23845.0,25035.0,0.9496043315285297,0.9107249850209707,-1025.0,-0.03797468354430378,0.03797468354430378,0.03508771929824561,-0.02564102564102564,0.028498450174739832,0.031225954490708713,332393.8,497181.9,-0.42843708099518296,0.7407872249573043,22.85118520842914,1135.24649160314,107823826.0,9.649122807017545,21.161475876527835,-0.046277665995975825,0.012219959266802416,0.016563146997929712,-0.02401079675782573,-0.010964912280701754,22550.0
2024-11-28,22800.0,22950.0,22400.0,22550.0,193591,-0.010964912280701733,-0.01102547001170771,23857.14285714286,23746.428571428572,24916.666666666668,0.0252445424480029,550.0,250.0,35.18541786436295,-1086.3444911337501,-1039.9803931787928,-46.36409795495729,28510.014224723727,21109.985775276273,0.29826797458474225,0.1945957687272473,23016.666666666668,23690.0,23845.0,24810.0,0.9518784297171803,0.9089076985086658,-1120.0,-0.010964912280701733,0.010964912280701733,0.024390243902439025,-0.010964912280701754,0.028481985972327938,0.030431512751022707,332348.4,489964.7,-0.47437456897253916,0.39511213767032605,22.19699331030062,1093.4431707743443,107630235.0,7.407407407407407,12.590271976236885,-0.03797468354430378,-0.046277665995975825,0.012219959266802416,-0.03173908727366045,-0.031042128603104215,21850.0
2024-11-29,22500.0,22550.0,21450.0,21850.0,453507,-0.03104212860310418,-0.03153414440708816,23492.85714285714,23557.14285714286,24669.04761904762,0.02463987890743175,1100.0,650.0,32.574376531567594,-1175.7179297189068,-1067.1279004868156,-108.59002923209118,28388.293914964204,20751.706085035796,0.3108094354875217,0.14381998078512254,22400.0,23150.0,23650.0,24570.0,0.9438444924406048,0.8892958892958893,-1420.0,-0.03104212860310418,0.03104212860310418,0.05034324942791762,-0.028888888888888888,0.023536519722588623,0.0248321048721032,384939.6,503514.15,1.34260373674396,0.9006837245785446,23.01672218454451,1093.911515719034,107176728.0,11.428571428571429,9.495033880998788,-0.010964912280701733,-0.03797468354430378,-0.046277665995975825,-0.026660574809369897,-0.02288329519450801,21350.0
2024-12-02,22000.0,22050.0,21250.0,21350.0,331561,-0.022883295194508046,-0.023149181866965636,23092.85714285714,23378.571428571428,24416.666666666668,0.024643111480008115,800.0,650.0,30.81534081895765,-1272.2273994968054,-1108.1478002888136,-164.0795992079918,28132.937818385148,20417.062181614852,0.3178527553767372,0.12091146388352833,21916.666666666668,22450.0,23435.0,24275.0,0.9510022271714922,0.8795056642636457,-1825.0,-0.022883295194508046,0.022883295194508046,0.03747072599531616,-0.029545454545454545,0.013624234603399857,0.025242562081779878,398269.8,507836.9,-0.26889551870202666,0.6528887522745984,22.680374102544313,1072.9178360248175,106845167.0,2.7027027027027026,7.179560512893841,-0.03104212860310418,-0.010964912280701733,-0.03797468354430378,-0.021630112026104653,0.02107728337236534,21800.0
2024-12-03,21150.0,21950.0,21150.0,21800.0,280216,0.021077283372365363,0.020858230120409788,22700.0,23285.714285714286,24157.14285714286,0.025697279150505004,800.0,-650.0,34.25630270167059,-1297.444478103458,-1146.0071358517425,-151.43734225171556,27810.606628442823,20224.393371557177,0.3158619030659164,0.20769342689024986,21666.666666666668,22070.0,23200.0,24017.5,0.9877661984594472,0.9076714895388779,-1947.5,0.021077283372365363,0.021077283372365363,0.03669724770642202,0.030732860520094562,0.023216211754692902,0.024238751274611062,325436.2,511527.25,-0.15485838201718538,0.5478026830437674,22.532981262265615,1053.4237048801876,107125383.0,17.105263157894736,10.412179096389616,-0.022883295194508046,-0.03104212860310418,-0.010964912280701733,-0.010949380141748954,-0.0045871559633027525,21700.0
2024-12-04,21100.0,21800.0,21100.0,21700.0,227641,-0.004587155963302725,-0.0045977092486294314,22250.0,23225.0,23907.14285714286,0.023192428198775955,700.0,-600.0,33.853359348008055,-1310.3929644408236,-1178.8843015695588,-131.50866287126473,26751.27308324213,20548.72691675787,0.26226410851941895,0.18561298091791498,21616.666666666668,21850.0,22930.0,23650.0,0.9931350114416476,0.9175475687103594,-1800.0,-0.004587155963302725,0.004587155963302725,0.03225806451612903,0.02843601895734597,0.020026645268487728,0.02329256780369361,297303.2,400420.35,-0.18762311930796238,0.568505072232218,22.32059264533947,1028.1791545316028,106897742.0,15.584415584415584,11.797460481671003,0.021077283372365363,-0.022883295194508046,-0.03104212860310418,-0.002131055928481803,0.009216589861751152,21900.0
2024-12-05,21900.0,22200.0,21650.0,21900.0,258262,0.009216589861751112,0.00917437627604123,21992.85714285714,23089.285714285714,23566.666666666668,0.021601409392472147,550.0,0.0,35.4877665445708,-1289.6501208083828,-1201.0374654173238,-88.61265539105898,25941.02304664421,20788.97695335579,0.2205027217328664,0.21564695395321537,21800.0,21720.0,22705.0,23365.0,1.0082872928176796,0.9372993794136529,-1645.0,0.009216589861751112,0.009216589861751112,0.02511415525114155,0.0,0.021669328960721858,0.024196362041972223,310237.4,378728.95,0.13451443281306963,0.681917767310896,22.455971768485874,994.0235006364884,107156004.0,20.77922077922078,17.82296650717703,-0.004587155963302725,0.021077283372365363,-0.022883295194508046,0.008568905756937917,-0.01598173515981735,21550.0
2024-12-06,22100.0,22100.0,21100.0,21550.0,328179,-0.01598173515981738,-0.01611082027269837,21814.285714285714,22950.0,23278.571428571428,0.018246477390005338,1000.0,550.0,33.90874894026989,-1286.6219655885652,-1218.1543654515722,-68.46760013699304,25441.84592456924,20818.15407543076,0.19990020964714564,0.1582817256097208,21716.666666666668,21660.0,22405.0,23130.0,0.9949215143120961,0.9316904453091224,-1470.0,-0.01598173515981738,0.01598173515981738,0.04640371229698376,-0.024886877828054297,0.01799077694199985,0.022430740961892858,285171.8,363737.3,0.27072120559741664,0.9022418102295255,22.679445565889495,994.4503934481678,106827825.0,11.688311688311689,16.01731601731601,0.009216589861751112,-0.004587155963302725,0.021077283372365363,-0.0037841004204563302,-0.05336426914153132,20400.0
2024-12-09,20950.0,21150.0,20200.0,20400.0,333196,-0.05336426914153136,-0.05484091569958613,21507.14285714286,22682.14285714286,23000.0,0.025506369035532186,950.0,550.0,29.296263420069252,-1361.3250124609185,-1246.7884948534415,-114.53651760747698,25443.24918293811,20406.75081706189,0.21969458520725066,-0.001340379083140023,21283.333333333332,21470.0,21960.0,22925.0,0.9501630181648812,0.8898582333696837,-1455.0,-0.05336426914153136,0.05336426914153136,0.04656862745098039,-0.026252983293556086,0.028602985019452225,0.023870248319634347,285498.8,346303.85,0.01528738889447534,0.9621492801769314,22.63977636438027,1019.8467939161559,106494629.0,4.2105263157894735,12.226019594440643,-0.01598173515981738,0.009216589861751112,-0.004587155963302725,-0.02004313814653254,0.051470588235294115,21450.0
2024-12-10,20650.0,21550.0,20600.0,21450.0,264538,0.05147058823529416,0.05018974452385531,21450.0,22471.428571428572,22854.761904761905,0.0336986299798363,950.0,-800.0,37.6373724196848,-1320.5786815208994,-1261.5465321869333,-59.03214933396612,25366.02364402658,20243.97635597342,0.22460194203258757,0.23545734277767236,21133.333333333332,21400.0,21735.0,22805.0,1.0023364485981308,0.940583205437404,-1405.0,0.05147058823529416,0.05147058823529416,0.04428904428904429,0.0387409200968523,0.038155205584592324,0.030639564130634928,282363.2,336538.65,-0.2060588962652613,0.7860553312375859,22.459220111790515,1029.1434514935734,106759167.0,26.31578947368421,14.07154249259512,-0.05336426914153136,-0.01598173515981738,0.009216589861751112,-0.005958472022018195,0.02097902097902098,21900.0
2024-12-11,21450.0,22050.0,21300.0,21900.0,276245,0.020979020979021046,0.020761991448429225,21528.571428571428,22310.714285714286,22761.904761904763,0.03332944154248201,750.0,-450.0,40.857612005872895,-1237.708152362531,-1256.778856222053,19.070703859521927,25333.00878547277,20156.99121452723,0.22756727065049653,0.3367470766051443,21250.0,21440.0,21645.0,22745.0,1.021455223880597,0.962848977797318,-1305.0,0.020979020979021046,0.020979020979021046,0.03424657534246575,0.02097902097902098,0.03951926727267371,0.030221502215319974,292084.0,327745.8,0.0442545116391595,0.842863585132136,22.523285348072676,1009.2046335297467,107035412.0,35.78947368421053,22.10526315789473,0.05147058823529416,-0.05336426914153136,-0.01598173515981738,0.0063617800242612805,0.01141552511415525,22150.0
2024-12-12,22200.0,22400.0,21750.0,22150.0,506451,0.011415525114155223,0.01135085966868948,21578.571428571428,22139.285714285714,22716.666666666668,0.03269827865533375,650.0,50.0,42.6300079478808,-1138.7331434508415,-1233.1697136678108,94.43657021696936,25325.50602363221,20124.49397636779,0.2288674168213166,0.3894445937108657,21833.333333333332,21490.0,21605.0,22725.0,1.0307119590507212,0.9746974697469747,-1235.0,0.011415525114155223,0.011415525114155223,0.029345372460496615,-0.0022522522522522522,0.039625291924908115,0.030444022544663215,341721.8,326172.75,0.8333399699542072,1.5527078825560996,23.140775631204,983.5471597061934,107541863.0,41.05263157894737,34.3859649122807,0.020979020979021046,0.05147058823529416,-0.05336426914153136,0.027955044776156807,-0.024830699774266364,21600.0
2024-12-13,22150.0,22350.0,21200.0,21600.0,725011,-0.02483069977426633,-0.02514418180102529,21564.285714285714,21907.14285714286,22671.428571428572,0.034300992633667426,1150.0,550.0,39.803862722540615,-1092.0862487940976,-1204.9530206930683,112.86677189897068,25210.157433618082,20019.842566381918,0.22950762181013326,0.30444346326517063,21883.333333333332,21500.0,21580.0,22615.0,1.0046511627906978,0.9551182843245634,-1115.0,-0.02483069977426633,0.02483069977426633,0.05324074074074074,-0.024830699774266364,0.04085808887260098,0.02982850442379044,421088.2,339639.2,0.43155211461720877,2.134650535038358,23.474390699871616,995.4366482986081,106816852.0,34.5679012345679,37.13666883257526,0.011415525114155223,0.020979020979021046,0.05147058823529416,0.002521282106303313,0.034722222222222224,22350.0
2024-12-16,21900.0,23250.0,21850.0,22350.0,517056,0.03472222222222232,0.03413300636945862,21628.571428571428,21810.714285714286,22602.380952380954,0.0367064683964315,1400.0,-450.0,45.14438136854296,-983.2650492904468,-1160.615426412544,177.35037712209714,25120.860253548788,19994.139746451212,0.22727343487077806,0.45952578266891453,22033.333333333332,21890.0,21680.0,22557.5,1.0210141617176793,0.9908012856034578,-667.5,0.03472222222222232,0.03472222222222232,0.06263982102908278,0.02054794520547945,0.02865217800407119,0.0306305525815512,457860.2,346737.85,-0.2868301308531871,1.491201494154734,23.17048806496763,1042.1911734201362,107333908.0,67.1875,47.60267760450508,-0.02483069977426633,0.011415525114155223,0.020979020979021046,0.007102349187370405,-0.029082774049217,21700.0
2024-12-17,22600.0,22600.0,21500.0,21700.0,581720,-0.029082774049216997,-0.029514060513163968,21650.0,21732.14285714286,22516.666666666668,0.03818362890788754,1100.0,900.0,41.69210605859469,-938.652826895388,-1116.2229065091128,177.57007961372483,24910.586055015963,19959.413944984037,0.2206896416328026,0.3515503029048892,21883.333333333332,21940.0,21670.0,22435.0,0.9890610756608933,0.9672386895475819,-495.0,-0.029082774049216997,0.029082774049216997,0.05069124423963134,-0.03982300884955752,0.02830005411438734,0.03179239519112891,521296.6,360882.6,0.1250618888476296,1.6119369567831756,23.258812050899415,1046.320375318698,106752188.0,49.18032786885246,50.31190970114011,0.03472222222222232,-0.02483069977426633,0.011415525114155223,-0.006397083867087002,0.029953917050691243,22350.0
2024-12-18,21700.0,22350.0,21550.0,22350.0,306367,0.02995391705069128,0.029514060513164006,21928.571428571428,21717.85714285714,22430.95238095238,0.030077054487903186,800.0,-650.0,46.12864500923461,-841.1514808377724,-1061.2086213748448,220.05714053707243,24628.784183769858,20036.215816230142,0.20564506291457363,0.5038105039706519,22133.333333333332,22030.0,21735.0,22332.5,1.014525646845211,1.000783611328781,-302.5,0.02995391705069128,0.02995391705069128,0.035794183445190156,0.029953917050691243,0.029988252061030507,0.03308908681772258,527321.0,362275.5,-0.4733428453551537,0.8456740795333938,22.647120608886148,1028.726062795934,107058555.0,70.49180327868852,62.28654371584699,-0.029082774049216997,0.03472222222222232,-0.02483069977426633,0.011864455074565535,-0.042505592841163314,21400.0
2024-12-19,21600.0,21800.0,21200.0,21400.0,365047,-0.04250559284116329,-0.043435399031772015,21921.428571428572,21685.714285714286,22288.095238095237,0.03158377667298519,600.0,200.0,41.19511681633075,-830.9592412674174,-1015.1587453533594,184.19950408594207,24358.54971480229,20031.45028519771,0.19495829824755948,0.3162741547927295,21816.666666666668,21880.0,21685.0,22195.0,0.9780621572212066,0.964181121874296,-315.0,-0.04250559284116329,0.04250559284116329,0.028037383177570093,-0.009259259259259259,0.035952899727650686,0.03600172346415492,499040.2,370836.95,0.19153498908172217,0.9843868039579119,22.778927592536093,1037.388486881939,106693508.0,39.34426229508197,53.00546448087431,0.02995391705069128,-0.029082774049216997,0.03472222222222232,-0.013878149946563001,-0.02336448598130841,20900.0
2024-12-20,21300.0,21650.0,20750.0,20900.0,283407,-0.02336448598130836,-0.023641763057040424,21778.571428571428,21653.571428571428,22133.333333333332,0.03109609950449375,900.0,400.0,38.84058909906037,-853.3902872875951,-982.8050537402066,129.4147664526115,23942.832668357023,20082.167331642977,0.17538513738621447,0.21183723452525685,21550.0,21740.0,21620.0,22012.5,0.9613615455381784,0.9494605337876206,-272.5,-0.02336448598130836,0.02336448598130836,0.0430622009569378,-0.018779342723004695,0.03576998168788999,0.03640011885841366,410719.4,375479.75,-0.22364243508370152,0.7547863766288329,22.502143744125977,1027.575023533229,106410101.0,22.950819672131146,44.26229508196721,-0.04250559284116329,0.02995391705069128,-0.029082774049216997,-0.011972053923926787,0.03110047846889952,21550.0
2024-12-23,21100.0,21650.0,20800.0,21550.0,252367,0.031100478468899517,0.03062665757899147,21692.85714285714,21635.714285714286,21990.47619047619,0.033702808251635484,850.0,-450.0,43.3718442936091,-809.3873713514076,-948.1215172624468,138.73414591103915,23248.05440150641,20446.94559849359,0.12821186877275767,0.3937920584591308,21283.333333333332,21580.0,21735.0,21847.5,0.9986098239110287,0.9863828813365374,-267.5,0.031100478468899517,0.031100478468899517,0.03944315545243619,0.02132701421800948,0.03476020785269805,0.03290805411998659,357781.6,374852.6,-0.1095244648156185,0.6732432961649459,22.416770751967665,1014.8910932808553,106662468.0,44.26229508196721,35.5191256830601,-0.02336448598130836,-0.04250559284116329,0.02995391705069128,-0.011589866784524042,0.01160092807424594,21800.0
2024-12-24,21850.0,22100.0,21450.0,21800.0,256943,0.011600928074245953,0.011534153245286545,21721.428571428572,21642.85714285714,21845.238095238095,0.03268965714992051,650.0,50.0,45.05789962059241,-745.7453446623585,-907.6462827424291,161.90093808007055,22848.653562042735,20656.346437957265,0.10078414545847464,0.5216666722824316,21416.666666666668,21600.0,21770.0,21752.5,1.0092592592592593,1.0021836570509137,-152.5,0.011600928074245953,0.011600928074245953,0.02981651376146789,-0.002288329519450801,0.0329487297118039,0.028963898115137558,292826.2,355480.55,0.018132323164280484,0.7228046654029313,22.44627479835078,988.8274437607943,106919411.0,52.459016393442624,39.89071038251365,0.031100478468899517,-0.02336448598130836,-0.04250559284116329,0.006445640187279038,-0.034403669724770644,21050.0
2024-12-26,22000.0,22000.0,20950.0,21050.0,267731,-0.0344036697247706,-0.03500940966665286,21535.714285714286,21582.14285714286,21719.04761904762,0.031547319390387935,1050.0,950.0,41.103968525846916,-747.2138953229332,-875.5598052585299,128.34590993559664,22685.887127118283,20644.112872881717,0.09424298427124703,0.19879138267910393,21466.666666666668,21340.0,21685.0,21665.0,0.9864104967197751,0.9716132010154628,-325.0,-0.0344036697247706,0.0344036697247706,0.0498812351543943,-0.04318181818181818,0.03152436953727849,0.030199961902253557,285099.0,350451.8,0.041985965758942534,0.7639595516416238,22.45239386336204,993.1969120635947,106651680.0,27.868852459016395,41.530054644808736,0.011600928074245953,0.031100478468899517,-0.02336448598130836,0.0027659122727916228,-0.0166270783847981,20700.0
2024-12-27,20900.0,21350.0,20550.0,20700.0,272439,-0.016627078384798155,-0.01676685985706709,21392.85714285714,21521.428571428572,21619.04761904762,0.030486303003385756,800.0,200.0,39.36780427070935,-767.7694390561701,-854.001732018058,86.23229296188788,22590.99992894609,20554.00007105391,0.09442576696684114,0.07167400055548658,21183.333333333332,21200.0,21540.0,21572.5,0.9764150943396226,0.9595549889906131,-372.5,-0.016627078384798155,0.016627078384798155,0.03864734299516908,-0.009569377990430622,0.026957804916059588,0.02995800249229434,266577.4,354394.2,0.01758481460869299,0.7687456510292775,22.453058994246337,979.3971326304808,106379241.0,16.39344262295082,32.24043715846994,-0.0344036697247706,0.011600928074245953,0.031100478468899517,-0.013143273345107601,0.00966183574879227,20900.0
2024-12-30,20550.0,21050.0,20350.0,20900.0,130597,0.009661835748792313,0.009615458699441973,21185.714285714286,21557.14285714286,21540.47619047619,0.02730407609380384,700.0,-350.0,40.90388010889286,-759.1702845559303,-835.0354425256324,75.86515796970218,22577.065637335993,20472.934362664007,0.09775290474666597,0.20296530091857892,20883.333333333332,21200.0,21470.0,21525.0,0.9858490566037735,0.9709639953542393,-325.0,0.009661835748792313,0.009661835748792313,0.03349282296650718,0.0170316301703163,0.0257628098293405,0.029576210490253784,236015.4,338248.7,-0.5206376473265575,0.3860975666720966,21.72737596297638,959.4401945854464,106509838.0,18.96551724137931,21.075937441115503,-0.016627078384798155,-0.0344036697247706,0.011600928074245953,-0.013789637453592149,0.004784688995215311,21000.0
2025-01-02,20750.0,21100.0,20250.0,21000.0,151974,0.004784688995215225,0.0047732787526575905,21128.571428571428,21525.0,21500.0,0.023098085922077807,850.0,-250.0,41.69919407315502,-735.8043340551048,-815.1892208315269,79.38488677642204,22583.200506157453,20431.799493842547,0.1000302690835711,0.26410720405214905,20866.666666666668,21090.0,21335.0,21507.5,0.9957325746799431,0.9764035801464606,-417.5,0.004784688995215225,0.004784688995215225,0.04047619047619048,0.012048192771084338,0.019912716216177684,0.02672306802024594,215936.8,329269.35,0.16368676156420126,0.4615491845809518,21.883742449584563,951.623037829343,106661812.0,25.0,20.11965328811004,0.009661835748792313,-0.016627078384798155,-0.0344036697247706,-0.0007268512135968722,0.05714285714285714,22200.0
2025-01-03,20950.0,22600.0,20850.0,22200.0,649034,0.05714285714285716,0.055569851154810786,21314.285714285714,21546.428571428572,21540.47619047619,0.02961103407131496,1750.0,-1250.0,50.33657777807899,-613.3859473771918,-774.8285661406599,161.4426187634681,22640.33185470319,20414.66814529681,0.10338700310794924,0.8021570586597592,21366.666666666668,21170.0,21385.0,21527.5,1.0486537553141237,1.0312391127627454,-357.5,0.05714285714285716,0.05714285714285716,0.07882882882882883,0.059665871121718374,0.03448583471098704,0.031830343604475925,294355.0,347710.25,3.2706910392567146,1.8665943842610335,23.39108795053346,1008.6499636986757,107310846.0,65.0,36.32183908045977,0.004784688995215225,0.009661835748792313,-0.016627078384798155,0.023863127295621567,0.038288288288288286,23050.0
2025-01-06,22500.0,23350.0,22350.0,23050.0,706533,0.03828828828828823,0.03757348056442371,21528.571428571428,21610.714285714286,21600.0,0.030572293637181995,1000.0,-550.0,55.379314095413804,-442.67768491014067,-708.3983898945561,265.7207049844154,22899.203729645444,20290.796270354556,0.12078756468121729,1.0578116236470017,22083.333333333332,21570.0,21455.0,21595.0,1.068613815484469,1.067376707571197,-25.0,0.03828828828828823,0.03828828828828823,0.04338394793926247,0.024444444444444446,0.029089811889549778,0.0327189511136652,382115.4,371654.85,0.08859166083749082,1.9010460915551084,23.51354623763159,1018.746394863056,108017379.0,90.3225806451613,60.107526881720425,0.05714285714285716,0.004784688995215225,0.009661835748792313,0.03340527814212021,-0.019522776572668113,22600.0
2025-01-07,23350.0,23450.0,22550.0,22600.0,496915,-0.0195227765726681,-0.019715863164417317,21642.85714285714,21682.14285714286,21642.85714285714,0.03246783995969856,900.0,750.0,52.3488111424874,-339.7845711834161,-634.6756261523282,294.89105496891204,23004.351521723314,20255.648478276686,0.12707827292864673,0.8528937046555988,22616.666666666668,21950.0,21575.0,21630.0,1.029612756264237,1.0448451225150255,320.0,-0.0195227765726681,0.0195227765726681,0.03982300884955752,-0.032119914346895075,0.029982832199596608,0.02980000545086888,427010.6,383587.5,-0.29668536359943554,1.295441066249552,23.141879449644605,1010.264509515695,107520464.0,73.4375,76.25336021505376,0.03828828828828823,0.05714285714285716,0.004784688995215225,0.025302789619492432,0.06858407079646017,24150.0
2025-01-08,22450.0,24250.0,22300.0,24150.0,890940,0.06858407079646023,0.06633447382034155,22085.714285714286,21810.714285714286,21750.0,0.03412914378261686,1950.0,-1700.0,60.38931646303201,-131.65139579998868,-534.0707800818603,402.41938428187166,23535.74298756739,19984.25701243261,0.16321167165141467,1.1729577469074186,23266.666666666668,22600.0,21900.0,21760.0,1.0685840707964602,1.1098345588235294,840.0,0.06858407079646023,0.06858407079646023,0.08074534161490683,0.0757238307349666,0.036682331359219514,0.033707936262650236,579079.2,411725.55,0.7929424549470232,2.163917201640753,23.792072023245357,1077.3884731217167,108411404.0,97.5,87.08669354838709,-0.0195227765726681,0.03828828828828823,0.05714285714285716,0.029116527504026785,-0.037267080745341616,23250.0
2025-01-09,24200.0,24200.0,23250.0,23250.0,635236,-0.037267080745341574,-0.03797924806521633,22450.0,21921.428571428572,21830.95238095238,0.03855395644416456,950.0,950.0,54.62561548736738,-38.87866413719166,-435.0323568929266,396.15369275573494,23676.129938260732,20128.870061739268,0.1619568486027378,0.8798706739584565,23333.333333333332,23050.0,22070.0,21902.5,1.0086767895878526,1.0615226572309098,1147.5,-0.037267080745341574,0.037267080745341574,0.04086021505376344,-0.03925619834710744,0.04718472343682251,0.036877530641937654,675731.6,426827.55,-0.28700473657036385,1.4882731913626475,23.415812273455277,1068.2892964701655,107776168.0,75.0,81.97916666666667,0.06858407079646023,-0.0195227765726681,0.03828828828828823,0.003931404492816852,-0.015053763440860216,22900.0
2025-01-10,23400.0,23600.0,22900.0,22900.0,329118,-0.01505376344086018,-0.015168221473171317,22735.714285714286,21960.714285714286,21950.0,0.04039581635239794,700.0,500.0,52.526064582013326,6.3293582668484305,-346.76001386097164,353.08937212782007,23788.835714721714,20161.164285278286,0.16508174878013324,0.7549845039692356,23433.333333333332,23190.0,22180.0,21975.0,0.98749460974558,1.0420932878270763,1215.0,-0.01505376344086018,0.01505376344086018,0.03056768558951965,-0.021367521367521368,0.044499874133080035,0.03756325741238025,611748.4,430056.55,-0.48189649201241747,0.76529005313371,22.743063817732445,1041.982918150868,107447050.0,66.25,79.58333333333333,-0.037267080745341574,0.06858407079646023,-0.0195227765726681,0.0054210755367528245,-0.03056768558951965,22200.0
2025-01-13,22600.0,22800.0,22200.0,22200.0,276139,-0.03056768558951961,-0.031044621681960163,22907.14285714286,22017.85714285714,21985.714285714286,0.04374904796490711,600.0,400.0,48.510210673892274,-14.163836240149976,-280.2407783368073,266.0769420966573,23806.1845489348,20173.8154510652,0.1651827693437746,0.5578135080279054,22783.333333333332,23020.0,22295.0,21990.0,0.9643788010425717,1.009549795361528,1030.0,-0.03056768558951961,0.03056768558951961,0.02702702702702703,-0.017699115044247787,0.043028745340806626,0.03712686620179978,525669.6,430051.25,-0.16097266026166912,0.6421071907127348,22.536507209135593,1017.5555668543775,107170911.0,48.75,63.333333333333336,-0.01505376344086018,-0.037267080745341574,0.06858407079646023,-0.027629509925240454,0.013513513513513514,22500.0
2025-01-14,22450.0,22550.0,21950.0,22500.0,191241,0.013513513513513598,0.01342302033214077,22950.0,22132.14285714286,22014.285714285714,0.03871142965644171,600.0,-50.0,50.26518765203942,-6.126722691617033,-225.41796720776927,219.29124451615223,23836.872915279422,20178.127084720578,0.166249952541581,0.6346089678836134,22533.333333333332,23000.0,22475.0,22007.5,0.9782608695652174,1.0223787345223219,992.5,0.013513513513513598,0.013513513513513598,0.02666666666666667,0.0022271714922048997,0.04311640986579452,0.03630539675775588,464534.8,414290.75,-0.307446612032346,0.46161059594017,22.182560280182862,987.730169221922,107362152.0,56.25,57.083333333333336,-0.03056768558951961,-0.01505376344086018,-0.037267080745341574,-0.01070264517228873,-0.0022222222222222222,22450.0
2025-01-15,22600.0,23150.0,22250.0,22450.0,255606,-0.0022222222222222365,-0.0022246950221111624,22864.285714285714,22196.428571428572,22028.571428571428,0.03538123980222069,900.0,150.0,49.959553214044085,-3.7486226442852058,-181.08409829507247,177.33547565078726,23879.00605736962,20220.99394263038,0.16589624103125813,0.6093490090938405,22383.333333333332,22660.0,22630.0,22050.0,0.9907325684024714,1.018140589569161,610.0,-0.0022222222222222365,0.0022222222222222365,0.0400890868596882,-0.00663716814159292,0.02068909683068891,0.03647385250982938,337468.0,390820.5,0.33656485795409985,0.6540240340514379,22.470438368733074,981.4637285632132,107106546.0,55.0,53.333333333333336,0.013513513513513598,-0.03056768558951961,-0.01505376344086018,-0.006425464766076083,0.0066815144766146995,22600.0
2025-01-16,22950.0,23200.0,22550.0,22600.0,323097,0.006681514476614803,0.006659292089976997,22864.285714285714,22253.571428571428,22076.190476190477,0.034799430293646405,650.0,350.0,50.923633753410996,10.123092465673835,-142.84266014292322,152.96575260859706,23903.5165955969,20221.4834044031,0.16689102283031376,0.6459791294889796,22516.666666666668,22530.0,22790.0,22062.5,1.0031069684864624,1.0243626062322946,467.5,0.006681514476614803,0.006681514476614803,0.028761061946902654,-0.015250544662309368,0.01760898673950361,0.036461544133506746,275040.2,381122.55,0.2640430975798691,0.8477509399535661,22.71141305211574,964.9306050944123,107429643.0,58.75,56.666666666666664,-0.0022222222222222365,0.013513513513513598,-0.03056768558951961,0.005990935255968721,0.015486725663716814,22950.0
2025-01-17,22600.0,23000.0,22400.0,22950.0,340939,0.015486725663716783,0.015368030228313937,22692.85714285714,22389.285714285714,22104.761904761905,0.021333984641175967,600.0,-350.0,53.18981162885678,48.79611037272116,-104.51490603979434,153.3110164125155,23998.780305046188,20251.219694953812,0.16938127051264976,0.720143204029371,22666.666666666668,22540.0,22865.0,22125.0,1.0181898846495119,1.0372881355932204,415.0,0.015486725663716783,0.015486725663716783,0.026143790849673203,0.015486725663716814,0.01873996714507599,0.032367642710455585,277404.4,369083.5,0.05522180645440833,0.9237448978347718,22.780532070249706,938.8641333019543,107770582.0,67.5,60.416666666666664,0.006681514476614803,-0.0022222222222222365,0.013513513513513598,0.006648672639369783,0.004357298474945534,23050.0
2025-01-20,23200.0,23200.0,22600.0,23050.0,318750,0.004357298474945592,0.0043478329361034225,22664.285714285714,22557.14285714286,22169.04761904762,0.01667200118538487,600.0,150.0,53.84558158875397,86.51661032413904,-66.30860276700767,152.8252130911467,24077.12504053665,20242.87495946335,0.17302572568020322,0.7321184015599908,22866.666666666668,22710.0,22865.0,22160.0,1.014971378247468,1.0401624548736461,550.0,0.004357298474945592,0.004357298474945592,0.026030368763557483,-0.00646551724137931,0.00715887825941641,0.030044738984259817,285926.6,369702.65,-0.0650820234704742,0.8621793757767221,22.717583424015675,914.6595523518148,108089332.0,70.0,65.41666666666667,0.015486725663716783,0.006681514476614803,-0.0022222222222222365,0.008841846205092393,-0.004338394793926247,22950.0
2025-01-21,23200.0,23550.0,22550.0,22950.0,449403,-0.004338394793926281,-0.004347832936103398,22671.428571428572,22703.571428571428,22197.619047619046,0.01563407363964438,1000.0,250.0,53.04530018682071,107.10655632226553,-31.62557094915303,138.73212727141856,24150.578257953046,20324.421742046954,0.17205875282320818,0.6862182054074359,22983.333333333332,22800.0,22900.0,22237.5,1.006578947368421,1.0320404721753795,562.5,-0.004338394793926281,0.004338394793926281,0.04357298474945534,-0.010775862068965518,0.007866188396949757,0.02930052612384569,337559.0,373920.45,0.4098917647058824,1.2018679374182395,23.056748529864155,920.7552986123995,107639929.0,67.5,68.33333333333333,0.004357298474945592,0.015486725663716783,0.006681514476614803,0.0051685431149120315,0.023965141612200435,23500.0
2025-01-22,23000.0,23600.0,22550.0,23500.0,540983,0.023965141612200425,0.023682484643559105,22857.14285714286,22882.14285714286,22297.619047619046,0.010013896320865951,1050.0,-500.0,56.844371700800664,165.89233673308263,7.878010587294103,158.01432614578852,24251.02273539155,20483.97726460845,0.1684160264125674,0.8006334828670315,23166.666666666668,23010.0,22835.0,22367.5,1.0212950890916992,1.0506314965910362,642.5,0.023965141612200425,0.023965141612200425,0.04468085106382979,0.021739130434782608,0.010846777738307615,0.019914428878988526,394634.4,386799.25,0.20378146118294715,1.3986143975201606,23.2658988342556,929.9870629972281,108180912.0,77.94117647058823,71.81372549019608,-0.004338394793926281,0.004357298474945592,0.015486725663716783,0.007994681764406578,-0.03829787234042553,22600.0
2025-01-23,23600.0,23650.0,22600.0,22600.0,443208,-0.03829787234042559,-0.03905051487187314,22871.428571428572,22910.714285714286,22378.571428571428,0.020026118389802894,1050.0,1000.0,49.750828454516885,138.26418934289177,33.95524633841364,104.30894300447812,24265.734770248775,20574.265229751225,0.16465073775635816,0.5487610687357152,23016.666666666668,23010.0,22770.0,22420.0,0.9821816601477619,1.008028545941124,590.0,-0.03829787234042559,0.03829787234042559,0.046460176991150445,-0.0423728813559322,0.02407501968449029,0.020115776215671222,418656.6,396341.3,-0.18073580870378547,1.1182483379854686,23.02749965015403,938.5594156402833,107737704.0,28.26086956521739,57.9006820119352,0.023965141612200425,-0.004338394793926281,0.004357298474945592,-0.006223708507383814,0.024336283185840708,23150.0
2025-01-24,22850.0,23350.0,22600.0,23150.0,364167,0.02433628318584069,0.024044874254002868,22971.428571428572,22917.85714285714,22454.761904761905,0.021785356777050652,750.0,-300.0,53.564398187257396,158.91718851760743,58.94763477425239,99.96955374335504,24336.503999312525,20638.496000687475,0.16444727064480485,0.6791505048789303,23083.333333333332,23050.0,22795.0,22487.5,1.0043383947939262,1.0294608115619788,562.5,0.02433628318584069,0.02433628318584069,0.032397408207343416,0.01312910284463895,0.02574406490618439,0.021241619383469235,423302.2,401702.5,-0.17833838739372931,0.9065589584331688,22.85511789224816,925.0908859516917,108101871.0,52.17391304347826,52.79198635976129,-0.03829787234042559,0.023965141612200425,-0.004338394793926281,0.0033345174858718427,-0.05399568034557235,21900.0
2025-01-31,22900.0,22900.0,21700.0,21900.0,665494,-0.05399568034557234,-0.055508143709787926,22871.428571428572,22867.85714285714,22459.52380952381,0.03129876681381033,1200.0,1000.0,45.17333572038713,73.57219142067333,61.872546103536585,11.69964531713675,24276.093383889645,20783.906616110355,0.1550016319475939,0.31959727761049217,22550.0,22820.0,22765.0,22530.0,0.9596844872918493,0.9720372836218375,290.0,-0.05399568034557234,0.05399568034557234,0.0547945205479452,-0.043668122270742356,0.03570888194282401,0.02592217366134142,492651.0,421590.65,0.8274418055452581,1.5785312126822546,23.402526816872257,962.5843940979994,107436377.0,7.8431372549019605,29.42597328786586,0.02433628318584069,-0.03829787234042559,0.023965141612200425,-0.022652423166719077,-0.05251141552511415,20750.0
2025-02-03,21350.0,21350.0,20550.0,20750.0,472238,-0.05251141552511418,-0.053940390145747856,22557.14285714286,22625.0,22445.238095238095,0.03474138021775906,800.0,600.0,39.104081555029644,-85.86986831533795,32.324063219761676,-118.19393153509964,24267.670247979637,20797.329752020363,0.15401488942457667,-0.013638359715846935,21933.333333333332,22380.0,22590.0,22532.5,0.9271671134941912,0.9208920448241429,-152.5,-0.05251141552511418,0.05251141552511418,0.03855421686746988,-0.02810304449648712,0.0401363463576797,0.029902997266326874,497218.0,431580.6,-0.29039480446104693,1.0942058099923861,23.005539900531822,990.2569373767137,106964139.0,5.47945205479452,21.83216745105824,-0.05399568034557234,0.02433628318584069,-0.03829787234042559,-0.02739027089494861,0.03132530120481928,21400.0
2025-02-04,21200.0,21900.0,21000.0,21400.0,312160,0.031325301204819356,0.03084467535109857,22321.428571428572,22492.85714285714,22478.571428571428,0.03837722536213932,900.0,-200.0,43.70772974496648,-157.95843513625368,-5.732436451441398,-152.22599868481228,24205.87240299254,20909.12759700746,0.14614850076405095,0.14889608746827623,21350.0,21960.0,22485.0,22557.5,0.9744990892531876,0.9486866895710961,-597.5,0.031325301204819356,0.031325301204819356,0.04205607476635514,0.009433962264150943,0.04220168800331913,0.032360868073825495,451453.4,440658.75,-0.3389773800498901,0.7083939669869258,22.622417357016577,1001.6671561355199,107276299.0,27.419354838709676,13.580648049468714,-0.05251141552511418,-0.05399568034557234,0.02433628318584069,-0.02506059822195572,0.011682242990654205,21650.0
2025-02-05,21600.0,22050.0,21550.0,21650.0,300325,0.011682242990654235,0.011614532420693083,22135.714285714286,22403.571428571428,22514.285714285714,0.03927511125514113,500.0,-50.0,45.416892937458236,-192.6949654359887,-43.12494224835086,-149.57002318763784,24131.223027680506,21048.776972319494,0.1364517952793719,0.19504738019173265,21266.666666666668,21770.0,22390.0,22590.0,0.994487827285255,0.9583886675520141,-820.0,0.011682242990654235,0.011682242990654235,0.023094688221709007,0.0023148148148148147,0.04206017686852098,0.03258725183898837,422876.8,448076.3,-0.037913249615581734,0.6702541509113515,22.59538123417401,976.5480735544114,107576624.0,35.483870967741936,22.794225953748708,0.031325301204819356,-0.05251141552511418,-0.05399568034557234,-0.0031679571098801964,0.020785219399538105,22100.0
2025-02-06,21950.0,22200.0,21650.0,22100.0,252909,0.020785219399538146,0.020572154075208317,21935.714285714286,22396.428571428572,22566.666666666668,0.03886806163959111,550.0,-150.0,48.45087661706278,-181.8168058083029,-70.86331496034127,-110.95349084796162,24132.187601321908,21037.812398678092,0.13701019272277246,0.34326399733761476,21716.666666666668,21560.0,22305.0,22585.0,1.0250463821892393,0.9785255700686296,-1025.0,0.020785219399538146,0.020785219399538146,0.024886877828054297,0.00683371298405467,0.04140608065982989,0.03297641995802841,400625.2,428270.05,-0.15788229418130362,0.5905362749508167,22.444117906898217,946.0803540148107,107829533.0,50.0,37.63440860215053,0.011682242990654235,0.031325301204819356,-0.05251141552511418,0.02126425453167058,0.09049773755656108,24100.0
2025-02-07,22250.0,24750.0,21950.0,24100.0,1674074,0.09049773755656099,0.08663423197290208,22150.0,22510.714285714286,22657.14285714286,0.04998987965242529,2800.0,-1850.0,59.28338073781517,-11.677885236091242,-59.02622901549127,47.348343779400025,24316.746384856215,20958.253615143785,0.14835970269298418,0.9354631974167467,22616.666666666668,22000.0,22410.0,22637.5,1.0954545454545455,1.064605190502485,-637.5,0.09049773755656099,0.09049773755656099,0.11618257261410789,0.08314606741573034,0.05105209949519235,0.04444603956927578,602341.2,476647.1,5.61927412626676,3.512187528257279,24.420737854053876,1078.5031858708958,109503607.0,84.52380952380952,56.66922683051715,0.020785219399538146,0.011682242990654235,0.031325301204819356,0.04098839998225112,0.06846473029045644,25750.0
2025-02-10,23700.0,25950.0,23600.0,25750.0,1671337,0.06846473029045641,0.06622278661313583,22521.428571428572,22746.428571428572,22785.714285714286,0.0544253014765929,2350.0,-2050.0,65.68922950486764,253.37885179610748,3.4547871468284868,249.924064649279,24975.51176996305,20614.48823003695,0.19131491730318492,1.177593223917813,23983.333333333332,23000.0,22690.0,22795.0,1.1195652173913044,1.1296336915990348,205.0,0.06846473029045641,0.06846473029045641,0.0912621359223301,0.08649789029535865,0.03355240606869729,0.048464623455290116,842161.0,535368.2,-0.0016349337006608122,3.1218458623429637,24.48532436900218,1169.3243868801176,111174944.0,96.29629629629629,76.9400352733686,0.09049773755656099,0.020785219399538146,0.011682242990654235,0.059915895748851845,0.02524271844660194,26400.0
2025-02-11,26100.0,28250.0,25700.0,26400.0,2192218,0.025242718446601975,0.02492938304252536,23164.285714285714,23017.85714285714,22966.666666666668,0.04461403090118235,2550.0,-300.0,67.8360162271876,510.0087300772211,104.76557573290701,405.2431543443141,25562.83722707187,20252.16277292813,0.23183125413701786,1.1576377501872521,25416.666666666668,24000.0,22980.0,22907.5,1.1,1.1524609843937574,1092.5,0.025242718446601975,0.025242718446601975,0.09659090909090909,0.011494252873563218,0.034254734856744525,0.04849950961425206,1218172.6,600432.1,0.3116552795755734,3.651067289706863,24.781543663811398,1267.9440735315377,113367162.0,75.97402597402598,85.59804393137726,0.06846473029045641,0.09049773755656099,0.020785219399538146,0.06140172876453979,0.007575757575757576,26600.0
2025-02-12,26200.0,27150.0,26000.0,26600.0,692846,0.007575757575757569,0.007547205635382904,24000.0,23278.571428571428,23083.333333333332,0.02962746906911215,1150.0,-400.0,68.48932347980313,721.2143756812038,228.05533572256638,493.15903995863744,26202.046698185302,19947.953301814698,0.27103329995105546,1.0636308536814687,26250.0,24990.0,23380.0,23075.0,1.0644257703081232,1.152762730227519,1915.0,0.007575757575757569,0.007575757575757569,0.043233082706766915,0.015267175572519083,0.03523846380780425,0.045190955240962206,1296676.8,603312.6,-0.6839520522137853,1.1484030003683,23.63722952607885,1259.5194968507135,114060008.0,78.57142857142857,83.61391694725027,0.025242718446601975,0.06846473029045641,0.09049773755656099,0.03376106877093865,-0.0037593984962406013,26500.0
2025-02-13,27200.0,27750.0,26400.0,26500.0,765039,-0.003759398496240629,-0.0037664827954768934,24728.571428571428,23525.0,23238.095238095237,0.033202504111730174,1350.0,700.0,67.74835271558689,870.4927091238533,356.54281040282376,513.9498987210295,26734.246742433894,19775.753257566106,0.2992256927485611,0.9663365722848924,26500.0,25870.0,23715.0,23255.0,1.0243525318902202,1.1395398838959363,2615.0,-0.003759398496240629,0.003759398496240629,0.0509433962264151,-0.025735294117647058,0.040359507882825024,0.04557937897783426,1399102.8,625108.65,0.10419775823198796,1.2238496459775432,23.73258210392501,1265.9823899328053,113294969.0,77.27272727272727,77.27272727272725,0.007575757575757569,0.025242718446601975,0.06846473029045641,0.009686359175372972,0.035849056603773584,27450.0
2025-02-14,27100.0,28150.0,26450.0,27450.0,1006225,0.03584905660377369,0.03522143496336321,25557.14285714286,23846.428571428572,23454.761904761905,0.03214224780197409,1700.0,-350.0,70.9623662965793,1053.3119993239452,495.8966481870481,557.4153511368971,27427.174235991915,19607.825764008085,0.3324906334424931,1.0029191388630225,26850.0,26540.0,24270.0,23517.5,1.0342878673700076,1.1672159030509195,3022.5,0.03584905660377369,0.03584905660377369,0.061930783242258654,0.012915129151291513,0.027944722108397997,0.03894257041133803,1265533.0,661612.95,0.3152597449280363,1.5208665428933943,24.04183770965966,1296.9836477947476,114301194.0,89.6103896103896,81.81818181818181,-0.003759398496240629,0.007575757575757569,0.025242718446601975,0.013221805227763542,-0.012750455373406194,27100.0
2025-02-17,28000.0,28000.0,26900.0,27100.0,555878,-0.012750455373406244,-0.012832440069884474,26271.428571428572,24103.571428571428,23688.095238095237,0.03662013094350764,1100.0,900.0,68.26330803806681,1156.6227024798718,628.0418590456129,528.5808434342589,27936.39195247069,19558.60804752931,0.3527859313587275,0.9001654898287159,27016.666666666668,26810.0,24905.0,23747.5,1.010816859380828,1.141172755026845,3062.5,-0.012750455373406244,0.012750455373406244,0.04059040590405904,-0.03214285714285714,0.020077128127744197,0.03166802208617837,1042441.2,679844.8,-0.44756093319088674,0.8176542646203957,23.435593131629393,1282.91338723798,113745316.0,85.06493506493507,83.98268398268397,0.03584905660377369,-0.003759398496240629,0.007575757575757569,0.006446400911375605,0.012915129151291513,27450.0
2025-02-18,27250.0,28450.0,26950.0,27450.0,665903,0.012915129151291449,0.01283244006988436,26750.0,24450.0,23923.809523809523,0.0265453999434445,1500.0,-200.0,69.51211731933329,1252.303478998274,752.8941830361451,499.4092959621288,28448.930875808957,19546.069124191043,0.3709912179026113,0.8877966541907245,27333.333333333332,27020.0,25510.0,23997.5,1.0159141376757956,1.1438691530367746,3022.5,0.012915129151291449,0.012915129151291449,0.0546448087431694,0.007339449541284404,0.01849842903605235,0.03195421033442856,737178.2,700359.65,0.19793012135756416,0.9508014917764037,23.629020740261907,1298.4195738638387,114411219.0,87.34177215189874,87.33903227574113,-0.012750455373406244,0.03584905660377369,-0.003759398496240629,0.012004576793886298,0.025500910746812388,28150.0
2025-02-19,28100.0,28850.0,27700.0,28150.0,1060512,0.02550091074681249,0.02518118663015985,27092.85714285714,24807.14285714286,24195.238095238095,0.0171375113863688,1150.0,-50.0,71.89414063974269,1368.8362414671283,876.0825947223418,492.75364674478647,29040.501022977547,19509.498977022453,0.3926262428817753,0.9065679538537639,27566.666666666668,27330.0,26160.0,24275.0,1.0300036589828028,1.1596292481977344,3055.0,0.02550091074681249,0.02550091074681249,0.04085257548845471,0.0017793594306049821,0.020073772990354805,0.031579643389103816,810711.4,737230.4,0.5925923144962555,1.4385082329757426,24.119565001941446,1305.6753185878501,115471731.0,91.56626506024097,87.99099075902491,0.012915129151291449,-0.012750455373406244,0.03584905660377369,0.008555194841565897,-0.007104795737122558,27950.0
2025-02-20,29150.0,31500.0,27950.0,27950.0,3223434,-0.007104795737122527,-0.007130154984591191,27314.285714285714,25239.285714285714,24450.0,0.017611364718376727,3550.0,1200.0,70.20637579004135,1428.5831494815648,986.5827056741864,442.00044380737836,29517.046305453256,19532.953694546744,0.40709857740699334,0.843045696136529,27850.0,27620.0,26745.0,24525.0,1.0119478638667632,1.1396534148827726,3095.0,-0.007104795737122527,0.007104795737122527,0.12701252236135957,-0.0411663807890223,0.020755829596075907,0.03337328604381881,1302390.4,881355.15,2.039507332307414,3.6573610536002428,25.224130287478182,1465.9842244030037,112248297.0,67.57990867579909,82.16264862931291,0.02550091074681249,0.012915129151291449,-0.012750455373406244,0.010437081386993804,0.014311270125223614,28350.0
2025-02-21,28100.0,28850.0,27100.0,28350.0,711822,0.014311270125223707,0.014209830572653003,27564.285714285714,25782.14285714286,24707.14285714286,0.01775280075263781,1750.0,-250.0,71.64032688716051,1491.0220871056226,1087.4705819604737,403.5515051451489,30009.86085718969,19570.13914281031,0.42112632974503356,0.8410052583199181,28150.0,27800.0,27170.0,24790.0,1.0197841726618706,1.1436062928600241,3010.0,0.014311270125223707,0.014311270125223707,0.06172839506172839,0.008896797153024912,0.015959693337989814,0.023927014977031303,1243509.8,901008.75,-0.7791727704057225,0.7900278437917501,23.727965468344355,1486.271065517075,112960119.0,70.0,76.38205791201334,-0.007104795737122527,0.02550091074681249,0.012915129151291449,0.01090246171163789,-0.01763668430335097,27850.0
2025-02-24,27700.0,27950.0,27100.0,27850.0,573069,-0.01763668430335097,-0.01779406380046805,27757.14285714286,26242.85714285714,24935.714285714286,0.020085935564584066,850.0,-150.0,67.28120076126315,1483.063738097626,1166.589213187904,316.4745249097218,30350.33036058017,19719.66963941983,0.4246319441246391,0.7648000979277553,28050.0,27950.0,27380.0,25035.0,0.9964221824686941,1.1124425803874576,2915.0,-0.01763668430335097,0.01763668430335097,0.03052064631956912,0.005415162454873646,0.01751284444504239,0.017943092155695388,1246948.0,907192.05,-0.19492654062392,0.6316953505048903,23.493349652713363,1469.3945608372837,112387050.0,63.31658291457286,66.96549719679065,0.014311270125223707,-0.007104795737122527,0.02550091074681249,-0.0034767366384165963,0.05565529622980251,29400.0
2025-02-25,27500.0,33600.0,27350.0,29400.0,20243290,0.055655296229802476,0.054161707971342864,28035.714285714286,26796.428571428572,25242.85714285714,0.025144495974928613,6250.0,-1900.0,72.80541686197103,1583.5742767597658,1249.9862259022766,333.5880508574892,30933.70178401836,19726.29821598164,0.44245572712343956,0.8631528012079045,28533.333333333332,28340.0,27680.0,25330.0,1.0374029640084685,1.1606790367153572,3010.0,0.055655296229802476,0.055655296229802476,0.21258503401360543,0.06909090909090909,0.02878245265590883,0.023040885258383534,5162425.4,1892307.4,34.32435012188759,10.69767522972219,27.112083891909382,1810.8663779203348,132630340.0,64.85355648535565,66.0567131333095,-0.01763668430335097,0.014311270125223707,-0.007104795737122527,0.01744329401722507,-0.03231292517006803,28450.0
2025-02-26,29800.0,29850.0,27800.0,28450.0,2930857,-0.03231292517006801,-0.03284651377229598,28228.571428571428,27250.0,25478.571428571428,0.028991123820046667,2050.0,1350.0,65.50535262476002,1568.4919434977965,1313.6873694213807,254.80457407641575,31236.905812869158,20008.094187130842,0.4382402820075447,0.7518075905306753,28566.666666666668,28400.0,27865.0,25622.5,1.0017605633802817,1.1103522294858035,2777.5,-0.03231292517006801,0.03231292517006801,0.07205623901581722,-0.04530201342281879,0.034185653272493816,0.026848445439527472,5536494.4,2016689.85,-0.8552183464249141,1.4533008137071746,25.146708869260006,1827.9473509260251,129699483.0,55.79399141630901,61.32137693874583,0.055655296229802476,-0.01763668430335097,0.014311270125223707,0.0019018955854611663,-0.03690685413005272,27400.0
2025-02-27,28650.0,28800.0,27200.0,27400.0,1357962,-0.03690685413005268,-0.03760514717831534,28221.428571428572,27485.714285714286,25707.14285714286,0.03324037602956601,1600.0,1250.0,58.52101513047484,1455.040064805391,1341.9579084981829,113.08215630720815,31376.622411114677,20293.377588885323,0.429001154334405,0.6412041351699751,28416.666666666668,28290.0,27955.0,25835.0,0.9685401201838105,1.0605767369847106,2455.0,-0.03690685413005268,0.03690685413005268,0.058394160583941604,-0.04363001745200698,0.03860882144423421,0.030173843625428885,5163400.0,2066379.6,-0.5366672614869985,0.657169670083851,24.339793896785352,1811.665397288452,128341521.0,38.0,52.88251596722154,-0.03231292517006801,0.055655296229802476,-0.01763668430335097,-0.004521494356772737,-0.043795620437956206,26200.0
2025-02-28,26600.0,26950.0,26150.0,26200.0,1364598,-0.04379562043795615,-0.04478360262697331,27942.85714285714,27517.85714285714,25852.380952380954,0.034797686186259814,800.0,400.0,51.73231021415625,1253.8451163733916,1324.3353500732246,-70.49023369983297,31273.328239229933,20826.671760770067,0.4010232813228356,0.5143586610997775,27350.0,27860.0,27830.0,26050.0,0.9404163675520459,1.0057581573896353,1810.0,-0.04379562043795615,0.04379562043795615,0.030534351145038167,-0.015037593984962405,0.04064467486522576,0.03125233224139017,5293955.2,2101334.8,0.004886734680351834,0.6493958030866858,24.299885127508592,1771.5464403392768,126976923.0,6.329113924050633,33.37436844678654,-0.03690685413005268,-0.03231292517006801,0.055655296229802476,-0.03767179991269228,-0.007633587786259542,26000.0
2025-03-04,26000.0,26650.0,25600.0,26000.0,768330,-0.007633587786259555,-0.007662872745569137,27664.285714285714,27489.285714285714,26047.619047619046,0.034790293813073636,1050.0,0.0,50.67714455155872,1065.9704973298176,1272.6623795245432,-206.69188219472562,30903.781784104813,21721.218215895187,0.3489810382217435,0.4659681092672327,26533.333333333332,27490.0,27720.0,26312.5,0.9457984721716988,0.9881235154394299,1177.5,-0.007633587786259555,0.007633587786259555,0.04038461538461539,0.0,0.040728506797047814,0.031138691693759282,5333007.4,2116139.4,-0.43695505929218714,0.36308099551475675,23.71782642439425,1720.0074088864715,126208593.0,5.0,16.443037974683534,-0.04379562043795615,-0.03690685413005268,-0.03231292517006801,-0.029445354118089462,0.046153846153846156,27200.0
2025-03-05,26300.0,27350.0,26250.0,27200.0,829342,0.04615384615384621,0.04512043528046964,27500.0,27532.14285714286,26354.761904761905,0.03999652868192102,1100.0,-900.0,56.42063155413612,1002.3539667705554,1218.6006969737457,-216.24673020319028,30578.80812636414,22626.19187363586,0.2989424397228937,0.5751325074682206,26466.666666666668,27050.0,27695.0,26602.5,1.0055452865064696,1.0224602950850483,447.5,0.04615384615384621,0.04615384615384621,0.04044117647058824,0.034220532319391636,0.03675201131941792,0.034681851758189775,1450217.8,2141998.5,0.07940858745591095,0.38718141025775693,23.839360146607685,1693.5783082517235,127037935.0,20.0,10.443037974683534,-0.007633587786259555,-0.04379562043795615,-0.03690685413005268,-0.0017584540234564978,-0.034926470588235295,26250.0
2025-03-06,27300.0,27350.0,26100.0,26250.0,482686,-0.03492647058823528,-0.035550984264318866,27271.428571428572,27514.285714285714,26585.714285714286,0.04141345103253971,1250.0,1050.0,51.325155683717924,865.3056426369949,1147.9416861063955,-282.63604346940065,30065.272152421774,23599.727847578226,0.24095944488376217,0.40990704377918646,26483.333333333332,26610.0,27505.0,26832.5,0.9864712514092446,0.9782912512810957,-222.5,-0.03492647058823528,0.03492647058823528,0.047619047619047616,-0.038461538461538464,0.03707873332755094,0.03493540185611062,960583.6,2151116.55,-0.4179892010774807,0.2243885855464224,23.262542885804812,1661.8941433766004,126555249.0,8.125,11.041666666666657,0.04615384615384621,-0.007633587786259555,-0.04379562043795615,0.001197929259783792,0.06095238095238095,27850.0
2025-03-07,26000.0,27900.0,25600.0,27850.0,974814,0.06095238095238087,0.0591669773356602,27050.0,27542.85714285714,26880.95238095238,0.042698006444807826,2300.0,-1850.0,58.176126522985406,875.7058941832111,1093.4945277217587,-217.78863353854763,29487.632617304964,24752.367382695036,0.1746041753174752,0.6541624310005804,27100.0,26700.0,27495.0,27120.0,1.0430711610486891,1.0269174041297935,-420.0,0.06095238095238087,0.06095238095238087,0.08258527827648116,0.07115384615384615,0.04731659219408534,0.0409059684245578,883954.0,2187211.8,1.0195613711605476,0.4456879758969845,24.024590207942715,1707.4731331354146,127530063.0,28.125,18.74999999999999,-0.03492647058823528,0.04615384615384621,-0.007633587786259555,0.0240599188393306,-0.003590664272890485,27750.0
2025-03-10,27550.0,28800.0,27500.0,27750.0,771555,-0.0035906642728904536,-0.0035971261808494803,26950.0,27589.285714285714,27150.0,0.04123747069029672,1300.0,-200.0,57.630164906616116,865.8974770848581,1047.9751175943786,-182.0776405095205,29207.472717030774,25397.527282969226,0.13954566190134782,0.6174557504155507,27283.333333333332,27010.0,27435.0,27302.5,1.0273972602739727,1.0163904404358575,-292.5,-0.0035906642728904536,0.0035906642728904536,0.04684684684684685,0.007259528130671506,0.03997898958813458,0.04061956205096783,765345.4,2142085.85,-0.20851054662735657,0.3601886451002886,23.787154357161047,1678.367909340028,126758508.0,26.875,21.041666666666657,0.06095238095238087,-0.03492647058823528,0.04615384615384621,0.0074784153637517115,0.012612612612612612,28100.0
2025-03-11,26750.0,28100.0,26700.0,28100.0,607909,0.012612612612612706,0.012533736147256657,27050.0,27635.714285714286,27340.47619047619,0.03860887323881954,1400.0,-1350.0,59.077703123734764,876.2652702176565,1013.6331481190342,-137.3678779013777,29208.089247743177,25631.910752256823,0.13042226460562925,0.6901471083890965,27900.0,27430.0,27460.0,27420.0,1.024425811155669,1.024799416484318,10.0,0.012612612612612706,0.012612612612612706,0.0498220640569395,0.05046728971962617,0.03846575132109249,0.04040215966183614,733261.2,2088914.45,-0.21209894304359378,0.29101670487271514,23.56130533407422,1658.4844872443118,127366417.0,31.25,28.74999999999999,-0.0035906642728904536,0.06095238095238087,-0.03492647058823528,0.02332477643070104,0.04092526690391459,29250.0
2025-03-12,28200.0,29350.0,28000.0,29250.0,1113235,0.040925266903914626,0.040109997338165455,27485.714285714286,27714.285714285714,27507.14285714286,0.03392558693405973,1350.0,-1050.0,63.49122247701774,966.1401477978543,1004.1345480547982,-37.99440025694389,29459.277044856557,25665.722955143443,0.13763461549979553,0.9448335149816242,28366.666666666668,27840.0,27445.0,27562.5,1.050646551724138,1.0612244897959184,277.5,0.040925266903914626,0.040925266903914626,0.046153846153846156,0.03723404255319149,0.03750838661747844,0.03843382125654425,790039.8,2034965.3,0.8312527039408859,0.5470535541809975,24.206415601721456,1636.4498810125751,128479652.0,45.625,34.58333333333332,0.012612612612612706,-0.0035906642728904536,0.06095238095238087,0.016649071747878958,-0.02564102564102564,28500.0
2025-03-13,29600.0,29800.0,28350.0,28500.0,991254,-0.02564102564102566,-0.025975486403260677,27842.85714285714,27753.571428571428,27607.14285714286,0.03662863079883743,1450.0,1100.0,59.020516145459986,965.7157339612822,996.450785236095,-30.735051274812804,29541.58151572451,25773.41848427549,0.13624380480697884,0.7235837443784972,28616.666666666668,28290.0,27450.0,27657.5,1.007423117709438,1.0304619000271174,632.5,-0.02564102564102566,0.02564102564102566,0.05087719298245614,-0.037162162162162164,0.03451701937836203,0.037861356719098384,891753.4,2049885.7,-0.1095734503496566,0.4835654983104668,24.064385453524146,1623.1320323688199,127488398.0,36.25,37.70833333333332,0.040925266903914626,0.012612612612612706,-0.0035906642728904536,0.00929895129183389,0.07719298245614035,30700.0
2025-03-14,28650.0,30900.0,28400.0,30700.0,1951786,0.07719298245614037,0.07435856731854665,28342.85714285714,27921.428571428572,27802.380952380954,0.04213909678594641,2500.0,-2050.0,66.47724368704245,1129.876483987202,1023.1359249863165,106.74055900088547,30110.448013101,25624.551986899,0.1609723163614245,1.1314234622147825,29483.333333333332,28860.0,27780.0,27867.5,1.0637560637560637,1.101641697317664,992.5,0.07719298245614037,0.07719298245614037,0.08143322475570032,0.07155322862129145,0.04000828254458198,0.042177039962661776,1087147.8,2109223.05,0.9690069346504528,0.9253577994039085,24.816273342389678,1685.7654586281901,129440184.0,63.75,48.54166666666666,-0.02564102564102566,0.040925266903914626,0.012612612612612706,0.030825741239676446,0.026058631921824105,31500.0
2025-03-17,31000.0,32250.0,30800.0,31500.0,1781612,0.026058631921824116,0.02572489123843592,29092.85714285714,28182.14285714286,28040.47619047619,0.03511061967629261,1450.0,-500.0,68.7071130063499,1309.4340347597936,1080.3955469410118,229.03848781878173,30826.69519915653,25313.30480084347,0.19641576053840606,1.1221217349399895,30233.333333333332,29610.0,28310.0,28070.0,1.0638297872340425,1.1221945137157108,1540.0,0.026058631921824116,0.026058631921824116,0.046031746031746035,0.016129032258064516,0.037713533237623206,0.03737977172458879,1289159.2,2147992.4,-0.0871888618936707,0.829431240073289,24.75077195525279,1676.0679258690338,131221796.0,73.75,57.91666666666666,0.07719298245614037,-0.02564102564102566,0.040925266903914626,0.025870196245646276,-0.026984126984126985,30650.0
2025-03-18,31700.0,31750.0,30550.0,30650.0,810360,-0.026984126984127,-0.027354883449366988,29492.85714285714,28271.428571428572,28192.85714285714,0.036700919022175184,1200.0,1050.0,63.84754652976193,1367.3844345416219,1137.7933244611338,229.59111008048808,31191.98190420837,25303.01809579163,0.20847734519574257,0.9079665078882388,30950.0,30120.0,28775.0,28247.5,1.0175962815405046,1.085051774493318,1872.5,-0.026984126984127,0.026984126984127,0.03915171288743882,-0.033123028391167195,0.04478266352697214,0.03937161443410237,1329649.4,2160716.5,-0.5451534902099896,0.37504226028727045,23.935621813761507,1642.063074021246,130411436.0,75.93984962406014,71.14661654135337,0.026058631921824116,0.07719298245614037,-0.02564102564102566,0.025422495797945827,0.05546492659053834,32350.0
2025-03-19,30450.0,32900.0,30300.0,32350.0,1958047,0.055464926590538255,0.05398135856468909,30150.0,28550.0,28442.85714285714,0.03858579275643533,2600.0,-1900.0,68.62688843251424,1532.8169764271988,1216.798054854347,316.0189215728519,31931.48317285181,25053.51682714819,0.2413956776591602,1.0608489204675475,31500.0,30740.0,29290.0,28492.5,1.0523747560182173,1.1353865052206722,2247.5,0.055464926590538255,0.055464926590538255,0.080370942812983,0.06239737274220033,0.0470337530096744,0.04023116941198987,1498611.8,2225323.7,1.4162680783849155,0.8798931139770811,24.871827405815136,1710.4871401625855,132369483.0,92.46575342465754,80.71853434957255,-0.026984126984127,0.026058631921824116,0.07719298245614037,0.01817981050941179,-0.0077279752704791345,32100.0
2025-03-20,32550.0,32700.0,31600.0,32100.0,868677,-0.007727975270479082,-0.007757990810939338,30721.428571428572,28885.714285714286,28664.285714285714,0.04013867871451194,1100.0,450.0,67.21954000864986,1625.0183471190066,1298.442113307279,326.57623381172766,32481.76392780597,24898.23607219403,0.26432651988887895,0.9496587953424003,31700.0,31460.0,29875.0,28690.0,1.0203432930705658,1.1188567445102824,2770.0,-0.007727975270479082,0.007727975270479082,0.03426791277258567,-0.013824884792626729,0.04308889493399609,0.037032169503967836,1474096.4,2215731.95,-0.5563553888134452,0.3920496791139379,24.051337952707513,1666.8809158652582,131500806.0,89.04109589041096,85.81556631304288,0.055464926590538255,-0.026984126984127,0.026058631921824116,0.006917608111977391,-0.009345794392523364,31800.0
2025-03-21,32300.0,32450.0,31450.0,31800.0,911942,-0.009345794392523366,-0.009389740349839032,31085.714285714286,29285.714285714286,28838.095238095237,0.04016262200095809,1000.0,500.0,65.4841019080783,1654.805536725191,1369.7147979908616,285.0907387343293,32900.259915281415,24864.740084718585,0.27821413764607733,0.8630754526799109,32083.333333333332,31680.0,30270.0,28882.5,1.003787878787879,1.1010127239678005,2797.5,-0.009345794392523366,0.009345794392523366,0.031446540880503145,-0.015479876160990712,0.032976824434877205,0.03521767790104164,1266127.6,2100157.35,0.04980562395458832,0.4342255593372563,24.09055323934565,1619.2465647320255,130588864.0,84.93150684931507,88.81278538812785,-0.007727975270479082,0.055464926590538255,-0.026984126984127,0.012797052309178603,-0.0047169811320754715,31650.0
2025-03-24,32100.0,32550.0,31000.0,31650.0,399653,-0.004716981132075526,-0.004728141195946012,31535.714285714286,29689.285714285714,29014.285714285714,0.03753648552899727,1550.0,450.0,64.58624258035448,1647.3190837189213,1425.2356551364735,222.08342858244782,33240.410683522845,24854.589316477155,0.28869339416630313,0.810345270437934,31850.0,31710.0,30660.0,29047.5,0.9981078524124882,1.0895946294861865,2662.5,-0.004716981132075526,0.004716981132075526,0.04897314375987362,-0.014018691588785047,0.031483587890274244,0.03528156175656872,989735.8,2084548.9,-0.561756120455029,0.19172157582870808,23.26084537724562,1614.3003815368809,130189211.0,82.87671232876713,85.61643835616438,-0.009345794392523366,-0.007727975270479082,0.055464926590538255,-0.007263583598359324,-0.014218009478672985,31200.0
2025-03-25,32250.0,32450.0,31100.0,31200.0,427764,-0.014218009478673022,-0.014320053774748558,31607.14285714286,29975.0,29150.0,0.02787631668243676,1350.0,1050.0,61.846598289872915,1586.783326136021,1457.5451893363831,129.2381367996379,33473.62592121474,24956.374078785255,0.29153694480333686,0.733056393860698,31550.0,31820.0,30970.0,29215.0,0.9805153991200503,1.067944549033031,2605.0,-0.014218009478673022,0.014218009478673022,0.04326923076923077,-0.03255813953488372,0.029034965039108213,0.03638351519343797,913216.6,2077283.65,0.0703385186649419,0.20592469401085403,23.31450029448936,1595.421782855675,129761447.0,76.71232876712328,81.50684931506848,-0.004716981132075526,-0.009345794392523366,-0.007727975270479082,-0.00942692833442397,0.004807692307692308,31350.0
2025-03-26,31350.0,31750.0,30550.0,31350.0,384153,0.004807692307692291,0.0047961722634930135,31585.714285714286,30339.285714285714,29316.666666666668,0.02600576221291045,1200.0,0.0,62.418850719319416,1533.2378371336163,1472.6837188958298,60.5541182377865,33676.9346109988,24948.0653890012,0.29778658326644253,0.7334208415982799,31400.0,31620.0,31180.0,29312.5,0.99146110056926,1.0695095948827291,2307.5,0.004807692307692291,0.004807692307692291,0.03827751196172249,0.0,0.007068941859029608,0.03485445500087584,598437.8,1084326.8,-0.1019510758268578,0.3542778800634642,23.211765735858823,1567.1773697945555,130145600.0,78.76712328767124,79.45205479452054,-0.014218009478673022,-0.004716981132075526,-0.009345794392523366,-0.004709099434352086,0.006379585326953748,31550.0
2025-03-27,30800.0,31950.0,30650.0,31550.0,440930,0.006379585326953707,0.0063593219082924216,31714.285714285714,30603.571428571428,29419.04761904762,0.02321475942208138,1300.0,-750.0,63.21115848385161,1489.7678632755124,1476.1005477717665,13.66731550374584,33922.216601535954,25012.783398464046,0.30234777986160716,0.7337410194940313,31366.666666666668,31510.0,31485.0,29467.5,1.0012694382735638,1.070671078306609,2042.5,0.006379585326953707,0.006379585326953707,0.04120443740095087,0.024350649350649352,0.008903945653478296,0.03288801790960564,512888.4,959830.45,0.14779788261447924,0.45938321710881336,23.35597027971253,1548.0932719520874,130586530.0,78.2258064516129,77.90175283546913,0.004807692307692291,-0.014218009478673022,-0.004716981132075526,-0.001010243948009008,-0.0491283676703645,30000.0
2025-03-28,31600.0,31600.0,29900.0,30000.0,604910,-0.04912836767036455,-0.05037620732506684,31378.571428571428,30764.285714285714,29492.85714285714,0.018993223357031897,1700.0,1600.0,53.75288219088316,1315.0860562553353,1443.8976494684803,-128.811593213145,33948.72184896925,25246.278151030747,0.2940263095848807,0.5462513765065032,30966.666666666668,31150.0,31415.0,29597.5,0.9630818619582665,1.013599121547428,1552.5,-0.04912836767036455,0.04912836767036455,0.056666666666666664,-0.05063291139240506,0.022665135775123576,0.028469776871600423,451482.0,922177.85,0.37189576576780903,0.6559580670908546,23.621787626315882,1558.9437525269384,129981620.0,53.225806451612904,70.07291206363233,0.006379585326953707,0.004807692307692291,-0.014218009478673022,-0.012647030011906183,-0.028333333333333332,29150.0
2025-03-31,29250.0,29850.0,28700.0,29150.0,515019,-0.02833333333333332,-0.02874246886565398,30957.14285714286,30839.285714285714,29576.190476190477,0.020063756786795253,1150.0,100.0,49.38856261366832,1095.4340871511522,1374.2049370050147,-278.7708498538625,33801.301141109776,25688.698858890228,0.2727383520665506,0.42665731915589306,30233.333333333332,30650.0,31180.0,29745.0,0.9510603588907015,0.9799966380904354,905.0,-0.02833333333333332,0.02833333333333332,0.03945111492281304,-0.003418803418803419,0.023380187907650313,0.027711763412733587,474555.2,879698.9,-0.14860227141227622,0.5854491803957013,23.43216926401447,1540.4477702035858,129466601.0,23.46938775510204,51.640333552775935,-0.04912836767036455,0.006379585326953707,0.004807692307692291,-0.02369403855891472,0.008576329331046312,29400.0
2025-04-01,29750.0,30100.0,28950.0,29400.0,362614,0.00857632933104635,0.008539761548134581,30614.285714285714,30850.0,29728.571428571428,0.02178683812333318,1150.0,350.0,50.65750430583761,930.8015291675183,1285.5242554375154,-354.7227262699971,33576.19048800711,26253.809511992895,0.24477288905279004,0.4296676857313246,29516.666666666668,30290.0,31055.0,29915.0,0.9706173654671508,0.9827845562426876,375.0,0.00857632933104635,0.00857632933104635,0.0391156462585034,-0.011764705882352941,0.0259226094156842,0.027193384579609656,461525.2,859413.1,-0.2959211213566878,0.42193213019443154,23.089844140016723,1512.5586437604725,129829215.0,23.076923076923077,33.25737242787933,-0.02833333333333332,-0.04912836767036455,0.006379585326953707,-0.022961790557550505,0.00510204081632653,29550.0
2025-04-02,29700.0,29750.0,29200.0,29550.0,236672,0.005102040816326481,0.005089069507471228,30314.285714285714,30925.0,29897.619047619046,0.02257535294896648,550.0,150.0,51.4441345288313,803.1742939476644,1189.0542631395454,-385.87996919188095,33470.870942298425,26594.12905770158,0.22897667142585018,0.42983595893271065,29366.666666666668,29930.0,30775.0,30032.5,0.9873037086535249,0.9839340714226255,-102.5,0.005102040816326481,0.005102040816326481,0.018612521150592216,-0.005050505050505051,0.025969307084527864,0.01815414684484,432029.0,829779.6,-0.3473169816940328,0.2852227266131874,22.668269518283974,1443.8044549204387,130065887.0,25.555555555555557,24.03395546252688,0.00857632933104635,-0.02833333333333332,-0.04912836767036455,-0.004884987728653496,-0.025380710659898477,28800.0
2025-04-03,28650.0,28950.0,28150.0,28800.0,280128,-0.025380710659898442,-0.025708356710206923,29971.428571428572,30789.285714285714,29973.809523809523,0.023351729538770218,800.0,-150.0,47.37714468925152,634.1994026050706,1078.0832910326503,-443.8838884275797,33170.26314639208,27149.73685360792,0.19961957204191505,0.2741061272948824,29250.0,29380.0,30445.0,30160.0,0.9802586793737236,0.9549071618037135,-780.0,-0.025380710659898442,0.025380710659898442,0.027777777777777776,0.005235602094240838,0.02434180430205634,0.018875707282556626,399868.6,819651.7,0.1836127636560303,0.34176467882638445,22.811132586798557,1440.6755652832646,129785759.0,13.68421052631579,20.772229719598133,0.005102040816326481,0.00857632933104635,-0.02833333333333332,-0.00390078017084187,-0.043402777777777776,27550.0
2025-04-04,28000.0,29050.0,26750.0,27550.0,557814,-0.04340277777777779,-0.044372851542976766,29428.571428571428,30507.14285714286,30035.714285714286,0.02499310749860484,2300.0,450.0,41.489888643421686,394.8692238881631,941.4404776037529,-546.5712537155898,33206.28627936209,27083.713720637916,0.20310408222670998,0.07615855506647512,28633.333333333332,28890.0,30020.0,30145.0,0.9536171685704395,0.9139160723171339,-1255.0,-0.04340277777777779,0.04340277777777779,0.08348457350272233,-0.01607142857142857,0.022571821889373747,0.02150797797106539,390449.4,798801.7,0.9912825565455792,0.6983134863133116,23.455538667108343,1502.0558820487456,129227945.0,13.008130081300813,17.415965387724047,-0.025380710659898442,0.005102040816326481,0.00857632933104635,-0.021227149207116585,-0.06533575317604355,25750.0
2025-04-07,26150.0,26450.0,25500.0,25750.0,466330,-0.06533575317604357,-0.06756790848917835,28600.0,30157.14285714286,29935.714285714286,0.02817489191217249,950.0,400.0,34.78640226346781,59.27014684342794,765.006411451688,-705.7362646082601,33536.17684878233,26553.82315121767,0.232396528459466,-0.11512209006227134,27366.666666666668,28210.0,29430.0,30045.0,0.912796880538816,0.8570477616907971,-1835.0,-0.06533575317604357,0.06533575317604357,0.036893203883495145,-0.015296367112810707,0.03160350367000836,0.026543980899789894,380711.6,783540.45,-0.16400448895151432,0.5951575314331251,23.20883872316629,1541.1947476166922,128761615.0,3.3783783783783785,10.02357299533165,-0.04340277777777779,-0.025380710659898442,0.005102040816326481,-0.044706413871239935,0.011650485436893204,26050.0
2025-04-08,26700.0,27050.0,25700.0,26050.0,351087,0.011650485436893288,0.011583141089630855,28035.714285714286,29707.14285714286,29854.761904761905,0.0300195306526783,1350.0,650.0,36.62427253367809,-180.40742231519107,575.9236446983122,-756.3310670135032,33777.55643957646,26107.44356042354,0.2561614053319836,-0.007489271843660858,26450.0,27540.0,28915.0,29942.5,0.9458968772694263,0.8700008349336228,-2402.5,0.011650485436893288,0.011650485436893288,0.05182341650671785,-0.024344569288389514,0.03241727044344465,0.028377375269626633,378406.2,770699.35,-0.24712757060450752,0.45554339704581304,22.9365623822737,1527.5379799297855,129112702.0,7.638888888888889,8.00846578285602,-0.06533575317604357,-0.04340277777777779,-0.025380710659898442,-0.032362681838976025,-0.02495201535508637,25400.0
2025-04-09,25850.0,26500.0,24800.0,25400.0,502996,-0.0249520153550864,-0.025268594174885053,27500.0,29228.571428571428,29726.190476190477,0.029882568727566984,1700.0,450.0,34.36450595022801,-417.98492040453493,377.1419316777427,-795.1268520822777,34085.289706825286,25414.710293174714,0.2914480475176663,-0.0016965755658214488,25733.333333333332,26710.0,28320.0,29750.0,0.950954698614751,0.853781512605042,-3040.0,-0.0249520153550864,0.0249520153550864,0.06692913385826772,-0.017408123791102514,0.028321821714414656,0.027317939729799567,431671.0,740187.4,0.43268192784124726,0.6795522323130602,23.270841949848872,1539.8566956490865,128609706.0,7.741935483870968,6.253067583712736,0.011650485436893288,-0.06533575317604357,-0.04340277777777779,-0.026212427698078893,0.06496062992125984,27050.0
2025-04-10,27750.0,27750.0,26600.0,27050.0,553138,0.06496062992125995,0.06293783126799973,27164.285714285714,28889.285714285714,29621.428571428572,0.04274649990896247,1150.0,700.0,43.83766822459122,-467.733844316077,208.16677647897882,-675.9006207950558,34147.219760437125,25207.780239562875,0.30121942619406117,0.2060777698798013,26166.666666666668,26360.0,27870.0,29677.5,1.0261760242792108,0.911464914497515,-3317.5,0.06496062992125995,0.06496062992125995,0.04251386321626617,-0.025225225225225224,0.05118390810435022,0.037935919310757196,486273.0,718281.6,0.0996866774288463,0.7700851588012279,23.428805081634465,1597.7240745312947,129162844.0,29.032258064516128,14.80436081242532,-0.0249520153550864,0.011650485436893288,-0.06533575317604357,0.01721970000102228,0.036968576709796676,28050.0
2025-04-11,26450.0,28050.0,26450.0,28050.0,463626,0.0369685767097967,0.03630162667621482,26950.0,28632.14285714286,29600.0,0.04629478270115492,1600.0,-1600.0,48.67276149769273,-421.6085414625413,82.21171289067479,-503.8202543532161,34044.11102330227,25045.888976697726,0.3045598932680502,0.33385606709226157,26833.333333333332,26460.0,27675.0,29545.0,1.060090702947846,0.949399221526485,-3085.0,0.0369685767097967,0.0369685767097967,0.0570409982174688,0.06049149338374291,0.05124732648534608,0.03899036883840572,467435.4,643873.6,-0.16182580115631184,0.7200574771197329,23.288577382732914,1597.8866406362022,129626470.0,42.48366013071895,26.419284559702007,0.06496062992125995,-0.0249520153550864,0.011650485436893288,0.025659063758656748,-0.0053475935828877,27900.0
2025-04-14,28450.0,28450.0,27750.0,27900.0,278047,-0.005347593582887722,-0.005361943141385399,26821.428571428572,28396.428571428572,29466.666666666668,0.045590158364821665,700.0,550.0,48.005150467581934,-392.6316398939671,-12.756957666253584,-379.8746822277135,33822.648660330626,24907.351339669378,0.30360283741397065,0.3356756990476519,27666.666666666668,26890.0,27550.0,29365.0,1.0375604313871327,0.9501106759747999,-2475.0,-0.005347593582887722,0.005347593582887722,0.025089605734767026,-0.019332161687170474,0.03530714620587222,0.0381979155973726,429778.8,568695.35,-0.4002773787492505,0.48892082553514815,22.771927411069505,1533.7518805907591,129348423.0,43.35664335664335,38.29085385062613,0.0369685767097967,0.06496062992125995,-0.0249520153550864,0.03219387101605631,0.010752688172043012,28200.0
2025-04-15,28100.0,28550.0,27800.0,28200.0,216845,0.010752688172043001,0.01069528911674795,26914.285714285714,28171.428571428572,29309.52380952381,0.04219503607362,750.0,-100.0,49.497147982601895,-341.5228806605337,-78.51014226510961,-263.0127383954241,33686.09681244586,24798.903187554144,0.3039136060491311,0.3826963781817341,28050.0,27320.0,27430.0,29242.5,1.0322108345534406,0.9643498332905873,-1922.5,0.010752688172043001,0.010752688172043001,0.026595744680851064,0.0035587188612099642,0.03534123310375489,0.038281842330931966,402930.4,539019.6,-0.22011386564142033,0.4022952041076058,22.534015348674465,1477.769603405705,129565268.0,47.55244755244755,44.46425034660327,-0.005347593582887722,0.0369685767097967,0.06496062992125995,0.014124557099650659,-0.047872340425531915,26850.0
2025-04-16,27850.0,27850.0,26750.0,26850.0,295446,-0.0478723404255319,-0.049056156989194195,27071.428571428572,27835.714285714286,29128.571428571428,0.03730799176739646,1100.0,1000.0,43.45434812258447,-405.28071452994845,-143.8642567180774,-261.41645781187106,33280.183253162155,24654.816746837845,0.2977601279476762,0.25450318563884766,27650.0,27610.0,27160.0,28967.5,0.9724737413980442,0.9269008371450764,-1357.5,-0.0478723404255319,0.0478723404255319,0.040968342644320296,-0.03590664272890485,0.0427650329862972,0.04055714900628277,361420.4,455889.55,0.36247550093384673,0.6480648657114426,22.794262458075416,1475.7860603052977,129269822.0,30.147058823529413,40.35204991087343,0.010752688172043001,-0.005347593582887722,0.0369685767097967,-0.01415574861212554,0.020484171322160148,27400.0
2025-04-17,26800.0,27400.0,26800.0,27400.0,166221,0.020484171322160183,0.02027719243915088,27264.285714285714,27650.0,28892.85714285714,0.037668743672588975,600.0,-600.0,46.32916377692566,-406.74020585748804,-196.43944654595953,-210.3007593115285,32833.49795300197,24631.50204699803,0.2854605727313648,0.3375395433903354,27483.333333333332,27680.0,27020.0,28732.5,0.9898843930635838,0.9536239450100061,-1052.5,0.020484171322160183,0.020484171322160183,0.021897810218978103,0.022388059701492536,0.03231617985376648,0.04106342949313741,284037.0,420766.75,-0.4373895737292094,0.39504309691771033,22.23937179980786,1413.2299131406337,129436043.0,49.056603773584904,42.252036716520614,-0.0478723404255319,0.010752688172043001,-0.005347593582887722,-0.005545160310442905,0.010948905109489052,27700.0
2025-04-18,27150.0,27800.0,26800.0,27700.0,200349,0.010948905109489093,0.010889399799268317,27592.85714285714,27546.428571428572,28683.333333333332,0.03484475610566833,1000.0,-550.0,47.88553195887266,-379.3168420160182,-233.0149256399713,-146.3019163760469,32385.570829613658,24669.429170386342,0.27048082233729964,0.3927572825195041,27316.666666666668,27610.0,27035.0,28527.5,1.0032596885186527,0.9709929015861888,-917.5,0.010948905109489093,0.010948905109489093,0.036101083032490974,0.020257826887661142,0.02716204731253108,0.03883596444602824,231381.6,385187.1,0.20531701770534405,0.520134241255743,22.43700381714217,1383.7134907734455,129636392.0,54.716981132075475,44.64021457639658,0.020484171322160183,-0.0478723404255319,0.010752688172043001,-0.005479754664627541,0.061371841155234655,29400.0
2025-04-21,27450.0,29750.0,27450.0,29400.0,643897,0.06137184115523464,0.059562261151343096,27928.571428571428,27546.428571428572,28569.04761904762,0.03404264057582872,2300.0,-1950.0,55.72129420810032,-217.89606587793241,-229.99115368756352,12.09508780963111,32012.08946671875,24817.91053328125,0.25318243651020583,0.6369162498060568,28166.666666666668,27910.0,27400.0,28415.0,1.053385883195987,1.0346647897237375,-505.0,0.06137184115523464,0.06137184115523464,0.0782312925170068,0.07103825136612021,0.03902945749792278,0.0352068804829439,304551.6,397399.3,2.2138767850101573,1.620277136874675,23.66404400778646,1449.1625271467708,130280289.0,92.92929292929293,65.56762594498441,0.010948905109489093,0.020484171322160183,-0.0478723404255319,0.030934972528961307,-0.0017006802721088435,29350.0
2025-04-22,29100.0,29950.0,29050.0,29350.0,436143,-0.00170068027210879,-0.0017021280705304183,28114.285714285714,27532.14285714286,28459.52380952381,0.03249806034712569,900.0,-250.0,55.45718319297722,-92.93225476259249,-202.57937390256933,109.64711913997684,31706.903080386015,24938.096919613985,0.23899041965829393,0.6517992945277084,28816.666666666668,28140.0,27730.0,28322.5,1.042999289267946,1.03627857710301,-182.5,-0.00170068027210879,0.00170068027210879,0.030664395229982964,0.00859106529209622,0.03945515363711399,0.035552969744664334,348411.2,397818.25,-0.32265098299883366,1.0963373349513252,23.272773275542686,1409.9366323505728,129844146.0,88.3495145631068,78.66526287482505,0.06137184115523464,0.010948905109489093,0.020484171322160183,0.023540021997538314,0.010221465076660987,29650.0
2025-04-23,30050.0,30200.0,29500.0,29650.0,363863,0.010221465076660996,0.010169579169629012,28364.285714285714,27592.85714285714,28385.714285714286,0.03208299822424879,700.0,400.0,56.78084643970518,29.964546023074945,-156.0705899174405,186.03513594051543,31378.380701164468,25096.619298835532,0.2224616698478596,0.7248573146182091,29466.666666666668,28700.0,28155.0,28237.5,1.0331010452961673,1.0500221336874724,462.5,0.010221465076660996,0.010221465076660996,0.023608768971332208,-0.013311148086522463,0.024289780532732893,0.0330834353056996,362094.6,396803.75,-0.1657254616031898,0.9169847815198319,23.101750106664735,1369.9411586112462,130208009.0,89.81481481481481,90.3645407690715,-0.00170068027210879,0.06137184115523464,0.010948905109489093,0.023297541986595616,0.03204047217537943,30600.0
2025-04-24,29900.0,31150.0,29600.0,30600.0,606711,0.03204047217537953,0.03153788351460073,28707.14285714286,27810.714285714286,28350.0,0.033246116981060246,1550.0,-700.0,60.757714308686104,201.69321278081406,-84.51782937778958,286.2110421586036,31143.07154992008,25236.92845007992,0.209511993609087,0.9080497135372866,29866.666666666668,29340.0,28510.0,28190.0,1.0429447852760736,1.0854913089748137,1150.0,0.03204047217537953,0.03204047217537953,0.05065359477124183,0.023411371237458192,0.02485897522775866,0.02907383132384476,450192.6,405092.8,0.6674160329574592,1.4977086731731595,23.644563132632292,1382.8025044247288,130814720.0,91.33858267716535,89.83430401836232,0.010221465076660996,-0.00170068027210879,0.06137184115523464,0.013520418993310579,0.016339869281045753,31100.0
2025-04-25,31300.0,32050.0,30850.0,31100.0,584839,0.016339869281045694,0.016207810226853303,29314.285714285714,28192.85714285714,28328.571428571428,0.019817882908186455,1200.0,200.0,62.702942509907324,373.82600624877523,7.150937747523386,366.67506850125187,31375.646477713683,25114.353522286317,0.22167792371844097,0.9559761091397666,30450.0,30020.0,28815.0,28245.0,1.0359760159893405,1.1010798371393167,1775.0,0.016339869281045694,0.016339869281045694,0.03858520900321544,-0.006389776357827476,0.02434007893136518,0.02787451761347629,527090.6,404089.25,-0.03605011282142567,1.4473015552876005,23.624054972882853,1387.6023255372484,131399559.0,86.89655172413794,89.34998307203936,0.03204047217537953,0.010221465076660996,-0.00170068027210879,0.01953393551102874,-0.04662379421221865,29650.0
2025-04-28,30800.0,30850.0,29300.0,29650.0,442104,-0.04662379421221863,-0.047745693741453966,29635.714285714286,28450.0,28311.904761904763,0.03271033331893339,1550.0,1150.0,54.297195048549554,388.758240376108,83.47239827324032,305.2858421028677,31438.82844032468,25101.17155967532,0.22418312276792923,0.7177460891285431,30450.0,30070.0,28990.0,28270.0,0.9860325906218823,1.0488149982313406,1800.0,-0.04662379421221863,0.04662379421221863,0.05227655986509275,-0.037337662337662336,0.029806070367374364,0.03308740877303691,486732.0,400443.5,-0.24405862126157796,1.1040359001956581,23.296517832002323,1417.0593022845878,130957455.0,66.89655172413794,81.71056204181373,0.016339869281045694,0.03204047217537953,0.010221465076660996,0.0005855157480688655,-0.0016863406408094434,29600.0
2025-04-29,29700.0,30000.0,29400.0,29600.0,189495,-0.001686340640809414,-0.0016877641137197409,29907.14285714286,28750.0,28333.333333333332,0.03307834381731259,600.0,100.0,54.02823000382191,392.03838688184624,145.1855959949615,246.85279088688475,31465.063826510763,25094.936173489237,0.22525203864998322,0.707217197503709,30116.666666666668,30120.0,29130.0,28280.0,0.9827357237715804,1.0466760961810466,1840.0,-0.001686340640809414,0.001686340640809414,0.02027027027027027,-0.003367003367003367,0.029805619285473924,0.033147552619158194,437402.4,391787.55,-0.5713791325118072,0.48366774288769515,22.447647558422684,1358.6979235499746,130767960.0,56.25,70.01436781609195,-0.04662379421221863,0.016339869281045694,0.03204047217537953,-0.010656755190660783,-0.015202702702702704,29150.0
2025-04-30,29500.0,29600.0,28900.0,29150.0,272219,-0.015202702702702742,-0.015319448533513344,29871.428571428572,28900.0,28321.428571428572,0.025398214809731944,700.0,350.0,51.55308689140873,354.2431924133234,186.99711527863388,167.24607713468953,31416.380338632418,25103.619661367582,0.22338148185650517,0.6409842770066194,29466.666666666668,30020.0,29360.0,28260.0,0.9710193204530313,1.0314932767162066,1760.0,-0.015202702702702742,0.015202702702702742,0.024013722126929673,-0.011864406779661017,0.030230484608548484,0.028619639239039634,419073.6,393564.9,0.4365497770389719,0.691674994391014,22.7945723602846,1311.6480718678336,130495741.0,48.214285714285715,57.12027914614121,-0.001686340640809414,-0.04662379421221863,0.016339869281045694,-0.02117094585191026,0.0274442538593482,29950.0
2025-05-02,29150.0,30200.0,28700.0,29950.0,375840,0.027444253859348233,0.027074411764957004,29957.14285714286,29035.714285714286,28340.47619047619,0.027545286223171806,1500.0,-800.0,55.459654236617396,384.412277175441,226.4801476579953,157.93212951744567,31556.127877097926,25078.872122902074,0.22873685015258594,0.7520357481549953,29566.666666666668,29890.0,29615.0,28317.5,1.0020073603211777,1.057649863158824,1572.5,0.027444253859348233,0.027444253859348233,0.05008347245409015,0.0274442538593482,0.028939929442245292,0.02902204699460905,372899.4,398350.5,0.3806530771180556,0.9434907198560062,23.144203403525175,1325.101781020131,130871581.0,60.37735849056604,54.94721473495057,-0.015202702702702742,-0.001686340640809414,-0.04662379421221863,0.0035184035052786924,0.0,29950.0
2025-05-07,30200.0,30350.0,29750.0,29950.0,174959,0.0,0.0,30000.0,29182.14285714286,28395.238095238095,0.02736500790671641,600.0,250.0,55.459654236617396,403.668257804733,261.91776968734285,141.75048811739015,31733.729903836713,25141.270096163287,0.23182276246763694,0.7294287783506083,29683.333333333332,29660.0,29840.0,28437.5,1.0097774780849629,1.0531868131868132,1222.5,0.0,0.0,0.02003338898163606,-0.008278145695364239,0.026929271364496087,0.02915977410828375,290923.4,379207.75,-0.5344854193273734,0.4613803383501524,22.379591543476614,1273.3087966615503,130871581.0,60.37735849056604,56.32300089847259,0.027444253859348233,-0.015202702702702742,-0.001686340640809414,0.004080517052215164,-0.001669449081803005,29900.0
2025-05-08,30300.0,31300.0,29750.0,29900.0,703150,-0.0016694490818029983,-0.0016708441648176058,29900.0,29303.571428571428,28507.14285714286,0.02394155937568535,1550.0,400.0,55.13738064442182,410.1660402601083,291.567423801896,118.59861645821229,31745.577195840873,25544.422804159127,0.21648296008663803,0.702381672948421,29933.333333333332,29710.0,29890.0,28645.0,1.0063951531470885,1.04381218362716,1065.0,-0.0016694490818029983,0.0016694490818029983,0.051839464882943144,-0.013201320132013201,0.015605677597465766,0.022430013778569288,343132.6,391048.75,3.0189415805988835,1.7981134065765458,23.768939278724737,1293.0724540428682,130168431.0,59.43396226415094,60.06289308176099,0.0,0.027444253859348233,-0.015202702702702742,0.008591601592515078,-0.05852842809364549,28150.0
2025-05-09,30000.0,30100.0,27850.0,28150.0,698055,-0.058528428093645446,-0.060311125810941314,29478.571428571428,29396.428571428572,28621.428571428572,0.03019808444487743,2250.0,1850.0,45.23059828033026,270.981498989986,287.450238839514,-16.468739849527992,31613.748004203404,25886.251995796596,0.19921725246632377,0.3952421792840499,29333.333333333332,29420.0,29770.0,28750.0,0.9568320870156356,0.9791304347826087,670.0,-0.058528428093645446,0.058528428093645446,0.07992895204262877,-0.06166666666666667,0.031435296060592956,0.02952493116225613,444844.6,408397.15,-0.007245964587925813,1.7092553167915103,23.701355808820555,1361.424421611235,129470376.0,25.714285714285715,48.50853548966756,-0.0016694490818029983,0.0,0.027444253859348233,-0.020065959058482814,0.08348134991119005,30500.0
2025-05-12,28600.0,30600.0,28500.0,30500.0,690636,0.08348134991119016,0.08017932902766665,29600.0,29617.85714285714,28833.333333333332,0.04267196538624854,2100.0,-1900.0,56.52659681974384,346.3100606844491,299.222203208501,47.08785747594811,31496.86043370263,26513.13956629737,0.1718228190796504,0.7999766720037756,29516.666666666668,29690.0,29855.0,29005.0,1.0272819131020545,1.0515428374418203,685.0,0.08348134991119016,0.08348134991119016,0.06885245901639345,0.06643356643356643,0.05156555623461129,0.040449298924216705,528528.0,417779.15,-0.0106281023701571,1.6531126553347624,23.770850153806197,1439.1798200675753,130161012.0,70.47619047619048,51.87481281820903,-0.058528428093645446,-0.0016694490818029983,0.0,0.007761157578580573,0.006557377049180328,30700.0
2025-05-13,31500.0,31550.0,30150.0,30700.0,531651,0.006557377049180246,0.006535970979785449,29757.14285714286,29832.14285714286,29085.714285714286,0.04260120743391168,1400.0,800.0,57.33313363320452,417.3360271324236,322.84496799328554,94.49105913913809,31610.1725130036,26764.8274869964,0.16600753836427232,0.8121552731295121,29783.333333333332,29840.0,29865.0,29187.5,1.0288203753351206,1.0518201284796573,652.5,0.006557377049180246,0.006557377049180246,0.04560260586319218,-0.025396825396825397,0.05065176124512401,0.03924027962144272,559690.2,416704.8,-0.23020085833926984,1.2758456346075207,23.515760471650726,1436.38126149132,130692663.0,70.65217391304348,55.61421670117321,0.08348134991119016,-0.058528428093645446,-0.0016694490818029983,0.010503432955574987,0.003257328990228013,30800.0
2025-05-14,31100.0,31400.0,30600.0,30800.0,367855,0.0032573289902280145,0.003252035386377316,29992.85714285714,29932.14285714286,29264.285714285714,0.04167770011250057,800.0,300.0,57.75514973251244,476.2043936984155,353.5168531343116,122.68754056410393,31787.66864236854,26862.33135763146,0.1679569406559958,0.7994718766917377,30666.666666666668,30010.0,29835.0,29325.0,1.0263245584805065,1.050298380221654,685.0,0.0032573289902280145,0.0032573289902280145,0.025974025974025976,-0.00964630225080386,0.05057670223683446,0.03888895582236356,598269.4,411916.25,-0.30808932927804145,0.8930334746444211,23.150714086814904,1390.925457099083,131060518.0,70.23809523809524,70.45548654244305,0.006557377049180246,0.08348134991119016,-0.058528428093645446,0.031098685316866142,-0.025974025974025976,30000.0
2025-05-15,30650.0,31500.0,29950.0,30000.0,352100,-0.025974025974025983,-0.026317308317373417,30000.0,29978.571428571428,29357.14285714286,0.042454772602192416,1550.0,650.0,53.22003674233181,453.08183880056094,373.4298502675615,79.65198853299944,31814.687996804885,27045.312003195115,0.16205830763200035,0.6195124898443134,30500.0,30030.0,29870.0,29430.0,0.999000999000999,1.019367991845056,600.0,-0.025974025974025983,0.025974025974025983,0.051666666666666666,-0.021207177814029365,0.052696078133262395,0.03663886240493536,528059.4,415618.9,-0.04282937570510115,0.8471703283945942,23.080623165882105,1402.2879244491485,130708418.0,51.19047619047619,64.02691511387162,0.0032573289902280145,0.006557377049180246,0.08348134991119016,-0.005386439978205908,-0.016666666666666666,29500.0
2025-05-16,30350.0,30400.0,29200.0,29500.0,358466,-0.01666666666666672,-0.01680711831638129,29935.714285714286,29967.85714285714,29433.333333333332,0.0429429493975291,1200.0,850.0,50.548446133137894,389.9165113016679,376.7271824743828,13.189328827285124,31808.32524393146,27181.67475606854,0.15686219657104325,0.5010806954216914,30100.0,30300.0,29860.0,29495.0,0.9735973597359736,1.0001695202576708,805.0,-0.01666666666666672,0.01666666666666672,0.04067796610169491,-0.02800658978583196,0.04319137589141989,0.037099142976729615,460141.6,422699.95,0.018080090883271893,0.8480388985141825,23.081734637337245,1387.838786988495,130349952.0,39.285714285714285,53.571428571428555,-0.025974025974025983,0.0032573289902280145,0.006557377049180246,-0.013127787883488229,-0.01694915254237288,29000.0
2025-05-19,29400.0,29450.0,28450.0,29000.0,385774,-0.016949152542372836,-0.017094433359300068,29807.14285714286,29853.571428571428,29471.428571428572,0.0433076428480373,1000.0,400.0,47.95592846253585,296.0984739586456,360.6014407712354,-64.50296681258976,31572.6656355695,27632.3343644305,0.1331080574660587,0.3470940744467305,29500.0,30000.0,29845.0,29602.5,0.9666666666666667,0.9796469892745545,397.5,-0.016949152542372836,0.016949152542372836,0.034482758620689655,-0.013605442176870748,0.014122659678185457,0.03718408713841164,399169.2,427216.35,0.07618016771465075,0.9029944663868787,23.13805809380948,1363.7074450607454,129964178.0,27.38095238095238,39.28571428571427,-0.01666666666666672,-0.025974025974025983,0.0032573289902280145,-0.019863281727688514,-0.013793103448275862,28600.0
2025-05-20,29450.0,29550.0,28550.0,28600.0,193585,-0.01379310344827589,-0.01388911216066715,29871.428571428572,29675.0,29554.761904761905,0.03630035615663655,1000.0,850.0,45.92659760875161,187.31114015475032,325.9433806479384,-138.63224049318808,31410.845082160788,27914.154917839212,0.11788251712841383,0.19614122210735097,29033.333333333332,29580.0,29710.0,29662.5,0.966869506423259,0.9641803624104509,-82.5,-0.01379310344827589,0.01379310344827589,0.03496503496503497,-0.028862478777589132,0.01068925820458524,0.036084428980655954,331556.0,428584.55,-0.4981906504844805,0.4516845042594279,22.434633968472653,1337.7283418421207,129770593.0,20.27027027027027,28.97897897897896,-0.016949152542372836,-0.01666666666666672,-0.025974025974025983,-0.015802974219105148,0.0,28600.0
2025-05-21,28700.0,29000.0,28550.0,28600.0,192120,0.0,0.0,29600.0,29600.0,29611.904761904763,0.012399552390466553,450.0,100.0,45.92659760875161,99.94429868270163,280.74356425489106,-180.79926557218943,31280.721635939928,28134.278364060072,0.10591410491895502,0.14801526539573703,28733.333333333332,29140.0,29575.0,29707.5,0.9814687714481812,0.9627198518892536,-567.5,0.0,0.0,0.015734265734265736,-0.003484320557491289,0.009393346684629962,0.036084428980655954,296409.0,428173.1,-0.007567735103442885,0.4486970339799488,22.4270374527687,1274.3191745676836,129770593.0,20.27027027027027,22.640497640497625,-0.01379310344827589,-0.016949152542372836,-0.01666666666666672,-0.010247418663549576,-0.033216783216783216,27650.0
2025-05-22,28250.0,28400.0,27300.0,27650.0,332749,-0.03321678321678323,-0.03378098985746311,29164.285714285714,29460.714285714286,29609.52380952381,0.013214962549234556,1100.0,600.0,41.13228476919643,-45.4279480396508,215.5092617959827,-260.9372098356335,31440.46841861042,27799.53158138958,0.12292156776572724,-0.041069534593661965,28283.333333333332,28670.0,29350.0,29620.0,0.9644227415416812,0.9334908845374746,-950.0,-0.03321678321678323,0.03321678321678323,0.039783001808318265,-0.021238938053097345,0.011816884637550155,0.037216547861626835,292538.8,412615.7,0.7319852175723507,0.8064380487703207,22.94252473805281,1276.1535192414206,129437844.0,8.235294117647058,16.258611552729185,0.0,-0.01379310344827589,-0.016949152542372836,-0.015669962221686373,-0.0018083182640144665,27600.0
2025-05-23,27850.0,28000.0,27300.0,27600.0,140263,-0.001808318264014508,-0.0018099552452395303,28707.14285714286,29350.0,29523.809523809523,0.012148501054474998,700.0,250.0,40.890341293960525,-162.794489511125,139.84851153456117,-302.64300104568616,31563.645645092685,27501.354354907315,0.13755324778414868,0.02428325249127664,27950.0,28290.0,29295.0,29532.5,0.975609756097561,0.9345636163548633,-1242.5,-0.001808318264014508,0.001808318264014508,0.025362318840579712,-0.008976660682226212,0.013407825281330988,0.032551640873622806,248898.2,397821.7,-0.5784720615238513,0.3525775491884932,22.076845562674997,1234.999696438462,129297581.0,7.0588235294117645,11.854795972443016,-0.03321678321678323,0.0,-0.01379310344827589,-0.01167503382693258,0.034420289855072464,28550.0
2025-05-26,27500.0,28800.0,27500.0,28550.0,319424,0.034420289855072506,0.03384116337891495,28500.0,29250.0,29485.714285714286,0.02123932635234892,1300.0,-1050.0,47.24031019623185,-177.109648903177,76.45687944701353,-253.56652835019054,31554.308026503026,27400.691973496974,0.14090801638558398,0.2767005933712264,27933.333333333332,28200.0,29100.0,29477.5,1.0124113475177305,0.9685353235518616,-1277.5,0.034420289855072506,0.034420289855072506,0.04553415061295972,0.038181818181818185,0.02469904232435518,0.019330814866976933,235628.2,395599.75,1.2773218881672288,0.8074423707295063,22.93368686802309,1239.6425752642863,129617005.0,29.41176470588235,14.90196078431371,-0.001808318264014508,-0.03321678321678323,0.0,-0.00020160387524174409,-0.01576182136602452,28100.0
2025-05-27,28400.0,28550.0,27950.0,28100.0,169921,-0.015761821366024553,-0.015887359762319177,28300.0,29117.85714285714,29411.904761904763,0.021171839272754296,600.0,300.0,44.786002343214726,-222.20432194364184,16.72463916888246,-238.9289611125243,31445.715858811265,27259.284141188735,0.14262606993007512,0.2008191977125347,28083.333333333332,28100.0,28840.0,29352.5,1.0,0.957329017971212,-1252.5,-0.015761821366024553,0.015761821366024553,0.021352313167259787,-0.01056338028169014,0.024931118775533744,0.018951067287484625,230895.4,373760.25,-0.4680393458224804,0.45462565909563685,22.286613757672075,1193.9538198882658,129447084.0,18.823529411764707,18.431372549019596,0.034420289855072506,-0.001808318264014508,-0.03321678321678323,0.0056167167416778145,0.021352313167259787,28700.0
2025-05-28,28500.0,29150.0,28250.0,28700.0,369091,0.021352313167259718,0.021127546425875277,28257.14285714286,29032.14285714286,29321.428571428572,0.022970621889619677,900.0,-200.0,48.61903051163312,-207.1394153862384,-28.048171742141715,-179.0912436440967,31173.545567403526,27291.454432596474,0.13280051773905932,0.3628316591474181,28450.0,28120.0,28630.0,29232.5,1.0206258890469417,0.9817839733173693,-1112.5,0.021352313167259718,0.021352313167259718,0.0313588850174216,0.007017543859649123,0.027343947890377175,0.020970534859877075,266289.6,362972.85,1.1721329323626861,1.016855668406053,23.083450906927048,1183.6714041819612,129816175.0,32.94117647058823,27.05882352941175,-0.015761821366024553,0.034420289855072506,-0.001808318264014508,0.013336927218769223,0.003484320557491289,28800.0
2025-05-29,29300.0,29300.0,28500.0,28800.0,246595,0.0034843205574912606,0.0034782643763247925,28285.714285714286,29078.571428571428,29211.904761904763,0.022336807497127,800.0,500.0,49.251370388940984,-184.99865480267908,-59.438268354249196,-125.56038644842988,31129.77752386847,27250.22247613153,0.13290699033014525,0.3994730078060115,28533.333333333332,28350.0,28510.0,29190.0,1.0158730158730158,0.986639260020555,-840.0,0.0034843205574912606,0.0034843205574912606,0.027777777777777776,-0.017064846416382253,0.019729201438163483,0.020032071852659396,249058.8,353197.4,-0.33188563254048464,0.6981789786674534,22.683633260021466,1156.2663038832497,130062770.0,35.294117647058826,29.01960784313724,0.021352313167259718,-0.015761821366024553,0.034420289855072506,0.0030249374529088082,-0.017361111111111112,28300.0
2025-05-30,28500.0,28900.0,28100.0,28300.0,302520,-0.01736111111111116,-0.017513582492708357,28242.85714285714,28921.428571428572,29147.619047619046,0.023421414125657368,800.0,200.0,46.19042935800231,-205.42969816538607,-88.63655431647658,-116.7931438489095,31093.83615099726,27156.16384900274,0.13519904899552002,0.290485358676973,28600.0,28490.0,28390.0,29125.0,0.9933309933309933,0.9716738197424892,-635.0,-0.01736111111111116,0.01736111111111116,0.028268551236749116,-0.007017543859649123,0.022726989542408794,0.020082411090073343,281510.2,358848.65,0.2267888643322047,0.8430295056146929,22.8705197537181,1130.818710748732,129760250.0,23.529411764705884,30.588235294117634,0.0034843205574912606,0.021352313167259718,-0.015761821366024553,0.0024918408712132725,-0.012367491166077738,27950.0
2025-06-02,28400.0,29150.0,27850.0,27950.0,349615,-0.012367491166077715,-0.012444605048083751,28285.714285714286,28725.0,29069.04761904762,0.019597352003088233,1300.0,450.0,44.12321043462508,-247.01607461007006,-120.31245837519528,-126.70361623487479,31102.568210030364,27027.431789969636,0.1402076869107424,0.2263895278422644,28350.0,28370.0,28285.0,29065.0,0.9851956291857596,0.9616377085842078,-695.0,-0.012367491166077715,0.012367491166077715,0.046511627906976744,-0.01584507042253521,0.016473797295028195,0.019803558471589138,287548.4,362718.45,0.15567565780774828,0.9638743218052459,23.002760306707145,1142.9030885523941,129410635.0,15.476190476190476,24.76657329598505,-0.01736111111111116,0.0034843205574912606,0.021352313167259718,-0.008748093906565871,0.008944543828264758,28200.0
2025-06-04,28600.0,28900.0,28100.0,28200.0,293808,0.008944543828264706,0.008904778342959685,28371.428571428572,28539.285714285714,29023.809523809523,0.01971006124800867,800.0,400.0,45.98282520233186,-256.8399755327082,-147.61796180669785,-109.22201372601035,31005.326163005215,26949.673836994785,0.139958668829624,0.3082922456114892,28150.0,28390.0,28245.0,28977.5,0.9933075026417753,0.9731688378914675,-587.5,0.008944543828264706,0.008944543828264706,0.028368794326241134,-0.013986013986013986,0.01580462729011619,0.019796414140345157,312325.8,358616.85,-0.15962415800237406,0.8192810795142504,22.83775902880586,1129.1242965129375,129704443.0,21.428571428571427,20.144724556489248,-0.012367491166077715,-0.01736111111111116,0.0034843205574912606,-0.006928019482974723,0.05319148936170213,29700.0
2025-06-05,28550.0,30150.0,28300.0,29700.0,629332,0.05319148936170204,0.05182506786458595,28535.714285714286,28517.85714285714,29011.904761904763,0.024882473725538354,1850.0,-1150.0,55.5430325096844,-141.95169305861782,-146.48470805708183,4.533014998464012,30970.54494497526,26959.45505502474,0.13848057621096216,0.6832419666887762,28616.666666666668,28590.0,28355.0,28965.0,1.0388247639034627,1.0253754531330916,-375.0,0.05319148936170204,0.05319148936170204,0.06228956228956229,0.040280210157618214,0.027920419707598444,0.026256181951025376,364374.0,381335.5,1.1419838806295268,1.6503367769326485,23.651316543217455,1187.7582753334418,130333775.0,77.41935483870968,38.108038914490514,0.008944543828264706,-0.012367491166077715,-0.01736111111111116,0.01658951400796301,0.010101010101010102,30000.0
2025-06-09,30250.0,30650.0,29900.0,30000.0,355959,0.010101010101010166,0.010050335853501506,28807.14285714286,28553.571428571428,29014.285714285714,0.0230024084425715,750.0,250.0,57.17549233303897,-26.390198891644104,-122.46580622399429,96.07560733235019,30985.832073206606,26954.167926793394,0.13916686732527483,0.7554776297317186,29300.0,28830.0,28590.0,28970.0,1.0405827263267429,1.0355540214014498,-140.0,0.010101010101010166,0.010101010101010166,0.025,-0.008264462809917356,0.027858299100731784,0.022758081311254324,386246.8,363975.95,-0.43438598386860994,0.9779739567957718,23.091523495400374,1170.7755413810532,130689734.0,80.59701492537313,59.8149803975514,0.05319148936170204,0.008944543828264706,-0.012367491166077715,0.024079014430325636,0.0016666666666666668,30050.0
2025-06-10,30450.0,30450.0,29600.0,30050.0,342641,0.0016666666666667052,0.0016652793190612488,29000.0,28628.571428571428,29021.428571428572,0.02251212367611406,850.0,400.0,57.45589073539892,68.43878028637846,-84.28488892191974,152.7236692082982,31097.13654742206,27032.86345257794,0.1398339272267028,0.7423557612921134,29916.666666666668,29180.0,28835.0,29065.0,1.0298149417409184,1.0338895578874936,115.0,0.0016666666666667052,0.0016666666666667052,0.028286189683860232,-0.013136288998357963,0.024544659198900122,0.02261061001667921,394271.0,346205.25,-0.037414421323804126,0.9897048066139956,23.055056470860528,1147.8630027109782,131032375.0,82.08955223880596,80.03530733429625,0.010101010101010166,0.05319148936170204,0.008944543828264706,0.021653055376459635,0.024958402662229616,30800.0
2025-06-11,30300.0,31100.0,30125.0,30800.0,614720,0.024958402662229595,0.024652028998312175,29285.714285714286,28785.714285714286,29147.619047619046,0.023431731697142372,975.0,-500.0,61.52532517712262,201.78411975307245,-27.07108718692131,228.85520693999376,31160.586961716137,26999.413038283863,0.14309401387318688,0.9133448953706043,30283.333333333332,29750.0,29060.0,29080.0,1.035294117647059,1.0591471801925723,670.0,0.024958402662229595,0.024958402662229595,0.03165584415584415,0.0165016501650165,0.020508083703550804,0.02159288739375234,447292.0,342409.45,0.7940643413952213,1.7952775544016089,23.66419212757681,1140.8727882316227,131647095.0,92.10526315789474,84.93061010735794,0.0016666666666667052,0.010101010101010166,0.05319148936170204,0.01224202647663549,-0.0016233766233766235,30750.0
2025-06-12,30800.0,31350.0,30500.0,30750.0,483872,-0.0016233766233766378,-0.001624695727001922,29635.714285714286,28939.285714285714,29159.52380952381,0.021013226153441755,850.0,50.0,61.10569210085823,299.9688259477407,38.33689544001109,261.63193050772963,31171.386633692953,26993.613366307047,0.14365248061156732,0.8991360692111898,30533.333333333332,30260.0,29325.0,29082.5,1.0161929940515533,1.0573368864437376,1177.5,-0.0016233766233766378,0.0016233766233766378,0.027642276422764227,-0.0016233766233766235,0.022363625960126237,0.020301442316359834,485304.8,340020.5,-0.21285788651743887,1.4230671385989961,23.42322096121427,1120.0961605007926,131163223.0,85.18518518518519,86.46000019396195,0.024958402662229595,0.0016666666666667052,0.010101010101010166,0.008333897568506554,-0.030894308943089432,29800.0
2025-06-13,31200.0,31600.0,29400.0,29800.0,556715,-0.03089430894308942,-0.0313816007411681,29900.0,29092.85714285714,29116.666666666668,0.02542069559277953,2200.0,1400.0,53.62228463330727,297.6922416165253,90.20796467531393,207.48427694121136,30992.165653545075,27072.834346454925,0.1349980644825678,0.6958242209867732,30450.0,30280.0,29435.0,29032.5,0.9841479524438573,1.026435890812021,1247.5,-0.03089430894308942,0.03089430894308942,0.0738255033557047,-0.04487179487179487,0.02050171704540185,0.023333010637666057,470781.4,349463.5,0.15054187884399184,1.5930562133098307,23.53207239085672,1197.2321490364502,130606508.0,58.13953488372093,78.47666107560026,-0.0016233766233766378,0.024958402662229595,0.0016666666666667052,-0.0025197609680788213,0.0016778523489932886,29850.0
2025-06-16,29600.0,30000.0,29000.0,29850.0,308208,0.001677852348993314,0.0016764463272523522,30135.714285714286,29253.571428571428,29071.428571428572,0.02557891521226948,1000.0,-250.0,53.94199296171132,296.5046927346157,131.46731028717429,165.0373824474414,30970.169455478455,27079.830544521545,0.13403407100626738,0.7120637864419566,30133.333333333332,30250.0,29540.0,29025.0,0.9867768595041322,1.028423772609819,1225.0,0.001677852348993314,0.001677852348993314,0.03350083752093802,0.008445945945945946,0.019887531643833247,0.023344522941547815,461231.2,347268.9,-0.4463810028470582,0.8875197289477981,22.942470277631383,1183.1441383909894,130914716.0,57.31707317073171,66.88059774654592,-0.03089430894308942,-0.0016233766233766378,0.024958402662229595,-0.010279944405824248,0.035175879396984924,30900.0
2025-06-17,30200.0,31550.0,29750.0,30900.0,791662,0.035175879396984966,0.03457134406508872,30307.14285714286,29421.428571428572,29114.285714285714,0.02110612661314352,1800.0,-700.0,60.15401693509594,375.95598984725075,180.36504619918958,195.59094364806117,31205.84916811371,26984.15083188629,0.14510047555344283,0.9275530500393305,30183.333333333332,30420.0,29800.0,29095.0,1.0157790927021697,1.0620381508850318,1325.0,0.035175879396984966,0.035175879396984966,0.05825242718446602,0.023178807947019868,0.025731985317160883,0.023949610591036778,551035.4,368928.7,1.5685965322120126,2.145840104063468,23.920401274955267,1227.2052713630615,131706378.0,81.33333333333333,65.59664712926197,0.001677852348993314,-0.03089430894308942,-0.0016233766233766378,0.0019864742676296196,0.016181229773462782,31400.0
2025-06-18,30900.0,31450.0,30600.0,31400.0,460294,0.016181229773462702,0.016051709010507825,30507.14285714286,29657.14285714286,29204.761904761905,0.02143360859408687,850.0,-500.0,62.73171906576724,473.80579824208326,239.0531966077683,234.75260163431494,31562.697640354556,26867.302359645444,0.16071864729451008,0.9653495327596817,30716.666666666668,30540.0,30145.0,29215.0,1.028159790438769,1.0747903474242684,1325.0,0.016181229773462702,0.016181229773462702,0.027070063694267517,0.016181229773462782,0.024366430960771217,0.02278159384500232,520150.2,372654.7,-0.4185725726383229,1.235175619682242,23.394183866708723,1200.2620376942714,132166672.0,94.66666666666667,77.77235772357723,0.035175879396984966,0.001677852348993314,-0.03089430894308942,0.017678320506480327,-0.01592356687898089,30900.0
2025-06-19,31500.0,31500.0,30600.0,30900.0,353889,-0.015923566878980888,-0.0160517090105079,30628.571428571428,29814.285714285714,29295.238095238095,0.023084339060223325,900.0,600.0,58.64597570223459,505.18321737487713,292.2792007611901,212.90401661368702,31774.198286383067,26885.801713616933,0.16666882280143655,0.8211687056542559,31066.666666666668,30570.0,30415.0,29330.0,1.0107948969578018,1.053528810092056,1240.0,-0.015923566878980888,0.015923566878980888,0.02912621359223301,-0.01904761904761905,0.02599171864817997,0.024441471946366648,494153.6,380669.9,-0.23116747122491277,0.9296479705907926,23.115250046601158,1178.8147492875378,131812783.0,81.33333333333333,85.77777777777777,0.016181229773462702,0.035175879396984966,0.001677852348993314,0.01181118076382226,0.0016181229773462784,30950.0
2025-06-20,30950.0,31450.0,30650.0,30950.0,446481,0.0016181229773462036,0.001616815226905256,30650.0,29967.85714285714,29407.14285714286,0.02121316312543136,800.0,0.0,58.934014393542896,527.9981956997217,339.4229997488965,188.57519595082522,31968.66827555882,26926.33172444118,0.17123139659114145,0.7979769368363502,31083.333333333332,30800.0,30540.0,29447.5,1.00487012987013,1.0510230070464386,1352.5,0.0016181229773462036,0.0016181229773462036,0.025848142164781908,0.0,0.01909301622305551,0.01902812386308686,472106.8,393387.95,0.26164136212202127,1.1349635900133697,23.349280403386896,1151.7565529098565,132259264.0,82.66666666666667,86.22222222222221,-0.015923566878980888,0.016181229773462702,0.035175879396984966,0.0006252619572760058,-0.03715670436187399,29800.0
2025-06-23,30350.0,30450.0,29450.0,29800.0,541851,-0.037156704361874016,-0.03786460561924637,30514.285714285714,30075.0,29464.285714285714,0.025799754304486333,1000.0,550.0,50.26259013970098,448.1182135245981,361.16204250403683,86.95617102056127,31932.725582856114,27177.274417143886,0.1609017481208671,0.5515198225073785,30550.0,30790.0,30520.0,29555.0,0.9678467034751542,1.008289629504314,1235.0,-0.037156704361874016,0.037156704361874016,0.03355704697986577,-0.018121911037891267,0.027999872610627655,0.02290006333851721,518835.4,403843.05,0.21360371437978332,1.3417365979184241,23.50501000743407,1176.6310848448668,131717413.0,52.0,71.99999999999999,0.0016181229773462036,-0.015923566878980888,0.016181229773462702,-0.017154049421169566,0.07718120805369127,32100.0
2025-06-24,30400.0,32400.0,30300.0,32100.0,1391415,0.07718120805369133,0.07434763662461147,30842.85714285714,30371.428571428572,29676.190476190477,0.03625732923303768,2100.0,-1700.0,62.23179779342145,563.9032051136128,401.710275025952,162.19293008766078,32229.360818877583,27330.639181122417,0.16449703283261138,0.9735929435384569,30950.0,31030.0,30725.0,29780.0,1.0344827586206897,1.0779046339825387,1250.0,0.07718120805369133,0.07718120805369133,0.06542056074766354,0.05592105263157895,0.043314094714250385,0.03361361199002104,638786.0,466400.65,1.567892280350133,2.9833041613471165,24.522443082062907,1278.3002930702335,133108828.0,93.02325581395348,75.89664082687337,-0.037156704361874016,0.0016181229773462036,-0.015923566878980888,0.01388087555638784,0.0514018691588785,33750.0
2025-06-25,33750.0,34200.0,33000.0,33750.0,1098152,0.051401869158878455,0.050124387182568605,31400.0,30767.85714285714,29969.04761904762,0.038800241782738595,1200.0,0.0,68.15278919853971,779.81562638576,477.33134529791363,302.48428108784634,32992.00199686141,27087.998003138597,0.19653808234763018,1.1283871088069222,31883.333333333332,31500.0,31020.0,30040.0,1.0714285714285714,1.123501997336884,1460.0,0.051401869158878455,0.051401869158878455,0.035555555555555556,0.0,0.0475561838156073,0.03611963402781497,766357.6,505337.05,-0.21076601876507006,2.1731080276025674,24.33587502131372,1336.9931292795025,134206980.0,92.37288135593221,79.1320457232952,0.07718120805369133,-0.037156704361874016,0.0016181229773462036,0.03047545761689859,-0.013333333333333334,33300.0
2025-06-26,34550.0,34550.0,32850.0,33300.0,772562,-0.013333333333333308,-0.013423020332140661,31742.85714285714,31025.0,30195.238095238095,0.03952328966852655,1700.0,1250.0,65.15283457260199,904.1935561415921,562.7037874666494,341.48976867494275,33442.40940077917,27157.59059922083,0.207419762427668,0.9773407308506872,33050.0,31980.0,31275.0,30300.0,1.0412757973733584,1.099009900990099,1680.0,-0.013333333333333308,0.013333333333333308,0.05105105105105105,-0.0361794500723589,0.047141632139716415,0.03671474061941651,850092.2,535469.1,-0.2964890106287654,1.4427760630818847,23.970780219440545,1362.9221914738237,133434418.0,77.47747747747748,87.62453821578771,0.051401869158878455,0.07718120805369133,-0.037156704361874016,0.03841658129307882,-0.01951951951951952,32650.0
2025-06-27,33200.0,33200.0,32250.0,32650.0,391647,-0.019519519519519468,-0.019712541263958022,31921.428571428572,31214.285714285714,30411.904761904763,0.040998148437042775,950.0,550.0,60.977545787251564,939.4846001822953,638.0599500097785,301.42465017251675,33712.18259872205,27282.81740127795,0.21081613894398235,0.834791994838883,33233.333333333336,32320.0,31560.0,30497.5,1.010210396039604,1.070579555701287,1822.5,-0.019519519519519468,0.019519519519519468,0.02909647779479326,-0.016566265060240965,0.04962945113476595,0.03551194039689538,839125.4,536596.9,-0.49305427913876165,0.7298719019807979,23.271716337648407,1340.5706063685507,133042771.0,65.76576576576576,78.53870819972514,-0.013333333333333308,0.051401869158878455,0.07718120805369133,0.006183005435341893,0.0015313935681470138,32700.0
2025-06-30,32950.0,33150.0,32500.0,32700.0,243174,0.0015313935681469104,0.0015302221807675365,32178.571428571428,31403.571428571428,30602.380952380954,0.03997814825539625,650.0,250.0,61.183613352661666,960.4165053403121,702.5312610758853,257.8852442644269,33946.52989020012,27438.470109799877,0.2120407194070293,0.8084636693175149,32883.333333333336,32900.0,31845.0,30692.5,0.993920972644377,1.0654068583530178,2207.5,0.0015313935681469104,0.0015313935681469104,0.019877675840978593,-0.007587253414264037,0.04262704878236274,0.035515660405523626,779390.0,536425.85,-0.3790990356111499,0.45332267264897846,22.79666287247546,1291.2441344850827,133285945.0,66.66666666666667,69.96996996996995,-0.019519519519519468,-0.013333333333333308,0.051401869158878455,-0.010440486428235288,-0.010703363914373088,32350.0
2025-07-01,32700.0,33100.0,32250.0,32350.0,366011,-0.010703363914373099,-0.010761056956298146,32378.571428571428,31514.285714285714,30771.428571428572,0.04058129205587768,850.0,350.0,58.84122194198064,937.9510007736317,749.6152090154346,188.33579175819705,34023.7966410511,27766.203358948896,0.20254388354433414,0.7325175086341187,32566.666666666668,32950.0,31990.0,30895.0,0.9817905918057663,1.0470949991908076,2055.0,-0.010703363914373099,0.010703363914373099,0.02627511591962906,-0.010703363914373088,0.02872395751039,0.034817751349541536,574309.2,539600.4,0.5051403521758082,0.6783000902149071,23.194787966590184,1259.726696307577,132919934.0,60.36036036036036,64.26426426426424,0.0015313935681469104,-0.019519519519519468,-0.013333333333333308,-0.009563829955248552,-0.015455950540958269,31850.0
2025-07-02,32250.0,32450.0,31700.0,31850.0,365841,-0.015455950540958274,-0.015576638928737225,32671.428571428572,31592.85714285714,30940.47619047619,0.03727657827061558,750.0,400.0,55.56828255318791,869.7748818023138,773.6471435728105,96.12773822950328,33917.60825098751,28262.391749012488,0.18189824708829286,0.6343891961933867,32300.0,32570.0,32035.0,31090.0,0.9778937672704944,1.0244451592151818,1480.0,-0.015455950540958274,0.015455950540958274,0.023547880690737835,-0.012403100775193798,0.007965160427898065,0.03513766487476936,427847.0,540411.7,-0.0004644669149287406,0.6769672085189866,23.178746752849715,1223.3176465713216,132554093.0,51.351351351351354,59.459459459459445,-0.010703363914373099,0.0015313935681469104,-0.019519519519519468,-0.008209306962394821,0.03610675039246468,33000.0
2025-07-03,32300.0,33150.0,32150.0,33000.0,699476,0.03610675039246458,0.03547017944830779,32800.0,31821.428571428572,31180.95238095238,0.02766132555167035,1000.0,-700.0,60.948572851379076,898.1864708498288,798.5550090282143,99.6314618216145,33930.48578457747,28729.51421542253,0.16600611455968525,0.8210938529070533,32400.0,32510.0,32245.0,31330.0,1.0150722854506307,1.053303542930099,1180.0,0.03610675039246458,0.03610675039246458,0.030303030303030304,0.021671826625386997,0.02251428490683322,0.036035391221724805,413229.8,560695.1,0.911967220732504,1.2475158067191956,23.862349602769417,1228.7949575305129,133253569.0,72.07207207207207,61.26126126126125,-0.015455950540958274,-0.010703363914373099,0.0015313935681469104,0.003315811979044403,-0.031818181818181815,31950.0
2025-07-04,33350.0,33400.0,31800.0,31950.0,444040,-0.03181818181818186,-0.032335380642936465,32542.85714285714,31971.428571428572,31359.52380952381,0.021618322292439065,1600.0,1400.0,54.46377436063428,826.4498358203891,804.1339743866492,22.315861433739883,33938.660209095906,28946.339790904094,0.15877619203917664,0.6016561353215012,32266.666666666668,32370.0,32345.0,31442.5,0.9870250231696015,1.0161405740637672,927.5,-0.03181818181818186,0.03181818181818186,0.050078247261345854,-0.041979010494752625,0.02544184466624599,0.03809958247288175,423708.4,551430.5,-0.3651819361922354,0.8052510697177614,23.375597387322752,1255.3096034211906,132809529.0,49.01960784313726,57.48101042218688,0.03610675039246458,-0.015455950540958274,-0.010703363914373099,-0.0037224606555585162,-0.012519561815336464,31550.0
2025-07-07,31650.0,31750.0,31100.0,31550.0,294386,-0.012519561815336422,-0.012598591836321605,32292.85714285714,32017.85714285714,31447.619047619046,0.02158499182005528,650.0,100.0,52.1858410405467,728.9188558307105,789.0909506754615,-60.17209484475097,33922.06051897993,29117.93948102007,0.15241500754948806,0.5062446386681256,32166.666666666668,32140.0,32520.0,31520.0,0.9816428126944617,1.0009517766497462,620.0,-0.012519561815336422,0.012519561815336422,0.020602218700475437,-0.00315955766192733,0.02544476026456275,0.035887520894095574,433950.8,548351.85,-0.33702819565804887,0.536856035043923,22.951975978435314,1226.3589174625342,132515143.0,41.1764705882353,54.0893835011482,-0.03181818181818186,0.03610675039246458,-0.015455950540958274,-0.0027436644136845656,0.001584786053882726,31600.0
2025-07-08,31400.0,31900.0,31100.0,31600.0,376145,0.0015847860538826808,0.00158353160564422,32142.85714285714,32032.14285714286,31523.809523809523,0.02110716710912623,800.0,-200.0,52.453539677234154,648.1875312709271,760.9102667945547,-112.72273552362753,33897.723101307674,29297.276898692322,0.145595259201372,0.5005434255482828,31700.0,31990.0,32470.0,31597.5,0.9878086902156924,1.0000791201835588,392.5,0.0015847860538826808,0.0015847860538826808,0.02531645569620253,0.006369426751592357,0.025576016230445028,0.025854050599465175,435977.6,550027.05,0.2777272017011678,0.6838663662087164,23.1986423859897,1195.9047090723532,132891288.0,42.15686274509804,44.117647058823515,-0.012519561815336422,-0.03181818181818186,0.03610675039246458,-0.014250985859878532,-0.030063291139240507,30650.0
2025-07-09,31800.0,31800.0,30550.0,30650.0,361645,-0.030063291139240556,-0.030524458210646074,31850.0,32014.285714285714,31552.380952380954,0.02293585235990966,1250.0,1150.0,47.06216154250887,501.76626523381856,709.0814664824074,-207.3152012485889,33902.11910092065,29277.880899079344,0.14638297568348554,0.29672327441399904,31266.666666666668,31750.0,32160.0,31590.0,0.9653543307086614,0.9702437480215258,160.0,-0.030063291139240556,0.030063291139240556,0.040783034257748776,-0.036163522012578615,0.027882024288287423,0.01945521588003848,435138.4,537373.3,-0.03854896383043771,0.6729865439909276,23.128806288114514,1199.768658424328,132529643.0,23.529411764705884,35.620915032679726,0.0015847860538826808,-0.012519561815336422,-0.03181818181818186,-0.013666022300231432,-0.004893964110929853,30500.0
2025-07-10,30950.0,31300.0,30400.0,30500.0,378675,-0.004893964110929905,-0.004905978768854518,31585.714285714286,31982.14285714286,31538.095238095237,0.02297823992455534,900.0,450.0,46.253765051862565,369.3648030653312,641.1381337989922,-271.77333073366094,33911.341423377715,29243.658576622285,0.14781673174746035,0.2691574094951663,30916.666666666668,31250.0,31880.0,31577.5,0.976,0.9658776027234581,-327.5,-0.004893964110929905,0.004893964110929905,0.029508196721311476,-0.014539579967689823,0.014930041797752432,0.019449595633413506,370978.2,532113.45,0.047090378686280854,0.7116433534991458,23.169915559077314,1178.3566113940187,132150968.0,20.58823529411765,28.75816993464051,-0.030063291139240556,0.0015847860538826808,-0.012519561815336422,-0.011124156398762594,0.011475409836065573,30850.0
2025-07-11,30650.0,31500.0,30650.0,30850.0,412630,0.011475409836065653,0.01141006673803096,31442.85714285714,32057.14285714286,31542.85714285714,0.023824233969259014,850.0,-200.0,48.47763707049427,289.34240617474643,570.778988274143,-281.43658209939656,33839.4057310079,29420.5942689921,0.1397031761623712,0.32348194606063263,30666.666666666668,31030.0,31700.0,31630.0,0.9941991621011924,0.9753398672146696,-600.0,0.011475409836065653,0.011475409836065653,0.027552674230145867,0.0065252854812398045,0.0156667450512519,0.019974301244772955,364696.2,524909.2,0.08966792104047006,0.786097862258844,23.267198616034307,1165.616853437303,132563598.0,12.941176470588236,19.01960784313724,-0.004893964110929905,-0.030063291139240556,0.0015847860538826808,-0.007827281804701602,-0.012965964343598054,30450.0
2025-07-14,30900.0,31000.0,30450.0,30450.0,236587,-0.012965964343598091,-0.013050756195490827,31078.571428571428,31939.285714285714,31573.809523809523,0.01601658015904497,550.0,450.0,46.12850335201397,191.44061480833625,494.91131358098164,-303.4706987726454,33782.21334311239,29537.786656887616,0.13406275067039708,0.2149202732310019,30600.0,30810.0,31475.0,31660.0,0.9883154819863681,0.9617814276689829,-850.0,-0.012965964343598091,0.012965964343598091,0.0180623973727422,-0.014563106796116505,0.015708111627347872,0.01993529736510252,353136.4,521328.15,-0.4266364539660228,0.45381589311837467,22.697912557238798,1121.6442210489242,132327011.0,1.2048192771084338,11.578077013938092,0.011475409836065653,-0.004893964110929905,-0.030063291139240556,-0.0021281728728207807,0.016420361247947456,30950.0
2025-07-15,30500.0,31150.0,30400.0,30950.0,288410,0.016420361247947435,0.01628700497469906,30935.714285714286,31739.285714285714,31626.190476190477,0.016012319394194605,750.0,-450.0,49.42745393925382,152.441312571882,426.4173133791617,-273.9760008072797,33781.05834795369,29543.941652046316,0.13382129319881156,0.3318431964150987,30750.0,30680.0,31335.0,31662.5,1.0088005215123859,0.97749703908409,-982.5,0.016420361247947435,0.016420361247947435,0.024232633279483037,0.014754098360655738,0.01882127882117634,0.021171057320397226,335589.4,496165.55,0.21904415711767755,0.5812777610214978,22.91226663608037,1095.0982052597155,132615421.0,13.25301204819277,9.1330025986298,-0.012965964343598091,0.011475409836065653,-0.004893964110929905,0.004976602246804999,0.006462035541195477,31150.0
2025-07-16,31250.0,31800.0,30750.0,31150.0,321215,0.00646203554119551,0.006441246102857075,30878.571428571428,31585.714285714286,31638.095238095237,0.016032932394532098,1050.0,100.0,50.72722967397626,136.10349671628865,368.3545500465871,-232.25105333029848,33778.00870595766,29521.991294042335,0.13447132423113198,0.38251927762321253,30850.0,30780.0,31265.0,31650.0,1.012020792722547,0.9842022116903634,-870.0,0.00646203554119551,0.00646203554119551,0.033707865168539325,-0.0032,0.012048882904713997,0.021011726678286095,327503.4,489211.6,0.11374432231892095,0.6565972679306868,23.026435484155346,1091.8769048840218,132936636.0,25.0,13.152610441767052,0.016420361247947435,-0.012965964343598091,0.011475409836065653,0.0033054774818482846,0.004815409309791332,31300.0
2025-07-17,31250.0,31700.0,30400.0,31300.0,393960,0.0048154093097914075,0.004803852312645457,30835.714285714286,31489.285714285714,31633.333333333332,0.01619237074486904,1300.0,-50.0,51.7292659770504,133.7179886047452,321.4272377582187,-187.70924915347354,33775.73152684713,29564.268473152875,0.13297957226694831,0.4121445456643763,31133.333333333332,30940.0,31095.0,31670.0,1.0116354234001292,0.9883170192611304,-730.0,0.0048154093097914075,0.0048154093097914075,0.04153354632587859,0.0016,0.01114687836055132,0.0165614013169967,330560.4,491215.15,0.22646825335055953,0.8020110943239434,23.23537803689298,1106.7428402494488,133330596.0,30.0,22.751004016064243,0.00646203554119551,0.016420361247947435,-0.012965964343598091,0.009232602032978118,-0.003194888178913738,31200.0
2025-07-18,31450.0,31500.0,31100.0,31200.0,236881,-0.0031948881789137795,-0.0032000027306709027,30914.285714285714,31382.14285714286,31647.619047619046,0.01016091272036887,400.0,250.0,50.984857839233456,122.34794106886329,281.61137842034765,-159.26343735148436,33773.14960944528,29591.850390554715,0.1319750404447429,0.38460524474782243,31216.666666666668,31010.0,31020.0,31682.5,1.0061270557884554,0.9847707725084826,-672.5,-0.0031948881789137795,0.0031948881789137795,0.01282051282051282,-0.00794912559618442,0.011025851621755817,0.013659503493466556,295410.6,480735.15,-0.3987181439740075,0.49274740987839144,22.723486558246215,1056.2612088030598,133093715.0,26.666666666666668,27.22222222222221,0.0048154093097914075,0.00646203554119551,0.016420361247947435,0.0026941855573577125,0.022435897435897436,31900.0
2025-07-21,31300.0,32200.0,31100.0,31900.0,616589,0.022435897435897356,0.022187914975362138,31114.285714285714,31350.0,31692.85714285714,0.011868391874328464,1100.0,-600.0,55.781741183513205,167.88596147728822,258.8662950317358,-90.98033355444755,33681.77808773798,29893.221912262023,0.11918383564218497,0.5296946896889728,31466.666666666668,31300.0,31055.0,31787.5,1.0191693290734825,1.0035391270153362,-487.5,0.022435897435897356,0.022435897435897356,0.034482758620689655,0.019169329073482427,0.010093322798960525,0.015142412223217093,371411.0,484472.05,1.602948315821024,1.2727029350816008,23.702319243332372,1059.38540817427,133710304.0,50.0,35.55555555555554,-0.0031948881789137795,0.0048154093097914075,0.00646203554119551,0.008018806188924995,-0.03918495297805643,30650.0
2025-07-22,31900.0,32050.0,30550.0,30650.0,415750,-0.039184952978056464,-0.03997334740857852,31085.714285714286,31264.285714285714,31733.333333333332,0.020794727695502443,1500.0,1250.0,46.946322664840565,101.93556764939422,227.48014955526747,-125.54458190587326,33668.9703170724,29761.029682927594,0.12322057809064507,0.22747794818202074,31250.0,31240.0,30960.0,31715.0,0.9811139564660691,0.9664196752325398,-475.0,-0.039184952978056464,0.039184952978056464,0.048939641109298535,-0.03918495297805643,0.022907213785976988,0.019801321609302303,396879.0,435688.8,-0.3257258887200388,0.9542361428616022,23.268227338498008,1090.857879018965,133294554.0,8.333333333333334,28.333333333333318,0.022435897435897356,-0.0031948881789137795,0.0048154093097914075,-0.0066479812403576295,0.0016313213703099511,30700.0
2025-07-23,30700.0,30950.0,30400.0,30700.0,298301,0.0016313213703098572,0.00162999221093097,31121.428571428572,31100.0,31666.666666666668,0.020097060459539195,550.0,0.0,47.30585840507683,53.091976272557076,192.60251489872542,-139.51053862616834,33313.25171824774,29811.748281752265,0.11093872274045065,0.25367723732316355,31083.333333333332,31150.0,30965.0,31562.5,0.985553772070626,0.9726732673267326,-412.5,0.0016313213703098572,0.0016313213703098572,0.017915309446254073,0.0,0.022574608348660992,0.01734975067085447,392296.2,395696.25,-0.28249909801563444,0.753863601183989,22.937876256511576,1052.2251733747532,133592855.0,10.0,22.77777777777776,-0.039184952978056464,0.022435897435897356,-0.0031948881789137795,-0.00503924472394975,-0.009771986970684038,30400.0
2025-07-24,30950.0,31150.0,30250.0,30400.0,314812,-0.009771986970684043,-0.009820046180975461,31042.85714285714,30989.285714285714,31507.14285714286,0.019227326498061546,900.0,550.0,45.32129568896486,-9.712455447443062,152.13952082949174,-161.8519762769348,33037.85571143468,29797.144288565323,0.10314988216342337,0.1860257310109097,30583.333333333332,30970.0,30955.0,31417.5,0.9815950920245399,0.9676135911514283,-447.5,-0.009771986970684043,0.009771986970684043,0.029605263157894735,-0.017770597738287562,0.022301576327376185,0.01757907035723288,376466.6,372808.75,0.05535013291943369,0.844432969987963,22.981928801738576,1041.351946705128,133278043.0,7.6923076923076925,8.675213675213659,0.0016313213703098572,-0.039184952978056464,0.022435897435897356,-0.015775206192810216,-0.019736842105263157,29800.0
2025-07-25,30250.0,30550.0,29750.0,29800.0,274546,-0.019736842105263164,-0.019934214900817253,30850.0,30864.285714285714,31340.47619047619,0.01974640224013319,800.0,450.0,41.565534663865265,-106.67077140531183,100.37746238253104,-207.04823378784286,32939.64790018159,29610.35209981841,0.10645230376860686,0.05696336749678468,30300.0,30690.0,30850.0,31275.0,0.9710003258390355,0.9528377298161471,-585.0,-0.019736842105263164,0.019736842105263164,0.026845637583892617,-0.01487603305785124,0.023066316780325023,0.018042947398383725,383999.6,366953.7,-0.12790490832623913,0.7481761323022496,22.825137775921398,1024.1125219404762,133003497.0,2.0408163265306123,6.577708006279419,-0.009771986970684043,0.0016313213703098572,-0.039184952978056464,-0.009292502568545783,0.09228187919463088,32550.0
2025-07-28,30650.0,33150.0,30000.0,32550.0,2144738,0.09228187919463093,0.08826897514321953,31028.571428571428,30932.14285714286,31335.714285714286,0.04116880513251748,3150.0,-1900.0,58.52876970437964,37.953576734886155,87.89268525300207,-49.939108518115916,32906.26558164338,29628.734418356617,0.1048222967390027,0.8913006272422094,30916.666666666668,30820.0,31060.0,31267.5,1.056132381570409,1.0410170304629407,-447.5,0.09228187919463093,0.09228187919463093,0.0967741935483871,0.06199021207177814,0.0510193537508942,0.03474761655944923,689629.4,462031.9,6.8119440822303,4.641969526346557,24.9690606060129,1190.2473418018708,135148235.0,82.3529411764706,30.695355065102948,-0.019736842105263164,-0.009771986970684043,0.0016313213703098572,0.02092435003956124,0.004608294930875576,32700.0
2025-07-29,33150.0,33200.0,31550.0,32700.0,843500,0.004608294930875667,0.004597709248629549,31242.85714285714,31078.571428571428,31335.714285714286,0.04099632513051749,1650.0,450.0,59.22409253357471,162.79654377651968,102.8734569577056,59.923086818814085,32978.9831602966,29591.0168397034,0.1082936333895861,0.9176546831056593,31683.333333333332,31230.0,31235.0,31285.0,1.0470701248799232,1.045229343135688,-55.0,0.004608294930875667,0.004608294930875667,0.05045871559633028,-0.013574660633484163,0.044923067180577994,0.0346004092869228,775179.4,485906.35,-0.6067118687690525,1.735931213905725,24.04044553788976,1223.0868173874514,135991735.0,85.5072463768116,56.63366795993758,0.09228187919463093,-0.019736842105263164,-0.009771986970684043,0.025717777340081144,-0.013761467889908258,32250.0
2025-07-30,32500.0,33200.0,32200.0,32250.0,676406,-0.013761467889908285,-0.013857034661426241,31292.85714285714,31203.571428571428,31330.95238095238,0.040991644611446214,1000.0,250.0,56.180868294910745,222.85531802536207,126.86982917123692,95.98548885412515,33036.108558729145,29573.891441270855,0.11059629827370358,0.7729464871613109,32500.0,31540.0,31345.0,31305.0,1.0225110970196576,1.030186871106852,235.0,-0.013761467889908285,0.013761467889908285,0.031007751937984496,-0.007692307692307693,0.046466590225309884,0.03515915903549501,850800.4,501434.6,-0.19809602845287488,1.3489416167133261,23.805822088727815,1207.1520447169191,135315329.0,72.46376811594203,80.10798522307472,0.004608294930875667,0.09228187919463093,-0.019736842105263164,0.027709568745199437,-0.017054263565891473,31700.0
2025-07-31,32450.0,32550.0,31350.0,31700.0,547434,-0.01705426356589146,-0.01720136235854655,31442.85714285714,31264.285714285714,31323.809523809523,0.03793597830342934,1200.0,750.0,52.621801716486296,223.49560761605244,146.19498486020004,77.3006227558524,32791.43397166012,29688.566028339883,0.0993235577247194,0.648249944374937,32216.666666666668,31800.0,31385.0,31240.0,0.9968553459119497,1.0147247119078104,560.0,-0.01705426356589146,0.01705426356589146,0.03785488958990536,-0.023112480739599383,0.04737487679455314,0.03577836646847038,897324.8,493832.5,-0.1906724659450093,1.1085418638910967,23.577069145384097,1206.6411843799965,134767895.0,56.52173913043478,71.49758454106278,-0.013761467889908285,0.004608294930875667,0.09228187919463093,-0.008735812174974692,-0.06466876971608833,29650.0
2025-08-01,31000.0,31650.0,29650.0,29650.0,638714,-0.06466876971608837,-0.06685455543950052,31292.85714285714,31207.14285714286,31164.285714285714,0.046709709943269395,2000.0,1350.0,41.95356994776048,57.917536980650766,128.53949528429018,-70.62195830363942,32791.54385512433,29458.45614487567,0.10708715534935452,0.05746739113266289,31200.0,31770.0,31230.0,31125.0,0.9332703808624488,0.9526104417670683,645.0,-0.06466876971608837,0.06466876971608837,0.06745362563237774,-0.043548387096774194,0.05744358560236342,0.041552080658742455,970158.4,503566.2,0.16674156153983866,1.2683813965274078,23.66442946331216,1266.8810997814253,134129181.0,0.0,42.995169082125585,-0.01705426356589146,-0.013761467889908285,0.004608294930875667,-0.03182816705729604,-0.0016863406408094434,29600.0
2025-08-04,29600.0,30000.0,29350.0,29600.0,327630,-0.001686340640809414,-0.0016877641137197409,31178.571428571428,31110.714285714286,31052.380952380954,0.0466701347955181,650.0,0.0,41.731346463556086,-76.45750453689107,87.54009532005395,-163.99759985694502,32813.255037129005,29241.744962870995,0.11510789055702234,0.10030912126250509,30316.666666666668,31180.0,31000.0,31027.5,0.949326491340603,0.9539924260736443,152.5,-0.001686340640809414,0.001686340640809414,0.02195945945945946,0.0,0.027261652511949886,0.04051330063701012,606736.8,505228.4,-0.4870474108912596,0.648478984950173,22.99516984227515,1222.818164082752,133801551.0,6.4935064935064934,21.00508187464707,-0.06466876971608837,-0.01705426356589146,-0.013761467889908285,-0.02780312464092975,0.006756756756756757,29800.0
2025-08-05,30150.0,30600.0,29650.0,29800.0,261069,0.006756756756756799,0.0067340321813441194,31178.571428571428,31014.285714285714,30969.04761904762,0.04622081511596158,950.0,350.0,43.03122445372618,-164.9113689220103,37.04980247164111,-201.9611713936514,32782.22933401882,29092.77066598118,0.11925522967394385,0.19168918739913207,29683.333333333332,30600.0,30915.0,30937.5,0.9738562091503268,0.9632323232323232,-337.5,0.006756756756756799,0.006756756756756799,0.031879194630872486,-0.011608623548922056,0.027730091201520483,0.03900120881379401,490250.6,499474.6,-0.2031590513689222,0.522687239751531,22.774803691803942,1206.902580933984,134062620.0,11.688311688311689,6.060606060606042,-0.001686340640809414,-0.06466876971608837,-0.01705426356589146,-0.019866117866713662,-0.013422818791946308,29400.0
2025-08-06,29600.0,29650.0,28950.0,29400.0,448646,-0.01342281879194629,-0.01351371916672282,30728.571428571428,30878.571428571428,30864.285714285714,0.02493134433203845,700.0,200.0,41.05841791984133,-264.2423296918714,-23.208623961061402,-241.03370573081003,32841.42876943539,28908.57123056461,0.12738000125897272,0.12495463275196397,29600.0,30030.0,30785.0,30875.0,0.9790209790209791,0.9522267206477733,-845.0,-0.01342281879194629,0.01342281879194629,0.023809523809523808,-0.006756756756756757,0.02774369487249137,0.03912978511821124,444698.6,503824.65,0.7184958765690297,0.8904804479098035,23.30273939045325,1181.4095394386995,133613974.0,10.588235294117647,9.590017825311925,0.006756756756756799,-0.001686340640809414,-0.06466876971608837,-0.002784134225332968,0.034013605442176874,30400.0
2025-08-07,30250.0,31400.0,30050.0,30400.0,818780,0.03401360544217691,0.033447934067540125,30400.0,30821.428571428572,30852.380952380954,0.030405971517514487,1350.0,-150.0,47.53432687947299,-259.2823436318795,-70.42336789522503,-188.85897573665446,32840.9468736999,28899.053126300103,0.12769335106575297,0.38076796836291493,29866.666666666668,29770.0,30785.0,30870.0,1.0211622438696675,0.9847748623258827,-1100.0,0.03401360544217691,0.03401360544217691,0.044407894736842105,0.0049586776859504135,0.036274394022665794,0.040782924277812584,498967.8,525829.9,0.8250023403752624,1.5571195171670533,23.93776859391619,1239.8802866216497,134432754.0,34.11764705882353,18.798064680417603,-0.01342281879194629,0.006756756756756799,-0.001686340640809414,0.009115847802329139,0.02631578947368421,31200.0
2025-08-08,30600.0,31750.0,30350.0,31200.0,514847,0.026315789473684292,0.025975486403260736,30250.0,30771.428571428572,30885.714285714286,0.03324958584596477,1400.0,-600.0,52.07113833283594,-188.62386630702167,-94.06346757758436,-94.56039872943731,32863.90689396854,28911.093106031465,0.12797454594697122,0.5790576072552834,30333.333333333332,30080.0,30925.0,30887.5,1.0372340425531914,1.010117361392149,-807.5,0.026315789473684292,0.026315789473684292,0.04487179487179487,0.0196078431372549,0.019607359315363344,0.040814760535519815,474194.4,530940.75,-0.37120227655780547,0.9696882373409839,23.49979842198786,1251.3174090058176,134947601.0,52.94117647058823,32.549019607843114,0.03401360544217691,-0.01342281879194629,0.006756756756756799,0.015635525374638304,0.016025641025641024,31700.0
2025-08-11,31800.0,31850.0,31200.0,31700.0,275593,0.01602564102564097,0.015898586067798204,30250.0,30846.428571428572,30926.190476190477,0.03353257906395142,650.0,100.0,54.70727907699777,-91.22906080969187,-93.49658622400587,2.267525414313994,32947.103165245004,28952.896834754996,0.12905351633247197,0.6877719721875235,31100.0,30500.0,30840.0,30950.0,1.039344262295082,1.024232633279483,-450.0,0.01602564102564097,0.01602564102564097,0.02050473186119874,-0.0031446540880503146,0.018444392850203283,0.027821112888088768,463787.0,532891.05,-0.4647089329451274,0.5171657508603306,22.89075237864974,1208.366165505402,135223194.0,64.70588235294117,50.588235294117624,0.026315789473684292,0.03401360544217691,-0.01342281879194629,0.02545167864716739,0.0,31700.0
2025-08-12,31650.0,32650.0,31450.0,31700.0,505642,0.0,0.0,30542.85714285714,30917.85714285714,30985.714285714286,0.016525571383004353,1200.0,-50.0,54.70727907699776,-13.882941849562485,-77.5738573491172,63.69091549955472,33012.573098095876,28962.426901904128,0.13070257994971354,0.6759195756118493,31533.333333333332,30880.0,30740.0,30987.5,1.0265544041450778,1.0229931423961274,-107.5,0.0,0.0,0.03785488958990536,0.001579778830963665,0.019328389575516348,0.02773222603262267,512701.6,543752.65,0.8347418112941911,0.9299117898551851,23.497656147912707,1207.7685822550163,135223194.0,64.70588235294117,60.78431372549017,0.01602564102564097,0.026315789473684292,0.03401360544217691,0.014113810166441754,0.025236593059936908,32500.0
2025-08-13,32450.0,32700.0,32000.0,32500.0,421343,0.025236593059936974,0.024923408452456934,30957.14285714286,31067.85714285714,31059.52380952381,0.01657016313117212,700.0,-50.0,58.901811084407335,110.69174328272493,-39.920737222748784,150.6124805054737,33189.89800076825,28920.101999231756,0.13749141850061156,0.8384236622733294,31966.666666666668,31500.0,30765.0,31055.0,1.0317460317460319,1.0465303493801321,445.0,0.025236593059936974,0.025236593059936974,0.021538461538461538,0.0015408320493066256,0.013028633022325395,0.028735301389385008,507241.0,548759.05,-0.1667167679900008,0.7678105718712064,23.340197876186473,1192.927969236801,135644537.0,83.52941176470588,70.98039215686272,0.0,0.01602564102564097,0.026315789473684292,0.013754078028525981,-0.0015384615384615385,32450.0
2025-08-14,32500.0,32650.0,32000.0,32450.0,318054,-0.0015384615384614886,-0.0015396461855927501,31335.714285714286,31257.14285714286,31121.428571428572,0.01739545171590579,650.0,50.0,58.5369313409024,203.0429439614927,8.67199901409952,194.37094494739318,33335.31826801734,28889.68173198266,0.14288908110999382,0.8008568040051679,32216.666666666668,31910.0,30840.0,31112.5,1.016922594797869,1.042989152269988,797.5,-0.0015384615384614886,0.0015384615384614886,0.020030816640986132,-0.0015384615384615385,0.013382354881562522,0.02805384953986751,407095.8,544963.75,-0.24514231872844694,0.5836241401377614,23.057432180895887,1154.1474000056007,135326483.0,82.3529411764706,76.86274509803921,0.025236593059936974,0.0,0.01602564102564097,0.007899377173825162,-0.040061633281972264,31150.0
2025-08-18,31650.0,31850.0,31100.0,31150.0,241768,-0.04006163328197232,-0.04088619791663691,31585.714285714286,31157.14285714286,31114.285714285714,0.025376817158124138,750.0,500.0,49.88438796689658,169.3802898612521,40.81365718353004,128.56663267772205,33332.51635480337,28887.48364519663,0.14288115427858367,0.5089988089206976,32033.333333333332,31900.0,30990.0,31110.0,0.9764890282131662,1.0012857602057217,790.0,-0.04006163328197232,0.04006163328197232,0.024077046548956663,-0.01579778830963665,0.025004925988217224,0.021889784111844945,352480.0,545208.1,-0.2398523521163073,0.4434416876785213,22.742303391975895,1168.136871433772,135084715.0,51.76470588235294,72.54901960784312,-0.0015384615384614886,0.025236593059936974,0.0,-0.005454500586832278,-0.008025682182985553,30900.0
2025-08-19,31400.0,31450.0,30750.0,30900.0,212483,-0.008025682182985605,-0.008058061329762424,31657.14285714286,31028.571428571428,31100.0,0.023272416795288624,700.0,500.0,48.402673493030974,121.13313590965117,56.87755292875427,64.2555829808969,33252.4751693967,28867.5248306033,0.14117676557609138,0.4635115593933898,31500.0,31740.0,31120.0,31060.0,0.9735349716446124,0.9948486799742434,680.0,-0.008025682182985605,0.008025682182985605,0.022653721682847898,-0.01592356687898089,0.023396752286449374,0.02219981120817007,339858.0,525002.8,-0.12112851990337847,0.4047273652635757,22.60512872718458,1134.698523474217,134872232.0,45.88235294117647,59.99999999999998,-0.04006163328197232,-0.0015384615384614886,0.025236593059936974,-0.016541925667806472,-0.024271844660194174,30150.0
2025-08-20,30150.0,30400.0,29750.0,30150.0,268303,-0.024271844660194164,-0.024571260730505317,31507.14285714286,30878.571428571428,31016.666666666668,0.022543500558109546,650.0,0.0,44.16449643656368,22.123164740627544,49.92667529112892,-27.80351055050138,33258.34503797651,28811.654962023487,0.14327984778324554,0.3009755604992721,30733.333333333332,31430.0,31155.0,31035.0,0.9592745784282533,0.97148380860319,395.0,-0.024271844660194164,0.024271844660194164,0.02155887230514096,0.0,0.02461778742675065,0.023953180385587886,292390.2,517630.45,0.26270336921071324,0.5183292443479707,22.813812420143385,1135.7914860832013,134603929.0,32.0,43.215686274509785,-0.008025682182985605,-0.04006163328197232,-0.0015384615384614886,-0.024119720041717363,-0.009950248756218905,29850.0
2025-08-21,30500.0,30500.0,29700.0,29850.0,250376,-0.00995024875621886,-0.01000008333458331,31242.85714285714,30746.428571428572,30978.571428571428,0.020604855911053536,800.0,650.0,42.55922623514385,-79.6324897620616,24.014842280490825,-103.64733204255242,33274.52933695798,28710.47066304202,0.14726332738294629,0.24967455906526834,30300.0,30900.0,31200.0,30992.5,0.9660194174757282,0.9631362426393483,-92.5,-0.00995024875621886,0.00995024875621886,0.02680067001675042,-0.021311475409836064,0.015441419286758165,0.02373818215131429,258196.8,515234.2,-0.0668162487933418,0.4859460028080434,22.73465918592368,1111.8063799344013,134353553.0,24.0,33.96078431372547,-0.024271844660194164,-0.008025682182985605,-0.04006163328197232,-0.01408259186646621,-0.0033500837520938024,29750.0
2025-08-22,29950.0,30200.0,29700.0,29750.0,165721,-0.00335008375209378,-0.0033557078469723042,30964.285714285714,30753.571428571428,30933.333333333332,0.020409800708339906,500.0,200.0,42.01107289785932,-166.4252961130369,-14.073185398214719,-152.35211071482217,33295.447663612635,28624.552336387365,0.15086871211967923,0.24094902256805728,29916.666666666668,30360.0,31135.0,30960.0,0.9799077733860343,0.9609173126614987,-600.0,-0.00335008375209378,0.00335008375209378,0.01680672268907563,-0.00667779632721202,0.015009907184442117,0.02086677119714607,227730.2,507779.65,-0.3381114803335783,0.32636400454409703,22.31864534162442,1068.1059242248014,134187832.0,21.333333333333332,25.777777777777757,-0.00995024875621886,-0.024271844660194164,-0.008025682182985605,-0.012524059056168935,0.008403361344537815,30000.0
2025-08-25,30150.0,30300.0,29850.0,30000.0,157171,0.008403361344537785,0.00836824967051658,30607.14285714286,30782.14285714286,30914.285714285714,0.016374567632421025,450.0,150.0,43.95452389185221,-212.58575355482026,-53.77569902953583,-158.81005452528444,33286.16743327148,28653.832566728517,0.14957490689515548,0.2906023575700833,29866.666666666668,30130.0,31015.0,30970.0,0.9956853634251577,0.9686793671294801,-840.0,0.008403361344537785,0.008403361344537785,0.015,-0.004975124378109453,0.011807782122995828,0.018840032261302236,210810.8,501910.9,-0.05159273719082069,0.3131452215921192,22.27404232444389,1031.0983582087442,134345003.0,28.0,24.444444444444425,-0.00335008375209378,-0.00995024875621886,-0.024271844660194164,-0.0016323237212582848,0.0,30000.0
2025-08-26,29800.0,30250.0,29700.0,30000.0,160485,0.0,0.0,30257.14285714286,30796.428571428572,30923.809523809523,0.01653914717696885,550.0,-200.0,43.95452389185221,-246.32872444448003,-92.28630411252468,-154.04242033195536,33071.56045820113,28613.43954179887,0.14454473263847803,0.3110190334003088,29916.666666666668,29950.0,30845.0,30842.5,1.001669449081803,0.9726837967090864,-892.5,0.0,0.0,0.018333333333333333,0.006711409395973154,0.012245463172514265,0.017612249624567925,200411.2,402698.25,0.021085314720909132,0.39852420515857717,22.294908420092813,996.7341897652626,134345003.0,28.0,25.777777777777757,0.008403361344537785,-0.00335008375209378,-0.00995024875621886,0.0016844258641480019,-0.0033333333333333335,29900.0
2025-08-27,30150.0,30200.0,29750.0,29900.0,150793,-0.0033333333333332993,-0.0033389012655145986,30078.571428571428,30832.14285714286,30797.619047619046,0.010177528834021633,450.0,250.0,43.28160726636997,-277.9355680253284,-129.4161568950854,-148.519411130243,32787.401865669875,28617.598134330125,0.13581316607246155,0.30754489858395373,29966.666666666668,29900.0,30665.0,30702.5,1.0,0.9738620633498901,-802.5,-0.0033333333333332993,0.0033333333333332993,0.015050167224080268,-0.008291873963515755,0.006678520083664299,0.017530977973495107,176909.2,368062.9,-0.060391936941147195,0.4096935605300072,22.22927707398102,957.6817476391724,134194210.0,6.666666666666667,20.88888888888887,0.0,0.008403361344537785,-0.00335008375209378,0.001690009337068162,-0.005016722408026756,29750.0
2025-08-28,29700.0,30050.0,29550.0,29750.0,206457,-0.0050167224080267525,-0.005029348405001973,29914.285714285714,30785.714285714286,30657.14285714286,0.010132333053563381,500.0,-50.0,42.23706186749043,-311.4972196282688,-165.8323694417221,-145.6648501865467,32569.450908293842,28585.549091706158,0.13028867031600636,0.29228905778888514,29883.333333333332,29880.0,30390.0,30577.5,0.9956492637215528,0.972937617529229,-697.5,-0.0050167224080267525,0.0050167224080267525,0.01680672268907563,0.0016835016835016834,0.005383874270230087,0.013818433636882179,168125.4,344565.45,0.36914180366462634,0.5991807942438802,22.538431848390903,924.9901942363744,133987753.0,6.349206349206349,13.671957671957655,-0.0033333333333332993,0.0,0.008403361344537785,-0.002783351913786684,0.0067226890756302525,29950.0
2025-08-29,30250.0,30850.0,29900.0,29950.0,406973,0.006722689075630228,0.0067001925698195654,29885.714285714286,30696.428571428572,30547.619047619046,0.006535761751998007,950.0,300.0,44.171708698463185,-318.2877190934996,-196.32343937207762,-121.964279721422,32427.334033638694,28552.665966361306,0.12707996284937315,0.360633223124209,29866.666666666668,29920.0,30140.0,30490.0,1.0010026737967914,0.9822892751721876,-570.0,0.006722689075630228,0.006722689075630228,0.03171953255425709,-0.009917355371900827,0.005977182119262496,0.014524033762298032,216375.8,337542.4,0.9712240321229118,1.2056944549781003,23.223786726783498,937.490894648062,134394726.0,12.698412698412698,8.571428571428553,-0.0050167224080267525,-0.0033333333333332993,0.0,-0.0005424555552432745,-0.0651085141903172,28000.0
2025-09-01,29250.0,29300.0,28000.0,28000.0,736272,-0.06510851419031716,-0.06732481438625439,29621.428571428572,30432.14285714286,30371.428571428572,0.026174004187029237,1300.0,1250.0,32.67923338241815,-475.5362560637659,-252.16600271041528,-223.37025335335062,32616.87595380759,28198.12404619241,0.1453178297332954,-0.04483710566573498,29233.333333333332,29520.0,29825.0,30407.5,0.948509485094851,0.9208254542464852,-887.5,-0.06510851419031716,0.06510851419031716,0.04642857142857143,-0.042735042735042736,0.029282487191929787,0.021278106717423022,332196.0,342420.3,0.8091421298218802,2.1501996230947755,23.749314683861847,1009.8129736017718,133658454.0,0.0,6.349206349206329,0.006722689075630228,-0.0050167224080267525,-0.0033333333333332993,-0.021134182507571226,0.007142857142857143,28200.0
2025-09-02,28150.0,28450.0,27950.0,28200.0,232820,0.0071428571428571175,0.007117467768863955,29400.0,30182.14285714286,30302.380952380954,0.02685035552360353,500.0,-50.0,34.55982249101291,-577.3630442192298,-317.20541101217816,-260.1576332070516,32735.278577196652,27939.721422803348,0.15807357740068576,0.05427494007827758,28716.666666666668,29160.0,29555.0,30337.5,0.9670781893004116,0.9295426452410384,-1177.5,0.0071428571428571175,0.0071428571428571175,0.01773049645390071,0.0017761989342806395,0.030254530637640584,0.02199422957712628,346663.0,337679.8,-0.6837853402003607,0.6894697284231985,22.605098158880747,973.3977612016452,133891274.0,5.2631578947368425,5.987190197716494,-0.06510851419031716,0.006722689075630228,-0.0050167224080267525,-0.01708098932394327,0.0070921985815602835,28400.0
2025-09-03,28300.0,28500.0,28150.0,28400.0,165575,0.007092198581560183,0.007067167223092353,29171.428571428572,29889.285714285714,30245.238095238095,0.02672525127945506,350.0,-100.0,36.47100230849493,-634.6078150621834,-380.6858918221792,-253.92192324000416,32808.795773916594,27726.204226083402,0.16792241010434267,0.13256933349362887,28200.0,28860.0,29380.0,30267.5,0.9840609840609841,0.9383001569340051,-1407.5,0.007092198581560183,0.007092198581560183,0.01232394366197183,0.0035335689045936395,0.03133413438701458,0.02179018067228875,349619.4,332905.1,-0.2888282793574435,0.4973639634838878,22.271323967715137,928.869349687242,134056849.0,9.574468085106384,4.94587532661439,0.0071428571428571175,-0.06510851419031716,0.006722689075630228,-0.016957819488633286,0.01584507042253521,28850.0
2025-09-04,28500.0,29150.0,28450.0,28850.0,224760,0.015845070422535246,0.015720847786948246,29007.14285714286,29632.14285714286,30200.0,0.028117175977361634,700.0,-350.0,40.66957559510823,-636.328272958377,-431.81436804941876,-204.5139049089583,32832.21506580154,27647.784934198466,0.17144279535724447,0.23188952985847236,28483.333333333332,28680.0,29280.0,30240.0,1.0059274755927476,0.9540343915343915,-1560.0,0.015845070422535246,0.015845070422535246,0.024263431542461005,0.012280701754385965,0.03345316350977352,0.022742387287787283,353280.0,321710.8,0.357451306054658,0.698639896453585,22.592653717316598,916.0929675667247,134281609.0,23.076923076923077,12.638183018922083,0.007092198581560183,0.0071428571428571175,-0.06510851419031716,0.010026708715650848,-0.0034662045060658577,28750.0
2025-09-05,29350.0,29350.0,28550.0,28750.0,226827,-0.0034662045060658286,-0.003472225710749092,28842.85714285714,29460.714285714286,30169.04761904762,0.028115446869157443,800.0,600.0,40.03635298437366,-638.4018137835083,-473.1318571962367,-165.26995658727157,32831.99454152212,27483.00545847788,0.1773684517298928,0.23686616701805666,28666.666666666668,28440.0,29180.0,30157.5,1.0109001406469762,0.9533283594462406,-1717.5,-0.0034662045060658286,0.0034662045060658286,0.02782608695652174,-0.020442930153321975,0.032814449592435305,0.02274252463109636,317250.8,292113.15,0.009196476241324136,0.7765038992595847,22.59833593774802,907.8006127405301,134054782.0,22.857142857142858,18.50284467305742,0.015845070422535246,0.007092198581560183,0.0071428571428571175,0.006490354832676533,0.017391304347826087,29250.0
2025-09-08,28950.0,29300.0,28800.0,29250.0,175929,0.017391304347825987,0.017241806434505954,28771.428571428572,29342.85714285714,30114.285714285714,0.02942098636738098,500.0,-300.0,44.67471972627464,-592.8651085748934,-497.07850747196807,-95.78660110292532,32716.590612836415,27403.409387163585,0.17675253578419262,0.34754896067046415,28950.0,28690.0,29105.0,30060.0,1.0195189961659115,0.9730538922155688,-1370.0,0.017391304347825987,0.017391304347825987,0.017094017094017096,0.010362694300518135,0.008360113685107584,0.02341837242284143,205182.2,275167.25,-0.22439127617082621,0.639352975326824,22.361470636392372,882.2434261162066,134230711.0,44.827586206896555,30.25388404698748,-0.0034662045060658286,0.015845070422535246,0.007092198581560183,0.009923390088098468,0.08376068376068375,31700.0
2025-09-09,29450.0,31750.0,29300.0,31700.0,1029752,0.08376068376068369,0.08043710720536935,29021.428571428572,29453.571428571428,30138.095238095237,0.04320331214307078,2450.0,-2250.0,60.71165937634115,-354.990309809451,-468.66086793946465,113.67055813001366,32716.590612836415,27403.409387163585,0.17675253578419262,0.8086663018523935,29900.0,29390.0,29275.0,30060.0,1.0785981626403538,1.0545575515635397,-670.0,0.08376068376068369,0.08376068376068369,0.07728706624605679,0.07640067911714771,0.03435733385336105,0.03594878373907468,364568.6,312875.2,4.853224880491562,3.2912547878515137,24.208900514411432,997.7974671079062,135260463.0,98.6842105263158,55.45631319678504,0.017391304347825987,-0.0034662045060658286,0.015845070422535246,0.03256192786748128,0.04574132492113565,33150.0
2025-09-10,32050.0,33200.0,31800.0,33150.0,992372,0.045741324921135584,0.044726035748636525,29757.14285714286,29689.285714285714,30207.14285714286,0.029026702376372195,1400.0,-1100.0,66.83828634562472,-48.90617619197292,-384.7099295899663,335.8037533979934,33044.412918015456,27220.58708198454,0.19327390146954004,1.0181301922408628,31366.666666666668,30340.0,29600.0,30132.5,1.0926170072511536,1.1001410437235544,207.5,0.045741324921135584,0.045741324921135584,0.042232277526395176,0.0343213728549142,0.03391214328836062,0.03781850721946574,529928.0,337211.7,-0.03630000233065822,2.9428753510035386,24.216651311616488,1033.6690766001987,136252835.0,99.04761904761905,80.85313859361044,0.08376068376068369,0.017391304347825987,-0.0034662045060658286,0.04896443767654842,0.013574660633484163,33600.0
2025-09-11,33550.0,33600.0,32900.0,33600.0,691531,0.013574660633484115,0.013483350337286988,30528.571428571428,29964.285714285714,30297.619047619046,0.028500184128931294,700.0,-50.0,68.48099104823632,227.35810144213974,-262.2963233835451,489.6544248256848,33320.83100037241,27054.16899962759,0.20759128780935227,1.0445482777903785,32816.666666666664,31290.0,29985.0,30187.5,1.0738255033557047,1.1130434782608696,1102.5,0.013574660633484115,0.013574660633484115,0.020833333333333332,0.0014903129657228018,0.03419412704624667,0.0373977059120362,623282.2,350721.1,-0.3031534545513175,1.9717405083412434,23.86894460515598,1009.8355711287559,136944366.0,100.0,99.24394319131159,0.045741324921135584,0.08376068376068369,0.017391304347825987,0.04769222310510113,0.07738095238095238,36200.0
2025-09-12,34250.0,36900.0,34000.0,36200.0,2234862,0.07738095238095233,0.07453305186256677,31642.85714285714,30407.14285714286,30473.809523809523,0.032535443775673,2900.0,-1950.0,75.90704529251708,648.6209047002958,-80.1128777667769,728.7337824670727,34400.24925674764,26349.750743252363,0.2650369880986098,1.2235576766128695,34316.666666666664,32780.0,30610.0,30375.0,1.1043319097010371,1.1917695473251029,2405.0,0.07738095238095233,0.07738095238095233,0.08011049723756906,0.05693430656934306,0.032665881647177916,0.04244207258819163,1024889.2,446561.5,2.231759675271246,5.0046007100925625,25.116504436983288,1173.418744619559,139179228.0,92.17877094972067,97.07546333244655,0.013574660633484115,0.045741324921135584,0.08376068376068369,0.04556564597852401,0.027624309392265192,37200.0
2025-09-15,37250.0,37650.0,36100.0,37200.0,1128761,0.027624309392265234,0.02724964244737554,32835.71428571428,30921.428571428572,30700.0,0.03169752967675294,1550.0,50.0,78.04918390851854,1051.0504980826045,146.11979740309937,904.9307006795051,35726.98929152872,25628.01070847128,0.3291982261611096,1.145857395018391,35666.666666666664,34370.0,31530.0,30677.5,1.0823392493453594,1.2126151087930894,3692.5,0.027624309392265234,0.027624309392265234,0.041666666666666664,-0.0013422818791946308,0.030554777511762794,0.030145340297602692,1215455.6,490911.15,-0.49493033574332557,2.2993183186000152,24.460695169244367,1200.317405718162,140307989.0,95.36082474226804,95.84653189732956,0.07738095238095233,0.013574660633484115,0.045741324921135584,0.03952664080223389,0.012096774193548387,37650.0
2025-09-16,37300.0,37750.0,36800.0,37650.0,581157,0.012096774193548487,0.012024192966801812,34107.142857142855,31475.0,31009.52380952381,0.028870810873607794,950.0,-350.0,78.95592749538403,1390.2639914951505,394.9486362215097,995.3153552736409,36951.515015252284,25078.484984747716,0.3828157353056446,1.0588295475504692,37016.666666666664,35560.0,32475.0,31015.0,1.0587739032620922,1.2139287441560536,4545.0,0.012096774193548487,0.012096774193548487,0.025232403718459494,0.00938337801608579,0.02715291310349428,0.02978093382180725,1125736.6,509344.85,-0.48513724340227915,1.1409892531553034,23.80886445635608,1182.4375910240076,140889146.0,98.9795918367347,95.50639584290779,0.027624309392265234,0.07738095238095233,0.013574660633484115,0.039034011988922014,-0.009296148738379814,37300.0
2025-09-17,36550.0,37450.0,36400.0,37300.0,451509,-0.009296148738379806,-0.00933962759613272,35257.142857142855,32014.285714285714,31314.285714285714,0.03351219911173899,1050.0,-750.0,76.31542629105329,1612.2658568013358,638.4120803374749,973.8537764638609,37919.45389193768,24825.54610806232,0.4173689627500313,0.9526914422980348,37383.333333333336,36390.0,33365.0,31372.5,1.025006870019236,1.1889393577177465,5017.5,-0.009296148738379806,0.009296148738379806,0.028150134048257374,0.02051983584131327,0.03248572193865825,0.031561227866142204,1017564.0,518505.15,-0.22308601634326009,0.8707898079700848,23.54709919088661,1187.2634773794357,140437637.0,95.40816326530613,96.58285994810292,0.012096774193548487,0.027624309392265234,0.07738095238095233,0.010141644949144638,0.032171581769437,38500.0
2025-09-18,37650.0,39250.0,37050.0,38500.0,996764,0.03217158176943702,0.0316649146439687,36228.57142857143,32625.0,31711.904761904763,0.026829381353014443,2200.0,-850.0,78.91857767043587,1863.5520378041729,883.4400718308145,980.1119659733583,39035.629294881604,24574.370705118396,0.4546850680636129,0.9629610872693498,37816.666666666664,37370.0,34330.0,31805.0,1.0302381589510303,1.2105014934758687,5565.0,0.03217158176943702,0.03217158176943702,0.05714285714285714,0.02257636122177955,0.03201537480718773,0.03127987083233753,1078610.6,555824.55,1.2076281978875283,1.7933068987327025,24.37068283109525,1259.6018004237617,141434401.0,93.36283185840708,95.91686232014928,-0.009296148738379806,0.012096774193548487,0.027624309392265234,0.0116574024082019,0.011688311688311689,38950.0
2025-09-19,39100.0,39200.0,38150.0,38950.0,538973,0.011688311688311748,0.01162053102301879,37057.142857142855,33407.142857142855,32145.238095238095,0.026252512478962903,1050.0,150.0,79.81453743868433,2075.0890509795645,1121.7698676605646,953.3191833189999,40091.21102113714,24438.78897886286,0.4851207823422991,0.9270904516850529,38250.0,37920.0,35350.0,32265.0,1.027162447257384,1.2071904540523788,5655.0,0.011688311688311748,0.011688311688311748,0.026957637997432605,-0.0038363171355498722,0.016308226122573655,0.029828013788539533,739432.8,574487.15,-0.45927722108743896,0.9381811238075559,23.767454807218602,1244.6302432506359,141973374.0,97.34513274336283,95.37204262235866,0.03217158176943702,-0.009296148738379806,0.012096774193548487,0.011521248239789653,0.06161745827984596,41350.0
2025-09-22,39000.0,41550.0,38850.0,41350.0,1153979,0.06161745827984588,0.05979364915294298,38164.28571428572,34346.42857142857,32697.619047619046,0.029122933144135048,2700.0,-2350.0,83.77507919925357,2408.6284310915726,1379.1415803467662,1029.4868507448064,41561.17476527192,24103.82523472808,0.5317094199510802,0.9879033890624437,39600.0,38750.0,36560.0,32832.5,1.0670967741935484,1.2594228279905582,5917.5,0.06161745827984588,0.06161745827984588,0.06529625151148731,0.06025641025641026,0.026722016797033257,0.03081333945345701,744476.4,624327.55,1.1410701463709687,1.8483550822000405,24.588554228783742,1348.5852258755906,143127353.0,98.50746268656717,96.40514242944566,0.011688311688311748,0.03217158176943702,-0.009296148738379806,0.03515911724586488,0.0,41350.0
2025-09-23,42250.0,42300.0,40700.0,41350.0,587549,0.0,0.0,38900.0,35271.42857142857,33238.09523809524,0.02294860703040625,1600.0,900.0,83.77507919925357,2642.499701195382,1631.8132045164893,1010.6864966788926,42803.07900300971,23996.920996990288,0.5630586229347133,0.9227338724611048,40550.0,39490.0,37525.0,33400.0,1.0471005317801976,1.2380239520958083,6090.0,0.0,0.0,0.03869407496977025,-0.021301775147928994,0.028304558324720813,0.027482336857839212,745754.8,645680.75,-0.4908494868624126,0.9099682776666332,23.913542626270825,1366.5434240273341,143127353.0,93.14079422382672,96.33112988458555,0.06161745827984588,0.011688311688311748,0.03217158176943702,0.024435256656052545,0.012091898428053204,41850.0
2025-09-24,40450.0,41950.0,40000.0,41850.0,634049,0.012091898428053138,0.01201937546578394,39564.28571428572,36200.0,33802.380952380954,0.022757506096359282,1950.0,-1400.0,84.50944266673518,2835.504260949696,1872.551415803131,962.9528451465649,43965.84331376346,24029.15668623654,0.5864162549460082,0.8938718678136779,41516.666666666664,40400.0,38395.0,33997.5,1.0358910891089108,1.2309728656518861,6402.5,0.012091898428053138,0.012091898428053138,0.04659498207885305,0.034610630407911,0.024238640428204013,0.02702424400781905,782262.8,669843.55,0.07914233536266768,0.9465628205272708,24.001728593454427,1408.2188937396675,143761402.0,96.72727272727273,96.12517654588885,0.0,0.06161745827984588,0.011688311688311748,0.024569785569299674,-0.008363201911589008,41500.0
2025-09-25,40800.0,42100.0,40700.0,41500.0,529861,-0.008363201911589013,-0.008398369698831717,40114.28571428572,37110.71428571428,34354.76190476191,0.024701750990376015,1400.0,-700.0,81.72110458727111,2926.4849928261538,2083.3381312077354,843.1468616184184,44878.999273976646,24291.000726023358,0.5952869321368596,0.8358752908347877,41566.666666666664,41000.0,39185.0,34585.0,1.0121951219512195,1.1999421714616163,6415.0,-0.008363201911589013,0.008363201911589013,0.033734939759036145,0.01715686274509804,0.02721499193223272,0.028788003281078584,688882.2,686013.75,-0.1643216849170963,0.7723766469695396,23.81381869324437,1407.6318299011198,143231541.0,94.07407407407408,94.64738034172449,0.012091898428053138,0.0,0.06161745827984588,0.001242898838821375,-0.02650602409638554,40400.0
2025-09-26,40700.0,41150.0,39700.0,40400.0,619931,-0.026506024096385583,-0.02686364226954827,40557.142857142855,37907.142857142855,34861.90476190476,0.028104228259409048,1450.0,300.0,73.51179653278355,2876.6666489364725,2242.003834753483,634.6628141829897,45471.52050618541,24743.479493814593,0.5904163216512373,0.7553304481036753,41250.0,41290.0,39605.0,35107.5,0.9784451441026883,1.1507512639749342,6182.5,-0.026506024096385583,0.026506024096385583,0.03589108910891089,-0.007371007371007371,0.03321794124233783,0.024951490931651218,705073.8,696661.65,0.16998797797913046,0.8898595178879158,23.943948524494637,1435.6581277653254,142611610.0,85.38461538461539,92.06198739532071,-0.008363201911589013,0.012091898428053138,0.0,-0.007592442526640486,0.012376237623762377,40900.0
2025-09-29,40400.0,41250.0,40100.0,40900.0,313319,0.012376237623762387,0.012300278081651687,40900.0,38564.28571428572,35383.333333333336,0.02669538489408057,1150.0,-500.0,74.75327550524845,2844.7386968982755,2362.5508071824415,482.187889715834,45856.4583176204,25648.541682379597,0.565216883721161,0.7547269019817322,40933.333333333336,41200.0,39975.0,35752.5,0.9927184466019418,1.1439759457380603,5447.5,0.012376237623762387,0.012376237623762387,0.028117359413202935,0.012376237623762377,0.01620386674895174,0.024301344304856694,536941.8,675514.0,-0.49459052701026407,0.46382310359222756,23.273862461959833,1415.2539757820878,142924929.0,86.66666666666667,88.70845204178535,-0.026506024096385583,-0.008363201911589013,0.012091898428053138,-0.007497662794737403,0.006112469437652812,41150.0
2025-09-30,41200.0,41950.0,40950.0,41150.0,402315,0.006112469437652868,0.006093864074322813,41214.28571428572,39135.71428571428,36009.52380952381,0.02667422083094018,1000.0,50.0,75.3747484511544,2807.248264994865,2451.4902987449263,355.7579662499388,46118.51190688217,26681.488093117827,0.5339841707078117,0.7443789772298516,40816.666666666664,41160.0,40325.0,36400.0,0.999757045675413,1.1304945054945055,4760.0,0.006112469437652868,0.006112469437652868,0.024301336573511544,-0.0012135922330097086,0.016625143265264274,0.02431184481770281,499895.0,683988.75,0.2840427806803929,0.5881894987307905,23.529969849016165,1389.1644060833673,143327244.0,87.76595744680851,86.60574649936349,0.012376237623762387,-0.026506024096385583,-0.008363201911589013,-0.002672439011656776,0.04860267314702309,43150.0
2025-10-01,41500.0,43450.0,41500.0,43150.0,771159,0.048602673147023046,0.04745849040635809,41471.42857142857,39817.857142857145,36721.42857142857,0.022796273448715626,1950.0,-1650.0,79.6834123941443,2905.428145811333,2542.2778681582076,363.15027765312516,46533.124681621484,27741.875318378516,0.5059912315918672,0.8199627594619058,41733.333333333336,41420.0,40910.0,37137.5,1.0417672621921776,1.161898350723662,4282.5,0.048602673147023046,0.048602673147023046,0.04519119351100811,0.03975903614457831,0.02791779178557515,0.02623837696312414,527317.0,714267.95,0.9168039968681256,1.0796494508818435,24.228087553506434,1454.2240913631267,144098403.0,96.82539682539682,90.41934031295732,0.006112469437652868,0.012376237623762387,-0.026506024096385583,0.022363793402812766,0.019698725376593278,44000.0
2025-10-02,44150.0,45000.0,43450.0,44000.0,1383824,0.01969872537659323,0.01950721638882416,41850.0,40375.0,37464.28571428572,0.023118188887682568,1550.0,150.0,81.18977507861611,3017.0456804018904,2637.2314306069443,379.81424979494614,46912.57932275094,28877.420677249058,0.4759244925584347,0.8385054781052695,42766.666666666664,41920.0,41460.0,37895.0,1.049618320610687,1.1611030478955007,4025.0,0.01969872537659323,0.01969872537659323,0.035227272727272725,-0.0033975084937712344,0.027002446074648006,0.02561945671055156,698109.6,772221.15,0.7944729945445752,1.7920047903375866,24.832306152360026,1482.4937991229033,145482227.0,88.76404494382022,91.11846640534183,0.048602673147023046,0.006112469437652868,0.012376237623762387,0.02480462265375638,0.06477272727272727,46850.0
2025-10-10,45600.0,47250.0,44700.0,46850.0,1090982,0.0647727272727272,0.06276137476616997,42564.28571428572,41064.28571428572,38321.42857142857,0.030910757662837105,2550.0,-1250.0,85.16222320665183,3297.4634561591374,2769.277835717383,528.1856204417545,47583.17770094149,30016.822299058513,0.4527411186052313,0.9582623894275248,44666.666666666664,43210.0,42250.0,38800.0,1.0842397593149733,1.2074742268041236,4410.0,0.0647727272727272,0.0647727272727272,0.054429028815368194,0.027412280701754384,0.025209328116880578,0.03023318290317633,792319.8,815428.9,-0.211617951415787,1.3379241280263674,24.65729505374012,1608.744242042696,146573209.0,96.31336405529954,93.9676019415055,0.01969872537659323,0.048602673147023046,0.006112469437652868,0.04435804193211449,-0.025613660618996798,45650.0
2025-10-13,45000.0,45750.0,44500.0,45650.0,625689,-0.025613660618996836,-0.02594740164345376,43157.142857142855,41635.71428571428,39126.19047619047,0.033806967449528824,1250.0,-650.0,77.71975890141955,3383.859565870269,2892.19418174796,491.66538412230875,47681.69630837215,31558.303691627854,0.4069508484791594,0.8739907687751638,45500.0,44160.0,42680.0,39620.0,1.0337409420289856,1.152195860676426,4540.0,-0.025613660618996836,0.025613660618996836,0.027382256297918947,0.014444444444444444,0.035564819043419474,0.029148360887159632,854793.8,837916.9,-0.42649007957968144,0.7467196329373473,24.07536760757999,1661.6910818967892,145947520.0,85.25345622119816,90.11028840677263,0.0647727272727272,0.01969872537659323,0.048602673147023046,0.019619264010107867,-0.03943044906900329,43850.0
2025-10-14,46950.0,47000.0,43050.0,43850.0,753919,-0.03943044906900328,-0.04022888822278542,43650.0,42103.57142857143,39821.42857142857,0.03672558450819056,3950.0,3100.0,68.1052655576167,3269.3965798505524,2967.6346613684786,301.7619184820737,47575.86000321447,32879.13999678553,0.36534012818169004,0.7464835690150845,45450.0,44700.0,42930.0,40227.5,0.9809843400447428,1.0900503386986513,4472.5,-0.03943044906900328,0.03943044906900328,0.09007981755986318,-0.06602768903088392,0.04536234430283009,0.03309842090444954,925114.6,824125.25,0.20494207185998148,0.9148111891972731,24.22157021199427,1825.1417189041615,145193601.0,66.66666666666667,82.74449564772144,-0.025613660618996836,0.0647727272727272,0.01969872537659323,-9.046080509097128e-05,0.019384264538198404,44700.0
2025-10-15,44250.0,44800.0,43600.0,44700.0,360839,0.019384264538198304,0.019198782801331003,44192.857142857145,42546.42857142857,40440.47619047619,0.03683656631845167,1200.0,-450.0,69.99303165606321,3210.2657893239957,3016.160886959582,194.10490236441365,47606.46269098362,34003.53730901638,0.33336418041826354,0.7863354676019482,44733.333333333336,45010.0,43215.0,40805.0,0.9931126416351922,1.0954539884818038,4205.0,0.019384264538198304,0.019384264538198304,0.026845637583892617,0.010169491525423728,0.04143925506161234,0.03331799967727561,843050.6,792548.6,-0.5213822705091661,0.45528942956936647,23.503915935119007,1780.4887389824357,145554440.0,71.97802197802197,74.63271495529557,-0.03943044906900328,-0.025613660618996836,0.0647727272727272,-0.01521994838326727,-0.008948545861297539,44300.0
2025-10-16,44550.0,44950.0,43950.0,44300.0,328935,-0.008948545861297563,-0.008988824568433218,44642.857142857145,42928.57142857143,40971.42857142857,0.03771740940174463,1000.0,250.0,67.95470186274316,3095.445189460457,3032.0177474597576,63.42744200069956,47397.84397985047,35282.15602014953,0.29307421286165797,0.7443113432638343,44283.333333333336,45070.0,43495.0,41340.0,0.9829154648324828,1.0716013546202225,3730.0,-0.008948545861297563,0.008948545861297563,0.022573363431151242,-0.005611672278338945,0.04135664868200219,0.03334869116712988,632072.8,774418.8,-0.0884161634413132,0.4247507937565565,23.402355397941097,1724.739543340833,145225505.0,64.88095238095238,67.84188034188031,0.019384264538198304,-0.03943044906900328,-0.025613660618996836,-0.009664910130700846,-0.025959367945823927,43150.0
2025-10-17,43650.0,44600.0,42750.0,43150.0,577575,-0.025959367945823875,-0.026302259521652948,44642.857142857145,43057.142857142855,41426.19047619047,0.03594522183727913,1850.0,500.0,62.33427747154033,2878.4724096305,3001.3086798939066,-122.83627026340673,47283.63353363873,36091.36646636127,0.26848016952989395,0.6306705773914093,44050.0,44330.0,43770.0,41687.5,0.973381457252425,1.0350824587706147,2642.5,-0.025959367945823875,0.025959367945823875,0.04287369640787949,-0.011454753722794959,0.02259591852683516,0.03328797613808451,529391.4,691554.45,0.7558940216152128,0.8351836937785594,23.939031279627258,1733.6867188164879,144647930.0,45.6953642384106,60.85144619912828,-0.008948545861297563,0.019384264538198304,-0.03943044906900328,-0.005174549756307711,-0.011587485515643106,42650.0
2025-10-20,43400.0,43450.0,42100.0,42650.0,472729,-0.011587485515643148,-0.01165514359174887,44450.0,43150.0,41733.333333333336,0.03504505954919528,1350.0,750.0,60.01029830042749,2635.790346691014,2928.205013253328,-292.4146665623143,47152.2614482871,36767.7385517129,0.24748624634352237,0.5664450362209349,43366.666666666664,43730.0,43945.0,41960.0,0.9753029956551567,1.0164442326024785,1770.0,-0.011587485515643148,0.011587485515643148,0.031652989449003514,-0.01728110599078341,0.02198402048577234,0.0337255887314672,498799.4,658752.85,-0.18152794009436002,0.7176120756062004,23.72706011756219,1706.2805246153102,144175201.0,39.0728476821192,49.8830547671607,-0.025959367945823875,-0.008948545861297563,0.019384264538198304,-0.015498466440921529,-0.009378663540445486,42250.0
2025-10-21,43250.0,43450.0,41850.0,42250.0,595974,-0.009378663540445475,-0.00942292013450526,43792.857142857145,43178.57142857143,41973.80952380953,0.018848854192500073,1600.0,1000.0,58.1427345929017,2383.7084985567635,2819.3057103140154,-435.5972117572519,46969.5177030412,37410.4822969588,0.22657111652245562,0.5062767839484957,42683.333333333336,43410.0,44055.0,42190.0,0.9732780465330569,1.0014221379473809,1220.0,-0.009378663540445475,0.009378663540445475,0.0378698224852071,-0.023121387283236993,0.016474548877627667,0.03400825279970488,467210.4,659493.7,0.2607096243302187,0.9036841443671108,23.949311953759885,1698.6890585713595,143579227.0,33.77483443708609,39.51434878587194,-0.011587485515643148,-0.025959367945823875,-0.008948545861297563,-0.015641839000637498,-0.009467455621301775,41850.0
2025-10-22,41650.0,42100.0,40550.0,41850.0,581447,-0.009467455621301801,-0.009512556867698554,43250.0,43203.57142857143,42173.80952380953,0.018237289589293326,1550.0,-200.0,56.257292702049575,2127.134873966599,2680.8715430445322,-553.7366690779331,46614.65128954967,38220.34871045033,0.1978971551623585,0.4323946218697195,42250.0,42840.0,43925.0,42417.5,0.976890756302521,0.986621087994342,422.5,-0.009467455621301801,0.009467455621301801,0.037037037037037035,0.004801920768307323,0.007278810272418883,0.030121161113442253,511332.0,665990.6,-0.02437522442254192,0.8730558659536637,23.91512217915159,1698.7826972448338,142997780.0,28.47682119205298,33.774834437086064,-0.009378663540445475,-0.011587485515643148,-0.025959367945823875,-0.010144534892463475,0.0,41850.0
2025-10-23,41350.0,42100.0,40900.0,41850.0,312251,0.0,0.0,42964.28571428572,43307.142857142855,42390.47619047619,0.013814218117658397,1200.0,-500.0,56.257292702049575,1901.8747991570272,2525.0721942670316,-623.1973951100044,46371.13815189874,38798.86184810126,0.17781557599618364,0.4029353961065315,41983.333333333336,42350.0,43710.0,42585.0,0.9881936245572609,0.9827404015498415,-235.0,0.0,0.0,0.02867383512544803,0.012091898428053204,0.009350363338014984,0.02912462546375692,507995.2,631764.95,-0.46297598921311833,0.4942518574352693,23.293409706538892,1663.1553617273457,142997780.0,24.475524475524477,28.909060034887826,-0.009467455621301801,-0.009378663540445475,-0.011587485515643148,-0.006282039720582426,0.025089605734767026,42900.0
2025-10-24,43000.0,43250.0,41900.0,42900.0,530892,0.02508960573476693,0.024780028998486865,42707.142857142855,43450.0,42600.0,0.015601521306035862,1350.0,100.0,60.18766773724077,1787.4758824354867,2377.552931900723,-590.0770494652361,46160.33409271308,39404.66590728692,0.15790727950508163,0.517392802129252,42200.0,42300.0,43315.0,42782.5,1.0141843971631206,1.0027464500672003,-482.5,0.02508960573476693,0.02508960573476693,0.03146853146853147,-0.002325581395348837,0.015294104397673388,0.019843280588602727,498658.6,631360.9,0.7002091266321004,0.8408693031196578,23.848940994667068,1644.3585501753926,143528672.0,35.07462686567164,29.342324177749674,0.0,-0.009467455621301801,-0.009378663540445475,0.005207383371155043,0.002331002331002331,43000.0
2025-10-27,43800.0,43800.0,42300.0,43000.0,479813,0.002331002331002363,0.002328289759591168,42521.42857142857,43582.142857142855,42792.857142857145,0.01580965273865699,1500.0,800.0,60.551212072801675,1685.4542139791738,2239.133188316413,-553.6789743372392,46175.445986808874,39554.554013191126,0.15445916187140438,0.5203900019118171,42583.333333333336,42370.0,43050.0,42865.0,1.0148690110927543,1.0031494226058555,-495.0,0.002331002331002363,0.002331002331002363,0.03488372093023256,-0.0182648401826484,0.014122761429217217,0.01913472883143862,500075.4,597652.6,-0.09621354249075142,0.8028292690435882,23.750107118367605,1634.0472251628646,144008485.0,36.56716417910448,32.03910517343351,0.02508960573476693,0.0,-0.009467455621301801,0.009140202688589763,-0.020930232558139535,42100.0
2025-10-28,42450.0,42800.0,41550.0,42100.0,444681,-0.020930232558139528,-0.02115237500522668,42371.42857142857,43507.142857142855,42828.57142857143,0.014693087625873562,1250.0,350.0,55.627876512678974,1514.5203801290263,2094.2106266789356,-579.6902465499093,46157.20913891662,39647.79086108338,0.15172584995823662,0.3767170942551377,42666.666666666664,42340.0,42875.0,42902.5,0.9943316013226263,0.9812947963405396,-562.5,-0.020930232558139528,0.020930232558139528,0.029691211401425176,-0.008244994110718492,0.017035673141027177,0.016189193612984692,469816.8,590509.2,-0.07322019203314623,0.7530466925832824,23.652915469877044,1620.9009947940888,143563804.0,23.134328358208954,31.592039800995,0.002331002331002363,0.02508960573476693,0.0,0.002163458502543255,0.028503562945368172,43300.0
2025-10-29,42400.0,43600.0,41925.0,43300.0,464732,0.028503562945368266,0.02810489432010852,42464.28571428572,43457.142857142855,42921.42857142857,0.018272824182227546,1675.0,-900.0,60.26676508719066,1459.0648649458162,1967.1814743323118,-508.1166093864956,46195.41187297199,39754.58812702801,0.14987373463511308,0.5504593842060441,42800.0,42630.0,42735.0,42975.0,1.0157166314801782,1.0075625363583478,-345.0,0.028503562945368266,0.028503562945368266,0.03868360277136259,0.02122641509433962,0.020251755958565137,0.01782376436557082,446473.8,582043.35,0.04509075044807398,0.7984491189530815,23.72512408837365,1624.7652094516538,144028536.0,41.04477611940298,33.582089552238784,-0.020930232558139528,0.002331002331002363,0.02508960573476693,0.003301444239410367,-0.020785219399538105,42400.0
2025-10-30,42700.0,42700.0,41100.0,42400.0,530108,-0.020785219399538146,-0.021004272770532125,42485.71428571428,43139.28571428572,42947.619047619046,0.019944308925708528,1600.0,300.0,55.57407456219256,1327.1944201162842,1839.1840634891064,-511.98964337282223,46178.18068880771,39861.81931119229,0.14682383490505402,0.40184222166305744,42600.0,42740.0,42545.0,43020.0,0.9920449227889565,0.9855880985588099,-280.0,-0.020785219399538146,0.020785219399538146,0.03773584905660377,-0.00702576112412178,0.02385947101975682,0.018634718178541246,490045.2,582055.7,0.14067462537548514,0.9107513250020575,23.835739679618733,1665.8534087765358,143498428.0,28.68217054263566,30.953758340082512,0.028503562945368266,-0.020930232558139528,0.002331002331002363,-0.004403963004103136,0.009433962264150943,42800.0
2025-10-31,42250.0,43550.0,42200.0,42800.0,332172,0.009433962264151052,0.009389740349839137,42621.42857142857,42935.71428571428,43009.52380952381,0.01963902942035863,1350.0,-550.0,57.17028938273103,1240.6612292086284,1719.479496633011,-478.8182674243826,46051.79091210023,40228.20908789977,0.1349926245758104,0.4416166870727055,42833.333333333336,42720.0,42510.0,43140.0,1.0018726591760299,0.9921186833565137,-420.0,0.009433962264151052,0.009433962264151052,0.03154205607476635,0.01301775147928994,0.021074674249084355,0.017364474638095484,450301.2,567667.75,-0.373388064318969,0.5851521422522241,23.377701567674894,1643.2924510067833,143830600.0,34.883720930232556,34.87022253075705,-0.020785219399538146,0.028503562945368266,-0.020930232558139528,0.005717435269993724,-0.0011682242990654205,42750.0
2025-11-03,42550.0,42800.0,41850.0,42750.0,427672,-0.001168224299065379,-0.0011689072049818425,42750.0,42857.142857142855,43121.42857142857,0.01967577394691452,950.0,-200.0,56.89510457630212,1154.737376170342,1606.5310725404772,-451.7936963701352,45956.134375338646,40508.865624661354,0.12599939283356948,0.41142350009075507,42650.0,42670.0,42520.0,43232.5,1.0018748535270683,0.9888394147921125,-562.5,-0.001168224299065379,0.001168224299065379,0.022222222222222223,0.004700352526439483,0.02102394225034441,0.016944730164071563,439873.0,573385.4,0.28750165576869824,0.7458717993168295,23.629236300043136,1593.771561649156,143402928.0,50.0,37.855297157622715,0.009433962264151052,-0.020785219399538146,0.028503562945368266,-0.004173160478150824,-0.008187134502923977,42400.0
2025-11-04,43150.0,44150.0,42250.0,42400.0,441304,-0.008187134502923965,-0.008220833144857134,42678.57142857143,42692.857142857145,43192.857142857145,0.017423116338634716,1900.0,750.0,54.90290825091807,1046.338489873444,1494.4925560070708,-448.1540661336269,45870.77785900636,40719.22214099364,0.11898731303875093,0.3262660739802194,42650.0,42730.0,42535.0,43295.0,0.9922770886964661,0.9793278669592331,-565.0,-0.008187134502923965,0.008187134502923965,0.04481132075471698,-0.01738122827346466,0.0186394308719562,0.01687265419558875,439197.6,575334.85,0.03187489477917649,0.7670385341684065,23.652392900618764,1615.6450215313591,142961624.0,42.04545454545455,42.309725158562344,-0.001168224299065379,0.009433962264151052,-0.020785219399538146,2.6201154053902737e-05,-0.07783018867924528,39100.0
2025-11-05,41500.0,41500.0,37750.0,39100.0,851999,-0.0778301886792453,-0.081025895246592,42121.42857142857,42321.42857142857,43095.23809523809,0.0344223878468507,3750.0,2400.0,40.502626224639954,686.2386389015301,1332.8417725859626,-646.6031336844326,46280.351115852514,39904.648884147486,0.14795387205905966,-0.12620553076430321,41416.666666666664,41890.0,42260.0,43092.5,0.9333969921222248,0.9073504670186228,-1202.5,-0.0778301886792453,0.0778301886792453,0.0959079283887468,-0.05783132530120482,0.0342967083183879,0.03005298509484716,516651.0,579376.85,0.9306396497652412,1.4705437402271078,24.22921837810532,1832.3846628505478,142109625.0,19.708029197080293,37.25116124751159,-0.008187134502923965,-0.001168224299065379,0.009433962264151052,-0.029061849160411546,-0.04092071611253197,37500.0
2025-11-06,40000.0,40050.0,37050.0,37500.0,766440,-0.04092071611253201,-0.041781534014955,41464.28571428572,41917.857142857145,42826.19047619047,0.03602427826154467,3000.0,2500.0,35.62388627534756,268.6534150471707,1120.0041010782043,-851.3506860310335,46783.556589033054,38751.443410966946,0.18780880757739193,-0.15580500214866935,39666.666666666664,40910.0,41825.0,42767.5,0.9166462967489611,0.8768340445431695,-1857.5,-0.04092071611253201,0.04092071611253201,0.08,-0.0625,0.035611844307123615,0.03182530056940109,563917.4,548507.65,-0.10042147936793355,1.397318706493884,24.08160790833693,1915.7857583612229,141343185.0,6.338028169014085,22.697170637182953,-0.0778301886792453,-0.008187134502923965,-0.001168224299065379,-0.04231267976490042,-0.04533333333333334,35800.0
2025-11-07,36150.0,37000.0,35000.0,35800.0,776698,-0.04533333333333334,-0.04639303956971051,40392.857142857145,41428.57142857143,42435.71428571428,0.03134017165473837,2000.0,350.0,31.308668607070402,-197.188608372031,856.5655591881572,-1053.7541675601883,46857.7192576402,37572.2807423598,0.21995590466138581,-0.19086667144941827,37466.666666666664,39510.0,41115.0,42215.0,0.906099721589471,0.8480397962809428,-2705.0,-0.04533333333333334,0.04533333333333334,0.055865921787709494,-0.009681881051175657,0.030981000431939607,0.030865307870716056,652822.6,532793.45,0.013383956995981494,1.4577844378529805,24.048510051832398,1957.515347049707,140566487.0,8.743169398907105,11.59640892166714,-0.04092071611253201,-0.0778301886792453,-0.008187134502923965,-0.054694746041703546,0.01675977653631285,36400.0
2025-11-10,36150.0,36600.0,35550.0,36400.0,458253,0.016759776536312776,0.01662088123604028,39535.71428571428,41010.71428571428,41938.09523809524,0.0355217906961005,1050.0,-250.0,34.3321095437264,-512.0541411549202,582.8416191195417,-1094.895760274462,46781.30910878824,36723.69089121176,0.24088661080358026,-0.03218365265109013,36566.666666666664,38240.0,40455.0,41752.5,0.9518828451882845,0.8718040835878091,-3512.5,0.016759776536312776,0.016759776536312776,0.028846153846153848,0.006915629322268326,0.03639471927779358,0.03220304036779014,658938.8,524421.65,-0.40999848074798695,0.8738254799358492,23.53750076601015,1892.6928222604424,141024740.0,15.300546448087431,10.127248005336186,-0.04533333333333334,-0.04092071611253201,-0.0778301886792453,-0.023164757636517524,-0.005494505494505495,36200.0
2025-11-11,37450.0,37900.0,35600.0,36200.0,532765,-0.005494505494505475,-0.0055096558109695845,38592.857142857145,40607.142857142855,41488.09523809524,0.033743480475358946,2300.0,1250.0,33.79809243269656,-768.862702267943,312.50075484204484,-1081.3634571099878,46868.841983353836,35871.158016646164,0.2658371758933447,0.029901021374073865,36133.333333333336,37000.0,39865.0,41370.0,0.9783783783783784,0.875030215131738,-4370.0,-0.005494505494505475,0.005494505494505475,0.06353591160220995,-0.03337783711615487,0.03683580713183572,0.03231265226411614,677231.0,513363.95,0.16260013573288123,1.0377919992239424,23.682650103225612,1921.7861920989822,140491975.0,13.114754098360656,12.38615664845171,0.016759776536312776,-0.04533333333333334,-0.04092071611253201,-0.011356020763842012,-0.013812154696132596,35700.0
2025-11-12,36000.0,36050.0,35200.0,35700.0,386592,-0.013812154696132617,-0.013908430046132,37585.71428571428,40167.857142857145,41100.0,0.03263696063868821,850.0,300.0,32.43960707848835,-1001.1900626582865,49.76259134197858,-1050.952654000265,46735.35173394299,35104.64826605701,0.28423029002653905,0.0511879385100686,36100.0,36320.0,39105.0,40920.0,0.9829295154185022,0.8724340175953079,-4600.0,-0.013812154696132617,0.013812154696132617,0.023809523809523808,-0.008333333333333333,0.025760193574131098,0.02861407155235889,584149.6,514651.6,-0.274366747064841,0.7511722493430507,23.348031120159476,1855.9443212347692,140105383.0,7.6502732240437155,12.021857923497246,-0.005494505494505475,0.016759776536312776,-0.04533333333333334,-0.0008489612181084386,-0.0014005602240896359,35650.0
2025-11-13,35450.0,36300.0,35350.0,35650.0,392446,-0.0014005602240896309,-0.0014015419252884445,36621.42857142857,39650.0,40669.04761904762,0.03334141146299175,950.0,-200.0,32.29979418949664,-1175.7919539879513,-195.34831772400742,-980.4436362639439,46526.74664175922,34448.25335824078,0.29832647813568247,0.09949474769332782,35850.0,35950.0,38430.0,40487.5,0.9916550764951322,0.8805186786045076,-4537.5,-0.0014005602240896309,0.0014005602240896309,0.02664796633941094,0.005641748942172073,0.022766252420302956,0.029111931839442582,509350.8,517827.15,0.015142579256683941,0.7578706523981988,23.36165865303574,1791.234012575143,139712937.0,7.103825136612022,9.289617486338777,-0.013812154696132617,-0.005494505494505475,0.016759776536312776,-0.006902406804909241,-0.028050490883590462,34650.0
2025-11-14,34800.0,34900.0,34250.0,34650.0,655430,-0.028050490883590462,-0.028451421224392703,35985.71428571428,39053.57142857143,40209.52380952381,0.022818106649404556,650.0,150.0,29.556113138253878,-1378.9610488589024,-432.07086395098645,-946.8901849079159,46496.2821405126,33628.7178594874,0.32118725194446685,0.07936872264307293,35333.333333333336,35720.0,37615.0,40062.5,0.9700447928331467,0.8648985959438378,-4342.5,-0.028050490883590462,0.028050490883590462,0.01875901875901876,-0.004310344827586207,0.01647629630310742,0.02774033823820278,485097.2,521719.9,0.6701151241189871,1.2562871379834275,23.846099792434746,1763.2887259626327,139057507.0,4.040404040404041,6.264834133686571,-0.0014005602240896309,-0.013812154696132617,-0.005494505494505475,-0.014421068601270903,0.020202020202020204,35350.0
2025-11-17,35550.0,35700.0,34650.0,35350.0,292300,0.02020202020202011,0.020000666706669435,35678.57142857143,38571.42857142857,39838.09523809524,0.02368487498698349,1050.0,200.0,33.79550965681936,-1466.5840029730898,-638.9734917554072,-827.6105112176826,46338.16222125792,33056.83777874208,0.33456324560780487,0.17266065829376964,35216.666666666664,35510.0,36875.0,39697.5,0.995494226978316,0.8904842874236413,-4187.5,0.02020202020202011,0.02020202020202011,0.0297029702970297,-0.005625879043600563,0.017711528287926798,0.030119900183792254,451906.6,512698.45,-0.5540332300932213,0.5701207015546857,23.058589622520834,1712.339531251016,139349807.0,11.11111111111111,7.418446762709036,-0.028050490883590462,-0.0014005602240896309,-0.013812154696132617,-0.003083010301886661,-0.04667609618104668,33700.0
2025-11-18,34800.0,35100.0,33500.0,33700.0,374412,-0.04667609618104662,-0.047800554984265664,35378.57142857143,37885.71428571428,39411.90476190476,0.02406377618236776,1600.0,1100.0,29.316844992575525,-1650.1451892110053,-841.2078312465269,-808.9373579644785,46307.747845500155,32232.25215449984,0.3584287163483655,0.10427681395537756,34566.666666666664,35010.0,36005.0,39270.0,0.9625821193944587,0.8581614463967405,-4260.0,-0.04667609618104662,0.04667609618104662,0.04747774480712166,-0.031609195402298854,0.025464137065463768,0.03111172072352349,420236.0,501620.35,0.2809168662333219,0.7464051249116987,23.258365190773702,1722.1724218759434,138975395.0,1.8779342723004695,5.676483141271852,0.02020202020202011,-0.028050490883590462,-0.0014005602240896309,-0.018174855620872326,-0.01483679525222552,33200.0
2025-11-19,33650.0,33850.0,32700.0,33200.0,258427,-0.014836795252225476,-0.014947961435873139,34921.42857142857,37228.57142857143,38980.95238095238,0.021346233176824696,1150.0,450.0,28.101526245057713,-1815.0418999192116,-1035.9746449810639,-779.0672549381477,46260.28675147648,31414.71324852352,0.38224843264764624,0.12025717639816108,34083.333333333336,34510.0,35415.0,38837.5,0.9620399884091567,0.8548439008690055,-4327.5,-0.014836795252225476,0.014836795252225476,0.03463855421686747,-0.01337295690936107,0.025466898836691315,0.02422382350832985,394603.0,485469.35,-0.3097790669102486,0.532324028283145,22.87267368961719,1681.302963170519,138716968.0,4.366812227074236,5.785285870161917,-0.04667609618104662,0.02020202020202011,-0.028050490883590462,-0.01377029041041733,0.010542168674698794,33550.0
2025-11-20,34300.0,34400.0,33350.0,33550.0,340285,0.010542168674698704,0.010486987495247851,34542.857142857145,36567.857142857145,38585.71428571428,0.023085363728322504,1050.0,750.0,30.280295448934964,-1895.6300134379562,-1207.9057186724424,-687.7242947655138,46061.07764384526,30783.922356154737,0.3976096112353575,0.18105973211347887,33483.333333333336,34090.0,35020.0,38422.5,0.9841595775887357,0.8731862840783395,-4332.5,0.010542168674698704,0.010542168674698704,0.03129657228017884,-0.021865889212827987,0.02744511761720095,0.023793661760044025,384170.8,486871.05,0.3167548282493702,0.6989222300237404,23.15833092325088,1646.9241800869106,139057253.0,7.423580786026201,4.556109095133614,-0.014836795252225476,-0.04667609618104662,0.02020202020202011,-0.016990240919524464,-0.05812220566318927,31600.0
2025-11-21,31950.0,32500.0,31500.0,31600.0,305952,-0.058122205663189264,-0.05987974282482436,33957.142857142855,35771.42857142857,38097.619047619046,0.029690930006153034,1000.0,350.0,25.621738567874004,-2092.721783135683,-1384.8689315650904,-707.8528515705925,45768.40353479564,29946.596465204362,0.417930583625207,0.10450156088512778,32783.333333333336,33480.0,34600.0,37857.5,0.9438470728793309,0.834709106517863,-4377.5,-0.058122205663189264,0.058122205663189264,0.03164556962025317,-0.010954616588419406,0.03433627625047351,0.026088468864727724,314275.2,475624.05,-0.10089483815037392,0.6432643597395885,22.99209590556361,1675.7153100807027,138751301.0,0.7905138339920948,4.193635615697489,0.010542168674698704,-0.014836795252225476,-0.04667609618104662,-0.020805610746905345,0.011075949367088608,31950.0
2025-11-24,32200.0,32600.0,31650.0,31950.0,158323,0.011075949367088667,0.01101506023067744,33428.57142857143,35025.0,37576.19047619047,0.03114331138687098,950.0,250.0,27.769711288134403,-2195.3695026067217,-1546.9690457734166,-648.400456833305,45247.08642877331,29362.913571226687,0.4257920615881685,0.1628719639338462,32366.666666666668,32800.0,34155.0,37305.0,0.9740853658536586,0.856453558504222,-4505.0,0.011075949367088667,0.011075949367088667,0.0297339593114241,-0.007763975155279503,0.031973925225721296,0.025444072802520947,287479.8,459549.55,-0.48252340236376945,0.3445178000935917,22.344319989064413,1627.4499307892238,138909624.0,4.5,4.238031540006077,-0.058122205663189264,0.010542168674698704,-0.014836795252225476,-0.012168029207133965,0.046948356807511735,33450.0
2025-11-25,33300.0,33700.0,32650.0,33450.0,336116,0.04694835680751175,0.04587960575069366,33257.142857142855,34621.42857142857,37121.42857142857,0.03797526284382047,1050.0,-150.0,36.26483575202479,-2131.1149295130162,-1663.7982225213368,-467.31670699167944,44655.644743949146,29089.355256050858,0.42216528545388265,0.2801338589610094,32333.333333333332,32750.0,33880.0,36872.5,1.0213740458015268,0.9071801478066309,-4122.5,0.04694835680751175,0.04694835680751175,0.03139013452914798,0.0045045045045045045,0.038834342434035656,0.03171593960466101,279820.6,454121.3,1.1229764468839019,0.7401458597075276,23.143018683104938,1636.203507161422,139245740.0,22.80701754385965,9.365843792617227,0.011075949367088667,-0.058122205663189264,0.010542168674698704,-3.263316286294948e-05,0.03139013452914798,34500.0
2025-11-26,34850.0,34900.0,33500.0,34500.0,440313,0.03139013452914807,0.030907537463076704,33135.71428571428,34407.142857142855,36759.52380952381,0.03937176142267718,1400.0,350.0,41.45545918285525,-1972.7261337328964,-1725.583804763649,-247.1423289692475,43660.89976467093,29204.10023532907,0.3968105271211655,0.36632587689427704,33300.0,33010.0,33760.0,36432.5,1.0451378370190851,0.9469567007479586,-3422.5,0.03139013452914807,0.03139013452914807,0.04057971014492753,-0.010043041606886656,0.040160521821010334,0.03385182591705382,316197.8,452900.35,0.31000309416986993,0.9722072416150705,23.443955719716904,1622.903256649892,139686053.0,46.875,24.727339181286528,0.04694835680751175,0.011075949367088667,-0.058122205663189264,0.02980481356791616,0.013043478260869565,34950.0
2025-11-27,35000.0,35500.0,34500.0,34950.0,321237,0.01304347826086949,0.012959144642505116,33314.28571428572,34346.42857142857,36361.90476190476,0.03434868388951593,1000.0,50.0,43.57630847262833,-1790.2537024666162,-1738.5177843042425,-51.735918162373764,42740.65549888159,29379.34450111841,0.3705299777527228,0.41692431976279687,34300.0,33290.0,33690.0,36060.0,1.049864824271553,0.9692179700499168,-2770.0,0.01304347826086949,0.01304347826086949,0.02861230329041488,-0.0014285714285714286,0.04020994102386966,0.03422862484845521,312388.2,442456.8,-0.27043489517684016,0.7260302022705946,23.141608195197716,1578.4101668891853,140007290.0,53.90625,41.19608918128653,0.03139013452914807,0.04694835680751175,0.011075949367088667,0.03046065653250977,0.034334763948497854,36150.0
2025-11-28,35500.0,36700.0,35300.0,36150.0,588453,0.03433476394849788,0.033758479924954454,33735.71428571428,34328.57142857143,36064.28571428572,0.03451919595717028,1400.0,-650.0,48.89317458925942,-1531.1627240959788,-1697.0467722625897,165.8840481666109,41609.98739010436,29845.01260989564,0.3292974537879427,0.5359116791912498,35200.0,34200.0,33840.0,35727.5,1.0570175438596492,1.011825624518928,-1527.5,0.03433476394849788,0.03433476394849788,0.03872752420470263,0.018309859154929577,0.015155247671128257,0.03452527886370705,368888.4,455270.85,0.8318344399929025,1.2925338839506197,23.78068456606591,1590.6665835399579,140595743.0,72.65625,57.81249999999998,0.01304347826086949,0.03139013452914807,0.04694835680751175,0.026256125579505147,0.11065006915629322,40150.0
2025-12-01,37100.0,40500.0,36150.0,40150.0,3076708,0.11065006915629327,0.10494549178799703,34678.57142857143,34610.71428571428,35938.09523809524,0.04912734661438184,4350.0,-3050.0,61.81114518966545,-991.6337498842768,-1555.9641677869272,564.3304179026504,40914.253560308454,30280.746439691546,0.298714997418833,0.9281277990751826,37083.333333333336,35840.0,34320.0,35597.5,1.1202566964285714,1.1278881943956738,242.5,0.11065006915629327,0.11065006915629327,0.10834371108343711,0.08221024258760108,0.03744356357764724,0.04816483357658857,952565.4,587722.65,4.2284685437919425,5.234965846560448,25.539748471556557,1787.7618275728182,143672451.0,96.11111111111111,74.22453703703702,0.03433476394849788,0.01304347826086949,0.03139013452914807,0.05267610378855355,-0.029887920298879204,38950.0
2025-12-02,41000.0,41000.0,38750.0,38950.0,1723665,-0.02988792029887921,-0.03034366807601342,35728.57142857143,34842.857142857145,35757.142857142855,0.0411825310180031,2250.0,2050.0,57.14458960541552,-653.3516903180207,-1375.441672293146,722.0899819751253,39982.06507582053,30867.93492417947,0.2572796090794936,0.8867620871494029,38416.666666666664,36940.0,34845.0,35425.0,1.0544125609095831,1.0995059985885673,1515.0,-0.02988792029887921,0.02988792029887921,0.057766367137355584,-0.05,0.050943784584090324,0.04606828029826589,1230075.2,651840.7,-0.4397697149030717,2.644304045451596,24.92999744709261,1820.7788398890457,141948786.0,78.42105263157895,82.39613791423,0.11065006915629327,0.03433476394849788,0.01304347826086949,0.03836563760197065,-0.010269576379974325,38550.0
2025-12-03,39850.0,39900.0,38300.0,38550.0,814609,-0.010269576379974277,-0.010322672307418724,36671.42857142857,35050.0,35573.80952380953,0.043533698813668524,1600.0,1300.0,55.63675105353664,-412.7791172639045,-1182.9091612872978,770.1300440233933,39866.9842514192,30928.015748580805,0.2525310686584757,0.8526693263321136,39216.666666666664,37750.0,35380.0,35397.5,1.0211920529801324,1.0890599618617134,2352.5,-0.010269576379974277,0.010269576379974277,0.041504539559014265,-0.03262233375156838,0.05434264516165753,0.04575552906935599,1304934.4,649971.2,-0.5273971450368836,1.2533001462218634,24.170174901526032,1805.0089227541139,141134177.0,74.21052631578948,82.91423001949316,-0.02988792029887921,0.11065006915629327,0.03433476394849788,0.023497524159146594,-0.04669260700389105,36750.0
2025-12-04,37750.0,38050.0,36400.0,36750.0,947976,-0.046692607003890996,-0.047817874350492756,37142.857142857145,35200.0,35461.90476190476,0.05053982437992293,1650.0,1000.0,49.32893962026718,-363.1820401729201,-1018.9637370644224,655.7816968915023,39767.36226163259,30952.637738367408,0.24928519579369854,0.6576906908810706,38083.333333333336,38110.0,35700.0,35360.0,0.9643138283914983,1.0393099547511313,2750.0,-0.046692607003890996,0.046692607003890996,0.044897959183673466,-0.026490066225165563,0.06309781294611709,0.04990183108140618,1430282.2,659048.0,0.1637190357582594,1.4384020587271338,24.273977969130684,1829.6511425573917,140186201.0,55.26315789473684,69.29824561403507,-0.010269576379974277,-0.02988792029887921,0.11065006915629327,-0.028950034560914828,0.0027210884353741495,36850.0
2025-12-05,37400.0,37500.0,36500.0,36850.0,575483,0.0027210884353741083,0.002717392976499886,37478.57142857143,35307.142857142855,35430.95238095238,0.050036699977929734,1000.0,550.0,49.67033150166696,-312.2078966951085,-877.6125689905597,565.4046722954512,39866.69672006666,30958.303279933338,0.2515607042748556,0.6613646736260995,37383.333333333336,38250.0,36225.0,35412.5,0.9633986928104575,1.040593010942464,2837.5,0.0027210884353741083,0.0027210884353741083,0.027137042062415198,-0.014705882352941176,0.06182459137372785,0.04399978502261941,1427688.2,648987.25,-0.3929350532080981,0.8867400707795107,23.77757586484157,1770.3903466604352,140761684.0,56.31578947368421,61.929824561403485,-0.046692607003890996,-0.010269576379974277,-0.02988792029887921,-0.018080364982830388,0.06105834464043419,39100.0
2025-12-08,38750.0,39800.0,38050.0,39100.0,1420148,0.06105834464043425,0.05926684835597453,38071.42857142857,35692.857142857145,35588.09523809524,0.05352327488169295,1750.0,-350.0,56.733676103757354,-89.22578546098521,-719.9352122846449,630.7094268236597,40282.5290389817,30812.470961018298,0.2664057409934146,0.8751296951669791,37566.666666666664,38040.0,36940.0,35547.5,1.0278654048370137,1.099936704409593,2492.5,0.06105834464043425,0.06105834464043425,0.04475703324808184,0.00903225806451613,0.041255381866153254,0.04612409372909238,1096376.2,697082.0,1.4677496989485355,2.037275385105339,24.740149395489937,1854.6481790418327,142181832.0,80.0,63.85964912280699,0.0027210884353741083,-0.046692607003890996,-0.010269576379974277,0.00569560869063912,-0.011508951406649617,38650.0
2025-12-09,38700.0,38950.0,38200.0,38650.0,439766,-0.011508951406649648,-0.01157569195788915,38428.57142857143,36082.142857142855,35695.23809523809,0.05376266525495452,750.0,50.0,55.069080181030806,50.594681009752094,-565.8292336257655,616.4239146355176,40598.90507751548,30741.094922484517,0.276361372442696,0.8022983759206549,38200.0,37980.0,37460.0,35670.0,1.0176408636124277,1.0835435940566303,2310.0,-0.011508951406649648,0.011508951406649648,0.019404915912031046,-0.0012919896640826874,0.039208554773900325,0.0462207430767702,839596.4,692432.05,-0.6903379084433454,0.6351034733299823,23.55630010032158,1786.4590233959875,141742066.0,75.26315789473684,70.52631578947366,0.06105834464043425,0.0027210884353741083,-0.046692607003890996,0.01742349388971957,-0.007761966364812419,38350.0
2025-12-10,38550.0,39300.0,38100.0,38350.0,490036,-0.0077619663648124115,-0.007792247220165767,38171.42857142857,36425.0,35797.619047619046,0.033486196067253685,1200.0,200.0,53.93298226934359,135.63242903087666,-425.5369010944371,561.1693301253138,40875.17966141845,30729.820338581547,0.2833701368015335,0.7511000270109364,38700.0,37940.0,37845.0,35802.5,1.0108065366367949,1.0711542490049577,2137.5,-0.0077619663648124115,0.0077619663648124115,0.03129074315514994,-0.005188067444876783,0.03907516907942202,0.04638161242675155,774681.8,697604.25,0.11431079255786036,0.7024555828035738,23.656743943624434,1744.569093153417,141252030.0,72.10526315789474,75.7894736842105,-0.011508951406649648,0.06105834464043425,0.0027210884353741083,0.013929142289657396,-0.011734028683181226,37900.0
2025-12-11,38600.0,38800.0,37250.0,37900.0,639748,-0.011734028683181186,-0.011803415724884489,38021.42857142857,36875.0,35902.380952380954,0.03199062553922006,1550.0,700.0,52.193576373692686,164.81434068240196,-307.46665273906933,472.2809934214713,41072.52898810641,30757.47101189359,0.28720751708792475,0.6924371151938784,38300.0,38170.0,38140.0,35915.0,0.9929263819753733,1.0552693860503968,2255.0,-0.011734028683181186,0.011734028683181186,0.040897097625329816,-0.018134715025906734,0.031028550930207014,0.04695238022263564,713036.2,709969.35,0.305512248079733,0.9010924203981482,23.91153601890773,1730.671300785316,140612282.0,66.84491978609626,71.40444694624259,-0.0077619663648124115,-0.011508951406649648,0.06105834464043425,-0.010334982151547748,-0.00395778364116095,37750.0
2025-12-12,37650.0,37750.0,36650.0,37750.0,557541,-0.00395778364116095,-0.003965636393346954,37907.142857142855,37289.28571428572,36002.380952380954,0.031868038933230744,1100.0,-100.0,51.59622773030558,173.83362370644318,-211.20659744996684,385.04022115641,41253.71945309746,30886.280546902537,0.28742553108386254,0.6620458066066963,38000.0,38350.0,38300.0,36070.0,0.984354628422425,1.0465761020238424,2280.0,-0.00395778364116095,0.00395778364116095,0.02913907284768212,0.0026560424966799467,0.03137666647110047,0.046220629460271806,709447.8,705074.9,-0.12849903399463536,0.7907542872395542,23.770032076937866,1696.3376364435076,140054741.0,61.07784431137725,66.67600908512273,-0.011734028683181186,-0.0077619663648124115,-0.011508951406649648,-0.007817926229718183,-0.031788079470198675,36550.0
2025-12-15,36300.0,36750.0,35950.0,36550.0,308596,-0.03178807947019868,-0.03230428949924621,37878.57142857143,37510.71428571428,36092.857142857145,0.028603668563368607,800.0,-250.0,46.96535247947164,83.19250785683107,-152.32677638860727,235.51928424543834,41306.40395397585,30953.596046024148,0.28654325790068375,0.5405687040399358,37400.0,37840.0,37940.0,36130.0,0.9659090909090909,1.0116246886244118,1710.0,-0.03178807947019868,0.03178807947019868,0.02188782489740082,0.006887052341597796,0.010786605648643179,0.02879858220143301,487137.4,705889.7,-0.4465052794323646,0.4371731164231466,23.146224722330977,1703.7420909832572,139746145.0,40.666666666666664,56.19647692138003,-0.00395778364116095,-0.011734028683181186,-0.0077619663648124115,-0.015826630598180274,-0.030095759233926128,35450.0
2025-12-16,36450.0,36550.0,35350.0,35450.0,356391,-0.030095759233926156,-0.03055793321765103,37678.57142857143,37578.57142857143,36097.619047619046,0.030619608741320522,1200.0,1000.0,43.14283133367736,-76.51996191545186,-137.1654134939762,60.64545157852433,41278.836935923886,31156.163064076114,0.2794967590763518,0.4241801119233428,36583.333333333336,37200.0,37590.0,36217.5,0.9529569892473119,0.9788085870090426,982.5,-0.030095759233926156,0.030095759233926156,0.03385049365303244,-0.027434842249657063,0.012974345206350489,0.02881541635137837,470462.4,704988.65,0.1548788707565878,0.5055272875669701,23.259662253774113,1667.7605130558818,139389754.0,14.615384615384615,38.786631864476156,-0.03178807947019868,-0.00395778364116095,-0.011734028683181186,-0.021947207448428596,0.056417489421720736,37450.0
2025-12-17,36000.0,37500.0,35800.0,37450.0,479339,0.056417489421720646,0.054883456985091894,37442.857142857145,37757.142857142855,36276.19047619047,0.02907961479537642,1700.0,-1450.0,50.95837441948071,-41.234632398962276,-117.9792572749734,76.74462487601113,41311.587317342804,31548.412682657196,0.26799820572839994,0.6044742143991001,36483.333333333336,37020.0,37480.0,36430.0,1.0116153430578065,1.027998902003843,590.0,0.056417489421720646,0.056417489421720646,0.04539385847797063,0.04027777777777778,0.03592696672728089,0.03544395362966822,468323.0,716034.25,0.3449806532712667,0.6694358544999768,23.61092533950118,1695.0633335518903,139869093.0,37.719298245614034,31.000449842555085,-0.030095759233926156,-0.03178807947019868,-0.00395778364116095,-0.0018221164274680641,-0.020026702269692925,36700.0
2025-12-18,36700.0,37650.0,36250.0,36700.0,294716,-0.020026702269692942,-0.020229954902703916,37164.28571428572,37796.42857142857,36442.857142857145,0.02952876822158622,1400.0,0.0,48.27832923800012,-72.94858069917245,-108.97312195981323,36.024541260640774,41277.3406436848,31897.6593563152,0.2563630006797295,0.5119940109427267,36533.333333333336,36780.0,37475.0,36587.5,0.9978249048395867,1.003074820635463,192.5,-0.020026702269692942,0.020026702269692942,0.03814713896457766,0.0,0.03654597224508177,0.03262704281924196,399316.6,713755.8,-0.38516164968842515,0.41290872872766843,23.104299493887968,1673.9873811553268,139574377.0,23.893805309734514,25.409496056911035,0.056417489421720646,-0.030095759233926156,-0.03178807947019868,0.0020983426393671825,0.009536784741144414,37050.0
2025-12-19,37600.0,37650.0,36700.0,37050.0,318516,0.0095367847411445,0.009491596681571391,36978.57142857143,37575.0,36609.52380952381,0.03020495862653784,950.0,550.0,49.610195709446074,-69.04414041358541,-100.98732565056767,31.94318523698226,40920.801061755905,32799.198938244095,0.22033646564058085,0.5233943989265314,37066.666666666664,36640.0,37495.0,36860.0,1.0111899563318778,1.0051546391752577,-220.0,0.0095367847411445,0.0095367847411445,0.02564102564102564,-0.014627659574468085,0.03721648965784341,0.032753431164991645,351511.6,714384.0,0.08075571058239128,0.4458610495195861,23.191451619020373,1622.2739967870893,139892893.0,30.088495575221238,30.56719971018991,-0.020026702269692942,0.056417489421720646,-0.030095759233926156,0.015309190631057401,0.020242914979757085,37800.0
2025-12-22,37900.0,38200.0,37450.0,37800.0,410397,0.020242914979757165,0.02004075088344619,36964.28571428572,37492.857142857145,36904.76190476191,0.031372096228705064,750.0,100.0,52.43662857325456,-5.369218361760431,-81.86370419280622,76.4944858310458,40505.185490767064,33799.814509232936,0.18048236273559323,0.5965643812673669,37183.333333333336,36890.0,37365.0,37152.5,1.0246679316888045,1.017428167687235,-262.5,0.020242914979757165,0.020242914979757165,0.01984126984126984,-0.002638522427440633,0.034388244050642815,0.026358464529915852,371871.8,726987.7,0.28846588554421126,0.5645171163143475,23.464944644542598,1588.5401398737258,140303290.0,53.84615384615385,35.94281824370318,0.0095367847411445,-0.020026702269692942,0.056417489421720646,0.0032509991504029077,0.0026455026455026454,37900.0
2025-12-23,38200.0,38200.0,37600.0,37900.0,327308,0.002645502645502562,0.002642009462838576,36985.71428571428,37446.42857142857,37188.09523809524,0.031345534067441394,600.0,300.0,52.81665009615438,52.55693673139467,-54.979576007966045,107.53651273936072,40249.662451580414,34500.337548419586,0.15382809105447032,0.5913150689590301,37583.333333333336,37380.0,37290.0,37375.0,1.0139111824505083,1.0140468227424748,5.0,0.002645502645502562,0.002645502645502562,0.0158311345646438,-0.007853403141361256,0.02803835938536998,0.026234553920388475,366055.2,726547.3,-0.2024600569692273,0.45049785471641,23.24136329374927,1517.9301298827454,140630598.0,57.30337078651685,47.079340069297295,0.020242914979757165,0.0095367847411445,-0.020026702269692942,0.010808400788801409,-0.011873350923482849,37450.0
2025-12-24,38150.0,38150.0,37300.0,37450.0,260423,-0.01187335092348285,-0.01194440212515218,37114.28571428572,37496.42857142857,37378.57142857143,0.028612556255888835,850.0,700.0,50.847833709733166,61.44430112938426,-31.694800580495986,93.13910170988024,40058.86187854718,34986.13812145282,0.13519151861134932,0.4857078753995609,37716.666666666664,37380.0,37200.0,37522.5,1.0018726591760299,0.998067825971084,-142.5,-0.01187335092348285,0.01187335092348285,0.022696929238985315,-0.01834862385321101,0.01619965018097787,0.026372795354883214,322272.0,717552.8,-0.20434880907279995,0.3629321772558061,23.000824500116813,1470.2208348911208,140370175.0,47.19101123595506,52.78017862287523,0.002645502645502562,0.020242914979757165,0.0095367847411445,0.0036716889005922924,0.018691588785046728,38150.0
2025-12-26,37750.0,38450.0,37500.0,38150.0,508709,0.01869158878504673,0.01851904776723753,37500.0,37589.28571428572,37552.380952380954,0.02461729459197971,950.0,-400.0,53.73678602174007,123.54757179869193,-0.646326104658403,124.19389790335033,39921.9254432308,35443.0745567692,0.11885758339976385,0.6043794517502538,37833.333333333336,37670.0,37225.0,37682.5,1.0127422352004247,1.0124062893916275,-12.5,0.01869158878504673,0.01869158878504673,0.02490170380078637,0.010596026490066225,0.013134563064679717,0.026883265518654085,365070.6,726926.4,0.9533950534323006,0.6998081236284719,23.688912459574958,1436.6336323988978,140878884.0,62.92134831460674,55.80524344569286,-0.01187335092348285,0.002645502645502562,0.020242914979757165,0.0031545801690221476,-0.03669724770642202,36750.0
2025-12-29,38400.0,38500.0,36700.0,36750.0,636217,-0.03669724770642202,-0.03738753207162033,37400.0,37421.42857142857,37638.09523809524,0.02137188520193907,1800.0,1650.0,47.69845767355901,59.115119225665694,11.305962961406417,47.80915626425928,39880.417992234165,35544.582007765835,0.11497079176581582,0.2780128207229628,37450.0,37610.0,37125.0,37712.5,0.9771337410263228,0.974477958236659,-102.5,-0.03669724770642202,0.03669724770642202,0.04897959183673469,-0.04296875,0.023685652608155222,0.029424757715974373,428610.8,729314.6,0.2506501752475383,0.8723491892250614,23.8751884837808,1462.5883729418338,140242667.0,35.44303797468354,48.51846584174842,0.01869158878504673,-0.01187335092348285,0.002645502645502562,-0.009959669948286046,-0.0027210884353741495,36650.0
2025-12-30,36750.0,37550.0,36300.0,36650.0,386110,-0.0027210884353741083,-0.0027247973261851424,37392.857142857145,37278.57142857143,37661.90476190476,0.019955420073769613,1250.0,100.0,47.2896978303337,-0.0170315848372411,9.041364052157686,-9.058395636994927,39423.70337129768,35651.29662870232,0.10049701611975637,0.2647390484225955,37183.333333333336,37380.0,37135.0,37537.5,0.9804708400214018,0.9763569763569764,-157.5,-0.0027210884353741083,0.0027210884353741083,0.034106412005457026,-0.0027210884353741495,0.02044497119880827,0.027564429288538243,423753.4,594784.7,-0.39311587084280997,0.6491592672104713,23.373046289328293,1447.4034891602741,139856557.0,32.91139240506329,43.75859289811783,-0.03669724770642202,0.01869158878504673,-0.01187335092348285,-0.006908915785583132,0.08185538881309687,39650.0
2026-01-02,36800.0,39700.0,36700.0,39650.0,993429,0.08185538881309684,0.07867751974819648,37764.28571428572,37371.42857142857,37638.09523809524,0.036130575108518845,3000.0,-2850.0,58.71900659534133,192.97079363866942,45.827249969460034,147.14354366920938,39590.43928237903,35554.56071762097,0.10741575792822054,1.014757807170181,37683.333333333336,37730.0,37555.0,37572.5,1.0508878876225816,1.0552931000066539,157.5,0.08185538881309684,0.08185538881309684,0.07566204287515763,0.07744565217391304,0.044887448729040484,0.035343383313149665,556977.6,558272.9,1.572917044365595,1.7794684284334776,24.396764100989305,1561.8746685059689,140849986.0,98.85057471264368,55.735001697463474,-0.0027210884353741083,-0.03669724770642202,0.01869158878504673,0.014145684223766905,0.02648171500630517,40700.0
2026-01-05,41200.0,41600.0,39500.0,40700.0,976415,0.02648171500630525,0.02613714436769239,38178.57142857143,37571.42857142857,37721.42857142857,0.03649334351501031,2100.0,500.0,61.83795922308565,425.73366760422505,121.80853349641305,303.925134107812,40105.17498012216,35254.82501987784,0.12872478663068787,1.122635485017225,39000.0,38380.0,37880.0,37680.0,1.0604481500781657,1.0801486199575372,700.0,0.02648171500630525,0.02648171500630525,0.051597051597051594,-0.012135922330097087,0.04350269761269042,0.032280088109361324,700176.0,566363.2,-0.017126538484380838,1.7240085514030574,24.405626351395117,1600.312192184114,141826401.0,85.6,72.45398903923564,0.08185538881309684,-0.0027210884353741083,-0.03669724770642202,0.03520533846134266,0.009828009828009828,41100.0
2026-01-06,40000.0,41100.0,39300.0,41100.0,641108,0.00982800982800991,0.0097800290536397,38635.71428571428,37810.71428571428,37842.857142857145,0.03633460656550862,1800.0,-1100.0,62.985289287386145,635.154908829616,224.47780856305366,410.6771002665624,40719.308863682636,35075.691136317364,0.148917942538829,1.067455159918333,40483.333333333336,38970.0,38320.0,37897.5,1.054657428791378,1.0845042548980803,1072.5,0.00982800982800991,0.00982800982800991,0.043795620437956206,0.0275,0.043623551559317464,0.030656112959011567,726655.8,551019.8,-0.3434062360778972,1.16349358044847,23.994716608972258,1614.5756070281059,142467509.0,92.0,92.1501915708812,0.02648171500630525,0.08185538881309684,-0.0027210884353741083,0.039388371215804,-0.0012165450121654502,41050.0
2026-01-07,43350.0,44450.0,40050.0,41050.0,1605484,-0.0012165450121655041,-0.0012172856037517487,39150.0,38132.142857142855,38047.619047619046,0.035391065907725575,4400.0,2300.0,62.73140460999012,788.0045433072955,337.1831555119021,450.82138779539343,41212.04251227557,35002.95748772443,0.16293603685760386,0.9739023524988235,40950.0,39830.0,38720.0,38107.5,1.0306301782575948,1.0772157711736534,1722.5,-0.0012165450121655041,0.0012165450121655041,0.1071863580998782,-0.0530565167243368,0.03499098648964899,0.030931643646526383,920509.2,602519.85,1.5042332961061162,2.6646159458480914,24.911481941615037,1813.534492240384,140862025.0,62.637362637362635,80.07912087912085,0.00982800982800991,0.02648171500630525,0.08185538881309684,0.011697726607383219,-0.0036540803897685747,40900.0
2026-01-08,41400.0,43300.0,40150.0,40900.0,1114891,-0.0036540803897685548,-0.0036607728496811463,39542.857142857145,38521.42857142857,38240.47619047619,0.035816611696642756,3150.0,500.0,61.924970096820516,886.8126097122295,447.10904635196755,439.7035633602619,41519.907972667126,34875.092027332874,0.17395944617669357,0.9067080295726772,41016.666666666664,40680.0,39030.0,38197.5,1.005408062930187,1.0707507035800772,2482.5,-0.0036540803897685548,0.0036540803897685548,0.07701711491442542,-0.012077294685990338,0.03516347450302109,0.031037427494041155,1066265.4,587257.0,-0.3055732726081356,1.8984720488644664,24.543152542303037,1908.9963142232139,139747134.0,58.959537572254334,71.19896673653896,-0.0012165450121655041,0.00982800982800991,0.02648171500630525,0.0016524614753586169,-0.017114914425427872,40200.0
2026-01-09,41100.0,41100.0,39500.0,40200.0,684104,-0.017114914425427896,-0.01726306742378071,40035.71428571428,38717.857142857145,38292.857142857145,0.031987220305440024,1600.0,900.0,58.167008908664585,898.2797545056892,537.3431879827119,360.9365665229773,41712.18060717149,34837.81939282851,0.17960447326826853,0.7800260184151501,40716.666666666664,40790.0,39260.0,38275.0,0.9855356705074774,1.0502939255388635,2515.0,-0.017114914425427896,0.017114914425427896,0.03980099502487562,-0.021897810218978103,0.01631400573650734,0.032052279446794056,1004400.4,599473.9,-0.3863938268404714,1.1411739526941873,24.03748750647385,1886.9251489215558,139063030.0,48.170731707317074,56.58921063897799,-0.0036540803897685548,-0.0012165450121655041,0.00982800982800991,-0.007328513275787318,0.0024875621890547263,40300.0
2026-01-12,40700.0,41150.0,39350.0,40300.0,566873,0.0024875621890547706,0.0024844733276619658,40557.142857142855,38975.0,38371.42857142857,0.031623872934590576,1800.0,400.0,58.553960083155374,905.004386415043,610.8754276691782,294.1289587458648,41927.255895090995,34817.744104909005,0.18527622099633828,0.7711156626340807,40466.666666666664,40710.0,39545.0,38372.5,0.9899287644313437,1.0502312854257607,2337.5,0.0024875621890547706,0.0024875621890547706,0.04466501240694789,-0.009828009828009828,0.009897331311831825,0.031460934534001304,922492.0,603315.75,-0.17136429548723586,0.9395958915377229,23.8519973197092,1880.7162097128735,139629903.0,49.079754601226995,52.07000796026611,-0.017114914425427896,-0.0036540803897685548,-0.0012165450121655041,-0.00609381087538056,-0.009925558312655087,39900.0
2026-01-13,40400.0,40750.0,39450.0,39900.0,527107,-0.00992555831265507,-0.009975145056819509,40592.857142857145,39178.57142857143,38445.23809523809,0.014093309538955136,1300.0,500.0,56.310236875383445,868.0507004589454,662.3104822271316,205.74021823181374,42083.371741954026,34861.628258045974,0.1877118327092872,0.6976669488719512,40133.333333333336,40470.0,39720.0,38472.5,0.9859154929577465,1.0371044252388069,1997.5,-0.00992555831265507,0.00992555831265507,0.03258145363408521,-0.012376237623762377,0.0077347973622785724,0.031660432780900416,899691.8,597683.7,-0.07014975135524182,0.8819163045604222,23.769290445893102,1839.2364804476683,139102796.0,44.171779141104295,47.14075514988277,0.0024875621890547706,-0.017114914425427896,-0.0036540803897685548,-0.008184303516342731,0.012531328320802004,40400.0
2026-01-14,40400.0,40750.0,39650.0,40400.0,443466,0.012531328320801949,0.012453461071286557,40550.0,39364.28571428572,38564.28571428572,0.010499928947825633,1100.0,0.0,58.453343522023346,869.0921066134688,703.6668071043991,165.42529950906965,42297.79526133054,34912.20473866946,0.1913117607216961,0.7430408231396572,40200.0,40340.0,40085.0,38605.0,1.0014873574615766,1.046496567802098,1735.0,0.012531328320801949,0.012531328320801949,0.027227722772277228,0.0,0.011389317171455327,0.02809473136847145,667288.2,591979.95,-0.15867935732213767,0.7491233444646226,23.608961478889398,1786.4338747014065,139546262.0,50.306748466257666,47.852760736196295,-0.00992555831265507,0.0024875621890547706,-0.017114914425427896,0.0016977773990672167,0.0037128712871287127,40550.0
2026-01-15,39800.0,41500.0,39300.0,40550.0,506735,0.003712871287128605,0.003705995594317435,40471.42857142857,39553.57142857143,38697.619047619046,0.009673560383537103,2200.0,-750.0,59.101496393754076,871.9696515309624,737.3273759897119,134.64227554125057,42462.27825172304,35147.72174827696,0.1884952068920519,0.7385653865928694,40283.333333333336,40270.0,40475.0,38805.0,1.006953066799106,1.0449684319031052,1465.0,0.003712871287128605,0.003712871287128605,0.05425400739827373,0.018844221105527637,0.01177537299228796,0.02784730427442064,545657.0,601886.9,0.1426693365444025,0.841910664611574,23.7460345230737,1815.9743122227346,140052997.0,52.147239263803684,48.87525562372186,0.012531328320801949,-0.00992555831265507,0.0024875621890547706,0.002106213765091828,-0.011097410604192354,40100.0
2026-01-16,41150.0,41250.0,39700.0,40100.0,565622,-0.011097410604192337,-0.011159446248898407,40335.71428571428,39742.857142857145,38866.666666666664,0.010264237082311325,1550.0,1050.0,56.2656006052824,828.3897263064209,755.5398460530537,72.84988025336725,42373.88237742934,35701.11762257066,0.17093217431594449,0.6592293508064038,40350.0,40250.0,40520.0,39037.5,0.9962732919254659,1.0272174191482548,1212.5,-0.011097410604192337,0.011097410604192337,0.03865336658354115,-0.02551640340218712,0.009970291774136568,0.012866067043375283,521960.6,612348.45,0.11620866922553219,0.9236930378447109,23.844812902893608,1796.976147063968,139487375.0,46.625766871165645,49.69325153374231,0.003712871287128605,0.012531328320801949,-0.00992555831265507,0.0017155963345794056,-0.016209476309226933,39450.0
2026-01-19,39600.0,39800.0,39050.0,39450.0,420519,-0.016209476309226978,-0.0163422870206403,40128.57142857143,39835.71428571428,39057.142857142855,0.01138701409761733,750.0,150.0,52.35757968992535,732.9537196341334,751.0226207692697,-18.06890113513623,42392.43552365602,35882.56447634398,0.166333338800691,0.5480040230795405,40033.333333333336,40080.0,40395.0,39137.5,0.9842814371257484,1.0079846694346855,942.5,-0.016209476309226978,0.016209476309226978,0.019011406844106463,-0.003787878787878788,0.01190729465504603,0.010391094871446443,492689.8,609407.45,-0.2565370512462386,0.6900457157194255,23.53203426801306,1743.6207079879703,139066856.0,38.65030674846626,45.807770961145174,-0.011097410604192337,0.003712871287128605,0.012531328320801949,-0.007864671875430237,0.0,39450.0
2026-01-20,39900.0,40000.0,38400.0,39450.0,414097,0.0,0.0,40021.42857142857,40028.57142857143,39152.380952380954,0.010127802040199394,1600.0,450.0,52.35757968992535,649.8291705930678,730.7839307340294,-80.95476014096153,42322.08661545832,36227.91338454168,0.15516672771270884,0.5287159543007736,39666.666666666664,39990.0,40230.0,39275.0,0.986496624156039,1.0044557606619988,715.0,0.0,0.0,0.04055766793409379,-0.011278195488721804,0.011535192206159131,0.009459052537545485,470087.8,615376.5,-0.015271604850197074,0.6729164990863317,23.516644851215748,1733.3620859888294,139066856.0,38.65030674846626,41.308793456032696,-0.016209476309226978,-0.011097410604192337,0.003712871287128605,-0.009102295637806438,0.026615969581749048,40500.0
2026-01-21,37900.0,40775.0,37900.0,40500.0,648493,0.026615969581748944,0.026267926820610105,40050.0,40303.57142857143,39333.333333333336,0.014980170828932675,2875.0,-2600.0,57.84321254542257,661.0583225341834,716.8388090940601,-55.78048655987675,42351.48546465841,36543.51453534159,0.14723292805163388,0.6812164717780022,39800.0,40010.0,40175.0,39447.5,1.0122469382654335,1.0266810317510615,562.5,0.026615969581748944,0.026615969581748944,0.07098765432098765,0.06860158311345646,0.016630307071481065,0.013581419997137653,511093.2,631875.35,0.5660412898427181,1.0262989369659696,23.99146374167276,1814.9076512753418,139715349.0,49.03225806451613,42.11095718714952,0.0,-0.016209476309226978,-0.011097410604192337,0.0034688310908406552,-0.0012345679012345679,40450.0
2026-01-22,41000.0,41600.0,40050.0,40450.0,724660,-0.0012345679012345512,-0.0012353306079927434,40128.57142857143,40360.71428571428,39495.23809523809,0.014289749963392244,1550.0,550.0,57.50367025408826,658.3340589833824,705.1378590719246,-46.803800088542175,42408.31547410338,36751.68452589662,0.142916395861717,0.653801796151436,40133.333333333336,39990.0,40130.0,39580.0,1.0115028757189297,1.0219807983830218,410.0,-0.0012345679012345512,0.0012345679012345512,0.038318912237330034,-0.013414634146341463,0.016546088210966526,0.013555664391334965,554678.2,647588.5,0.11745230866023215,1.1190130769771236,24.101279780841605,1795.9856761842461,138990689.0,38.93129770992366,42.20462084096866,0.026615969581748944,0.0,-0.016209476309226978,0.008460467226838131,0.011124845488257108,40900.0
2026-01-23,40650.0,40950.0,39950.0,40900.0,555025,0.011124845488257096,0.011063419544255354,40200.0,40375.0,39642.857142857145,0.014128301547815579,1000.0,-250.0,59.791314751027905,684.5947179224167,701.029230842023,-16.434512919606277,42500.787461696535,36959.212538303465,0.13948086895024087,0.7111313148652002,40616.666666666664,40150.0,40200.0,39730.0,1.0186799501867996,1.029448779260005,420.0,0.011124845488257096,0.011124845488257096,0.02444987775061125,0.006150061500615006,0.015922087822984713,0.012748420685353994,552558.8,658974.35,-0.2340890900560263,0.842255848046286,23.845653778834063,1739.1295564568,139545714.0,45.80152671755725,44.58836083066566,-0.0012345679012345512,0.026615969581748944,0.0,0.012168749056257163,0.039119804400977995,42500.0
2026-01-26,41600.0,42800.0,41450.0,42500.0,1315587,0.03911980440097795,0.038374012881615044,40478.57142857143,40475.0,39861.90476190476,0.01984503254047546,1350.0,-900.0,66.6629018823875,825.0029866874975,725.8239820111179,99.17900467637958,42798.48351520294,37166.51648479706,0.14086080236118007,0.947001906511262,41283.333333333336,40760.0,40420.0,39982.5,1.0426889106967616,1.0629650472081535,777.5,0.03911980440097795,0.03911980440097795,0.03176470588235294,0.021634615384615384,0.017465647303933712,0.01738697548646067,731572.4,711732.55,1.3703202558443315,1.8484288796402524,24.747052866755684,1750.6203024241715,140861301.0,70.22900763358778,51.653944020356214,0.011124845488257096,-0.0012345679012345512,0.026615969581748944,0.016336693996000167,0.02588235294117647,43600.0
2026-01-27,42150.0,43750.0,42000.0,43600.0,1074971,0.025882352941176467,0.025553074424617486,40978.57142857143,40657.142857142855,40154.76190476191,0.019175374643682328,1750.0,-1450.0,70.4072781425198,1013.3570093759481,783.3305874840839,230.02642189186417,43363.88370556649,37146.11629443351,0.15445950592803337,1.0379744494801686,42333.333333333336,41590.0,40790.0,40255.0,1.0483289252224093,1.0830952676686125,1335.0,0.025882352941176467,0.025882352941176467,0.040137614678899085,0.03440094899169632,0.015597758129684714,0.017551916460396718,863747.2,740045.65,-0.1828963040832723,1.4525739054070514,24.570616671794298,1750.5759951081593,141936272.0,97.43589743589743,71.15547726234746,0.03911980440097795,0.011124845488257096,-0.0012345679012345512,0.02537566761013717,0.11123853211009174,48450.0
2026-01-28,44750.0,48450.0,43850.0,48450.0,2279660,0.11123853211009171,0.10547518798178658,42264.28571428572,41196.42857142857,40645.23809523809,0.03658705716660885,4600.0,-3700.0,80.70019319105097,1536.2741837401118,933.9193067352896,602.3548770048221,45287.0688158192,36392.9311841808,0.2177800595406072,1.3556197705924362,44850.0,43180.0,41595.0,40840.0,1.1220472440944882,1.1863369245837414,2340.0,0.11123853211009171,0.11123853211009171,0.09494324045407637,0.08268156424581005,0.04407551838321358,0.03686275567473329,1189980.6,822217.8,1.1206711622918202,2.772574371413511,25.427824484331662,1971.963424029005,144215932.0,100.0,89.22163502316171,0.025882352941176467,0.03911980440097795,0.011124845488257096,0.058746896484082045,0.0608875128998968,51400.0
2026-01-29,51900.0,52300.0,47150.0,51400.0,2659951,0.06088751289989691,0.05910583412434429,43971.42857142857,41996.42857142857,41342.857142857145,0.0354865626974189,5150.0,500.0,84.28141946098685,2163.787363840347,1179.8929181563012,983.8944456840459,47682.15525557944,35472.84474442056,0.2936518672637576,1.3045089844363102,47816.666666666664,45370.0,42680.0,41577.5,1.1329072074057747,1.2362455655101918,3792.5,0.06088751289989691,0.06088751289989691,0.10019455252918288,-0.009633911368015413,0.03898526188835152,0.038634217072757965,1577038.8,935909.85,0.16681917478922292,2.8421017259301204,25.641211710986152,2198.966036598362,146875883.0,93.75,97.06196581196578,0.11123853211009171,0.025882352941176467,0.03911980440097795,0.06600279931705504,0.08949416342412451,56000.0
2026-01-30,51000.0,59700.0,50800.0,56000.0,2995581,0.08949416342412442,0.08571351827402972,46185.71428571428,43117.857142857145,42264.28571428572,0.03918672771209514,8900.0,-5000.0,88.01573297314327,2997.7217657554575,1543.4586876761325,1454.263078079325,51196.2499112342,33593.7500887658,0.41520226023041384,1.2729015842757823,51950.0,48390.0,44270.0,42395.0,1.1572638974994833,1.3209104847269726,5995.0,0.08949416342412442,0.08949416342412442,0.15892857142857142,0.09803921568627451,0.035193489686347314,0.04130094886977232,2065150.0,1036017.45,0.12617901607961945,2.891438749414887,25.845755730424617,2677.611319698479,149871464.0,83.02752293577981,92.25917431192659,0.06088751289989691,0.11123853211009171,0.025882352941176467,0.08720673614470435,-0.08928571428571429,51000.0
2026-02-02,54300.0,54800.0,50800.0,51000.0,1541396,-0.0892857142857143,-0.09352605801082348,47692.857142857145,43910.71428571428,42804.76190476191,0.0649194292887066,4000.0,3300.0,68.86474266812696,3218.066704398283,1878.3802910205627,1339.6864133777203,52466.623495334476,33353.376504665524,0.4454264038841517,0.9232666487253328,52800.0,50090.0,45425.0,42910.0,1.0181672988620483,1.1885341412258215,7180.0,-0.0892857142857143,0.0892857142857143,0.0784313725490196,-0.06077348066298342,0.07885803195518883,0.05537488647892286,2110311.8,1064266.5,-0.48544339144893767,1.4483176911046247,25.08777996899838,2857.7819397200165,148330068.0,60.091743119266056,78.95642201834859,0.08949416342412442,0.06088751289989691,0.11123853211009171,0.020365320679435677,0.08235294117647059,55200.0
2026-02-03,53500.0,55200.0,52200.0,55200.0,880626,0.08235294117647052,0.07913732055872379,49735.71428571428,44967.857142857145,43495.23809523809,0.06615368782787204,3000.0,-1700.0,73.98526537024313,3689.071238042692,2240.518480424989,1448.5527576177033,54585.20366360865,32644.79633639135,0.5030472848152538,1.028021190638001,54066.666666666664,52410.0,47000.0,43615.0,1.0532341156267888,1.265619626275364,8795.0,0.08235294117647052,0.08235294117647052,0.05434782608695652,0.03177570093457944,0.08042280972084419,0.05695110483405814,2071442.8,1076242.4,-0.4286828303693535,0.8182413181268459,24.607106529477328,2953.654658311444,149210694.0,79.35779816513761,74.1590214067278,-0.0892857142857143,0.08949416342412442,0.06088751289989691,0.027520463438293546,-0.019927536231884056,54100.0
2026-02-04,53800.0,55200.0,52700.0,54100.0,714887,-0.019927536231884035,-0.020128767430613766,51392.857142857145,45935.71428571428,44114.28571428572,0.07037193609371509,2500.0,-300.0,70.70549757262665,3928.301898441663,2578.075164028324,1350.2267344133393,56112.83108110755,32422.168918892447,0.5351705463876456,0.9150369429387301,53433.333333333336,53540.0,48360.0,44267.5,1.0104594695554725,1.2221155475235783,9272.5,-0.019927536231884035,0.019927536231884035,0.04621072088724584,0.0055762081784386614,0.07716223378384814,0.05960857765919531,1758488.2,1031712.55,-0.1882058899010477,0.6929129630147467,24.378469232088587,2921.250754146341,148495807.0,74.31192660550458,71.25382262996939,0.08235294117647052,-0.0892857142857143,0.08949416342412442,-0.008953436447042606,-0.04805914972273567,51500.0
2026-02-05,52000.0,54000.0,51200.0,51500.0,749841,-0.04805914972273573,-0.04925237818274543,52521.42857142857,46750.0,44611.90476190476,0.07729233542242825,2800.0,500.0,63.53608373368037,3863.5589469201514,2835.1719206066896,1028.3870263134618,56952.91789534717,32642.082104652825,0.5426828682559148,0.775700105817241,53600.0,53560.0,49465.0,44797.5,0.9615384615384616,1.1496177242033596,8762.5,-0.04805914972273573,0.04805914972273573,0.05436893203883495,-0.009615384615384616,0.07972994285997088,0.0640897067077706,1376466.2,1013460.05,0.0488944406598526,0.7398821492766291,24.37695354971504,2919.7328431358883,147745966.0,62.38532110091743,72.01834862385319,-0.019927536231884035,0.08235294117647052,-0.0892857142857143,0.004788751740616918,-0.001941747572815534,51400.0
2026-02-06,49850.0,52500.0,48300.0,51400.0,720583,-0.001941747572815511,-0.0019436352085710144,52942.857142857145,47603.57142857143,45111.90476190476,0.06853930289998932,4200.0,-1550.0,63.27035283350755,3760.828042486828,3020.303144982717,740.5248975041109,57652.26889190127,33062.73110809873,0.54212727297145,0.7457345905859311,52333.333333333336,52640.0,50515.0,45357.5,0.9764437689969605,1.1332194234691066,7282.5,-0.001941747572815511,0.001941747572815511,0.08171206225680934,0.031093279839518557,0.06380238168512614,0.0645645257093859,921466.6,1015284.0,-0.03901893868166717,0.7097354040839804,24.335209337036535,3011.1804971976107,147025383.0,61.92660550458716,66.20795107033636,-0.04805914972273573,-0.019927536231884035,0.08235294117647052,-0.023309477842478426,0.03501945525291829,53200.0
2026-02-09,53900.0,53900.0,51900.0,53200.0,580298,0.035019455252918386,0.03442022388647937,53200.0,48585.71428571428,45730.95238095238,0.06608944640082891,2000.0,700.0,66.0248374331594,3781.072171007887,3172.4569501877513,608.6152208201356,58531.39187354362,33473.60812645638,0.5447048257613658,0.7872360968809403,52033.333333333336,53080.0,51585.0,46002.5,1.0022607385079125,1.1564588881039073,7077.5,0.035019455252918386,0.035019455252918386,0.03759398496240601,-0.012987012987012988,0.05066740125425788,0.06447768371515807,729247.0,1015955.25,-0.19468263891876436,0.5711846068023173,24.153110719041695,2974.6676045406384,147605681.0,70.18348623853211,64.83180428134555,-0.001941747572815511,-0.04805914972273573,-0.019927536231884035,-0.004993814014210951,-0.046992481203007516,50700.0
2026-02-10,53000.0,53500.0,50700.0,50700.0,452547,-0.046992481203007475,-0.048132485750461175,52442.857142857145,49314.28571428572,46226.19047619047,0.05763947798032057,2800.0,2300.0,59.36579107365429,3554.4136144815566,3248.8482830465127,305.56533143504384,58893.64633503602,34191.35366496398,0.5307470090792725,0.6683042159498418,51766.666666666664,52180.0,52295.0,46542.5,0.971636642391721,1.0893269592308106,5637.5,-0.046992481203007475,0.046992481203007475,0.055226824457593686,-0.04339622641509434,0.034654165257939636,0.06831639333352532,643631.2,1012227.25,-0.22014723469665587,0.44708043574207273,23.856328093754446,2962.19134707345,147153134.0,54.43037974683544,62.18015716331822,0.035019455252918386,-0.001941747572815511,-0.04805914972273573,-0.0046382578409682,-0.0039447731755424065,50500.0
2026-02-11,50400.0,51800.0,49700.0,50500.0,429695,-0.0039447731755424265,-0.003952574315823358,52371.42857142857,50032.142857142855,46730.95238095238,0.04582703219327895,2100.0,-100.0,58.854393974351794,3320.3715703144117,3263.152940500093,57.218629814318774,59164.88529204174,34930.11470795826,0.5151128239350333,0.6424606017218697,51466.666666666664,51460.0,52500.0,47047.5,0.9813447337738049,1.0733832828524363,4412.5,-0.0039447731755424265,0.0039447731755424265,0.041584158415841586,0.001984126984126984,0.03498075942345982,0.0599067879400758,586592.8,1011538.7,-0.050496412527317625,0.42479343598025465,23.800559548979788,2900.6062508539176,146723439.0,53.41772151898734,59.34386250145161,-0.046992481203007475,0.035019455252918386,-0.001941747572815511,-0.0053059330418771715,0.04356435643564356,52700.0
2026-02-12,51300.0,52700.0,50800.0,52700.0,579067,0.0435643564356436,0.04264211926600254,52014.28571428572,50875.0,47316.666666666664,0.036201594925352305,1900.0,-1400.0,62.664374861057134,3274.6648796385707,3265.4553283277887,9.20955131078199,59618.0967650741,35691.9032349259,0.5020710005277138,0.710856774757884,51300.0,51700.0,52630.0,47655.0,1.0193423597678917,1.1058650718707377,4045.0,0.0435643564356436,0.0435643564356436,0.036053130929791274,0.02729044834307992,0.03612372093858786,0.05836621543341943,552438.0,1015155.3,0.3476233142112428,0.570422082217371,24.14154420117571,2850.562947221495,147302506.0,61.64383561643836,56.49731229408703,-0.0039447731755424265,-0.046992481203007475,0.035019455252918386,-0.0024576326476354327,-0.022770398481973434,51500.0
2026-02-13,51400.0,52700.0,51300.0,51500.0,388378,-0.022770398481973486,-0.023033647877626233,51642.857142857145,51517.857142857145,47838.09523809524,0.03639835662809161,1400.0,-100.0,59.431709110973806,3105.810180338245,3233.52629872988,-127.71611839163506,59750.783453220276,36699.216546779724,0.478000350574195,0.6420727715947575,51566.666666666664,51720.0,52180.0,48225.0,0.9957463263727765,1.0679108346293416,3495.0,-0.022770398481973486,0.022770398481973486,0.027184466019417475,0.0019455252918287938,0.03828121466505815,0.05034644521382533,485997.0,1006293.1,-0.3293038629381402,0.3859491831952341,23.71907145786042,2746.9513081342457,146914128.0,53.67231638418079,56.24462450653547,0.0435643564356436,-0.0039447731755424265,-0.046992481203007475,0.005616394926042563,0.05825242718446602,54500.0
2026-02-19,52700.0,54600.0,52400.0,54500.0,711631,0.058252427184465994,0.056618893999507904,52071.42857142857,52296.42857142857,48523.80952380953,0.037897955010134994,2200.0,-1800.0,64.3790344406087,3177.439003617619,3222.308839707428,-44.869836089808814,60047.20617210964,37907.79382789036,0.4520323075742796,0.749442031890334,52900.0,51980.0,52530.0,48977.5,1.0484801846864178,1.1127558572814047,3002.5,0.058252427184465994,0.058252427184465994,0.04036697247706422,0.03415559772296015,0.04437206145248032,0.04494644359062612,512263.6,1020848.7,0.8323154246636009,0.6970974249171302,24.38127077830195,2772.1690718389427,147625759.0,67.19242902208202,60.8361936742337,-0.022770398481973486,0.0435643564356436,-0.0039447731755424265,0.02634879504604537,0.003669724770642202,54700.0
2026-02-20,54000.0,54900.0,53100.0,54700.0,513513,0.003669724770642091,0.00366300775873702,52542.857142857145,52742.857142857145,49250.0,0.03770937448463547,1800.0,-700.0,64.68820418523791,3213.3027369149277,3220.507619148928,-7.204882234000252,60126.25610070702,39353.74389929298,0.4176218777928033,0.7387770892565589,53566.666666666664,52780.0,52480.0,49740.0,1.0363774156877605,1.099718536389224,3040.0,0.003669724770642091,0.003669724770642091,0.03290676416819013,0.012962962962962963,0.03390329220264514,0.03648889071702142,524456.8,1025819.5,-0.2783999010723254,0.5005880664190923,24.058649612931664,2702.7284238504467,148139272.0,60.1593625498008,60.341369318687846,0.058252427184465994,-0.022770398481973486,0.0435643564356436,0.013050584491044867,-0.04021937842778794,52500.0
2026-02-23,54800.0,55100.0,51900.0,52500.0,721744,-0.04021937842778789,-0.04105053983035741,52442.857142857145,52821.42857142857,49871.42857142857,0.03991753919432263,3200.0,2300.0,58.65719538451685,3029.2836933511135,3182.2628339893654,-152.97914063825192,59826.20050388985,40853.79949611015,0.3768852007902205,0.613849585991477,53900.0,53180.0,52320.0,50340.0,0.9872132380594209,1.0429082240762813,2840.0,-0.04021937842778789,0.04021937842778789,0.06095238095238095,-0.041970802919708027,0.04207006154992399,0.03822385080802389,582866.6,1029482.05,0.4055028791870896,0.701074875467717,24.35799423296892,2738.247822146843,147417528.0,36.8421052631579,54.73129894501355,0.003669724770642091,0.058252427184465994,-0.022770398481973486,0.007234257842440066,0.022857142857142857,53700.0
2026-02-24,51800.0,54200.0,51400.0,53700.0,464088,0.02285714285714291,0.022599831917240992,52871.42857142857,52657.142857142855,50500.0,0.03489849267468711,2800.0,-1900.0,60.80380010392543,2946.3139732558047,3135.0730618426537,-188.75908858684897,59364.599648193376,42640.400351806624,0.32790940240942607,0.6612932226048509,53633.333333333336,53380.0,52540.0,51002.5,1.005994754589734,1.0528895642370473,2377.5,0.02285714285714291,0.02285714285714291,0.0521415270018622,0.03667953667953668,0.03863416222213995,0.03526348405809156,559870.8,1016453.45,-0.3569908443991221,0.4565757536658467,23.93899774893562,2742.6586919934975,147881616.0,78.26086956521739,58.420779126058676,-0.04021937842778789,0.003669724770642091,0.058252427184465994,-0.004564170266667629,-0.01303538175046555,53000.0
2026-02-25,53800.0,54600.0,52500.0,53000.0,414895,-0.013035381750465591,-0.013121087962697212,53228.57142857143,52800.0,51097.619047619046,0.035596235312064975,2100.0,800.0,58.88316540517663,2791.8925233434566,3066.4369541428146,-274.544430799358,58516.706291532144,44698.293708467856,0.26775977489830527,0.6007713434252668,53066.666666666664,53680.0,52700.0,51607.5,0.9873323397913562,1.0269825122317493,2072.5,-0.013035381750465591,0.013035381750465591,0.03962264150943396,-0.01486988847583643,0.037141693062128896,0.03566953357998673,565174.2,1009446.95,-0.10599929323748947,0.41101218840673104,23.81382794773143,2696.7544997082477,147466721.0,68.1159420289855,61.07297228578691,0.02285714285714291,-0.04021937842778789,0.003669724770642091,-0.010132539107036856,0.04339622641509434,55300.0
2026-02-26,53700.0,56000.0,52800.0,55300.0,842444,0.04339622641509444,0.04248099497616738,53600.0,52807.142857142855,51783.333333333336,0.03556931512487257,3200.0,-1600.0,63.01680796529859,2822.5664013512433,3017.6628435845005,-195.09644223325722,57852.89918293069,46642.10081706931,0.21457100082992261,0.7722821248213094,54000.0,53840.0,52910.0,52247.5,1.027117384843982,1.0584238480310062,1592.5,0.04339622641509444,0.04339622641509444,0.05786618444846293,0.0297951582867784,0.03221452015119772,0.03657520375551607,591336.8,985789.8,1.0304992829511082,0.854587864471716,24.564590657688665,2732.7006068719443,148309165.0,90.9090909090909,79.09530083443123,-0.013035381750465591,0.02285714285714291,-0.04021937842778789,0.01773932917392392,-0.007233273056057866,54900.0
2026-02-27,53500.0,55700.0,52600.0,54900.0,715397,-0.007233273056057921,-0.007259560012804223,54085.71428571428,52864.28571428572,52373.80952380953,0.0338147487534602,3100.0,-1400.0,61.85218557285778,2782.5238111709987,2970.6350371018,-188.11122593080154,56789.25813485783,48835.74186514217,0.15059912463366937,0.7624625296799233,54400.0,53880.0,53330.0,52812.5,1.0189309576837418,1.039526627218935,1067.5,-0.007233273056057921,0.007233273056057921,0.056466302367941715,0.026168224299065422,0.03255331566959582,0.0322655542969443,631713.6,967811.1,-0.1508076501227381,0.7391907367047144,24.39386153986314,2758.936277809663,147593768.0,85.71428571428571,81.57977288412069,0.04339622641509444,-0.013035381750465591,0.02285714285714291,0.0077091905361903095,-0.03642987249544627,52900.0
2026-03-03,53400.0,57900.0,52500.0,52900.0,1342237,-0.03642987249544627,-0.037110009651231256,53857.142857142855,52964.28571428572,52816.666666666664,0.030246565523961145,5400.0,500.0,56.254122613435584,2559.897578851196,2888.4875454516796,-328.5899666004834,56441.04725374398,49628.95274625602,0.1284452627036477,0.4801823066530263,54366.666666666664,53960.0,53570.0,53035.0,0.980355819125278,0.9974545111718677,925.0,-0.03642987249544627,0.03642987249544627,0.10207939508506617,-0.009363295880149813,0.0313719599011799,0.035158176851790846,755812.2,920939.95,0.8762127881442052,1.4574641918835207,24.986006800868363,2947.583686537544,146251531.0,47.916666666666664,74.84668109668107,-0.007233273056057921,0.04339622641509444,-0.013035381750465591,-8.897304546991631e-05,-0.14650283553875237,45150.0
2026-03-04,51700.0,53500.0,45000.0,45150.0,1027453,-0.14650283553875232,-0.1584130590012592,52492.857142857145,52517.857142857145,52659.52380952381,0.06511259950544825,8500.0,6550.0,40.83211290747917,1738.0690768473505,2658.403851730814,-920.3347748834635,57592.43731722332,47852.56268277668,0.18473848232626744,-0.2774740727379216,50983.333333333336,52250.0,52815.0,52722.5,0.8641148325358852,0.8563706197543743,-472.5,-0.14650283553875232,0.14650283553875232,0.18826135105204872,-0.12669245647969052,0.07033518676466369,0.05681960713947828,868485.2,839315.05,-0.2345219212404367,1.224156530971296,24.560339041080557,3344.184851784862,145224078.0,1.1627906976744187,44.93124769287558,-0.03642987249544627,-0.007233273056057921,0.04339622641509444,-0.06338866036341884,0.1450719822812846,51700.0
2026-03-05,49000.0,54200.0,48500.0,51700.0,1079173,0.1450719822812847,0.1354675016513891,52378.57142857143,52410.71428571428,52673.80952380953,0.08881615992974236,5700.0,-2700.0,52.647627500117984,1596.8864148574794,2446.100364356147,-849.2139494986677,57142.183319676136,47872.816680323864,0.17653414539546297,0.41288509437399634,49916.666666666664,51990.0,52835.0,52507.5,0.994422004231583,0.984621244584107,-517.5,0.1450719822812847,0.1450719822812847,0.1102514506769826,0.05510204081632653,0.10697087535154594,0.07557150132778225,1001340.8,743494.65,0.05033806899196369,1.4514872433850061,24.744918625544912,3751.743076657372,146303251.0,51.93798449612403,33.672480620155014,-0.14650283553875232,-0.03642987249544627,-0.007233273056057921,-0.012620241917637961,0.06382978723404255,55000.0
2026-03-06,52800.0,55500.0,51400.0,55000.0,1135254,0.06382978723404253,0.06187540371808745,52564.28571428572,52717.857142857145,52626.19047619047,0.091832836764906,4100.0,-2200.0,57.276649141338815,1731.3229456077752,2303.1448806064727,-571.8219349986975,57412.95875608991,48002.04124391009,0.17854987453739635,0.7436000524957312,50616.666666666664,51930.0,52885.0,52707.5,1.0591180435201233,1.043494758810416,-777.5,0.06382978723404253,0.06382978723404253,0.07454545454545454,0.041666666666666664,0.10942172144713247,0.0760438332432457,1059902.8,723187.55,0.051966644828957076,1.5697919578399822,24.857455436637597,3776.6185711818453,147438505.0,77.51937984496124,43.54005167958653,0.1450719822812847,-0.14650283553875232,-0.03642987249544627,0.020799644658858307,-0.10272727272727272,49350.0
2026-03-09,51400.0,52100.0,48350.0,49350.0,755044,-0.10272727272727278,-0.10839541935298039,52042.857142857145,52635.71428571428,52547.619047619046,0.10126814062756016,3750.0,2050.0,48.529398556212,1366.208285134555,2115.757561512089,-749.5492763775342,57194.792992654766,47635.207007345234,0.18238263827739257,0.1793794203315848,52016.666666666664,50820.0,52350.0,52415.0,0.9710743801652892,0.9415243727940475,-1595.0,-0.10272727272727278,0.10272727272727278,0.07598784194528875,-0.03988326848249027,0.11967128537742006,0.08313626913120657,1067832.2,716908.45,-0.33491183470835606,1.0531944490262322,24.341224349567216,3981.860101811714,146683461.0,33.72093023255814,54.39276485788111,0.06382978723404253,0.1450719822812847,-0.14650283553875232,0.035391498929351485,0.06585612968591692,52600.0
2026-03-10,52700.0,53800.0,51200.0,52600.0,643116,0.06585612968591703,0.06377835386417369,51657.142857142855,52628.57142857143,52423.80952380953,0.10341167862085984,2600.0,100.0,52.977917283826045,1323.839724534344,1957.37399411654,-633.534269582196,57055.10450852532,47624.89549147468,0.1801721248958854,0.527570968949882,52316.666666666664,50760.0,52360.0,52340.0,1.0362490149724193,1.0049675200611388,-1580.0,0.06585612968591703,0.06585612968591703,0.049429657794676805,-0.0018975332068311196,0.12383738466174561,0.08518287800143959,928008.0,713319.9,-0.14824036744878444,0.9015814643612213,24.244551790058797,4015.29866596802,147326577.0,58.91472868217054,56.718346253229946,-0.10272727272727278,0.06382978723404253,0.1450719822812847,0.008986214730895595,-0.043726235741444866,50300.0
2026-03-11,53600.0,53600.0,50000.0,50300.0,596318,-0.04372623574144485,-0.04471104263797064,51000.0,52542.857142857145,52242.857142857145,0.10438249020188882,3600.0,3300.0,49.703936512344974,1092.0827072602842,1784.3157367452889,-692.2330294850046,57070.05548808648,47489.94451191352,0.18324619311730989,0.293321809640355,50750.0,51790.0,52020.0,52280.0,0.9712299671751303,0.9621270084162203,-490.0,-0.04372623574144485,0.04372623574144485,0.07157057654075547,-0.061567164179104475,0.09827210249661875,0.08609974091407258,841781.0,705643.75,-0.07276758780686532,0.8450694844246831,24.124289716924686,3985.634475541733,146730259.0,41.08527131782946,44.57364341085269,0.06585612968591703,-0.10272727272727278,0.06382978723404253,-0.0268657929276002,0.009940357852882704,50800.0
2026-03-12,49700.0,50800.0,49200.0,50800.0,519470,0.00994035785288272,0.0098912774787427,50700.0,52278.57142857143,52209.52380952381,0.10404683613619634,1600.0,-1100.0,50.42124132411032,937.947349484195,1615.0420592930702,-677.0947098088752,57070.67913975003,47429.32086024997,0.18452360343540775,0.3496062527742524,51233.333333333336,51610.0,51800.0,52250.0,0.9843053671769038,0.9722488038277513,-640.0,0.00994035785288272,0.00994035785288272,0.031496062992125984,0.022132796780684104,0.07239757644408254,0.08611319432463807,729840.4,695588.1,-0.12887083737200622,0.746806910584008,23.99621597362396,3815.232013003038,147249729.0,44.96124031007752,48.32041343669247,-0.04372623574144485,0.06585612968591703,-0.10272727272727278,0.010690083932451633,-0.013779527559055118,50100.0
2026-03-13,49150.0,50500.0,48800.0,50100.0,481387,-0.013779527559055094,-0.013875346493617068,51407.142857142855,51950.0,52147.619047619046,0.08035404867642372,1700.0,-950.0,49.35989601741557,750.6567147652167,1442.1649903874995,-691.5082756222828,56985.90455523527,47204.09544476473,0.18776867473789305,0.2960499967368476,50400.0,50630.0,51280.0,52095.0,0.9895318980841399,0.961704578174489,-1465.0,-0.013779527559055094,0.013779527559055094,0.033932135728542916,0.019328585961342827,0.06257932170684698,0.08473592418632929,599067.0,690642.55,-0.07331125955300599,0.6970132378898461,23.906203086510896,3685.572583502821,146768342.0,39.53488372093023,41.860465116279045,0.00994035785288272,-0.04372623574144485,0.06585612968591703,-0.01585513514920574,0.0,50100.0
2026-03-16,50000.0,51000.0,48800.0,50100.0,328024,0.0,0.0,51178.57142857143,51778.57142857143,52000.0,0.06026893804158796,2200.0,-100.0,49.35989601741557,595.3645455151272,1272.8049014130252,-677.4403558978979,56999.10259531079,47130.89740468921,0.1895362564221949,0.3008756443504567,50333.333333333336,50780.0,50800.0,52065.0,0.9866089011421819,0.9622587150677039,-1285.0,0.0,0.0,0.043912175648702596,0.002,0.040220608786685944,0.0847605029046842,513663.0,684416.4,-0.3185856701572747,0.4792754820018924,23.522618342554946,3579.4602561097627,146768342.0,39.53488372093023,41.343669250645966,-0.013779527559055094,0.00994035785288272,-0.04372623574144485,-0.0012797232353907912,-0.016966067864271458,49250.0
2026-03-17,51200.0,51300.0,49150.0,49250.0,597186,-0.01696606786427146,-0.01711164047272123,50357.142857142855,51460.71428571428,51930.95238095238,0.05269025284832191,2150.0,1950.0,47.93880902835411,399.1058425925221,1098.0650896489246,-698.9592470564025,57050.425577064205,46954.574422935795,0.19414165000006556,0.22736325466977156,49816.666666666664,50110.0,50435.0,52002.5,0.9828377569347435,0.9470698524109418,-1892.5,-0.01696606786427146,0.01696606786427146,0.04365482233502538,-0.0380859375,0.020344870577893807,0.08420181675424734,504477.0,692790.95,0.8205558129892934,0.8620002902751545,24.104648548273868,3477.3559521019224,146171156.0,32.945736434108525,37.33850129198964,0.0,-0.013779527559055094,0.00994035785288272,-0.010248531807775518,0.03959390862944162,51200.0
2026-03-18,50100.0,51200.0,49800.0,51200.0,581430,0.039593908629441676,0.03883016442736426,50621.42857142857,51332.142857142855,51964.28571428572,0.03643310501782526,1400.0,-1100.0,51.39596609699682,396.3492423814532,957.7219201954305,-561.3726778139772,56976.36386385982,46878.63613614018,0.19445819128052844,0.4279540883239589,50183.333333333336,50290.0,51040.0,51927.5,1.018095048717439,0.9859900823263203,-1637.5,0.039593908629441676,0.039593908629441676,0.02734375,0.021956087824351298,0.02276844483760981,0.06823375030264878,501499.4,692909.1,-0.026383739739377687,0.8391143946586933,24.116740676424094,3368.2590983803566,146752586.0,48.06201550387597,40.18087855297155,-0.01696606786427146,0.0,-0.013779527559055094,0.007542613588390072,-0.0517578125,48550.0
2026-03-19,49650.0,50500.0,48550.0,48550.0,665073,-0.0517578125,-0.053145337308128184,50042.857142857145,50850.0,51766.666666666664,0.03161587690735642,1950.0,1100.0,46.84346584697382,178.27670099236275,801.832876354817,-623.5561753624543,57049.01568756343,46510.98431243657,0.2035154765377917,0.19349113842801424,49666.666666666664,49840.0,50725.0,51780.0,0.9741171749598716,0.9376207029741213,-1940.0,-0.0517578125,0.0517578125,0.04016477857878476,-0.022155085599194362,0.0330001006359722,0.053178792616055376,530620.0,706743.85,0.1438573860997885,0.9410382559395459,24.19800156179975,3316.954877067474,146087513.0,27.51937984496124,36.17571059431521,0.039593908629441676,-0.01696606786427146,0.0,-0.009709990578276595,0.025746652935118436,49800.0
2026-03-20,49500.0,50400.0,49000.0,49800.0,430638,0.025746652935118464,0.02542078929327335,49971.42857142857,50485.71428571428,51685.71428571428,0.030406519319284096,1400.0,-300.0,49.13228760809857,105.10560217193415,662.4874215182405,-557.3818193463063,56721.65813761004,46368.34186238996,0.20085975895276115,0.3314549702131158,49850.0,49780.0,50205.0,51545.0,1.0004017677782242,0.9661460859443205,-1765.0,0.025746652935118464,0.025746652935118464,0.028112449799196786,0.006060606060606061,0.03603816373741226,0.04889517768510327,520470.2,692694.2,-0.35249513963128865,0.6216855865113351,23.78879337203301,3212.1723858483692,146518151.0,37.2093023255814,37.59689922480617,-0.0517578125,0.039593908629441676,-0.01696606786427146,0.004527583021520047,-0.09738955823293173,44950.0
2026-03-23,48650.0,48650.0,44750.0,44950.0,708628,-0.09738955823293172,-0.10246422311297795,49135.71428571428,49917.857142857145,51230.95238095238,0.048000566644632994,3900.0,3700.0,41.640467762052005,-340.31455333890335,461.9270265468117,-802.241579885715,56789.70587649522,45325.29412350478,0.22453923033815693,-0.03273557611073089,47766.666666666664,48750.0,49765.0,51057.5,0.9220512820512821,0.8803799637663419,-2307.5,-0.09738955823293172,0.09738955823293172,0.0867630700778643,-0.07605344295991778,0.05623828290230018,0.047771890217579,596591.0,702449.95,0.6455305848531714,1.0087950038290985,24.184392025099694,3343.4457868592003,145809523.0,1.8604651162790697,22.19638242894054,0.025746652935118464,-0.0517578125,0.039593908629441676,-0.041133572599271084,0.07230255839822025,48200.0
2026-03-24,47150.0,49350.0,44850.0,48200.0,671057,0.0723025583982202,0.0698082601389253,48864.28571428572,50135.71428571428,50921.42857142857,0.058352103519441756,4500.0,-1050.0,47.42569216529394,-426.15297086632927,284.3110270641835,-710.4639979305127,56668.69086539396,45016.30913460604,0.22918585299282926,0.27322232818566294,47650.0,48540.0,49325.0,50842.5,0.9929954676555418,0.9480257658455032,-2302.5,0.0723025583982202,0.0723025583982202,0.09336099585062241,0.022269353128313893,0.06999170547157768,0.04891284653755133,611365.2,699915.6,-0.05301935571272942,0.958768457225414,24.19972366025461,3426.0568020835435,146480580.0,32.093023255813954,23.720930232558118,-0.09738955823293172,0.025746652935118464,-0.0517578125,0.00021988436680231427,0.03734439834024896,50000.0
2026-03-25,48800.0,50200.0,48200.0,50000.0,584343,0.03734439834024905,0.036663984371591525,48850.0,50014.28571428572,50802.380952380954,0.060535142656939545,2000.0,-1200.0,50.360691184007486,-344.9591045887646,158.45700073359393,-503.41610532235853,56334.71901898048,44980.28098101952,0.22414130262963952,0.442093127127754,47716.666666666664,48300.0,49295.0,50657.5,1.0351966873706004,0.9870206780832058,-2357.5,0.03734439834024905,0.03734439834024905,0.04,0.02459016393442623,0.06966153564668943,0.048978938222612886,611947.8,705928.35,-0.12922002154809498,0.8277653107429387,24.098021702611963,3324.195601934719,147064923.0,48.83720930232558,27.596899224806176,0.0723025583982202,-0.09738955823293172,0.025746652935118464,0.004085799501845844,-0.061,46950.0
2026-03-26,49350.0,51000.0,46950.0,46950.0,495878,-0.061000000000000054,-0.0629397997738742,48521.42857142857,49439.28571428572,50480.95238095238,0.06497363351512687,4050.0,2400.0,45.70474740646166,-520.7193620113176,22.621728184611626,-543.3410901959292,56150.179484982145,44559.820515017855,0.23017295144403319,0.20622135096731256,48383.333333333336,47980.0,48910.0,50355.0,0.9785327219674864,0.9323801012809055,-2375.0,-0.061000000000000054,0.061000000000000054,0.08626198083067092,-0.0486322188449848,0.07138822994454598,0.052473060830915255,578108.8,709977.5,-0.15139224736156676,0.6984418520305221,23.870923692389464,3376.038773225096,146569045.0,24.30939226519337,35.07987494111094,0.03734439834024905,0.0723025583982202,-0.09738955823293172,0.016215652246156398,-0.009584664536741214,46500.0
2026-03-27,46550.0,47000.0,44300.0,46500.0,525099,-0.009584664536741228,-0.0096308930609613,47850.0,49235.71428571428,50171.42857142857,0.06180171602465513,2700.0,50.0,45.043077386382514,-688.386579513186,-119.57993335494791,-568.8066461582381,55460.2302880375,44369.7697119625,0.2221869293013122,0.19207771159954878,47816.666666666664,47320.0,48550.0,49915.0,0.9826711749788672,0.9315836922768707,-2595.0,-0.009584664536741228,0.009584664536741228,0.05806451612903226,-0.0010741138560687433,0.06935315762976431,0.052425950538589415,597001.0,694110.25,0.05892780078971027,0.7565066212464087,23.918549686841377,3327.7502894233035,146043946.0,23.157894736842106,32.10149876812033,-0.061000000000000054,0.03734439834024905,0.0723025583982202,-0.011080088732164076,-0.053763440860215055,44000.0
2026-03-30,44250.0,45000.0,43650.0,44000.0,381851,-0.053763440860215006,-0.055262678675049415,47200.0,48621.42857142857,49633.333333333336,0.062031389294516556,1350.0,250.0,41.45266160844104,-1011.3351222338824,-297.93097113073486,-713.4041511031476,54994.32686030773,43745.67313969227,0.22784390764868262,0.022609537694419764,45816.666666666664,47130.0,47940.0,49370.0,0.9335879482283047,0.8912294915940855,-2240.0,-0.053763440860215006,0.053763440860215006,0.03068181818181818,-0.005649717514124294,0.05762467494780156,0.05444081878424112,531645.6,677432.95,-0.27280189069108873,0.563673497133554,23.5447306721024,3293.62526875021,145662095.0,3.5175879396984926,16.994958313911294,-0.009584664536741228,-0.061000000000000054,0.03734439834024905,-0.041449368465652094,0.005681818181818182,44250.0
2026-03-31,43500.0,47400.0,41850.0,44250.0,787452,0.005681818181818121,0.0056657375356773,46407.142857142855,48189.28571428572,49126.19047619047,0.060362884518071924,5550.0,-750.0,41.95096788299648,-1232.8892782431503,-484.92263255321797,-747.9666456899324,54746.19357537748,43128.80642462252,0.23739233002819848,0.09650996052968933,44916.666666666664,46340.0,47440.0,48937.5,0.9548985757444972,0.9042145593869731,-2597.5,0.005681818181818121,0.005681818181818121,0.12542372881355932,0.017241379310344827,0.04125412279585573,0.05466099176739288,554924.6,649693.7,1.0621970349691372,1.2120357639299875,24.274168345908077,3454.7948924109096,146449547.0,25.396825396825395,17.357436024455303,-0.053763440860215006,-0.009584664536741228,-0.061000000000000054,-0.01922209573837937,0.09717514124293786,48550.0
2026-04-01,46950.0,48550.0,46650.0,48550.0,440563,0.0971751412429378,0.09273882328339535,46921.42857142857,48028.57142857143,48919.04761904762,0.05931583711647896,1900.0,-1600.0,49.85627776498392,-1049.4016309200088,-597.8184322265762,-451.58319869343256,54642.01134152544,43572.98865847456,0.22540391351730135,0.4496342165010055,45600.0,46050.0,47175.0,49107.5,1.0542888165038002,0.9886473552919615,-3057.5,0.0971751412429378,0.0971751412429378,0.03913491246138002,0.03407880724174654,0.06341587070640947,0.06280763889931179,526168.6,620349.2,-0.4405208190467482,0.7101854890761526,23.786158207194564,3515.1666858101307,146890110.0,70.8994708994709,33.271294745331566,0.005681818181818121,-0.053763440860215006,-0.009584664536741228,0.016364506188180306,-0.04840370751802266,46200.0
2026-04-02,48450.0,48950.0,45350.0,46200.0,714915,-0.0484037075180227,-0.0496143966496408,46635.71428571428,47750.0,48969.04761904762,0.056700956726008875,3600.0,2250.0,46.15677416150249,-1081.1488971947983,-694.4845252202206,-386.66437197457776,54371.194031894825,43293.805968105175,0.22684458227184048,0.2623537259107809,46333.333333333336,45900.0,46940.0,48832.5,1.0065359477124183,0.9460912302257718,-2932.5,-0.0484037075180227,0.0484037075180227,0.07792207792207792,-0.04643962848297214,0.060796298650936866,0.06252978073179032,569976.0,602136.3,0.6227304607967532,1.1872976267997792,24.22065401059045,3521.2262082522648,146175195.0,46.03174603174603,47.44268077601408,0.0971751412429378,0.005681818181818121,-0.053763440860215006,0.018151083968911075,-0.004329004329004329,46000.0
2026-04-03,47150.0,47475.0,45100.0,46000.0,390752,-0.0043290043290042934,-0.00433840159859813,46064.28571428572,47457.142857142855,48697.619047619046,0.053584703843601277,2375.0,1150.0,45.84498411500334,-1109.6557423138584,-777.5187686389482,-332.1369736749101,53230.752533808336,43534.247466191664,0.2004134773444256,0.25429291446906854,46916.666666666664,45800.0,46560.0,48382.5,1.0043668122270741,0.9507569885805818,-2582.5,-0.0043290043290042934,0.0043290043290042934,0.051630434782608696,-0.024390243902439025,0.06067291228585322,0.061701188142675015,543106.6,564911.2,-0.45342872928949596,0.6917051741937494,23.612225042159615,3439.3529076628174,145784443.0,43.91534391534392,53.615520282186914,-0.0484037075180227,0.0971751412429378,0.005681818181818121,0.01481414313197027,-0.021739130434782608,45000.0
2026-04-06,46050.0,46800.0,44500.0,45000.0,477394,-0.021739130434782594,-0.02197890671877523,45785.71428571428,47153.57142857143,48221.42857142857,0.04913538478633969,2300.0,1050.0,44.23598005791512,-1199.1165954149692,-861.8383339941525,-337.27826142081665,53216.534420351905,43113.465579648095,0.20975955238666688,0.18672884943150436,45733.333333333336,46000.0,46565.0,48165.0,0.9782608695652174,0.9342883836810962,-2165.0,-0.021739130434782594,0.021739130434782594,0.051111111111111114,-0.02280130293159609,0.05510988371069138,0.053350468509714206,562215.2,551028.7,0.2217314306772582,0.8663686664596599,23.79051519352981,3357.970557115473,145307049.0,33.68983957219251,41.21230983976079,-0.0043290043290042934,-0.0484037075180227,0.0971751412429378,-0.02482394742726986,-0.005555555555555556,44750.0
2026-04-07,46500.0,47000.0,43650.0,44750.0,690785,-0.005555555555555536,-0.00557104504945536,45535.71428571428,46692.857142857145,48002.380952380954,0.049110165673715095,3350.0,1750.0,43.821902934917716,-1275.4848809453033,-944.5676433843828,-330.9172375609205,52587.44111020445,42957.55888979555,0.2015779417114217,0.18613323290763345,45250.0,46100.0,46220.0,47772.5,0.9707158351409978,0.9367313831179026,-1672.5,-0.005555555555555536,0.005555555555555536,0.07486033519553073,-0.03763440860215054,0.055338305504339436,0.047171730780125265,542881.8,553412.15,0.4469913740013489,1.2482288290923862,24.154430634799425,3357.4012316072253,144616264.0,31.693989071038253,36.43305751952487,-0.021739130434782594,-0.0043290043290042934,-0.0484037075180227,-0.010541230106447474,0.07039106145251396,47900.0
2026-04-08,47000.0,48400.0,46250.0,47900.0,1298968,0.07039106145251406,0.06802405969600527,46092.857142857145,46646.42857142857,47778.57142857143,0.050372013122192416,2150.0,-900.0,50.153269905710175,-1069.5000917631332,-969.5541330601329,-99.94595870300031,52319.57109776345,42985.42890223655,0.19587938084102416,0.5265155592035663,45883.333333333336,45970.0,46010.0,47652.5,1.041983902545138,1.005193851319448,-1682.5,0.07039106145251406,0.07039106145251406,0.04488517745302714,0.019148936170212766,0.04416288856661604,0.05153400946843293,714562.8,588544.65,0.8804229970251236,2.207084883024593,24.853951444430283,3378.301143635281,145915232.0,66.12021857923497,43.83468240748855,-0.005555555555555536,-0.021739130434782594,-0.0043290043290042934,0.014365458487391977,-0.059498956158663886,45050.0
2026-04-09,47100.0,48300.0,45050.0,45050.0,2424287,-0.05949895615866385,-0.0613425203625226,46207.142857142855,46307.142857142855,47528.57142857143,0.057647380448503455,3250.0,2050.0,45.19078357526443,-1123.278389791194,-1000.2989844063452,-122.97940538484886,51922.82727554305,42807.17272445695,0.19245549564205855,0.2460412758045801,45900.0,45740.0,45820.0,47365.0,0.984914735461303,0.9511242478623456,-1625.0,-0.05949895615866385,0.05949895615866385,0.07214206437291898,-0.0435244161358811,0.047252676804918306,0.05134851766861837,1056437.2,683785.5,0.8663177229924062,3.545391061963145,25.416576281548267,3369.136776232761,143490945.0,34.97267759562842,44.26229508196719,0.07039106145251406,-0.005555555555555536,-0.021739130434782594,0.0017788499127648905,0.09877913429522753,49500.0
2026-04-10,46450.0,51000.0,46050.0,49500.0,5977913,0.09877913429522756,0.09419968552029773,46342.857142857145,46632.142857142855,47466.666666666664,0.05802963431347693,4950.0,-3050.0,53.00910654366804,-797.6257356560163,-959.7643346562795,162.13859900026318,51824.414450155295,42845.585549844705,0.18968688920060398,0.7411227593305748,47483.333333333336,46440.0,46120.0,47335.0,1.065891472868217,1.0457378261328827,-895.0,0.09877913429522756,0.09877913429522756,0.1,0.06566200215285253,0.06595191309114347,0.06042745823038825,2173869.4,958611.8,1.4658437717976462,6.236010238972647,26.41331001691795,3553.4841493589925,149468858.0,83.60655737704919,61.56648451730416,-0.05949895615866385,0.07039106145251406,-0.005555555555555536,0.03655707986302592,0.05454545454545454,52200.0
2026-04-13,50500.0,53900.0,49800.0,52200.0,2168331,0.05454545454545445,0.05310982531394833,47200.0,46917.857142857145,47566.666666666664,0.05550897145638141,4100.0,-1700.0,57.015556805128696,-318.0103999585772,-831.4135477167391,513.4031477581619,52285.79035973765,42594.20964026235,0.2042913305117053,0.9911479497286492,48916.666666666664,47880.0,46940.0,47440.0,1.0902255639097744,1.1003372681281618,440.0,0.05454545454545445,0.05454545454545445,0.07854406130268199,0.033663366336633666,0.06368623108365433,0.05780169684659045,2512056.8,1050627.15,-0.6372762534349362,2.063844438057783,25.45230607904431,3613.9495672619214,151637189.0,85.89211618257261,68.15711705175003,0.09877913429522756,-0.05949895615866385,0.07039106145251406,0.031275210894006054,0.0019157088122605363,52300.0
2026-04-14,54000.0,54000.0,51100.0,52300.0,1190997,0.0019157088122605526,0.0019138761822841976,48100.0,47082.142857142855,47671.42857142857,0.05514921009915275,2900.0,1700.0,57.1612381300392,69.35785906315141,-651.2592663607611,720.6171254239125,52852.40544241604,42332.59455758396,0.2210392579677908,0.947489032981332,51333.333333333336,49390.0,47745.0,47592.5,1.0589188094756024,1.0989126437989178,1797.5,0.0019157088122605526,0.0019157088122605526,0.055449330783938815,-0.03148148148148148,0.06267221509278519,0.057908146884885325,2612099.2,1080317.7,-0.45073100001798616,1.102450695753666,24.855052979511644,3562.953169600356,152828186.0,86.0082304526749,85.16896800409886,0.05454545454545445,0.09877913429522756,-0.05949895615866385,0.051746765884314185,0.08030592734225621,56500.0
2026-04-15,53300.0,57900.0,52300.0,56500.0,2238841,0.08030592734225617,0.07724426708151799,49742.857142857145,47764.28571428572,48016.666666666664,0.0558076421642691,5600.0,-3200.0,62.85531391767557,707.1038413843053,-379.5866448117479,1086.6904861960531,54286.732171557465,41428.267828442535,0.26868232446565177,1.172125361892661,53666.666666666664,51110.0,48540.0,47857.5,1.1054588143220505,1.1805882045656375,3252.5,0.08030592734225617,0.08030592734225617,0.09911504424778761,0.0600375234521576,0.06427836630867323,0.05555389428517787,2800073.8,1163188.25,0.8798040633183795,1.924745199240106,25.56346479635626,3708.456514628902,155067027.0,91.27725856697819,87.72586840074187,0.0019157088122605526,0.05454545454545445,0.09877913429522756,0.045589030233323724,,
