Date,Open,High,Low,Close,Volume,simple_return,log_return,ma_7,ma_14,ma_21,volatility_7,hl_diff,oc_diff,RSI_14,MACD,MACD_signal,MACD_hist,BB_upper,BB_lower,BB_width,BB_percent,MA_3,MA_5,MA_10,MA_20,Close_MA5_ratio,Close_MA20_ratio,MA5_MA20_gap,daily_return,abs_return,high_low_ratio,open_close_ratio,pct_volatility_5,pct_volatility_10,Volume_MA5,Volume_MA20,Volume_change,Volume_ratio,log_trading_value,ATR_14,OBV,Stoch_K,Stoch_D,lag_1_return,lag_2_return,lag_3_return,MA3_return,target_next_return,target_next_close
2021-04-15,2585.0,2615.0,2555.0,2565.0,427532,,,,,,,60.0,20.0,,0.0,0.0,0.0,,,,,,,,,,,,,,0.023391812865497075,-0.007736943907156673,,,,,,,20.81549817687548,60.0,,,,,,,,-0.001949317738791423,2560.0
2021-04-16,2565.0,2575.0,2540.0,2560.0,325114,-0.0019493177387914784,-0.0019512201312618048,,,,,35.0,5.0,0.0,-0.3988603988605064,-0.07977207977210128,-0.3190883190884051,,,,,,,,,,,,-0.0019493177387914784,0.0019493177387914784,0.013671875,-0.001949317738791423,,,,,-0.23955633730340653,,20.53969370771261,58.214285714285715,-325114.0,,,,,,,-0.013671875,2525.0
2021-04-19,2570.0,2570.0,2505.0,2525.0,346330,-0.013671875,-0.013766195764147959,,,,,65.0,45.0,0.0,-3.4988352367267908,-0.7635847111630393,-2.7352505255637514,,,,,2550.0,,,,,,,-0.013671875,0.013671875,0.02574257425742574,-0.017509727626459144,,,,,0.0652571098137884,,20.589143699580855,58.69897959183673,-671444.0,,,-0.0019493177387914784,,,,0.009900990099009901,2550.0
2021-04-20,2520.0,2565.0,2510.0,2550.0,285104,0.00990099009900991,0.00985229644301164,,,,,55.0,-30.0,21.212121212121204,-3.893415691046812,-1.3895509071397938,-2.503864783907018,,,,,2545.0,,,,,,,0.00990099009900991,0.00990099009900991,0.021568627450980392,0.011904761904761904,,,,,-0.17678514711402415,,20.404457944495157,58.4347667638484,-386340.0,,,-0.013671875,-0.0019493177387914784,,-0.001906734213260523,0.00392156862745098,2560.0
2021-04-21,2555.0,2630.0,2520.0,2560.0,746620,0.0039215686274509665,0.003913899321136315,,,,,110.0,-5.0,27.8086287911149,-3.360469714334158,-1.7837346685786666,-1.5767350457554916,,,,,2545.0,2552.0,,,1.0031347962382444,,,0.0039215686274509665,0.0039215686274509665,0.04296875,0.0019569471624266144,,,426140.0,,1.6187636792188114,,21.371074171206708,62.1179977092878,360280.0,,,0.00990099009900991,-0.013671875,-0.0019493177387914784,5.022790882029208e-05,-0.013671875,2525.0
2021-04-22,2565.0,2570.0,2510.0,2525.0,372570,-0.013671875,-0.013766195764147959,,,,,60.0,40.0,21.137947398656237,-5.69664628854116,-2.5663169925711653,-3.130329295969995,,,,,2545.0,2544.0,,,0.9925314465408805,,,-0.013671875,0.013671875,0.023762376237623763,-0.015594541910331383,0.010525934011981984,,415147.6,,-0.5009911333744073,,20.66217656138264,61.96671215862438,-12290.0,,,0.0039215686274509665,0.00990099009900991,-0.013671875,5.022790882029208e-05,-0.009900990099009901,2500.0
2021-04-23,2520.0,2525.0,2485.0,2500.0,289133,-0.00990099009900991,-0.009950330853168092,2540.714285714286,,,,40.0,20.0,17.845134229004373,-9.456367008634516,-3.9443269957838356,-5.5120400128506795,,,,,2528.3333333333335,2532.0,,,0.9873617693522907,,,-0.00990099009900991,0.00990099009900991,0.016,-0.007936507936507936,0.010903652213395353,,407951.4,,-0.22394986177094234,,20.39868808108372,60.39766129015121,-301423.0,,,-0.013671875,0.0039215686274509665,0.00990099009900991,-0.0065504321571863144,-0.004,2490.0
2021-04-26,2500.0,2520.0,2475.0,2490.0,323243,-0.0040000000000000036,-0.004008021397538822,2530.0,,,0.008985876955019486,45.0,10.0,16.722955612195918,-13.091973076985596,-5.773856212024188,-7.318116864961408,,,,,2505.0,2525.0,,,0.9861386138613861,,,-0.0040000000000000036,0.0040000000000000036,0.018072289156626505,-0.004,0.0097023694442263,,403334.0,,0.11797338940902624,,20.50619763203507,59.2978283408547,-624666.0,,,-0.00990099009900991,-0.013671875,0.0039215686274509665,-0.009190955033003304,-0.006024096385542169,2475.0
2021-04-27,2510.0,2510.0,2465.0,2475.0,330712,-0.0060240963855421326,-0.006042314455962586,2517.8571428571427,,,0.00894520049172305,45.0,35.0,15.180849730112897,-16.987767311995412,-8.016638432018432,-8.97112887997698,,,,,2488.3333333333335,2510.0,,,0.9860557768924303,,,-0.0060240963855421326,0.0060240963855421326,0.01818181818181818,-0.013944223107569721,0.006642522496645563,,412455.6,,0.02310645551489121,,20.52299886120071,58.27655488793651,-955378.0,,,-0.0040000000000000036,-0.00990099009900991,-0.013671875,-0.006641695494850682,-0.01616161616161616,2435.0
2021-04-28,2475.0,2495.0,2435.0,2435.0,402808,-0.016161616161616155,-0.016293639486100502,2505.0,,,0.009405474380419896,60.0,40.0,12.002357635142957,-23.037318153533306,-11.020774376321407,-12.016543777211899,,,,,2466.6666666666665,2485.0,2518.5,,0.9798792756539235,,,-0.016161616161616155,0.016161616161616155,0.024640657084188913,-0.01616161616161616,0.005080702099613833,,343693.2,,0.21800237064273453,,20.703917337138734,58.39965811022676,-1358186.0,,,-0.0060240963855421326,-0.0040000000000000036,-0.00990099009900991,-0.008728570849052764,-0.006160164271047228,2420.0
2021-04-29,2450.0,2460.0,2395.0,2420.0,299733,-0.006160164271047264,-0.00617921636595812,2486.4285714285716,,,0.0066949411341289886,65.0,30.0,11.066616213523844,-28.711042395153527,-14.55882798008783,-14.152214415065696,,,,,2443.3333333333335,2464.0,2504.0,,0.9821428571428571,,,-0.006160164271047264,0.006160164271047264,0.026859504132231406,-0.012244897959183673,0.004808982484385625,0.008215052117938122,329125.8,,-0.255891144167941,,20.40217017788256,58.871111102353424,-1657919.0,,,-0.016161616161616155,-0.0060240963855421326,-0.0040000000000000036,-0.009448625606068517,0.01859504132231405,2465.0
2021-04-30,2440.0,2490.0,2400.0,2465.0,368139,0.018595041322314154,0.018424267326058504,2472.8571428571427,,,0.011401192581218826,90.0,-25.0,28.96018775873965,-29.239332984512657,-17.494928980972798,-11.74440400353986,,,,,2440.0,2457.0,2494.5,,1.0032560032560032,,,0.018595041322314154,0.018595041322314154,0.036511156186612576,0.010245901639344262,0.012839330828313827,0.011275862538798326,344927.0,,0.22822311857553212,,20.62616295080388,61.09460316647104,-1289780.0,,,-0.006160164271047264,-0.016161616161616155,-0.0060240963855421326,-0.0012422463701164215,0.04259634888438134,2570.0
2021-05-03,2500.0,2600.0,2500.0,2570.0,1285378,0.04259634888438124,0.0417140914124749,2479.285714285714,,,0.020372323024962353,100.0,-70.0,52.815789600815194,-20.943955719942096,-18.18473432876666,-2.759221391175437,,,,,2485.0,2473.0,2499.0,,1.0392236150424585,,,0.04259634888438124,0.04259634888438124,0.038910505836575876,0.028,0.02387411856054484,0.01786851694841191,537354.0,,2.4915561785086613,,21.918224574669985,66.37356008315167,-4402.0,,,0.018595041322314154,-0.006160164271047264,-0.016161616161616155,0.018343741978549377,0.0,2570.0
2021-05-04,2560.0,2580.0,2500.0,2570.0,541973,0.0,0.0,2489.285714285714,2515.0,,0.019692704901749934,80.0,-10.0,52.815789600815194,-14.206050960293851,-17.3889976550721,3.1829466947782485,,,,,2535.0,2492.0,2501.0,,1.0313001605136436,,,0.0,0.0,0.0311284046692607,0.00390625,0.023222837079387465,0.017649472158009168,579606.2,,-0.5783551608943049,,21.054632642290002,67.34687722006942,-4402.0,74.46808510638297,,0.04259634888438124,0.018595041322314154,-0.006160164271047264,0.020397130068898466,0.017509727626459144,2615.0
2021-05-06,2570.0,2640.0,2530.0,2615.0,687049,0.017509727626459082,0.017358198609757732,2507.1428571428573,2518.5714285714284,,0.019909217322535623,110.0,-45.0,59.56480868826151,-5.175429841362984,-14.946284092330277,9.770854250967293,,,,,2585.0,2528.0,2506.5,,1.0344145569620253,,,0.017509727626459082,0.017509727626459082,0.04206500956022945,0.017509727626459144,0.019054689033920304,0.01841284685995709,636454.4,,0.2676812313528534,,21.309180270316336,70.39352884720732,682647.0,89.79591836734694,,0.0,0.04259634888438124,0.018595041322314154,0.020035358836946775,-0.0038240917782026767,2605.0
2021-05-07,2615.0,2630.0,2560.0,2605.0,495467,-0.003824091778202643,-0.0038314223115559487,2525.714285714286,2521.785714285714,,0.01968414258054421,70.0,10.0,57.593346515179164,1.161101574794884,-11.724806958905246,12.88590853370013,,,,,2596.6666666666665,2565.0,2514.5,,1.0155945419103314,,,-0.003824091778202643,0.003824091778202643,0.026871401151631478,-0.0038240917782026767,0.01843993582806494,0.017715124780846615,675601.2,,-0.27884765133200107,,20.978443986102036,70.36541964383537,187180.0,85.71428571428571,83.32609639600521,0.017509727626459082,0.0,0.04259634888438124,0.00456187861608548,-0.009596928982725527,2580.0
2021-05-10,2605.0,2620.0,2550.0,2580.0,446653,-0.009596928982725572,-0.00964327627180423,2546.4285714285716,2525.714285714286,,0.018478429186741637,70.0,25.0,52.88114116584668,4.1180865695077955,-8.556228253222638,12.674314822730434,,,,,2600.0,2588.0,2522.5,,0.9969088098918083,,,-0.009596928982725572,0.009596928982725572,0.027131782945736434,-0.009596928982725527,0.021165215198444276,0.017690263163449373,691304.0,,-0.09852119313697982,,20.865081964559405,70.33931824070427,-259473.0,75.51020408163265,83.6734693877551,-0.003824091778202643,0.017509727626459082,0.0,0.0013629022885102888,0.015503875968992248,2620.0
2021-05-11,2555.0,2665.0,2555.0,2620.0,1053198,0.015503875968992276,0.015384918839479456,2575.0,2530.714285714286,,0.017437592490674888,110.0,-65.0,58.70315735246472,9.578766134373836,-4.929229375703343,14.50799551007718,,,,,2601.6666666666665,2598.0,2535.5,,1.0084680523479599,,,0.015503875968992276,0.015503875968992276,0.04198473282442748,0.025440313111545987,0.012009492027316826,0.017871049711180552,644868.0,,1.3579781172409007,,21.73827140474548,73.17222408065398,793725.0,83.33333333333333,81.51927437641723,-0.009596928982725572,-0.003824091778202643,0.017509727626459082,0.0006942850693546868,-0.03625954198473282,2525.0
2021-05-12,2625.0,2650.0,2505.0,2525.0,602793,-0.0362595419847328,-0.03693325504568232,2583.5714285714284,2528.214285714286,,0.02472239976370812,145.0,100.0,44.6062793332391,6.169569028392743,-2.7094696948841257,8.879038723276869,,,,,2575.0,2589.0,2540.5,,0.9752800308999614,,,-0.0362595419847328,0.0362595419847328,0.05742574257425743,-0.0380952380952381,0.02186825515971682,0.022056780342694128,657032.0,,-0.42765462904411133,,21.143325475558402,78.30277950346441,190932.0,48.148148148148145,68.99722852103804,0.015503875968992276,-0.009596928982725572,-0.003824091778202643,-0.010117531666155366,-0.027722772277227723,2455.0
2021-05-13,2480.0,2530.0,2440.0,2455.0,462958,-0.027722772277227747,-0.028114301480839272,2567.1428571428573,2523.214285714286,,0.020415536225198986,90.0,25.0,37.46679087659265,-2.155808408240773,-2.5987374375554553,0.44292902931468214,2648.950522648866,2412.049477351134,0.09361827516211492,0.1813015328610588,2533.3333333333335,2557.0,2542.5,2530.5,0.9601095033242081,0.9701639992096424,26.5,-0.027722772277227747,0.027722772277227747,0.03665987780040733,-0.010080645161290322,0.020396646632069925,0.02339002618992373,612213.8,504625.35,-0.23197847353900924,0.9174291382706002,20.851273657319208,79.13829525321695,-272026.0,22.22222222222222,51.23456790123456,-0.0362595419847328,0.015503875968992276,-0.009596928982725572,-0.016159479430989426,0.014256619144602852,2490.0
2021-05-14,2475.0,2490.0,2450.0,2490.0,211981,0.014256619144602745,0.01415594923013224,2555.714285714286,2522.5,2528.5714285714284,0.021823858014035285,40.0,-15.0,42.42852133353043,-5.861949608928171,-3.2513798718299984,-2.6105697370981726,2645.3503905203474,2408.1496094796526,0.09387584091845054,0.3450679637783526,2490.0,2534.0,2549.5,2526.75,0.9826361483820047,0.985455624814485,7.25,0.014256619144602745,0.014256619144602745,0.01606425702811245,0.006060606060606061,0.023637958644508923,0.023579666310552586,555516.6,493847.8,-0.5421161314849295,0.4292435847643748,20.084289918349583,76.34270273513003,-60045.0,35.18518518518518,35.18518518518518,-0.027722772277227747,-0.0362595419847328,0.015503875968992276,-0.016575231705785936,-0.02208835341365462,2435.0
2021-05-17,2485.0,2495.0,2425.0,2435.0,319127,-0.02208835341365467,-0.022335953942063187,2530.0,2518.5714285714284,2522.3809523809523,0.020295888676040104,70.0,50.0,37.40578324345682,-13.086283032726897,-5.218360504009379,-7.867922528717518,2644.762032140067,2396.237967859933,0.098601096718958,0.15596892901435364,2460.0,2505.0,2546.5,2520.5,0.9720558882235529,0.9660781590954176,-15.5,-0.02208835341365467,0.02208835341365467,0.028747433264887063,-0.02012072434607646,0.024395983772474667,0.024113903642679586,530011.4,493548.45,0.5054509602275676,0.6465971071330484,20.471046458464418,75.8896525397636,-379172.0,14.814814814814815,24.074074074074073,0.014256619144602745,-0.027722772277227747,-0.0362595419847328,-0.011851502182093224,0.0,2435.0
2021-05-18,2435.0,2465.0,2425.0,2435.0,203227,0.0,0.0,2505.714285714286,2515.714285714286,2516.4285714285716,0.020546014216500055,40.0,0.0,37.40578324345682,-18.59724189145527,-7.894136781498558,-10.703105109956711,2645.96355764517,2386.03644235483,0.1033096642648411,0.1883741817027343,2453.3333333333335,2468.0,2533.0,2516.0,0.9866288492706645,0.9678060413354531,-48.0,0.0,0.0,0.01642710472279261,0.0,0.0208746348492343,0.018724405764585863,360017.2,486393.3,-0.36317829578819716,0.41782442315714463,20.019780897412716,73.3261059297805,-379172.0,14.814814814814815,21.604938271604937,-0.02208835341365467,0.014256619144602745,-0.027722772277227747,-0.0026105780896839756,0.022587268993839837,2490.0
2021-05-20,2440.0,2500.0,2405.0,2490.0,303150,0.022587268993839782,0.022335953942063082,2492.8571428571427,2519.6428571428573,2514.7619047619046,0.023837127968056065,95.0,-50.0,44.962156644017895,-18.315545933006433,-9.978418611800134,-8.3371273212063,2642.4278909175623,2383.5721090824377,0.10300667800840614,0.411147435699738,2453.3333333333335,2461.0,2525.0,2513.0,1.0117838277123121,0.9908475925189018,-52.0,0.022587268993839782,0.022587268993839782,0.03815261044176707,0.020491803278688523,0.022001440403684853,0.020684144889422513,300088.6,487295.6,0.49168171552008344,0.6221069921419361,20.442021002283408,74.87424122051047,-76022.0,35.18518518518518,21.604938271604937,0.0,-0.02208835341365467,0.014256619144602745,0.00016630519339503694,-0.010040160642570281,2465.0
2021-05-21,2495.0,2495.0,2435.0,2465.0,313009,-0.010040160642570295,-0.010090902981962831,2470.714285714286,2522.8571428571427,2510.714285714286,0.022072681166316922,60.0,30.0,42.45342647680486,-19.880421795384336,-11.958819248516974,-7.921602546867362,2637.3878292653567,2379.1121707346433,0.10297046089134392,0.33254325922139955,2463.3333333333335,2463.0,2510.0,2508.25,1.000812017864393,0.9827569022226652,-45.25,-0.010040160642570295,0.010040160642570295,0.02434077079107505,-0.012024048096192385,0.0180117263313543,0.019452322102034663,270098.8,465615.05,0.03252185386772233,0.6722484593227818,20.463934310875366,73.81179541904544,-389031.0,24.528301886792452,24.842767295597483,0.022587268993839782,0.0,-0.02208835341365467,0.004182369450423162,0.0,2465.0
2021-05-24,2540.0,2660.0,2460.0,2465.0,2974373,0.0,0.0,2462.1428571428573,2522.8571428571427,2506.190476190476,0.01829297239981228,200.0,75.0,42.453426476804864,-20.879906624365503,-13.74303672368668,-7.136869900678823,2635.532082623174,2374.967917376826,0.1040072508717087,0.3455274923858161,2473.3333333333335,2458.0,2496.0,2505.25,1.0028478437754271,0.9839337391477896,-47.25,0.0,0.0,0.08113590263691683,-0.02952755905511811,0.016436832354403828,0.01953112873954941,822577.2,595705.2,8.502515902098661,4.993028430841296,22.715490905060296,82.82523860339933,-389031.0,23.076923076923077,27.596803382966907,-0.010040160642570295,0.022587268993839782,0.0,0.004182369450423162,0.05273833671399594,2595.0
2021-05-25,2480.0,2640.0,2480.0,2595.0,1942091,0.05273833671399597,0.05139470912319856,2482.1428571428573,2524.6428571428573,2509.5238095238096,0.024159281320793993,160.0,-115.0,56.94219352163649,-11.054660759614308,-13.205361530872207,2.150700771257899,2646.2659937498406,2373.7340062501594,0.10857848107557021,0.8118899941978349,2508.3333333333335,2490.0,2497.5,2510.0,1.0421686746987953,1.0338645418326693,-20.0,0.05273833671399597,0.05273833671399597,0.06165703275529865,0.046370967741935484,0.025198630112634842,0.0266647694277946,1147170.0,678353.1,-0.34705869102496556,2.8629499887300582,22.340617581442316,89.40915013172796,1553060.0,73.07692307692308,40.22738268021287,0.0,-0.010040160642570295,0.022587268993839782,0.014232725357141892,0.005780346820809248,2610.0
2021-05-26,2590.0,2635.0,2565.0,2610.0,617590,0.005780346820809301,0.005763704716750134,2499.285714285714,2527.5,2514.7619047619046,0.024006158112253272,70.0,-20.0,58.24841703171218,-2.0342583213100625,-10.971140888959779,8.936882567649716,2658.9611651352984,2373.0388348647016,0.11364162570373483,0.8287606110059275,2556.6666666666665,2525.0,2496.5,2516.0,1.0336633663366337,1.0373608903020668,9.0,0.005780346820809301,0.005780346820809301,0.02681992337164751,0.007722007722007722,0.024574706304335416,0.026246970533957862,1230042.6,693070.45,-0.6819973935309931,0.8910926731907269,21.200685586788893,88.02278226517596,2170650.0,78.84615384615384,58.333333333333336,0.05273833671399597,0.0,-0.010040160642570295,0.01950622784493509,-0.011494252873563218,2580.0
2021-05-27,2610.0,2685.0,2540.0,2580.0,1097540,-0.011494252873563204,-0.011560822401075971,2520.0,2525.0,2519.0476190476193,0.02210219773511172,145.0,30.0,54.67588528067945,2.6630285841574732,-8.244306994336329,10.907335578493802,2665.5769315058515,2376.9230684941485,0.11448839385689755,0.7035309674605605,2595.0,2543.0,2502.0,2521.25,1.0145497443963822,1.0233019335647,21.75,-0.011494252873563204,0.011494252873563204,0.0562015503875969,-0.011494252873563218,0.026334862814408604,0.023475445394011994,1388920.6,731411.85,0.7771336971129714,1.5005772739394365,21.76412654800537,92.09258353194912,1073110.0,62.5,71.47435897435896,0.005780346820809301,0.05273833671399597,0.0,0.01567481022041402,0.001937984496124031,2585.0
2021-05-28,2610.0,2610.0,2560.0,2585.0,332535,0.0019379844961240345,0.0019361090268664007,2541.4285714285716,2523.5714285714284,2524.285714285714,0.021993403698952245,50.0,25.0,55.16939982466828,6.711751617396658,-5.253095271989731,11.96484688938639,2669.7567187648947,2387.7432812351053,0.11152286209779115,0.6994585807424806,2591.6666666666665,2567.0,2515.0,2528.75,1.0070120763537203,1.0222441917943648,38.25,0.0019379844961240345,0.0019379844961240345,0.019342359767891684,-0.009578544061302681,0.02485535446411816,0.02098841952728755,1392825.8,727898.2,-0.6970178763416368,0.45684272883213617,20.57198118480202,89.08597042252418,1405645.0,64.28571428571429,68.54395604395604,-0.011494252873563204,0.005780346820809301,0.05273833671399597,-0.001258640518876623,-0.0019342359767891683,2580.0
2021-05-31,2605.0,2620.0,2570.0,2580.0,370413,-0.0019342359767892114,-0.0019361090268664404,2554.285714285714,2523.5714285714284,2531.190476190476,0.021360043816625915,50.0,25.0,54.52997337777949,9.408480471160601,-2.3207801233596648,11.729260594520266,2669.703296113216,2403.796703886784,0.10482175706176475,0.6626511010421683,2581.6666666666665,2590.0,2524.0,2536.75,0.9961389961389961,1.0170493741992708,53.25,-0.0019342359767892114,0.0019342359767892114,0.01937984496124031,-0.009596928982725527,0.025060075534413823,0.020850572468739004,872033.8,731432.2,0.11390680680229148,0.5064215111120347,20.67791855729255,86.29411539234388,1035232.0,62.5,63.095238095238095,0.0019379844961240345,-0.011494252873563204,0.005780346820809301,-0.003830168118076127,0.04844961240310078,2705.0
2021-06-01,2575.0,2720.0,2560.0,2705.0,1393858,0.04844961240310086,0.04731251336491887,2588.5714285714284,2529.6428571428573,2544.7619047619046,0.025235808059537203,160.0,-130.0,65.34415235950478,21.38559304352657,2.4204945100175825,18.965098533508986,2696.8920015781446,2400.6079984218554,0.11624678887936798,1.0273656300558978,2623.3333333333335,2612.0,2551.0,2548.75,1.035604900459418,1.0613045610593428,63.25,0.04844961240310086,0.04844961240310086,0.059149722735674676,0.05048543689320388,0.023211312181297346,0.022963197750395827,762387.2,782718.15,2.762983480601383,1.7807917192159144,22.05044319152351,91.5588214357479,2429090.0,95.23809523809524,74.0079365079365,-0.0019342359767892114,0.0019379844961240345,-0.011494252873563204,0.01615112030747856,-0.005545286506469501,2690.0
2021-06-02,2705.0,2710.0,2650.0,2690.0,670420,-0.00554528650646946,-0.005560718684697065,2620.714285714286,2541.4285714285716,2555.4761904761904,0.02580437200814039,60.0,15.0,63.39568135251082,29.32907904132344,7.802211416278754,21.526867625044684,2715.6839518004367,2393.8160481995633,0.12598802372086249,0.9202034390099186,2658.3333333333335,2628.0,2576.5,2554.75,1.0235920852359208,1.0529406008415696,73.25,-0.00554528650646946,0.00554528650646946,0.022304832713754646,-0.005545286506469501,0.024085080493494757,0.0233172731503288,772953.2,751970.25,-0.5190184365982762,0.891551228256703,21.312956133790962,89.30461990462307,1758670.0,90.47619047619048,82.73809523809524,0.04844961240310086,-0.0019342359767892114,0.0019379844961240345,0.013656696639947397,-0.0055762081784386614,2675.0
2021-06-03,2690.0,2755.0,2655.0,2675.0,755371,-0.005576208178438624,-0.00559181326577783,2632.1428571428573,2557.1428571428573,2560.4761904761904,0.01976247847414622,100.0,15.0,61.42323769059552,34.02179224140491,13.046127581303987,20.975664660100925,2729.643589234669,2390.356410765331,0.13253405408958513,0.838945905703869,2690.0,2647.0,2595.0,2560.0,1.01057801284473,1.044921875,87.0,-0.005576208178438624,0.005576208178438624,0.037383177570093455,-0.0055762081784386614,0.023119108154644585,0.02336208877550843,704519.4,762640.15,0.1267131052176247,0.9904684404564853,21.426668958091756,90.06857562572142,1003299.0,77.14285714285714,87.61904761904763,-0.00554528650646946,0.04844961240310086,-0.0019342359767892114,0.012442705906064258,0.037383177570093455,2775.0
2021-06-04,2655.0,2790.0,2635.0,2775.0,1169206,0.03738317757009346,0.03670136685042796,2655.714285714286,2577.5,2570.2380952380954,0.023280828311047785,155.0,-120.0,68.46698616492353,45.287914637578524,19.494484992558895,25.79342964501963,2761.918051058471,2374.081948941529,0.1510265195159432,1.0337306116427099,2713.3333333333335,2685.0,2626.0,2568.0,1.0335195530726258,1.080607476635514,117.0,0.03738317757009346,0.03738317757009346,0.055855855855855854,0.04519774011299435,0.026225714498102983,0.024218956564161464,871853.6,786748.0,0.5478566161528573,1.486125163330571,21.900241470408798,94.70653450959847,2172505.0,96.1038961038961,87.90764790764791,-0.005576208178438624,-0.00554528650646946,0.04844961240310086,0.008753894295061793,0.009009009009009009,2800.0
2021-06-07,2765.0,2830.0,2715.0,2800.0,980290,0.009009009009008917,0.008968669982760316,2687.1428571428573,2603.5714285714284,2579.0476190476193,0.021521288562888884,115.0,-35.0,69.94448429657308,55.59284911164514,26.714157816376144,28.878691295268993,2797.4022371002807,2358.0977628997193,0.1704216755699976,1.0059133540682614,2750.0,2729.0,2659.5,2577.75,1.0260168559912055,1.0862186014935507,151.25,0.009009009009008917,0.009009009009008917,0.04107142857142857,0.012658227848101266,0.02493018040615644,0.023880992739587832,993829.0,810989.15,-0.16157631760357027,1.2087584648943823,21.732978421766518,96.15606775891285,3152795.0,92.94117647058823,88.7293099057805,0.03738317757009346,-0.005576208178438624,-0.00554528650646946,0.013605326133554585,0.025,2870.0
2021-06-08,2790.0,3095.0,2785.0,2870.0,4293631,0.02499999999999991,0.024692612590371414,2727.8571428571427,2634.6428571428573,2591.6666666666665,0.02152109358921175,310.0,-80.0,73.66525788402492,68.61702456441344,35.0947311659836,33.52229339842984,2847.870504078337,2336.629495921663,0.19721902137397013,1.0432858389068844,2815.0,2762.0,2687.0,2592.25,1.0391020999275886,1.107146301475552,169.75,0.02499999999999991,0.02499999999999991,0.10801393728222997,0.02867383512544803,0.018967058604121245,0.020068747755431444,1573783.6,1003338.05,3.3799600118332327,4.279346327989853,23.234710628701954,111.43063434756193,7446426.0,67.3913043478261,85.47879230743679,0.009009009009008917,0.03738317757009346,-0.005576208178438624,0.02379739552636743,0.012195121951219513,2905.0
2021-06-09,2850.0,2935.0,2825.0,2905.0,994998,0.012195121951219523,0.01212136053234482,2774.285714285714,2664.285714285714,2607.1428571428573,0.02030529464542616,110.0,-55.0,75.31101941028354,80.83121302952395,44.24202753869167,36.58918549083228,2897.9049452313106,2315.0950547686894,0.2235986535440711,1.01217387502305,2858.3333333333335,2805.0,2716.5,2606.5,1.035650623885918,1.1145213888356034,198.5,0.012195121951219523,0.012195121951219523,0.0378657487091222,0.01929824561403509,0.016327376932575716,0.020010630504673013,1638699.2,1000428.05,-0.7682618743902305,0.9945722733383975,21.784684675720435,111.32844617987895,8441424.0,71.21212121212122,77.18153401017851,0.02499999999999991,0.009009009009008917,0.03738317757009346,0.015401376986742784,0.0034423407917383822,2915.0
2021-06-10,2950.0,3030.0,2860.0,2915.0,1126345,0.0034423407917383297,0.0034364294985810974,2804.285714285714,2696.4285714285716,2621.190476190476,0.015596330604839243,170.0,35.0,75.77680484372856,90.27730127962968,53.449082286879275,36.82821899275041,2945.301870039194,2306.698129960806,0.24318497337333891,0.9525498080617654,2896.6666666666665,2853.0,2750.0,2626.0,1.0217315106905012,1.11005331302361,227.0,0.0034423407917383297,0.0034423407917383297,0.058319039451114926,-0.011864406779661017,0.013687612518888816,0.018661792690132385,1712894.0,1026605.65,0.1320073005171869,1.0971544916005478,21.91211353415795,115.51927145274475,9567769.0,71.65354330708661,70.08565628901131,0.012195121951219523,0.02499999999999991,0.009009009009008917,0.013545820914319254,0.00686106346483705,2935.0
2021-06-11,2900.0,2945.0,2860.0,2935.0,543060,0.006861063464836947,0.006837633477603969,2839.285714285714,2730.0,2640.714285714286,0.014074137741826568,85.0,-35.0,76.72267284590902,98.2447231134206,62.40821045218755,35.83651266123306,2986.8585522300514,2313.1414477699486,0.25423286960758595,0.9230262199271172,2918.3333333333335,2885.0,2785.0,2650.0,1.0173310225303294,1.1075471698113208,235.0,0.006861063464836947,0.006861063464836947,0.028960817717206135,0.01206896551724138,0.00829437817845378,0.01841741018903236,1587664.8,1030610.75,-0.517856429424377,0.526930269260242,21.189437822938867,113.3393234918344,10110829.0,73.98373983739837,72.28313478553541,0.0034423407917383297,0.012195121951219523,0.02499999999999991,0.0074995087359316,0.0,2935.0
2021-06-14,2915.0,2965.0,2905.0,2935.0,349275,0.0,0.0,2876.4285714285716,2754.285714285714,2663.5714285714284,0.012996734877811233,60.0,-20.0,76.72267284590902,103.36740719273303,70.60004980029665,32.76735739243638,3023.105720834227,2321.394279165773,0.26259198864943567,0.8744416641907122,2928.3333333333335,2912.0,2820.5,2672.25,1.0078983516483517,1.0983253812330434,239.75,0.0,0.0,0.020442930153321975,0.00686106346483705,0.009765025640232409,0.01825340213083003,1461461.8,1037475.45,-0.3568390233123412,0.3366585686437207,20.748077589756377,109.52937181384624,10110829.0,71.17117117117117,72.26948477188539,0.006861063464836947,0.0034423407917383297,0.012195121951219523,0.003434468085525092,-0.0068143100511073255,2915.0
2021-06-15,2950.0,2950.0,2870.0,2915.0,303285,-0.006814310051107331,-0.006837633477604075,2896.4285714285716,2776.0714285714284,2683.809523809524,0.00996937959644276,80.0,35.0,73.398704589169,104.60748836948551,77.40153751413442,27.20595085535109,3044.4313653225786,2348.0686346774214,0.25827083194998873,0.8141322623589222,2928.3333333333335,2921.0,2841.5,2696.25,0.9979459089352961,1.081131200741771,224.75,-0.006814310051107331,0.006814310051107331,0.0274442538593482,-0.011864406779661017,0.00715682882956525,0.014308790716124248,663392.6,1036683.35,-0.1316727506978742,0.29255316968291234,20.60005333638523,107.42013097000007,9807544.0,67.56756756756756,70.90749285871237,0.0,0.006861063464836947,0.0034423407917383297,1.5584471243205538e-05,-0.018867924528301886,2860.0
2021-06-16,2910.0,2915.0,2850.0,2860.0,397341,-0.018867924528301883,-0.019048194970694474,2905.0,2796.0714285714284,2704.0476190476193,0.013907927314692547,65.0,50.0,65.0520659029409,99.99948942398441,81.92112789610442,18.07836152787999,3050.073695829804,2384.926304170196,0.24476444955275356,0.7142382301830104,2903.3333333333335,2912.0,2858.5,2717.5,0.9821428571428571,1.0524379024839006,194.5,-0.018867924528301883,0.018867924528301883,0.022727272727272728,-0.01718213058419244,0.010174178284431632,0.016167719828892486,543861.2,1046389.05,0.31012414065977545,0.3797258772920072,20.85112703774906,104.39012161500007,9410203.0,56.074766355140184,64.93783503129298,-0.006814310051107331,0.0,0.006861063464836947,-0.008560744859803071,0.013986013986013986,2900.0
2021-06-17,2855.0,2910.0,2830.0,2900.0,450070,0.013986013986013957,0.013889112160667093,2909.285714285714,2818.5714285714284,2726.190476190476,0.011493015798342226,80.0,-45.0,67.91013723527823,98.44052170971418,85.22500665882637,13.215515050887802,3061.962310998314,2414.037689001686,0.236641571218637,0.7500290844030358,2891.6666666666665,2909.0,2881.0,2738.0,0.9969061533172912,1.0591672753834915,171.0,0.013986013986013957,0.013986013986013957,0.027586206896551724,0.01576182136602452,0.01265346225023261,0.015754215097209073,408606.2,1053735.05,0.13270465418871957,0.42711875247957254,20.989624421945276,102.64797007107148,9860273.0,63.55140186915888,62.39791193062221,-0.018867924528301883,-0.006814310051107331,0.0,-0.003898740197798419,0.04655172413793104,3035.0
2021-06-18,2900.0,3050.0,2855.0,3035.0,996390,0.04655172413793096,0.04550068751903317,2927.8571428571427,2851.0714285714284,2752.1428571428573,0.020238499631214595,195.0,-135.0,75.26300763557076,106.86650972036068,89.55330727113324,17.313202449227447,3089.627805902507,2443.372194097493,0.23360043802819963,0.9154702800182581,2931.6666666666665,2929.0,2907.0,2766.5,1.0361898258791395,1.097054039399964,162.5,0.04655172413793096,0.04655172413793096,0.0642504118616145,0.04655172413793104,0.025110375243316715,0.017776987822785643,499272.2,1087904.1,1.2138556224587287,0.9158803611458031,21.829860730014012,109.24454363742353,10856663.0,88.78504672897196,69.47040498442368,0.013986013986013957,-0.018867924528301883,-0.006814310051107331,0.013889937865214344,-0.02800658978583196,2950.0
2021-06-21,3030.0,3055.0,2935.0,2950.0,667631,-0.028006589785831926,-0.02840625415973309,2932.8571428571427,2868.5714285714284,2775.2380952380954,0.024173418945551063,120.0,80.0,65.14207608765895,105.46958853530714,92.73656352396802,12.733025011339123,3090.5617830625706,2490.9382169374294,0.21486108254954447,0.7655832909121597,2961.6666666666665,2932.0,2922.0,2790.75,1.0061391541609823,1.0570635133924573,141.25,-0.028006589785831926,0.028006589785831926,0.04067796610169491,-0.026402640264026403,0.029749338448133402,0.02130924305097586,562943.4,972567.0,-0.329950119932958,0.686462732130537,21.401051354524366,110.0127905204647,10189032.0,68.47826086956522,73.60490315589868,0.04655172413793096,0.013986013986013957,-0.018867924528301883,0.01084371611270433,0.0,2950.0
2021-06-22,2990.0,2990.0,2900.0,2950.0,397097,0.0,0.0,2935.0,2887.1428571428573,2798.3333333333335,0.024069378372535734,90.0,40.0,65.14207608765895,103.17320198251218,94.82389121567685,8.34931076683533,3101.4720662093014,2515.5279337906986,0.20863241318091605,0.7414905998220858,2978.3333333333335,2939.0,2930.0,2808.5,1.0037427696495407,1.0503827666013887,130.5,0.0,0.0,0.030508474576271188,-0.013377926421404682,0.02943510878990073,0.020196236597947767,581705.8,895317.3,-0.4052148567097693,0.4435265575679147,20.881496312506226,108.58330548328865,10189032.0,68.47826086956522,75.24718948936747,-0.028006589785831926,0.04655172413793096,0.013986013986013957,0.006181711450699678,-0.03559322033898305,2845.0
2021-06-23,2880.0,2910.0,2820.0,2845.0,744163,-0.035593220338983045,-0.03624210277343421,2922.1428571428573,2899.285714285714,2810.2380952380954,0.027852721937932846,90.0,35.0,54.61941257057474,91.82220736727413,94.22355444599631,-2.401347078722182,3098.164697249657,2542.335302750343,0.19708515007510463,0.5445280516736517,2915.0,2936.0,2924.0,2820.25,0.9690054495912807,1.0087758177466537,115.75,-0.035593220338983045,0.035593220338983045,0.03163444639718805,-0.012152777777777778,0.033211604733792074,0.023193075174821585,651070.2,901645.95,0.8740081138865314,0.8253383714527859,21.47333372287366,110.11306937733946,9444869.0,45.65217391304348,60.869565217391305,0.0,-0.028006589785831926,0.04655172413793096,-0.021199936708271656,-0.012302284710017574,2810.0
2021-06-24,2845.0,2850.0,2750.0,2810.0,567658,-0.012302284710017597,-0.012378584232639869,2907.1428571428573,2901.785714285714,2819.7619047619046,0.028010204209818576,100.0,35.0,51.625808358074934,79.09054825428393,91.19695320765383,-12.106404953369903,3085.8174382086277,2577.6825617913723,0.17944199749881004,0.45719640392851135,2868.3333333333335,2918.0,2913.5,2831.75,0.9629883481836875,0.9923192372207998,86.25,-0.012302284710017597,0.012302284710017597,0.03558718861209965,-0.012302284710017574,0.03239354404361504,0.023328348944113526,674587.8,875151.85,-0.23718593910205155,0.6486394332594967,21.190214166639304,109.39070727895806,8877211.0,25.0,46.3768115942029,-0.035593220338983045,0.0,-0.028006589785831926,-0.01596516834966688,-0.0017793594306049821,2805.0
2021-06-25,2810.0,2865.0,2775.0,2805.0,330710,-0.001779359430605032,-0.0017809443709948087,2899.285714285714,2902.1428571428573,2830.4761904761904,0.027343982861148496,90.0,5.0,51.1941360219308,67.81542446770436,86.52064745966395,-18.705222991959587,3069.407056039806,2616.092943960194,0.15946323527556477,0.4167244103060919,2820.0,2872.0,2900.5,2842.75,0.9766713091922006,0.9867206050479289,29.25,-0.001779359430605032,0.001779359430605032,0.03208556149732621,-0.0017793594306049821,0.015802508244280578,0.023063818547661964,541451.8,875060.6,-0.4174133016710766,0.3779281114930783,20.648155956434707,108.00565675903249,8546501.0,15.942028985507246,28.864734299516908,-0.012302284710017597,-0.035593220338983045,0.0,-0.016558288159868557,-0.0106951871657754,2775.0
2021-06-28,2810.0,2820.0,2760.0,2775.0,334433,-0.010695187165775444,-0.01075279177626185,2881.4285714285716,2895.3571428571427,2839.5238095238096,0.02641153597351018,60.0,35.0,48.56997106722434,55.81565028200566,80.3796480241323,-24.56399774212663,3045.904403150225,2659.095596849775,0.13560343779156872,0.2996426173922145,2796.6666666666665,2837.0,2884.5,2852.5,0.9781459287980261,0.9728308501314636,-15.5,-0.010695187165775444,0.010695187165775444,0.021621621621621623,-0.012455516014234875,0.014202711576903044,0.02309112274820177,474812.2,873261.6,0.011257597290677657,0.3829700057806275,20.648597866792304,104.57668127624447,8212068.0,8.19672131147541,16.379583432327554,-0.001779359430605032,-0.012302284710017597,-0.035593220338983045,-0.008258943768799357,0.023423423423423424,2840.0
2021-06-29,2775.0,2870.0,2760.0,2840.0,370696,0.023423423423423406,0.02315330497471682,2853.5714285714284,2890.714285714286,2851.904761904762,0.01957257077900211,110.0,-65.0,54.06411221786324,50.96322719882892,74.49636385907162,-23.533136660242704,3039.987524138124,2678.512475861876,0.12642302991212673,0.446745978479575,2806.6666666666665,2815.0,2877.0,2859.25,1.0088809946714032,0.9932674652443823,-44.25,0.023423423423423406,0.023423423423423406,0.03873239436619718,0.023423423423423424,0.021280406417398656,0.0247952975365168,469532.0,822103.5,0.10843128519015766,0.45091159446468726,20.77469693078918,104.96406118508416,8582764.0,29.508196721311474,17.882315672764708,-0.010695187165775444,-0.001779359430605032,-0.012302284710017597,0.00364962560901431,-0.014084507042253521,2800.0
2021-06-30,2855.0,2855.0,2780.0,2800.0,314267,-0.014084507042253502,-0.014184634991956413,2832.1428571428573,2882.5,2856.4285714285716,0.017952449466734747,75.0,55.0,50.48960379437388,43.3898105131625,68.2750531898898,-24.8852426767273,3029.8169720542483,2699.6830279457517,0.11524005379474526,0.30386748725626256,2805.0,2806.0,2871.0,2864.75,0.9978617248752673,0.9773976786805131,-58.75,-0.014084507042253502,0.014084507042253502,0.026785714285714284,-0.01926444833625219,0.015558467289784167,0.024484967094145597,383552.8,804295.85,-0.15222446425103053,0.3907355732346499,20.59537291934551,102.8237711004353,8268497.0,16.39344262295082,18.032786885245898,0.023423423423423406,-0.010695187165775444,-0.001779359430605032,-0.00045209026153518,-0.0017857142857142857,2795.0
2021-07-01,2800.0,2820.0,2740.0,2795.0,234241,-0.0017857142857142794,-0.0017873105740957515,2810.0,2872.5,2861.4285714285716,0.01784111165628803,80.0,5.0,50.04419818653884,36.56289076783196,61.932620705478236,-25.369729937646277,3014.066910523864,2727.433089476136,0.09984631927117579,0.23572553398230445,2811.6666666666665,2803.0,2860.5,2870.75,0.9971459150909739,0.9736131672907776,-67.75,-0.0017857142857142794,0.0017857142857142794,0.028622540250447227,-0.0017857142857142857,0.014687818942591227,0.023851327976241694,316869.4,778239.35,-0.2546433446718873,0.30098837844681076,20.299693165988263,101.19350173611849,8034256.0,17.46031746031746,21.12065226819325,-0.014084507042253502,0.023423423423423406,-0.010695187165775444,0.0025177340318185415,0.0017889087656529517,2800.0
2021-07-02,2770.0,2825.0,2765.0,2800.0,168272,0.0017889087656528524,0.0017873105740956587,2803.5714285714284,2862.8571428571427,2867.3809523809523,0.012776134761907946,60.0,-30.0,50.51432808640424,31.19635375063217,55.78536731450903,-24.58901356387686,3012.202860545936,2731.797139454064,0.09763430400134811,0.243229204740762,2798.3333333333335,2802.0,2837.0,2872.0,0.9992862241256245,0.9749303621169917,-70.0,0.0017889087656528524,0.0017889087656528524,0.02142857142857143,0.010830324909747292,0.014726166668485214,0.016495518362561613,284381.8,728192.65,-0.28162874987726316,0.23108170619409574,19.97071169504552,98.25110875496718,8202528.0,19.047619047619047,17.633793043629108,-0.0017857142857142794,-0.014084507042253502,0.023423423423423406,-0.004693770854104977,0.039285714285714285,2910.0
2021-07-05,2815.0,2970.0,2775.0,2910.0,1197082,0.03928571428571437,0.038533664002242986,2817.8571428571427,2862.5,2873.809523809524,0.019029012039994405,195.0,-95.0,59.5363581687743,35.41121672860163,51.710537197327554,-16.299320468725924,3014.4018088381517,2740.5981911618483,0.09515329893181702,0.6186982125211442,2835.0,2829.0,2833.0,2877.5,1.0286320254506893,1.0112945264986968,-48.5,0.03928571428571437,0.03928571428571437,0.06701030927835051,0.03374777975133215,0.021353298017022387,0.020598746250635735,456911.6,739032.25,6.113970238661215,1.619796700346974,21.971305847241204,105.1617438438981,9399610.0,53.96825396825397,30.15873015873016,0.0017889087656528524,-0.0017857142857142794,-0.014084507042253502,0.013096302921884314,0.003436426116838488,2920.0
2021-07-06,2930.0,2950.0,2890.0,2920.0,398441,0.0034364261168384758,0.0034305350967892222,2834.285714285714,2866.785714285714,2879.5238095238096,0.018820505817180654,60.0,10.0,60.245933257378304,39.107633970844745,49.18995655203099,-10.082322581186247,3018.14561348923,2741.85438651077,0.09593445381196533,0.6447747742027236,2876.6666666666665,2845.0,2830.0,2880.0,1.0263620386643233,1.0138888888888888,-35.0,0.0034364261168384758,0.0034364261168384758,0.02054794520547945,-0.0034129692832764505,0.019974228872635884,0.02064911487114441,462460.6,544272.75,-0.6671564688133311,0.7320612689134263,20.874653607165968,101.93590499790538,9798051.0,57.142857142857146,43.386243386243386,0.03928571428571437,0.0017889087656528524,-0.0017857142857142794,0.0148370163894019,-0.018835616438356163,2865.0
2021-07-07,2920.0,2930.0,2845.0,2865.0,592692,-0.018835616438356184,-0.019015266113487514,2847.1428571428573,2864.285714285714,2879.285714285714,0.020233335518589402,85.0,55.0,54.57712911681113,37.17055193589749,46.7860756288043,-9.615523692906805,3015.7793812394902,2740.2206187605098,0.09574661656670622,0.45282312969092525,2898.3333333333335,2858.0,2832.0,2878.0,1.0024492652204338,0.9954829742876998,-20.0,-0.018835616438356184,0.018835616438356184,0.029668411867364748,-0.018835616438356163,0.021226175224367247,0.01802816300155216,518145.6,524157.45,0.48752763897289686,1.13075183802119,21.252753779869014,100.726197498055,9205359.0,39.682539682539684,50.26455026455027,0.0034364261168384758,0.03928571428571437,0.0017889087656528524,0.00796217465473222,-0.05410122164048865,2710.0
2021-07-08,2860.0,2860.0,2680.0,2710.0,1160432,-0.054101221640488695,-0.05561971527509339,2828.5714285714284,2841.0714285714284,2870.0,0.028418611441715248,180.0,150.0,42.45353764193819,22.86462667278056,42.00178583759955,-19.13715916481899,3023.2957285951966,2712.2042714048034,0.1084792806870868,-0.007085605708080793,2831.6666666666665,2841.0,2822.0,2867.75,0.9538894755367828,0.9449917182460117,-26.75,-0.054101221640488695,0.054101221640488695,0.06642066420664207,-0.05244755244755245,0.034199759138533466,0.024936960726326413,703383.8,525861.8,0.9579005621806942,2.206724276226187,21.86900682173858,106.7457548196225,8044927.0,8.0,34.94179894179894,-0.018835616438356184,0.0034364261168384758,0.03928571428571437,-0.023166803987335467,-0.027675276752767528,2635.0
2021-07-09,2680.0,2685.0,2585.0,2635.0,826859,-0.027675276752767486,-0.02806545289828384,2805.0,2818.5714285714284,2856.6666666666665,0.029492426107273498,100.0,45.0,38.04920199910484,5.412809139878846,34.68399049805541,-29.271181358176563,3036.3248807492605,2669.1751192507395,0.1287002932253163,-0.09308223192425298,2736.6666666666665,2808.0,2805.0,2852.75,0.9383903133903134,0.9236701428446236,-44.75,-0.027675276752767486,0.027675276752767486,0.03795066413662239,-0.016791044776119403,0.03511612918754097,0.026076068509925766,835101.2,540051.75,-0.28745587850042054,1.5310736424796327,21.502027925136375,108.04962947536376,7218068.0,12.345679012345679,20.009406231628454,-0.054101221640488695,-0.018835616438356184,0.0034364261168384758,-0.03353737161053746,0.03415559772296015,2725.0
2021-07-12,2675.0,2735.0,2655.0,2725.0,294742,0.034155597722960174,0.03358524612188177,2795.0,2802.5,2846.6666666666665,0.03361218894811279,80.0,-50.0,45.37305122577033,-1.142464529942572,27.518699492455813,-28.661164022398385,3029.9921243705257,2654.5078756294743,0.13210810053339836,0.18773656846292866,2690.0,2771.0,2800.0,2842.25,0.9833994947672321,0.9587474711935966,-71.25,0.034155597722960174,0.034155597722960174,0.029357798165137616,0.018691588785046728,0.033285699179581255,0.028871612628861655,654633.2,537325.1,-0.6435401924632858,0.5485357002678639,20.50407938472822,107.47465594140921,7512810.0,36.36363636363637,18.903105125327347,-0.027675276752767486,-0.054101221640488695,-0.018835616438356184,-0.015873633556765337,0.009174311926605505,2750.0
2021-07-13,2730.0,2785.0,2725.0,2750.0,279647,0.00917431192660545,0.009132483563272472,2787.8571428571427,2795.714285714286,2837.8571428571427,0.03392247197719031,60.0,-20.0,47.238950096112845,-4.2710411711987035,21.16075135972491,-25.431792530923612,3022.7800167836685,2645.2199832163315,0.13322513534486136,0.2775188247380565,2703.3333333333335,2737.0,2791.0,2834.0,1.0047497259773475,0.9703599153140438,-97.0,0.00917431192660545,0.00917431192660545,0.02181818181818182,0.007326007326007326,0.03406672211258425,0.027841460407466597,630874.4,536143.2,-0.05121428232148795,0.5215901274137209,20.460639564457818,104.08360908845142,7792457.0,42.857142857142854,30.522152744374967,0.034155597722960174,-0.027675276752767486,-0.054101221640488695,0.005218210965599379,-0.00909090909090909,2725.0
2021-07-14,2750.0,2750.0,2705.0,2725.0,262444,-0.009090909090909038,-0.009132483563272474,2761.4285714285716,2789.6428571428573,2828.809523809524,0.02867342317906779,45.0,25.0,45.562936460271885,-8.667834366813622,15.195034214417204,-23.862868581230828,3021.6850791395423,2632.8149208604577,0.13754360536885119,0.23705876415793992,2733.3333333333335,2709.0,2783.5,2827.25,1.005906238464378,0.9638341144221416,-118.25,-0.009090909090909038,0.009090909090909038,0.01651376146788991,-0.00909090909090909,0.033816851825307276,0.027662057147440217,564824.8,529398.35,-0.061516840874388024,0.4957401170592995,20.388016713417322,99.86335129641918,7530013.0,36.36363636363637,38.52813852813853,0.00917431192660545,0.034155597722960174,-0.027675276752767486,0.011413000186218861,0.001834862385321101,2730.0
2021-07-15,2750.0,2755.0,2720.0,2730.0,176804,0.0018348623853210455,0.0018331810816609117,2734.285714285714,2784.285714285714,2822.6190476190477,0.028560581939420855,35.0,20.0,45.97577528515952,-11.614976222445875,9.83303212704459,-21.448008349490465,3014.6520969233034,2622.8479030766966,0.1389992705442507,0.27348379268562384,2735.0,2713.0,2777.0,2818.75,1.0062661260597126,0.9685144124168514,-105.75,0.0018348623853210455,0.0018348623853210455,0.01282051282051282,-0.007272727272727273,0.02285059023609462,0.027694153930328556,368099.2,515735.05,-0.32631723339074237,0.34281943800406817,19.994853943614935,95.2302547752464,7706817.0,37.66233766233766,38.96103896103896,-0.009090909090909038,0.00917431192660545,0.034155597722960174,0.0006394217403391522,0.01282051282051282,2765.0
2021-07-16,2710.0,2805.0,2700.0,2765.0,257624,0.012820512820512775,0.012739025777429712,2720.0,2783.5714285714284,2816.190476190476,0.029329513117286796,105.0,-55.0,48.89731812424718,-10.999603303383537,5.666505040958964,-16.6661083443425,2973.6941184863144,2636.8058815136856,0.1200920548873109,0.38052417513387327,2740.0,2739.0,2773.5,2805.25,1.009492515516612,0.9856519026824704,-66.25,0.012820512820512775,0.012820512820512775,0.0379746835443038,0.02029520295202952,0.01599232437696809,0.028079010779114802,254252.2,478796.75,0.457116354833601,0.5380654735020654,20.384052351934635,95.92809371987165,7964441.0,46.753246753246756,40.25974025974026,0.0018348623853210455,-0.009090909090909038,0.00917431192660545,0.0018548220383082608,0.009041591320072333,2790.0
2021-07-19,2800.0,2875.0,2775.0,2790.0,564811,0.009041591320072317,0.009000960858976123,2731.4285714285716,2780.0,2804.5238095238096,0.019184147983261297,100.0,10.0,50.93822694445967,-8.397819924592113,2.853640047848749,-11.251459972440863,2951.333880095431,2643.166119904569,0.11016811518128958,0.4764738530873257,2761.6666666666665,2752.0,2761.5,2797.25,1.0138081395348837,0.9974081687371525,-45.25,0.009041591320072317,0.009041591320072317,0.035842293906810034,-0.0035714285714285713,0.008706234498682316,0.024694527391565448,308266.0,473655.75,1.1923850262397915,1.192450424174097,21.178043316342197,96.93322988273798,8529252.0,53.246753246753244,45.88744588744589,0.012820512820512775,0.0018348623853210455,-0.009090909090909038,0.007898988841968713,-0.026881720430107527,2715.0
2021-07-20,2750.0,2780.0,2655.0,2715.0,403800,-0.026881720430107503,-0.027249642447375474,2742.8571428571427,2773.9285714285716,2793.3333333333335,0.018956908378541956,125.0,35.0,45.116863098422805,-12.24658998480254,-0.16640595868150898,-12.080184026121032,2925.7591586276894,2645.2408413723106,0.10070662978114481,0.24867951337445796,2756.6666666666665,2745.0,2741.0,2785.5,0.9890710382513661,0.9746903607969843,-40.5,-0.026881720430107503,0.026881720430107503,0.04604051565377532,-0.012727272727272728,0.016004810085884596,0.025537207907694922,333096.6,473990.9,-0.28507058113244965,0.8519150895091023,20.815222218141056,99.65228489111384,8125452.0,33.76623376623377,44.58874458874459,0.009041591320072317,0.012820512820512775,0.0018348623853210455,-0.0016732054298408035,-0.014732965009208104,2675.0
2021-07-21,2720.0,2750.0,2660.0,2675.0,238756,-0.014732965009208066,-0.014842573037928852,2735.714285714286,2765.3571428571427,2780.2380952380954,0.01487344690466101,90.0,45.0,42.337834760979106,-18.313329034998787,-3.795790573944965,-14.517538461053823,2922.5805076599418,2631.4194923400582,0.10484732276553242,0.14967837508075083,2726.6666666666665,2735.0,2722.0,2777.0,0.9780621572212066,0.9632697155203457,-42.0,-0.014732965009208066,0.014732965009208066,0.03364485981308411,-0.016544117647058824,0.016770218123106095,0.02535747065773143,328359.0,448720.55,-0.408727092620109,0.5320817154462839,20.274902049813107,98.96283597032,7886696.0,23.376623376623378,36.7965367965368,-0.026881720430107503,0.009041591320072317,0.012820512820512775,-0.010857698039747751,0.0,2675.0
2021-07-22,2710.0,2710.0,2640.0,2675.0,171688,0.0,0.0,2725.0,2756.4285714285716,2772.1428571428573,0.014045629647120795,70.0,35.0,42.337834760979106,-22.857773259112946,-7.608187110978562,-15.249586148134384,2921.785127072379,2618.714872927621,0.10940177028959773,0.18571643472966864,2688.3333333333335,2724.0,2718.5,2770.25,0.9820117474302497,0.9656168215864994,-46.25,0.0,0.0,0.026168224299065422,-0.012915129151291513,0.01664159082113664,0.01907766844561939,327335.8,428922.05,-0.280906029586691,0.4002778593453053,19.945138816608814,96.89406197244,7886696.0,23.376623376623378,26.83982683982684,-0.014732965009208066,-0.026881720430107503,0.009041591320072317,-0.01387156181310519,0.018691588785046728,2725.0
2021-07-23,2680.0,2745.0,2660.0,2725.0,230769,0.01869158878504673,0.01851904776723753,2725.0,2743.214285714286,2768.095238095238,0.016085504577736446,85.0,-45.0,47.064756119571676,-22.169143824909952,-10.520378453764842,-11.64876537114511,2918.1459131150427,2614.3540868849573,0.10982081382018453,0.3642162282247906,2691.6666666666665,2716.0,2727.5,2766.25,1.0033136966126657,0.9850881156800723,-50.25,0.01869158878504673,0.01869158878504673,0.031192660550458717,0.016791044776119403,0.01825016286286807,0.017478153534465544,321964.8,423925.0,0.34411840082009215,0.544362800023589,20.259396197857907,96.04448611726572,8117465.0,38.35616438356164,28.36980371226947,0.0,-0.014732965009208066,-0.026881720430107503,0.0013195412586128885,-0.03853211009174312,2620.0
2021-07-26,2725.0,2725.0,2620.0,2620.0,286448,-0.038532110091743066,-0.03929411034220186,2709.285714285714,2721.785714285714,2759.285714285714,0.02180019495267867,105.0,105.0,39.7039536408322,-29.753047899822832,-14.366912342976441,-15.38613555684639,2923.746227761706,2593.253772238294,0.11980875676034511,0.08092840642715156,2673.3333333333335,2682.0,2717.0,2758.5,0.976882923191648,0.9497915533804604,-76.5,-0.038532110091743066,0.038532110091743066,0.04007633587786259,-0.03853211009174312,0.022463512990166343,0.018403327245852294,266292.2,421525.75,0.24127590794257459,0.6795504189245852,20.436241895878652,96.68416568031817,7831017.0,10.144927536231885,23.95923843213897,0.01869158878504673,0.0,-0.014732965009208066,-0.006613507102232112,-0.003816793893129771,2610.0
2021-07-27,2620.0,2645.0,2585.0,2610.0,262002,-0.003816793893129722,-0.0038240964384033942,2687.1428571428573,2703.5714285714284,2751.4285714285716,0.020289625441619476,60.0,10.0,39.07712711961929,-36.15350781150937,-18.724231436683027,-17.429276374826344,2920.186847683438,2573.813152316562,0.12609162554309278,0.10447342903770201,2651.6666666666665,2661.0,2703.0,2747.0,0.9808342728297632,0.9501274117218784,-86.0,-0.003816793893129722,0.003816793893129722,0.022988505747126436,-0.003816793893129771,0.02104141422356779,0.017838091442736775,237932.6,416091.05,-0.08534184214936047,0.6296746829810447,20.343212918080987,94.06386813172402,7569015.0,8.620689655172415,19.04059385832198,-0.038532110091743066,0.01869158878504673,0.0,-0.007885771733275352,-0.02681992337164751,2540.0
2021-07-28,2610.0,2650.0,2510.0,2540.0,457590,-0.026819923371647514,-0.027186140304156833,2651.4285714285716,2691.4285714285716,2737.1428571428573,0.019767561427814807,140.0,70.0,34.92104976526754,-46.34015295244262,-24.24741573983495,-22.092737212607673,2928.194693406819,2539.805306593181,0.1420590295587558,0.0005012840552015125,2590.0,2634.0,2684.5,2734.0,0.9643128321943811,0.9290416971470373,-100.0,-0.026819923371647514,0.026819923371647514,0.05511811023622047,-0.02681992337164751,0.022684713365804725,0.01911764158390966,281699.4,423257.2,0.7465133853940047,1.0811156904123544,20.87364822653505,97.34502040802946,7111425.0,8.219178082191782,8.994931757865361,-0.003816793893129722,-0.038532110091743066,0.01869158878504673,-0.02305627578550677,0.013779527559055118,2575.0
2021-07-29,2530.0,2580.0,2530.0,2575.0,160618,0.013779527559055094,0.01368545308525423,2631.4285714285716,2687.1428571428573,2726.4285714285716,0.021007425375185875,50.0,-45.0,38.44614565187066,-51.00102703206403,-29.598137998280766,-21.402889033783264,2927.306271640346,2518.693728359654,0.15005969272151748,0.137798686227963,2575.0,2614.0,2669.0,2723.0,0.9850803366488141,0.9456481821520382,-109.0,0.013779527559055094,0.013779527559055094,0.019417475728155338,0.017786561264822136,0.02494246472261579,0.020069296915353783,279485.4,419576.05,-0.6489914552328504,0.38281021998276593,19.840388969431142,93.96323323602735,7272043.0,17.80821917808219,11.549362305148795,-0.026819923371647514,-0.003816793893129722,-0.038532110091743066,-0.005619063235240714,-0.019417475728155338,2525.0
2021-07-30,2560.0,2600.0,2490.0,2525.0,582990,-0.01941747572815533,-0.019608471388376313,2610.0,2672.8571428571427,2713.5714285714284,0.021356989345378642,110.0,35.0,35.48876061065887,-58.06010470661522,-35.29053133994766,-22.769573366667558,2928.22548528978,2490.27451471022,0.16165026135630153,0.07929080564389704,2546.6666666666665,2574.0,2645.0,2709.25,0.980963480963481,0.9319922487773369,-135.25,-0.01941747572815533,0.01941747572815533,0.04356435643564356,-0.013671875,0.020410185716340443,0.01934989335823805,349929.6,440311.95,2.6296679077064837,1.3240385594803865,21.109921654915645,95.10871657631111,6689053.0,9.090909090909092,11.706102117061022,0.013779527559055094,-0.026819923371647514,-0.003816793893129722,-0.010819290513582583,0.005940594059405941,2540.0
2021-08-02,2500.0,2570.0,2485.0,2540.0,327833,0.005940594059405946,0.005923018303122071,2590.714285714286,2657.8571428571427,2701.190476190476,0.02184969731820185,85.0,-40.0,37.05311535615242,-61.73248630682929,-40.57892233332399,-21.1535639735053,2900.644083565472,2480.855916434528,0.15601158306455234,0.1408903065793737,2546.6666666666665,2558.0,2620.0,2690.75,0.9929632525410477,0.943974728235622,-132.75,0.005940594059405946,0.005940594059405946,0.03346456692913386,0.016,0.016970926825281823,0.019053549098834114,358206.6,396849.5,-0.43766959982160925,0.826088983355151,20.54017897257931,94.38666539228889,7016886.0,14.102564102564102,13.667230790518461,-0.01941747572815533,0.013779527559055094,-0.026819923371647514,0.0001008819634352361,-0.01968503937007874,2490.0
2021-08-03,2545.0,2560.0,2490.0,2490.0,197621,-0.019685039370078705,-0.019881370553828933,2557.1428571428573,2641.0714285714284,2681.190476190476,0.018876566081575428,70.0,55.0,34.085969232592376,-67.89480822942596,-46.04209951254438,-21.85270871688158,2868.069542616705,2470.430457383295,0.14897034194377065,0.04921433365942331,2518.3333333333335,2534.0,2597.5,2669.25,0.9826361483820047,0.9328463051418938,-135.25,-0.019685039370078705,0.019685039370078705,0.028112449799196786,-0.021611001964636542,0.017903090859944355,0.018436527424047597,345330.4,386808.5,-0.397190032730079,0.5109013891887071,20.014144325443688,92.64476072141112,6819265.0,1.2820512820512822,8.158508158508159,0.005940594059405946,-0.01941747572815533,0.013779527559055094,-0.011053973679609364,0.014056224899598393,2525.0
2021-08-04,2510.0,2540.0,2490.0,2525.0,104187,0.014056224899598346,0.013958352250706855,2543.5714285714284,2626.4285714285716,2662.3809523809523,0.017106596571452113,50.0,-15.0,37.83845235927214,-69.15708542542734,-50.66509669512098,-18.49198873030636,2838.330769107339,2466.169230892661,0.14031917738323246,0.15807858434152086,2518.3333333333335,2531.0,2582.5,2652.25,0.9976293954958514,0.9520218682250919,-121.25,0.014056224899598346,0.014056224899598346,0.019801980198019802,0.00597609561752988,0.017187270145835112,0.019561458177737766,274649.8,362383.25,-0.47279388324115357,0.2875050102343306,19.38793898595214,89.59870638416747,6923452.0,10.256410256410257,8.547008547008547,-0.019685039370078705,0.005940594059405946,-0.01941747572815533,0.00010392652964186233,0.01782178217821782,2570.0
2021-08-05,2525.0,2570.0,2515.0,2570.0,132834,0.017821782178217838,0.0176648361798053,2537.8571428571427,2612.5,2648.3333333333335,0.01920949321466765,55.0,-45.0,42.380382028691095,-65.76819051716166,-53.68571545952912,-12.082475057632536,2832.711575010089,2457.788424989911,0.1417344863510737,0.2992922016259861,2528.3333333333335,2530.0,2572.0,2645.25,1.0158102766798418,0.9715527832908043,-115.25,0.017821782178217838,0.017821782178217838,0.021400778210116732,0.01782178217821782,0.018129351118130067,0.020892883891606432,269093.0,311003.35,0.2749575282904777,0.4271143703114452,19.648516688170805,87.1273702138698,7056286.0,21.794871794871796,11.111111111111112,0.014056224899598346,-0.019685039370078705,0.005940594059405946,0.004064322569245826,0.017509727626459144,2615.0
2021-08-06,2550.0,2620.0,2545.0,2615.0,311648,0.017509727626459082,0.017358198609757732,2548.5714285714284,2600.0,2643.809523809524,0.01677970459031451,75.0,-65.0,46.583563867457144,-58.773834785418785,-54.70333932470706,-4.070495460711726,2832.1546510726566,2456.3453489273434,0.1421232115515981,0.4221679723385613,2570.0,2548.0,2561.0,2644.25,1.0262951334379906,0.9889382622671835,-96.25,0.017509727626459082,0.017509727626459082,0.028680688336520075,0.025490196078431372,0.015735998196886775,0.020754413091564623,214824.6,285242.8,1.3461463179607631,1.092570960599181,20.518649002487003,86.26112948430767,7367934.0,44.067796610169495,25.373026220483847,0.017821782178217838,0.014056224899598346,-0.019685039370078705,0.016462578234758423,-0.0019120458891013384,2610.0
2021-08-09,2625.0,2645.0,2580.0,2610.0,279200,-0.0019120458891013214,-0.0019138761822841644,2553.5714285714284,2592.5,2642.6190476190477,0.016333283206808952,65.0,15.0,46.18046803460573,-53.022999556441846,-54.36727137105402,1.3442718146121706,2823.007880305251,2453.992119694749,0.13985816206575788,0.42276752637109755,2598.3333333333335,2562.0,2560.0,2638.5,1.018735362997658,0.9891984081864695,-76.5,-0.0019120458891013214,0.0019120458891013214,0.02490421455938697,-0.005714285714285714,0.016267118638193585,0.0168271419023876,205098.0,284465.7,-0.10411746585891779,0.9814891566891896,20.406789151559376,84.7424773782857,7088734.0,47.16981132075472,37.677493241932005,0.017509727626459082,0.017821782178217838,0.014056224899598346,0.011139821305191866,-0.017241379310344827,2565.0
2021-08-10,2635.0,2640.0,2555.0,2565.0,270775,-0.017241379310344862,-0.01739174271186922,2559.285714285714,2584.6428571428573,2635.0,0.015860773142675658,85.0,70.0,42.60704672700117,-51.50285230232657,-53.79438755730853,2.2915352549819588,2808.7016501368603,2449.7983498631397,0.13650406019728842,0.32098242074954675,2596.6666666666665,2577.0,2555.5,2629.25,0.9953434225844005,0.9755633735856233,-52.25,-0.017241379310344862,0.017241379310344862,0.03313840155945419,-0.026565464895635674,0.01532875015899188,0.01765792475530889,219728.8,284022.1,-0.030175501432664786,0.9533589111551531,20.358757255748614,84.76087185126529,6817959.0,30.76923076923077,40.66894623338499,-0.0019120458891013214,0.017509727626459082,0.017821782178217838,-0.0005478991909957006,0.01364522417153996,2600.0
2021-08-11,2620.0,2645.0,2585.0,2600.0,401184,0.013645224171539905,0.01355296640470345,2567.8571428571427,2579.285714285714,2627.8571428571427,0.016408357525939474,60.0,20.0,46.10046905963788,-46.93290385762293,-52.42209081737141,5.48918695974848,2797.0356890199005,2448.9643109800995,0.1326997247578349,0.43392159927217566,2591.6666666666665,2592.0,2561.5,2623.0,1.0030864197530864,0.9912314144109798,-31.0,0.013645224171539905,0.013645224171539905,0.023076923076923078,-0.007633587786259542,0.015276074061899063,0.015771251451397253,279128.2,290959.1,0.48161388606776834,1.378832969994752,20.765442178884026,84.42080957617492,7219143.0,44.23076923076923,40.723270440251575,-0.017241379310344862,-0.0019120458891013214,0.017509727626459082,-0.001836067009302093,0.0038461538461538464,2610.0
2021-08-12,2620.0,2680.0,2605.0,2610.0,477626,0.0038461538461538325,0.003838776307165667,2585.0,2571.0714285714284,2622.3809523809523,0.012885813764485618,75.0,10.0,47.09138217070658,-42.01989121453471,-50.341650896804076,8.321759682269366,2783.619642488987,2450.380357511013,0.12733637179135437,0.47899407328141796,2591.6666666666665,2600.0,2565.0,2617.0,1.0038461538461538,0.9973251815055407,-17.0,0.0038461538461538325,0.0038461538461538325,0.028735632183908046,-0.003816793893129771,0.01376832314192941,0.015283649684506111,348086.6,306000.2,0.19054099864401364,1.5608682608704176,20.943688779558677,84.10503746359099,7696769.0,52.083333333333336,42.361111111111114,0.013645224171539905,-0.017241379310344862,-0.0019120458891013214,8.333290244962506e-05,-0.02681992337164751,2540.0
2021-08-13,2610.0,2625.0,2510.0,2540.0,404846,-0.026819923371647514,-0.027186140304156833,2587.1428571428573,2565.3571428571427,2613.3333333333335,0.017568829994509608,115.0,70.0,41.359368570618834,-43.275851209670236,-48.928490959377314,5.6526397497070775,2760.236415686231,2451.263584313769,0.11857347457448403,0.2871981180094782,2583.3333333333335,2585.0,2566.5,2605.75,0.9825918762088974,0.9747673414563945,-20.75,-0.026819923371647514,0.026819923371647514,0.045275590551181105,-0.02681992337164751,0.016270908721128446,0.01653501784356102,366726.2,313361.3,-0.15237863935380402,1.2919463890403826,20.75118138784796,86.31182050190591,7291923.0,28.205128205128204,41.506410256410255,0.0038461538461538325,0.013645224171539905,-0.017241379310344862,-0.0031095151179845923,-0.06496062992125984,2375.0
2021-08-17,2535.0,2535.0,2360.0,2375.0,655307,-0.06496062992125984,-0.06716664354384068,2559.285714285714,2548.5714285714284,2594.7619047619046,0.029345072152893444,175.0,160.0,31.596536113856644,-56.92908651970902,-50.52861007144366,-6.400476448265358,2746.603804019844,2423.396195980156,0.1250319566884674,-0.14973718061182853,2508.3333333333335,2538.0,2550.0,2585.0,0.9357762017336485,0.9187620889748549,-47.0,-0.06496062992125984,0.06496062992125984,0.07368421052631578,-0.0631163708086785,0.030667056622306423,0.0263398831849931,441947.6,317886.1,0.618657464813781,2.0614521993883974,21.165611824212125,93.00383332319835,6636616.0,4.6875,28.325320512820515,-0.026819923371647514,0.0038461538461538325,0.013645224171539905,-0.029311466482251174,0.00631578947368421,2390.0
2021-08-18,2340.0,2415.0,2330.0,2390.0,194730,0.006315789473684275,0.006295928456814831,2527.1428571428573,2537.8571428571427,2575.714285714286,0.027803618830344715,85.0,-50.0,33.14161207434225,-65.78072003589659,-53.57903206433425,-12.201687971562343,2740.3638566359773,2397.1361433640227,0.13361662803774388,-0.020791279631806468,2435.0,2503.0,2540.0,2568.75,0.954854174990012,0.9304136253041363,-65.75,0.006315789473684275,0.006315789473684275,0.03556485355648536,0.021367521367521368,0.032618973515191184,0.02616262644015696,426738.6,307432.6,-0.7028415689135017,0.6334071272857856,19.95841790976985,92.43213094296989,6831346.0,17.142857142857142,16.678495115995116,-0.06496062992125984,-0.026819923371647514,0.0038461538461538325,-0.028488254606407692,-0.012552301255230125,2360.0
2021-08-19,2340.0,2450.0,2330.0,2360.0,514026,-0.012552301255230103,-0.012631746905900574,2491.4285714285716,2522.5,2558.809523809524,0.027392889199375957,120.0,-20.0,31.604061809317486,-74.35928509802761,-57.735082671072924,-16.62420242695469,2740.627851147733,2365.372148852267,0.1469861740287764,-0.014315968603288706,2375.0,2455.0,2523.5,2553.0,0.9613034623217923,0.9244026635330983,-98.0,-0.012552301255230103,0.012552301255230103,0.05084745762711865,0.008547008547008548,0.02905943043144735,0.025492248064516443,449307.0,321196.1,1.6396857186874132,1.6003494438444303,20.916446025659567,94.40126444704347,6317320.0,8.571428571428571,10.133928571428571,0.006315789473684275,-0.06496062992125984,-0.026819923371647514,-0.02373238056760189,-0.05296610169491525,2235.0
2021-08-20,2355.0,2380.0,2205.0,2235.0,620760,-0.052966101694915224,-0.05442039097198652,2444.285714285714,2501.785714285714,2537.8571428571427,0.03135869785522854,175.0,120.0,26.158507477679123,-90.2044937923124,-64.22896489532081,-25.97552889699159,2757.543826362931,2304.456173637069,0.1790152717210045,-0.15329522492879047,2328.3333333333335,2380.0,2490.0,2531.0,0.9390756302521008,0.8830501777953378,-151.0,-0.052966101694915224,0.052966101694915224,0.07829977628635347,-0.050955414012738856,0.02908120437722875,0.02773763155574341,477933.8,343649.7,0.20764319314587198,1.8063743399164904,21.050696320554003,100.15831698654037,5696560.0,6.315789473684211,10.67669172932331,-0.012552301255230103,0.006315789473684275,-0.06496062992125984,-0.019734204492153684,0.017897091722595078,2275.0
2021-08-23,2240.0,2295.0,2205.0,2275.0,193061,0.017897091722595126,0.01773882433738163,2397.8571428571427,2482.8571428571427,2518.809523809524,0.03212836690812871,90.0,-35.0,30.29738816063316,-98.39997645829271,-71.0631672079152,-27.336809250377513,2743.157645360887,2273.842354639113,0.1870900102538464,0.0024666687486496366,2290.0,2327.0,2456.0,2508.5,0.9776536312849162,0.9069164839545545,-181.5,0.017897091722595126,0.017897091722595126,0.03956043956043956,0.015625,0.03634744738547588,0.02778599865536331,435576.8,341764.3,-0.6889925252915781,0.564895163128507,19.900496813787907,99.4327229160732,5889621.0,14.736842105263158,9.87468671679198,-0.052966101694915224,-0.012552301255230103,0.006315789473684275,-0.0158737704091834,0.024175824175824177,2330.0
2021-08-24,2275.0,2345.0,2275.0,2330.0,201913,0.02417582417582409,0.023888215174695374,2357.8571428571427,2471.4285714285716,2500.0,0.035253367167890785,70.0,-55.0,35.6392303155115,-99.31210702043336,-76.71295517041884,-22.599151850014522,2735.3907075349225,2252.6092924650775,0.1935771511907959,0.1603017537941601,2280.0,2318.0,2428.0,2494.0,1.005176876617774,0.9342421812349639,-176.0,0.02417582417582409,0.02417582417582409,0.030042918454935622,0.024175824175824177,0.03101994701445493,0.030118969015420327,344898.0,337537.55,0.04585079327259267,0.5981941860987022,19.969215739224474,97.33038556492512,6091534.0,26.31578947368421,15.789473684210526,0.017897091722595126,-0.052966101694915224,-0.012552301255230103,-0.003631061932165336,-0.002145922746781116,2325.0
2021-08-25,2335.0,2345.0,2305.0,2325.0,84086,-0.0021459227467811592,-0.0021482285382896063,2327.1428571428573,2457.1428571428573,2485.9523809523807,0.03522448470460138,40.0,10.0,35.373821115751554,-99.29383772273195,-81.22913168088147,-18.064706041850485,2725.909447684241,2233.590552315759,0.19853569729548629,0.185671215434103,2310.0,2305.0,2404.0,2479.75,1.0086767895878526,0.9375945155761669,-174.75,-0.0021459227467811592,0.0021459227467811592,0.017204301075268817,-0.004282655246252677,0.030583351253605385,0.030142215537047906,322769.2,328641.75,-0.5835533125653127,0.25585915362244754,19.091070686750278,93.23535802457333,6007448.0,25.263157894736842,22.105263157894736,0.02417582417582409,0.017897091722595126,-0.052966101694915224,0.013308997717212686,0.0064516129032258064,2340.0
2021-08-26,2330.0,2355.0,2315.0,2340.0,95031,0.006451612903225712,0.006430890330290331,2322.1428571428573,2440.714285714286,2473.095238095238,0.02601465691843428,40.0,-10.0,36.8921879806908,-96.95138926757863,-84.3735831982209,-12.577806069357734,2721.783310246253,2217.716689753747,0.2040962123666389,0.24259354869952376,2331.6666666666665,2301.0,2378.0,2469.75,1.0169491525423728,0.9474643182508351,-168.75,0.006451612903225712,0.006451612903225712,0.017094017094017096,0.004291845493562232,0.030609367721296243,0.02961347483419783,238970.2,310513.8,0.1301643555407559,0.3060443690425353,19.21986464599144,89.43283245138953,6102479.0,28.42105263157895,26.666666666666668,-0.0021459227467811592,0.02417582417582409,0.017897091722595126,0.009493838110756214,0.017094017094017096,2380.0
2021-08-27,2370.0,2410.0,2345.0,2380.0,188586,0.017094017094017033,0.016949558313773205,2320.714285714286,2423.9285714285716,2465.4761904761904,0.02688617984117158,65.0,-10.0,40.881044435362924,-90.82039530109023,-85.66294561879477,-5.157449682295464,2709.9684190579196,2210.0315809420804,0.20322635695765823,0.3399797856435149,2348.3333333333335,2330.0,2355.0,2460.0,1.0214592274678111,0.967479674796748,-130.0,0.017094017094017033,0.017094017094017033,0.0273109243697479,0.004219409282700422,0.010457716083425507,0.030585853080200988,152535.4,311912.2,0.9844682261577802,0.6046124518374081,19.922165184142642,88.04477299057599,6291065.0,36.8421052631579,30.175438596491233,0.006451612903225712,-0.0021459227467811592,0.02417582417582409,0.007133235750153862,0.01680672268907563,2420.0
2021-08-30,2410.0,2430.0,2350.0,2420.0,180078,0.01680672268907557,0.016667052485211643,2329.285714285714,2410.3571428571427,2458.095238095238,0.026981157536232866,80.0,-10.0,44.6487536097068,-81.79103654898563,-84.88856380483294,3.097527255847311,2703.3772839327767,2206.1227160672233,0.2025683136227939,0.4301162779677157,2380.0,2359.0,2343.0,2454.75,1.02585841458245,0.985843772278236,-95.75,0.01680672268907557,0.01680672268907557,0.03305785123966942,0.004149377593360996,0.010332727015700132,0.03083258952913827,149938.8,291766.6,-0.0451146956826064,0.6171988157657525,19.89266819078933,87.47014634839199,6471143.0,45.26315789473684,36.8421052631579,0.017094017094017033,0.006451612903225712,-0.0021459227467811592,0.013450784228772772,0.008264462809917356,2440.0
2021-08-31,2425.0,2440.0,2380.0,2440.0,217028,0.008264462809917328,0.008230499136515444,2358.5714285714284,2401.4285714285716,2454.0476190476193,0.008793212612629013,60.0,-15.0,46.485203921628795,-72.18921944635122,-82.3486949331366,10.159475486785382,2695.159968484532,2204.340031515468,0.20035511254987803,0.4801352812597453,2413.3333333333335,2381.0,2349.5,2449.75,1.0247795044099117,0.9960200020410246,-68.75,0.008264462809917328,0.008264462809917328,0.02459016393442623,0.006185567010309278,0.008020165403476791,0.022387357971546416,152961.8,286226.35,0.2051888626039826,0.7582390649917452,20.087534976632366,85.50799303779257,6688171.0,49.473684210526315,43.859649122807014,0.01680672268907557,0.017094017094017033,0.006451612903225712,0.01405506753100331,-0.010245901639344262,2415.0
2021-09-01,2445.0,2445.0,2410.0,2415.0,125878,-0.010245901639344246,-0.010298752200574473,2378.5714285714284,2388.214285714286,2448.095238095238,0.011874466885119636,35.0,30.0,44.497804944483164,-65.83806109589568,-79.04656816568841,13.20850706979273,2691.1122191976565,2200.8877808023435,0.2004188219114117,0.4367636584959442,2425.0,2399.0,2352.0,2446.0,1.0066694456023344,0.9873262469337695,-47.0,-0.010245901639344246,0.010245901639344246,0.014492753623188406,-0.012269938650306749,0.011125523548446299,0.022719527766154404,161320.2,282639.2,-0.41999189044731555,0.4453663893755714,19.53252303228088,81.90027924937883,6562293.0,44.21052631578947,46.31578947368421,0.008264462809917328,0.01680672268907557,0.017094017094017033,0.004941761286549551,-0.002070393374741201,2410.0
2021-09-02,2410.0,2420.0,2390.0,2410.0,95612,-0.0020703933747412417,-0.0020725396019724233,2390.0,2373.9285714285716,2444.285714285714,0.010217185195649037,30.0,0.0,44.09178934083523,-60.51065143561436,-75.33938481967361,14.828733384059248,2682.9426798280188,2197.5573201719812,0.19890804616577706,0.4376783839928005,2421.6666666666665,2413.0,2357.0,2440.25,0.998756734355574,0.9876037291261142,-27.25,-0.0020703933747412417,0.0020703933747412417,0.012448132780082987,0.0,0.011979631316246733,0.022247449249636838,161436.4,282210.45,-0.24043915537266247,0.33879680926060673,19.2554356449992,78.19311644585177,6466681.0,48.80952380952381,47.49791144527987,-0.010245901639344246,0.008264462809917328,0.01680672268907557,-0.0013506107347227199,0.012448132780082987,2440.0
2021-09-03,2430.0,2480.0,2415.0,2440.0,315192,0.012448132780082943,0.012371291802546829,2406.4285714285716,2366.785714285714,2440.2380952380954,0.010038407388612041,65.0,-10.0,47.20448798276265,-53.254012511626115,-70.92231035806411,17.668297846437994,2668.6491945046796,2198.8508054953204,0.19303477719953127,0.5133035790377636,2421.6666666666665,2425.0,2377.5,2433.75,1.0061855670103093,1.002568053415511,-8.75,0.012448132780082943,0.012448132780082943,0.02663934426229508,0.00411522633744856,0.011044793293501833,0.010913097970574317,186757.6,291328.35,2.296573651842865,1.081913243252845,20.460690575520626,77.60789384257664,6781873.0,71.21212121212122,54.744057112478174,-0.0020703933747412417,-0.010245901639344246,0.008264462809917328,4.394592199915189e-05,0.0,2440.0
2021-09-06,2455.0,2455.0,2405.0,2440.0,174007,0.0,0.0,2420.714285714286,2371.4285714285716,2434.0476190476193,0.010376730387446109,50.0,15.0,47.20448798276265,-46.96172831178774,-66.13019394880884,19.1684656370211,2643.9688754619083,2206.0311245380917,0.18059288697889342,0.5342514431979384,2430.0,2429.0,2394.0,2425.0,1.0045286125977768,1.0061855670103093,4.0,0.0,0.0,0.020491803278688523,-0.006109979633401222,0.008922202806820635,0.010733810134256415,185543.4,284446.3,-0.4479333231807914,0.6117393687314618,19.866604127915057,75.63590142524974,6781873.0,85.45454545454545,68.4920634920635,0.012448132780082943,-0.0020703933747412417,-0.010245901639344246,0.0034592464684472337,-0.012295081967213115,2410.0
2021-09-07,2445.0,2445.0,2385.0,2410.0,146120,-0.012295081967213073,-0.012371291802546829,2425.0,2372.8571428571427,2424.285714285714,0.011102356217248033,60.0,35.0,44.34136558726383,-43.88986202061187,-61.682127563169445,17.792265542557573,2615.9189414978878,2214.0810585021122,0.1663924981348967,0.48755717115886615,2430.0,2423.0,2402.0,2415.0,0.9946347503095336,0.9979296066252588,8.0,-0.012295081967213073,0.012295081967213073,0.024896265560165973,-0.014314928425357873,0.009820911076889375,0.010471599641740862,171361.8,277792.3,-0.16026366755360422,0.5260045004847147,19.679565510233626,74.51905132344619,6635753.0,74.54545454545455,77.07070707070709,0.0,0.012448132780082943,-0.0020703933747412417,5.101693762329015e-05,-0.01037344398340249,2385.0
2021-09-08,2415.0,2420.0,2375.0,2385.0,132036,-0.010373443983402453,-0.01042762316225905,2420.0,2374.6428571428573,2413.5714285714284,0.009683439987117631,45.0,30.0,42.05234210022482,-42.97726179794563,-57.94115441012468,14.963892612179052,2594.3613548475378,2217.6386451524622,0.15657635481923338,0.44425608156992263,2411.6666666666665,2417.0,2408.0,2406.0,0.9867604468349194,0.9912718204488778,11.0,-0.010373443983402453,0.010373443983402453,0.018867924528301886,-0.012422360248447204,0.00984641092370374,0.011252541036414503,172593.4,270855.35,-0.09638653161784838,0.48747791025726467,19.567784298155907,72.41054765748575,6503717.0,65.45454545454545,75.15151515151516,-0.012295081967213073,0.0,0.012448132780082943,-0.007556175316871842,-0.006289308176100629,2370.0
2021-09-09,2365.0,2400.0,2350.0,2370.0,166774,-0.0062893081761006275,-0.006309169193264721,2410.0,2384.285714285714,2404.285714285714,0.00860192128986675,50.0,-5.0,40.69491273466668,-42.96907345485488,-54.946738219070724,11.977664764215845,2559.6442750413935,2229.3557249586065,0.13793633329830318,0.42582243618842053,2388.3333333333335,2409.0,2411.0,2394.5,0.9838107098381071,0.9897682188348298,14.5,-0.0062893081761006275,0.0062893081761006275,0.02109704641350211,0.0021141649048625794,0.009984672503277404,0.011487834473597072,186825.8,259134.85,0.26309491350843706,0.6435799739016191,19.7950401181164,70.80979425337962,6336943.0,60.0,66.66666666666667,-0.010373443983402453,-0.012295081967213073,0.0,-0.009652611375572051,-0.006329113924050633,2355.0
2021-09-10,2360.0,2410.0,2340.0,2355.0,107729,-0.006329113924050667,-0.00634922767865878,2401.4285714285716,2390.0,2392.6190476190477,0.00825454319610933,70.0,5.0,39.32777852665409,-43.66956323214981,-52.691303221686546,9.021739989536734,2512.668817754001,2250.831182245999,0.10993497869549775,0.3978374520221234,2370.0,2392.0,2408.5,2381.75,0.9845317725752508,0.9887687624645743,10.25,-0.006329113924050667,0.006329113924050667,0.029723991507430998,-0.00211864406779661,0.0047264341872957725,0.010237242570743533,145333.2,240640.0,-0.35404199695396166,0.44767702792553193,19.351670103771887,70.75195180670966,6229214.0,39.02439024390244,54.82631189948264,-0.0062893081761006275,-0.010373443983402453,-0.012295081967213073,-0.007663955361184582,-0.016985138004246284,2315.0
2021-09-13,2355.0,2410.0,2310.0,2315.0,193196,-0.01698513800424628,-0.01713103993018367,2387.8571428571427,2388.9285714285716,2378.5714285714284,0.009638162333998638,100.0,40.0,35.86739467970693,-46.91160435986376,-51.53536344932199,4.6237590894582326,2481.2819099805893,2259.7180900194107,0.09346712506272033,0.24950783927752973,2346.6666666666665,2367.0,2398.0,2370.5,0.9780312632023659,0.9765872178865218,-3.5,-0.01698513800424628,0.01698513800424628,0.04319654427645788,-0.016985138004246284,0.004483613999041632,0.00923098227175882,149171.0,230057.5,0.7933518365528316,0.8397726655292699,19.918625465368706,72.84109810623039,6036018.0,5.714285714285714,34.912891986062725,-0.006329113924050667,-0.0062893081761006275,-0.010373443983402453,-0.009867853368132526,0.02159827213822894,2365.0
2021-09-14,2325.0,2385.0,2320.0,2365.0,141033,0.021598272138228847,0.0213683344056988,2377.1428571428573,2391.785714285714,2370.2380952380954,0.012601186341000933,65.0,-40.0,42.659173096272504,-44.928455905966075,-50.21398194065081,5.285526034684736,2480.786660796895,2259.213339203105,0.09349085299316028,0.47743410639857403,2345.0,2358.0,2390.5,2370.0,1.0029686174724344,0.9978902953586498,-12.0,0.021598272138228847,0.021598272138228847,0.02748414376321353,0.017204301075268817,0.014787208452238496,0.011852381577629025,148153.6,204343.8,-0.2700004140872482,0.6901750872793792,19.62528248845396,72.63816252721394,6177051.0,32.35294117647059,25.697205711552915,-0.01698513800424628,-0.006329113924050667,-0.0062893081761006275,-0.0005719932633560335,0.008456659619450317,2385.0
2021-09-15,2370.0,2405.0,2340.0,2385.0,261100,0.008456659619450413,0.008421102396408345,2369.285714285714,2395.0,2370.714285714286,0.01346996606377104,65.0,-15.0,45.16089845657921,-41.26726032634815,-48.42463761779028,7.157377291442131,2480.369071354665,2259.130928645335,0.09335927532833828,0.5689302478010584,2355.0,2358.0,2387.5,2369.75,1.0114503816793894,1.0064352779829095,-11.75,0.008456659619450413,0.008456659619450413,0.027253668763102725,0.006329113924050633,0.015050479206849444,0.012065152710239776,173966.4,207662.3,0.8513397573617523,1.2573298090216665,20.24961315961551,72.0925794895558,6438151.0,44.11764705882353,27.39495798319328,0.021598272138228847,-0.01698513800424628,-0.006329113924050667,0.004356597917810993,-0.0041928721174004195,2375.0
2021-09-16,2385.0,2415.0,2360.0,2375.0,101387,-0.004192872117400381,-0.00420168685369997,2364.285714285714,2394.6428571428573,2370.0,0.012890094383250991,55.0,10.0,44.124305508231174,-38.7262408799088,-46.484958270213994,7.758717390305193,2481.0441088434836,2259.9558911565164,0.09326649132544496,0.5203538661945859,2375.0,2359.0,2384.0,2370.5,1.006782534972446,1.0018983336848766,-11.5,-0.004192872117400381,0.004192872117400381,0.023157894736842106,-0.0041928721174004195,0.014856269376332063,0.01210109528684306,160889.0,187030.35,-0.6116928379931061,0.5420884899162087,19.299452877413703,70.87168095458753,6336764.0,38.23529411764706,38.235294117647065,0.008456659619450413,0.021598272138228847,-0.01698513800424628,0.008620686546759626,-0.004210526315789474,2365.0
2021-09-17,2355.0,2385.0,2340.0,2365.0,89725,-0.004210526315789442,-0.004219415542708211,2361.4285714285716,2390.714285714286,2370.2380952380954,0.012426037505510641,45.0,-10.0,43.059908936456935,-37.09180979361099,-44.606328574893396,7.514518781282405,2467.4608086119997,2286.5391913880003,0.07611342752376922,0.433672934256702,2375.0,2361.0,2376.5,2377.0,1.0016941973739941,0.9949516196886832,-16.0,-0.004210526315789442,0.004210526315789442,0.019027484143763214,0.004246284501061571,0.01464111525543222,0.011087694424455586,157288.2,160478.6,-0.11502460867764108,0.5591088157548733,19.173038021654385,69.02370374354557,6247039.0,32.35294117647059,38.235294117647065,-0.004192872117400381,0.008456659619450413,0.021598272138228847,1.7753728753529725e-05,-0.014799154334038054,2330.0
2021-09-23,2365.0,2375.0,2300.0,2330.0,137286,-0.014799154334038,-0.014909754366287038,2355.714285714286,2382.8571428571427,2374.7619047619046,0.01340194759571383,75.0,35.0,39.471045431053724,-38.18059672265281,-43.32118220444528,5.1405854817924705,2459.9126635758753,2299.5873364241247,0.06737065958682659,0.1896934446738362,2356.6666666666665,2364.0,2365.5,2379.75,0.9856175972927242,0.9790944426935603,-15.75,-0.014799154334038,0.014799154334038,0.032188841201716736,-0.014799154334038054,0.013990470945986648,0.011608974133176386,146106.2,157689.85,0.5300752298690443,0.8706077150812179,19.58344516974636,69.45058204757804,6109753.0,16.666666666666668,29.08496732026144,-0.004210526315789442,-0.004192872117400381,0.008456659619450413,-0.007734184255742608,0.002145922746781116,2335.0
2021-09-24,2330.0,2350.0,2295.0,2335.0,177290,0.0021459227467810482,0.002143623543251369,2352.8571428571427,2377.1428571428573,2377.6190476190477,0.013372578712543826,55.0,-5.0,40.23734809987013,-38.19966800070415,-42.29687936369705,4.097211362992901,2459.538140470303,2300.461859529697,0.06683877350445631,0.21711684649704904,2343.3333333333335,2358.0,2358.0,2380.0,0.9902459711620017,0.9810924369747899,-22.0,0.0021459227467810482,0.0021459227467810482,0.023554603854389723,0.002145922746781116,0.008641352657204554,0.01143424411692081,153357.6,156458.7,0.2913916932534999,1.1331424842466413,19.841309261411045,68.41839761560819,6287043.0,21.62162162162162,23.547076488252966,-0.014799154334038,-0.004210526315789442,-0.004192872117400381,-0.0056212526343487985,0.034261241970021415,2415.0
2021-09-27,2330.0,2415.0,2325.0,2415.0,238916,0.03426124197002145,0.033687395983675414,2367.1428571428573,2377.5,2381.6666666666665,0.016679466868860123,90.0,-85.0,50.93955442375966,-31.397519651590756,-40.117007421275794,8.719487769685038,2461.0643863892205,2307.9356136107795,0.06421839915220846,0.6991787659927885,2360.0,2364.0,2361.0,2384.5,1.0215736040609138,1.0127909414971692,-20.5,0.03426124197002145,0.03426124197002145,0.037267080745341616,0.03648068669527897,0.018694176953447616,0.016056224888725563,148920.8,164200.2,0.3475999774380958,1.4550286784059945,20.17332187252023,69.95994064306474,6525959.0,64.86486486486487,34.38438438438439,0.0021459227467810482,-0.014799154334038,-0.004210526315789442,0.007202670127588166,-0.016563146997929608,2375.0
2021-09-28,2425.0,2450.0,2355.0,2375.0,227253,-0.0165631469979296,-0.01670184961793147,2368.5714285714284,2372.8571428571427,2384.0476190476193,0.01705147881653958,95.0,50.0,46.45959983957489,-28.9012778435781,-37.87386150573626,8.972583662158158,2460.0830264141573,2312.4169735858427,0.06188205461637071,0.42381458172326225,2375.0,2364.0,2361.5,2386.25,1.004653130287648,0.9952854897852279,-22.25,-0.0165631469979296,0.0165631469979296,0.04,-0.020618556701030927,0.020551032829448087,0.016906633670844495,174094.0,170811.3,-0.04881632038038475,1.3304330568293785,20.106571931594253,71.74851631141726,6298706.0,50.0,45.495495495495504,0.03426124197002145,0.0021459227467810482,-0.014799154334038,0.006614672572957632,-0.02526315789473684,2315.0
2021-09-29,2310.0,2350.0,2295.0,2315.0,330203,-0.025263157894736876,-0.02558774994840717,2358.5714285714284,2363.9285714285716,2382.8571428571427,0.01916640280256857,55.0,-5.0,40.68026117554819,-31.402498331960032,-36.57958887098101,5.1770905390209805,2463.4199503920054,2302.5800496079946,0.06749471287621098,0.077219336318069,2368.3333333333335,2354.0,2357.5,2383.0,0.9834324553950722,0.9714645404951742,-29.0,-0.025263157894736876,0.025263157894736876,0.023758099352051837,0.0021645021645021645,0.023602233758046043,0.018701264235231208,222189.6,177892.15,0.45301932207715634,1.8561977018097764,20.454627863658196,72.33790800345888,5968503.0,12.903225806451612,42.5893635571055,-0.0165631469979296,0.03426124197002145,0.0021459227467810482,-0.0025216876408816757,0.0021598272138228943,2320.0
2021-09-30,2330.0,2345.0,2300.0,2320.0,123142,0.002159827213822796,0.0021574981400210927,2350.714285714286,2357.5,2380.0,0.019319481947498822,45.0,10.0,41.33517460994994,-32.6054203860258,-35.78475517398997,3.179334787964173,2461.123243946627,2294.876756053373,0.06991021358000597,0.15112044930993412,2336.6666666666665,2352.0,2358.0,2378.0,0.9863945578231292,0.975609756097561,-26.0,0.002159827213822796,0.002159827213822796,0.01939655172413793,-0.004291845493562232,0.022877624988455466,0.017909341575544684,219360.8,175045.35,-0.6270718315702765,0.7034862679871244,19.470415908170107,70.3852002889261,6091645.0,16.129032258064516,26.34408602150538,-0.025263157894736876,-0.0165631469979296,0.03426124197002145,-0.013222159226281227,-0.02586206896551724,2260.0
2021-10-01,2320.0,2335.0,2245.0,2260.0,152482,-0.025862068965517238,-0.026202372394024072,2335.714285714286,2348.5714285714284,2372.3809523809523,0.02118182240357396,90.0,60.0,36.17401476174949,-37.96263372882959,-36.220330884957896,-1.7423028438716912,2462.222992420269,2275.777007579731,0.0787023996794165,-0.08461972293597429,2298.3333333333335,2337.0,2347.5,2369.0,0.9670517757809157,0.9539890249050232,-32.0,-0.025862068965517238,0.025862068965517238,0.03982300884955752,-0.02586206896551724,0.02531985526750171,0.017944108048607518,214399.2,171818.05,0.23826151922171146,0.8874620565185091,19.65792193044447,71.78625741114567,5939163.0,7.317073170731708,12.116443745082618,0.002159827213822796,-0.025263157894736876,-0.0165631469979296,-0.016321799882143773,-0.07964601769911504,2080.0
2021-10-05,2235.0,2260.0,2075.0,2080.0,907865,-0.07964601769911506,-0.08299691957096791,2300.0,2327.8571428571427,2355.2380952380954,0.036084379633548096,185.0,155.0,25.776024482216727,-56.08623240220777,-40.193511188407875,-15.892721213799895,2509.2439656902707,2195.2560343097293,0.13348408178575463,-0.36707154253659335,2220.0,2270.0,2317.0,2352.25,0.9162995594713657,0.8842597513019449,-82.25,-0.07964601769911506,0.07964601769911506,0.0889423076923077,-0.06935123042505593,0.03047307729342538,0.02909891008863481,348189.0,210917.4,4.9539158720373555,4.304362750536466,21.358974141340525,79.87295331034954,5031298.0,1.3333333333333333,8.259812920709857,-0.025862068965517238,0.002159827213822796,-0.025263157894736876,-0.0344494198169365,-0.02403846153846154,2030.0
2021-10-06,2070.0,2125.0,2015.0,2030.0,353235,-0.024038461538461564,-0.02433210065953067,2256.4285714285716,2304.6428571428573,2336.904761904762,0.03521656870947843,110.0,40.0,23.735104289700743,-73.63507771722243,-46.881824494170786,-26.753253223051644,2543.6950171972667,2122.8049828027333,0.18038788573643347,-0.220496983104475,2123.3333333333335,2201.0,2282.5,2333.25,0.9223080417991822,0.8700310725383049,-132.25,-0.024038461538461564,0.024038461538461564,0.054187192118226604,-0.01932367149758454,0.02988593848028087,0.029093331674856913,373385.4,223798.55,-0.6109168213335683,1.578361432636628,20.390679910230595,82.02488521675315,4678063.0,3.4482758620689653,4.032894122044674,-0.07964601769911506,-0.025862068965517238,0.002159827213822796,-0.04318218273436462,0.03940886699507389,2110.0
2021-10-07,2040.0,2115.0,2040.0,2110.0,174588,0.039408866995073843,0.038652154434279114,2212.8571428571427,2290.0,2322.6190476190477,0.036504392056337834,75.0,-70.0,32.890901366458735,-80.16326048292058,-53.53811169192075,-26.62514879099983,2543.100333960899,2090.399666039101,0.19540333135720228,0.04329645469903538,2073.3333333333335,2160.0,2257.0,2316.75,0.9768518518518519,0.9107586058055466,-156.75,0.039408866995073843,0.039408866995073843,0.035545023696682464,0.03431372549019608,0.04358866100370929,0.03380874807241054,342262.4,216768.35,-0.5057454668988067,0.8054127828163106,19.724627420688083,82.2373934155565,4852651.0,21.839080459770116,8.87356321839081,-0.024038461538461564,-0.07964601769911506,-0.025862068965517238,-0.02142520408083426,0.009478672985781991,2130.0
2021-10-08,2140.0,2160.0,2100.0,2130.0,147970,0.009478672985782088,0.009434032233358714,2177.8571428571427,2273.214285714286,2307.8571428571427,0.0381140230602046,60.0,10.0,34.992077490967375,-82.76895056450303,-59.38427946643721,-23.384671098065823,2534.4175476200708,2068.0824523799292,0.20264425648675352,0.13277479703342082,2090.0,2122.0,2237.0,2301.25,1.003770028275212,0.9255839217816404,-179.25,0.009478672985782088,0.009478672985782088,0.028169014084507043,-0.004672897196261682,0.04453063916442482,0.03435844628594184,347228.0,215466.5,-0.15246179577061425,0.6867424866510571,19.56864209137288,80.64900817158818,5000621.0,26.436781609195403,17.241379310344836,0.039408866995073843,-0.024038461538461564,-0.07964601769911506,0.00828302614746479,0.002347417840375587,2135.0
2021-10-12,2150.0,2180.0,2095.0,2135.0,111418,0.0023474178403755097,0.0023446669592540547,2152.1428571428573,2255.3571428571427,2293.3333333333335,0.03834987698230527,85.0,15.0,35.53548602719941,-83.4683493399366,-64.20109344113709,-19.267255898799505,2526.037208837531,2048.962791162469,0.20855712248090152,0.18034337128538191,2125.0,2097.0,2217.0,2287.5,1.0181211254172629,0.9333333333333333,-190.5,0.0023474178403755097,0.0023474178403755097,0.03981264637002342,-0.0069767441860465115,0.04477599725027698,0.034365371189140556,339015.2,213731.4,-0.24702304521186724,0.5212991633424008,19.287266103181548,80.95979330218903,5112039.0,27.586206896551722,25.287356321839084,0.009478672985782088,0.039408866995073843,-0.024038461538461564,0.017078319273743814,0.01639344262295082,2170.0
2021-10-13,2110.0,2185.0,2110.0,2170.0,123753,0.016393442622950838,0.016260520871780326,2130.714285714286,2240.714285714286,2281.904761904762,0.03954273900514791,75.0,-60.0,39.35690164690243,-80.27308229117443,-67.41549121114456,-12.857591080029877,2516.1632080953896,2037.3367919046104,0.21031137199551075,0.2770590836461547,2145.0,2115.0,2192.5,2276.75,1.0260047281323876,0.9531129900076863,-161.75,0.016393442622950838,0.016393442622950838,0.03456221198156682,0.02843601895734597,0.02299451265699773,0.03230519046178049,182192.8,213317.25,0.11070922113123549,0.5801359243099187,19.408525372819625,80.53409378060411,5235792.0,35.632183908045974,29.88505747126437,0.0023474178403755097,0.009478672985782088,0.039408866995073843,0.009406511149702812,0.018433179723502304,2210.0
2021-10-14,2170.0,2210.0,2155.0,2210.0,165602,0.018433179723502224,0.01826534797729319,2123.5714285714284,2229.6428571428573,2273.5714285714284,0.039990732074257,55.0,-40.0,43.480518988845844,-73.66399178526444,-68.66519132596854,-4.998800459295907,2505.7237937987416,2031.7762062012587,0.20890251794930376,0.37604114560891977,2171.6666666666665,2151.0,2176.0,2268.75,1.0274291027429103,0.9741046831955923,-117.75,0.018433179723502224,0.018433179723502224,0.024886877828054297,0.018433179723502304,0.01392499882839572,0.03341093585627749,144666.2,213258.65,0.3381655394212666,0.7765312215940596,19.718090395399237,78.71022993913239,5401394.0,44.827586206896555,36.015325670498086,0.016393442622950838,0.0023474178403755097,0.009478672985782088,0.012391346728942857,0.011312217194570135,2235.0
2021-10-15,2220.0,2240.0,2190.0,2235.0,143739,0.011312217194570096,0.011248712535870667,2145.714285714286,2222.8571428571427,2267.1428571428573,0.019004962397755416,50.0,-15.0,45.95409069287285,-65.65215173892193,-68.06258340855922,2.4104316696372905,2496.5847369629378,2028.9152630370622,0.20668190207750547,0.4406632214691047,2205.0,2176.0,2168.0,2262.75,1.0271139705882353,0.9877361617500828,-86.75,0.011312217194570096,0.011312217194570096,0.02237136465324385,0.006756756756756757,0.006321833499909851,0.03314895241901425,138496.4,215059.15,-0.1320213523991256,0.6683696090122183,19.587750944152972,76.65949922919437,5545133.0,50.57471264367816,43.67816091954023,0.018433179723502224,0.016393442622950838,0.0023474178403755097,0.015379613180341053,0.03355704697986577,2310.0
2021-10-18,2290.0,2340.0,2275.0,2310.0,456856,0.033557046979865834,0.03300629646817008,2185.714285714286,2221.0714285714284,2265.0,0.013021572804037436,65.0,-20.0,52.649226013724345,-52.643990429236055,-64.9788648126946,12.33487438345854,2496.1101115331403,2028.8898884668595,0.2065061759408976,0.6016651199048413,2251.6666666666665,2212.0,2167.0,2262.5,1.0443037974683544,1.0209944751381215,-50.5,0.033557046979865834,0.033557046979865834,0.02813852813852814,0.008733624454148471,0.011422109569068927,0.035120386446877344,200273.6,228242.15,2.1783719101983454,2.0016285335552615,20.77712632621752,78.68382071282335,6001989.0,67.816091954023,54.40613026819924,0.011312217194570096,0.018433179723502224,0.016393442622950838,0.021100814632646053,0.006493506493506494,2325.0
2021-10-19,2320.0,2370.0,2295.0,2325.0,442462,0.006493506493506551,0.00647251450561752,2216.4285714285716,2214.6428571428573,2265.4761904761904,0.010044368975352205,75.0,-5.0,53.87978526819927,-40.65589834410548,-60.11427151897678,19.458373174871298,2491.0805031242944,2029.9194968757058,0.2040084079843347,0.6398643838616989,2290.0,2250.0,2173.5,2260.5,1.0333333333333334,1.028533510285335,-10.5,0.006493506493506551,0.006493506493506551,0.03225806451612903,0.0021551724137931034,0.01023489214110476,0.0339290872376832,266482.4,243313.6,-0.031506645420001034,1.818484457917683,20.75158518302991,78.4206906619074,6444451.0,71.26436781609195,63.2183908045977,0.033557046979865834,0.011312217194570096,0.018433179723502224,0.017120923555980827,-0.012903225806451613,2295.0
2021-10-20,2335.0,2345.0,2270.0,2295.0,183126,-0.012903225806451646,-0.01298719552681119,2240.0,2208.9285714285716,2262.1428571428573,0.014345616885116827,75.0,40.0,51.02375662901342,-33.193365817646736,-54.73009037871077,21.536724561064034,2479.762091705031,2032.2379082949694,0.1983706486746726,0.5871461285127124,2310.0,2275.0,2195.0,2256.0,1.0087912087912088,1.0172872340425532,19.0,-0.012903225806451646,0.012903225806451646,0.032679738562091505,-0.017130620985010708,0.01699357389748918,0.01911315159561277,278357.0,239414.9,-0.5861203899995933,0.764889737439065,19.856417844363456,78.1763556146283,6261325.0,78.87323943661971,72.65123306891155,0.006493506493506551,0.033557046979865834,0.011312217194570096,0.009049109222306914,0.0,2295.0
2021-10-21,2295.0,2305.0,2245.0,2295.0,357907,0.0,0.0,2262.8571428571427,2207.5,2257.8571428571427,0.014597258344404186,60.0,0.0,51.02375662901342,-26.96838032463529,-49.177748367895674,22.209368043260383,2469.5799913401484,2034.4200086598519,0.19323267436958103,0.5988142331818943,2305.0,2292.0,2221.5,2252.0,1.0013089005235603,1.0190941385435168,40.0,0.0,0.0,0.026143790849673203,0.0,0.017079762911622474,0.015524500172599686,316818.0,252240.9,0.9544302829745639,1.418909463136232,20.52651657881084,76.87804449929772,6261325.0,78.87323943661971,76.33694889644379,-0.012903225806451646,0.006493506493506551,0.033557046979865834,-0.0021365731043150316,-0.06100217864923747,2155.0
2021-10-22,2255.0,2265.0,2150.0,2155.0,754994,-0.061002178649237515,-0.06294211995679741,2260.714285714286,2195.714285714286,2247.3809523809523,0.030862517094037072,115.0,100.0,39.64893946200775,-32.952014136952585,-45.93260152170706,12.980587384754479,2456.3708302311193,2026.6291697688805,0.19172057125239295,0.29871628013221074,2248.3333333333335,2276.0,2226.0,2241.5,0.9468365553602812,0.9614097702431408,34.5,-0.061002178649237515,0.061002178649237515,0.05336426914153132,-0.04434589800443459,0.034737479318989635,0.025450866428513248,439069.0,285504.35,1.1094697784620027,2.6444220552156215,21.210011084332187,81.7438984636336,5506331.0,39.436619718309856,65.72769953051643,0.0,-0.012903225806451646,0.006493506493506551,-0.024635134818563054,0.013921113689095127,2185.0
2021-10-25,2155.0,2195.0,2120.0,2185.0,199263,0.0139211136890951,0.013825104991842335,2257.1428571428573,2190.3571428571427,2238.809523809524,0.03044356518360206,75.0,-30.0,42.60183384595624,-34.87136240430118,-43.720353698225885,8.848991293924705,2446.31441424594,2022.18558575406,0.18983051515805308,0.3838796217292669,2211.6666666666665,2251.0,2231.5,2234.25,0.9706796979120391,0.9779568087725188,16.75,0.0139211136890951,0.0139211136890951,0.034324942791762014,0.013921113689095127,0.02979710249613918,0.025626107639773653,387550.4,288603.2,-0.736073399258802,0.6904393298480405,19.891751949018108,81.26219143051692,5705594.0,47.88732394366197,55.39906103286385,-0.061002178649237515,0.0,-0.012903225806451646,-0.015693688320047472,0.011441647597254004,2210.0
2021-10-26,2185.0,2215.0,2170.0,2210.0,136934,0.011441647597254079,0.011376686982108048,2253.5714285714284,2199.6428571428573,2233.095238095238,0.030452621886300404,45.0,-25.0,45.01618967822796,-33.98342885416969,-41.77296872941465,7.789539875244962,2434.8663438322587,2021.1336561677413,0.1856968975154926,0.4564936478632899,2183.3333333333335,2228.0,2239.0,2228.0,0.9919210053859964,0.9919210053859964,0.0,0.011441647597254079,0.011441647597254079,0.020361990950226245,0.011441647597254004,0.030582634374253376,0.02576706409149906,326444.8,286585.4,-0.3127976593747961,0.4778121983883338,19.52800213472198,78.6720348997657,5842528.0,54.929577464788736,47.417840375586856,0.0139211136890951,-0.061002178649237515,0.0,-0.011879805787629446,-0.020361990950226245,2165.0
2021-10-27,2215.0,2220.0,2135.0,2165.0,163208,-0.020361990950226283,-0.020572154075208317,2232.8571428571427,2209.285714285714,2225.0,0.026819400151114833,85.0,50.0,41.62238090288916,-36.490222467551575,-40.71641947704204,4.226197009490463,2404.2047261840853,2026.795273815915,0.17034956098766435,0.3661930704620075,2186.6666666666665,2202.0,2238.5,2215.5,0.983197093551317,0.9772060482960957,-13.5,-0.020361990950226283,0.020361990950226283,0.03926096997690531,-0.022573363431151242,0.03095704134314442,0.026379681521125024,322461.2,282800.0,0.1918734572859917,0.5771145685997171,19.68295638318525,79.1240324069253,5679320.0,37.878787878787875,46.89856309574619,0.011441647597254079,0.0139211136890951,-0.061002178649237515,0.0016669234453742983,-0.009237875288683603,2145.0
2021-10-28,2160.0,2190.0,2140.0,2145.0,117319,-0.009237875288683584,-0.009280809074472856,2207.1428571428573,2211.785714285714,2212.1428571428573,0.025925164958635432,50.0,15.0,40.17276634991552,-39.63383316216641,-40.499902214066914,0.866069051900503,2379.3372689839125,2028.6627310160875,0.15910822956797868,0.3317528260195117,2173.3333333333335,2172.0,2232.0,2204.0,0.9875690607734806,0.9732304900181489,-32.0,-0.009237875288683584,0.009237875288683584,0.023310023310023312,-0.006944444444444444,0.030391983714333076,0.025683779151017005,274343.6,277303.3,-0.28116881525415416,0.42307105613240087,19.34354683469509,77.0437443778592,5562001.0,18.181818181818183,36.99672784179827,-0.020361990950226283,0.011441647597254079,0.0139211136890951,-0.006052739547218596,-0.009324009324009324,2125.0
2021-10-29,2160.0,2160.0,2110.0,2125.0,130881,-0.009324009324009341,-0.00936775000360016,2182.8571428571427,2211.4285714285716,2200.2380952380954,0.02592692152332098,50.0,35.0,38.72048392775604,-43.24054999513055,-41.04803177027964,-2.1925182248509074,2365.037848862758,2023.962151137242,0.15542296547072953,0.29623291702262877,2145.0,2166.0,2221.0,2194.5,0.9810710987996306,0.9683299156983367,-28.5,-0.009324009324009341,0.009324009324009341,0.023529411764705882,-0.016203703703703703,0.014788628293224193,0.02526035004569138,149521.0,267337.2,0.11559934878408451,0.48957271939707603,19.443570877348243,75.11204835086926,5431120.0,10.909090909090908,22.32323232323232,-0.009237875288683584,-0.020361990950226283,0.011441647597254079,-0.012974625187639735,-0.002352941176470588,2120.0
2021-11-01,2115.0,2145.0,2100.0,2120.0,113754,-0.0023529411764705577,-0.0023557136924590365,2157.8571428571427,2210.3571428571427,2190.9523809523807,0.02577527463787689,45.0,-5.0,38.347252431045774,-45.972415889958484,-42.032908594215414,-3.93950729574307,2347.3334635205715,2021.6665364794285,0.1490807631225191,0.3019448871089958,2130.0,2153.0,2202.0,2184.5,0.9846725499303298,0.9704737926298924,-31.5,-0.0023529411764705577,0.0023529411764705577,0.02122641509433962,0.002364066193853428,0.011675897541006144,0.02148057110490613,132419.2,266867.8,-0.13085933023127883,0.42625599641470424,19.3009648728428,72.9611877543786,5317366.0,7.407407407407407,12.166105499438833,-0.009324009324009341,-0.009237875288683584,-0.020361990950226283,-0.006971608596387828,0.014150943396226415,2150.0
2021-11-02,2130.0,2160.0,2105.0,2150.0,183084,0.014150943396226356,0.014051753455650287,2157.1428571428573,2208.9285714285716,2182.8571428571427,0.013661957838985819,55.0,-20.0,41.96206195793033,-45.19570209371295,-42.665467294114926,-2.530234799598027,2338.4926165590186,2019.5073834409814,0.14639065310602906,0.40908670060827285,2131.6666666666665,2141.0,2184.5,2179.0,1.004203643157403,0.9866911427260211,-38.0,0.014150943396226356,0.014150943396226356,0.02558139534883721,0.009389671361502348,0.012703435514043494,0.02219250874480355,141649.2,268397.9,0.6094730734743394,0.6821364846744329,19.790923466563363,71.67824577192299,5500450.0,18.51851851851852,12.27833894500561,-0.0023529411764705577,-0.009324009324009341,-0.009237875288683584,0.0008246642985821525,-0.011627906976744186,2125.0
2021-11-03,2170.0,2170.0,2120.0,2125.0,132542,-0.011627906976744207,-0.011696039763191298,2148.5714285714284,2202.8571428571427,2176.4285714285716,0.01261991488835986,50.0,45.0,39.86446355347602,-46.06641690185461,-43.34565721566287,-2.720759686191741,2336.0631301381054,2026.4368698618948,0.1419490018458272,0.31832936279429025,2131.6666666666665,2133.0,2167.5,2181.25,0.9962494139709329,0.9742120343839542,-48.25,-0.011627906976744207,0.011627906976744207,0.023529411764705882,-0.020737327188940093,0.010554828969749932,0.022162078815736674,135516.0,229631.75,-0.27605907670795915,0.577193702525892,19.456181940221587,70.12979964535707,5367908.0,9.25925925925926,11.728395061728397,0.014150943396226356,-0.0023529411764705577,-0.009324009324009341,5.6698414337197356e-05,0.06588235294117648,2265.0
2021-11-04,2125.0,2615.0,2125.0,2265.0,4873799,0.0658823529411765,0.06380295655861722,2156.4285714285716,2205.0,2185.2380952380954,0.02863968919850899,490.0,-140.0,53.793998606551824,-35.055536288269195,-41.68763303018414,6.632096741914943,2334.5850125877514,2051.4149874122486,0.12912449848404142,0.754264200299364,2180.0,2157.0,2164.5,2193.0,1.0500695410292071,1.0328317373461013,-36.0,0.0658823529411765,0.0658823529411765,0.2163355408388521,0.06588235294117648,0.03211227248140617,0.032157762851129965,1086812.0,455659.95,35.771732733774954,10.696132060761538,23.12471431109609,100.12052824211727,10241707.0,32.03883495145631,19.938870909744697,-0.011627906976744207,0.014150943396226356,-0.0023529411764705577,0.022801796453552885,-0.02869757174392936,2200.0
2021-11-05,2265.0,2280.0,2185.0,2200.0,644711,-0.028697571743929395,-0.02911739857072721,2161.4285714285716,2197.1428571428573,2193.3333333333335,0.02998773657311361,95.0,65.0,48.210377185582566,-31.214469866933086,-39.59300039753393,8.378530530600841,2333.5920740953675,2061.4079259046325,0.12386081828929918,0.5091849581124325,2196.6666666666665,2172.0,2169.0,2197.5,1.0128913443830572,1.0011376564277588,-25.5,-0.028697571743929395,0.028697571743929395,0.04318181818181818,-0.02869757174392936,0.036145371232473446,0.026583222286876717,1189578.0,479166.1,-0.8677190011323815,1.3454854172697108,21.072770073404072,99.75477622482319,9596996.0,19.41747572815534,20.23852331295697,0.0658823529411765,-0.011627906976744207,0.014150943396226356,0.008518958073500968,-0.020454545454545454,2155.0
2021-11-08,2180.0,2185.0,2145.0,2155.0,343435,-0.020454545454545503,-0.020666636808559107,2162.8571428571427,2185.0,2195.4761904761904,0.031011322679030194,40.0,25.0,44.74751727791932,-31.439110478513157,-37.962222413729776,6.523111935216619,2332.67358386703,2064.82641613297,0.12181792733783302,0.3366605838317528,2206.6666666666665,2179.0,2166.0,2198.75,0.9889857732905002,0.9801023308698124,-19.75,-0.020454545454545503,0.020454545454545503,0.018561484918793503,-0.011467889908256881,0.03822218990550053,0.027141638870540746,1235514.2,488939.35,-0.46730395479524933,0.7024081821191115,20.422299148097736,96.55800649447868,9253561.0,10.679611650485437,20.71197411003236,-0.028697571743929395,0.0658823529411765,-0.011627906976744207,0.005576745247567201,0.0,2155.0
2021-11-09,2145.0,2195.0,2140.0,2155.0,272371,0.0,0.0,2167.1428571428573,2175.0,2196.6666666666665,0.030706874405643764,55.0,-10.0,44.74751727791932,-31.25683049637837,-36.6211440302595,5.3643135338811305,2331.956974893635,2067.543025106365,0.12020181829174689,0.33075779460197596,2170.0,2180.0,2160.5,2199.75,0.9885321100917431,0.9796567791794523,-19.75,0.0,0.0,0.025522041763341066,0.004662004662004662,0.03779029290607717,0.026795106825821965,1253371.6,496987.0,-0.20692125147407803,0.5480445162549523,20.190466390745016,93.58957745915878,9253561.0,10.679611650485437,13.59223300970874,-0.020454545454545503,-0.028697571743929395,0.0658823529411765,-0.0163840390661583,-0.025522041763341066,2100.0
2021-11-10,2145.0,2155.0,2095.0,2100.0,340036,-0.025522041763341052,-0.025853378826333782,2164.285714285714,2161.0714285714284,2195.0,0.03249502816707696,60.0,45.0,40.612531703670996,-35.14527973548775,-36.325971171305156,1.1806914358174083,2335.302243116713,2057.197756883287,0.12662697153485516,0.15390705736687385,2136.6666666666665,2175.0,2154.0,2196.25,0.9655172413793104,0.9561752988047809,-21.25,-0.025522041763341052,0.025522041763341052,0.02857142857142857,-0.02097902097902098,0.03942822253147042,0.027229829546774366,1294870.4,507801.15,0.24842953177834648,0.6696243204648118,20.38649939845207,91.19032192636173,8913525.0,0.9615384615384616,7.440253920836447,0.0,-0.020454545454545503,-0.028697571743929395,-0.015325529072628852,-0.011904761904761904,2075.0
2021-11-11,2100.0,2115.0,2060.0,2075.0,246418,-0.011904761904761862,-0.01197619104671565,2153.5714285714284,2155.3571428571427,2190.4761904761904,0.031922484699274105,55.0,25.0,38.854958175808505,-39.78557153552492,-37.01789124414911,-2.767680291375811,2338.493111815349,2040.5068881846512,0.1360978413476583,0.11575404861030432,2110.0,2137.0,2147.0,2189.5,0.970987365465606,0.9477049554692852,-52.5,-0.011904761904761862,0.011904761904761862,0.02650602409638554,-0.011904761904761904,0.011574272308061196,0.027313706833160013,369394.2,511841.95,-0.27531790751567486,0.48143377071769905,20.052500994541923,88.60529893162162,8667107.0,2.7027027027027026,4.781284271575537,-0.025522041763341052,0.0,-0.020454545454545503,-0.012475601222700972,0.021686746987951807,2120.0
2021-11-12,2075.0,2125.0,2070.0,2120.0,156635,0.02168674698795181,0.021454935001259466,2152.8571428571427,2150.714285714286,2186.190476190476,0.03320918009924952,55.0,-45.0,43.58741468117407,-39.37798737275625,-37.489910469870544,-1.8880769028857074,2334.2185663973846,2033.2814336026152,0.1378075021384176,0.28816173528350997,2098.3333333333335,2121.0,2146.5,2183.75,0.9995285242809995,0.9708070978820835,-62.75,0.02168674698795181,0.02168674698795181,0.025943396226415096,0.021686746987951807,0.018840060719863026,0.028258126810826085,271779.0,512486.75,-0.36435244178590853,0.3056371701317156,19.620844907605516,86.20492043650579,8823742.0,10.81081081081081,4.825017325017328,-0.011904761904761862,-0.025522041763341052,0.0,-0.005246685560050368,0.009433962264150943,2140.0
2021-11-15,2125.0,2145.0,2110.0,2140.0,166155,0.009433962264151052,0.009389740349839137,2135.0,2145.714285714286,2181.6666666666665,0.019038790410688896,35.0,-15.0,45.60255839751893,-37.01446146320541,-37.39482066853752,0.38035920533211254,2314.476245257211,2036.0237547427892,0.12800941984343028,0.373407488886603,2111.6666666666665,2118.0,2148.5,2175.25,1.0103871576959396,0.983794966095851,-57.25,0.009433962264151052,0.009433962264151052,0.016355140186915886,0.007058823529411765,0.01833343424827272,0.02838922051299545,236323.0,497951.7,0.060778242410699956,0.33367694095632167,19.689237477447413,82.54742611961252,8989897.0,14.414414414414415,9.309309309309311,0.02168674698795181,-0.011904761904761862,-0.025522041763341052,0.006405315782447,-0.007009345794392523,2125.0
2021-11-16,2135.0,2155.0,2125.0,2125.0,142901,-0.007009345794392496,-0.007034026657379936,2124.285714285714,2142.8571428571427,2172.8571428571427,0.01665845887109693,30.0,10.0,44.32373000813675,-35.93746012138354,-37.10334855910672,1.1658884377231828,2286.7959627162973,2043.7040372837025,0.1122696803752891,0.33442477602506576,2128.3333333333335,2112.0,2146.0,2165.25,1.006155303030303,0.9814109225262672,-53.25,-0.007009345794392496,0.007009345794392496,0.01411764705882353,-0.00468384074941452,0.01848028239479661,0.02811174077119293,210429.0,482973.65,-0.13995365772922874,0.29587742519700605,19.531434446445726,78.7940385396402,8846996.0,11.711711711711711,12.312312312312315,0.009433962264151052,0.02168674698795181,-0.011904761904761862,0.008037121152570123,0.01411764705882353,2155.0
2021-11-17,2165.0,2250.0,2145.0,2155.0,603508,0.014117647058823568,0.014018921179330996,2124.285714285714,2143.5714285714284,2164.7619047619046,0.016362128480732784,105.0,10.0,47.49503570147134,-32.29094955304572,-36.14086875789452,3.8499192048488027,2263.3451949424903,2053.1548050575097,0.09738926903045546,0.484537827815161,2140.0,2123.0,2149.0,2158.25,1.0150730098916627,0.9984941503532955,-35.25,0.014117647058823568,0.014117647058823568,0.048723897911832945,-0.004618937644341801,0.014238009594725085,0.02819088963583248,263123.4,503992.75,3.2232594593459805,1.1974537332134243,20.98606057874524,82.09446435823733,9450504.0,17.117117117117118,14.414414414414418,-0.007009345794392496,0.009433962264151052,0.02168674698795181,0.005514087842860708,0.004640371229698376,2165.0
2021-11-18,2160.0,2230.0,2155.0,2165.0,382774,0.004640371229698292,0.004629637898741976,2125.714285714286,2146.4285714285716,2158.5714285714284,0.016455430219724326,75.0,-5.0,48.547097573987045,-28.268288001749625,-34.566352606665546,6.298064604915922,2235.0550829307867,2068.4449170692133,0.07743007592033158,0.5795269600236077,2148.3333333333335,2141.0,2139.0,2151.75,1.0112097150864081,1.006157778552341,-10.75,0.004640371229698292,0.004640371229698292,0.03464203233256351,0.0023148148148148147,0.010743949375722081,0.017234562224175135,290394.6,505236.1,-0.36575157247294154,0.7576141134808063,20.535375657312358,81.58771690407752,9833278.0,18.91891891891892,15.915915915915917,0.014117647058823568,-0.007009345794392496,0.009433962264151052,0.003916224164709788,-0.0023094688221709007,2160.0
2021-11-19,2155.0,2180.0,2130.0,2160.0,184843,-0.002309468822170868,-0.0023121397583795024,2134.285714285714,2149.285714285714,2152.1428571428573,0.01191166545945243,50.0,-5.0,48.02889661602987,-25.193344757836712,-32.69175103689978,7.498406279063069,2235.376129361877,2068.623870638123,0.0774871090723762,0.5479753621403894,2160.0,2149.0,2135.0,2152.0,1.005118659841787,1.003717472118959,-3.0,-0.002309468822170868,0.002309468822170868,0.023148148148148147,0.002320185614849188,0.008559584450250938,0.014967013372325807,296036.2,476728.55,-0.5170962500065313,0.3877321800844527,19.805125598288523,79.33145141092913,9648435.0,18.01801801801802,18.018018018018022,0.004640371229698292,0.014117647058823568,-0.007009345794392496,0.0054828498221169975,-0.016203703703703703,2125.0
2021-11-22,2160.0,2160.0,2100.0,2125.0,175105,-0.01620370370370372,-0.0163364193196935,2141.4285714285716,2147.5,2150.714285714286,0.01295604651634879,60.0,35.0,44.45198031525378,-25.289120338727116,-31.211224897265247,5.9221045585381304,2231.691563879528,2066.308436120472,0.07695817950630812,0.3548824156055073,2150.0,2146.0,2132.0,2149.0,0.9902143522833178,0.9888320148906468,-3.0,-0.01620370370370372,0.01620370370370372,0.02823529411764706,-0.016203703703703703,0.011496889795879525,0.01442680436944524,297826.2,475520.65,-0.05268254680999551,0.36823847713027813,19.7346681570236,77.95063345300564,9473330.0,11.711711711711711,16.21621621621622,-0.002309468822170868,0.004640371229698292,0.014117647058823568,-0.004624267098725432,0.01411764705882353,2155.0
2021-11-23,2125.0,2180.0,2125.0,2155.0,201967,0.014117647058823568,0.014018921179330996,2146.4285714285716,2149.6428571428573,2149.285714285714,0.011445953397971784,55.0,-30.0,48.02502425780375,-22.682800690265594,-29.505540055865318,6.822739365599723,2223.904769060855,2068.595230939145,0.07236320937528709,0.5563391025806991,2146.6666666666665,2152.0,2132.0,2146.25,1.0013940520446096,1.004076878276063,5.75,0.014117647058823568,0.014117647058823568,0.025522041763341066,0.01411764705882353,0.012715997621628759,0.015236930754330686,309639.4,478772.3,0.15340509979726447,0.42184353606087904,19.891405601536412,76.31130249207666,9675297.0,17.117117117117118,15.615615615615619,-0.01620370370370372,-0.002309468822170868,0.004640371229698292,-0.0014651751556836734,-0.009280742459396751,2135.0
2021-11-24,2150.0,2170.0,2115.0,2135.0,99096,-0.009280742459396807,-0.00932407687512329,2145.714285714286,2140.3571428571427,2145.714285714286,0.011707210699447147,55.0,15.0,45.905082296321,-21.97776050198081,-27.99998414508842,6.022223643107608,2222.0379101323847,2067.4620898676153,0.07207171943805543,0.4369241581037743,2138.3333333333335,2148.0,2135.5,2144.75,0.9939478584729982,0.9954540156195361,3.25,-0.009280742459396807,0.009280742459396807,0.02576112412177986,-0.0069767441860465115,0.011816697490835885,0.012886060577494024,208757.0,475566.7,-0.5093455861601153,0.2083745560822488,19.170066286623328,74.78906659978547,9576201.0,34.09090909090909,20.973245973245977,0.014117647058823568,-0.01620370370370372,-0.002309468822170868,-0.0037889330347589865,-0.00468384074941452,2125.0
2021-11-25,2130.0,2170.0,2115.0,2125.0,160011,-0.004683840749414525,-0.004694844304207729,2145.714285714286,2135.0,2143.809523809524,0.011515919475543021,55.0,5.0,44.839296672364256,-21.972640576663707,-26.794515431403475,4.821874854739768,2221.5402036857704,2065.9597963142296,0.0725739509604855,0.37948353962576264,2138.3333333333335,2140.0,2140.5,2143.75,0.9929906542056075,0.9912536443148688,-3.75,-0.004683840749414525,0.004683840749414525,0.02588235294117647,-0.002347417840375587,0.011267801971559752,0.012222421507524549,164204.4,477701.3,0.6147069508355534,0.33496036121316813,19.644524926152283,73.37556184265794,9416190.0,34.21052631578947,28.472850841271896,-0.009280742459396807,0.014117647058823568,-0.01620370370370372,5.1021283337412036e-05,-0.02588235294117647,2070.0
2021-11-26,2125.0,2140.0,2055.0,2070.0,303922,-0.025882352941176467,-0.026223195099102443,2133.5714285714284,2128.9285714285716,2140.2380952380954,0.013263215876346667,85.0,55.0,39.41857201794368,-26.105693164216973,-26.656750977966176,0.5510578137492033,2225.2052629934105,2056.7947370065895,0.07865975057768383,0.07841114987339874,2110.0,2122.0,2135.5,2141.0,0.9754948162111216,0.966837926202709,-19.0,-0.025882352941176467,0.025882352941176467,0.04106280193236715,-0.02588235294117647,0.014901002766451623,0.013127428332349627,188020.2,486353.35,0.8993819174931723,0.6248995714741145,20.25983025636792,74.20587885389666,9112268.0,7.6923076923076925,25.331247699668754,-0.004683840749414525,-0.009280742459396807,0.014117647058823568,-0.013282312049995934,-0.021739130434782608,2025.0
2021-11-29,2035.0,2070.0,2015.0,2025.0,181420,-0.021739130434782594,-0.02197890671877523,2113.5714285714284,2119.6428571428573,2135.4761904761904,0.013601672009233146,55.0,10.0,35.6238977741087,-32.63608259134071,-27.852617300641086,-4.783465290699624,2234.9187707219944,2037.5812292780058,0.09237567768004147,-0.06375486988408043,2073.3333333333335,2102.0,2124.0,2136.25,0.9633682207421503,0.9479227618490346,-34.25,-0.021739130434782594,0.021739130434782594,0.027160493827160494,-0.004914004914004914,0.015805175723595234,0.013717827511625267,189283.2,489736.65,-0.403070524674094,0.3704439927050589,19.721895046431584,72.83403036433262,8930848.0,4.25531914893617,15.386051052344449,-0.025882352941176467,-0.004683840749414525,-0.009280742459396807,-0.017435108041791197,-0.037037037037037035,1950.0
2021-11-30,2025.0,2045.0,1910.0,1950.0,333977,-0.03703703703703709,-0.037740327982847086,2083.5714285714284,2108.9285714285716,2127.3809523809523,0.016698433536117784,135.0,75.0,30.375461482774668,-43.36346937793178,-30.954787716099226,-12.408681661832553,2255.004151695964,1997.495848304036,0.12110913739773224,-0.18444394871316883,2015.0,2061.0,2106.5,2126.25,0.9461426491994177,0.9171075837742504,-65.25,-0.03703703703703709,0.03703703703703709,0.06923076923076923,-0.037037037037037035,0.013009566955503805,0.016997895987106253,215685.2,497281.3,0.8409050821298645,0.6716057893188423,20.294412060405563,77.27445676688029,8596871.0,11.764705882352942,7.904110907865607,-0.021739130434782594,-0.025882352941176467,-0.004683840749414525,-0.02821950680433205,0.03076923076923077,2010.0
2021-12-01,1950.0,2015.0,1940.0,2010.0,152607,0.03076923076923066,0.030305349495328843,2067.1428571428573,2104.285714285714,2120.714285714286,0.0237233109303559,75.0,-60.0,38.21749473010777,-46.487621767677865,-34.06135452641495,-12.426267241262913,2259.363810601383,1981.6361893986168,0.13097270511802234,0.10212815880014699,1995.0,2036.0,2092.0,2120.5,0.9872298624754421,0.947889648667767,-84.5,0.03076923076923066,0.03076923076923066,0.03731343283582089,0.03076923076923077,0.02644215244547864,0.020001891061677435,226387.4,498284.55,-0.543061348535977,0.3062647637780461,19.54151127265327,77.11199556924599,8749478.0,29.41176470588235,15.143929912390492,-0.03703703703703709,-0.021739130434782594,-0.025882352941176467,-0.009335645567529674,0.017412935323383085,2045.0
2021-12-02,2000.0,2050.0,2000.0,2045.0,61901,0.017412935323383172,0.01726306742378077,2051.4285714285716,2098.9285714285716,2116.904761904762,0.02424982022969439,50.0,-45.0,42.30014824799372,-45.613523249470745,-36.37178827102611,-9.241734978444633,2234.3114367229305,1984.6885632770693,0.11833272028720605,0.24161021740666402,2001.6666666666667,2020.0,2080.0,2109.5,1.0123762376237624,0.9694240341313107,-89.5,0.017412935323383172,0.017412935323383172,0.02444987775061125,0.0225,0.029572280484096318,0.021183726387191786,206765.4,257689.65,-0.5943764047520756,0.24021531326539503,18.65644469000762,75.17542445715699,8811379.0,39.705882352941174,26.960784313725497,0.03076923076923066,-0.03703703703703709,-0.021739130434782594,0.0037150430185255803,0.004889975550122249,2055.0
2021-12-03,2060.0,2065.0,2025.0,2055.0,48829,0.004889975550122161,0.004878058453432773,2040.0,2092.8571428571427,2106.904761904762,0.02466091014900901,40.0,5.0,43.44995953729296,-43.611155199600034,-37.8196616567409,-5.791493542859136,2221.655324751233,1982.844675248767,0.11359764514328259,0.3021445019372466,2036.6666666666667,2017.0,2069.5,2102.25,1.0188398611799703,0.9775240813414199,-85.25,0.004889975550122161,0.004889975550122161,0.019464720194647202,-0.0024271844660194173,0.027891273106470358,0.021424559636399748,155746.8,227895.55,-0.2111759099206798,0.21426043641484005,18.4241108145285,72.66289413878864,8860208.0,42.64705882352941,37.254901960784316,0.017412935323383172,0.03076923076923066,-0.03703703703703709,0.017690713880911996,0.0024330900243309003,2060.0
2021-12-06,2065.0,2065.0,2030.0,2060.0,64970,0.0024330900243310083,0.0024301348532918907,2030.7142857142858,2088.214285714286,2100.2380952380954,0.024843912956872747,35.0,5.0,44.05030917073677,-41.14649470241193,-38.48502826587511,-2.66146643653682,2215.6212579468547,1979.3787420531453,0.11263052009235253,0.34126481273645065,2053.3333333333335,2024.0,2063.0,2097.5,1.017786561264822,0.9821215733015495,-73.5,0.0024330900243310083,0.0024330900243310083,0.01699029126213592,-0.002421307506053269,0.025413160648363443,0.021127372881349964,132456.8,213972.3,0.3305617563333265,0.3036374334434878,18.712142173129912,69.97268741458946,8925178.0,44.11764705882353,42.156862745098046,0.004889975550122161,0.017412935323383172,0.03076923076923066,0.008245333632612114,0.007281553398058253,2075.0
2021-12-07,2070.0,2115.0,2055.0,2075.0,85260,0.00728155339805836,0.007255170881172016,2031.4285714285713,2082.5,2096.4285714285716,0.023113269756545624,60.0,-5.0,45.90567260436488,-37.550005769260224,-38.298023766552134,0.7480179972919103,2208.8073695549606,1978.1926304450396,0.11015750614278526,0.4197796286941477,2063.3333333333335,2049.0,2055.0,2093.5,1.0126891166422645,0.9911631239550991,-44.5,0.00728155339805836,0.00728155339805836,0.02891566265060241,0.0024154589371980675,0.0116658969948705,0.02062006346808709,82713.4,204616.75,0.3122979836847777,0.4166814300393296,18.991177128636448,69.26035259926165,9010438.0,51.5625,46.10906862745099,0.0024330900243310083,0.004889975550122161,0.017412935323383172,0.00486820632417051,-0.004819277108433735,2065.0
2021-12-08,2075.0,2105.0,2060.0,2065.0,86176,-0.004819277108433773,-0.00483092726966558,2037.142857142857,2075.3571428571427,2092.1428571428573,0.02118087685570272,45.0,10.0,44.838161207162656,-35.102044288651086,-37.658827870971926,2.55678358232084,2207.7025765129865,1975.7974234870135,0.1108665724995688,0.3846511185674083,2066.6666666666665,2060.0,2048.0,2091.75,1.0024271844660195,0.9872116648739094,-31.75,-0.004819277108433773,0.004819277108433773,0.021791767554479417,-0.004819277108433735,0.008082996039017267,0.020531175318154692,69427.2,191923.75,0.01074360778794281,0.4490116517627443,18.997032506625906,67.52747027074295,8924262.0,57.407407407407405,51.029184822076985,0.00728155339805836,0.0024330900243310083,0.004889975550122161,0.001631788771318532,0.014527845036319613,2095.0
2021-12-09,2060.0,2095.0,2060.0,2095.0,72869,0.014527845036319542,0.014423326961104906,2057.8571428571427,2070.714285714286,2091.904761904762,0.011512515916875679,35.0,-35.0,48.69285556067492,-30.390940059813147,-36.20525030874017,5.814310248927022,2208.4390114419734,1977.0609885580266,0.11056171204584726,0.5097243462103942,2078.3333333333335,2070.0,2045.0,2092.75,1.0120772946859904,1.0010751403655478,-22.75,0.014527845036319542,0.014527845036319542,0.016706443914081145,0.01699029126213592,0.007051778315299723,0.021256440158575893,71620.8,183246.3,-0.15441654288897144,0.3976560508997999,18.843727426408407,65.20407953711846,8997131.0,68.51851851851852,59.16280864197531,-0.004819277108433773,0.00728155339805836,0.0024330900243310083,0.00566337377531471,-0.002386634844868735,2090.0
2021-12-10,2105.0,2105.0,2055.0,2090.0,51198,-0.0023866348448687846,-0.002389487397381467,2069.285714285714,2068.214285714286,2092.6190476190477,0.008163118968493564,50.0,15.0,48.08968988062874,-26.75242888269122,-34.31468602353038,7.562257140839158,2206.227114427634,1976.2728855723658,0.10996018116211281,0.4945641356272394,2083.3333333333335,2077.0,2047.0,2091.25,1.006259027443428,0.9994022713687986,-14.25,-0.0023866348448687846,0.0023866348448687846,0.023923444976076555,-0.007125890736342043,0.007760020912991992,0.019448729349333664,72094.6,177974.45,-0.29739669818441317,0.2876705055135723,18.488375102068957,64.11807385589572,8945933.0,66.66666666666667,64.19753086419753,0.014527845036319542,-0.004819277108433773,0.00728155339805836,0.0024406443610056616,0.004784688995215311,2100.0
2021-12-13,2085.0,2135.0,2085.0,2100.0,227563,0.004784688995215225,0.0047732787526575905,2077.1428571428573,2064.285714285714,2091.6666666666665,0.006345358296401478,50.0,-15.0,49.438666966328476,-22.799151705371514,-32.0115791598986,9.212427454527088,2202.027144007668,1976.472855992332,0.1079594533997062,0.547660366356099,2095.0,2085.0,2054.5,2089.25,1.0071942446043165,1.0051453871006342,-4.25,0.004784688995215225,0.004784688995215225,0.023809523809523808,0.007194244604316547,0.007757476041531689,0.01771412904740672,104613.2,181044.85,3.444763467322942,1.2569426857488628,19.984875027918026,63.109640009046025,9173496.0,73.07692307692308,69.4207027540361,-0.0023866348448687846,0.014527845036319542,-0.004819277108433773,0.005641966395555327,0.004761904761904762,2110.0
2021-12-14,2075.0,2115.0,2075.0,2110.0,71088,0.004761904761904745,0.004750602758597799,2085.0,2062.5,2090.2380952380954,0.006341902253725625,40.0,-35.0,50.815138040724506,-18.644314581199524,-29.338126244158786,10.693811662959263,2200.4727410437117,1976.5272589562883,0.10722790619460064,0.5960055090176227,2100.0,2092.0,2070.5,2088.5,1.008604206500956,1.0102944697151066,3.5,0.004761904761904745,0.004761904761904745,0.018957345971563982,0.016867469879518072,0.007560411452444756,0.01045551709727352,101778.8,177454.2,-0.6876117822317336,0.40059914051062184,18.82611705831266,61.458951436971304,9244584.0,76.92307692307692,72.22222222222223,0.004784688995215225,-0.0023866348448687846,0.014527845036319542,0.002386652970750395,-0.0071090047393364926,2095.0
2021-12-15,2100.0,2120.0,2090.0,2095.0,79541,-0.007109004739336511,-0.007134394113874092,2090.0,2060.3571428571427,2088.809523809524,0.007587497472961513,30.0,5.0,48.674581316925895,-16.373210685267168,-26.745143132380463,10.371932447113295,2193.100626098746,1977.8993739012542,0.10318928419922889,0.5441447245450117,2101.6666666666665,2098.0,2079.0,2085.5,0.9985700667302193,1.004555262526972,12.5,-0.007109004739336511,0.007109004739336511,0.014319809069212411,-0.002380952380952381,0.008221206786897485,0.007800408724640868,100451.8,151255.85,0.11890895791132117,0.5258705696341662,18.931336729330578,59.21188347718765,9165043.0,80.43478260869566,76.81159420289855,0.004761904761904745,0.004784688995215225,-0.0023866348448687846,0.0008125296725944864,0.016706443914081145,2130.0
2021-12-16,2110.0,2250.0,2100.0,2130.0,1284535,0.01670644391408116,0.016568426347232705,2097.8571428571427,2064.6428571428573,2087.6190476190477,0.00922022039921786,150.0,-20.0,53.58740267912234,-11.6152436934658,-23.71916324459753,12.103919551131732,2186.9552120266885,1980.5447879733117,0.09905719210719942,0.7240681409967931,2111.6666666666665,2105.0,2087.5,2083.75,1.01187648456057,1.0221955608878224,21.25,0.01670644391408116,0.01670644391408116,0.07042253521126761,0.009478672985781991,0.009010357236732701,0.007669314428479513,342785.0,196343.9,15.149344363284342,6.542270984736476,21.72978460218622,66.05389180024568,10449578.0,64.70588235294117,74.02124729490458,-0.007109004739336511,0.004761904761904745,0.004784688995215225,0.004786447978883131,0.03286384976525822,2200.0
2021-12-17,2130.0,2230.0,2105.0,2200.0,721192,0.032863849765258246,0.03233538064293645,2117.1428571428573,2077.1428571428573,2089.285714285714,0.013273908620405742,125.0,-70.0,61.52049680682542,-2.171078743268481,-19.409546344331723,17.238467601063242,2196.454680640836,1975.045319359164,0.10615335552279616,1.0160125088597929,2141.6666666666665,2127.0,2102.0,2085.75,1.0343206393982134,1.0547764593072035,41.25,0.032863849765258246,0.032863849765258246,0.056818181818181816,0.03286384976525822,0.015118538712839942,0.011913819124596093,476783.8,223161.35,-0.4385579217382165,3.231706565675463,21.184873317603046,70.26432810022813,11170770.0,85.29411764705883,76.81159420289856,0.01670644391408116,-0.007109004739336511,0.004761904761904745,0.014153762980000964,-0.022727272727272728,2150.0
2021-12-20,2205.0,2210.0,2150.0,2150.0,305639,-0.022727272727272707,-0.02298951822469872,2125.0,2091.4285714285716,2088.809523809524,0.01758139841392247,60.0,55.0,54.371651395520594,1.2643334398580919,-15.27477038749376,16.539103827351852,2200.1091694361085,1973.8908305638913,0.10839402916732974,0.7784920104801345,2160.0,2137.0,2111.0,2087.0,1.0060832943378568,1.030186871106852,50.0,-0.022727272727272707,0.022727272727272707,0.027906976744186046,-0.024943310657596373,0.021382647589423338,0.015173782639368538,492399.0,229688.05,-0.576203008352838,1.330670010912627,20.303383068576583,69.53116180735469,10865131.0,67.74193548387096,72.58064516129032,0.032863849765258246,0.01670644391408116,-0.007109004739336511,0.0089476736506889,0.02558139534883721,2205.0
2021-12-21,2145.0,2230.0,2140.0,2205.0,476354,0.0255813953488373,0.025259666759237975,2141.4285714285716,2105.3571428571427,2092.6190476190477,0.01903088323141896,90.0,-60.0,59.89264744123292,8.32895172077042,-10.554025965840925,18.882977686611344,2210.8476953134864,1968.1523046865136,0.11614998354964,0.9759052065291409,2185.0,2156.0,2124.0,2089.5,1.0227272727272727,1.0552763819095476,66.5,0.0255813953488373,0.0255813953488373,0.04081632653061224,0.027972027972027972,0.023291174544482582,0.016598115880366505,573452.2,243407.4,0.5585511011356534,1.9570234923013845,20.772399343119613,70.99322167825794,11341485.0,82.0,78.34535104364326,-0.022727272727272707,0.032863849765258246,0.01670644391408116,0.011905990795607613,-0.0022675736961451248,2200.0
2021-12-22,2200.0,2220.0,2175.0,2200.0,221574,-0.0022675736961451642,-0.0022701485345391855,2155.714285714286,2116.4285714285716,2094.7619047619046,0.019391238785717062,45.0,0.0,59.19146062758517,13.37013183577892,-5.769194405516956,19.139326241295876,2222.4246941997144,1963.0753058002854,0.12392755388815148,0.9135348097864889,2185.0,2177.0,2137.5,2092.75,1.0105649977032614,1.0512483574244416,84.25,-0.0022675736961451642,0.0022675736961451642,0.020454545454545454,0.0,0.022539269740349244,0.016428320408604653,601858.8,249531.3,-0.5348543310227267,0.8879607488118726,20.004724539849725,69.13656298695379,11119911.0,77.77777777777777,75.83990442054959,0.0255813953488373,-0.022727272727272707,0.032863849765258246,0.0001955163084731426,0.004545454545454545,2210.0
2021-12-23,2200.0,2210.0,2175.0,2210.0,172983,0.00454545454545463,0.004535155165391363,2170.0,2127.5,2098.3333333333335,0.01939491871528779,35.0,-10.0,60.195176092361365,17.965128998981527,-1.0223297246172596,18.987458723598785,2236.3367749092295,1957.6632250907705,0.13289153544037144,0.905492376558929,2205.0,2193.0,2149.0,2097.0,1.0077519379844961,1.0538865045302814,96.0,0.00454545454545463,0.00454545454545463,0.01583710407239819,0.004545454545454545,0.02229369535244615,0.016186032242224785,379548.4,250179.9,-0.21929919575401446,0.6914344437742601,19.76169639988315,66.69823705931424,11292894.0,81.81818181818181,80.53198653198653,-0.0022675736961451642,0.0255813953488373,-0.022727272727272707,0.009286425399382256,0.006787330316742082,2225.0
2021-12-24,2200.0,2260.0,2185.0,2225.0,280144,0.006787330316742057,0.006764400088542063,2188.5714285714284,2139.285714285714,2103.095238095238,0.018440710348872853,75.0,-25.0,61.71624886254124,22.557048383268466,3.6935458969598858,18.86350248630858,2254.608705382595,1954.891294617405,0.1424004802305214,0.9012112599431484,2211.6666666666665,2198.0,2162.5,2104.75,1.0122838944494996,1.057132676089797,93.25,0.006787330316742057,0.006787330316742057,0.033707865168539325,0.011363636363636364,0.01742407465510032,0.015949167644459212,291338.8,248991.0,0.6194886202690437,1.1251169720993932,20.25057123187075,67.29122012650608,11573038.0,82.92682926829268,80.84092962141743,0.00454545454545463,-0.0022675736961451642,0.0255813953488373,0.0030217370553505076,0.298876404494382,2890.0
2021-12-27,2225.0,2890.0,2205.0,2890.0,38299121,0.29887640449438213,0.2614995865061373,2297.1428571428573,2197.5,2142.1428571428573,0.0977792127247921,685.0,-665.0,86.44553812840421,78.94607868852745,18.744052455273398,60.20202623325405,2526.228558024461,1769.771441975539,0.35216811734121145,1.4808883864766405,2441.6666666666665,2346.0,2241.5,2148.0,1.2318840579710144,1.3454376163873372,198.0,0.29887640449438213,0.29887640449438213,0.2370242214532872,0.298876404494382,0.13019779575444604,0.0937991404761183,7890035.2,2154876.05,135.71226583471358,17.773236191473753,25.42994928461138,111.41327583175564,49872159.0,100.0,88.24833702882484,0.006787330316742057,0.00454545454545463,-0.0022675736961451642,0.1034030631188596,-0.01730103806228374,2840.0
2021-12-28,2890.0,2985.0,2680.0,2840.0,15804200,-0.01730103806228378,-0.017452449951226166,2388.5714285714284,2252.8571428571427,2180.9523809523807,0.10050713649686674,305.0,50.0,82.14887022461795,118.23724398537115,38.642690761292954,79.5945532240782,2669.237818269561,1715.762181730439,0.4348805639859166,1.1790944363825204,2651.6666666666665,2473.0,2314.5,2192.5,1.1484027496967246,1.2953249714937287,280.5,-0.01730103806228378,0.01730103806228378,0.1073943661971831,-0.01730103806228374,0.1349110011382742,0.0948638040492553,10955604.4,2928387.2,-0.587348231830177,5.3968956017838075,24.52734561663492,125.24089898663024,34067959.0,84.40860215053763,89.11181047294343,0.29887640449438213,0.006787330316742057,0.00454545454545463,0.09612089891628013,0.01936619718309859,2895.0
2021-12-29,2825.0,2895.0,2740.0,2895.0,7549866,0.01936619718309851,0.019181058851843815,2495.0,2310.0,2225.9523809523807,0.0975695016839171,155.0,-70.0,83.14149612755675,152.0609519075665,61.326342990547666,90.73460891701885,2798.816441099739,1674.6835589002608,0.5025742180393331,1.0855624458845718,2875.0,2612.0,2394.5,2236.75,1.1083460949464012,1.2942885883536381,375.25,0.01936619718309851,0.01936619718309851,0.0535405872193437,0.024778761061946902,0.13282051417355867,0.09396677270392265,12421262.8,3298250.15,-0.5222873666493717,2.289051968966029,23.80778076277618,127.36654905901379,41617825.0,90.3225806451613,91.57706093189965,-0.01730103806228378,0.29887640449438213,0.006787330316742057,0.10031385453839896,-0.03281519861830743,2800.0
2021-12-30,2820.0,2840.0,2750.0,2800.0,3871435,-0.032815198618307395,-0.033365693843800295,2580.0,2360.714285714286,2263.5714285714284,0.10172390673265726,90.0,20.0,75.34792029214377,169.24977205279038,82.91102880299621,86.33874324979416,2881.9268420320695,1667.0731579679305,0.534119008161855,0.9325623792340213,2845.0,2730.0,2461.5,2274.5,1.0256410256410255,1.2310397889646076,455.5,-0.032815198618307395,0.032815198618307395,0.03214285714285714,-0.0070921985815602835,0.13784853808967748,0.0963845997456611,13160953.2,3488726.85,-0.4872180512872679,1.1096985136569233,23.106510493565388,128.62608126908424,37746390.0,79.67032967032966,84.80050415534286,0.01936619718309851,-0.01730103806228378,0.29887640449438213,-0.010250013165830888,-0.055357142857142855,2645.0
2022-01-04,2760.0,2820.0,2645.0,2645.0,5020001,-0.05535714285714288,-0.056948351870895565,2643.5714285714284,2399.6428571428573,2292.1428571428573,0.10694970086536597,175.0,115.0,64.69260413884076,168.42335168733507,100.013493379864,68.40985830747107,2923.7248965213685,1684.2751034786313,0.5379556393414657,0.7751220758711621,2780.0,2814.0,2506.0,2304.0,0.9399431414356787,1.1480034722222223,510.0,-0.05535714285714288,0.05535714285714288,0.0661625708884688,-0.041666666666666664,0.14584973673487664,0.10018707174191889,14108924.6,3737285.45,0.2966770719384415,1.3432211874530482,23.309367035238793,131.9385040355782,32726389.0,62.637362637362635,77.54342431761786,-0.032815198618307395,0.01936619718309851,-0.01730103806228378,-0.022935381430783924,-0.024574669187145556,2580.0
2022-01-05,2725.0,2750.0,2555.0,2580.0,3556083,-0.02457466918714557,-0.02488166637673666,2696.4285714285716,2433.214285714286,2317.1428571428573,0.10851468404492941,195.0,145.0,60.80904775471771,160.6713317236613,112.14506104862346,48.526270675037836,2950.254616648425,1709.7453833515751,0.5324073962647424,0.7015301404372343,2675.0,2752.0,2549.0,2330.0,0.9375,1.1072961373390557,422.0,-0.02457466918714557,0.02457466918714557,0.0755813953488372,-0.05321100917431193,0.027246311450114614,0.10028132983385196,7160317.0,3911841.1,-0.2916170733830531,0.9090560963736487,22.939714894200595,136.4428966044655,29170306.0,54.74860335195531,65.68543188654921,-0.05535714285714288,-0.032815198618307395,0.01936619718309851,-0.03758233688753195,-0.044573643410852716,2465.0
2022-01-06,2520.0,2555.0,2455.0,2465.0,1655812,-0.04457364341085268,-0.04559759143887259,2730.714285714286,2459.6428571428573,2336.4285714285716,0.11151245821225375,100.0,55.0,54.56768173821151,143.59301030797724,118.43465090049422,25.15835940748302,2960.451802733373,1738.548197266627,0.5200696341633309,0.5945246412918808,2563.3333333333335,2677.0,2575.0,2349.5,0.9208068733657079,1.0491593956160885,327.5,-0.04457364341085268,0.04457364341085268,0.04056795131845842,-0.021825396825396824,0.028726023638823265,0.10245542174674932,4330639.4,3990368.7,-0.5343719480113371,0.41495213211751586,22.129749167634458,135.62554684700368,27514494.0,41.24293785310734,52.876301280808434,-0.02457466918714557,-0.05535714285714288,-0.032815198618307395,-0.04150181848504705,0.29817444219066935,3200.0
2022-01-07,2470.0,3200.0,2465.0,3200.0,60298070,0.29817444219066935,0.2609590023110274,2775.0,2536.0714285714284,2390.0,0.11131300968767002,735.0,-730.0,73.37622767636876,187.2086501069948,132.18945074179433,55.01919936520048,3109.7740242035657,1702.7259757964343,0.5847472408964701,1.0641243032877064,2748.3333333333335,2738.0,2675.0,2406.25,1.168736303871439,1.3298701298701299,331.75,0.29817444219066935,0.29817444219066935,0.2296875,0.29554655870445345,0.15138693357466754,0.13547269975956072,14880280.2,7000963.4,35.41601220428406,8.61282462925031,25.985716743344693,178.43800778650342,87812564.0,100.0,65.33051373502089,-0.04457364341085268,-0.02457466918714557,-0.05535714285714288,0.07634204319755704,-0.040625,3070.0
2022-01-10,3015.0,3080.0,2965.0,3070.0,6145902,-0.04062500000000002,-0.0414732482065751,2807.8571428571427,2598.214285714286,2437.8571428571427,0.11282422906583665,115.0,-55.0,68.01303756020278,208.87664538990612,147.5268896714167,61.349755718489405,3201.521759121665,1708.4782408783349,0.6081643658832302,0.9119102976473119,2911.6666666666665,2792.0,2761.0,2455.0,1.0995702005730659,1.2505091649694502,337.0,-0.04062500000000002,0.04062500000000002,0.03745928338762215,0.01824212271973466,0.15221151848439538,0.13771749048620044,15335173.6,7304615.05,-0.8980746481603806,0.8413724690392822,23.660728916849386,182.47815008746747,81666662.0,87.73584905660377,76.32626230323704,0.29817444219066935,-0.04457364341085268,-0.02457466918714557,0.07099193292660555,-0.006514657980456026,3050.0
2022-01-11,3050.0,3105.0,3040.0,3050.0,2905808,-0.006514657980456029,-0.006535970979785533,2830.0,2662.5,2483.3333333333335,0.11293682455386643,65.0,0.0,67.19926385285261,221.87719274386927,162.39695028590722,59.48024245796205,3273.7644872052956,1732.2355127947044,0.6158725427129809,0.8548425031771766,3106.6666666666665,2873.0,2843.5,2503.0,1.061608075182736,1.2185377546943668,370.0,-0.006514657980456029,0.006514657980456029,0.021311475409836064,0.0,0.14711816314682766,0.13814604709884723,14912335.0,7447345.55,-0.5271958452965895,0.3901803643312885,22.905118920444338,174.08685365264836,78760854.0,85.84905660377359,91.19496855345913,-0.04062500000000002,0.29817444219066935,-0.04457364341085268,0.08367826140340444,0.07049180327868852,3265.0
2022-01-12,3095.0,3390.0,3075.0,3265.0,5594875,0.07049180327868854,0.06811817210907414,2896.4285714285716,2738.214285714286,2539.285714285714,0.11333695650344505,315.0,-170.0,71.18995862430894,246.68528890160223,179.25461800904623,67.43067089255601,3378.4652650762737,1744.0347349237263,0.6381378351010434,0.9305781047386067,3128.3333333333335,3010.0,2881.0,2561.25,1.084717607973422,1.2747681795998047,448.75,0.07049180327868854,0.07049180327868854,0.09647779479326186,0.05492730210016155,0.1433667907318659,0.10552075423404096,15320093.4,7715711.15,0.9254111076850224,0.7251275859387245,23.628376599867636,185.93779267745919,84355729.0,89.7119341563786,87.765613272252,-0.006514657980456029,-0.04062500000000002,0.29817444219066935,0.007784048432744162,0.2986217457886677,4240.0
2022-01-13,3185.0,4240.0,3130.0,4240.0,58445595,0.29862174578866774,0.261303506515472,3124.285714285714,2883.9285714285716,2641.190476190476,0.13763989572512084,1110.0,-1055.0,81.92795200276663,341.08838088955144,211.6213705851473,129.46701030440414,3749.656090875583,1585.8439091244175,0.8111000587578168,1.2266111233034946,3518.3333333333335,3365.0,3021.0,2667.75,1.2600297176820208,1.5893543248055477,697.25,0.29862174578866774,0.29862174578866774,0.2617924528301887,0.33124018838304553,0.16418593096188439,0.13687009310766746,26678050.0,10634436.5,9.446273598605867,5.495880764345154,26.235925427713816,251.94223605764066,142801324.0,100.0,91.8536635867174,0.07049180327868854,-0.006514657980456029,-0.04062500000000002,0.12086629702896674,-0.04363207547169811,4055.0
2022-01-14,4200.0,4285.0,3935.0,4055.0,14056193,-0.04363207547169812,-0.044612581676490154,3335.0,3015.714285714286,2733.809523809524,0.1400263440051403,350.0,145.0,76.12984790823668,396.40603551384675,248.57830357088721,147.82773194295953,3976.6056131056557,1554.894386894344,0.8756074215714766,1.0323714842817944,3853.3333333333335,3536.0,3137.0,2765.75,1.1467760180995474,1.4661484226701618,770.25,-0.04363207547169812,0.04363207547169812,0.08631319358816276,-0.034523809523809526,0.14339264061217527,0.13976492483453207,17429674.6,11333269.1,-0.7594995311451616,1.2402593528816854,24.76627960611298,258.94636205352344,128745131.0,89.04761904761905,92.91985106799922,0.29862174578866774,0.07049180327868854,-0.006514657980456029,0.10849382453188605,-0.0468557336621455,3865.0
2022-01-17,4090.0,4145.0,3730.0,3865.0,6977091,-0.04685573366214546,-0.047989005527990916,3535.0,3132.8571428571427,2818.095238095238,0.1403425533408424,415.0,225.0,70.60339999876408,420.0719354558014,282.8770299478701,137.1949055079313,4118.906021197908,1586.0939788020921,0.8879270963701368,0.8997533109650983,4053.3333333333335,3695.0,3243.5,2852.5,1.0460081190798376,1.354951796669588,842.5,-0.04685573366214546,0.04685573366214546,0.1073738680465718,-0.0550122249388753,0.1444617698204343,0.14066673100043334,17595912.4,11617896.9,-0.503628685235042,0.6005468166962301,24.017859586750017,270.0930504782718,121768040.0,79.8076923076923,89.61843711843711,-0.04363207547169812,0.29862174578866774,0.07049180327868854,0.06937797888494139,-0.029754204398447608,3750.0
2022-01-18,4065.0,4870.0,3750.0,3750.0,93822117,-0.02975420439844756,-0.030205842057065786,3613.5714285714284,3194.285714285714,2895.2380952380954,0.11276400601283791,1120.0,315.0,67.41357119247154,424.6526612170951,311.2321562017151,113.42050501538,4217.805150348126,1642.1948496518746,0.8790478841966728,0.8183711448033631,3890.0,3835.0,3354.0,2930.0,0.9778357235984355,1.2798634812286689,905.0,-0.02975420439844756,0.02975420439844756,0.2986666666666667,-0.07749077490774908,0.14725926423642013,0.13895038251255512,35779174.2,16272943.15,12.447168311263248,5.76552846864705,26.586422294062494,330.80068972982383,27945923.0,53.6231884057971,74.15949992036948,-0.04685573366214546,-0.04363207547169812,0.29862174578866774,-0.04008067117743038,-0.06666666666666667,3500.0
2022-01-19,3790.0,4050.0,3350.0,3500.0,27610806,-0.06666666666666665,-0.06899287148695143,3675.0,3241.4285714285716,2957.1428571428573,0.11581104868309763,700.0,290.0,60.965192137492764,403.45918241221625,329.6775614438153,73.78162096840094,4254.3109182412945,1740.6890817587052,0.8385727561242999,0.6999107394385022,3705.0,3882.0,3446.0,2997.5,0.9015971148892323,1.1676396997497915,884.5,-0.06666666666666665,0.06666666666666665,0.2,-0.07651715039577836,0.1550064193541645,0.14183500925265205,40182360.4,17638201.5,-0.7057111171345665,1.5653980367556182,25.294236023289724,357.1720690348364,335117.0,43.2712215320911,58.90070074852682,-0.02975420439844756,-0.04685573366214546,-0.04363207547169812,-0.04775886824241989,0.04857142857142857,3670.0
2022-01-20,3560.0,3710.0,3350.0,3670.0,27043437,0.04857142857142849,0.047428693571110826,3763.5714285714284,3296.785714285714,3029.5238095238096,0.11564514146181415,360.0,-110.0,63.52051356178377,395.81803312164493,342.9056557793813,52.91237734226365,4303.621167555424,1837.8788324445763,0.8029772319826908,0.7430302596775832,3640.0,3768.0,3566.5,3070.75,0.9739915074309978,1.1951477652039404,697.25,0.04857142857142849,0.04857142857142849,0.09809264305177112,0.03089887640449438,0.0446114322419506,0.1387719301991894,33901928.8,18966555.65,-0.020548802523186027,1.4258486094706395,25.32090185010836,357.3740641037767,27378554.0,50.31055900621118,49.068322981366464,-0.06666666666666665,-0.02975420439844756,-0.04685573366214546,-0.01594981416456191,0.2016348773841962,4410.0
2022-01-21,3540.0,4690.0,3515.0,4410.0,73788368,0.20163487738419628,0.1836830273922758,3927.1428571428573,3411.785714285714,3134.5238095238096,0.1299513944179786,1175.0,-870.0,72.08646806972061,444.35196990969735,363.1949186054445,81.15705130425283,4479.916826524721,1882.5831734752792,0.8164506571471722,0.9730813072696172,3860.0,3839.0,3687.5,3181.25,1.148736650169315,1.3862475442043223,657.75,0.20163487738419628,0.20163487738419628,0.26643990929705214,0.2457627118644068,0.10983422980917502,0.12176399804260936,45848363.8,22644895.35,1.7285129475221659,3.258498962327949,26.508341630415938,415.77591666779267,101166922.0,80.95238095238095,58.178053830227746,0.04857142857142849,-0.06666666666666665,-0.02975420439844756,0.061179879762986035,-0.018140589569160998,4330.0
2022-01-24,4590.0,5030.0,4220.0,4330.0,47676593,-0.01814058956916098,-0.018307147444356128,3940.0,3532.1428571428573,3235.9523809523807,0.0877749943890347,810.0,260.0,70.1681955432214,470.93152756518293,384.7422403973922,86.18928716779072,4598.145535602725,1976.3544643972741,0.7975636386661955,0.8977242929279498,4136.666666666667,3932.0,3813.5,3287.25,1.1012207527975586,1.3172104342535553,644.75,-0.01814058956916098,0.01814058956916098,0.18706697459584296,-0.05664488017429194,0.1060598189142623,0.1203392684986701,53988264.2,25020075.85,-0.35387386532251264,1.9055335118018835,26.053273943632767,443.9347797629503,53490329.0,72.81553398058253,68.02615797972489,0.20163487738419628,0.04857142857142849,-0.06666666666666665,0.07735523879548793,0.03117782909930716,4465.0
2022-01-25,4430.0,4730.0,4260.0,4465.0,29074436,0.03117782909930722,0.030701672314063948,3998.5714285714284,3666.785714285714,3343.3333333333335,0.08555379502732498,470.0,-35.0,71.54430875435426,497.158457038111,407.22548372553604,89.93297331257497,4710.774926022737,2087.7250739772626,0.7716554687197101,0.906301847129943,4401.666666666667,4075.0,3955.0,3399.25,1.0957055214723925,1.3135250422887401,675.75,0.03117782909930722,0.03117782909930722,0.10526315789473684,0.007900677200902935,0.10128289102269922,0.1192790997719099,41038728.0,26459790.45,-0.3901737903125754,1.0988158071372784,25.58939435139082,445.79658120845386,82564765.0,78.05825242718447,77.27538912004933,-0.01814058956916098,0.20163487738419628,0.04857142857142849,0.07155737230478083,0.0,4465.0
2022-01-26,4465.0,4465.0,4465.0,4465.0,0,0.0,0.0,4084.285714285714,3809.6428571428573,3450.0,0.08161304745002491,0.0,0.0,71.54430875435426,512.040997713048,428.18858652303845,83.85241119000955,4848.587273282592,2107.412726717408,0.7881467931469763,0.860064630410623,4420.0,4268.0,4075.0,3478.0,1.046157450796626,1.2837837837837838,790.0,0.0,0.0,0.0,0.0,0.0872604042800739,0.11965766977239567,35516566.8,24544834.4,-1.0,0.0,0.0,413.9539682649929,82564765.0,77.97270955165692,76.28216531980797,0.03117782909930722,-0.01814058956916098,0.20163487738419628,0.0043457465100487465,-0.15565509518477044,3770.0
2022-01-27,4005.0,4160.0,3670.0,3770.0,12457052,-0.1556550951847704,-0.16919421286854291,4087.1428571428573,3850.3571428571427,3491.904761904762,0.10851216207946296,490.0,235.0,56.094717088482575,462.4242874416964,435.03572670677005,27.38856073492633,4866.760073630724,2182.239926369276,0.7616740380937574,0.5914502356223481,4233.333333333333,4288.0,4028.0,3524.5,0.8791977611940298,1.0696552702510995,763.5,-0.1556550951847704,0.1556550951847704,0.129973474801061,-0.05867665418227216,0.12795474657199746,0.09270338550042276,32599289.8,24377477.0,inf,0.5110066148354894,24.572627726682665,441.17154196035057,70107713.0,38.983050847457626,65.00467094209968,0.0,0.03117782909930722,-0.01814058956916098,-0.04149242202848772,0.11405835543766578,4200.0
2022-01-28,3775.0,4200.0,3560.0,4200.0,21183995,0.11405835543766574,0.10800952382940318,4187.142857142857,3931.0714285714284,3556.6666666666665,0.11015949273500741,640.0,-425.0,61.6173391831137,452.5829983408744,438.54518103359095,14.037817307283433,4930.038558875524,2249.4614411244756,0.7467308636398213,0.7276561998380363,4145.0,4246.0,4042.5,3589.75,0.9891662741403674,1.1699979107180165,656.25,0.11405835543766574,0.11405835543766574,0.1523809523809524,0.11258278145695365,0.09794874438814757,0.09914399776239415,22078415.2,25059183.45,0.7005624605243681,0.8453585505795881,25.211596305974354,455.3735746774684,91291708.0,58.29145728643216,58.41573922851557,-0.1556550951847704,0.0,0.03117782909930722,-0.01386557991570155,0.002380952380952381,4210.0
2022-02-03,4250.0,4600.0,4175.0,4210.0,13386111,0.0023809523809523725,0.0023781224049674193,4264.285714285715,4013.9285714285716,3619.285714285714,0.11001794542875933,425.0,40.0,61.73787437599447,440.5126664431832,438.93867811550945,1.57398832767376,4973.6925437717,2346.8074562283005,0.7176791441959974,0.7092782827109171,4060.0,4222.0,4077.0,3660.25,0.9971577451444813,1.1501946588347791,561.75,0.0023809523809523725,0.0023809523809523725,0.10095011876484561,-0.009411764705882352,0.09772745431695598,0.0973320986601438,15220318.8,25534917.25,-0.36810261709370684,0.524227702363124,24.754946161548144,453.2040336290778,104677819.0,58.05626598465473,51.77692470618151,0.11405835543766574,-0.1556550951847704,0.0,-0.01307192912205076,0.24703087885985747,5250.0
2022-02-04,4165.0,5440.0,4055.0,5250.0,79771533,0.24703087885985742,0.22076542890924228,4384.285714285715,4155.714285714285,3735.9523809523807,0.11970156237992116,1385.0,-1085.0,71.69374469530473,508.99872929891626,452.9506883521908,56.04804094672545,5193.627709234284,2387.372290765715,0.7403391158075634,1.020088082643767,4553.333333333333,4379.0,4227.0,3790.5,1.1989038593286139,1.3850415512465375,588.5,0.24703087885985742,0.24703087885985742,0.2638095238095238,0.2605042016806723,0.14969161524291477,0.12049704675689828,25359738.2,29272493.85,4.959276222944812,2.7251362117888016,26.760660625041744,519.760888369858,184449352.0,91.77489177489177,69.37420501532621,0.0023809523809523725,0.11405835543766574,-0.1556550951847704,0.12115672889282518,-0.07428571428571429,4860.0
2022-02-07,5150.0,5200.0,4780.0,4860.0,18315125,-0.07428571428571429,-0.07718963869112998,4460.0,4200.0,3841.4285714285716,0.12518773388543383,420.0,290.0,64.87643439624048,525.7442346212265,467.50939760599795,58.23483701522855,5263.311012768535,2545.688987231465,0.6960230568669663,0.851594147759076,4773.333333333333,4458.0,4363.0,3904.5,1.0901749663526246,1.244717633499808,553.5,-0.07428571428571429,0.07428571428571429,0.08641975308641975,-0.05631067961165048,0.1582877834658022,0.12127112816777039,29022763.2,30010445.95,-0.7704052522094567,0.6102916641263707,25.21203149608436,516.2065392005825,166134227.0,72.2488038277512,74.02665386243257,0.24703087885985742,0.0023809523809523725,0.11405835543766574,0.05837537231836517,0.0,4860.0
2022-02-08,4860.0,4860.0,4860.0,4860.0,0,0.0,0.0,4516.428571428572,4257.5,3950.0,0.1251448916254628,0.0,0.0,64.87643439624048,532.8725452341905,480.5820271316365,52.29051810255402,5266.002899395808,2782.4971006041924,0.6171350683460558,0.836520253106172,4990.0,4676.0,4482.0,4024.25,1.039349871685201,1.2076784494005095,651.75,0.0,0.0,0.0,0.0,0.12533162811315987,0.12184664416008856,26531352.8,29927655.35,-1.0,0.0,0.0,479.33464354339804,166134227.0,72.2488038277512,78.75749981013139,-0.07428571428571429,0.24703087885985742,0.0023809523809523725,0.05758172152471438,0.0,4860.0
2022-02-09,4860.0,4860.0,4860.0,4860.0,0,0.0,0.0,4572.857142857143,4328.571428571428,4064.0476190476193,0.1251448916254628,0.0,0.0,64.87643439624048,532.3847823784308,490.9425781809954,41.442204197435444,5338.900475880573,2875.599524119427,0.5997445862222037,0.805585884445755,4860.0,4808.0,4527.0,4107.25,1.0108153078202995,1.1832734798222655,700.75,0.0,0.0,0.0,0.0,0.12289676564448178,0.10694706333126448,22294553.8,26912751.85,,0.0,0.0,445.0964547188696,166134227.0,72.2488038277512,72.2488038277512,0.0,-0.07428571428571429,0.24703087885985742,-0.024761904761904763,0.0102880658436214,4910.0
2022-02-10,4790.0,5390.0,4730.0,4910.0,27219840,0.010288065843621297,0.01023550389402671,4735.714285714285,4411.428571428572,4145.476190476191,0.09703994907437033,660.0,-120.0,65.40321166823983,529.9241729344203,498.7388971316804,31.18527580273991,5378.43917280611,3020.06082719389,0.5616189428141264,0.8013723397360545,4876.666666666667,4948.0,4585.0,4199.25,0.99232012934519,1.1692564148359825,748.75,0.010288065843621297,0.010288065843621297,0.13441955193482688,0.025052192066805846,0.12242164235602146,0.10635458266896551,25061299.6,27966448.75,inf,0.9733034123612138,25.618485897935507,460.4467079532361,193354067.0,74.64114832535886,73.04625199362043,0.0,0.0,-0.07428571428571429,0.003429355281207099,-0.02240325865580448,4800.0
2022-02-11,4965.0,5170.0,4690.0,4800.0,10783371,-0.022403258655804503,-0.02265802389258399,4821.428571428572,4504.285714285715,4227.857142857143,0.09378360616879333,480.0,165.0,63.158963946135565,513.1823943337345,501.6275965720912,11.554797761643272,5362.004070343132,3211.4959296568677,0.5016639973607662,0.7386645231839081,4856.666666666667,4858.0,4618.5,4286.75,0.9880609304240429,1.1197293987286405,571.25,-0.022403258655804503,0.022403258655804503,0.1,-0.03323262839879154,0.03403341848342754,0.10693701072933293,11263667.2,28360326.9,-0.6038414994357058,0.3802273167732774,24.6698869801971,461.8433716708621,182570696.0,69.377990430622,72.08931419457736,0.010288065843621297,0.0,0.0,-0.0040383976040610685,-0.010416666666666666,4750.0
2022-02-14,5020.0,5230.0,4750.0,4750.0,14645226,-0.01041666666666663,-0.010471299867295366,4898.571428571428,4581.428571428572,4308.809523809524,0.09428929197956039,480.0,270.0,62.11560335600646,490.2287798251209,499.34783322269715,-9.119053397576238,5339.955404607649,3382.044595392351,0.4489591399255442,0.6986811647236911,4820.0,4836.0,4647.0,4361.0,0.9822167080231596,1.0891997248337537,475.0,-0.01041666666666663,0.01041666666666663,0.10105263157894737,-0.053784860557768925,0.012396776832417683,0.10711899968468112,10529687.4,28812844.45,0.35813058829191724,0.5082881013505767,24.96552486705598,463.14027369437196,167925470.0,64.15584415584415,69.39166097060833,-0.022403258655804503,0.010288065843621297,0.0,-0.007510619826283278,-0.0863157894736842,4340.0
2022-02-15,4785.0,4845.0,4340.0,4340.0,6889381,-0.08631578947368423,-0.09027026993423638,4768.571428571428,4576.428571428572,4360.0,0.04012147913331981,505.0,445.0,54.207738220844746,433.95197324629135,486.26866122741603,-52.31668798112469,5343.373494304209,3388.6265056957905,0.4477203363738934,0.4866990458859798,4630.0,4732.0,4704.0,4366.0,0.9171597633136095,0.9940448923499771,366.0,-0.08631578947368423,0.08631578947368423,0.11635944700460829,-0.09299895506792058,0.03806937948539666,0.09688030163377315,11907563.6,26235033.75,-0.5295817899976416,0.2626023303667372,24.12112142573352,466.13025414477397,161036089.0,41.48936170212766,58.34106542953126,-0.01041666666666663,-0.022403258655804503,0.010288065843621297,-0.03971190493205179,0.04377880184331797,4530.0
2022-02-16,4185.0,4630.0,4100.0,4530.0,10904549,0.04377880184331806,0.042847591382629245,4721.428571428572,4590.714285714285,4373.809523809524,0.040837264743445456,530.0,-345.0,56.94334256839563,400.0718316446864,469.0292953108701,-68.95746366618368,5358.348961060986,3421.151038939014,0.4413002840986324,0.5723983844905082,4540.0,4666.0,4737.0,4389.75,0.9708529789969995,1.0319494276439434,276.25,0.04377880184331806,0.04377880184331806,0.11699779249448124,0.08243727598566308,0.04805326542526371,0.09154251433187127,14088473.4,26077451.55,0.5828053347608442,0.41816007132031274,24.62316781808435,470.6923788487187,171940638.0,51.59574468085106,52.41365017960762,-0.08631578947368423,-0.01041666666666663,-0.022403258655804503,-0.017651218099010935,0.01545253863134658,4600.0
2022-02-17,4550.0,4950.0,4465.0,4600.0,13318139,0.015452538631346657,0.015334364000106742,4684.285714285715,4600.357142857143,4399.761904761905,0.04186430060386198,485.0,-50.0,57.94025485755981,374.5523835904987,450.13391296679583,-75.58152937629711,5366.623732058151,3486.3762679418487,0.4247706910914498,0.5922750878866593,4490.0,4604.0,4776.0,4426.5,0.9991311902693311,1.0391957528521405,177.5,0.015452538631346657,0.015452538631346657,0.10543478260869565,0.01098901098901099,0.04873008845602634,0.09149899096708711,11308133.2,26394503.95,0.22133790219109484,0.5045800074602274,24.838449081094303,471.714351788096,185258777.0,55.319148936170215,49.46808510638298,0.04377880184331806,-0.08631578947368423,-0.01041666666666663,-0.009028149666339838,-0.043478260869565216,4400.0
2022-02-18,4670.0,4770.0,4400.0,4400.0,5446100,-0.04347826086956519,-0.04445176257083381,4618.571428571428,4595.714285714285,4425.238095238095,0.043800868532519605,370.0,270.0,54.087012954723484,334.3356948461569,426.9742693426681,-92.63857449651118,5343.977549521961,3574.0224504780394,0.39693991904999365,0.466665821052822,4510.0,4524.0,4691.0,4459.0,0.9725906277630415,0.9867683337071093,65.0,-0.04347826086956519,0.04347826086956519,0.08409090909090909,-0.057815845824411134,0.05072749299278928,0.04072829725465327,10240679.0,21975703.1,-0.5910765010036312,0.2478236976181208,23.89977013409597,464.44904094608916,179812677.0,44.680851063829785,50.53191489361702,0.015452538631346657,0.04377880184331806,-0.08631578947368423,0.005251026535033176,0.0,4400.0
2022-02-21,4400.0,4400.0,4400.0,4400.0,0,0.0,0.0,4545.714285714285,4640.714285714285,4456.190476190476,0.04301274427344318,0.0,0.0,54.087012954723484,299.0167997348226,401.38277542109904,-102.36597568627644,5266.741592442751,3741.258407557248,0.3386952009070833,0.4318248794674157,4466.666666666667,4454.0,4645.0,4504.0,0.9878760664571172,0.9769094138543517,-50.0,0.0,0.0,0.0,0.0,0.05123553434116182,0.035505455729671086,7311633.8,20595162.8,-1.0,0.0,0.0,431.27410944993994,179812677.0,44.680851063829785,48.226950354609926,-0.04347826086956519,0.015452538631346657,0.04377880184331806,-0.009341907412739511,0.0,4400.0
2022-02-22,4400.0,4400.0,4400.0,4400.0,0,0.0,0.0,4488.571428571428,4655.0,4499.047619047619,0.04325085591621663,0.0,0.0,54.08701295472347,267.93770185859375,374.693760708598,-106.75605885000425,5197.774275842445,3883.2257241575553,0.2895162540876312,0.3931192006412257,4400.0,4466.0,4599.0,4540.5,0.9852216748768473,0.969056271335756,-74.5,0.0,0.0,0.0,0.0,0.03160732393695646,0.035505455729671086,5933757.6,19242990.95,,0.0,0.0,400.4688159178014,179812677.0,24.90974729241877,38.090483140026116,0.0,-0.04347826086956519,0.015452538631346657,-0.014492753623188396,0.0,4400.0
2022-02-23,4400.0,4400.0,4400.0,4400.0,0,0.0,0.0,4438.571428571428,4668.571428571428,4533.809523809524,0.043510205165199795,0.0,0.0,54.08701295472347,240.53456019649275,347.86192060617697,-107.32736040968422,5197.707341732188,3882.2926582678124,0.2897389170626378,0.39356968432853007,4400.0,4440.0,4553.0,4540.0,0.990990990990991,0.9691629955947136,-100.0,0.0,0.0,0.0,0.0,0.022203895474670984,0.035505455729671086,3752847.8,15553572.55,,0.0,0.0,371.86390049510135,179812677.0,24.90974729241877,31.50011521622244,0.0,0.0,-0.04347826086956519,0.0,0.07386363636363637,4725.0
2022-02-24,4365.0,5070.0,4330.0,4725.0,52619945,0.07386363636363646,0.07126302002149068,4493.571428571428,4631.071428571428,4548.809523809524,0.036727505569811206,740.0,-360.0,59.913843518123706,242.24965364987293,326.7394672149162,-84.48981356504328,5214.6222253836595,3904.87777461634,0.28724040808538176,0.626169650807215,4508.333333333333,4465.0,4534.5,4559.75,1.0582306830907056,1.0362410219858544,-94.75,0.07386363636363646,0.07386363636363646,0.15661375661375662,0.08247422680412371,0.042312946412174875,0.044064664241219464,11613209.0,15800740.15,inf,3.330220261865391,26.23922862827779,398.15933617402266,232432622.0,48.44961240310077,32.756368995979436,0.0,0.0,0.0,0.024621212121212155,0.01164021164021164,4780.0
2022-02-25,4430.0,5150.0,4400.0,4780.0,20629875,0.011640211640211673,0.011572985557658564,4529.285714285715,4625.357142857143,4570.238095238095,0.03418384775451904,750.0,-350.0,60.82004503648995,245.22017241078447,310.4356082540899,-65.21543584330544,5235.905776378193,3915.094223621807,0.288670430063684,0.6548290515579087,4635.0,4541.0,4532.5,4575.5,1.0526315789473684,1.044694568899574,-34.5,0.011640211640211673,0.011640211640211673,0.15690376569037656,0.07900677200902935,0.03212923006856605,0.04370854262526694,14649964.0,15378512.1,-0.6079457133602097,1.3414740558678626,25.31444665138754,423.29081216159244,253062497.0,52.713178294573645,42.02417933003107,0.07386363636363646,0.0,0.0,0.02850128266794938,0.0,4780.0
2022-02-28,4780.0,4780.0,4780.0,4780.0,0,0.0,0.0,4555.0,4619.642857142857,4585.238095238095,0.03410237681262925,0.0,0.0,60.82004503648995,244.75297004499407,297.29908061227076,-52.546110567276685,5255.572963625374,3926.9270363746264,0.2893865346584802,0.6420619264536219,4761.666666666667,4617.0,4535.5,4591.25,1.0353043101581114,1.0411108086033216,25.75,0.0,0.0,0.0,0.0,0.03212923006856605,0.04354454509108761,14649964.0,15378512.1,-1.0,0.0,0.0,393.0557541500501,253062497.0,52.713178294573645,51.291989664082685,0.011640211640211673,0.07386363636363646,0.0,0.02850128266794938,0.02615062761506276,4905.0
2022-03-02,4675.0,4975.0,4675.0,4905.0,9484205,0.026150627615062705,0.025814546513961742,4627.142857142857,4622.857142857143,4606.190476190476,0.026433320122356403,300.0,-230.0,63.02335003834501,251.56923064108378,288.1531106180334,-36.58387997694962,5201.62347075284,4094.37652924716,0.23822008207953535,0.7321072114685824,4821.666666666667,4718.0,4592.0,4648.0,1.0396354387452311,1.0552925989672977,70.0,0.026150627615062705,0.026150627615062705,0.06116207951070336,0.04919786096256684,0.030748342408182416,0.031087049330988725,16546805.0,15229869.75,inf,0.6227371051548225,24.563148713306955,386.4089145679037,262546702.0,62.4031007751938,55.94315245478037,0.0,0.011640211640211673,0.07386363636363646,0.012596946418424793,0.0,4905.0
2022-03-03,4905.0,4905.0,4905.0,4905.0,0,0.0,0.0,4699.285714285715,4622.5,4660.238095238095,0.026433320122356403,0.0,0.0,63.02335003834501,254.0427199327096,281.33103248096864,-27.288312548259057,5205.6661982658325,4160.8338017341675,0.22309985512873856,0.712234996479916,4863.333333333333,4819.0,4629.5,4683.25,1.0178460261465034,1.0473495969679176,135.75,0.0,0.0,0.0,0.0,0.030748342408182416,0.029259281353186773,16546805.0,14170670.0,-1.0,0.0,0.0,358.80827781305345,262546702.0,71.23893805309734,62.1184057076216,0.026150627615062705,0.0,0.011640211640211673,0.008716875871687568,0.0,4905.0
2022-03-04,4905.0,4905.0,4905.0,4905.0,0,0.0,0.0,4771.428571428572,4630.0,4693.809523809524,0.026433320122356403,0.0,0.0,63.02335003834501,253.08556516195767,275.6819390171665,-22.59637385520881,5198.661824439682,4237.338175560318,0.20375660213636382,0.6945234575452189,4905.0,4855.0,4660.0,4718.0,1.0102986611740474,1.0396354387452311,137.0,0.0,0.0,0.0,0.0,0.0115511941521969,0.029251298491666626,6022816.0,13501364.45,,0.0,0.0,333.17911511212105,262546702.0,71.23893805309734,68.29365896046284,0.0,0.026150627615062705,0.0,0.008716875871687568,-0.10703363914373089,4380.0
2022-03-07,4515.0,4540.0,4375.0,4380.0,2230243,-0.10703363914373087,-0.11320636862897163,4768.571428571428,4603.571428571428,4701.9047619047615,0.055814364430750114,165.0,135.0,48.66688346320109,207.5711497129414,262.0597811563215,-54.488631443380086,5107.554026044885,4241.445973955115,0.1852835708823982,0.15997314158502285,4730.0,4775.0,4658.0,4674.5,0.9172774869109948,0.9369986094769494,100.5,-0.10703363914373087,0.10703363914373087,0.03767123287671233,-0.029900332225913623,0.052037589592098546,0.044383744927278514,2342889.6,9624299.95,inf,0.23173041276628126,23.002425109582383,347.23774974696954,260316459.0,26.666666666666668,56.381514257620445,0.0,0.0,0.026150627615062705,-0.035677879714576956,-0.06506849315068493,4095.0
2022-03-08,4300.0,4380.0,4070.0,4095.0,2760061,-0.06506849315068497,-0.06728200708332206,4678.571428571428,4586.071428571428,4646.9047619047615,0.05036114214958133,310.0,205.0,42.94744197781785,146.81118148692713,239.01006122244263,-92.1988797355155,5131.053257020297,4141.446742979703,0.2134497738561539,-0.04693455663510112,4460.0,4638.0,4627.5,4636.25,0.8829236739974127,0.8832569425721218,1.75,-0.06506849315068497,0.06506849315068497,0.0757020757020757,-0.047674418604651166,0.05503089062126688,0.0489896853293803,2894901.8,8846546.75,0.23756066043027602,0.3119930384135482,23.14828533527402,344.5779104793289,257556398.0,2.314814814814815,33.40680651152628,-0.10703363914373087,0.0,0.0,-0.057367377431471946,0.0,4095.0
2022-03-10,4095.0,4095.0,4095.0,4095.0,0,0.0,0.0,4580.714285714285,4555.0,4610.476190476191,0.04931400720321025,0.0,0.0,42.94744197781785,97.53415587979998,210.71488015391412,-113.18072427411414,5136.334664057885,4059.6653359421152,0.23416035844188116,0.03281849230322403,4190.0,4476.0,4597.0,4598.0,0.9148793565683646,0.8906046107003045,-122.0,0.0,0.0,0.0,0.0,0.04941224524648268,0.0489896853293803,998060.8,8846546.75,-1.0,0.0,0.0,319.9652025879483,257556398.0,2.314814814814815,10.4320987654321,-0.06506849315068497,-0.10703363914373087,0.0,-0.057367377431471946,0.0,4095.0
2022-03-11,4095.0,4095.0,4095.0,4095.0,0,0.0,0.0,4482.857142857143,4518.928571428572,4574.047619047619,0.04931400720321025,0.0,0.0,42.94744197781785,57.81529928299278,180.13496397972986,-122.31966469673708,5127.603530040051,3991.896469959949,0.24907222108231847,0.09078356000778838,4095.0,4314.0,4566.5,4559.75,0.9492350486787204,0.8980755523877405,-245.75,0.0,0.0,0.0,0.0,0.04941224524648268,0.0489896853293803,998060.8,8846546.75,,0.0,0.0,297.1105452602377,257556398.0,2.314814814814815,2.314814814814815,0.0,-0.06506849315068497,-0.10703363914373087,-0.02168949771689499,0.0463980463980464,4285.0
2022-03-14,4220.0,4640.0,4200.0,4285.0,12574453,0.046398046398046455,0.04535383474471042,4394.285714285715,4510.714285714285,4546.666666666667,0.052900468254986226,440.0,-65.0,48.03270038626459,41.194368339249195,152.34684485163373,-111.15247651238454,5083.848160118829,3973.1518398811713,0.2452680402423887,0.28076815816955447,4158.333333333333,4190.0,4522.5,4528.5,1.022673031026253,0.9462294357955173,-338.5,0.046398046398046455,0.046398046398046455,0.10268378063010501,0.015402843601895734,0.0605858563870274,0.04458370825636649,3512951.4,8114277.4,inf,1.5496700913873118,24.710053605048444,314.81693488450645,270130851.0,19.90740740740741,8.179012345679013,0.0,0.0,-0.06506849315068497,0.015466015466015485,0.0,4285.0
2022-03-15,4285.0,4285.0,4285.0,4285.0,0,0.0,0.0,4305.714285714285,4502.5,4516.9047619047615,0.052900468254986226,0.0,0.0,48.03270038626459,27.702819954957704,127.41803987229854,-99.71521991734083,5052.826310495571,3952.6736895044282,0.24432904802423921,0.3020729162070025,4221.666666666667,4171.0,4473.0,4502.75,1.0273315751618317,0.951640664038643,-331.75,0.0,0.0,0.0,0.0,0.03973968543555478,0.04414075169008454,3066902.8,7575108.85,-1.0,0.0,0.0,292.33001096418457,270130851.0,19.90740740740741,14.04320987654321,0.046398046398046455,0.0,0.0,0.015466015466015485,0.0,4285.0
2022-03-16,4285.0,4285.0,4285.0,4285.0,0,0.0,0.0,4217.142857142857,4494.285714285715,4492.380952380952,0.052900468254986226,0.0,0.0,48.032700386264594,16.81681686236425,105.29779527031168,-88.48097840794743,5024.862264921217,3934.1377350787834,0.2434924723389738,0.3216781646708747,4285.0,4209.0,4423.5,4479.5,1.0180565454977428,0.9565799754436879,-270.5,0.0,0.0,0.0,0.0,0.020749837153844167,0.04414075169008454,2514890.6,6842847.55,,0.0,0.0,271.44929589531426,270130851.0,19.90740740740741,19.90740740740741,0.0,0.046398046398046455,0.0,0.015466015466015485,0.0,4285.0
2022-03-17,4285.0,4285.0,4285.0,4285.0,0,0.0,0.0,4203.571428571428,4486.071428571428,4470.238095238095,0.032952356256659245,0.0,0.0,48.032700386264594,8.096252423866645,85.85748670102268,-77.76123427715603,5025.617494315148,3927.882505684852,0.24520801667064196,0.3253221387802744,4285.0,4247.0,4361.5,4476.75,1.0089474923475394,0.9571675880940415,-229.75,0.0,0.0,0.0,0.0,0.020749837153844167,0.04250847719076779,2514890.6,6498378.5,,0.0,0.0,252.0600604742204,270130851.0,19.90740740740741,19.90740740740741,0.0,0.0,0.046398046398046455,0.0,-0.014002333722287048,4225.0
2022-03-18,4200.0,4295.0,4170.0,4225.0,2504853,-0.014002333722287097,-0.014101291240605992,4222.142857142857,4450.357142857143,4464.761904761905,0.018780686450665232,125.0,-25.0,46.280544476393715,-3.6146884031477384,67.9630516801886,-71.57774008333634,5020.9837846293285,3902.016215370671,0.2508052379824403,0.28864445539142247,4265.0,4273.0,4293.5,4461.5,0.9887666744675871,0.9469909223355374,-188.5,-0.014002333722287097,0.014002333722287097,0.029585798816568046,0.005952380952380952,0.02312437901475134,0.042278395323551224,3015861.2,6078393.7,inf,0.412091273390205,23.082515148030243,242.98434186891893,267625998.0,14.351851851851851,18.055555555555557,0.0,0.0,0.0,-0.004667444574095699,0.0,4225.0
2022-03-21,4225.0,4225.0,4225.0,4225.0,0,0.0,0.0,4240.714285714285,4410.714285714285,4450.238095238095,0.018780686450665232,0.0,0.0,46.280544476393715,-12.748733912596435,51.8206945616316,-64.56942847422803,5007.797506153709,3877.702493846291,0.2543683557047815,0.30731708606040126,4245.0,4261.0,4225.5,4442.75,0.9915512790424783,0.9509875640087784,-181.75,0.0,0.0,0.0,0.0,0.0062620340093341225,0.042278395323551224,500970.6,5412486.75,-1.0,0.0,0.0,225.62831744971044,267625998.0,17.12707182320442,17.128777027487896,-0.014002333722287097,0.0,0.0,-0.004667444574095699,0.0,4225.0
2022-03-22,4140.0,4230.0,4110.0,4225.0,1518997,0.0,0.0,4259.285714285715,4371.071428571428,4432.380952380952,0.018780686450665232,120.0,-85.0,46.28054447639372,-19.75975265746183,37.504605117812915,-57.264357775274746,5007.196025989823,3860.803974010177,0.2585457943120537,0.3176888965349256,4225.0,4249.0,4210.0,4434.0,0.9943516121440339,0.9528642309427153,-185.0,0.0,0.0,0.028402366863905324,0.020531400966183576,0.0062620340093341225,0.02682453644982114,804770.0,5216131.6,inf,0.2912114027184437,22.58233534653951,218.083437631874,267625998.0,17.12707182320442,16.20199849942023,0.0,-0.014002333722287097,0.0,-0.004667444574095699,-0.011834319526627219,4175.0
2022-03-23,4200.0,4215.0,4120.0,4175.0,1779014,-0.011834319526627168,-0.011904902506318314,4243.571428571428,4318.928571428572,4421.666666666667,0.006376462885672138,95.0,25.0,44.58767537139646,-29.016137683695888,24.200456557511153,-53.21659424120704,5007.471931213551,3838.028068786449,0.264415547437025,0.28814716297214005,4208.333333333333,4227.0,4218.0,4422.75,0.987698131062219,0.9439828161211916,-195.75,-0.011834319526627168,0.011834319526627168,0.022754491017964073,-0.005952380952380952,0.0071170558889837145,0.01648776680876047,1160572.8,5305082.3,0.17117676993437114,0.3353414517245095,22.728439473626256,210.0060492295973,265846984.0,12.574850299401197,15.609664648603347,0.0,0.0,-0.014002333722287097,-0.003944773175542389,-0.00718562874251497,4145.0
2022-03-24,4165.0,4170.0,4105.0,4145.0,1513443,-0.007185628742514938,-0.007211569715560475,4223.571428571428,4264.642857142857,4409.523809523809,0.0062576413920608105,65.0,20.0,43.558165688151064,-38.33078535172899,11.694208175663126,-50.02499352739212,5007.785386590415,3812.2146134095847,0.2711044837144741,0.27834854619692295,4181.666666666667,4199.0,4223.0,4410.0,0.9871397951893308,0.9399092970521542,-211.0,-0.007185628742514938,0.007185628742514938,0.015681544028950542,-0.004801920768307323,0.0065125937069949414,0.01674195438930796,1463261.4,5380754.45,-0.14927988200205278,0.2812696647028745,22.559555813412974,200.00561714176894,264333541.0,8.982035928143713,12.89465268358311,-0.011834319526627168,0.0,0.0,-0.006339982756380702,0.015681544028950542,4210.0
2022-03-25,4455.0,4465.0,4210.0,4210.0,5672590,0.01568154402895061,0.01555985910703182,4212.857142857143,4215.0,4400.476190476191,0.009917543275964748,255.0,245.0,46.44355319268431,-40.00658297937116,1.3540499446562695,-41.36063292402743,5004.956258484476,3796.043741515524,0.27472162639903475,0.34242035935103776,4176.666666666667,4196.0,4234.5,4400.5,1.0033365109628218,0.9567094648335417,-204.5,0.01568154402895061,0.01568154402895061,0.060570071258907364,-0.05499438832772166,0.01043271553385415,0.01732694287354905,2096808.8,5664383.95,2.748135872973082,1.0014487100578695,23.896374288248843,208.57664448878546,270006131.0,24.56140350877193,15.372763245438946,-0.007185628742514938,-0.011834319526627168,0.0,-0.0011128014133971649,0.010688836104513063,4255.0
2022-03-28,4240.0,4415.0,4195.0,4255.0,3558045,0.010688836104512989,0.010632114331047333,4208.571428571428,4206.071428571428,4393.571428571428,0.01111064993307594,220.0,-15.0,48.40986999353463,-37.27387077334242,-6.371534198943469,-30.902336574398955,4964.648301551012,3789.351698448988,0.26851647317843824,0.3961964157149789,4203.333333333333,4202.0,4231.5,4377.0,1.012613041408853,0.9721270276445053,-175.0,0.010688836104512989,0.010688836104512989,0.05170387779083431,0.003537735849056604,0.011630140258894197,0.009088985943450277,2808417.8,3211288.95,-0.3727653505717846,1.107980332943879,23.44057183575627,209.39259845387224,273564176.0,32.45614035087719,21.99985992926428,0.01568154402895061,-0.007185628742514938,-0.011834319526627168,0.0063949171303162205,-0.03407755581668625,4110.0
2022-03-29,4290.0,4310.0,4105.0,4110.0,1822349,-0.034077555816686256,-0.03467173351719422,4192.142857142857,4207.142857142857,4364.285714285715,0.01654398414802645,205.0,180.0,42.93925210177534,-46.27503504755532,-14.35223436866584,-31.92280067888948,4910.441006863287,3776.558993136713,0.261052610504564,0.2940702849385645,4191.666666666667,4179.0,4214.0,4343.5,0.9834888729361091,0.9462415103027513,-164.5,-0.034077555816686256,0.034077555816686256,0.049878345498783457,-0.04195804195804196,0.019813243039511264,0.013917625545198164,2869088.2,2270912.65,-0.4878229477142645,0.8024742827514745,22.736815193832633,209.0788414214528,271741827.0,2.7522935779816513,19.923279145876926,0.010688836104512989,0.01568154402895061,-0.007185628742514938,-0.0025690585610742187,-0.031630170316301706,3980.0
2022-03-30,4055.0,4065.0,3970.0,3980.0,1530817,-0.031630170316301665,-0.03214120921179686,4157.142857142857,4198.928571428572,4326.190476190476,0.019469105384880267,95.0,75.0,38.71507074208075,-63.170248823105794,-24.115837259553835,-39.05441156355196,4853.400469463147,3753.5995305368533,0.2555596465496209,0.20585586122901067,4115.0,4140.0,4183.5,4303.5,0.961352657004831,0.9248286278610434,-163.5,-0.031630170316301665,0.031630170316301665,0.02386934673366834,-0.018495684340320593,0.023133662430180817,0.01628246390559703,2819448.8,2347453.5,-0.15997594313712682,0.6521181356734009,22.530349236219053,204.1446384627776,270211010.0,1.492537313432836,12.233657080763892,-0.034077555816686256,0.010688836104512989,0.01568154402895061,-0.018339630009491643,0.00628140703517588,4005.0
2022-03-31,3995.0,4050.0,3960.0,4005.0,855434,0.00628140703517599,0.006261761223976317,4125.714285714285,4192.5,4289.285714285715,0.02006140325292003,90.0,-10.0,39.93873947289639,-73.69304880311847,-34.03127956826677,-39.661769234851704,4744.765034945477,3772.2349650545234,0.2283738569662918,0.23933967920557533,4031.6666666666665,4112.0,4155.5,4258.5,0.9739785992217899,0.9404719971821064,-146.5,0.00628140703517599,0.00628140703517599,0.02247191011235955,0.0025031289111389237,0.024201376919801895,0.016708222193166693,2687847.0,1916014.95,-0.4411912070482624,0.4464652011196468,21.954663081265934,195.99145000115064,271066444.0,6.617647058823529,3.620825983412672,-0.031630170316301665,-0.034077555816686256,0.010688836104512989,-0.019808773032603977,0.003745318352059925,4020.0
2022-04-01,3965.0,4105.0,3965.0,4020.0,1286333,0.0037453183520599342,0.003738322110607158,4103.571428571428,4173.571428571428,4247.142857142857,0.02037587739262696,140.0,-55.0,40.70376030278644,-79.9010197412681,-43.20522760286704,-36.69579213840106,4604.368403079183,3824.1315969208167,0.1851425060588162,0.25103712300317643,4001.6666666666665,4074.0,4135.0,4214.25,0.9867452135493373,0.9539063890371953,-140.25,0.0037453183520599342,0.0037453183520599342,0.03482587064676617,0.013871374527112233,0.021935263903277484,0.016777938554415953,1810595.6,1980331.6,0.5037197492734682,0.6495543473628356,22.366343274523572,191.99206071535417,272352777.0,11.881188118811881,6.663790830356082,0.00628140703517599,-0.031630170316301665,-0.034077555816686256,-0.00720114830968858,0.013681592039800995,4075.0
2022-04-04,4035.0,4085.0,4025.0,4075.0,781308,0.013681592039801016,0.013588844061896359,4093.5714285714284,4158.571428571428,4207.619047619048,0.021551246680942,60.0,-40.0,43.54331541387467,-79.46679731684162,-50.45754154566196,-29.00925577117966,4393.1437863294495,3952.356213670551,0.10563479064379573,0.2782378495601472,4033.3333333333335,4038.0,4120.0,4172.75,1.009162951956414,0.9765742016655683,-134.75,0.013681592039801016,0.013681592039801016,0.014723926380368098,0.009913258983890954,0.0226364024471154,0.017745760649263233,1255248.2,2019397.0,-0.39260829038825873,0.3869016344978229,21.881350743266147,182.921199235686,273134085.0,22.77227722772277,13.757037468452728,0.0037453183520599342,0.00628140703517599,-0.031630170316301665,0.00790277247567898,-0.01717791411042945,4005.0
2022-04-05,4035.0,4060.0,3985.0,4005.0,889229,-0.01717791411042946,-0.0173271661725035,4064.285714285714,4138.571428571428,4164.761904761905,0.020535792966280247,75.0,30.0,40.86133423303995,-83.80503561888054,-57.127040360305685,-26.677995258574853,4363.701542297868,3944.298457702132,0.10096366985934914,0.14473318038749836,4033.3333333333335,4017.0,4098.0,4154.0,0.9970126960418223,0.9641309581126625,-137.0,-0.01717791411042946,0.01717791411042946,0.018726591760299626,-0.007434944237918215,0.018776435972909816,0.018198722236633547,1068624.2,1952346.3,0.13812862533085535,0.455466840078525,21.993408933908864,176.2839707188513,272244856.0,8.910891089108912,14.52145214521452,0.013681592039801016,0.0037453183520599342,0.00628140703517599,8.299876047716352e-05,-0.02372034956304619,3910.0
2022-04-06,3990.0,4050.0,3870.0,3910.0,1445699,-0.02372034956304614,-0.024006206523048086,4015.0,4111.785714285715,4142.380952380952,0.01969828574146864,180.0,80.0,37.48673575553048,-93.82724470886569,-64.4670812300177,-29.360163478847994,4380.155026105623,3909.3449738943773,0.11359190595602761,0.0013912746818940255,3996.6666666666665,4003.0,4071.5,4144.75,0.9767674244316762,0.9433620845648109,-141.75,-0.02372034956304614,0.02372034956304614,0.04603580562659847,-0.020050125313283207,0.016119137002571483,0.01904968450201652,1051600.6,1886628.2,0.625789307366269,0.7662871783640253,22.45539615274617,176.5494013817905,270799157.0,6.722689075630252,12.801952464153977,-0.01717791411042946,0.013681592039801016,0.0037453183520599342,-0.009072223877891528,-0.020460358056265986,3830.0
2022-04-07,3855.0,3905.0,3765.0,3830.0,1436318,-0.020460358056266004,-0.0206725708047198,3975.0,4083.5714285714284,4129.761904761905,0.017623722263020655,140.0,25.0,34.87474481451815,-106.99191285960842,-72.97204755593584,-34.019865303672574,4405.382418105594,3857.6175818944052,0.13258255747578096,-0.050418683472696256,3915.0,3968.0,4040.0,4131.5,0.9652217741935484,0.9270240832627376,-163.5,-0.020460358056266004,0.020460358056266004,0.03655352480417755,-0.00648508430609598,0.016519505792061722,0.019568202972581255,1167777.4,1958444.1,-0.006488902600057189,0.7333974965126653,22.428213534898653,174.2958727116626,269362839.0,9.285714285714286,8.306431483484483,-0.02372034956304614,-0.01717791411042946,0.013681592039801016,-0.020452873909913866,0.014360313315926894,3885.0
2022-04-08,3830.0,4020.0,3825.0,3885.0,1833604,0.01436031331592691,0.014258180627056158,3961.4285714285716,4059.285714285714,4119.761904761905,0.016641526625144138,195.0,-55.0,38.06962892633081,-111.69936610751665,-80.71751126625202,-30.981854841264635,4416.057532302465,3825.9424676975345,0.1431970552305097,0.10007799469075278,3875.0,3941.0,4007.5,4121.0,0.9857904085257548,0.9427323465178354,-180.0,0.01436031331592691,0.01436031331592691,0.05019305019305019,0.014360313315926894,0.01902475893181589,0.01939650778678311,1277231.6,2050124.3,0.2766003071743166,0.8943867452329598,22.68667224994318,175.77473894654383,271196443.0,17.142857142857142,11.050420168067227,-0.020460358056266004,-0.02372034956304614,-0.01717791411042946,-0.009940131434461744,-0.001287001287001287,3880.0
2022-04-11,3845.0,3945.0,3835.0,3880.0,765390,-0.0012870012870013214,-0.001287830184428725,3943.5714285714284,4034.6428571428573,4109.523809523809,0.016144337146808525,110.0,-35.0,37.88766074202234,-114.51347487886869,-87.47670398877536,-27.036770890093337,4403.896221449232,3797.6037785507683,0.14784916000694112,0.13590177877745813,3865.0,3902.0,3970.0,4100.75,0.9943618657098924,0.9461683838322258,-198.75,-0.0012870012870013214,0.0012870012870013214,0.028350515463917526,0.009102730819245773,0.015952607252676453,0.018473767680312485,1274048.0,1459671.15,-0.5825761723905489,0.5243578322418718,21.811731219778423,171.076543307505,270431053.0,16.428571428571427,14.285714285714285,0.01436031331592691,-0.020460358056266004,-0.02372034956304614,-0.0024623486757801385,-0.02577319587628866,3780.0
2022-04-12,3805.0,3880.0,3725.0,3780.0,872690,-0.02577319587628868,-0.026111144003685773,3909.285714285714,4006.4285714285716,4085.4761904761904,0.017483074664251325,155.0,25.0,34.35116626970755,-123.39047206578152,-94.6594576041766,-28.73101446160493,4397.564066853,3753.4359331469996,0.15804886117188097,0.04124034561285762,3848.3333333333335,3857.0,3937.0,4075.5,0.9800362976406534,0.9274935590725064,-218.5,-0.02577319587628868,0.02577319587628868,0.041005291005291,-0.006570302233902759,0.017366155983592164,0.017376720590571354,1270740.2,1503305.65,0.1401899685127843,0.58051401589557,21.91681496331111,169.92821878554037,269558363.0,7.4324324324324325,13.667953667953668,-0.0012870012870013214,0.01436031331592691,-0.020460358056266004,-0.004233294615787697,0.01984126984126984,3855.0
2022-04-13,3780.0,3855.0,3775.0,3855.0,582550,0.01984126984126977,0.01964699738379642,3877.8571428571427,3985.714285714286,4065.0,0.01887062446107664,80.0,-75.0,38.953537449555455,-122.95631918298386,-100.31882991993805,-22.637489263045808,4374.584991604574,3733.4150083954264,0.1581573712898735,0.18962988721964708,3838.3333333333335,3846.0,3924.5,4054.0,1.002340093603744,0.9509126788357178,-208.0,0.01984126984126977,0.01984126984126977,0.020752269779507133,0.01984126984126984,0.02030366859625973,0.01728763395163356,1098110.4,1532433.15,-0.3324662824141448,0.3801470883085504,21.53229658409081,163.5047745865732,270140913.0,17.56756756756757,13.80952380952381,-0.02577319587628868,-0.0012870012870013214,0.01436031331592691,-0.0024063091073400766,0.04928664072632944,4045.0
2022-04-14,3860.0,4045.0,3825.0,4045.0,1363671,0.04928664072632949,0.04811054349516224,3883.5714285714284,3973.9285714285716,4053.5714285714284,0.027619193399097262,220.0,-185.0,48.75485336247541,-106.0582641416695,-101.46671676428434,-4.5915473773851545,4343.581794787696,3740.418205212304,0.14922404492216518,0.5049737750286152,3893.3333333333335,3889.0,3928.5,4042.0,1.0401131396245822,1.0007422068283027,-153.0,0.04928664072632949,0.04928664072632949,0.054388133498145856,0.04792746113989637,0.02765030334198112,0.023937281680767218,1083581.0,1600616.7,1.3408651617886878,0.8519659953566647,22.430927715619422,167.54014783038943,271504584.0,46.3768115942029,23.792270531400963,0.01984126984126977,-0.02577319587628868,-0.0012870012870013214,0.014451571563770194,-0.007416563658838072,4015.0
2022-04-15,4025.0,4030.0,3960.0,4015.0,889941,-0.007416563658838027,-0.007444203111729971,3898.5714285714284,3956.785714285714,4040.714285714286,0.025722315475801845,70.0,10.0,47.459177323816746,-94.00356843532154,-99.9740870984918,5.970518663170253,4320.620262720877,3742.379737279123,0.14343061526522474,0.47146516151320483,3971.6666666666665,3915.0,3928.0,4031.5,1.0255427841634739,0.9959072305593452,-116.5,-0.007416563658838027,0.007416563658838027,0.017434620174346202,-0.002484472049689441,0.02873859739861891,0.024067859651637095,894848.4,1519871.1,-0.3473931762133242,0.585537155091639,21.9967030740368,161.64442298536164,270614643.0,49.572649572649574,37.83900957814001,0.04928664072632949,0.01984126984126977,-0.02577319587628868,0.02057044896958708,-0.024906600249066,3915.0
2022-04-18,4035.0,4045.0,3885.0,3915.0,811102,-0.02490660024906599,-0.02522201795595856,3910.714285714286,3942.8571428571427,4025.9523809523807,0.02648933459887048,160.0,120.0,43.32594301623378,-91.46494851228135,-98.27225938124971,6.807310868968358,4294.48462113827,3737.5153788617304,0.13868756032782364,0.3186614406440546,3991.6666666666665,3922.0,3912.0,4016.0,0.9982151963284038,0.9748505976095617,-94.0,-0.02490660024906599,0.02490660024906599,0.04086845466155811,-0.02973977695167286,0.032164078171979735,0.02473841682937688,903990.8,1560426.2,-0.08858901882259607,0.5197951687814522,21.878719704582416,161.52696420069296,269803541.0,50.0,48.64982038895082,-0.007416563658838027,0.04928664072632949,0.01984126984126977,0.005654492272808491,0.01532567049808429,3975.0
2022-04-19,3940.0,3980.0,3865.0,3975.0,749803,0.015325670498084198,0.015209418663528708,3923.5714285714284,3942.5,4014.0476190476193,0.02655825281960305,115.0,-35.0,46.34529382019413,-83.64734089722424,-95.34727568444463,11.699934787220386,4264.371010674865,3742.6289893251346,0.13032147404764088,0.44537530267109565,3968.3333333333335,3961.0,3909.0,4003.5,1.0035344609946983,0.9928812289246909,-42.5,0.015325670498084198,0.015325670498084198,0.028930817610062894,0.008883248730964468,0.028238064704755136,0.024909227847878402,879413.4,1521966.5,-0.07557495851323259,0.49265407615739243,21.815345811766846,158.20360961492918,270553344.0,65.78947368421052,55.1207077522867,-0.02490660024906599,-0.007416563658838027,0.04928664072632949,-0.005665831136606607,-0.03018867924528302,3855.0
2022-04-20,3975.0,3985.0,3855.0,3855.0,748475,-0.030188679245283012,-0.030653741091002402,3920.0,3931.785714285714,3996.4285714285716,0.029549382504550324,130.0,120.0,41.5746937536127,-86.14183816864988,-93.50618818128568,7.364350012635796,4243.285683316079,3731.714316683922,0.1282937596569672,0.24099410435675575,3915.0,3961.0,3903.5,3987.5,0.9732390810401413,0.9667711598746082,-26.5,-0.030188679245283012,0.030188679245283012,0.03372243839169909,-0.03018867924528302,0.03259550292649825,0.02565280792816895,912598.4,1470439.55,-0.0017711318839748191,0.5090144644164393,21.78291936849443,156.18906607100567,269804869.0,34.21052631578947,50.0,0.015325670498084198,-0.02490660024906599,-0.007416563658838027,-0.013256536332088268,0.010376134889753566,3895.0
2022-04-21,3810.0,3930.0,3810.0,3895.0,873459,0.01037613488975353,0.010322672307418738,3936.4285714285716,3922.8571428571427,3983.095238095238,0.027511874672423713,120.0,-85.0,43.65665862488636,-83.92365981243165,-91.58968250751488,7.666022695083228,4222.684009215476,3727.315990784524,0.12462088513986223,0.33850390613953024,3908.3333333333335,3931.0,3910.0,3975.0,0.9908420249300433,0.979874213836478,-44.0,0.01037613488975353,0.01037613488975353,0.03080872913992298,0.02230971128608924,0.020360777750713894,0.024912593533240265,814556.0,1438440.35,0.16698486923410938,0.6072264310438733,21.9476654284461,153.60413278021957,270678328.0,47.22222222222222,49.074074074074076,-0.030188679245283012,0.015325670498084198,-0.02490660024906599,-0.001495624619148428,-0.01668806161745828,3830.0
2022-04-22,4005.0,4050.0,3820.0,3830.0,1756914,-0.016688061617458283,-0.016828876130156968,3932.8571428571427,3905.3571428571427,3968.095238095238,0.02757078888454687,230.0,175.0,41.09401050816676,-86.41456098847266,-90.55465820370644,4.14009721523378,4185.406557057666,3726.5934429423346,0.11597904805746492,0.22537838147248823,3860.0,3894.0,3904.5,3956.0,0.9835644581407293,0.968149646107179,-62.0,-0.016688061617458283,0.016688061617458283,0.06005221932114883,-0.04369538077403246,0.020784761579217978,0.025129508611922445,987950.6,1242656.55,1.0114441547914672,1.4138371539585897,22.629689501225723,159.06098043877532,268921414.0,31.34328358208955,37.592010706700414,0.01037613488975353,-0.030188679245283012,0.015325670498084198,-0.012166868657662588,-0.06919060052219321,3565.0
2022-04-25,3690.0,3745.0,3545.0,3565.0,1415340,-0.06919060052219317,-0.07170074932629532,3864.285714285714,3873.9285714285716,3937.3809523809523,0.029194367088645055,200.0,125.0,32.673300811839965,-108.52094155672648,-94.14791487431046,-14.373026682416025,4168.44128856876,3674.5587114312407,0.12594226115963766,-0.22183149700527827,3763.3333333333335,3824.0,3873.0,3921.5,0.9322698744769874,0.9090909090909091,-97.5,-0.06919060052219317,0.06919060052219317,0.056100981767180924,-0.03387533875338753,0.03422915894380866,0.03308707352052271,1108798.2,1135521.3,-0.1944170289496242,1.2464231186152122,22.34179967592831,168.0566246931485,267506074.0,3.9603960396039604,27.508633947971912,-0.016688061617458283,0.01037613488975353,-0.030188679245283012,-0.025167509083299306,0.091164095371669,3890.0
2022-04-26,3675.0,4220.0,3630.0,3890.0,11581600,0.09116409537166903,0.0872451037640957,3846.4285714285716,3872.5,3920.0,0.0496767829967313,590.0,-215.0,47.01356204594721,-98.67812357964158,-95.05395661537668,-3.6241669642649015,4141.148970013786,3679.851029986214,0.11796392789351033,0.4555601744096778,3761.6666666666665,3807.0,3884.0,3910.5,1.0218019437877595,0.9947577036184632,-103.5,0.09116409537166903,0.09116409537166903,0.15167095115681234,0.058503401360544216,0.059903121839371874,0.044705719029060134,3275157.6,1623483.85,7.182910113470967,7.133794401465711,24.531092626456658,202.83829435792362,279087674.0,51.111111111111114,28.804930244268206,-0.06919060052219317,-0.016688061617458283,0.01037613488975353,0.0017618110773391926,0.03598971722365039,4030.0
2022-04-27,3785.0,4420.0,3710.0,4030.0,20508761,0.0359897172236503,0.0353572183282366,3862.8571428571427,3886.785714285714,3916.190476190476,0.05073435355208722,710.0,-245.0,51.77832590129303,-78.67388586449306,-91.77794246519996,13.104056600706897,4147.866143288378,3678.1338567116213,0.12004402928105211,0.749078045821919,3828.3333333333335,3842.0,3901.5,3913.0,1.0489328474752733,1.0299003322259137,-71.0,0.0359897172236503,0.0359897172236503,0.1761786600496278,0.06472919418758256,0.059678462931836644,0.0456331645297656,7227214.8,2572381.05,0.7708055018304898,7.972676132099481,25.137884373620345,239.06413047521477,299596435.0,55.42857142857143,36.833359526428836,0.09116409537166903,-0.06919060052219317,-0.016688061617458283,0.019321070691042053,-0.04466501240694789,3850.0
2022-04-28,4195.0,4195.0,3810.0,3850.0,3095355,-0.04466501240694787,-0.04569322765889874,3845.0,3884.285714285714,3910.0,0.05365675861734078,385.0,345.0,46.04521532937523,-76.46345590687588,-88.71504515353514,12.251589246659265,4137.549149238307,3672.9508507616924,0.11896762012076427,0.38108006382898807,3923.3333333333335,3833.0,3882.0,3905.25,1.0044351682755022,0.9858523782088214,-72.25,-0.04466501240694787,0.04466501240694787,0.1,-0.08224076281287247,0.06454581266907623,0.04525800559022821,7671594.0,2684377.1,-0.8490715748259976,1.1530999128252137,23.201241586019762,249.48812115555657,296501080.0,34.857142857142854,47.13227513227514,0.0359897172236503,0.09116409537166903,-0.06919060052219317,0.027496266729457153,-0.011688311688311689,3805.0
2022-04-29,3860.0,3965.0,3800.0,3805.0,1299656,-0.011688311688311637,-0.011757156986043644,3837.8571428571427,3878.9285714285716,3900.4761904761904,0.05259017853293592,165.0,55.0,44.71232547204213,-77.45000273886308,-86.46203667060072,9.012033931737648,4124.326021155132,3664.6739788448676,0.11802594487360758,0.3052874962761776,3895.0,3828.0,3861.0,3894.5,0.9939916405433646,0.97701887276929,-66.5,-0.011688311688311637,0.011688311688311637,0.04336399474375821,-0.014248704663212436,0.06427393104317344,0.04531375225648762,7580142.4,2685043.25,-0.5801269967418923,0.48403540613358836,22.321681442528323,243.4532553587311,295201424.0,29.714285714285715,40.0,-0.04466501240694787,0.0359897172236503,0.09116409537166903,-0.006787868957203069,0.05781865965834428,4025.0
2022-05-02,3710.0,4190.0,3710.0,4025.0,6146518,0.05781865965834432,0.05620891955687757,3856.4285714285716,3896.4285714285716,3900.714285714286,0.05703450669605436,480.0,-315.0,52.024172247878084,-59.79045962730015,-81.12772126194062,21.33726163464047,4114.530896731217,3669.4691032687833,0.11435297879301987,0.7988349077670857,3893.3333333333335,3920.0,3872.0,3892.0,1.0267857142857142,1.0341726618705036,28.0,0.05781865965834432,0.05781865965834432,0.11925465838509317,0.08490566037735849,0.054249774986394515,0.04859597928243343,8526378.0,2953303.75,3.7293422259428652,2.0812346173332155,23.93167649047422,260.349451404536,301347942.0,54.857142857142854,39.8095238095238,-0.011688311688311637,-0.04466501240694787,0.0359897172236503,0.0004884451876949377,0.011180124223602485,4070.0
2022-05-03,4000.0,4145.0,3960.0,4070.0,4410924,0.011180124223602483,0.011118088583976926,3890.714285714286,3911.785714285714,3900.4761904761904,0.05624986231695414,185.0,-70.0,53.38224984419913,-41.68351890311442,-73.23888079017539,31.55536188706097,4126.4590646556635,3664.0409353443365,0.11871333786312226,0.8779047336665904,3966.6666666666665,3956.0,3881.5,3895.25,1.0288169868554096,1.0448623323278352,60.75,0.011180124223602483,0.011180124223602483,0.045454545454545456,0.0175,0.04006793045270585,0.04850456987827984,7092242.8,3129388.5,-0.28237027858699837,1.4095162681143616,23.610993027777848,254.96734773278345,305758866.0,60.0,48.19047619047618,0.05781865965834432,-0.011688311688311637,-0.04466501240694787,0.01910349073121172,0.1683046683046683,4755.0
2022-05-04,4420.0,5250.0,4280.0,4755.0,58939075,0.16830466830466828,0.15555369654284998,4060.714285714286,3962.5,3936.190476190476,0.06672845577691139,970.0,-335.0,68.1583636535319,27.621731167437247,-53.066758398652865,80.68848956609011,4386.399238488761,3488.60076151124,0.2280123116133386,1.4105606892452642,4283.333333333333,4101.0,3971.5,3937.5,1.1594732991953183,1.2076190476190476,163.5,0.16830466830466828,0.16830466830466828,0.20399579390115669,0.0757918552036199,0.08273065355064495,0.06935844014396644,14778305.6,6004057.3,12.36206994271495,9.816541057994234,26.358966816207705,321.04110860901324,364697941.0,70.96774193548387,61.94162826420891,0.011180124223602483,0.05781865965834432,-0.011688311688311637,0.0791011507288717,-0.03680336487907466,4580.0
2022-05-06,4600.0,4920.0,4510.0,4580.0,9855738,-0.03680336487907465,-0.03749769787126003,4159.285714285715,4002.8571428571427,3968.095238095238,0.06898458445177683,410.0,20.0,62.69136688573712,67.64582474217241,-28.92424177048781,96.57006651266022,4504.2099374489635,3445.790062551036,0.2662691509177176,1.0716068021288296,4468.333333333333,4247.0,4040.0,3975.0,1.0784082882034378,1.1522012578616352,272.0,-0.03680336487907465,0.03680336487907465,0.08951965065502183,-0.004347826086956522,0.08086343569490365,0.07189063886708581,16130382.2,6425028.3,-0.8327809182617814,1.5339602473035021,24.533018658740286,327.39531513694084,354842203.0,60.70381231671554,63.89051808406648,0.16830466830466828,0.011180124223602483,0.05781865965834432,0.04756047588306537,-0.019650655021834062,4490.0
2022-05-10,4600.0,4670.0,4310.0,4490.0,6743917,-0.01965065502183405,-0.019846296371930656,4225.0,4043.9285714285716,3999.5238095238096,0.0705184504379093,360.0,110.0,60.02481736607119,91.0533530444045,-4.928722807509349,95.98207585191385,4580.003723002525,3430.4962769974754,0.287000173773185,0.9217023575486006,4608.333333333333,4384.0,4106.0,4005.25,1.0241788321167884,1.1210286498970101,378.75,-0.01965065502183405,0.01965065502183405,0.0801781737193764,-0.02391304347826087,0.08214892944080893,0.07205786309504845,17219234.4,6670543.95,-0.31573698489144086,1.0109995602382622,24.133759452121357,329.72422119858794,348098286.0,55.42521994134897,62.36559139784947,-0.03680336487907465,0.16830466830466828,0.011180124223602483,0.03728354946791986,-0.0334075723830735,4340.0
2022-05-11,4605.0,4750.0,4335.0,4340.0,6423819,-0.03340757238307346,-0.033978353641849396,4295.0,4070.0,4021.190476190476,0.06894730672155919,415.0,265.0,55.76731332013879,96.38912760547646,15.334847275087816,81.05428033038865,4618.506634640256,3437.9933653597436,0.2930585910210421,0.7640800473085764,4470.0,4447.0,4183.5,4028.25,0.9759388351697774,1.0773909265810215,418.75,-0.03340757238307346,0.03340757238307346,0.0956221198156682,-0.05754614549402823,0.08617089814452114,0.06800810040625353,17274694.6,6953465.4,-0.047464700410755345,0.9238298647462889,24.051152985750583,335.8153482558317,341674467.0,46.62756598240469,54.252199413489734,-0.01965065502183405,-0.03680336487907465,0.16830466830466828,-0.02995386409466072,-0.03225806451612903,4200.0
2022-05-12,4310.0,4515.0,4070.0,4200.0,5032434,-0.032258064516129004,-0.03278982282299084,4351.428571428572,4094.6428571428573,4036.4285714285716,0.07084732120654215,445.0,110.0,52.05608889836877,88.30303499542788,29.92848481915583,58.37455017627205,4632.158090615718,3466.3419093842817,0.2879091637294403,0.6293085500329606,4343.333333333333,4473.0,4214.5,4049.25,0.9389671361502347,1.037229116503056,423.75,-0.032258064516129004,0.032258064516129004,0.10595238095238095,-0.025522041763341066,0.0891587556604449,0.06516601992673768,17398996.6,7161452.6,-0.21659779019303005,0.7027113465779276,23.774254125974757,343.6142519518437,336642033.0,38.41642228739003,46.82306940371456,-0.03340757238307346,-0.01965065502183405,-0.03680336487907465,-0.028438763973678838,0.016666666666666666,4270.0
2022-05-13,4210.0,4415.0,4130.0,4270.0,3809523,0.016666666666666607,0.016529301951210506,4386.428571428572,4121.428571428572,4059.7619047619046,0.06846489407903142,285.0,-60.0,53.714665704075585,86.54552044344746,41.25189194401416,45.2936284994333,4653.338847091735,3486.6611529082647,0.28665299611387485,0.6714269510740712,4270.0,4376.0,4238.5,4070.0,0.9757769652650823,1.049140049140049,306.0,0.016666666666666607,0.016666666666666607,0.06674473067915691,0.014251781472684086,0.022085038375715856,0.0645764959312112,6373086.2,7322801.25,-0.24300586952556158,0.5202275563603478,23.512383648698854,339.4275196695691,340451556.0,42.52199413489736,42.52199413489736,-0.032258064516129004,-0.03340757238307346,-0.01965065502183405,-0.01633299007751195,-0.0117096018735363,4220.0
2022-05-16,4295.0,4315.0,4130.0,4220.0,2037978,-0.011709601873536313,-0.011778699192612763,4407.857142857143,4149.285714285715,4077.1428571428573,0.06886150061029112,185.0,75.0,52.322324092852114,80.19367262701326,49.040248080613985,31.153424546399272,4665.748386082242,3491.751613917758,0.28783249087698054,0.6203154926393699,4230.0,4304.0,4275.5,4078.75,0.9804832713754646,1.0346307079374808,225.25,-0.011709601873536313,0.011709601873536313,0.04383886255924171,-0.017462165308498253,0.02040936267096412,0.06242066265808042,4809534.2,7356516.6,-0.4650306613190155,0.2770302999112379,22.875059104955916,328.3969825503142,338413578.0,39.589442815249264,40.17595307917889,0.016666666666666607,-0.032258064516129004,-0.03340757238307346,-0.00910033324099957,0.016587677725118485,4290.0
2022-05-17,4270.0,4350.0,4165.0,4290.0,2355514,0.016587677725118377,0.01645160489200506,4341.428571428572,4201.071428571428,4088.809523809524,0.02309163548206282,185.0,-20.0,54.115534781149975,79.88731125941376,55.209660716373946,24.677650543039817,4686.057517276791,3498.9424827232083,0.2900708697748523,0.6663697234483013,4260.0,4264.0,4324.0,4092.5,1.0060975609756098,1.0482590103848504,171.5,0.016587677725118377,0.016587677725118377,0.04312354312354312,0.00468384074941452,0.024785890950240516,0.061924966049354414,3931853.6,7429795.25,0.15580933650903006,0.31703619288835716,23.036311532661998,318.1543409395775,340769092.0,40.74074074074074,40.95072589696246,-0.011709601873536313,0.016666666666666607,-0.032258064516129004,0.007181580839416224,-0.019813519813519812,4205.0
2022-05-18,4340.0,4360.0,4200.0,4205.0,2536157,-0.019813519813519864,-0.020012439515014278,4287.857142857143,4223.571428571428,4097.857142857143,0.021072107200782366,160.0,135.0,51.57869989335413,71.95626105677093,58.55898078445335,13.39728027231758,4696.454698942389,3517.545301057611,0.2870487942256581,0.5831276773056806,4238.333333333333,4237.0,4342.0,4107.0,0.9924474864290772,1.0238616995373753,130.0,-0.019813519813519864,0.019813519813519864,0.03804994054696789,-0.03110599078341014,0.02200468294283467,0.06062830499068425,3154321.2,7516048.0,0.07668941895484394,0.337432251630112,23.090190073641168,306.85760230103625,338232935.0,32.142857142857146,37.49101356628238,0.016587677725118377,-0.011709601873536313,0.016666666666666607,-0.004978481320645933,0.036860879904875146,4360.0
2022-05-19,4040.0,4375.0,3980.0,4360.0,2754629,0.03686087990487508,0.0361977639360315,4269.285714285715,4247.142857142857,4119.047619047619,0.02738542879296855,395.0,-320.0,55.660558193977835,77.28713327912465,62.304611283387615,14.98252199573703,4722.659211337669,3529.840788662331,0.28908050231453214,0.6959644448446133,4285.0,4269.0,4371.0,4126.25,1.021316467556805,1.0566495001514693,142.75,0.03686087990487508,0.03686087990487508,0.09059633027522936,0.07920792079207921,0.023148831310258456,0.061415138953724496,2698760.2,7616289.3,0.0861429320030267,0.36167599358390967,23.209020663680626,313.1534878509623,340987564.0,42.20779220779221,38.36379669713003,-0.019813519813519864,0.016587677725118377,-0.011709601873536313,0.011211679272157863,-0.013761467889908258,4300.0
2022-05-20,4300.0,4360.0,4230.0,4300.0,1678629,-0.013761467889908285,-0.013857034661426241,4263.571428571428,4279.285714285715,4134.523809523809,0.024658767029280573,130.0,0.0,53.77094302315949,75.79665273220417,65.00301957315094,10.793633159053229,4735.428669565471,3561.5713304345286,0.2829594646573321,0.6290616797712082,4288.333333333333,4275.0,4325.5,4148.5,1.0058479532163742,1.036519223815837,126.5,-0.013761467889908285,0.013761467889908285,0.030232558139534883,0.0,0.024184777168305034,0.024903125162437714,2272581.4,7662797.0,-0.390615215333898,0.21906217794886124,22.699858248603505,300.07109586160783,339308935.0,38.311688311688314,37.55411255411256,0.03686087990487508,-0.019813519813519864,0.016587677725118377,0.001095297400482309,0.03488372093023256,4450.0
2022-05-23,4450.0,4865.0,4350.0,4450.0,15871247,0.03488372093023262,0.034289073478632165,4299.285714285715,4325.357142857143,4162.857142857143,0.023393583839089554,515.0,0.0,57.64246051731989,85.73092976544558,69.14860161160988,16.582328153835704,4765.190842351312,3587.3091576486877,0.28204290564564494,0.7324087415189859,4370.0,4321.0,4312.5,4176.25,1.0298542004165703,1.0655492367554624,144.75,0.03488372093023262,0.03488372093023262,0.11573033707865168,0.0,0.02661311185817472,0.02650963466966881,5039235.2,8412686.4,8.454886696226504,1.886584884466869,24.980679040519536,318.99458901435014,355180182.0,48.05194805194805,42.85714285714286,-0.013761467889908285,0.03686087990487508,-0.019813519813519864,0.019327710981733137,-0.04269662921348315,4260.0
2022-05-24,4485.0,4580.0,4250.0,4260.0,3404845,-0.04269662921348316,-0.04363493589686981,4297.857142857143,4342.142857142857,4180.238095238095,0.02997540423964254,330.0,225.0,51.732596434749254,77.38050943803773,70.79498317689544,6.585526261142292,4764.443781601019,3631.056218398982,0.26999882394188235,0.5549238424887349,4336.666666666667,4315.0,4289.5,4197.75,0.9872537659327926,1.0148293728783278,117.25,-0.04269662921348316,0.04269662921348316,0.07746478873239436,-0.05016722408026756,0.03527199806666177,0.02904132012442508,5249101.4,8495082.95,-0.7854708580869544,0.40080185444216293,23.397734414569765,319.7806897990394,351775337.0,23.25581395348837,36.53981677237491,0.03488372093023262,-0.013761467889908285,0.03686087990487508,-0.007191458724386275,0.04225352112676056,4440.0
2022-05-25,4340.0,4445.0,4160.0,4440.0,3244256,0.04225352112676051,0.04138521616285428,4329.285714285715,4368.571428571428,4209.285714285715,0.0331586855972932,285.0,-100.0,56.303339577241864,84.31530252125867,73.4990470457681,10.816255475490578,4732.568652076908,3750.4313479230923,0.23155423886686677,0.7021102336307473,4383.333333333333,4362.0,4299.5,4241.5,1.0178817056396148,1.0467994813155723,120.5,0.04225352112676051,0.04225352112676051,0.06418918918918919,0.02304147465437788,0.03778613420768714,0.030593335039603896,5390721.2,8586528.75,-0.04716484891382722,0.3778309133361954,23.390806261519366,317.29635481339375,355019593.0,36.22047244094488,35.842744815460435,-0.04269662921348316,0.03488372093023262,-0.013761467889908285,0.011480204281169989,-0.036036036036036036,4280.0
2022-05-26,4380.0,4400.0,4250.0,4280.0,1584148,-0.036036036036036,-0.03670136685042793,4327.857142857143,4334.642857142857,4243.333333333333,0.036609401928542645,150.0,100.0,51.623682584781825,76.02415405345437,74.00406844730536,2.02008560614901,4723.437477993113,3798.562522006887,0.21705584510354994,0.5205433176420478,4326.666666666667,4346.0,4307.5,4261.0,0.9848136217211229,1.0044590471720254,85.0,-0.036036036036036,0.036036036036036,0.035046728971962614,-0.0228310502283105,0.03957917144999852,0.031092275222910807,5156625.0,8086656.15,-0.5117068443427399,0.1958965449520195,22.63726557005856,308.2037580410085,353435445.0,31.914893617021278,30.463726670484846,0.04225352112676051,-0.04269662921348316,0.03488372093023262,-0.012159714707586219,-0.007009345794392523,4250.0
2022-05-27,4280.0,4365.0,4235.0,4250.0,1201192,-0.007009345794392496,-0.007034026657379936,4334.285714285715,4311.071428571428,4260.476190476191,0.035765580827614774,130.0,30.0,50.77159038604338,66.26870549260002,72.4569958563643,-6.188290363764281,4721.589286255566,3822.4107137444344,0.21048187558781162,0.4755332247980946,4323.333333333333,4336.0,4305.5,4272.0,0.9801660516605166,0.9948501872659176,64.0,-0.007009345794392496,0.007009345794392496,0.03058823529411765,-0.007009345794392523,0.039236955130125116,0.03077857738472508,5061137.6,7121277.7,-0.2417425644573613,0.16867647220104898,22.35349921717682,295.47491818093647,352234253.0,30.508474576271187,32.88128021141245,-0.036036036036036,0.04225352112676051,-0.04269662921348316,-0.0002639535678893301,0.010588235294117647,4295.0
2022-05-30,4260.0,4375.0,4235.0,4295.0,1265854,0.010588235294117565,0.010532572499893152,4325.0,4297.142857142857,4273.0952380952385,0.03281177095137134,140.0,-35.0,52.05009213604926,61.46009245497771,70.25761517608699,-8.797522721109274,4697.568797766206,3890.9312022337936,0.18784132165859296,0.5009297855742826,4275.0,4305.0,4313.0,4294.25,0.9976771196283392,1.0001746521511323,10.75,0.010588235294117565,0.010588235294117565,0.03259604190919674,0.008215962441314555,0.03482712445512338,0.030646967967318084,2140059.0,7029802.65,0.053831527349499586,0.1800696353830075,22.416464385783577,284.36956688229816,353500107.0,35.59322033898305,32.67219617742517,-0.007009345794392496,-0.036036036036036,0.04225352112676051,-0.010819048845436977,-0.010477299185098952,4250.0
2022-05-31,4335.0,4370.0,4245.0,4250.0,1309724,-0.010477299185098987,-0.010532572499893268,4317.857142857143,4290.714285714285,4292.142857142857,0.032637605754227465,125.0,85.0,50.63393360659737,53.40251708413507,66.88659555769661,-13.484078473561539,4649.067365554076,3983.932634445924,0.1540912153615549,0.4000202562130423,4265.0,4303.0,4309.0,4316.5,0.9876830118521961,0.9845939997683308,-13.5,-0.010477299185098987,0.010477299185098987,0.029411764705882353,-0.0196078431372549,0.02896065720275695,0.03042808150174867,1721034.8,7030306.05,0.03465644537205703,0.18629686825653913,22.44000124805492,272.98602639070543,352190383.0,30.508474576271187,32.20338983050848,0.010588235294117565,-0.007009345794392496,-0.036036036036036,-0.0022994698951246395,0.015294117647058824,4315.0
2022-06-02,4270.0,4465.0,4220.0,4315.0,3000711,0.015294117647058902,0.015178341599065883,4298.571428571428,4298.928571428572,4316.428571428572,0.029804597606461362,245.0,-45.0,52.63841541988686,51.6662113994671,63.842518726050706,-12.176307326583604,4634.030309409887,4027.969690590113,0.13993549268524,0.4736000005557894,4286.666666666667,4278.0,4320.0,4331.0,1.0086489013557738,0.9963057030708843,-53.0,0.015294117647058902,0.015294117647058902,0.056778679026651215,0.01053864168618267,0.02031455041284475,0.02997677033957674,1672325.8,6873015.7,1.2911017893846335,0.43659306641770074,23.284212422147082,270.9870245056551,355191094.0,37.85310734463277,34.65160075329567,-0.010477299185098987,0.010588235294117565,-0.007009345794392496,0.005135017918692493,0.0996523754345307,4745.0
2022-06-03,4370.0,4805.0,4320.0,4745.0,25343033,0.09965237543453065,0.09499410752649987,4367.857142857143,4332.857142857143,4350.714285714285,0.04267030704567519,485.0,-375.0,63.26499469565727,84.01906351091566,67.8778276830237,16.14123582789196,4694.558157953425,4034.9418420465754,0.1511235044176297,1.0764714893039407,4436.666666666667,4371.0,4358.5,4364.75,1.0855639441775338,1.0871183916604616,6.25,0.09965237543453065,0.09965237543453065,0.10221285563751317,0.08581235697940504,0.04500178816600136,0.04201794031631912,6424102.8,7919621.15,7.445676041444845,3.20003097622921,25.51286112893334,286.6308084695369,380534127.0,86.44067796610169,51.60075329566854,0.015294117647058902,-0.010477299185098987,0.010588235294117565,0.034823064632163524,0.17386722866174922,5570.0
2022-06-07,5200.0,5750.0,5010.0,5570.0,66136403,0.1738672286617493,0.16030362187730154,4529.285714285715,4429.285714285715,4422.142857142857,0.06979180387368271,740.0,-370.0,74.90081596300308,174.2212232733218,89.14650680108332,85.07471647223849,5018.309749819374,3792.690250180626,0.2782021336145154,1.450131749978878,4876.666666666667,4635.0,4485.5,4405.5,1.2017259978425028,1.2643286800590172,229.5,0.1738672286617493,0.1738672286617493,0.13285457809694792,0.07115384615384615,0.0773316107887018,0.06577000556127026,19411145.0,8279487.55,1.609648300580282,7.987982662042894,26.63238021232442,337.94289357885566,446670530.0,89.83050847457628,71.37476459510357,0.09965237543453065,0.015294117647058902,-0.010477299185098987,0.09627124058111296,0.003590664272890485,5590.0
2022-06-08,5410.0,5920.0,5400.0,5590.0,21907657,0.0035906642728904536,0.0035842332278151067,4716.428571428572,4522.142857142857,4461.9047619047615,0.06461367318142737,520.0,-180.0,75.10667059857596,244.50244561397358,120.21769456366138,124.2847510503122,5264.556869073731,3647.4431309262686,0.3629070327979045,1.2012493761255725,5301.666666666667,4894.0,4599.5,4456.0,1.1422149570903146,1.2544883303411132,438.0,0.0035906642728904536,0.0035906642728904536,0.09302325581395349,0.033271719038817,0.07845446032122852,0.06615113105704844,23539505.6,8882083.5,-0.6687504005925451,2.4664997801473043,25.531081334539266,350.94697260893736,468578187.0,82.98969072164948,86.42029238744249,0.1738672286617493,0.09965237543453065,0.015294117647058902,0.09237008945639014,-0.03041144901610018,5420.0
2022-06-09,5610.0,5760.0,5260.0,5420.0,10592811,-0.030411449016100156,-0.030883471715452925,4883.571428571428,4608.928571428572,4501.9047619047615,0.06793644861290735,500.0,190.0,69.86169158947185,283.21847513312787,152.8178506775547,130.40062445557317,5419.046722615297,3585.953277384703,0.40712791676415183,1.000520037528465,5526.666666666667,5128.0,4715.5,4502.5,1.0569422776911077,1.203775680177679,625.5,-0.030411449016100156,0.030411449016100156,0.09225092250922509,-0.0338680926916221,0.08307227043432194,0.06485765857238293,25396123.0,9074528.2,-0.5164790557018488,1.167312588218085,24.77353721589946,361.5936174225847,457985376.0,74.22680412371135,82.34900110664569,0.0035906642728904536,0.1738672286617493,0.09965237543453065,0.049015481306179866,-0.04797047970479705,5160.0
2022-06-10,5320.0,5570.0,5020.0,5160.0,11241593,-0.047970479704797064,-0.04915923595808349,5007.142857142857,4666.071428571428,4533.809523809524,0.0748734248900396,550.0,160.0,62.655087040743524,289.58324498279944,180.17092953860367,109.41231544419577,5501.848909103019,3585.151090896981,0.4218549176199049,0.8216469461926047,5390.0,5297.0,4787.5,4543.5,0.9741363035680574,1.1356883459887752,753.5,-0.047970479704797064,0.047970479704797064,0.1065891472868217,-0.03007518796992481,0.09420819306286156,0.06853688039396764,27044299.4,9315416.9,0.06124738749704872,1.2067729357340946,24.78382297685914,375.0512161781144,446743783.0,56.81818181818182,71.34489222118087,-0.030411449016100156,0.0035906642728904536,0.1738672286617493,-0.024930421482668923,0.01744186046511628,5250.0
2022-06-13,5150.0,5320.0,4960.0,5250.0,12235110,0.01744186046511631,0.017291497110061043,5150.0,4733.928571428572,4577.142857142857,0.07332005770670826,360.0,-100.0,64.03798291872383,298.44928124698345,203.82659988027962,94.62268136670383,5589.513700803472,3602.4862991965283,0.4323384250667849,0.8291348672248299,5276.666666666667,5398.0,4884.5,4596.0,0.9725824379399778,1.1422976501305484,802.0,0.01744186046511631,0.01744186046511631,0.06857142857142857,0.019417475728155338,0.0881159279439744,0.06596757152318682,24422714.8,9675550.7,0.08837866661780058,1.2645388752910984,24.885803601020466,373.9761293082491,458978893.0,61.93181818181818,64.32560137457045,-0.047970479704797064,-0.030411449016100156,0.0035906642728904536,-0.020313356085260303,-0.07238095238095238,4870.0
2022-06-14,5080.0,5200.0,4725.0,4870.0,6518687,-0.07238095238095243,-0.07513413950903401,5229.285714285715,4763.928571428572,4609.047619047619,0.08362324054479973,475.0,210.0,54.80933033747289,271.6810842317773,217.39749675057917,54.28358748119811,5614.287194568142,3637.712805431858,0.42727505169396535,0.6234458977820826,5093.333333333333,5258.0,4946.5,4626.0,0.9262076835298593,1.0527453523562473,632.0,-0.07238095238095243,0.07238095238095243,0.09753593429158111,-0.04133858267716536,0.03679722719135293,0.07216035993799268,12499171.6,9811008.9,-0.4672146797209016,0.6644257554388723,24.181032749363123,384.7635486433742,452460206.0,40.34090909090909,53.030303030303024,0.01744186046511631,-0.047970479704797064,-0.030411449016100156,-0.03430319054021106,-0.049281314168377825,4630.0
2022-06-15,4855.0,4920.0,4605.0,4630.0,4811962,-0.04928131416837778,-0.05053706899635567,5212.857142857143,4790.357142857143,4626.190476190476,0.07904919906445772,315.0,225.0,49.91653128163296,228.46747022576983,219.61149144561733,8.855978780152498,5616.161362484211,3676.838637515789,0.41737280210231836,0.4914918750821792,4916.666666666667,5066.0,4980.0,4646.5,0.9139360442163442,0.9964489400624126,419.5,-0.04928131416837778,0.04928131416837778,0.06803455723542116,-0.046343975283213185,0.03364955166615251,0.07507650693576466,9080032.6,9949708.1,-0.26182036351799065,0.48362845941178917,23.826927606246333,379.78043802599035,447648244.0,26.704545454545453,42.99242424242424,-0.07238095238095243,0.01744186046511631,-0.047970479704797064,-0.034740135361404634,-0.03023758099352052,4490.0
2022-06-16,4500.0,4725.0,4490.0,4490.0,3788787,-0.030237580993520474,-0.030704166343979735,5058.571428571428,4793.928571428572,4639.047619047619,0.03211233571218844,235.0,10.0,47.26588281162024,180.83894107319065,211.856981371132,-31.018040297941354,5614.739064776195,3698.2609352238046,0.41157052068128214,0.41312188882693524,4663.333333333333,4880.0,5004.0,4656.5,0.9200819672131147,0.9642435305486954,223.5,-0.030237580993520474,0.030237580993520474,0.052338530066815145,-0.0022222222222222222,0.03365753191762456,0.07592859561866971,7719227.8,10021371.75,-0.21263156275963946,0.37807069675865485,23.557164453855425,369.43897816699103,443859457.0,15.882352941176471,27.642602495543667,-0.04928131416837778,-0.07238095238095243,0.01744186046511631,-0.05063328251428356,0.013363028953229399,4550.0
2022-06-17,4405.0,4610.0,4315.0,4550.0,3353176,0.013363028953229383,0.013274531208696108,4910.0,4813.214285714285,4651.428571428572,0.03399491941302504,295.0,-145.0,48.52739594186636,146.24862403258612,198.73530990342286,-52.48668587083674,5609.934164293374,3737.565835706626,0.4006137103154316,0.43390723496513867,4556.666666666667,4758.0,5027.5,4673.75,0.9562841530054644,0.9735223321743782,84.25,0.013363028953229383,0.013363028953229383,0.06483516483516484,0.032917139614074914,0.03915339308645572,0.07591031367580589,6141544.4,10062222.7,-0.1149737369770325,0.3332440654488794,23.448301026388524,364.12190829792024,447212633.0,19.41176470588235,20.666221033868087,-0.030237580993520474,-0.04928131416837778,-0.07238095238095243,-0.022051955402889623,-0.06483516483516484,4255.0
2022-06-20,4735.0,4770.0,4200.0,4255.0,5368318,-0.06483516483516483,-0.06703247093752158,4743.571428571428,4813.571428571428,4653.809523809524,0.0368797894813487,570.0,480.0,43.0717289970649,93.94853376963329,177.77795467666496,-83.82942090703168,5613.231095129859,3723.7689048701413,0.4047257556516477,0.2811546575890137,4431.666666666667,4559.0,4978.5,4668.5,0.9333187102434745,0.9114276534218699,-109.5,-0.06483516483516483,0.06483516483516483,0.13396004700352526,-0.10137275607180571,0.034249444928558,0.07147860120672228,4768186.0,10192907.15,0.6009651745091817,0.52667192205317,23.85187523687068,378.82748627664023,441844315.0,3.197674418604651,12.830597355221153,0.013363028953229383,-0.030237580993520474,-0.04928131416837778,-0.02723657229181864,-0.0035252643948296123,4240.0
2022-06-21,4285.0,4345.0,4150.0,4240.0,2273750,-0.003525264394829586,-0.003531492781471037,4612.142857142857,4809.642857142857,4648.0952380952385,0.03789016464979302,195.0,45.0,42.808191950447856,50.70545981695432,152.36345570472284,-101.65799588776852,5615.52437641856,3715.4756235814402,0.4072551179588725,0.2760583777839117,4348.333333333333,4433.0,4845.5,4665.5,0.9564628919467629,0.9087986282284857,-232.5,-0.003525264394829586,0.003525264394829586,0.045990566037735846,-0.010501750291715286,0.032088273223465164,0.03255262978116441,3919198.6,10222663.2,-0.5764502028382075,0.2224224701054418,22.989259557144198,365.69695154259455,439570565.0,5.084745762711864,9.231394962399618,-0.06483516483516483,0.013363028953229383,-0.030237580993520474,-0.018332466758921678,-0.12028301886792453,3730.0
2022-06-22,4270.0,4270.0,3725.0,3730.0,4572288,-0.12028301886792447,-0.12815503558814217,4395.0,4772.5,4620.952380952381,0.047532596611736914,545.0,540.0,34.97305576174654,-24.436042109697155,117.00355614183884,-141.43959825153598,5664.660297782552,3594.3397022174477,0.4472017702916308,0.06552622722932588,4075.0,4253.0,4659.5,4629.5,0.8770279802492358,0.8057025596716708,-376.5,-0.12028301886792447,0.12028301886792447,0.14611260053619302,-0.12646370023419204,0.05321978693874258,0.042046356650618046,3871263.8,9657715.25,1.0109018141836175,0.4734337140453587,23.559687806735397,378.504312146695,434998277.0,0.22779043280182232,2.8367368713727745,-0.003525264394829586,-0.06483516483516483,0.013363028953229383,-0.06288114936597296,-0.08981233243967829,3395.0
2022-06-23,3710.0,3750.0,3395.0,3395.0,3712144,-0.08981233243967823,-0.09410447264506468,4184.285714285715,4706.785714285715,4570.714285714285,0.04977029352698836,355.0,315.0,30.964049523367066,-109.75276251251944,71.65229241096719,-181.40505492348663,5750.628646136619,3421.871353863381,0.5077693741669639,-0.011538924194693698,3788.3333333333335,4034.0,4457.0,4586.25,0.8415964303420922,0.7402562005996184,-552.25,-0.08981233243967823,0.08981233243967823,0.10456553755522828,-0.08490566037735849,0.05673187580360751,0.04483138675589205,3855935.2,9673080.2,-0.18812113322695334,0.3837602835134149,23.257179205311388,376.82543270764535,431286133.0,0.0,1.7708453985045578,-0.12028301886792447,-0.003525264394829586,-0.06483516483516483,-0.07120687190081076,0.03829160530191458,3525.0
2022-06-24,3420.0,3550.0,3365.0,3525.0,2279232,0.038291605301914666,0.03757667525357261,4026.4285714285716,4619.642857142857,4535.714285714285,0.060130936869459105,185.0,-105.0,34.120067899462114,-164.97523277099754,24.326787374574245,-189.3020201455718,5797.308405613621,3283.691594386379,0.5535991215124418,0.09600047411196498,3550.0,3829.0,4293.5,4540.5,0.9206059023243667,0.7763462173769409,-711.5,0.038291605301914666,0.038291605301914666,0.0524822695035461,0.03070175438596491,0.06457702106354028,0.05188712878808369,3641146.4,9624829.0,-0.3860065773310518,0.23680753185329317,22.80698481745215,363.1236160856707,433565365.0,6.262230919765166,2.163340450855658,-0.08981233243967823,-0.12028301886792447,-0.003525264394829586,-0.05726791533522935,0.0425531914893617,3675.0
2022-06-27,3550.0,3695.0,3505.0,3675.0,1824137,0.042553191489361764,0.04167269640056808,3910.0,4484.285714285715,4499.285714285715,0.06755072794904858,190.0,-125.0,37.661301186834876,-194.3948293236972,-19.417535965080045,-174.97729335861715,5821.406480283522,3199.093519716478,0.5814118863847999,0.18148347944732454,3531.6666666666665,3713.0,4136.0,4510.25,0.9897656881228117,0.814810708940746,-797.25,0.042553191489361764,0.042553191489361764,0.05170068027210884,0.035211267605633804,0.0746622808054919,0.05526532412560477,2932310.2,9636828.45,-0.19967032754892877,0.18928810546586,22.625925968241056,350.7576435081228,435389502.0,12.13307240704501,6.131767775603387,0.038291605301914666,-0.08981233243967823,-0.12028301886792447,-0.0029891785494672676,0.0163265306122449,3735.0
2022-06-28,3665.0,3765.0,3600.0,3735.0,1977696,0.01632653061224487,0.016194685919980606,3793.5714285714284,4351.785714285715,4473.333333333333,0.06786083491068358,165.0,-70.0,39.07209108992634,-210.44272030574166,-57.622572833212374,-152.8201474725293,5836.760874862617,3132.2391251373833,0.6030821161166761,0.22287152060206364,3645.0,3612.0,4022.5,4484.5,1.0340531561461794,0.8328687702084959,-872.5,0.01632653061224487,0.01632653061224487,0.04417670682730924,0.019099590723055934,0.07669333314516216,0.05547043369471368,2873099.4,9675653.65,0.08418172538575774,0.20439921389703733,22.72294618645892,337.48924040039975,437367198.0,15.448851774530272,11.281385033780145,0.042553191489361764,0.038291605301914666,-0.08981233243967823,0.03239044246784043,0.004016064257028112,3750.0
2022-06-29,3650.0,3775.0,3630.0,3750.0,1477439,0.004016064257028162,0.004008021397538868,3721.4285714285716,4232.5,4449.523809523809,0.06638093475333749,145.0,-100.0,39.44107502561068,-219.42106543063983,-89.98227135269786,-129.43879407794196,5847.034061227536,3067.4659387724637,0.6236060625845694,0.2455539965772393,3720.0,3616.0,3934.5,4457.25,1.0370575221238938,0.8413259296651523,-841.25,0.004016064257028162,0.004016064257028162,0.03866666666666667,0.0273972602739726,0.05385183882718552,0.055411315518394386,2254129.6,9686232.9,-0.25294939161529373,0.15252978276002427,22.435331860599042,323.7400089432283,438844637.0,17.46031746031746,15.014080547297576,0.01632653061224487,0.042553191489361764,0.038291605301914666,0.02096526211954493,-0.06666666666666667,3500.0
2022-06-30,3745.0,3760.0,3480.0,3500.0,1851998,-0.06666666666666665,-0.06899287148695143,3615.714285714286,4113.928571428572,4411.666666666667,0.06856991199907389,280.0,245.0,35.57420301250639,-243.8978763925329,-120.76539236066488,-123.13248403186803,5872.143577947506,2967.356422052494,0.6572288378064397,0.18336750658875378,3661.6666666666665,3637.0,3835.5,4419.75,0.962331591971405,0.7918999943435715,-782.75,-0.06666666666666665,0.06666666666666665,0.08,-0.06542056074766354,0.04406192764195875,0.05736497221361096,1882100.4,9713346.6,0.25351909621987767,0.1906652852272357,22.59229386190585,320.6157225901406,436992639.0,6.90537084398977,13.271513359612497,0.004016064257028162,0.01632653061224487,0.042553191489361764,-0.015441357265797873,-0.02857142857142857,3400.0
2022-07-01,3480.0,3680.0,3340.0,3400.0,2047485,-0.02857142857142858,-0.028987536873252298,3568.5714285714284,3981.785714285714,4371.190476190476,0.052689442177236104,340.0,80.0,34.13266554721881,-268.2726100362661,-150.2668358957851,-118.00577414048098,5896.2511031536915,2851.7488968463085,0.6960453146564661,0.18007906252058672,3550.0,3612.0,3720.5,4374.0,0.9413067552602437,0.7773205304069501,-762.0,-0.02857142857142858,0.02857142857142858,0.1,-0.022988505747126436,0.042264123279104095,0.055921357356705545,1835751.0,9665685.3,0.10555464962705141,0.2118302982614176,22.6636534794231,322.00031383370197,434945154.0,3.225806451612903,9.19716491864004,-0.06666666666666665,0.004016064257028162,0.01632653061224487,-0.03040734366035569,-0.03529411764705882,3280.0
2022-07-04,3460.0,3470.0,3210.0,3280.0,1321975,-0.03529411764705881,-0.03593200922606333,3552.1428571428573,3868.214285714286,4321.9047619047615,0.04112726213014405,260.0,180.0,32.4341883569943,-293.8850354262422,-178.99047580187653,-114.89455962436568,5887.458857982459,2714.041142017541,0.7378754207905408,0.17834363725116217,3393.3333333333335,3533.0,3623.0,4300.75,0.9283894707047835,0.7626576759867465,-767.75,-0.03529411764705881,0.03529411764705881,0.07926829268292683,-0.05202312138728324,0.033018099982407775,0.05447692483284785,1735318.6,8464632.4,-0.3543420342517771,0.15617630365141433,22.190236090082468,317.5717199884375,433623179.0,4.093567251461988,4.741581515688216,-0.02857142857142858,-0.06666666666666665,0.004016064257028162,-0.04351073762838468,0.03353658536585366,3390.0
2022-07-05,3300.0,3395.0,3265.0,3390.0,1695375,0.03353658536585358,0.03298649899630645,3532.8571428571427,3779.6428571428573,4257.380952380952,0.040366258118816764,130.0,-90.0,35.59782203929312,-301.82770448760584,-203.5579215390224,-98.26978294858344,5709.342535980313,2674.157464019687,0.7240854230239462,0.23584806824247564,3356.6666666666665,3464.0,3538.0,4191.75,0.9786374133949192,0.8087314367507604,-727.75,0.03353658536585358,0.03353658536585358,0.038348082595870206,0.02727272727272727,0.03846503999988267,0.05723779322116433,1678854.4,5242581.0,0.2824561735282438,0.323385561424802,22.471999713813506,304.1737399892634,435318554.0,11.538461538461538,6.285945080512138,-0.03529411764705881,-0.02857142857142858,-0.06666666666666665,-0.010109653617544604,-0.05309734513274336,3210.0
2022-07-06,3360.0,3360.0,3200.0,3210.0,1132733,-0.053097345132743334,-0.054558984250434366,3466.4285714285716,3688.214285714286,4145.0,0.0379035164896826,160.0,150.0,32.884421528415174,-318.9699357523482,-226.64032438168758,-92.32961137066061,5499.2048436780715,2646.2951563219285,0.7004873089082666,0.1975894456723829,3293.3333333333335,3356.0,3486.0,4072.75,0.9564958283671037,0.7881652446135903,-716.75,-0.053097345132743334,0.053097345132743334,0.04984423676012461,-0.044642857142857144,0.03855157664020541,0.04731944744411878,1609913.2,4203834.8,-0.33186876059868764,0.26945231054274543,22.014170071091286,296.0184728471732,434185821.0,0.6369426751592356,5.422990488360916,0.03353658536585358,-0.03529411764705881,-0.02857142857142858,-0.018284959137982854,0.01557632398753894,3260.0
2022-07-07,3225.0,3290.0,3195.0,3260.0,1003070,0.015576323987538832,0.015456258236691672,3398.5714285714284,3596.0714285714284,4034.0476190476193,0.03778903676062815,95.0,-35.0,34.38067245694634,-324.7768698115924,-246.2676334676686,-78.50923634392382,5284.827649231287,2644.6723507687134,0.6659071312094265,0.23306494492562874,3286.6666666666665,3308.0,3472.5,3964.75,0.9854897218863361,0.8222460432561952,-656.75,0.015576323987538832,0.015576323987538832,0.029141104294478526,0.010852713178294573,0.03649633456522345,0.03963965436261218,1440127.6,3724347.75,-0.11446916440149624,0.26932769637314347,21.9080583298035,281.66001050094656,435188891.0,4.126984126984127,5.434129446868295,-0.053097345132743334,0.03353658536585358,-0.03529411764705881,-0.0013281452597836418,0.027607361963190184,3350.0
2022-07-08,3295.0,3395.0,3280.0,3350.0,1339893,0.027607361963190247,0.027233150458358852,3341.4285714285716,3531.4285714285716,3935.4761904761904,0.041067401841041046,115.0,-55.0,37.09896428889485,-318.44581393423005,-260.7032695609809,-57.74254437324913,5093.6427522379845,2654.8572477620155,0.6294858371235643,0.2850364457891726,3273.3333333333335,3298.0,3455.0,3874.25,1.015767131594906,0.8646834871265406,-576.25,0.027607361963190247,0.027607361963190247,0.034328358208955224,0.01669195751138088,0.039265921357229165,0.03852128458665889,1298609.2,3229262.75,0.33579211819713484,0.41492226050667447,22.224815943034482,271.18429546516467,436528784.0,13.478260869565217,6.080729223902854,0.015576323987538832,-0.053097345132743334,0.03353658536585358,-0.003304553060671419,0.010447761194029851,3385.0
2022-07-11,3450.0,3475.0,3365.0,3385.0,1223182,0.010447761194029903,0.010393560527263302,3325.0,3470.3571428571427,3850.9523809523807,0.034460829835803196,110.0,65.0,38.17162495503543,-307.0645500538553,-269.97552565955584,-37.089024394299486,4830.875180550927,2731.1248194490727,0.5553425974879277,0.31140615220935264,3331.6666666666665,3319.0,3426.0,3781.0,1.019885507683037,0.8952658026976991,-462.0,0.010447761194029903,0.010447761194029903,0.03249630723781388,-0.01884057971014493,0.03473403333895157,0.035383134031450825,1278850.6,2678666.35,-0.08710471657065155,0.45663843128503107,22.14407540357628,260.7425600747958,437751966.0,17.674418604651162,11.759887867066832,0.027607361963190247,0.015576323987538832,-0.053097345132743334,0.017877149048252994,-0.051698670605613,3210.0
2022-07-12,3340.0,3360.0,3200.0,3210.0,956805,-0.05169867060561295,-0.05308296922231377,3297.8571428571427,3433.214285714286,3753.809523809524,0.03827504413366984,160.0,130.0,34.961314724503325,-308.608408266623,-277.7021021809693,-30.906306085653682,4642.56562002135,2753.43437997865,0.5108521471180908,0.24168020217114727,3315.0,3283.0,3373.5,3698.0,0.9777642400243679,0.8680367766360195,-415.0,-0.05169867060561295,0.05169867060561295,0.04984423676012461,-0.038922155688622756,0.03899507021457455,0.03678095610932199,1131136.6,2400572.25,-0.21777380635097643,0.39857371507981065,21.84538110436701,255.3323772123104,436795161.0,2.586206896551724,11.246295456922697,0.010447761194029903,0.027607361963190247,0.015576323987538832,-0.004547849149464267,0.0,3210.0
2022-07-13,3195.0,3285.0,3130.0,3210.0,985225,0.0,0.0,3287.8571428571427,3420.0,3674.7619047619046,0.03629664417797732,155.0,-15.0,34.96131472450331,-306.3010788519355,-283.4218975151625,-22.879181336772945,4486.212613844486,2767.7873861555136,0.4737869389823471,0.2573359647653665,3268.3333333333335,3283.0,3319.5,3627.0,0.9777642400243679,0.8850289495450786,-344.0,0.0,0.0,0.048286604361370715,0.004694835680751174,0.030765034677603015,0.036578725635953505,1101635.0,2209235.4,0.029703022036883242,0.44595745659335356,21.874651536905088,248.16577884000253,436795161.0,12.4031007751938,10.887908758798892,-0.05169867060561295,0.010447761194029903,0.027607361963190247,-0.01375030313719435,0.012461059190031152,3250.0
2022-07-14,3210.0,3365.0,3170.0,3250.0,1298851,0.012461059190031154,0.012384059199721622,3267.8571428571427,3400.3571428571427,3609.0476190476193,0.03362120446309984,195.0,-40.0,36.37969732467623,-297.81184835493605,-286.2998876831173,-11.51196067181877,4336.485238798651,2793.514761201349,0.4328107931549235,0.29584832984587317,3223.3333333333335,3281.0,3294.5,3565.0,0.9905516610789393,0.9116409537166901,-284.0,0.012461059190031154,0.012461059190031154,0.06,0.012461059190031152,0.030410002595211042,0.03244047240767857,1160791.2,2084738.6,0.3183293156385598,0.623028230014065,22.163400861016285,244.36822320857377,438094012.0,18.6046511627907,11.197986278178737,0.0,-0.05169867060561295,0.010447761194029903,-0.013079203805193932,-0.02923076923076923,3155.0
2022-07-15,3260.0,3275.0,3110.0,3155.0,836005,-0.029230769230769282,-0.02966650034846969,3260.0,3363.214285714286,3545.4761904761904,0.02856911304832765,165.0,105.0,34.45768555755092,-295.34522220082044,-288.10895458665794,-7.2362676141625,4132.303042491259,2858.196957508741,0.36452502252557545,0.2329500235416673,3205.0,3242.0,3270.0,3495.25,0.973164713140037,0.9026536013160719,-253.25,-0.029230769230769282,0.029230769230769282,0.05229793977812995,-0.032208588957055216,0.027921074773318063,0.032490037675859625,1060013.6,1958880.05,-0.3563503434959052,0.42677702496383074,21.693133648264645,238.69906440796134,437258007.0,6.7669172932330826,12.591556410405857,0.012461059190031154,0.0,-0.05169867060561295,-0.00558990334691271,0.025356576862123614,3235.0
2022-07-18,3190.0,3250.0,3180.0,3235.0,605712,0.02535657686212356,0.025040431959687356,3256.4285714285716,3327.5,3482.8571428571427,0.029775536420941363,70.0,-45.0,37.45439623352769,-283.6651564424583,-287.220194957818,3.5550385153597404,3980.555833800475,2907.944166199525,0.3114209675839296,0.30491541690198304,3213.3333333333335,3212.0,3265.5,3444.25,1.0071606475716064,0.9392465703709081,-232.25,0.02535657686212356,0.02535657686212356,0.021638330757341576,0.014106583072100314,0.03143922261048467,0.032275248265799195,936519.6,1720749.75,-0.27546844815521443,0.3520047002767253,21.39594411200614,228.4348455216784,437863719.0,18.796992481203006,14.722853645742257,-0.029230769230769282,0.012461059190031154,0.0,0.00286228894046181,0.00463678516228748,3250.0
2022-07-19,3260.0,3325.0,3235.0,3250.0,966570,0.004636785162287493,0.004626068388782243,3242.1428571428573,3291.785714285714,3435.0,0.027314573640046844,90.0,10.0,38.02655249277736,-270.084875219326,-283.7931310101196,13.7082557907936,3784.5471807302674,3004.9528192697326,0.22964706133309812,0.3143265175381497,3213.3333333333335,3220.0,3251.5,3394.75,1.0093167701863355,0.9573606303851535,-174.75,0.004636785162287493,0.004636785162287493,0.027692307692307693,-0.003067484662576687,0.02024350907333552,0.030067045336636147,938472.6,1655390.75,0.5957583802203028,0.5838923529082182,21.867919276930376,218.54664227012992,438830289.0,21.53846153846154,15.70079043763254,0.02535657686212356,-0.029230769230769282,0.012461059190031154,0.00025419759788058993,0.015384615384615385,3300.0
2022-07-20,3310.0,3345.0,3260.0,3300.0,1061203,0.01538461538461533,0.01526747213078838,3230.0,3277.5,3390.2380952380954,0.027810049828031813,85.0,10.0,39.99695338186382,-252.37855944371722,-277.51021669683917,25.131657253121944,3731.3337155867644,3015.1662844132356,0.2123078429329367,0.3977194482581108,3261.6666666666665,3238.0,3260.5,3373.25,1.019147621988882,0.9782850366856889,-135.25,0.01538461538461533,0.01538461538461533,0.025757575757575757,-0.0030211480362537764,0.020899589893915257,0.02495391095352795,953668.2,1479836.5,0.09790599749630124,0.717108275137152,21.976591475970167,209.7218821079778,439891492.0,33.333333333333336,24.556262450999288,0.004636785162287493,0.02535657686212356,-0.029230769230769282,0.015125992469675461,0.045454545454545456,3450.0
2022-07-21,3325.0,3485.0,3295.0,3450.0,2438955,0.045454545454545414,0.044451762570833796,3264.285714285714,3281.0714285714284,3376.904761904762,0.022906501812272773,190.0,-125.0,45.5863244143046,-223.66416891361087,-266.7410071401935,43.07683822658265,3735.6284632491556,3016.3715367508444,0.21305003746987894,0.6028839588104735,3333.3333333333335,3278.0,3279.5,3376.0,1.0524710189139719,1.021919431279621,-98.0,0.045454545454545414,0.045454545454545414,0.05507246376811594,0.03759398496240601,0.027671016061544648,0.02819771396144031,1181689.0,1416177.05,1.2982925981174196,1.7222105103313177,22.853209736987598,208.31317624312226,442330447.0,90.66666666666667,48.512820512820504,0.01538461538461533,0.004636785162287493,0.02535657686212356,0.02182531533381608,0.01884057971014493,3515.0
2022-07-22,3475.0,3720.0,3410.0,3515.0,6776876,0.018840579710144967,0.018665294219359876,3307.8571428571427,3297.8571428571427,3382.6190476190477,0.022591838771705047,310.0,-40.0,47.853181975377,-193.4330746930018,-252.0794206507552,58.6463459577534,3734.2830307552135,3016.7169692447865,0.21258067294043165,0.6944071876899559,3421.6666666666665,3350.0,3296.0,3375.5,1.0492537313432835,1.0413272107835876,-25.5,0.018840579710144967,0.018840579710144967,0.08819345661450925,0.011510791366906475,0.015137597382041708,0.02758230415942374,2369863.2,1641059.25,1.7785982111191063,4.129574236883891,23.893821591055957,215.57652079718497,449107323.0,66.39344262295081,63.46448087431693,0.045454545454545414,0.01538461538461533,0.004636785162287493,0.026559913516435236,0.01991465149359886,3585.0
2022-07-25,3525.0,3665.0,3445.0,3585.0,3332713,0.019914651493598834,0.019718948788955425,3355.714285714286,3311.785714285714,3385.4761904761904,0.02272997701056725,220.0,-60.0,50.25655612159122,-161.95933335556765,-234.0554031917177,72.09606983615004,3715.957663306218,3026.042336693782,0.2046619183068632,0.8101829916589399,3516.6666666666665,3420.0,3316.0,3371.0,1.0482456140350878,1.0634826460990805,49.0,0.019914651493598834,0.019914651493598834,0.061366806136680614,0.01702127659574468,0.015025270357491686,0.027943850993960836,2915263.4,1716488.05,-0.5082228153503178,1.9415882330203231,23.203810998088876,215.89248359738605,452440036.0,77.8688524590164,78.30965391621129,0.018840579710144967,0.045454545454545414,0.01538461538461533,0.02806992555276307,-0.01813110181311018,3520.0
2022-07-26,3585.0,3585.0,3500.0,3520.0,1022659,-0.018131101813110173,-0.01829748444157795,3407.8571428571427,3333.9285714285716,3378.095238095238,0.019224438962452253,85.0,65.0,48.04235113250286,-140.6399139788823,-215.37230534915062,74.73239137026832,3668.939505047252,3051.560494952748,0.18373008261126533,0.7587551526501468,3540.0,3474.0,3347.0,3360.25,1.0132412204951065,1.0475411055725021,113.75,-0.018131101813110173,0.018131101813110173,0.024147727272727272,-0.01813110181311018,0.02267072011914442,0.021501187729692603,2926481.2,1668736.2,-0.693145194320663,0.612834431230053,22.004132924902464,206.54302048328705,451417377.0,67.21311475409836,70.49180327868851,0.019914651493598834,0.018840579710144967,0.045454545454545414,0.006874709796877876,-0.004261363636363636,3505.0
2022-07-27,3500.0,3570.0,3495.0,3505.0,929864,-0.0042613636363636465,-0.00427046912345232,3446.4285714285716,3351.4285714285716,3367.1428571428573,0.02001140264323129,75.0,-5.0,47.522016720410214,-123.5305123136286,-197.00394674204625,73.47343442841765,3607.0143259602323,3088.9856740397677,0.1547277932856824,0.8030720393900238,3536.6666666666665,3515.0,3376.5,3348.0,0.9971550497866287,1.0468936678614098,167.0,-0.0042613636363636465,0.0042613636363636465,0.021398002853067047,0.0014285714285714286,0.024496410810495958,0.021750484185164783,2900213.4,1641357.45,-0.09073894621765421,0.5665213266007353,21.90473941765221,197.14709044876656,450487513.0,64.75409836065573,69.94535519125681,-0.018131101813110173,0.019914651493598834,0.018840579710144967,-0.0008259379852916618,0.04992867332382311,3680.0
2022-07-28,3575.0,3875.0,3570.0,3680.0,9914418,0.049928673323823114,0.048722231694286154,3507.8571428571427,3375.0,3363.809523809524,0.024039768836818815,305.0,-105.0,53.80778741522701,-94.7578413529468,-176.55472566422637,81.79688431127957,3648.6991961809863,3065.3008038190137,0.17378563966695637,1.053652536977841,3568.3333333333335,3561.0,3419.5,3357.0,1.0334175793316485,1.0962168602919273,204.0,0.049928673323823114,0.049928673323823114,0.08288043478260869,0.02937062937062937,0.026040441153101865,0.025336311527273093,4395306.0,2044478.45,9.662223723039068,4.849362926765014,24.32016865046257,209.49372684528322,460401931.0,74.50980392156863,68.82567234544089,-0.0042613636363636465,-0.018131101813110173,0.019914651493598834,0.009178735958116432,0.016304347826086956,3740.0
2022-07-29,3685.0,3765.0,3650.0,3740.0,2239379,0.016304347826086918,0.016172859245600968,3570.714285714286,3400.3571428571427,3375.2380952380954,0.024026611054960043,115.0,-55.0,55.7641685950878,-66.34896420309087,-154.51357337199929,88.16460916890841,3712.177779468607,3035.822220531393,0.2004610429570876,1.0411354947316638,3641.6666666666665,3606.0,3478.0,3374.0,1.0371602884082085,1.108476585655009,232.0,0.016304347826086918,0.016304347826086918,0.03074866310160428,0.014925373134328358,0.025928981401852166,0.020593097645579962,3487806.6,2054073.15,-0.7741290512463768,1.0902138514395168,22.848550043780406,202.744174927763,462641310.0,82.3529411764706,73.87228115289831,0.049928673323823114,-0.0042613636363636465,-0.018131101813110173,0.02065721917118213,0.001336898395721925,3745.0
2022-08-01,3750.0,3810.0,3715.0,3745.0,1836363,0.0013368983957218195,0.0013360055427421298,3612.8571428571427,3438.5714285714284,3391.6666666666665,0.021470076880099442,95.0,5.0,55.93166857349318,-42.93632296940814,-132.19812329148107,89.26180032207293,3770.351862766727,3024.148137233273,0.21964934153608195,0.9660255478507517,3721.6666666666665,3638.0,3529.0,3397.25,1.0294117647058822,1.1023622047244095,240.75,0.0013368983957218195,0.0013368983957218195,0.025367156208277702,-0.0013333333333333333,0.025976850639117813,0.020952210954866032,3188536.6,2079792.55,-0.1799677499878315,0.8829548889383222,22.65147443913508,195.0481624329228,464477673.0,83.00653594771242,79.95642701525054,0.016304347826086918,0.049928673323823114,-0.0042613636363636465,0.022523306515210617,0.11882510013351134,4190.0
2022-08-02,3780.0,4410.0,3745.0,4190.0,41733195,0.11882510013351144,0.11227911696486365,3709.285714285714,3508.5714285714284,3435.0,0.04392711984860678,665.0,-410.0,67.66632383673678,11.394792788826635,-103.47954007541954,114.87433286424617,3951.8011585224967,2922.6988414775033,0.29939699383082213,1.2314627394499287,3891.6666666666665,3772.0,3623.0,3437.25,1.110816542948038,1.2189977452905665,334.75,0.11882510013351144,0.11882510013351144,0.15871121718377088,0.10846560846560846,0.05065451950297716,0.038489276778639316,11330643.8,4081683.55,21.726005152576043,10.224505277975311,25.887263426182084,228.61615083057117,506210868.0,83.07692307692308,82.8121334003687,0.0013368983957218195,0.016304347826086918,0.049928673323823114,0.04548878211844006,-0.01909307875894988,4110.0
2022-08-03,4240.0,4335.0,4070.0,4110.0,7609034,-0.019093078758949833,-0.019277705425903076,3784.285714285714,3570.0,3469.285714285714,0.04708201272330699,265.0,130.0,64.34891050089149,47.45028470438001,-73.29357511945963,120.74385982383964,4065.8998138979905,2898.6001861020095,0.33521419421235726,1.037779662609228,4015.0,3893.0,3704.0,3482.25,1.0557410737220652,1.1802713762653456,410.75,-0.019093078758949833,0.019093078758949833,0.06447688564476886,-0.030660377358490566,0.05395936820037195,0.04104124070473266,12666477.8,4405498.6,-0.817674299798997,1.727167499270117,24.166025091063627,231.21499719981608,498601834.0,76.92307692307692,81.00217864923746,0.11882510013351144,0.0013368983957218195,0.016304347826086918,0.03368963992342781,-0.015815085158150853,4045.0
2022-08-04,4125.0,4160.0,4010.0,4045.0,3475568,-0.015815085158150888,-0.015941477997688264,3859.285714285714,3633.5714285714284,3509.0476190476193,0.04677399621127064,150.0,80.0,61.70202898122609,69.97296031110272,-44.64026803334716,114.61322834444988,4146.34608631162,2896.65391368838,0.35487496027921056,0.9189031598886602,4115.0,3966.0,3763.5,3521.5,1.0199193141704488,1.148658242226324,444.5,-0.015815085158150888,0.015815085158150888,0.037082818294190356,-0.019393939393939394,0.05687458388445056,0.041867072435179585,11378707.8,4529123.5,-0.5432313747053831,0.7673820331903072,23.366505306425136,225.4139259712578,495126266.0,70.32520325203252,76.7750677506775,-0.019093078758949833,0.11882510013351144,0.0013368983957218195,0.027972312072136907,0.002472187886279357,4055.0
2022-08-05,4065.0,4080.0,3895.0,4055.0,3030864,0.0024721878862794533,0.0024691370569213276,3937.8571428571427,3692.1428571428573,3546.904761904762,0.0462610580012444,185.0,10.0,61.9612622448856,87.61923937265328,-18.188366552147077,105.80760592480036,4219.267328472484,2894.2326715275162,0.37254084682504196,0.8760279003937731,4070.0,4029.0,3817.5,3556.75,1.0064532141970712,1.1400857524425387,472.25,0.0024721878862794533,0.0024721878862794533,0.04562268803945746,-0.0024600246002460025,0.05745170798675443,0.04209711432069537,11537004.8,4613672.05,-0.12795146002034774,0.656930958064087,23.232064251984173,222.52721697331083,498157130.0,69.7872340425532,72.34517140588754,-0.015815085158150888,-0.019093078758949833,0.11882510013351144,-0.010811992010273755,0.01972872996300863,4135.0
2022-08-08,3970.0,4170.0,3950.0,4135.0,2792936,0.019728729963008673,0.019536640908278436,4002.8571428571427,3755.3571428571427,3584.285714285714,0.044613353829541375,220.0,-165.0,64.05730560266412,106.82792821719977,6.814892401722295,100.01303581547748,4299.368691016664,2889.131308983336,0.392359291099208,0.88344608282921,4078.3333333333335,4107.0,3872.5,3594.25,1.00681762843925,1.150448633233637,512.75,0.019728729963008673,0.019728729963008673,0.053204353083434096,0.041561712846347604,0.05673887931874983,0.04209481627725615,11728319.4,4692159.75,-0.07850170776385879,0.5952346358198908,23.169846537780227,222.3467014752172,500950066.0,76.08695652173913,72.0664646054416,0.0024721878862794533,-0.015815085158150888,-0.019093078758949833,0.0021286108970457462,-0.03385731559854897,3995.0
2022-08-09,4120.0,4120.0,3975.0,3995.0,1794343,-0.03385731559854899,-0.03444374925741666,4039.285714285714,3805.0,3613.3333333333335,0.04862578387343051,145.0,125.0,58.030927093572366,109.49196730375661,27.35030738212916,82.14165992162745,4335.947600593061,2931.052399406939,0.38665066772701856,0.7573145667340835,4061.6666666666665,4068.0,3920.0,3633.5,0.982055063913471,1.099490849043622,434.5,-0.03385731559854899,0.03385731559854899,0.03629536921151439,-0.03033980582524272,0.020752489084788557,0.04373718488565896,3740549.0,4734036.65,-0.3575423855040001,0.3790302299412912,22.692948354530834,217.89336565555882,499155723.0,62.780269058295964,69.55148654086275,0.019728729963008673,0.0024721878862794533,-0.015815085158150888,-0.0038854659164202867,-0.01376720901126408,3940.0
2022-08-10,4020.0,4060.0,3915.0,3940.0,1321355,-0.013767209011264048,-0.013862855908395508,4067.1428571428573,3840.0,3648.095238095238,0.04938052722226271,145.0,80.0,55.809582922737484,105.94394131967738,43.06903416963881,62.87490715003857,4355.45029379464,2984.5497062053596,0.373542394438496,0.6969508237463035,4023.3333333333335,4034.0,3963.5,3670.0,0.9766980664353,1.0735694822888284,364.0,-0.013767209011264048,0.013767209011264048,0.03680203045685279,-0.01990049751243781,0.020255735846451173,0.044267560934167,2483013.2,4750843.15,-0.2635995459062175,0.27813063034926755,22.37310428569173,212.6866966801618,497834368.0,53.0,63.95574186001169,-0.03385731559854899,0.019728729963008673,0.0024721878862794533,-0.009298598215601453,0.02284263959390863,4030.0
2022-08-11,3965.0,4045.0,3965.0,4030.0,1145155,0.02284263959390853,0.02258565264874907,4044.285714285714,3876.785714285714,3687.1428571428573,0.021156736812423686,80.0,-65.0,58.60212000144788,109.13629769887757,56.28248687548657,52.853810823391,4382.487389011773,3035.5126109882267,0.36316386573835174,0.7383118119487079,3988.3333333333335,4031.0,3998.5,3709.0,0.9997519225998511,1.086546238878404,322.0,0.02284263959390853,0.02284263959390853,0.019851116625310174,0.01639344262295082,0.02372573638326175,0.042524518004808554,2016930.6,4743158.35,-0.13334796477857958,0.24143301055930383,22.25257221214508,204.99478977443596,498979523.0,60.62176165803109,58.800676905442344,-0.013767209011264048,-0.03385731559854899,0.019728729963008673,-0.008260628338634834,0.004962779156327543,4050.0
2022-08-12,4100.0,4245.0,4035.0,4050.0,5498153,0.00496277915632759,0.004950505159856205,4035.714285714286,3910.0,3725.2380952380954,0.020510898387007037,210.0,50.0,59.21886036912114,111.9891547173529,67.42382044385984,44.565334273493065,4390.161609606634,3117.338390393367,0.33908044467885895,0.7327503109057927,4006.6666666666665,4030.0,4029.5,3753.75,1.0049627791563276,1.078921078921079,276.25,0.00496277915632759,0.00496277915632759,0.05185185185185185,-0.012195121951219513,0.023830077509651687,0.042485889633503075,2510388.4,4976265.75,3.801230401124738,1.1048752772096224,23.82639493576682,205.70944764769055,504477676.0,60.65573770491803,58.09249978764969,0.02284263959390853,-0.013767209011264048,-0.03385731559854899,0.004679403246324025,0.02962962962962963,4170.0
2022-08-16,4070.0,4190.0,4015.0,4170.0,2770881,0.029629629629629672,0.02919915469226235,4053.5714285714284,3956.4285714285716,3773.5714285714284,0.022439603746431686,175.0,-100.0,62.799863804968915,122.52071899430757,78.44320015394939,44.07751884035818,4413.39562947665,3187.6043705233496,0.3225342083813447,0.8014379465517766,4083.3333333333335,4037.0,4072.0,3800.5,1.0329452563784989,1.0972240494671754,236.5,0.029629629629629672,0.029629629629629672,0.04196642685851319,0.02457002457002457,0.026176969365893574,0.04287662765681429,2505977.4,5084524.2,-0.4960342136713911,0.5449636762472287,23.17034719301708,203.51591567285553,507248557.0,73.77049180327869,65.01599705540926,0.00496277915632759,0.02284263959390853,-0.013767209011264048,0.019145016126621933,-0.004796163069544364,4150.0
2022-08-17,4200.0,4255.0,4045.0,4150.0,2594334,-0.004796163069544335,-0.00480770156810312,4067.1428571428573,4002.5,3817.1428571428573,0.022708089116918205,210.0,50.0,61.82544410101196,127.78025546207209,88.31061121557394,39.46964424649815,4419.111825467179,3271.888174532821,0.29832886515000867,0.765423398264148,4123.333333333333,4068.0,4068.0,3845.5,1.02015732546706,1.0791834611884021,222.5,-0.004796163069544335,0.004796163069544335,0.05060240963855422,-0.011904761904761904,0.018266554772660662,0.02051359002568217,2665975.6,5165912.4,-0.06371511443472311,0.5022024763718409,23.09970400756133,203.97906455336584,504654223.0,69.04761904761905,67.8246161852719,0.029629629629629672,0.00496277915632759,0.02284263959390853,0.009932081905470977,-0.014457831325301205,4090.0
2022-08-18,4145.0,4175.0,4065.0,4090.0,1253791,-0.014457831325301207,-0.014563364187896555,4060.714285714286,4031.785714285714,3857.1428571428573,0.022300452236239835,110.0,55.0,58.87411470705861,125.65846488311763,95.78018194908269,29.878282934034942,4406.919534027996,3363.0804659720043,0.268684444802057,0.6963904267175827,4136.666666666667,4098.0,4066.0,3885.0,0.9980478282088824,1.0527670527670527,213.0,-0.014457831325301207,0.014457831325301207,0.02689486552567237,-0.013268998793727383,0.018471625555834367,0.02010177644268568,2652462.8,5175541.8,-0.51671951259938,0.2422530912608995,22.35798256884976,197.26627422812544,503400432.0,57.89473684210526,66.90428256433432,-0.004796163069544335,0.029629629629629672,0.00496277915632759,0.003458545078261377,-0.022004889975550123,4000.0
2022-08-19,4085.0,4130.0,3985.0,4000.0,1075430,-0.022004889975550168,-0.022250608934819806,4061.4285714285716,4050.3571428571427,3890.4761904761904,0.019619124559007987,145.0,85.0,54.65919223889473,115.38460086959913,99.70106573318598,15.683535136413141,4394.333122455002,3430.666877544998,0.24630447154249305,0.5907990712159598,4080.0,4092.0,4061.5,3912.5,0.9775171065493646,1.0223642172523961,179.5,-0.022004889975550168,0.022004889975550168,0.03625,-0.0208078335373317,0.02006179826969973,0.02071825390774428,2638517.8,5107365.55,-0.14225736187291182,0.21056452479693763,22.18228077989972,193.5329689261165,502325002.0,41.007194244604314,55.98318337810954,-0.014457831325301207,-0.004796163069544335,0.029629629629629672,-0.01375296145679857,-0.0425,3830.0
2022-08-22,3935.0,3980.0,3820.0,3830.0,1264979,-0.04249999999999998,-0.04342955792733598,4045.714285714286,4056.4285714285716,3908.5714285714284,0.025459411793912142,160.0,105.0,47.710958251609085,92.45909942459639,98.25267247146807,-5.7935730468716855,4374.6658434275805,3481.83415657242,0.22728484359578963,0.38995686259067686,3973.3333333333335,4048.0,4039.0,3928.25,0.9461462450592886,0.9749888627251321,119.75,-0.04249999999999998,0.04249999999999998,0.04177545691906005,-0.026683608640406607,0.026525539381355955,0.02444478444036976,1791883.0,4831770.7,0.17625414950298945,0.2618044353801806,22.301186161596544,192.56632828853677,501060023.0,12.781954887218046,37.22796199130919,-0.022004889975550168,-0.014457831325301207,-0.004796163069544335,-0.026320907100283786,-0.014360313315926894,3775.0
2022-08-23,3730.0,3880.0,3700.0,3775.0,941673,-0.01436031331592691,-0.014464420491566612,4009.285714285714,4026.785714285714,3920.9523809523807,0.022702245427599063,180.0,-45.0,45.687442786932344,69.05639488022598,92.41341695321967,-23.357022072993686,4360.889581300495,3514.6104186995058,0.21491439593701706,0.3076875726210749,3868.3333333333335,3969.0,4003.0,3937.75,0.9511211892164273,0.9586692908386769,31.25,-0.01436031331592691,0.01436031331592691,0.04768211920529802,0.012064343163538873,0.01417074854468387,0.022874191753452556,1426041.4,4712218.7,-0.25558210847769014,0.19983643798196377,21.9915690215001,191.66873341078414,500118350.0,11.811023622047244,21.866724251289856,-0.04249999999999998,-0.022004889975550168,-0.014457831325301207,-0.02628840109715902,0.03708609271523179,3915.0
2022-08-24,3820.0,4050.0,3820.0,3915.0,3284387,0.03708609271523189,0.036414946741778496,3990.0,4012.8571428571427,3936.6666666666665,0.028402148466572446,230.0,-95.0,51.34426413625115,61.1020663069412,86.15114682396398,-25.049080517022787,4332.698193239954,3582.301806760046,0.18961374263547895,0.44336326671378773,3840.0,3922.0,3995.0,3957.5,0.9982151963284038,0.9892608970309539,-35.5,0.03708609271523189,0.03708609271523189,0.05874840357598978,0.024869109947643978,0.029362272621485313,0.02513917976352845,1564052.0,4825305.1,2.4878211438577935,0.6806589286965502,23.27726119520663,197.62096673858528,503402737.0,38.73873873873874,21.110572416001336,-0.01436031331592691,-0.04249999999999998,-0.022004889975550168,-0.0065914068668983345,0.0,3915.0
2022-08-25,3920.0,3980.0,3885.0,3915.0,736180,0.0,0.0,3953.5714285714284,4003.5714285714284,3955.4761904761904,0.024436568613068296,95.0,5.0,51.34426413625115,54.17372265200993,79.75566198957318,-25.581939337563256,4288.286794332021,3667.7132056679793,0.1560014048929214,0.3984810163519444,3868.3333333333335,3887.0,3992.5,3978.0,1.0072034988422949,0.9841628959276018,-91.0,0.0,0.0,0.024265644955300127,-0.0012755102040816326,0.02967727766382051,0.024781556386663156,1460529.8,4815620.9,-0.7758546724244129,0.1528733293769034,21.781800541799075,190.29089768582918,503402737.0,38.73873873873874,29.762833699841565,0.03708609271523189,-0.01436031331592691,-0.04249999999999998,0.007575259799768326,0.04469987228607918,4090.0
2022-08-26,3975.0,4090.0,3940.0,4090.0,2037789,0.04469987228607919,0.04372964061194396,3945.0,4006.0714285714284,3983.3333333333335,0.0316505875510976,150.0,-115.0,57.727099456777765,62.088282778179746,76.22218614729451,-14.133903369114762,4278.595848256496,3718.4041517435044,0.14010046180142335,0.6633369444237702,3973.3333333333335,3905.0,3998.5,3998.5,1.0473751600512164,1.0228835813430037,-93.5,0.04469987228607919,0.04469987228607919,0.03667481662591687,0.028930817610062894,0.03626867736566198,0.02783159092593585,1653001.6,4421789.45,1.7680580836208537,0.4608516581448716,22.84367620368637,189.19869070826996,505440526.0,70.27027027027027,49.24924924924924,0.0,0.03708609271523189,-0.01436031331592691,0.02726198833377036,-0.022004889975550123,4000.0
2022-08-29,3980.0,4130.0,3935.0,4000.0,2055596,-0.022004889975550168,-0.022250608934819806,3932.1428571428573,3996.4285714285716,3998.5714285714284,0.0322829363769089,195.0,-20.0,53.81699648333126,60.40210301631123,73.05816952109785,-12.656066504786622,4263.838536181267,3759.1614638187325,0.1258075713230798,0.4772131514788951,4001.6666666666665,3939.0,3993.5,4011.5,1.0154861640010155,0.9971332419294529,-72.5,-0.022004889975550168,0.022004889975550168,0.04875,0.005025125628140704,0.03021291742691323,0.028784098722116343,1811125.0,4412600.3,0.008738392443967458,0.4658468613166708,22.830126028418093,189.61306994339353,503384930.0,54.054054054054056,54.35435435435435,0.04469987228607919,0.0,0.03708609271523189,0.007564994103509674,-0.01875,3925.0
2022-08-30,4035.0,4095.0,3905.0,3925.0,1219130,-0.018750000000000044,-0.01892800988551891,3921.4285714285716,3991.4285714285716,4007.3809523809523,0.03197877829361406,190.0,110.0,50.733076543367176,52.40977296907704,68.9284902106937,-16.518717241616656,4244.010272930043,3796.989727069956,0.1111853117423423,0.2863632871364926,4005.0,3969.0,3969.0,4020.5,0.9889140841521794,0.9762467354806617,-51.5,-0.018750000000000044,0.018750000000000044,0.048407643312101914,-0.027261462205700124,0.03111480642136756,0.02710482739170701,1866616.4,4381738.65,-0.40692139895193413,0.2782297387818874,22.28876967799356,189.64070780457973,502165800.0,40.54054054054054,54.95495495495495,-0.022004889975550168,0.04469987228607919,0.0,0.001314994103509659,-0.014012738853503185,3870.0
2022-08-31,3860.0,3885.0,3795.0,3870.0,1073857,-0.014012738853503182,-0.014111844192681314,3927.1428571428573,3986.4285714285716,4013.3333333333335,0.027339323716609347,90.0,-10.0,48.5365393751899,41.16324916604117,63.3754420017632,-22.21219283572203,4222.671829914911,3786.3281700850894,0.10896333120984424,0.19175672209272743,3931.6666666666665,3960.0,3941.0,4004.5,0.9772727272727273,0.9664127856161818,-44.5,-0.014012738853503182,0.014012738853503182,0.023255813953488372,0.0025906735751295338,0.027431465377566917,0.02722676941031819,1424510.4,2348771.75,-0.11916120512168515,0.4571993851680139,22.14777718433694,185.38065724710975,501091943.0,30.63063063063063,41.741741741741734,-0.018750000000000044,-0.022004889975550168,0.04469987228607919,-0.01825587627635113,-0.0103359173126615,3830.0
2022-09-01,3875.0,3930.0,3745.0,3830.0,1069469,-0.01033591731266148,-0.010389703849135798,3935.0,3972.1428571428573,3996.190476190476,0.026984225542392007,185.0,45.0,46.94464091159373,28.691890070602312,56.438731615531026,-27.746841544928714,4215.979605799679,3765.0203942003213,0.11300819736858984,0.1440919802241627,3875.0,3943.0,3915.0,3990.5,0.9713416180573168,0.9597794762561083,-47.5,-0.01033591731266148,0.01033591731266148,0.048302872062663184,-0.011612903225806452,0.027630518999545935,0.02712611797671258,1491168.2,2021793.5,-0.00408620514649527,0.5289704413432925,22.133292903996093,185.3534674437448,500022474.0,23.423423423423422,31.531531531531524,-0.014012738853503182,-0.018750000000000044,-0.022004889975550168,-0.014366218722054902,-0.04046997389033943,3675.0
2022-09-02,3830.0,3830.0,3655.0,3675.0,945555,-0.04046997389033946,-0.04131167052775466,3900.714285714286,3945.3571428571427,3975.4761904761904,0.026481614614692325,175.0,155.0,41.292944809106736,6.2292367614059,46.396832644706,-40.1675958833001,4236.065382653215,3707.9346173467843,0.13296343537422733,-0.062360724862667395,3791.6666666666665,3860.0,3882.5,3972.0,0.9520725388601037,0.925226586102719,-112.0,-0.04046997389033946,0.04046997389033946,0.047619047619047616,-0.04046997389033943,0.011700757240449862,0.0288911791484903,1272721.4,1895292.85,-0.11586497598340861,0.49889651617690634,21.968835747603812,184.61393405490588,499076919.0,3.3333333333333335,19.12912912912912,-0.01033591731266148,-0.014012738853503182,-0.018750000000000044,-0.02160621001883471,-0.02040816326530612,3600.0
2022-09-05,3640.0,3725.0,3555.0,3600.0,983649,-0.020408163265306145,-0.020619287202735703,3855.714285714286,3904.6428571428573,3954.285714285714,0.026455567218972156,170.0,40.0,38.855369343263604,-17.423602574989218,33.63274560076696,-51.05634817575618,4257.850832280488,3640.6491677195113,0.15628326000151344,-0.06586043112574161,3701.6666666666665,3780.0,3859.5,3949.25,0.9523809523809523,0.9115654871178072,-169.25,-0.020408163265306145,0.020408163265306145,0.04722222222222222,-0.01098901098901099,0.011692174108367382,0.02672924366940687,1058332.0,1792932.1,0.04028745022764402,0.5486259072499176,21.987713529808726,183.5700816224126,498093270.0,6.428571428571429,11.061776061776053,-0.04046997389033946,-0.01033591731266148,-0.014012738853503182,-0.023738018156102363,0.0,3600.0
2022-09-06,3590.0,3655.0,3590.0,3600.0,440054,0.0,0.0,3785.714285714286,3865.3571428571427,3932.6190476190477,0.012687835857636531,65.0,-10.0,38.855369343263604,-35.75646983199431,19.754902514214706,-55.511372346209015,4255.121169057627,3589.878830942372,0.16959651704659154,0.01521425874111209,3625.0,3715.0,3842.0,3922.5,0.9690444145356663,0.9177820267686424,-207.5,0.0,0.0,0.018055555555555554,0.002785515320334262,0.015039769707637507,0.026607034028114235,902516.8,1675288.0,-0.5526310706359687,0.2626736417857706,21.18334185071223,175.10079007795457,498093270.0,7.258064516129032,5.673323092677922,-0.020408163265306145,-0.04046997389033946,-0.01033591731266148,-0.0202927123852152,-0.044444444444444446,3440.0
2022-09-07,3620.0,3665.0,3410.0,3440.0,850152,-0.0444444444444444,-0.04546237407675729,3705.714285714286,3818.9285714285716,3899.5238095238096,0.01640298286643559,255.0,180.0,33.90364268891449,-62.4758789953803,3.3087462122957056,-65.784625207676,4288.83087601672,3500.6691239832803,0.2023651715857089,-0.07697547340600495,3546.6666666666665,3629.0,3794.5,3894.75,0.9479195370625517,0.8832402593234482,-265.75,-0.0444444444444444,0.0444444444444444,0.07412790697674419,-0.049723756906077346,0.019111999300618944,0.02491308386176523,857775.8,1628078.45,0.9319265362887281,0.5221812253580287,21.79639718671827,180.80787650095783,497243118.0,4.166666666666667,5.9511008704557,0.0,-0.020408163265306145,-0.04046997389033946,-0.02161753590325018,0.0029069767441860465,3450.0
2022-09-08,3455.0,3525.0,3415.0,3450.0,461495,0.0029069767441860517,0.00290275965796141,3637.8571428571427,3779.6428571428573,3873.5714285714284,0.01887307338311698,110.0,5.0,34.46577492392895,-81.9001923969463,-13.733041509552695,-68.1671508873936,4310.686087722635,3429.8139122773646,0.22760084631361563,0.022916023783395797,3496.6666666666665,3553.0,3748.0,3870.25,0.971010413734872,0.8914152832504361,-317.25,0.0029069767441860517,0.0029069767441860517,0.03188405797101449,-0.001447178002894356,0.022024303886357875,0.025092402236734965,736181.0,1585085.45,-0.45716177812908754,0.29114834156101804,21.188356009283652,175.75017103660372,497704613.0,5.555555555555555,5.660095579450409,-0.0444444444444444,0.0,-0.020408163265306145,-0.013845822566752783,0.036231884057971016,3575.0
2022-09-13,3480.0,3680.0,3480.0,3575.0,1014047,0.03623188405797095,0.03559094510270253,3595.714285714286,3761.4285714285716,3856.190476190476,0.027939249325153778,200.0,-95.0,41.19784883545598,-86.21382606031602,-28.229198419705362,-57.98462764061066,4300.030894554522,3394.969105445478,0.2352337333616749,0.1989155842406595,3488.3333333333335,3533.0,3696.5,3847.5,1.0118879139541466,0.9291747888239116,-314.5,0.03623188405797095,0.03623188405797095,0.055944055944055944,0.027298850574712645,0.029919735752570665,0.023012440032786678,749879.4,1578530.05,1.1973087465736358,0.6423995539394388,22.011180268547854,179.62515881970344,498718660.0,22.916666666666668,10.879629629629619,0.0029069767441860517,-0.0444444444444444,0.0,-0.0017685278807624643,-0.02937062937062937,3470.0
2022-09-14,3405.0,3500.0,3395.0,3470.0,589499,-0.029370629370629397,-0.029810582187203182,3544.285714285714,3739.6428571428573,3829.5238095238096,0.02878220186513008,105.0,-65.0,37.69494813202418,-96.9870282061438,-41.98076437699305,-55.006263829150754,4290.317315226316,3346.6826847736843,0.2471218097296404,0.1306833293805297,3498.3333333333335,3507.0,3643.5,3818.5,0.9894496720844026,0.908733795993191,-311.5,-0.029370629370629397,0.029370629370629397,0.03025936599423631,0.01908957415565345,0.031299578663299236,0.023441983426315097,671049.4,1333097.35,-0.41866698486362075,0.44220251431750274,21.43893817603505,179.65193318972464,498129161.0,10.204081632653061,12.89210128495842,0.03623188405797095,0.0029069767441860517,-0.0444444444444444,0.003256077143842536,0.001440922190201729,3475.0
2022-09-15,3475.0,3560.0,3465.0,3475.0,561238,0.0014409221902016434,0.0014398850579875444,3515.714285714286,3708.214285714286,3802.1428571428573,0.026490656293347542,95.0,0.0,37.96543886429424,-103.92344552032591,-54.36930060565963,-49.55414491466628,4248.891461221604,3318.608538778396,0.24586268184822146,0.16811171897133412,3506.6666666666665,3482.0,3598.5,3783.75,0.9979896611143021,0.918401057152296,-301.75,0.0014409221902016434,0.0014409221902016434,0.027338129496402876,0.0,0.03138591162180807,0.023840656492578723,695286.2,1222615.2,-0.04794070897490921,0.45904713110061124,21.391250095475336,173.60536653331573,498690399.0,10.884353741496598,14.668367346938766,-0.029370629370629397,0.03623188405797095,0.0029069767441860517,0.0027673922925144,-0.03741007194244604,3345.0
2022-09-16,3430.0,3475.0,3300.0,3345.0,999642,-0.037410071942446055,-0.03812778543656369,3479.285714285714,3667.5,3762.8571428571427,0.028622195937143297,175.0,85.0,33.85059411235321,-118.54401811097796,-67.2042441067233,-51.339774004254664,4214.479941465832,3272.520058534168,0.2516254529001372,0.07694588992500656,3430.0,3463.0,3546.0,3743.5,0.9659254981230148,0.8935488179511153,-280.5,-0.037410071942446055,0.037410071942446055,0.052316890881913304,-0.02478134110787172,0.02936037261827491,0.025187002518365333,725184.2,1142880.6,0.7811374140738867,0.8746687974229328,21.930374466728367,173.70498320950747,497690757.0,5.421686746987952,8.836707373712528,0.0014409221902016434,-0.029370629370629397,0.03623188405797095,-0.02177992637429127,0.0014947683109118087,3350.0
2022-09-19,3380.0,3460.0,3320.0,3350.0,1352379,0.001494768310911887,0.001493652256783372,3443.5714285714284,3614.6428571428573,3724.7619047619046,0.028718883346401904,140.0,30.0,34.146229901973996,-128.24909329612137,-79.41321394460292,-48.83587935151846,4179.130934239392,3233.869065760608,0.2550281582298083,0.12285583298338501,3390.0,3443.0,3498.0,3706.5,0.9729886726691839,0.9038176176986376,-263.5,0.001494768310911887,0.001494768310911887,0.041791044776119404,-0.008875739644970414,0.029269055374196978,0.025661322668181046,903361.0,1147810.0,0.3528633250703752,1.1782254902814926,22.234091446784838,171.29748440882838,499043136.0,6.024096385542169,7.443378958008897,-0.037410071942446055,0.0014409221902016434,-0.029370629370629397,-0.011491460480444174,0.005970149253731343,3370.0
2022-09-20,3335.0,3410.0,3335.0,3370.0,485401,0.005970149253731405,0.005952398527295352,3433.5714285714284,3569.6428571428573,3690.4761904761904,0.024484332930509084,75.0,-35.0,35.39009937158791,-132.79581495632056,-90.08973414694645,-42.7060808093741,4149.241777111523,3200.758222888477,0.2580907630538901,0.1784340659972306,3355.0,3402.0,3467.5,3675.0,0.9905937683715461,0.9170068027210885,-273.0,0.005970149253731405,0.005970149253731405,0.02225519287833828,0.010494752623688156,0.020200251876290685,0.024304541832144408,797631.8,1118308.55,-0.6410762071874823,0.4340492612705143,21.215398656386817,164.41909266534066,499528537.0,8.80503144654088,6.750271526356991,0.001494768310911887,-0.037410071942446055,0.0014409221902016434,-0.009981718125934255,0.0,3370.0
2022-09-21,3360.0,3420.0,3325.0,3370.0,559502,0.0,0.0,3422.1428571428573,3530.0,3660.4761904761904,0.024393356474711154,95.0,-10.0,35.39009937158791,-134.84471865070645,-99.04073104769846,-35.803987603008,4139.036149096057,3164.9638509039432,0.2667229732179938,0.21049376876501427,3363.3333333333335,3382.0,3444.5,3652.0,0.9964518036664696,0.9227820372398685,-270.0,0.0,0.0,0.028189910979228485,0.002976190476190476,0.01786734803623216,0.02403569645368332,791632.4,1083034.7,0.15265934763216382,0.516605792963051,21.35747040522469,159.46058604638776,499528537.0,11.11111111111111,8.646746314398044,0.005970149253731405,0.001494768310911887,-0.037410071942446055,0.0024883058548810975,0.010385756676557863,3405.0
2022-09-22,3425.0,3530.0,3390.0,3405.0,1788207,0.010385756676557945,0.010332195237205412,3397.8571428571427,3496.785714285714,3640.2380952380954,0.018928787215161523,140.0,20.0,37.77550881714206,-132.12127033547404,-105.65683890525358,-26.464431430220458,4128.900954039411,3138.0990459605887,0.2726852643673654,0.26937872430719856,3381.6666666666665,3368.0,3425.0,3633.5,1.0109857482185274,0.9371129764689693,-265.5,0.010385756676557945,0.010385756676557945,0.041116005873715125,-0.00583941605839416,0.019162074725950818,0.02455774426350741,1037026.2,1125361.4,2.1960690042216116,1.5890068737029723,22.529724218574486,159.49911561450293,501316744.0,16.666666666666668,12.194269741439543,0.0,0.005970149253731405,0.001494768310911887,0.005451968643429783,-0.06607929515418502,3180.0
2022-09-23,3410.0,3410.0,3175.0,3180.0,971983,-0.06607929515418498,-0.06836374280939018,3356.4285714285716,3450.3571428571427,3611.904761904762,0.029398771689706088,235.0,230.0,30.085592870726757,-146.43057697926042,-113.81158652005496,-32.61899045920546,4112.841332186364,3080.658667813636,0.2869764827615841,0.09624394558761092,3318.3333333333335,3335.0,3399.0,3596.75,0.9535232383808095,0.8841315076110378,-261.75,-0.06607929515418498,0.06607929515418498,0.07389937106918239,-0.06744868035190615,0.031808073775379864,0.02895141930599751,1031494.4,1009741.2,-0.4564482747243468,0.9626060618304968,21.851730069675448,164.89203592775272,500344761.0,0.7633587786259542,9.5137121854679,0.010385756676557945,0.0,0.005970149253731405,-0.01856451282587568,-0.06289308176100629,2980.0
2022-09-26,3215.0,3350.0,2970.0,2980.0,1675966,-0.06289308176100628,-0.06495789627477237,3285.714285714286,3400.714285714286,3567.3809523809523,0.03444252856851977,380.0,235.0,25.178982173549656,-171.92726364343252,-125.43472194473048,-46.49254169870204,4112.054501946115,2987.9454980538844,0.3166504236316143,-0.007068262976609128,3188.3333333333335,3261.0,3352.0,3550.0,0.9138301134621282,0.8394366197183099,-289.0,-0.06289308176100628,0.06289308176100628,0.12751677852348994,-0.07309486780715396,0.03850008343467698,0.033463567188716146,1096211.8,1056730.5,0.7242750130403515,1.5859918872408811,22.331578853121886,180.2568905043418,498668795.0,1.3245033112582782,6.251509585516957,-0.06607929515418498,0.010385756676557945,0.0,-0.03952887341287777,-0.0016778523489932886,2975.0
2022-09-27,2925.0,3025.0,2875.0,2975.0,936011,-0.001677852348993314,-0.0016792615197200253,3232.8571428571427,3356.0714285714284,3522.6190476190477,0.03434468495263432,150.0,-50.0,25.068908579811037,-190.3428755467762,-138.41635266513964,-51.92652288163657,4051.9546473575524,2936.5453526424476,0.31921279093227584,0.03447581756737503,3045.0,3182.0,3292.0,3494.25,0.9349465744814582,0.8513987264792159,-312.25,-0.001677852348993314,0.001677852348993314,0.05042016806722689,0.017094017094017096,0.03721553250446714,0.028985495411530095,1186333.8,1001641.6,-0.44150955329642727,0.934476962618166,21.74738182586627,178.09568403974598,497732784.0,12.422360248447205,4.8367407794438035,-0.06289308176100628,-0.06607929515418498,0.010385756676557945,-0.04355007642139486,-0.06554621848739496,2780.0
2022-09-28,2945.0,3015.0,2755.0,2780.0,1016427,-0.06554621848739495,-0.06779311129504738,3151.4285714285716,3297.5,3460.2380952380954,0.03800141677727195,260.0,165.0,21.180056833613577,-218.15746748760967,-154.36457562963366,-63.792891857976,4023.943392726318,2842.556607273682,0.34410159046170136,-0.05295184273600456,2911.6666666666665,3064.0,3223.0,3433.25,0.9073107049608355,0.8097283914658123,-369.25,-0.06554621848739495,0.06554621848739495,0.09352517985611511,-0.05602716468590832,0.03815716278158694,0.03261795175517017,1277718.8,949683.15,0.08591352024709109,1.0702801244815179,21.76201030145865,183.9459923226213,496716357.0,2.7027027027027026,5.4831887541360524,-0.001677852348993314,-0.06289308176100628,-0.06607929515418498,-0.04337238419913151,0.07014388489208633,2975.0
2022-09-29,2890.0,3065.0,2885.0,2975.0,1743364,0.07014388489208634,0.06779311129504739,3095.0,3264.285714285714,3411.4285714285716,0.05159810896042086,180.0,-85.0,32.46277758206061,-221.90784615934353,-167.87322973557565,-54.034616423767886,3962.567721824259,2808.932278175741,0.34073261275892136,0.1439516467169636,2910.0,2978.0,3173.0,3385.75,0.9989926124916051,0.8786827143173596,-407.75,0.07014388489208634,0.07014388489208634,0.06050420168067227,0.029411764705882353,0.05992380535946839,0.043418211295353566,1268750.2,975894.85,0.7151885969184211,1.7864260683412767,22.369326456212995,191.16413572814835,498459721.0,23.783783783783782,12.96961557831122,-0.06554621848739495,-0.001677852348993314,-0.06289308176100628,0.0009732713518993593,-0.018487394957983194,2920.0
2022-09-30,2930.0,2995.0,2850.0,2920.0,780494,-0.01848739495798324,-0.018660422717402748,3030.714285714286,3226.4285714285716,3363.5714285714284,0.05100323295090208,145.0,10.0,31.110107169547376,-226.70477707127884,-179.6395392027163,-47.06523786856255,3903.5098377830573,2772.9901622169427,0.33865638450269286,0.13003739869404857,2891.6666666666665,2926.0,3130.5,3338.25,0.9979494190020506,0.8747098030405153,-412.25,-0.01848739495798324,0.01848739495798324,0.04965753424657534,-0.0034129692832764505,0.05541975036679864,0.042718466975864705,1230452.4,961226.7,-0.5523057720590766,0.8119770289360461,21.547021227229298,187.86669746185206,497679227.0,17.83783783783784,14.774774774774764,0.07014388489208634,-0.06554621848739495,-0.001677852348993314,-0.004629909517763949,0.07876712328767123,3150.0
2022-10-04,3000.0,3155.0,2980.0,3150.0,1298220,0.07876712328767121,0.0758188365573513,2994.285714285714,3196.0714285714284,3329.285714285714,0.06234157609909928,175.0,-150.0,41.994945511316274,-209.53194770517393,-185.61802090320785,-23.913926801966085,3825.021441936714,2783.478558063286,0.3152130994547712,0.3519024013429436,3015.0,2960.0,3110.5,3304.25,1.0641891891891893,0.9533176969055005,-344.25,0.07876712328767121,0.07876712328767121,0.05555555555555555,0.05,0.06116881065146642,0.05162540969943462,1154903.2,972664.25,0.6633311723088198,1.334705166762323,22.131662385473746,191.23336192886262,498977447.0,49.06832298136646,30.22998153432935,-0.01848739495798324,0.07014388489208634,-0.06554621848739495,0.043474537740591436,0.0031746031746031746,3160.0
2022-10-05,3200.0,3345.0,3120.0,3160.0,2986087,0.0031746031746031633,0.0031695747612790395,2991.4285714285716,3173.9285714285716,3297.3809523809523,0.057031025366801394,225.0,40.0,42.4209243354229,-192.89190250147158,-187.0727972228606,-5.8191052786109765,3772.315435370877,2784.684564629123,0.301244737148621,0.3800159011726706,3076.6666666666665,2997.0,3089.5,3278.5,1.0543877210543877,0.963855421686747,-281.5,0.0031746031746031633,0.0031746031746031633,0.07120253164556962,-0.0125,0.06092285706230173,0.05156729238462091,1564918.4,1074690.85,1.300139421669671,2.7785544093913144,22.967801699311615,193.64526464822956,501963534.0,50.31055900621118,39.07223994180515,0.07876712328767121,-0.01848739495798324,0.07014388489208634,0.021151443834763712,0.006329113924050633,3180.0
2022-10-06,3180.0,3190.0,3125.0,3180.0,668002,0.006329113924050667,0.006309169193264756,3020.0,3152.8571428571427,3273.809523809524,0.04956208432337512,65.0,0.0,43.31749776489712,-176.0611901338816,-184.8704758050648,8.809285671183204,3728.9646830552883,2786.0353169447117,0.2894641185297242,0.41780932614319316,3163.3333333333335,3077.0,3070.5,3257.5,1.0334741631459214,0.9762087490406753,-180.5,0.006329113924050667,0.006329113924050667,0.020440251572327043,0.0,0.04359017178608407,0.05167721876093053,1495233.4,1058908.5,-0.7762951983649505,0.6308401528555111,21.476682922771253,184.456317173356,502631536.0,54.83870967741935,51.40586388833233,0.0031746031746031633,0.07876712328767121,-0.01848739495798324,0.02942361346210835,0.0,3180.0
2022-10-07,3185.0,3190.0,3105.0,3180.0,683118,0.0,0.0,3049.285714285714,3141.0714285714284,3253.809523809524,0.049504229390937425,85.0,5.0,43.31749776489712,-160.868339246068,-180.07004849326546,19.20170924719747,3680.3361480499216,2792.6638519500784,0.2742692093619166,0.43635038487937106,3173.3333333333335,3118.0,3048.0,3236.5,1.0198845413726747,0.9825428703846748,-118.5,0.0,0.0,0.026729559748427674,-0.0015698587127158557,0.03749077693432543,0.05144669023994807,1283184.2,1071061.7,0.022628674764446854,0.637795189576847,21.49905936706847,177.3522945181163,502631536.0,54.83870967741935,53.32932612034995,0.006329113924050667,0.0031746031746031633,0.07876712328767121,0.0031679056995512767,-0.05188679245283019,3015.0
2022-10-11,3135.0,3275.0,3005.0,3015.0,1519904,-0.05188679245283023,-0.05328136661293675,3082.8571428571427,3117.1428571428573,3225.9523809523807,0.04589959010298627,270.0,120.0,37.700642397020516,-160.29424422859483,-176.11488764033135,15.820643411736512,3658.758440553399,2771.741559446601,0.27587804404223554,0.27424330442264755,3125.0,3137.0,3031.5,3215.25,0.9611093401338858,0.9377186843946816,-78.25,-0.05188679245283023,0.05188679245283023,0.08955223880597014,-0.03827751196172249,0.04658828968107948,0.0497618781126809,1431066.2,1104549.3,1.2249508869624282,1.3760399830048329,22.245512842312685,183.96998776682227,501111632.0,33.54838709677419,47.741935483870954,0.0,0.006329113924050667,0.0031746031746031633,-0.015185892842926521,-0.05306799336650083,2855.0
2022-10-12,2980.0,2985.0,2800.0,2855.0,1012444,-0.05306799336650081,-0.054527987071175205,3065.714285714286,3080.3571428571427,3198.095238095238,0.044190120182089475,185.0,125.0,33.20443171525791,-170.78127241457832,-175.04816459518076,4.26689218060244,3642.330038647339,2728.669961352661,0.286818420120759,0.13826809530892342,3016.6666666666665,3078.0,3019.0,3185.5,0.9275503573749188,0.8962486265892324,-107.5,-0.05306799336650081,0.05306799336650081,0.0647985989492119,-0.04194630872483222,0.030563072634250822,0.04855684053180301,1373911.0,1132096.75,-0.3338763500852685,0.8943087240556075,21.784704890227346,186.18641721204926,500099188.0,12.903225806451612,33.76344086021504,-0.05188679245283023,0.0,0.006329113924050667,-0.03498492860644368,-0.08756567425569177,2605.0
2022-10-13,2850.0,2870.0,2605.0,2605.0,908889,-0.08756567425569173,-0.09163916790264326,3020.714285714286,3025.714285714286,3157.8571428571427,0.054995150154806785,265.0,245.0,27.654704527293234,-196.9943996552829,-179.43741160720123,-17.556988048081678,3624.6409377918644,2649.3590622081356,0.310896358171415,-0.04548332468660474,2825.0,2967.0,2982.0,3137.0,0.8779912369396697,0.830411220911699,-170.0,-0.08756567425569173,0.08756567425569173,0.1017274472168906,-0.08596491228070176,0.03963209767854001,0.055370628511692624,958471.4,1126838.85,-0.10228220029947332,0.8065829466209831,21.585166208101917,191.81595883976001,499190299.0,0.0,15.483870967741927,-0.05306799336650081,-0.05188679245283023,0.0,-0.06417348669167426,0.14971209213051823,2995.0
2022-10-14,2685.0,3050.0,2675.0,2995.0,4164806,0.14971209213051817,0.13951155636208237,2998.5714285714284,2996.4285714285716,3130.2380952380954,0.07456490439451313,375.0,-310.0,43.51519172202469,-184.1756885230111,-180.3850669903632,-3.79062153264789,3578.3507248011224,2648.1492751988776,0.2987879064007853,0.3728769987935798,2818.3333333333335,2930.0,3003.5,3113.25,1.022184300341297,0.9620171846141492,-183.25,0.14971209213051817,0.14971209213051817,0.12520868113522537,0.1154562383612663,0.09383948757815963,0.07161862231689066,1657832.2,1305604.2,3.582304329791647,3.1899453142077823,23.24687976449653,209.90053320834858,503355105.0,48.4472049689441,20.45014359179856,-0.08756567425569173,-0.05306799336650081,-0.05188679245283023,0.003026141502775211,-0.018363939899833055,2940.0
2022-10-17,2900.0,3000.0,2865.0,2940.0,835375,-0.018363939899833093,-0.018534650216822466,2967.1428571428573,2979.285714285714,3105.0,0.07451268211901374,135.0,-40.0,42.11300694859161,-176.4211349176926,-179.5922805758291,3.17114565813651,3524.7633190698352,2648.2366809301648,0.28398724708882894,0.3328630373277305,2846.6666666666665,2882.0,3000.0,3086.5,1.0201249132546844,0.9525352340839138,-204.5,-0.018363939899833093,0.018363939899833093,0.04591836734693878,0.013793103448275862,0.0937799725796837,0.06873128624518969,1688283.6,1319311.05,-0.7994204291868576,0.6331903306653878,21.621800865553265,204.55049512203797,502519730.0,44.966442953020135,31.137882640654734,0.14971209213051817,-0.08756567425569173,-0.05306799336650081,0.014594159324997783,0.006802721088435374,2960.0
2022-10-18,3005.0,3030.0,2940.0,2960.0,561490,0.006802721088435382,0.006779686985378769,2935.714285714286,2977.8571428571427,3080.4761904761904,0.0745303816728535,90.0,45.0,42.83436579303325,-166.73969109680002,-177.0217626800233,10.282071583223285,3491.2966086597,2643.2033913403,0.27649954106101543,0.37353984466590934,2965.0,2871.0,3004.0,3067.25,1.030999651689307,0.9650338250876193,-196.25,0.006802721088435382,0.006802721088435382,0.030405405405405407,-0.014975041597337771,0.09121396303094045,0.06840474828500662,1496600.8,1297403.45,-0.3278587460721233,0.4327797956757399,21.23129379148283,196.36831689903525,503081220.0,47.972972972972975,47.128873631645725,-0.018363939899833093,0.14971209213051817,-0.08756567425569173,0.04605029110637349,0.03209459459459459,3055.0
2022-10-19,3025.0,3110.0,2970.0,3055.0,2305687,0.03209459459459452,0.031590324287589566,2917.8571428571427,2983.5714285714284,3066.6666666666665,0.07619178516925693,140.0,-30.0,46.26003958770714,-149.6759993157948,-171.5526100071776,21.87661069138281,3455.1164427839517,2649.8835572160483,0.26379455710660227,0.5031046918783463,2985.0,2911.0,2994.5,3052.5,1.0494675369288904,1.0008190008190008,-141.5,0.03209459459459452,0.03209459459459452,0.04582651391162029,0.009917355371900827,0.0867868689479104,0.064150265034259,1755249.4,1345068.85,3.1063723307627917,1.7141776794548471,22.675424109475493,193.0562942633899,505386907.0,60.810810810810814,51.25007557893463,0.006802721088435382,-0.018363939899833093,0.14971209213051817,0.006844458594398935,0.01309328968903437,3095.0
2022-10-20,3440.0,3520.0,3055.0,3095.0,8238502,0.013093289689034338,0.013008313513000747,2929.285714285714,3006.0714285714284,3054.5238095238096,0.07336348027952115,465.0,345.0,47.6816675021129,-131.41041744388758,-163.5241714945196,32.113754050632025,3413.532393003282,2663.967606996718,0.24666879012967954,0.5750435466688365,3036.6666666666665,3009.0,2988.0,3038.75,1.0285809238949817,1.018510900863842,-29.75,0.013093289689034338,0.013093289689034338,0.15024232633279483,-0.1002906976744186,0.06571928762197003,0.06430324122277185,3221172.0,1732723.9,2.5731224576449447,4.754653641009973,23.961872274400147,212.48084467314777,513625409.0,53.55191256830601,54.111898784029925,0.03209459459459452,0.006802721088435382,-0.018363939899833093,0.017330201790688077,-0.009693053311793215,3065.0
2022-10-21,3105.0,3195.0,3005.0,3065.0,1547285,-0.009693053311793265,-0.009740336748384754,2959.285714285714,3012.5,3040.0,0.06927372915252798,190.0,40.0,46.684187153230226,-117.99538415457164,-154.41841402653003,36.42302987195839,3364.8610528766512,2682.1389471233488,0.22580522763462954,0.5607860792118481,3071.6666666666665,3023.0,2976.5,3023.5,1.0138934832947404,1.013725814453448,-0.5,-0.009693053311793265,0.009693053311793265,0.06199021207177814,-0.01288244766505636,0.01977625005037657,0.06431972841531529,2697667.8,1782113.05,-0.8121885507826544,0.8682305536116242,22.279815188705737,210.87507005363724,512078124.0,50.27322404371585,54.87864914094422,0.013093289689034338,0.03209459459459452,0.006802721088435382,0.011831610323945196,-0.0016313213703099511,3060.0
2022-10-24,3105.0,3115.0,3050.0,3060.0,1021987,-0.0016313213703099683,-0.0016326534238853348,3024.285714285714,3022.5,3025.2380952380954,0.05387561782956541,65.0,45.0,46.50955326865084,-106.53921409422856,-144.84257404006974,38.30335994584118,3297.650881406035,2714.849118593965,0.1938633722451791,0.5922269001738285,3073.3333333333335,3047.0,2964.5,3006.25,1.0042664916311126,1.017879417879418,40.75,-0.0016313213703099683,0.0016313213703099683,0.021241830065359478,-0.014492753623188406,0.01591887464216654,0.06431647801713473,2734990.2,1743802.05,-0.3394966021127329,0.5860682409451233,21.86342952477452,200.45542219266315,511056137.0,49.72677595628415,51.183970856101986,-0.009693053311793265,0.013093289689034338,0.03209459459459452,0.0005896383356437015,0.0016339869281045752,3065.0
2022-10-25,3060.0,3110.0,3010.0,3065.0,961432,0.0016339869281045694,0.0016326534238853118,3034.285714285714,3016.4285714285716,3009.0476190476193,0.01623070889032916,100.0,-5.0,46.72417494400491,-95.95059978376912,-135.06417918880962,39.1135794050405,3281.829550153334,2719.170449846666,0.18752177980558835,0.6146342429454094,3063.3333333333335,3068.0,2969.5,3000.5,0.9990221642764016,1.0214964172637893,67.5,0.0016339869281045694,0.0016339869281045694,0.03262642740619902,0.0016339869281045752,0.016192353058603226,0.06188965776705669,2814978.6,1743274.5,-0.059252221407904426,0.5515092430939591,21.803981967390744,193.2800348931872,512017569.0,50.27322404371585,50.09107468123861,-0.0016313213703099683,-0.009693053311793265,0.013093289689034338,-0.003230129251332888,-0.0016313213703099511,3060.0
2022-10-26,3170.0,3230.0,3040.0,3060.0,1752213,-0.0016313213703099683,-0.0016326534238853348,3051.4285714285716,3009.285714285714,3003.3333333333335,0.013462091198350647,190.0,110.0,46.523149446184554,-86.96008316122925,-125.44335998329356,38.48327682206431,3286.8752635655037,2722.1247364344963,0.18796822337527289,0.5982734806498471,3061.6666666666665,3069.0,2990.0,3004.5,0.9970674486803519,1.018472291562656,64.5,-0.0016313213703099683,0.0016313213703099683,0.06209150326797386,-0.03470031545741325,0.008257635102655637,0.05874162874796773,2704283.8,1747086.85,0.8225033075662138,1.0029341128633644,22.402560313564187,193.045746686531,510265356.0,49.72677595628415,49.90892531876137,0.0016339869281045694,-0.0016313213703099683,-0.009693053311793265,-0.0005428852708384557,0.0,3060.0
2022-10-27,3035.0,3075.0,3030.0,3060.0,404488,0.0,0.0,3065.714285714286,3000.714285714286,3007.1428571428573,0.013615734791277105,45.0,-25.0,46.523149446184554,-78.92523300782977,-116.13973458820081,37.214501580371035,3291.813597094369,2725.686402905631,0.1881602639596969,0.5905273594451533,3061.6666666666665,3062.0,3035.5,3008.75,0.999346832135859,1.0170336518487744,53.25,0.0,0.0,0.014705882352941176,0.008237232289950576,0.004367819682457185,0.0484672629352482,1137481.0,1720510.7,-0.7691559188295031,0.23509763699813085,20.93654754454035,182.47105049463596,510265356.0,49.72677595628415,49.90892531876137,-0.0016313213703099683,0.0016339869281045694,-0.0016313213703099683,8.885192648670307e-07,0.0032679738562091504,3070.0
2022-10-28,3025.0,3140.0,3020.0,3070.0,1065741,0.0032679738562091387,0.0032626456348163694,3067.8571428571427,2992.8571428571427,3011.6666666666665,0.006822814075039884,120.0,-45.0,47.0515486199567,-70.93296883627363,-107.09838143781539,36.16541260154176,3285.9540560262344,2760.5459439737656,0.17378917127345367,0.5889784510889535,3063.3333333333335,3063.0,3043.0,3023.25,1.0022853411687889,1.0154634912759448,39.75,0.0032679738562091387,0.0032679738562091387,0.03908794788273615,0.01487603305785124,0.0021292318158702317,0.013466989813529437,1041172.2,1722976.4,1.6347901544668817,0.6185464873459672,21.90861373072147,178.008832602162,511331097.0,50.81967213114754,50.0910746812386,0.0,-0.0016313213703099683,0.0016339869281045694,0.0005455508286330568,-0.014657980456026058,3025.0
2022-10-31,3060.0,3075.0,3015.0,3025.0,541807,-0.014657980456026065,-0.014766470116301007,3057.8571428571427,2993.5714285714284,3023.3333333333335,0.00654217388872354,60.0,35.0,44.90147130626982,-67.45261407125054,-99.16922796450243,31.71661389325189,3287.4705218911017,2764.0294781088983,0.17299547014201552,0.49856717387963934,3051.6666666666665,3056.0,3051.5,3025.75,0.9898560209424084,0.9997521275716764,30.25,-0.014657980456026065,0.014657980456026065,0.019834710743801654,-0.011437908496732025,0.007157738114570118,0.012864820990959253,945136.2,1662898.55,-0.491614754429078,0.3258208385592735,21.217331499521393,169.57963027343612,510789290.0,45.90163934426229,48.816029143897985,0.0032679738562091387,0.0,-0.0016313213703099683,-0.0037966688666056423,0.03636363636363636,3135.0
2022-11-01,3030.0,3140.0,3030.0,3135.0,1291216,0.036363636363636376,0.035718082602079246,3067.8571428571427,3013.5714285714284,3030.9523809523807,0.015489913982357776,110.0,-105.0,50.817808109963366,-55.182220861374844,-90.37182654387692,35.189605682502076,3297.592844950247,2775.407155049753,0.1719695998354995,0.6886302169995693,3076.6666666666665,3070.0,3069.0,3036.5,1.021172638436482,1.0324386629342994,33.5,0.036363636363636376,0.036363636363636376,0.03508771929824561,0.034653465346534656,0.01898379987612178,0.01668360033454966,1011093.0,1688434.65,1.3831659613109464,0.764741472226953,22.121479421308834,165.681085253905,512080506.0,57.923497267759565,51.548269581056466,-0.014657980456026065,0.0032679738562091387,0.0,0.008324543254606484,0.02073365231259968,3200.0
2022-11-02,3240.0,3305.0,3180.0,3200.0,5549172,0.020733652312599604,0.02052163572079677,3087.8571428571427,3056.0714285714284,3044.285714285714,0.016558198069283006,125.0,40.0,53.963529546538446,-39.754622524732895,-80.24838574004812,40.49376321531523,3305.568841705898,2772.431158294102,0.1754319458413282,0.8019857815521236,3120.0,3098.0,3083.5,3039.0,1.0329244673983216,1.0529779532741033,59.0,0.020733652312599604,0.020733652312599604,0.0390625,-0.012345679012345678,0.019747805606053895,0.015002562898477288,1770484.8,1900982.25,3.2976326191744834,2.919107740222193,23.600065374247748,165.98957916434034,517629678.0,62.1301775147929,55.31843804227157,0.036363636363636376,-0.014657980456026065,0.0032679738562091387,0.014146436073403304,-0.0109375,3165.0
2022-11-03,3275.0,3295.0,3125.0,3165.0,2129105,-0.010937500000000044,-0.010997754209541398,3102.1428571428573,3068.214285714286,3045.0,0.017804385505077024,170.0,110.0,52.033624972187546,-30.006451491469306,-70.19999889033237,40.19354739886306,3306.3055826237855,2772.1944173762145,0.17573781862221635,0.7354378791945163,3166.6666666666665,3119.0,3090.5,3039.25,1.014748316768195,1.0413753393106853,79.75,-0.010937500000000044,0.010937500000000044,0.053712480252764615,-0.03358778625954199,0.021538197400794185,0.015435636042493265,2115408.2,1858133.15,-0.6163202366046683,1.1458301575428005,22.631120596315228,166.27603779545888,515500573.0,45.80152671755725,55.285067166703236,0.020733652312599604,0.036363636363636376,-0.014657980456026065,0.015386596225411978,0.00631911532385466,3185.0
2022-11-04,3145.0,3245.0,3135.0,3185.0,1736432,0.006319115323854652,0.0062992334279871505,3120.0,3085.714285714286,3046.190476190476,0.017593770887748154,110.0,-40.0,53.06654023022243,-20.43160009513531,-60.24631913129296,39.81471903615765,3307.1191323504418,2771.8808676495582,0.17609418151040748,0.7718415509423869,3183.3333333333335,3142.0,3102.5,3039.5,1.0136855506047104,1.0478697154137193,102.5,0.006319115323854652,0.006319115323854652,0.03453689167974882,0.012718600953895072,0.021450701923461366,0.014868220480078706,2249546.4,1911554.65,-0.18443101678874452,0.9083873170981537,22.433550559358267,162.25632081006896,517237005.0,42.241379310344826,50.05769451423165,-0.010937500000000044,0.020733652312599604,0.036363636363636376,0.00537175587881807,-0.026687598116169546,3100.0
2022-11-07,3150.0,3155.0,3080.0,3100.0,1017670,-0.026687598116169498,-0.02705017753302606,3125.714285714286,3095.714285714286,3042.3809523809523,0.021578771113330158,75.0,50.0,48.305538538723596,-19.477723928831892,-52.092600090800744,32.61487616196885,3296.588813282101,2774.411186717899,0.17202359629853467,0.6235211865058138,3150.0,3157.0,3106.5,3035.5,0.9819448843839088,1.021248558721792,121.5,-0.026687598116169498,0.026687598116169498,0.024193548387096774,-0.015873015873015872,0.0249546995268591,0.01774544120579452,2344719.0,1928282.25,-0.4139304044154911,0.5277598754020579,21.872183649300514,158.16658360934974,516219335.0,23.636363636363637,37.22642322142189,0.006319115323854652,-0.010937500000000044,0.020733652312599604,-0.010435327597438296,0.00967741935483871,3130.0
2022-11-08,3095.0,3140.0,3060.0,3130.0,724256,0.00967741935483879,0.009630893060961366,3134.285714285714,3101.0714285714284,3040.0,0.021781282934809926,80.0,-35.0,50.01022972295696,-16.11525429507492,-44.89713093165558,28.781876636580662,3305.4842461569065,2777.0157538430935,0.17376686964695862,0.6679381103903141,3138.3333333333335,3156.0,3113.0,3041.25,0.9917617237008872,1.0291820797369502,114.75,0.00967741935483879,0.00967741935483879,0.025559105431309903,0.011308562197092083,0.01867595130335553,0.0179364543141926,2231327.0,1888499.85,-0.28831939626794545,0.38350863517410394,21.541688484004776,152.58325620868192,516943591.0,24.271844660194176,30.0498625356342,-0.026687598116169498,0.006319115323854652,-0.010937500000000044,-0.003563687812492019,-0.011182108626198083,3095.0
2022-11-09,3125.0,3140.0,3070.0,3095.0,577018,-0.011182108626198062,-0.011245098415502402,3144.285714285714,3101.0714285714284,3043.809523809524,0.021345195588556163,70.0,30.0,48.020650611111066,-16.08921393478022,-39.135547532280505,23.046333597500286,3303.287365628679,2803.212634371321,0.16378440391627203,0.5834875217450527,3108.3333333333335,3135.0,3116.5,3053.25,0.9872408293460925,1.0136739539834603,81.75,-0.011182108626198062,0.011182108626198062,0.022617124394184167,-0.0096,0.014791652852029814,0.018413709245596904,1236896.2,1866728.55,-0.20329551981619753,0.3091065382805657,21.303171926522857,146.68445219377608,516366573.0,30.0,25.969402765519263,0.00967741935483879,-0.026687598116169498,0.006319115323854652,-0.009397429129176257,-0.011308562197092083,3060.0
2022-11-10,3060.0,3120.0,3050.0,3060.0,502403,-0.011308562197092087,-0.011372990172270024,3133.5714285714284,3100.714285714286,3053.5714285714284,0.016218663892458636,70.0,0.0,46.0477924558287,-18.67748186976496,-35.0439343997774,16.366452530012438,3210.3444120633035,2941.6555879366965,0.08735007286300617,0.4404515611990592,3095.0,3114.0,3116.5,3076.0,0.9826589595375722,0.9947984395318595,38.0,-0.011308562197092087,0.011308562197092087,0.02287581699346405,0.0,0.014819996555658495,0.018843937539677884,911555.8,1846404.25,-0.12931139063252794,0.2720980522006489,21.153328061052772,141.20699132279208,515864170.0,16.949152542372882,23.740332400855674,-0.011182108626198062,0.00967741935483879,-0.026687598116169498,-0.004271083822817119,0.013071895424836602,3100.0
2022-11-11,3100.0,3110.0,3070.0,3100.0,634779,0.013071895424836555,0.012987195526811112,3119.285714285714,3103.5714285714284,3077.1428571428573,0.014523339927917241,40.0,0.0,48.64454766077416,-17.301595130852547,-31.49546654599243,14.193871415139881,3210.3715257850363,2952.1284742149637,0.0838111323553988,0.5726060193527116,3085.0,3097.0,3119.5,3081.25,1.0009686793671295,1.0060851926977687,15.75,0.013071895424836555,0.013071895424836555,0.012903225806451613,0.0,0.01650742255225685,0.019273802391985548,691225.2,1669902.9,0.26348568778450776,0.38012928775679117,21.400189576783166,134.69220622830696,516498949.0,30.508474576271187,25.819209039548014,-0.011308562197092087,-0.011182108626198062,0.00967741935483879,-0.0031395917994845313,-0.0016129032258064516,3095.0
2022-11-14,3110.0,3165.0,3065.0,3095.0,926918,-0.001612903225806428,-0.0016142053545411135,3109.285714285714,3105.714285714286,3081.904761904762,0.014258094004584575,100.0,15.0,48.33140237026162,-16.425312413689426,-28.48143571953183,12.056123305842405,3199.720130818312,2978.279869181688,0.07168671467679644,0.5270953437087507,3085.0,3096.0,3126.5,3089.0,0.9996770025839793,1.001942376173519,7.0,-0.001612903225806428,0.001612903225806428,0.03231017770597738,-0.00482315112540193,0.011398296811836716,0.01851222108498917,673074.8,1674480.05,0.46022158893095066,0.5535557142051349,21.777163568713252,132.2141914977136,515572031.0,27.586206896551722,25.014611338398584,0.013071895424836555,-0.011308562197092087,-0.011182108626198062,5.014333397934667e-05,0.0016155088852988692,3100.0
2022-11-15,3150.0,3185.0,3100.0,3100.0,850530,0.001615508885298933,0.001614205354541201,3097.1428571428573,3108.5714285714284,3089.5238095238096,0.013842035100886758,85.0,50.0,48.68713415359576,-15.152722679004,-25.815693111426267,10.662970432422266,3188.599874957304,3003.400125042696,0.059819040670093096,0.5215983013035618,3098.3333333333335,3090.0,3123.0,3096.0,1.0032362459546926,1.0012919896640826,-6.0,0.001615508885298933,0.001615508885298933,0.027419354838709678,-0.015873015873015872,0.01013997112366644,0.014195859610515652,698329.6,1688932.05,-0.0824107418347686,0.5035904197566741,21.692772354417077,129.19889210501978,516422561.0,29.310344827586206,29.13500876680303,-0.001612903225806428,0.013071895424836555,-0.011308562197092087,0.004358167028109687,0.012903225806451613,3140.0
2022-11-16,3125.0,3195.0,3095.0,3140.0,1381893,0.012903225806451646,0.012820688429061469,3102.8571428571427,3114.285714285714,3098.095238095238,0.010514422050322186,100.0,-15.0,51.560371291576544,-10.79211564836396,-22.810977618813805,12.018861970449844,3192.7290161120654,3007.7709838879346,0.059659070147288405,0.7149136186301508,3111.6666666666665,3099.0,3117.0,3100.25,1.0132300742174896,1.0128215466494637,-1.25,0.012903225806451646,0.012903225806451646,0.03184713375796178,0.0048,0.010337138293403747,0.01303001312619052,859304.6,1642742.35,0.6247433952946986,0.8412110395765957,22.190942935421962,127.11325695466122,517804454.0,43.10344827586207,33.33333333333332,0.001615508885298933,-0.001612903225806428,0.013071895424836555,0.004301943821981384,-0.01910828025477707,3080.0
2022-11-17,3145.0,3155.0,3080.0,3080.0,552809,-0.019108280254777066,-0.019293202934678896,3095.714285714286,3115.0,3099.285714285714,0.012444729568151278,75.0,65.0,47.28345865339502,-12.039023352012919,-20.65658676545363,8.61756341344071,3192.400626024761,3006.599373975239,0.059945556396038775,0.39504914641370337,3106.6666666666665,3103.0,3108.5,3099.5,0.9925878182404125,0.9937086626875302,3.5,-0.019108280254777066,0.019108280254777066,0.024350649350649352,-0.02066772655007949,0.013212376081373019,0.01389326946412094,869385.8,1258457.7,-0.5999625151875001,0.4392749950991599,21.255452708610537,123.39088145789971,517251645.0,22.413793103448278,31.609195402298838,0.012903225806451646,0.001615508885298933,-0.001612903225806428,-0.001529848521008829,0.00974025974025974,3110.0
2022-11-18,3065.0,3170.0,3055.0,3110.0,826643,0.009740259740259827,0.009693129205659751,3097.8571428571427,3121.0714285714284,3100.0,0.012452835025544225,115.0,-45.0,49.53738034450121,-10.485586101572153,-18.622386632677333,8.13680053110518,3193.3024008711195,3010.1975991288805,0.05903274014418926,0.5450561641284193,3110.0,3105.0,3101.0,3101.75,1.001610305958132,1.0026597888288868,3.25,0.009740259740259827,0.009740259740259827,0.03697749196141479,0.01468189233278956,0.012541933411796885,0.014177372712341861,907758.6,1222425.6,0.49535011188312783,0.6762317477644447,21.667506205593234,122.79153278233544,518078288.0,29.09090909090909,31.5360501567398,-0.019108280254777066,0.012903225806451646,0.001615508885298933,0.0011784017639781357,-0.05787781350482315,2930.0
2022-11-21,3110.0,3120.0,2930.0,2930.0,1023461,-0.05787781350482313,-0.0596203031621668,3079.285714285714,3106.4285714285716,3093.5714285714284,0.02610804047616646,190.0,180.0,38.81429911058902,-23.507986134969542,-19.599506533135777,-3.908479601833765,3213.7704845719127,2976.7295154280873,0.07658217240734201,-0.19713687299233934,3040.0,3072.0,3084.0,3095.25,0.9537760416666666,0.9466117438009853,-23.25,-0.05787781350482313,0.05787781350482313,0.06484641638225255,-0.05787781350482315,0.029252837617367827,0.0216192187778465,927067.2,1222499.3,0.2380931066978127,0.8371873914365431,21.821458281158836,127.5921375835972,517054827.0,0.0,17.16823406478578,0.009740259740259827,-0.019108280254777066,0.012903225806451646,-0.022415278006446788,-0.011945392491467578,2895.0
2022-11-22,2870.0,2920.0,2870.0,2895.0,436688,-0.011945392491467532,-0.012017312004017327,3050.0,3084.6428571428573,3085.714285714286,0.02471863044554444,50.0,-25.0,37.13121454506866,-36.234846718002245,-22.92657457010907,-13.308272147893174,3235.0482414631265,2938.4517585368735,0.0960869791613357,-0.14650126025829358,2978.3333333333335,3031.0,3060.5,3086.75,0.955130320026394,0.937879646877784,-55.75,-0.011945392491467532,0.011945392491467532,0.017271157167530225,0.008710801393728223,0.028461404395748142,0.02101566276746963,844298.8,1196262.1,-0.5733222858516348,0.3650437475198788,20.957714651075793,122.7641277561974,516618139.0,5.882352941176471,11.657754010695177,-0.05787781350482313,0.009740259740259827,-0.019108280254777066,-0.02002764875201028,0.0034542314335060447,2905.0
2022-11-23,2900.0,2940.0,2890.0,2905.0,345006,0.003454231433505983,0.0034482792789159236,3022.8571428571427,3066.0714285714284,3078.095238095238,0.025068731757075288,50.0,-5.0,37.95898462582772,-44.995380260628735,-27.340335708213004,-17.65504455241573,3247.9472044596773,2910.0527955403227,0.1097416073138534,-0.014953770784436476,2910.0,2984.0,3041.5,3079.0,0.9735254691689008,0.9434881455017863,-95.0,0.003454231433505983,0.003454231433505983,0.01721170395869191,0.0017241379310344827,0.026538867544158153,0.021244604666563433,636921.4,1125901.75,-0.20994852159894484,0.306426382230954,20.725505757450392,117.56669005932615,516963145.0,9.333333333333334,5.071895424836592,-0.011945392491467532,-0.05787781350482313,0.009740259740259827,-0.022122991520928226,0.0189328743545611,2960.0
2022-11-24,2920.0,2990.0,2915.0,2960.0,356150,0.018932874354561147,0.018755878032094497,3002.8571428571427,3050.0,3073.3333333333335,0.027043590921419964,75.0,-40.0,42.44734184715473,-46.95881388792168,-31.26403134415474,-15.694782543766937,3251.0399895355285,2896.9600104644715,0.11518541934647271,0.17803884224382432,2920.0,2960.0,3031.5,3074.0,1.0,0.962914769030579,-114.0,0.018932874354561147,0.018932874354561147,0.02533783783783784,0.0136986301369863,0.030305100750890917,0.022535085075931122,597589.6,1123484.85,0.03230088752079685,0.31700471973431593,20.77605181767319,115.24049791223142,517319295.0,27.692307692307693,14.302664655605824,0.003454231433505983,-0.011945392491467532,-0.05787781350482313,0.0034805710988665326,0.005067567567567568,2975.0
2022-11-25,2960.0,2990.0,2950.0,2975.0,221216,0.0050675675675675436,0.005054770661624054,2979.285714285714,3041.0714285714284,3069.285714285714,0.026262017131902043,40.0,-15.0,43.64478763627893,-46.765392212576444,-34.36430351783908,-12.40108869473736,3251.755227034022,2886.744772965978,0.118924966707842,0.2417882174343691,2946.6666666666665,2933.0,3019.0,3069.25,1.0143198090692125,0.9692921723548098,-136.25,0.0050675675675675436,0.0050675675675675436,0.013445378151260505,0.005067567567567568,0.02970513791174643,0.02203411618994195,476504.2,1081258.6,-0.37886845430296223,0.20459120510116635,20.304894198244206,109.86617663278632,517540511.0,32.30769230769231,23.111111111111104,0.018932874354561147,0.003454231433505983,-0.011945392491467532,0.009151557785211558,-0.01680672268907563,2925.0
2022-11-28,2990.0,3005.0,2870.0,2925.0,364947,-0.01680672268907568,-0.01694955831377332,2957.1428571428573,3026.4285714285716,3062.3809523809523,0.026104218400776286,135.0,65.0,40.611569288267894,-50.06951605995482,-37.50534602626223,-12.56417003369259,3257.0486405280826,2871.4513594719174,0.12583740917228203,0.13887193494054445,2953.3333333333335,2932.0,3002.0,3064.25,0.997612551159618,0.9545565799135188,-132.25,-0.01680672268907568,0.01680672268907568,0.046153846153846156,-0.021739130434782608,0.014325565830348268,0.0223812976170216,344801.4,1072415.6,0.6497314841602777,0.3403037031538892,20.788557177144593,111.66144973044445,517175564.0,16.923076923076923,25.64102564102563,0.0050675675675675436,0.018932874354561147,0.003454231433505983,0.0023979064110176695,-0.005128205128205128,2910.0
2022-11-29,2900.0,2960.0,2900.0,2910.0,413794,-0.00512820512820511,-0.005141399500418652,2928.5714285714284,3013.214285714286,3056.904761904762,0.025069133621540823,60.0,-10.0,39.71973619599046,-53.284205500950065,-40.6611179211998,-12.623087579750262,3254.4787438181247,2851.5212561818753,0.13198738540329166,0.14512385453155693,2936.6666666666665,2935.0,2983.0,3053.0,0.9914821124361158,0.953160825417622,-118.0,-0.00512820512820511,0.00512820512820511,0.020618556701030927,0.0034482758620689655,0.013216813008404073,0.02224754165484233,340222.6,1028544.5,0.13384683255376806,0.40231025492820194,20.909031905426126,107.97134617826985,516761770.0,12.307692307692308,20.512820512820504,-0.01680672268907568,0.0050675675675675436,0.018932874354561147,-0.005622453416571083,-0.005154639175257732,2895.0
2022-11-30,2890.0,3020.0,2890.0,2895.0,664561,-0.005154639175257714,-0.005167970158442561,2923.5714285714284,3001.4285714285716,3045.4761904761904,0.011926432056349726,130.0,-5.0,38.802093416049196,-56.392190612829836,-43.80733245952581,-12.584858153304026,3238.550372195092,2836.949627804908,0.1322033559016326,0.14454747160202483,2910.0,2933.0,2958.5,3037.75,0.9870439822707125,0.9530079828820673,-104.75,-0.005154639175257714,0.005154639175257714,0.044905008635578586,0.0017301038062283738,0.01339365665202063,0.021246117077423327,404133.6,784313.95,0.6060189369589699,0.847315032456072,21.377622341793717,109.54482145125058,516097209.0,7.6923076923076925,12.3076923076923,-0.00512820512820511,-0.01680672268907568,0.0050675675675675436,-0.009029855664179501,0.012089810017271158,2930.0
2022-12-01,2915.0,2955.0,2910.0,2930.0,337302,0.012089810017271052,0.012017312004017268,2928.5714285714284,2989.285714285714,3032.6190476190477,0.011926432056349724,45.0,-15.0,42.15991552078113,-55.392552844497914,-46.12437653652023,-9.268176307977683,3222.9130184678215,2829.0869815321785,0.13014740149889065,0.25623754907883906,2911.6666666666665,2927.0,2943.5,3026.0,1.001024940211821,0.9682749504296101,-99.0,0.012089810017271052,0.012089810017271052,0.015358361774744027,0.005145797598627788,0.011039121233492908,0.02170030042940331,400364.0,694723.8,-0.49244388400763817,0.4855195690719103,20.711491653494786,106.00590563330412,516434511.0,18.46153846153846,12.82051282051281,-0.005154639175257714,-0.00512820512820511,-0.01680672268907568,0.0006023219046027428,0.16382252559726962,3410.0
2022-12-02,2940.0,3805.0,2935.0,3410.0,34982692,0.16382252559726962,0.15170986826644947,3000.714285714286,3011.785714285714,3044.285714285714,0.058034701238177,870.0,-470.0,68.05053968244928,-15.687508406694178,-40.03700291055502,24.34949450386084,3290.158866465463,2784.341133534537,0.16653806335695961,1.2369255281742024,3078.3333333333335,3014.0,2973.5,3037.25,1.1313868613138687,1.1227261503004362,-23.25,0.16382252559726962,0.16382252559726962,0.25513196480938416,0.1598639455782313,0.07564667016410852,0.05780683068917651,7352659.2,2357036.8,102.71326585671001,14.841809852099043,25.504831553141404,160.93405523092525,551417203.0,57.75401069518717,27.969285616344433,0.012089810017271052,-0.005154639175257714,-0.00512820512820511,0.056919232146427655,-0.007331378299120235,3385.0
2022-12-05,3395.0,3615.0,3360.0,3385.0,11892191,-0.007331378299120228,-0.0073583849311871,3061.4285714285716,3032.1428571428573,3053.809523809524,0.05917343980478374,255.0,10.0,66.38383223361622,13.60490542243042,-29.30862124395793,42.91352666638835,3347.705831706341,2755.294168293659,0.1941378546330271,1.0629531297186485,3241.6666666666665,3106.0,3019.0,3051.5,1.0898261429491307,1.1092905128625266,54.5,-0.007331378299120228,0.007331378299120228,0.07533234859675036,-0.0029455081001472753,0.07429492375546481,0.05317361944206777,9658108.0,2900762.85,-0.6600550066301358,4.099677090114416,24.418501709559987,167.65305128585916,539525012.0,55.080213903743314,43.76525435348964,0.16382252559726962,0.012089810017271052,-0.005154639175257714,0.05619365243847348,-0.029542097488921712,3285.0
2022-12-06,3405.0,3600.0,3285.0,3285.0,8035322,-0.02954209748892167,-0.029987254427664436,3105.714285714286,3042.5,3062.6190476190477,0.06198184869531906,315.0,120.0,60.048430779475964,28.42255266265738,-17.76238646263487,46.184939125292246,3371.76568381696,2746.73431618304,0.20430869253376485,0.8611818729267703,3360.0,3181.0,3058.0,3059.25,1.0326941213454888,1.073792596224565,121.75,-0.02954209748892167,0.02954209748892167,0.0958904109589041,-0.03524229074889868,0.07802570318215751,0.0544656077618179,11182413.6,3266316.15,-0.3243194630829592,2.4600564155432414,23.99647956198068,178.17783333686924,531489690.0,44.38502673796791,52.40641711229946,-0.007331378299120228,0.16382252559726962,0.012089810017271052,0.04231634993640924,-0.0273972602739726,3195.0
2022-12-07,3215.0,3385.0,3165.0,3195.0,2433421,-0.0273972602739726,-0.027779564107075706,3144.285714285714,3050.714285714286,3065.714285714286,0.06301437975476323,220.0,20.0,54.96426784515687,32.52842952992751,-7.704223264122394,40.2326527940499,3382.3243871950035,2746.1756128049965,0.20760341825569292,0.7055336821569359,3288.3333333333335,3241.0,3087.0,3064.25,0.9858068497377352,1.042669494982459,176.75,-0.0273972602739726,0.0273972602739726,0.06885758998435054,-0.006220839813374806,0.08088310786487188,0.055978351592201624,11536185.6,3359136.3,-0.6971594915549122,0.7244186548786365,22.774151011139054,181.1651309556643,529056269.0,34.75935828877005,44.74153297682708,-0.02954209748892167,-0.007331378299120228,0.16382252559726962,-0.021423578687338168,-0.026604068857589983,3110.0
2022-12-08,3175.0,3225.0,3090.0,3110.0,1545569,-0.026604068857590035,-0.026964361638355413,3172.8571428571427,3050.714285714286,3066.4285714285716,0.06456004528531656,135.0,65.0,50.606304976955286,28.593963491122395,-0.44458591307343553,29.03854940419583,3385.4690645462965,2748.0309354537035,0.20785461126358296,0.5678497222335402,3196.6666666666665,3277.0,3102.0,3066.75,0.9490387549588037,1.0141028776391945,210.25,-0.026604068857590035,0.026604068857590035,0.04340836012861737,-0.02047244094488189,0.08390234931866282,0.05708937790359033,11777839.0,3411294.6,-0.36485754006396753,0.45307403236296273,22.293280690684753,177.86762160168828,527510700.0,25.668449197860962,34.937611408199636,-0.0273972602739726,-0.02954209748892167,-0.007331378299120228,-0.027847808873494768,-0.03536977491961415,3000.0
2022-12-09,3105.0,3130.0,2980.0,3000.0,1463936,-0.03536977491961413,-0.036010437523033054,3187.8571428571427,3055.714285714286,3063.5714285714284,0.06674314670901743,150.0,105.0,45.57074628886566,16.410618720080038,2.926455013557259,13.484163706522779,3381.408946543447,2742.091053456553,0.20880799970177003,0.4034126830052493,3101.6666666666665,3195.0,3104.5,3061.75,0.9389671361502347,0.9798317955417654,133.25,-0.03536977491961413,0.03536977491961413,0.05,-0.033816425120772944,0.010587175877175,0.05859866572128615,5074087.8,3452752.45,-0.05281744134360877,0.42399101041836923,22.20300682457878,175.87707720156772,526046764.0,13.903743315508022,24.777183600713002,-0.026604068857590035,-0.0273972602739726,-0.02954209748892167,-0.02979036801705892,-0.0016666666666666668,2995.0
2022-12-12,3020.0,3025.0,2940.0,2995.0,723244,-0.0016666666666667052,-0.0016680571006970587,3197.1428571428573,3062.8571428571427,3058.5714285714284,0.06670682477074842,85.0,25.0,45.34985381073224,6.2793871334224605,3.5970414375302995,2.682345695892161,3377.346073128269,2736.153926871731,0.2097627042632004,0.40369501504266064,3035.0,3117.0,3111.5,3056.75,0.9608598010907924,0.9797988059213216,60.25,-0.0016666666666667052,0.0016666666666667052,0.028380634390651086,-0.008278145695364239,0.013009801176746636,0.05824589192077391,2840298.4,3442568.75,-0.5059592769082801,0.21008846954763066,21.496201437928555,169.38585740145575,525323520.0,13.368983957219251,17.647058823529402,-0.03536977491961413,-0.026604068857590035,-0.0273972602739726,-0.02121350348129029,-0.00333889816360601,2985.0
2022-12-13,3000.0,3055.0,2960.0,2985.0,782307,-0.0033388981636059967,-0.0033444847228472486,3136.4285714285716,3068.5714285714284,3053.3333333333335,0.014327149879416088,95.0,15.0,44.88128353605032,-2.5274682365616172,2.3721395027119163,-4.8996077392735335,3372.453933836484,2729.546066163516,0.21072037616288686,0.39734143363513375,2993.3333333333335,3057.0,3119.0,3051.0,0.9764474975466143,0.9783677482792527,6.0,-0.0033388981636059967,0.0033388981636059967,0.031825795644891124,-0.005,0.015345538611077741,0.058218255077445345,1389695.4,3439157.6,0.08166400274319585,0.22747052941103948,21.571357551861997,164.07258187278035,524541213.0,12.29946524064171,13.190730837789651,-0.0016666666666667052,-0.03536977491961413,-0.026604068857590035,-0.01345844658329561,0.01507537688442211,3030.0
2022-12-14,3005.0,3040.0,2960.0,3030.0,684236,0.015075376884422065,0.01496287267671232,3085.714285714286,3073.5714285714284,3050.0,0.01905734188823643,80.0,-25.0,47.509590010626646,-5.808879500948024,0.7359357019799282,-6.544815202927952,3364.2954301990426,2726.7045698009574,0.20935506826402403,0.47568973935679937,3003.3333333333335,3024.0,3132.5,3045.5,1.001984126984127,0.9949105237235265,-21.5,0.015075376884422065,0.015075376884422065,0.026402640264026403,0.008319467554076539,0.02037881720533637,0.05821818221637263,1039858.4,3404274.75,-0.12536127121449758,0.20099317776862752,21.452376065321307,158.06739745329605,525225449.0,17.112299465240643,14.260249554367192,-0.0033388981636059967,-0.0016666666666667052,-0.03536977491961413,0.003356604018049788,0.0033003300330033004,3040.0
2022-12-15,3035.0,3105.0,3015.0,3040.0,758045,0.0033003300330032292,0.0032948958968524846,3050.714285714286,3078.214285714286,3045.2380952380954,0.019087545881075762,90.0,-5.0,48.101834576822355,-7.515866907507643,-0.9144248199175861,-6.6014420875900575,3361.885730968292,2725.114269031708,0.20922341446906007,0.49450352252069274,3018.3333333333335,3010.0,3143.5,3043.5,1.0099667774086378,0.9988500082142271,-33.5,0.0033003300330032292,0.0033003300330032292,0.029605263157894735,0.0016474464579901153,0.018750395956954862,0.05818192376101374,882353.6,3414536.55,0.10787067619943991,0.2220052381632875,21.558110824451198,153.20544049234633,525983494.0,18.181818181818183,15.864527629233502,0.015075376884422065,-0.0033388981636059967,-0.0016666666666667052,0.0050122695846064325,-0.019736842105263157,2980.0
2022-12-16,3000.0,3035.0,2965.0,2980.0,664810,-0.019736842105263164,-0.019934214900817253,3020.0,3082.1428571428573,3040.4761904761904,0.01815039636147196,70.0,20.0,44.83326719409773,-13.55392408464104,-3.442324672862277,-10.111599411778762,3354.977159060543,2719.022840939457,0.209402146236775,0.4103709207158065,3016.6666666666665,3006.0,3100.5,3037.0,0.9913506320691949,0.9812314784326638,-31.0,-0.019736842105263164,0.019736842105263164,0.02348993288590604,-0.006666666666666667,0.012584923000586683,0.016729697237680675,722528.4,3406444.9,-0.12299401750555705,0.19516241111077418,21.406935144532387,147.6193376000359,525318684.0,9.836065573770492,15.043394406943099,0.0033003300330032292,0.015075376884422065,-0.0033388981636059967,-0.0004537117292792899,0.008389261744966443,3005.0
2022-12-19,3010.0,3060.0,2980.0,3005.0,787150,0.008389261744966348,0.008354267469857724,3005.0,3088.9285714285716,3035.4761904761904,0.017531482955961672,80.0,5.0,46.46557619874407,-16.13583299453603,-5.9810263371970285,-10.154806657339002,3355.162986875213,2726.337013124787,0.2067996296145444,0.4431480226766384,3008.3333333333335,3008.0,3062.5,3040.75,0.9990026595744681,0.9882430321466743,-32.75,0.008389261744966348,0.008389261744966348,0.026622296173044926,-0.0016611295681063123,0.013290108870573332,0.018036409222538526,735309.6,3394629.35,0.1840225026699358,0.2318809857694773,21.584206953834848,142.78938491431904,526105834.0,12.568306010928962,13.528729922172536,-0.019736842105263164,0.0033003300330032292,0.015075376884422065,-0.002682416775764529,-0.011647254575707155,2970.0
2022-12-20,3005.0,3065.0,2945.0,2970.0,808320,-0.011647254575707144,-0.011715615172562642,3000.714285714286,3094.285714285714,3037.3809523809523,0.011823030807409648,120.0,35.0,44.48124235328756,-20.766834755911987,-8.938188020940022,-11.828646734971965,3353.3331179404913,2735.6668820595087,0.2028793680016366,0.37938469731352564,2985.0,3005.0,3031.0,3044.5,0.9883527454242929,0.975529643619642,-39.5,-0.011647254575707144,0.011647254575707144,0.04040404040404041,-0.011647254575707155,0.014400287200857127,0.01692157374182435,740512.2,3413210.95,0.026894492790446645,0.23682099109637508,21.599030530917496,141.1615717061534,525297514.0,6.70391061452514,9.702760733074856,0.008389261744966348,-0.019736842105263164,0.0033003300330032292,-0.007664944978667987,0.010101010101010102,3000.0
2022-12-21,3005.0,3040.0,2950.0,3000.0,462770,0.010101010101010166,0.010050335853501506,3001.4285714285716,3099.285714285714,3042.3809523809523,0.01258943728089257,90.0,5.0,46.58681291056518,-21.765291010483907,-11.5036086188488,-10.261682391635107,3351.9097012105267,2746.5902987894733,0.198514192808413,0.41863799540702273,2991.6666666666665,2999.0,3011.5,3049.25,1.0003334444814937,0.9838484873329507,-50.25,0.010101010101010166,0.010101010101010166,0.03,-0.0016638935108153079,0.013134846239576432,0.0167673613479621,696219.0,3419099.15,-0.42749158749010296,0.13534851716716084,21.051353017753485,137.50717372714246,525760284.0,7.471264367816092,8.914493664423388,-0.011647254575707144,0.008389261744966348,-0.019736842105263164,0.0022810057567564566,-0.0016666666666666668,2995.0
2022-12-22,3025.0,3030.0,2995.0,2995.0,389932,-0.0016666666666667052,-0.0016680571006970587,3002.8571428571427,3069.6428571428573,3046.6666666666665,0.012525706705201624,35.0,30.0,46.271834915181536,-22.698380201268264,-13.742562935332693,-8.955817265935572,3351.886409761143,2750.113590238857,0.19723789561530194,0.40694162616973084,2988.3333333333335,2990.0,3000.0,3051.0,1.0016722408026757,0.9816453621763356,-61.0,-0.0016666666666667052,0.0016666666666667052,0.011686143572621035,-0.009917355371900827,0.012825636322902989,0.015165132760871804,622596.4,3420788.25,-0.15739568252047453,0.11398893222928955,20.878427155335004,130.18523274663227,525370352.0,8.148148148148149,7.441107710163117,0.010101010101010166,-0.011647254575707144,0.008389261744966348,-0.0010709703804545612,-0.06176961602671119,2810.0
2022-12-23,2960.0,2990.0,2810.0,2810.0,749009,-0.06176961602671116,-0.06375974822175824,2971.4285714285716,3028.5714285714284,3039.5238095238096,0.02573156644973843,180.0,150.0,36.451629559685664,-37.928596744461174,-18.57976969715839,-19.348827047302784,3360.960043177381,2724.539956822619,0.20915950582688755,0.13428244175458462,2935.0,2956.0,2981.0,3042.75,0.9506089309878214,0.9235066962451729,-86.75,-0.06176961602671116,0.06176961602671116,0.06405693950177936,-0.05067567567567568,0.02952021494015847,0.022039268730088903,639436.2,3447177.9,0.9208708185016874,0.21728179447889823,21.467446041251442,134.10057326472997,524621343.0,0.0,5.206470838654738,-0.0016666666666667052,0.010101010101010166,-0.011647254575707144,-0.0177784241974559,0.021352313167259787,2870.0
2022-12-26,2810.0,2915.0,2735.0,2870.0,977117,0.021352313167259718,0.021127546425875277,2947.1428571428573,2998.9285714285716,3034.5238095238096,0.028127162837582667,180.0,-60.0,40.837112398629344,-44.64254307608553,-23.792324372943817,-20.850218703141714,3363.402958681911,2716.597041318089,0.2127651043959941,0.23716999885705028,2891.6666666666665,2929.0,2968.5,3040.0,0.9798566063502901,0.944078947368421,-111.0,0.021352313167259718,0.021352313167259718,0.0627177700348432,0.021352313167259787,0.03213702828871431,0.023714916278663987,677429.6,3477786.4,0.3045464073195383,0.28095946318037246,21.75442898731525,137.3791037458207,525598460.0,20.76923076923077,9.639126305792963,-0.06176961602671116,-0.0016666666666667052,0.010101010101010166,-0.014027989842039382,0.18466898954703834,3400.0
2022-12-27,3135.0,3470.0,2915.0,3400.0,37617899,0.18466898954703836,0.16946340185058598,3007.1428571428573,3013.5714285714284,3057.1428571428573,0.071945344019099,555.0,-265.0,64.28399715581494,-7.114808229625396,-20.45682114428013,13.342012914654735,3419.16663368949,2709.83336631051,0.23146786339663242,0.9729793672862522,3026.6666666666665,3015.0,3010.0,3064.5,1.1276948590381426,1.1094795235764399,-49.5,0.18466898954703836,0.18466898954703836,0.16323529411764706,0.08452950558213716,0.09194597036570404,0.06422201961390003,8039345.4,5337991.65,37.49886861041206,7.047200795078051,25.57452124293646,170.42345347826208,563216359.0,90.47619047619048,37.08180708180708,0.021352313167259718,-0.06176961602671116,-0.0016666666666667052,0.048083895562528976,0.014705882352941176,3450.0
2022-12-28,3450.0,3580.0,3370.0,3450.0,16095917,0.014705882352941124,0.014598799421152631,3070.714285714286,3037.8571428571427,3082.8571428571427,0.07183234122723846,210.0,0.0,65.66639794589568,26.356947655546264,-11.094067384314851,37.45101503986112,3476.676777642276,2707.823222357724,0.24863887308094507,0.9653031745006327,3240.0,3105.0,3052.0,3092.25,1.1111111111111112,1.1156924569488236,12.75,0.014705882352941124,0.014705882352941124,0.06086956521739131,0.0,0.09171286387639935,0.0642219541440013,11165974.8,6109559.45,-0.5721207875006522,2.634546260123551,24.740205705351084,173.25034965838623,579312276.0,84.61538461538461,65.28693528693528,0.18466898954703836,0.021352313167259718,-0.06176961602671116,0.0735757283557464,-0.04927536231884058,3280.0
2022-12-29,3400.0,3400.0,3205.0,3280.0,3884171,-0.049275362318840554,-0.050530808647216,3115.0,3057.8571428571427,3101.190476190476,0.07603912015887387,195.0,120.0,57.51526708071322,38.71964018489098,-1.1313258704736855,39.850966055364665,3494.9427063855633,2724.5572936144367,0.2477322655426084,0.7209932809963258,3376.6666666666665,3162.0,3076.0,3109.75,1.0373181530676787,1.054747166170914,52.25,-0.049275362318840554,0.049275362318840554,0.05945121951219512,-0.03529411764705882,0.09825010108794796,0.06734153584502349,11864822.6,6286902.9,-0.7586859450132601,0.6178194671974335,23.268018835657404,178.3753246827872,575428105.0,64.49704142011835,79.86287217056447,0.014705882352941124,0.18466898954703836,0.021352313167259718,0.050033169860379645,-0.006097560975609756,3260.0
2023-01-02,3385.0,3560.0,3260.0,3260.0,9488737,-0.0060975609756097615,-0.006116227017436094,3152.1428571428573,3076.785714285714,3116.904761904762,0.07643006805638876,300.0,125.0,56.62474097046644,46.368819343951145,8.368703172411282,38.000116171539865,3468.1875126410214,2736.3124873589786,0.23591748739851487,0.7155422641170299,3330.0,3252.0,3104.0,3102.25,1.002460024600246,1.0508501893786768,149.75,-0.0060975609756097615,0.0060975609756097615,0.09202453987730061,-0.03692762186115214,0.08912302614632613,0.06681940669629588,13612768.2,5012205.15,1.4429246292194655,1.8931262220980718,24.155098548661783,187.06280149115955,565939368.0,62.1301775147929,70.41420118343194,-0.049275362318840554,0.014705882352941124,0.18466898954703836,-0.013555680313836397,-0.018404907975460124,3200.0
2023-01-03,3140.0,3240.0,3135.0,3200.0,1985063,-0.018404907975460127,-0.01857638557293542,3181.4285714285716,3092.1428571428573,3106.904761904762,0.07719273918037203,105.0,-60.0,53.92714512359479,47.04702159855469,16.104366857639967,30.942654740914726,3437.5729622529784,2748.4270377470216,0.2228082523459285,0.6552646488865292,3246.6666666666665,3318.0,3123.5,3093.0,0.9644364074743822,1.0345942450695118,225.0,-0.018404907975460127,0.018404907975460127,0.0328125,0.01910828025477707,0.09215199071667673,0.06746431014667024,13814357.4,4516848.75,-0.7907979744828,0.43947962614422276,22.572067298580293,182.629744241791,563954305.0,55.02958579881657,60.552268244575934,-0.0060975609756097615,-0.049275362318840554,0.014705882352941124,-0.02459261042330348,0.028125,3290.0
2023-01-04,3140.0,3420.0,3090.0,3290.0,7650671,0.028124999999999956,0.02773675497159962,3250.0,3110.714285714286,3102.3809523809523,0.07015415015749474,330.0,-150.0,57.219400141292496,54.22171542653723,23.72783657141942,30.49387885511781,3438.416245224107,2748.083754775893,0.22317384319024142,0.7850075908672002,3250.0,3296.0,3155.5,3093.25,0.9981796116504854,1.063606239392225,202.75,0.028124999999999956,0.028124999999999956,0.10030395136778116,0.04777070063694268,0.03008204651621161,0.06733669220619608,7820911.8,4497616.2,2.854119995184032,1.7010502141111996,23.948946758173655,193.15619108166305,571604976.0,65.68047337278107,60.94674556213016,-0.018404907975460127,-0.0060975609756097615,-0.049275362318840554,0.0012075103496433555,-0.030395136778115502,3190.0
2023-01-05,3295.0,3400.0,3155.0,3190.0,2795515,-0.03039513677811545,-0.030866647980527268,3295.714285714286,3121.4285714285716,3097.8571428571427,0.07302118596932541,245.0,105.0,52.712249549322166,51.24779503049467,29.231828263234473,22.0159667672602,3437.863054437254,2748.136945562746,0.222995832161173,0.6406355345287482,3226.6666666666665,3244.0,3174.5,3093.0,0.9833538840937115,1.0313611380536696,151.0,-0.03039513677811545,0.03039513677811545,0.0768025078369906,-0.03186646433990895,0.028992255409863624,0.06867953272799622,5160831.4,4515720.9,-0.6346052522713368,0.6190628388924567,22.911303101091878,196.8593202901157,568809461.0,53.84615384615385,58.18540433925048,0.028124999999999956,-0.018404907975460127,-0.0060975609756097615,-0.006891681584525207,0.03134796238244514,3290.0
2023-01-06,3155.0,3360.0,3150.0,3290.0,2468931,0.03134796238244508,0.030866647980527264,3280.0,3143.5714285714284,3102.3809523809523,0.03073892598170921,210.0,-135.0,56.40994287850307,56.31098793923002,34.647660198433584,21.663327740796433,3457.9479559829274,2746.0520440170726,0.2294957807755818,0.7640835504741839,3256.6666666666665,3246.0,3204.0,3102.0,1.0135551447935922,1.0606060606060606,144.0,0.03134796238244508,0.03134796238244508,0.06382978723404255,0.042789223454833596,0.027700671562378473,0.06894956551980243,4877783.4,4561889.0,-0.11682427030439835,0.5412080390382142,22.817938665282274,197.79794026939317,571278392.0,65.68047337278107,61.73570019723865,-0.03039513677811545,0.028124999999999956,-0.018404907975460127,0.009692608534776529,0.041033434650455926,3425.0
2023-01-09,3540.0,3580.0,3375.0,3425.0,8403399,0.04103343465045595,0.04021390693690811,3276.4285714285716,3173.5714285714284,3117.3809523809523,0.03468977421883642,205.0,115.0,60.8595944814755,70.40538707924497,41.79920557459586,28.606181504649115,3503.4753486940035,2743.0246513059965,0.24348057228464165,0.8968041597390202,3301.6666666666665,3279.0,3265.5,3123.25,1.044525770051845,1.096614103898183,155.75,0.04103343465045595,0.04103343465045595,0.059854014598540145,-0.03248587570621469,0.03234713563008006,0.06433297808625713,4660715.8,4908862.15,2.4036589114884133,1.711883272175406,24.083003575555914,204.38380167872225,579681791.0,81.65680473372781,67.06114398422089,0.03134796238244508,-0.03039513677811545,0.028124999999999956,0.013995420084928526,0.010218978102189781,3460.0
2023-01-10,3450.0,3770.0,3400.0,3460.0,20818766,0.010218978102189746,0.010167117355444242,3302.1428571428573,3208.5714285714284,3139.285714285714,0.026987949889703957,370.0,-10.0,61.94421596642151,83.43768968661607,50.1269023969999,33.310787289616165,3549.868709482375,2743.131290517625,0.25639199712847605,0.8886022795401018,3391.6666666666665,3331.0,3324.5,3146.5,1.0387271089762835,1.099634514539965,184.5,0.010218978102189746,0.010218978102189746,0.1069364161849711,0.002898550724637681,0.02826285346554777,0.06443603327249708,8427456.4,5913638.25,1.4774220526717818,3.520466609536016,25.00038921752746,216.21353013024208,600500557.0,70.04830917874396,72.4618624284176,0.04103343465045595,0.03134796238244508,-0.03039513677811545,0.02753345837836359,0.0,3460.0
2023-01-11,3440.0,3550.0,3380.0,3460.0,3759810,0.0,0.0,3330.714285714286,3241.4285714285716,3161.4285714285716,0.026564337752401888,170.0,-20.0,61.94421596642151,92.69732631989427,58.64098718157878,34.056339138315494,3589.2145758169495,2751.2854241830505,0.2643101180140049,0.8457929580740916,3448.3333333333335,3365.0,3330.5,3170.25,1.0282317979197622,1.091396577556975,194.75,0.0,0.0,0.049132947976878616,0.005813953488372093,0.028060880133987588,0.02879197166424906,7649284.2,6062513.4,-0.8194028406870993,0.6201734745856397,23.288902850303042,212.91256369236766,600500557.0,70.04830917874396,73.9178076970719,0.010218978102189746,0.04103343465045595,0.03134796238244508,0.01708413758421523,-0.02601156069364162,3370.0
2023-01-12,3500.0,3535.0,3370.0,3370.0,2167516,-0.026011560693641633,-0.026355844705362546,3355.0,3268.214285714286,3179.7619047619046,0.028009610819565316,165.0,130.0,57.21583003391546,91.71616041924426,65.25602182911189,26.460138590132374,3609.829484893238,2764.670515106762,0.2651687096357285,0.7162315097314422,3430.0,3401.0,3322.5,3187.25,0.9908850338135843,1.057337830418072,213.75,-0.026011560693641633,0.026011560693641633,0.04896142433234421,-0.037142857142857144,0.026490599860793558,0.02968063833144395,7523684.4,6136677.4,-0.4235038472688779,0.3532067695134178,22.711760392869138,209.4902377143414,598333041.0,61.35265700483092,67.14975845410625,0.0,0.010218978102189746,0.04103343465045595,-0.005264194197150629,0.040059347181008904,3505.0
2023-01-13,3490.0,3635.0,3425.0,3505.0,9787257,0.0400593471810089,0.03927777612228305,3385.714285714286,3317.8571428571427,3202.3809523809523,0.029695500316541626,210.0,-15.0,61.912312485859516,100.6714730564072,72.33911207457095,28.332360981836246,3649.804474200564,2771.195525799436,0.27366732546367484,0.8351889376222769,3445.0,3444.0,3345.0,3210.5,1.017711962833914,1.091730260084099,233.5,0.0400593471810089,0.0400593471810089,0.05991440798858773,0.004297994269340974,0.028357977955051693,0.027192235667848803,8987349.6,6588138.0,3.515425491668804,1.48558773359028,24.25853759088462,213.45522073474558,608120298.0,74.39613526570048,68.5990338164251,-0.026011560693641633,0.0,0.010218978102189746,0.004682595495789088,-0.005706134094151213,3485.0
2023-01-16,3545.0,3560.0,3455.0,3485.0,1697777,-0.005706134094151216,-0.0057224762740662105,3427.8571428571427,3361.785714285714,3223.5714285714284,0.025251545135938254,105.0,60.0,60.84668014770098,104.94504879143369,78.86029941794351,26.084749373490183,3677.317483070556,2794.182516929444,0.2729305311415011,0.782233191478202,3453.3333333333335,3456.0,3367.5,3235.75,1.0083912037037037,1.0770300548559066,220.25,-0.005706134094151216,0.005706134094151216,0.03012912482065997,-0.01692524682651622,0.024235514566250022,0.027171580918109936,7646225.2,6639786.35,-0.8265318873306382,0.2556975346051609,22.501053629614777,205.70841925369234,606422521.0,66.66666666666667,67.47181964573267,0.0400593471810089,-0.026011560693641633,0.0,0.0027805507977386825,0.0028694404591104736,3495.0
2023-01-17,3530.0,3715.0,3480.0,3495.0,8810035,0.0028694404591105283,0.002865331473286427,3457.1428571428573,3368.5714285714284,3248.095238095238,0.02407247083762736,235.0,35.0,61.20622009538775,107.89505771441554,84.66725107723792,23.227806637177622,3702.284471149268,2818.215528850732,0.2711659971776815,0.765533589936619,3495.0,3463.0,3397.0,3260.25,1.0092405428818942,1.072003680699333,202.75,0.0028694404591105283,0.0028694404591105283,0.06723891273247497,-0.009915014164305949,0.023963558378023258,0.025755063562848103,5244479.0,7040930.6,4.189159118070276,1.2512600252017823,24.150490625363087,207.80067502128574,615232556.0,59.55882352941177,66.87387515392629,-0.005706134094151216,0.0400593471810089,-0.026011560693641633,0.012407551181989404,0.020028612303290415,3565.0
2023-01-18,3515.0,3570.0,3460.0,3565.0,1744603,0.02002861230329045,0.019830678180485714,3477.1428571428573,3376.785714285714,3274.7619047619046,0.0205980175670363,110.0,-50.0,63.71784270451802,114.56079054336806,90.64595897046395,23.914831572904106,3729.868401372863,2850.131598627137,0.26739720448198356,0.8125934928966299,3515.0,3484.0,3424.5,3290.0,1.0232491389207807,1.0835866261398177,194.0,0.02002861230329045,0.02002861230329045,0.030855539971949508,0.01422475106685633,0.025140145764742258,0.0252140063591378,4841437.6,7087744.75,-0.8019754745582737,0.24614359878013384,22.55095691358084,200.81491251976533,616977159.0,69.8529411764706,65.35947712418299,0.0028694404591105283,-0.005706134094151216,0.0400593471810089,0.005730639556083254,-0.04628330995792426,3400.0
2023-01-19,3500.0,3515.0,3395.0,3400.0,1383865,-0.04628330995792429,-0.04738862224414358,3468.5714285714284,3385.3571428571427,3295.2380952380954,0.028500153881965706,120.0,100.0,54.72408145405123,105.31530155701057,93.57982748777327,11.735474069237299,3730.288121725038,2889.711878274962,0.25395052672207724,0.6070694070898345,3486.6666666666665,3490.0,3445.5,3310.0,0.9742120343839542,1.027190332326284,180.0,-0.04628330995792429,0.04628330995792429,0.03529411764705882,-0.02857142857142857,0.032267537214619314,0.028244782466090673,4684707.4,7133799.5,-0.20677369006014545,0.19398708920821225,22.271921577866276,198.6138473397821,615593294.0,45.588235294117645,58.33333333333332,0.02002861230329045,0.0028694404591105283,-0.005706134094151216,-0.007795085731841104,0.0,3400.0
2023-01-20,3360.0,3435.0,3320.0,3400.0,1002775,0.0,0.0,3460.0,3395.3571428571427,3314.285714285714,0.028500153881965706,115.0,-40.0,54.72408145405123,96.87151045308883,94.23816408083638,2.633346372252447,3724.878072733651,2935.621927266349,0.23699606500031598,0.5883743514707794,3455.0,3469.0,3456.5,3330.25,0.9801095416546555,1.0209443735455297,138.75,0.0,0.0,0.033823529411764704,0.011904761904761904,0.024570418885683586,0.026920662918907667,2927811.0,7164441.65,-0.27538090781976565,0.1399655477688202,21.949812425657615,192.64142967265482,615593294.0,45.588235294117645,53.676470588235276,-0.04628330995792429,0.02002861230329045,0.0028694404591105283,-0.008751565884877946,0.007352941176470588,3425.0
2023-01-25,3410.0,3470.0,3375.0,3425.0,30058,0.007352941176470562,0.007326040092072881,3467.8571428571427,3411.4285714285716,3334.7619047619046,0.02657965846450842,95.0,-15.0,55.819884662272834,91.14635775966781,93.61980281660267,-2.473445056934864,3671.900220920512,3050.099779079488,0.18500459441863246,0.6029269130309864,3408.3333333333335,3457.0,3456.5,3361.0,0.9907434191495517,1.0190419518000595,96.0,0.007352941176470562,0.007352941176470562,0.027737226277372264,0.004398826979472141,0.02526946028590076,0.02362505814826887,2594267.2,7128494.1,-0.9700251801251527,0.004216598846592298,18.449740887903946,185.66704183889377,615623352.0,49.26470588235294,46.813725490196056,0.0,-0.04628330995792429,0.02002861230329045,-0.012976789593817909,0.016058394160583942,3480.0
2023-01-26,3445.0,3540.0,3425.0,3480.0,30923,0.016058394160583855,0.015930822072194272,3464.285714285714,3425.0,3366.6666666666665,0.02228615452044343,115.0,-35.0,58.21586932082043,90.00959872340127,92.89776199796239,-2.8881632745611228,3603.560070933244,3179.439929066756,0.12505385282809606,0.7086672884964271,3435.0,3454.0,3458.5,3391.5,1.007527504342791,1.02609464838567,62.5,0.016058394160583855,0.016058394160583855,0.033045977011494254,0.010159651669085631,0.02670959994348616,0.02396843342612744,838444.8,7081184.4,0.028777696453523127,0.00436692483251813,18.494043104635498,180.6193959932585,615654275.0,53.225806451612904,49.359582542694476,0.007352941176470562,0.0,-0.04628330995792429,0.007803778445684806,-0.011494252873563218,3440.0
2023-01-27,3510.0,3510.0,3430.0,3440.0,37721,-0.011494252873563204,-0.011560822401075971,3457.8571428571427,3442.8571428571427,3393.809523809524,0.02259842133255479,80.0,70.0,55.843869371750976,84.90234194315462,91.29867798700084,-6.396336043846219,3606.6493175662295,3180.3506824337705,0.1256221114284541,0.6090784632363451,3448.3333333333335,3429.0,3456.5,3393.5,1.0032079323417906,1.0137026668631206,35.5,-0.011494252873563204,0.011494252873563204,0.023255813953488372,-0.019943019943019943,0.024238362559711946,0.024286517600609524,497068.4,5202175.5,0.21983636775215865,0.007251004892087935,18.681199005604622,173.43229627945433,615616554.0,46.774193548387096,49.75490196078429,0.016058394160583855,0.007352941176470562,0.0,0.003972360821163738,-0.010174418604651164,3405.0
2023-01-30,3470.0,3480.0,3405.0,3405.0,15842,-0.01017441860465118,-0.010226531783831313,3445.0,3451.0714285714284,3394.0476190476193,0.022684077888539156,75.0,65.0,53.77906334713441,77.14135908748312,88.4672142070973,-11.325855119614175,3602.8323841040647,3179.6676158959353,0.12478135442923091,0.5324932532975836,3441.6666666666665,3430.0,3460.0,3391.25,0.9927113702623906,1.0040545521562845,38.75,-0.01017441860465118,0.01017441860465118,0.022026431718061675,-0.018731988472622477,0.01169366318311338,0.02290136693507926,223463.8,4398171.75,-0.5800217385541211,0.0036019511971082077,17.803420157146263,166.40141797377905,615600712.0,18.88888888888889,39.62962962962961,-0.011494252873563204,0.016058394160583855,0.007352941176470562,-0.0018700924392101765,0.002936857562408223,3415.0
2023-01-31,3390.0,3435.0,3360.0,3415.0,14785,0.002936857562408246,0.00293255342127772,3423.5714285714284,3450.3571428571427,3392.3809523809523,0.020558859147582483,75.0,-25.0,54.298994867693814,70.97943395454968,84.96965815658778,-13.990224202038107,3603.1546271782177,3192.8453728217823,0.12075022200012811,0.5414321632268916,3420.0,3433.0,3451.0,3398.0,0.9947567725021846,1.0050029429075926,35.0,0.002936857562408246,0.002936857562408246,0.021961932650073207,0.007374631268436578,0.011745424196478357,0.018501319321201574,25865.8,4204702.45,-0.06672137356394392,0.0035163011356487304,17.737301224097067,159.87274526136628,615615497.0,21.11111111111111,28.924731182795682,-0.01017441860465118,-0.011494252873563204,0.016058394160583855,-0.00624393797193538,0.03806734992679356,3545.0
2023-02-01,3450.0,3570.0,3430.0,3545.0,60332,0.038067349926793614,0.03736066696133749,3444.285714285714,3456.4285714285716,3405.0,0.016837235742619545,140.0,-95.0,60.51693207174651,75.71320276544748,83.11836707835973,-7.405164312912248,3616.6354717259364,3207.8645282740636,0.1197951332557324,0.8247540025203124,3455.0,3457.0,3457.0,3412.25,1.025455597338733,1.0389039490072534,44.75,0.038067349926793614,0.038067349926793614,0.039492242595204514,0.02753623188405797,0.020619837961739447,0.022408726580316164,31920.6,3733282.2,3.080622252282719,0.016160578485066034,19.18091136552996,159.52469202841155,615675829.0,56.962025316455694,32.320675105485215,0.002936857562408246,-0.01017441860465118,-0.011494252873563204,0.010276596294850227,0.0028208744710860366,3555.0
2023-02-02,3540.0,3560.0,3450.0,3555.0,27466,0.0028208744710860323,0.0028169032711133734,3466.4285714285716,3463.214285714286,3419.0476190476193,0.01670401423451776,110.0,-15.0,60.95698534389091,79.35688826953583,82.36607131659494,-3.0091830470591105,3617.7568416302033,3242.2431583697967,0.10947920794764042,0.8328773506059339,3505.0,3472.0,3463.0,3430.0,1.023905529953917,1.0364431486880465,42.0,0.0028208744710860323,0.0028208744710860323,0.030942334739803096,0.00423728813559322,0.020019746086966876,0.02240850710014255,31229.2,3635402.35,-0.5447523702181264,0.00755514723150245,18.3968145075691,155.98721402638216,615703295.0,59.49367088607595,45.8556024378809,0.038067349926793614,0.002936857562408246,-0.01017441860465118,0.014608360653429298,0.0,3555.0
2023-02-03,3695.0,3695.0,3555.0,3555.0,63781,0.0,0.0,3485.0,3476.4285714285716,3435.9523809523807,0.016862771953961634,140.0,140.0,60.95698534389091,81.3072756215197,82.1543121775799,-0.8470365560602033,3626.761795117835,3259.738204882165,0.1065921992988223,0.8044763415023108,3551.6666666666665,3495.0,3462.0,3443.25,1.0171673819742488,1.0324548028751905,51.75,0.0,0.0,0.03938115330520394,-0.037889039242219216,0.01832178321466169,0.021487395744832646,36441.2,3256057.85,1.322180150003641,0.0195884111825593,19.23932096598499,154.84527016735487,615703295.0,59.49367088607595,58.64978902953584,0.0028208744710860323,0.038067349926793614,0.002936857562408246,0.01362940813262655,0.012658227848101266,3600.0
2023-02-06,3540.0,3665.0,3510.0,3600.0,18346,0.012658227848101333,0.012578782206860185,3502.1428571428573,3483.214285714286,3450.714285714286,0.016556100041736257,155.0,-60.0,63.1031616582332,85.49852183037865,82.82315410813965,2.6753677222390024,3617.3000946888315,3310.1999053111685,0.08866118783909431,0.9436662845311492,3570.0,3534.0,3482.0,3463.75,1.0186757215619695,1.0393359797906894,70.25,0.012658227848101333,0.012658227848101333,0.043055555555555555,0.01694915254237288,0.0157151477120388,0.01427696021529718,36942.0,3117199.4,-0.7123594800959534,0.005885411116144832,18.005855985654858,154.8563222982581,615721641.0,70.88607594936708,63.29113924050631,0.0,0.0028208744710860323,0.038067349926793614,0.005159700773062455,-0.029166666666666667,3495.0
2023-02-07,3580.0,3620.0,3495.0,3495.0,25775,-0.029166666666666674,-0.029600469776290744,3510.0,3483.9285714285716,3465.2380952380954,0.020475216385600025,125.0,85.0,55.44466873292536,79.43185123241483,82.14489353299469,-2.7130423005798576,3604.3275226415985,3343.6724773584015,0.07503023755993007,0.5805662517569298,3550.0,3550.0,3491.5,3474.0,0.9845070422535211,1.0060449050086355,76.0,-0.029166666666666674,0.029166666666666674,0.0357653791130186,-0.023743016759776536,0.024233916578582548,0.01807318716884658,39140.0,2995041.6,0.40493840619208554,0.00860589048245607,18.316248974653867,152.7237278483825,615695866.0,44.30379746835443,58.2278481012658,0.012658227848101333,0.0,0.0028208744710860323,-0.00550281293952178,-0.01430615164520744,3445.0
2023-02-08,3510.0,3545.0,3440.0,3445.0,31424,-0.014306151645207432,-0.01440947122015168,3515.714285714286,3480.3571428571427,3472.6190476190477,0.020955966624448465,105.0,65.0,52.19607479412808,69.78495146213027,79.6729051188218,-9.887953656691536,3604.0450757640483,3345.9549242359517,0.07427054720232996,0.3837615467991459,3513.3333333333335,3530.0,3493.5,3475.0,0.9759206798866855,0.9913669064748202,55.0,-0.014306151645207432,0.014306151645207432,0.030478955007256895,-0.018518518518518517,0.016331096544325633,0.01876559824151761,33358.4,2576442.85,0.21916585838991276,0.012196660989394738,18.500006403839343,149.3148901449266,615664442.0,33.333333333333336,49.50773558368493,-0.029166666666666674,0.012658227848101333,0.0,-0.010271530154590924,-0.033381712626995644,3330.0
2023-02-09,3445.0,3445.0,3330.0,3330.0,30321,-0.03338171262699563,-0.033951600473269415,3503.5714285714284,3463.5714285714284,3468.095238095238,0.024858783234150698,115.0,115.0,45.58103663186638,52.25777983057333,74.1898800611721,-21.932100230598778,3612.9080475961364,3324.0919524038636,0.08326829903193679,0.020456088474581847,3423.3333333333335,3485.0,3478.5,3468.5,0.9555236728837877,0.9600691941761569,16.5,-0.03338171262699563,0.03338171262699563,0.03453453453453453,-0.033381712626995644,0.019401654719388723,0.020694972204988886,33929.4,1537020.6,-0.03510056008146645,0.019727126624067365,18.4303234136213,146.86382656314615,615634121.0,2.6666666666666665,26.767932489451457,-0.014306151645207432,-0.029166666666666674,0.012658227848101333,-0.025618176979623247,0.015015015015015015,3380.0
2023-02-10,3320.0,3400.0,3265.0,3380.0,47203,0.01501501501501501,0.014903405502574948,3480.0,3462.1428571428573,3464.285714285714,0.01958006709272662,135.0,-60.0,48.62939510135928,41.918739038548665,67.73565185664742,-25.816912818098757,3614.233095873964,3314.766904126036,0.0864385024528584,0.21783125331514266,3385.0,3450.0,3472.5,3464.5,0.9797101449275363,0.975609756097561,-14.5,0.01501501501501501,0.01501501501501501,0.03994082840236687,0.018072289156626505,0.022757530325416202,0.02134500962885294,30613.8,1351390.25,0.5567758319316645,0.03492921456255882,18.887843723620716,146.0164103800643,615681324.0,26.74418604651163,20.914728682170523,-0.03338171262699563,-0.014306151645207432,-0.029166666666666674,-0.010890949752396017,-0.01775147928994083,3320.0
2023-02-13,3370.0,3400.0,3285.0,3320.0,22600,-0.017751479289940808,-0.01791092656653022,3446.4285714285716,3456.4285714285716,3457.6190476190477,0.01944862727278549,115.0,50.0,45.34672226080833,28.55431973951454,59.89938543322085,-31.34506569370631,3619.8273540429927,3304.1726459570073,0.09117698096071215,0.05014135267921082,3343.3333333333335,3394.0,3464.0,3462.0,0.9781968179139658,0.9589832466782207,-68.0,-0.017751479289940808,0.017751479289940808,0.03463855421686747,-0.01483679525222552,0.018995522803474416,0.021814380235373625,31464.6,1244144.45,-0.5212168718089951,0.01816509328960958,18.13342526049856,143.800952495774,615658724.0,12.790697674418604,14.067183462532283,0.01501501501501501,-0.03338171262699563,-0.014306151645207432,-0.012039392300640476,0.024096385542168676,3400.0
2023-02-14,3335.0,3455.0,3310.0,3400.0,9515,0.024096385542168752,0.023810648693718607,3424.285714285714,3454.6428571428573,3459.0476190476193,0.02316862520458796,145.0,-65.0,50.17608679965442,24.139981887114573,52.7475047239996,-28.607522836885025,3615.5373453793886,3297.9626546206114,0.09187088761373464,0.32130188062402604,3366.6666666666665,3375.0,3462.5,3456.75,1.0074074074074073,0.9835828451580242,-81.75,0.024096385542168752,0.024096385542168752,0.04264705882352941,0.019490254872563718,0.02398736170002684,0.02335197424459038,28212.6,755257.35,-0.5789823008849557,0.012598354719752148,17.292155521245448,143.88659874607586,615668239.0,31.3953488372093,23.64341085271316,-0.017751479289940808,0.01501501501501501,-0.03338171262699563,0.007119973755747651,-0.03529411764705882,3280.0
2023-02-15,3385.0,3415.0,3275.0,3280.0,11188,-0.03529411764705881,-0.03593200922606333,3378.5714285714284,3440.3571428571427,3448.3333333333335,0.023803100792904305,140.0,105.0,43.90852573880671,10.833705998344158,44.364744978868515,-33.53103898052436,3623.0785943992128,3269.9214056007872,0.10246835595486016,0.028538550874481573,3333.3333333333335,3342.0,3436.0,3446.5,0.9814482345900658,0.9516901204120122,-104.5,-0.03529411764705881,0.03529411764705881,0.042682926829268296,-0.0310192023633678,0.02753840916995174,0.021441417578795675,24165.4,670927.9,0.17582764056752498,0.01667541325975563,17.41819578295049,143.60898454992758,615657051.0,3.488372093023256,15.891472868217036,0.024096385542168752,-0.017751479289940808,0.01501501501501501,-0.009649737131610289,0.013719512195121951,3325.0
2023-02-16,3310.0,3345.0,3300.0,3325.0,6569,0.013719512195121908,0.013626251711765056,3354.285714285714,3432.1428571428573,3440.714285714286,0.02446694860696255,45.0,-15.0,46.60217652790171,3.874843623970264,36.26676470788886,-32.3919210839186,3620.9984181697573,3255.0015818302427,0.10645632237914911,0.19125416183877536,3335.0,3341.0,3413.0,3438.0,0.9952110146662676,0.967132053519488,-97.0,0.013719512195121908,0.013719512195121908,0.013533834586466165,0.004531722054380665,0.025273959061531338,0.022286402445740552,19415.0,230754.6,-0.4128530568466213,0.02846747150436004,16.899341891765935,137.9940570820756,615663620.0,13.953488372093023,16.27906976744184,-0.03529411764705881,0.024096385542168752,-0.017751479289940808,0.000840593363410617,0.015037593984962405,3375.0
2023-02-17,3265.0,3405.0,3265.0,3375.0,41040,0.015037593984962516,0.014925650216675792,3344.285714285714,3430.0,3435.0,0.025501394668195673,140.0,-110.0,49.503826870387336,2.3671896996147552,29.486849706234043,-27.119660006619288,3603.2810660587506,3253.7189339412494,0.10195774598731261,0.3469513855064353,3326.6666666666665,3340.0,3395.0,3428.5,1.0104790419161678,0.984395508239755,-88.5,0.015037593984962516,0.015037593984962516,0.04148148148148148,0.033690658499234305,0.025277323931284873,0.023255554104333668,18182.4,145576.45,5.2475262597046735,0.28191372986496094,18.746453090370977,138.13733871907021,615704660.0,25.58139534883721,14.341085271317809,0.013719512195121908,-0.03529411764705881,0.024096385542168752,-0.002179003822324795,0.013333333333333334,3420.0
2023-02-20,3470.0,3515.0,3415.0,3420.0,17081,0.01333333333333342,0.013245226750020723,3357.1428571428573,3430.3571428571427,3428.095238095238,0.0219212816035042,100.0,50.0,52.030305713035645,4.7487464289702075,24.539229050781277,-19.79048262181107,3603.8227496703553,3255.1772503296447,0.10166073752462766,0.47275169185328786,3373.3333333333335,3360.0,3377.0,3429.5,1.0178571428571428,0.997229916897507,-69.5,0.01333333333333342,0.01333333333333342,0.029239766081871343,-0.01440922190201729,0.02359857351611499,0.02331321773111415,17078.6,77237.25,-0.5837962962962964,0.2211497690557341,17.88311786081301,138.27038595342233,615721741.0,36.04651162790697,25.193798449612384,0.015037593984962516,0.013719512195121908,-0.03529411764705881,0.014030146504472615,0.013157894736842105,3465.0
2023-02-21,3445.0,3475.0,3415.0,3465.0,16946,0.013157894736842035,0.0130720815673527,3369.285714285714,3424.6428571428573,3431.190476190476,0.021777274118534435,60.0,-20.0,54.48285046015282,10.150265274716276,21.66143629556828,-11.511171020852004,3607.180652786661,3258.319347213339,0.10162735578568849,0.5924436143670334,3420.0,3373.0,3374.0,3432.75,1.0272754224725764,1.0093948000873936,-59.75,0.013157894736842035,0.013157894736842035,0.017316017316017316,0.005805515239477504,0.02197329520035172,0.022228811941458135,18564.8,27945.8,-0.00790351852936011,0.6063880797830086,17.888255025413,132.67964409960646,615738687.0,46.51162790697674,36.04651162790696,0.01333333333333342,0.015037593984962516,0.013719512195121908,0.01384294068504599,-0.023088023088023088,3385.0
2023-02-22,3420.0,3475.0,3380.0,3385.0,42882,-0.023088023088023046,-0.023358726277628195,3378.5714285714284,3412.5,3430.4761904761904,0.022747696022060324,95.0,35.0,49.62532067816383,7.884785563836886,18.906106149222,-11.021320585385116,3606.467326827408,3255.032673172592,0.10243668400635908,0.3698193262269001,3423.3333333333335,3394.0,3368.0,3430.75,0.997348261638185,0.9866647234569701,-36.75,-0.023088023088023046,0.023088023088023046,0.028064992614475627,-0.01023391812865497,0.0165186402793554,0.022989284417836497,24903.6,28587.0,1.5305086746134782,1.5000524714030854,18.79331662868357,129.9882409496346,615695805.0,27.906976744186046,36.82170542635657,0.013157894736842035,0.01333333333333342,0.015037593984962516,0.0011344016607174694,0.0014771048744460858,3390.0
2023-02-23,3375.0,3420.0,3310.0,3390.0,7203,0.001477104874446189,0.0014760150281206794,3377.1428571428573,3400.714285714286,3428.809523809524,0.02078638851922784,110.0,-15.0,49.925813604571005,6.418842365127148,16.408653392403032,-9.989811027275884,3601.265036947962,3251.234963052038,0.10216127658399826,0.39643747008213254,3413.3333333333335,3407.0,3374.0,3426.25,0.9950102729674201,0.9894199197373221,-19.25,0.001477104874446189,0.001477104874446189,0.032448377581120944,0.0044444444444444444,0.01606962409932968,0.020079163914129672,25030.4,27401.0,-0.8320274240940255,0.26287361775117696,17.010838126216967,128.56050945323213,615703008.0,31.25,35.22286821705424,-0.023088023088023046,0.013157894736842035,0.01333333333333342,-0.0028176744922449406,-0.017699115044247787,3330.0
2023-02-24,3425.0,3425.0,3315.0,3330.0,11964,-0.017699115044247815,-0.01785761740000646,3384.285714285714,3381.4285714285716,3421.6666666666665,0.016272526700865934,110.0,95.0,46.35257701658616,0.4108373819199187,13.209090190306409,-12.79825280838649,3600.7872768418624,3240.7127231581376,0.10526187347328067,0.24796886069402396,3368.3333333333335,3398.0,3369.0,3420.75,0.9799882283696292,0.9734707301030476,-22.75,-0.017699115044247815,0.017699115044247815,0.03303303303303303,-0.027737226277372264,0.01707733103172538,0.020380428292298084,19215.2,26113.15,0.6609745939192004,0.4581599692109148,17.500385027824652,127.23475877800126,615691044.0,18.309859154929576,25.822278633038522,0.001477104874446189,-0.023088023088023046,0.013157894736842035,-0.01310334441927489,-0.03003003003003003,3230.0
2023-02-27,3300.0,3315.0,3205.0,3230.0,574774,-0.03003003003003002,-0.030490166757787276,3370.714285714286,3362.5,3411.6666666666665,0.01934512966669387,110.0,70.0,41.07593628225298,-12.278178914118598,8.111636369421408,-20.389815283540006,3611.24594693098,3212.75405306902,0.11679129362894498,0.043278037010595356,3316.6666666666665,3360.0,3360.0,3412.0,0.9613095238095238,0.9466588511137163,-52.0,-0.03003003003003002,0.03003003003003002,0.034055727554179564,-0.021212121212121213,0.017973195369522844,0.021801929316979256,130753.8,54059.75,47.04195921096623,10.632198632069146,21.34196961579474,127.07513315100118,615116270.0,7.352941176470588,18.970933443800035,-0.017699115044247815,0.001477104874446189,-0.023088023088023046,-0.015417346733277215,-0.009287925696594427,3200.0
2023-02-28,3250.0,3280.0,3190.0,3200.0,404077,-0.009287925696594423,-0.009331327428884305,3345.714285714286,3345.0,3401.904761904762,0.01743915899053865,90.0,50.0,39.61883001578221,-24.472956024529594,1.594717890631208,-26.067673915160803,3621.86815070627,3180.63184929373,0.12972768876517174,0.04389518868748207,3253.3333333333335,3307.0,3340.0,3401.25,0.9676443906864227,0.9408305769937523,-94.25,-0.009287925696594423,0.009287925696594423,0.028125,-0.015384615384615385,0.012248402541504572,0.019729395420637175,208180.0,73524.35,-0.2969810743005077,5.495825532629666,20.980266822403138,124.4269093545011,614712193.0,3.076923076923077,9.579907802774395,-0.03003003003003002,-0.017699115044247815,0.001477104874446189,-0.01900569025695742,0.0140625,3245.0
2023-03-02,3210.0,3305.0,3210.0,3245.0,456956,0.014062500000000089,0.013964540350372541,3320.714285714286,3338.9285714285716,3393.809523809524,0.01758402093085907,95.0,-35.0,42.8913448933852,-30.158630899928085,-4.7559518674806505,-25.402679032447434,3606.5100138114326,3165.9899861885674,0.13009081657375127,0.1793562354878314,3225.0,3279.0,3336.5,3386.25,0.9896309850564197,0.9582871908453304,-107.25,0.014062500000000089,0.014062500000000089,0.029275808936825885,0.010903426791277258,0.017008723131982553,0.017609658896472043,290994.8,93355.55,0.1308636720229066,4.894792007545346,21.11721301496617,123.03927297203674,615169149.0,16.923076923076923,9.11764705882351,-0.009287925696594423,-0.03003003003003002,-0.017699115044247815,-0.008418485242208118,0.004622496147919877,3260.0
2023-03-03,3255.0,3290.0,3240.0,3260.0,284067,0.0046224961479199855,0.004611845222563067,3291.4285714285716,3330.3571428571427,3380.2380952380954,0.0161678023953383,50.0,-5.0,43.981221101672226,-33.07295017951492,-10.419351529887505,-22.653598649627412,3583.5352502967917,3159.4647497032083,0.12578095820660934,0.23707202023264923,3235.0,3253.0,3330.0,3371.5,1.002151859821703,0.9669286667655347,-118.5,0.0046224961479199855,0.0046224961479199855,0.015337423312883436,0.0015360983102918587,0.01751127300203427,0.016992861254374398,346367.6,106185.6,-0.37834933779182245,2.675193246541904,20.646447880253216,117.8221820454627,615453216.0,21.53846153846154,13.846153846153827,0.014062500000000089,-0.009287925696594423,-0.03003003003003002,0.0031323568171085503,0.007668711656441718,3285.0
2023-03-06,3265.0,3315.0,3240.0,3285.0,494317,0.0076687116564417845,0.007639456557957626,3277.1428571428573,3327.8571428571427,3367.3809523809523,0.0157266952245237,75.0,-20.0,45.836525558183006,-32.98504704894049,-14.932490633698102,-18.052556415242385,3554.6669640200007,3161.3330359799993,0.1171333913162601,0.3144070602712512,3263.3333333333335,3244.0,3321.0,3358.0,1.0126387176325524,0.9782608695652174,-114.0,0.0076687116564417845,0.0076687116564417845,0.0228310502283105,0.006125574272588055,0.017552666733784073,0.01632628247096824,442838.2,127712.4,0.740142290375158,3.8705482004879714,21.208054222307787,114.76345475650108,615947533.0,29.23076923076923,22.564102564102544,0.0046224961479199855,0.014062500000000089,-0.009287925696594423,0.00878456926812062,0.0076103500761035,3310.0
2023-03-07,3280.0,3325.0,3265.0,3310.0,481386,0.007610350076103556,0.007581537452397753,3265.714285714286,3321.4285714285716,3355.714285714286,0.01625966491033823,60.0,-30.0,47.70184244706091,-30.545977108473835,-18.05518792865325,-12.490789179820585,3504.5851360387846,3182.4148639612154,0.09635719218710014,0.39601771825820675,3285.0,3260.0,3310.0,3343.5,1.0153374233128833,0.9899805592941529,-83.5,0.007610350076103556,0.007610350076103556,0.01812688821752266,0.009146341463414634,0.008665033287188047,0.015798314588059918,424160.6,150864.4,-0.026159326909655167,3.190852182489706,21.189128191062306,110.85177941675101,616428919.0,36.92307692307692,29.230769230769212,0.0076687116564417845,0.0046224961479199855,0.014062500000000089,0.006633852626821775,-0.028700906344410877,3215.0
2023-03-08,3265.0,3295.0,3210.0,3215.0,617825,-0.028700906344410915,-0.029120831699388863,3249.285714285714,3316.785714285714,3337.3809523809523,0.018350353426156086,85.0,50.0,41.80948356648735,-35.86527015103138,-21.617204373128878,-14.248065777902504,3483.6666903745904,3175.3333096254096,0.09260651171322445,0.1286487057554692,3270.0,3263.0,3285.0,3329.5,0.9852896107876188,0.9656104520198228,-66.5,-0.028700906344410915,0.028700906344410915,0.026438569206842923,-0.015313935681470138,0.01698565435750398,0.016525790015973426,466910.2,180466.9,0.28342951394515015,3.4234809818310175,21.409543161993334,110.07665231555451,615811094.0,7.6923076923076925,24.6153846153846,0.007610350076103556,0.0076687116564417845,0.0046224961479199855,-0.0044739482039551914,-0.02332814930015552,3140.0
2023-03-09,3215.0,3265.0,3130.0,3140.0,542406,-0.023328149300155476,-0.023604557769420664,3236.4285714285716,3303.5714285714284,3320.4761904761904,0.016883452755303858,135.0,75.0,37.83591576454122,-45.606992390630694,-26.415161976629243,-19.19183041400145,3480.2010073549045,3148.2989926450955,0.10014392840305017,-0.025004345491399113,3221.6666666666665,3242.0,3260.5,3314.25,0.9685379395434917,0.9474240024138191,-72.25,-0.023328149300155476,0.023328149300155476,0.042993630573248405,-0.02332814930015552,0.0180250061694341,0.016551375338495683,484000.2,206016.0,-0.12207178408125274,2.6328343429636534,21.255748156983486,111.85689143587204,615268688.0,2.5974025974025974,15.737595737595719,-0.028700906344410915,0.007610350076103556,0.0076687116564417845,-0.014806235189487612,-0.02388535031847134,3065.0
2023-03-10,3130.0,3130.0,3030.0,3065.0,483827,-0.023885350318471388,-0.024175230531987328,3217.1428571428573,3281.4285714285716,3302.3809523809523,0.018512813156279936,100.0,65.0,34.32294120658932,-58.702564032588725,-32.872642387821145,-25.82992164476758,3500.5679543941237,3101.4320456058763,0.1209136348949553,-0.0912772937831672,3140.0,3203.0,3228.0,3301.0,0.9569153918201686,0.928506513177825,-98.0,-0.023885350318471388,0.023885350318471388,0.03262642740619902,-0.020766773162939296,0.01816488444332579,0.016984222807860022,523952.2,228691.3,-0.10799843659546537,2.115633607400019,21.1172855328307,111.72425633330977,614784861.0,7.216494845360825,5.835401711690352,-0.023328149300155476,-0.028700906344410915,0.007610350076103556,-0.02530480198767926,0.0065252854812398045,3085.0
2023-03-13,3045.0,3100.0,3010.0,3085.0,432796,0.006525285481239873,0.0065040879691764825,3194.285714285714,3257.5,3290.714285714286,0.017338839045783722,90.0,-40.0,36.02866835381366,-66.69821060070308,-39.63775603039753,-27.060454570305545,3504.010733012423,3068.489266987577,0.13252840350698994,0.037910262295730225,3096.6666666666665,3163.0,3203.5,3286.25,0.9753398672146696,0.9387599847850894,-123.25,0.006525285481239873,0.006525285481239873,0.029173419773095625,0.013136288998357963,0.017857967541980487,0.017468378469933217,511648.0,247970.95,-0.10547365070572745,1.7453496064760812,21.012328701415974,110.17252373807337,615217657.0,16.129032258064516,8.647643233609294,-0.023885350318471388,-0.023328149300155476,-0.028700906344410915,-0.013562738045795664,0.07455429497568881,3315.0
2023-03-14,3325.0,3640.0,3230.0,3315.0,26734783,0.07455429497568877,0.07190596628047465,3202.1428571428573,3246.785714285714,3287.6190476190477,0.03482878398730508,410.0,10.0,51.597233122777304,-53.854934144374056,-42.48119165319284,-11.373742491181218,3503.6090168410506,3068.3909831589494,0.13244614536886826,0.5666332682831398,3155.0,3164.0,3212.0,3286.0,1.047724399494311,1.0088253195374315,-122.0,0.07455429497568877,0.07455429497568877,0.12368024132730016,-0.0030075187969924814,0.04339942677910708,0.02957559041110807,5762327.4,1583580.1,60.77225066775109,16.882494924001634,25.20768891226232,141.94591489963955,641952440.0,48.41269841269841,23.919408505374566,0.006525285481239873,-0.023885350318471388,-0.023328149300155476,0.019064743379485754,0.027149321266968326,3405.0
2023-03-15,3265.0,3480.0,3265.0,3405.0,4576640,0.02714932126696823,0.026787315963649763,3219.285714285714,3248.214285714286,3291.6666666666665,0.03604062022273736,215.0,-140.0,56.09950728915368,-35.999319437627946,-41.184817210079856,5.18549777245191,3504.4212268162983,3068.0787731837017,0.1327782285683063,0.7721486277839661,3268.3333333333335,3202.0,3232.5,3286.25,1.0633978763272955,1.0361354127044504,-84.25,0.02714932126696823,0.02714932126696823,0.0631424375917768,0.042879019908116385,0.0409516316707394,0.030134929356972064,6554090.4,1811936.35,-0.8288132729560588,2.525828238944486,23.469475881049895,147.16406383537958,646529080.0,62.698412698412696,42.41338112305852,0.07455429497568877,0.006525285481239873,-0.023885350318471388,0.03607630057463229,-0.022026431718061675,3330.0
2023-03-16,3405.0,3465.0,3310.0,3330.0,2218270,-0.022026431718061623,-0.022272635609123178,3222.1428571428573,3243.9285714285716,3288.3333333333335,0.037440747006982356,155.0,75.0,51.77730922796936,-27.58253504416416,-38.46436077689672,10.881825732732558,3507.7639385134203,3069.7360614865797,0.13318977636696025,0.5941720884980852,3350.0,3240.0,3241.0,3288.75,1.0277777777777777,1.0125427594070695,-48.75,-0.022026431718061623,0.022026431718061623,0.046546546546546545,-0.022026431718061675,0.04067246263761091,0.031284676465962155,6889263.2,1922290.45,-0.5153059886729129,1.1539723354501397,22.722965753883113,147.7237735614239,644310810.0,50.79365079365079,53.96825396825395,0.02714932126696823,0.07455429497568877,0.006525285481239873,0.02655906150819846,0.05855855855855856,3525.0
2023-03-17,3405.0,3635.0,3370.0,3525.0,5465545,0.05855855855855863,0.05690813227187958,3266.4285714285716,3257.8571428571427,3300.0,0.03999169853466242,265.0,-120.0,60.33426285120872,-5.118301857899041,-31.795148993097186,26.676847135198145,3541.689780279203,3055.810219720797,0.147292022905163,0.9656503758667638,3420.0,3332.0,3267.5,3298.75,1.0579231692677071,1.068586585827965,33.25,0.05855855855855863,0.05855855855855863,0.075177304964539,0.03524229074889868,0.038926614583318996,0.035900703172872334,7885606.8,2195239.25,1.463877255699261,2.4897263475951426,23.681610115444865,158.95778973560792,649776355.0,81.74603174603175,65.07936507936506,-0.022026431718061623,0.02714932126696823,0.07455429497568877,0.02122714936915508,0.02695035460992908,3620.0
2023-03-20,3605.0,3695.0,3520.0,3620.0,4751281,0.026950354609929006,0.026593589573447644,3335.0,3285.714285714286,3314.0476190476193,0.036664753732550064,175.0,-15.0,63.71255928655729,20.11855664254108,-21.412407865969534,41.530964508510614,3591.8745739930755,3030.1254260069245,0.16966147628696798,1.0500675899692116,3491.6666666666665,3439.0,3301.0,3311.0,1.0526315789473684,1.093325279371791,128.0,0.026950354609929006,0.026950354609929006,0.04834254143646409,0.004160887656033287,0.03700921931982892,0.036371023895226236,8749303.8,2430751.3,-0.1306848630831875,1.9546553363974342,23.568154128741057,160.1036618973502,654527636.0,89.05109489051095,73.86359247673114,0.05855855855855863,-0.022026431718061623,0.02714932126696823,0.021160827150142003,-0.03867403314917127,3480.0
2023-03-21,3570.0,3590.0,3470.0,3480.0,1919351,-0.03867403314917128,-0.03944173205129673,3394.285714285714,3305.714285714286,3319.0476190476193,0.04005042215440891,120.0,90.0,56.12614503726499,28.493661659780173,-11.431193960819595,39.92485562059977,3600.9916558478976,3027.0083441521024,0.17319955090398167,0.789207014589961,3541.6666666666665,3472.0,3318.0,3314.0,1.0023041474654377,1.0500905250452626,158.0,-0.03867403314917128,0.03867403314917128,0.034482758620689655,-0.025210084033613446,0.03979143943697823,0.03956208943514006,3786217.4,2525864.8,-0.5960350482322556,0.7598787551891139,22.622285238946947,159.3819717618252,652608285.0,68.61313868613139,79.80342177422467,0.026950354609929006,0.05855855855855863,-0.022026431718061623,0.01561162667310545,-0.007183908045977011,3455.0
2023-03-22,3525.0,3545.0,3395.0,3455.0,1700069,-0.007183908045977017,-0.0072098365667497555,3447.1428571428573,3320.714285714286,3320.714285714286,0.04103776467197896,150.0,70.0,54.869707779730426,32.73633753756212,-2.597687661143251,35.334025198705376,3599.4168079225738,3027.5831920774262,0.17257691741214654,0.7474496008613775,3518.3333333333335,3482.0,3342.0,3313.5,0.9922458357265939,1.0427040893315225,168.5,-0.007183908045977017,0.007183908045977017,0.04341534008683068,-0.019858156028368795,0.03913359994710989,0.03803824948430768,3210903.2,2610020.95,-0.11424799320186874,0.6513622045830705,22.493757132810078,158.71183092169485,650908216.0,64.96350364963503,74.20924574209243,-0.03867403314917128,0.026950354609929006,0.05855855855855863,-0.0063025288617397646,-0.023154848046309694,3375.0
2023-03-23,3425.0,3470.0,3305.0,3375.0,1404182,-0.02315484804630974,-0.023427132895140118,3455.714285714286,3328.9285714285716,3316.4285714285716,0.034808719627235876,165.0,50.0,50.939924919004994,29.305541287533742,3.7829581285921483,25.522583158941593,3598.424891032746,3027.575108967254,0.17230600122713313,0.6086100090564401,3436.6666666666665,3491.0,3365.5,3313.0,0.9667716986536808,1.0187141563537578,178.0,-0.02315484804630974,0.02315484804630974,0.04888888888888889,-0.014598540145985401,0.039320599995478885,0.03802249563569222,3048085.6,2678085.95,-0.1740441123272055,0.524322977759545,22.27911608831397,159.1609858558595,649504034.0,53.284671532846716,62.28710462287103,-0.007183908045977017,-0.03867403314917128,0.026950354609929006,-0.023004263080486014,0.007407407407407408,3400.0
2023-03-24,3390.0,3465.0,3355.0,3400.0,1191534,0.007407407407407307,0.00738010729762246,3455.0,3337.1428571428573,3317.1428571428573,0.03329775978100759,110.0,-10.0,52.094587770413575,28.27793121941977,8.681952746757673,19.595978472662097,3599.527234625255,3027.472765374745,0.17264357001675268,0.6512093771653072,3410.0,3466.0,3399.0,3313.5,0.9809578765147143,1.0261053266938283,152.5,0.007407407407407307,0.007407407407407307,0.03235294117647059,0.0029498525073746312,0.025614612424372393,0.03636935657290976,2193283.4,2737302.5,-0.15143905846962857,0.43529496648616656,22.122282821424402,155.64948686615526,650695568.0,56.934306569343065,58.394160583941584,-0.02315484804630974,-0.007183908045977017,-0.03867403314917128,-0.007643782894959816,-0.030882352941176472,3295.0
2023-03-27,3435.0,3440.0,3280.0,3295.0,1317384,-0.030882352941176472,-0.03136926366764516,3450.0,3336.0714285714284,3312.6190476190477,0.03445955287264139,160.0,140.0,47.082481159365514,18.774499613696207,10.700462120145382,8.074037493550826,3597.7804547642327,3025.7195452357673,0.17273674327122077,0.47071990111366535,3356.6666666666665,3401.0,3420.0,3311.75,0.9688326962658041,0.9949422510757152,89.25,-0.030882352941176472,0.030882352941176472,0.048558421851289835,-0.040756914119359534,0.01858244839758805,0.03872917247636976,1506504.0,2802573.5,0.10562015015937432,0.4700622481444287,22.191319957147602,155.960237804287,649378184.0,41.605839416058394,50.608272506082706,0.007407407407407307,-0.02315484804630974,-0.007183908045977017,-0.015543264526692968,0.048558421851289835,3455.0
2023-03-28,3340.0,3475.0,3320.0,3455.0,1949962,0.04855842185128978,0.04741628926516263,3440.0,3353.214285714286,3318.5714285714284,0.03186693181777405,155.0,-115.0,54.2981535679742,23.87836944267383,13.336043584651073,10.542325858022757,3613.1614795429064,3032.8385204570936,0.17463826635143326,0.7274595515020474,3383.3333333333335,3396.0,3434.0,3323.0,1.0173733804475853,1.0397231417393922,73.0,0.04855842185128978,0.04855842185128978,0.04486251808972504,0.0344311377245509,0.03141950695877104,0.03433415788897926,1512626.2,2871332.9,0.4801773818415891,0.6791138707740925,22.630898179520766,157.67736367540937,651328146.0,64.96350364963503,54.50121654501214,-0.030882352941176472,0.007407407407407307,-0.02315484804630974,0.008361158772506871,0.001447178002894356,3460.0
2023-03-29,3440.0,3510.0,3405.0,3460.0,1301273,0.0014471780028944004,0.0014461318499997134,3417.1428571428573,3376.0714285714284,3329.5238095238096,0.029307058093715567,105.0,-20.0,54.50691842658253,28.00387008426378,16.269608884573614,11.734261199690167,3626.2557855627238,3045.7442144372762,0.1740142599296905,0.713604700005547,3403.3333333333335,3397.0,3439.5,3336.0,1.0185457756844274,1.0371702637889688,61.0,0.0014471780028944004,0.0014471780028944004,0.030346820809248554,0.005813953488372093,0.031234883699920394,0.03341411720994353,1432867.0,2916192.7,-0.3326675083924713,0.4462232554110707,22.227877442341182,153.91469484145156,652629419.0,65.69343065693431,57.42092457420923,0.04855842185128978,-0.030882352941176472,0.007407407407407307,0.006374415637669236,0.010115606936416185,3495.0
2023-03-30,3490.0,3555.0,3460.0,3495.0,1387401,0.01011560693641611,0.010064786616140617,3419.285714285714,3406.785714285714,3343.5714285714284,0.025782299944227764,95.0,-5.0,56.021345317155784,33.708990301073754,19.757485167873643,13.951505133200111,3643.744769105589,3053.255230894411,0.17634449401558253,0.7480992304178755,3470.0,3421.0,3456.0,3348.5,1.0216311020169542,1.0437509332536956,72.5,0.01011560693641611,0.01011560693641611,0.027181688125894134,0.0014326647564469914,0.028294610243886815,0.03236490042361164,1429510.8,2962714.95,0.06618749486080167,0.46828703517359976,22.302031425579887,149.70650235277645,654016820.0,70.8029197080292,67.15328467153283,0.0014471780028944004,0.04855842185128978,-0.030882352941176472,0.02004040226353343,-0.010014306151645207,3460.0
2023-03-31,3500.0,3515.0,3430.0,3460.0,840337,-0.010014306151645225,-0.010064786616140709,3420.0,3433.5714285714284,3353.809523809524,0.02594874476720793,85.0,40.0,54.082494668565246,35.00264300312028,22.806516734922972,12.196126268197311,3654.6702924083797,3062.3297075916203,0.17637057758426664,0.6713541205882406,3471.6666666666665,3433.0,3449.5,3358.5,1.007864841246723,1.030221825219592,74.5,-0.010014306151645225,0.010014306151645225,0.024566473988439308,-0.011428571428571429,0.029336110702500157,0.02657727496811495,1359271.4,2990528.45,-0.39430849480431396,0.2809995002722679,21.790582149236005,145.08460932757816,653176483.0,49.46236559139785,61.98623865212043,0.01011560693641611,0.0014471780028944004,0.04855842185128978,0.0005161595958884287,0.04046242774566474,3600.0
2023-04-03,3500.0,3670.0,3495.0,3600.0,3269661,0.040462427745664664,0.039665256392431354,3452.1428571428573,3453.9285714285716,3370.0,0.02729405724580844,175.0,-100.0,60.039958658427246,46.785389216939166,27.602291231326213,19.183097985612953,3687.0013725831327,3061.4986274168673,0.1853753412362052,0.8609096870390124,3518.3333333333335,3494.0,3447.5,3374.25,1.0303377218088152,1.066903756390309,119.75,0.040462427745664664,0.040462427745664664,0.04861111111111111,0.02857142857142857,0.025294633316751865,0.02846341177641268,1749726.8,3129295.65,2.89089258238064,1.0448552536095463,23.188885992303746,149.72142294703687,656446144.0,77.90697674418605,66.05742068120433,-0.010014306151645225,0.01011560693641611,0.0014471780028944004,0.013521242843478517,0.001388888888888889,3605.0
2023-04-04,3635.0,3680.0,3530.0,3605.0,2390768,0.001388888888888884,0.0013879252748480759,3481.4285714285716,3468.214285714286,3385.2380952380954,0.02745486465532049,150.0,30.0,60.2383733998698,55.882579108484606,33.258348806757894,22.624230301726712,3716.47197549843,3061.52802450157,0.1932558132183121,0.829799213613984,3555.0,3524.0,3460.0,3389.0,1.0229852440408627,1.0637356152257302,135.0,0.001388888888888884,0.001388888888888884,0.04160887656033287,-0.008253094910591471,0.019151597703871377,0.025061276199691934,1837888.0,3224764.75,-0.26880248441658017,0.7413774911797829,22.87720226103661,149.74132130796283,658836912.0,78.3132530120482,68.56086511587733,0.040462427745664664,-0.010014306151645225,0.01011560693641611,0.010612336827636107,0.05825242718446602,3815.0
2023-04-05,3605.0,3900.0,3570.0,3815.0,7410447,0.058252427184465994,0.056618893999507904,3555.714285714286,3502.8571428571427,3409.285714285714,0.0263517041897217,330.0,-210.0,67.53054636288401,79.1253053299688,42.431740111400075,36.69356521856872,3786.8042957878574,3051.1957042121426,0.2151531417302471,1.0383297646806242,3673.3333333333335,3595.0,3496.0,3419.0,1.0611961057023644,1.115823340157941,176.0,0.058252427184465994,0.058252427184465994,0.08650065530799476,0.05825242718446602,0.028402834290268193,0.029938726242894197,3059722.8,3564395.85,2.0996094142133406,2.0790190853802053,24.065097263093428,162.6169412145369,666247359.0,86.29032258064517,80.83685077895977,0.001388888888888884,0.040462427745664664,-0.010014306151645225,0.033367914606339845,-0.04062909567496723,3660.0
2023-04-06,3925.0,3940.0,3630.0,3660.0,3665810,-0.0406290956749672,-0.041477517323145405,3585.0,3512.5,3430.4761904761904,0.032226795434097344,310.0,265.0,58.938631704655535,84.06903322053404,50.75919873322687,33.30983448730717,3803.1531574766977,3086.8468425233023,0.2079263613797955,0.800150920788669,3693.3333333333335,3628.0,3524.5,3445.0,1.0088202866593163,1.0624092888243832,183.0,-0.0406290956749672,0.0406290956749672,0.08469945355191257,-0.06751592356687898,0.039668082261951045,0.03251151410276283,3515404.6,3720566.05,-0.5053186400226599,0.98528287113731,23.31977830490362,173.14430255635568,662581549.0,57.57575757575758,74.05977772281695,0.058252427184465994,0.001388888888888884,0.040462427745664664,0.00633740679946256,-0.03278688524590164,3540.0
2023-04-07,3685.0,3705.0,3510.0,3540.0,2217934,-0.032786885245901676,-0.033336420267591836,3596.4285714285716,3506.785714285714,3449.5238095238096,0.035918002008594144,195.0,145.0,53.28616058959934,77.41162306960314,56.08968360050213,21.32193946910101,3780.837622648717,3156.662377351283,0.17994241305871977,0.6141506340355547,3671.6666666666665,3644.0,3538.5,3468.75,0.9714599341383096,1.0205405405405406,175.25,-0.032786885245901676,0.032786885245901676,0.05508474576271186,-0.03934871099050204,0.04363409866747651,0.035061434636304054,3790924.0,3807271.4,-0.3949675515097618,0.5825521133061331,22.783968696167477,174.70542380233027,660363615.0,39.39393939393939,61.08667318344735,-0.0406290956749672,0.058252427184465994,0.001388888888888884,-0.005054517912134293,-0.011299435028248588,3500.0
2023-04-10,3535.0,3600.0,3480.0,3500.0,1612058,-0.011299435028248594,-0.011363758650315095,3597.1428571428573,3508.214285714286,3470.2380952380954,0.03615430448458628,120.0,35.0,51.512721700204835,68.12263650611521,58.49627418162474,9.626362324490472,3744.035697010524,3234.964302989476,0.14588662960912682,0.5206257906520001,3566.6666666666665,3624.0,3559.0,3489.5,0.9657836644591612,1.0030090270812437,134.5,-0.011299435028248594,0.011299435028248594,0.03428571428571429,-0.009900990099009901,0.03912452133816597,0.033365862175215984,3459403.4,3866234.5,-0.2731713387323518,0.41695815398677966,22.453540429205066,170.79789353073528,658751557.0,33.333333333333336,43.43434343434341,-0.032786885245901676,-0.0406290956749672,0.058252427184465994,-0.028238471983039155,-0.005714285714285714,3480.0
2023-04-11,3500.0,3585.0,3410.0,3480.0,1112946,-0.005714285714285672,-0.005730674708984983,3600.0,3510.0,3489.0476190476193,0.035985852094484565,175.0,20.0,50.605826694818695,58.473172543198416,58.49165385393948,-0.01848131074106618,3738.81070430059,3256.68929569941,0.13783758376132646,0.46318354737347256,3506.6666666666665,3599.0,3561.5,3497.75,0.9669352597943873,0.9949253091272962,101.25,-0.005714285714285672,0.005714285714285672,0.05028735632183908,-0.005714285714285714,0.03896249294827848,0.03001967420599504,3203839.0,2585142.65,-0.3096116889094561,0.43051628118084706,22.077308684587166,171.0980439928256,657638611.0,30.303030303030305,34.34343434343432,-0.011299435028248594,-0.032786885245901676,-0.0406290956749672,-0.016600201996145314,0.010057471264367816,3515.0
2023-04-12,3485.0,3545.0,3455.0,3515.0,995313,0.010057471264367734,0.010007231476245177,3587.8571428571427,3520.0,3498.5714285714284,0.03219700951613162,90.0,-30.0,52.19205367910931,53.03871305609073,57.401065694369734,-4.362352638279006,3740.388089905886,3266.111910094114,0.13538176830422372,0.5247745944244201,3498.3333333333335,3539.0,3567.0,3503.25,0.9932184232834134,1.003354028402198,35.75,0.010057471264367734,0.010057471264367734,0.025604551920341393,0.00860832137733142,0.0205866898568354,0.0301532132149433,1920812.2,2406076.3,-0.10569515502099835,0.4136664327727263,21.97560734406798,165.30532656476663,658633924.0,35.60606060606061,33.08080808080806,-0.005714285714285672,-0.011299435028248594,-0.032786885245901676,-0.0023187498260555106,-0.02418207681365576,3430.0
2023-04-13,3540.0,3550.0,3415.0,3430.0,1118003,-0.024182076813655806,-0.024479264084779725,3562.8571428571427,3522.1428571428573,3499.7619047619046,0.03302779444721042,135.0,110.0,48.14811581699484,41.39588909261738,54.20003037401927,-12.80414128140189,3733.9483315004936,3282.5516684995064,0.12866718819952605,0.32664913940706547,3475.0,3493.0,3560.5,3508.25,0.9819639278557114,0.9776954321955391,-15.25,-0.024182076813655806,0.024182076813655806,0.03935860058309038,-0.031073446327683617,0.01661286527466441,0.031062311116052045,1411250.8,2351062.95,0.12326775597224193,0.47553086573032843,22.067370156477487,163.140660381569,657515921.0,22.727272727272727,29.545454545454522,0.010057471264367734,-0.005714285714285672,-0.011299435028248594,-0.006612963754524581,0.014577259475218658,3480.0
2023-04-14,3465.0,3530.0,3425.0,3480.0,1178138,0.014577259475218707,0.014472032608534469,3515.0,3535.3571428571427,3506.904761904762,0.021196541624673472,105.0,-15.0,50.57411315649923,35.79087443072103,50.51819918535963,-14.727324754638595,3731.892382388283,3280.107617611717,0.12886045772292232,0.4424504719346644,3475.0,3481.0,3562.5,3506.0,0.9997127262280954,0.9925841414717627,-25.0,0.014577259475218707,0.014577259475218707,0.03017241379310345,0.004329004329004329,0.015842179201614594,0.03128130957880648,1203291.6,2136692.6,0.053787869978882075,0.551383947321201,22.134233357052818,158.9877560685998,658694059.0,25.806451612903224,28.04659498207883,-0.024182076813655806,0.010057471264367734,-0.005714285714285672,0.00015088464197687834,0.035919540229885055,3605.0
2023-04-17,3500.0,3610.0,3465.0,3605.0,1602207,0.03591954022988508,0.035289476950529454,3507.1428571428573,3546.0714285714284,3510.714285714286,0.023786224690753605,145.0,-105.0,56.10353832320574,40.9631179357234,48.607182935432384,-7.644064999708981,3729.6433341725065,3280.8566658274935,0.12803271331431793,0.7222659607243844,3505.0,3502.0,3563.0,3505.25,1.0294117647058822,1.0284573140289566,-3.25,0.03591954022988508,0.03591954022988508,0.04022191400832178,0.03,0.022546102892805855,0.03067178467705794,1201321.4,1979238.9,0.3599484949980394,0.8095066239856139,22.476969661638424,157.9886306351284,660296266.0,37.38317757009346,28.63896730342311,0.014577259475218707,-0.024182076813655806,0.010057471264367734,0.008771574297149328,0.0,3605.0
2023-04-18,3605.0,3605.0,3490.0,3605.0,1674625,0.0,0.0,3516.4285714285716,3556.4285714285716,3510.0,0.019445853783926045,115.0,0.0,56.10353832320574,44.54862930932086,47.795472210210086,-3.2468429008892272,3739.860287818686,3283.139712181314,0.13006423911074252,0.7047203585463977,3563.3333333333335,3527.0,3563.0,3511.5,1.0221151119931953,1.0266267976648156,15.5,0.0,0.0,0.0319001386962552,0.0,0.021931986514265197,0.030670750673414755,1313657.2,1967002.6,0.04519890376212321,0.8513588136589143,22.521176867463982,154.91801416119068,660296266.0,36.79245283018868,33.32736067106176,0.03591954022988508,0.014577259475218707,-0.024182076813655806,0.01683226656836793,0.03467406380027739,3730.0
2023-04-19,3620.0,3740.0,3570.0,3730.0,2422555,0.03467406380027738,0.03408646291881176,3549.285714285714,3573.214285714286,3521.904761904762,0.021487280331423775,170.0,-110.0,61.144849204708365,56.821623926135544,49.60070255339518,7.220921372740364,3771.687245134487,3278.812754865513,0.1398126346412238,0.9154201607964387,3646.6666666666665,3570.0,3554.5,3525.25,1.0448179271708684,1.0580809871640309,44.75,0.03467406380027738,0.03467406380027738,0.045576407506702415,0.03038674033149171,0.02522819347057811,0.026329932049317814,1599105.6,2003126.9,0.44662536388743757,1.2093866843882932,22.92449683905623,155.99529886396277,662718821.0,60.37735849056604,44.85099629694937,0.0,0.03591954022988508,0.014577259475218707,0.023531201343387487,0.24664879356568364,4650.0
2023-04-20,3785.0,4845.0,3740.0,4650.0,57232142,0.2466487935656836,0.22045898594354074,3716.4285714285716,3658.214285714286,3578.809523809524,0.08156552107479839,1105.0,-865.0,79.66000352098762,139.17999151565027,67.5165603458462,71.66343116980407,4141.445281882003,3036.5547181179973,0.30785471266759695,1.4602760986441186,3995.0,3814.0,3653.5,3589.0,1.2191924488725747,1.2956255224296462,225.0,0.2466487935656836,0.2466487935656836,0.23763440860215054,0.2285336856010568,0.10188200401471212,0.08047437151856389,12821933.4,4794524.9,22.624702844723856,11.936978781776688,26.307248720192455,224.495634659394,719950963.0,86.41114982578397,61.19365371551287,0.03467406380027738,0.0,0.03591954022988508,0.09377428578865366,0.0032258064516129032,4665.0
2023-04-21,4650.0,4810.0,4505.0,4665.0,18248330,0.003225806451612856,0.003220614700042157,3880.714285714286,3734.285714285714,3640.2380952380954,0.08203988145982449,305.0,-15.0,79.8287750269058,203.31626251580337,94.67650077983764,108.63976173596573,4376.5244100495565,2927.975589950444,0.3966181997670238,1.1991479927688633,4348.333333333333,4051.0,3766.0,3652.25,1.1515675141940263,1.2772948182627148,398.75,0.003225806451612856,0.003225806451612856,0.06538049303322616,0.0032258064516129032,0.10343906818067067,0.07828816769806432,16235971.8,5647364.7,-0.6811524195617211,3.231300078778337,25.167427240249644,230.24594646943729,738199293.0,87.45644599303135,78.08165143646043,0.2466487935656836,0.03467406380027738,0.0,0.09484955460585794,-0.04072883172561629,4475.0
2023-04-24,4635.0,4950.0,4315.0,4475.0,13710407,-0.040728831725616255,-0.041581482572488414,4030.0,3796.4285714285716,3691.4285714285716,0.08451264905711775,635.0,160.0,71.71193949991152,236.09178808554452,122.95955824097902,113.1322298445655,4502.171348142386,2920.328651857614,0.4262290862336872,0.9828229771479792,4596.666666666667,4225.0,3863.5,3711.25,1.0591715976331362,1.2057931963624116,513.75,-0.040728831725616255,0.040728831725616255,0.1418994413407821,-0.034519956850053934,0.1138173311984599,0.08054994800785044,18657611.8,6267015.85,-0.24867607063221675,2.1877090034805002,24.839927368183442,259.1569502930489,724488886.0,69.15584415584415,81.00781332488647,0.003225806451612856,0.2466487935656836,0.03467406380027738,0.06971525609722673,0.02905027932960894,4605.0
2023-04-25,4605.0,4810.0,4470.0,4605.0,19032359,0.02905027932960902,0.02863631798045155,4190.714285714285,3852.8571428571427,3753.809523809524,0.08402380373678278,340.0,0.0,73.68358335307573,269.4504843229706,152.25774345737733,117.1927408655933,4643.9514805625895,2893.548519437411,0.4644518636484719,0.9777471351296441,4581.666666666667,4425.0,3976.0,3768.75,1.040677966101695,1.2218905472636816,656.25,0.02905027932960902,0.02905027932960902,0.0738327904451683,0.0,0.11142201400140189,0.07970545459758269,22129158.6,7121135.7,0.3881687830273748,2.6726578177691516,25.196549142455478,264.93145384354546,743521245.0,77.59740259740259,78.06989758209268,-0.040728831725616255,0.003225806451612856,0.2466487935656836,-0.002817581981464793,-0.0499457111834962,4375.0
2023-04-26,4490.0,4495.0,4120.0,4375.0,5512131,-0.04994571118349622,-0.05123614989769244,4300.714285714285,3903.9285714285716,3797.6190476190477,0.09091667059927308,375.0,115.0,65.04559955386875,274.1679758557352,176.6397899370489,97.52818591868632,4716.981374643791,2912.0186253562083,0.47318462427253455,0.8105327244128606,4485.0,4554.0,4062.0,3814.5,0.9606938954765042,1.1469393105256258,739.5,-0.04994571118349622,0.04994571118349622,0.08571428571428572,-0.025612472160356347,0.12119790209546646,0.08361361071879111,22747073.8,7331678.6,-0.7103810935890816,0.7518238729122687,23.90612365655441,280.65063571186363,738009114.0,62.66233766233766,69.80519480519477,0.02905027932960902,-0.040728831725616255,0.003225806451612856,-0.02054142119316782,-0.018285714285714287,4295.0
2023-04-27,4240.0,4325.0,4065.0,4295.0,3306174,-0.01828571428571424,-0.01845496437335901,4399.285714285715,3957.8571428571427,3837.3809523809523,0.0921119964337976,260.0,-55.0,62.3094345041167,268.35782847136807,194.98339764391275,73.37443082745531,4768.202128128948,2940.797871871052,0.47409631761782234,0.741052300546811,4425.0,4483.0,4148.5,3854.5,0.9580637965648003,1.1142820080425477,628.5,-0.01828571428571424,0.01828571428571424,0.06053550640279395,0.012971698113207548,0.03227232279218103,0.08324883718272948,11961880.2,7427617.25,-0.40020039436653443,0.44511905887449976,23.376509022045838,282.747018875302,734702940.0,57.467532467532465,65.90909090909088,-0.04994571118349622,0.02905027932960902,-0.040728831725616255,-0.013060382046533814,-0.047729918509895226,4090.0
2023-04-28,4295.0,4380.0,4020.0,4090.0,3099019,-0.047729918509895275,-0.04890658538150837,4450.714285714285,4000.0,3865.714285714286,0.0960090606494226,360.0,205.0,55.82861693517841,244.39423347254615,204.86556480963944,39.52866866290671,4785.769561142127,2986.2304388578737,0.4630826356881763,0.613362358991702,4253.333333333333,4368.0,4209.5,3886.0,0.9363553113553114,1.0524961399897066,482.0,-0.047729918509895275,0.047729918509895275,0.08801955990220049,-0.047729918509895226,0.03298277719908224,0.08642922900515614,8932018.0,7540551.35,-0.06265701684182379,0.4109804251913224,23.26289641687684,288.26508895563757,731603921.0,44.15584415584416,54.76190476190474,-0.01828571428571424,-0.04994571118349622,0.02905027932960902,-0.038653781326368576,0.05867970660146699,4330.0
2023-05-02,4100.0,4395.0,4080.0,4330.0,3380566,0.05867970660146704,0.05702257195968815,4405.0,4060.714285714286,3907.1428571428573,0.041718006647525244,315.0,-230.0,60.94949781943119,241.97951678147365,212.28835520400628,29.69116157746737,4832.5867512148725,3012.413248785127,0.46403403503626395,0.7238797562188601,4238.333333333333,4339.0,4282.0,3922.5,0.9979257893523853,1.1038878266411727,416.5,0.05867970660146704,0.05867970660146704,0.07274826789838337,0.05609756097560976,0.0480492229750924,0.08721215246885582,6866049.8,7546096.6,0.09085036264701829,0.44798869921702306,23.406876530126226,290.17472545880634,734984487.0,59.60912052117264,53.744165714849736,-0.047729918509895275,-0.01828571428571424,-0.04994571118349622,-0.002445308731380824,0.017321016166281754,4405.0
2023-05-03,4275.0,4465.0,4220.0,4405.0,4134778,0.01732101616628179,0.017172717373744387,4367.857142857143,4124.285714285715,3945.4761904761904,0.04278492057989849,245.0,-130.0,62.41586567799319,243.31294938212795,218.49327403963062,24.819675342497334,4884.080450267794,3040.919549732206,0.46515101590803476,0.7400767072866064,4275.0,4299.0,4362.0,3962.5,1.0246568969527796,1.1116719242902209,336.5,0.01732101616628179,0.01732101616628179,0.05561861520998865,0.0304093567251462,0.04618181961517047,0.08690787548788029,3886533.6,7633297.1,0.22310228523862574,0.5416765449886656,23.62543973539484,286.94795935460587,739119265.0,64.49511400651465,56.08669289451046,0.05867970660146704,-0.047729918509895275,-0.01828571428571424,0.009423601419284519,-0.03745743473325766,4240.0
2023-05-04,4510.0,5070.0,4230.0,4240.0,23196866,-0.03745743473325769,-0.03817699014427647,4334.285714285715,4182.142857142857,3975.714285714286,0.04235934832575316,840.0,270.0,57.316638231472425,228.42247122728804,220.47911347716212,7.9433577501259265,4910.594533605115,3056.9054663948846,0.46531259923695784,0.6382378547366909,4325.0,4272.0,4413.0,3983.75,0.9925093632958801,1.0643238155004706,288.25,-0.03745743473325769,0.03745743473325769,0.19811320754716982,-0.0598669623059867,0.043611785985064794,0.08883024066846842,7423480.6,8422618.05,4.610184150152681,2.754115865434501,25.31184628954085,326.4516765435626,715922399.0,49.54407294832827,57.882769158671834,0.01732101616628179,0.05867970660146704,-0.047729918509895275,0.012847762678163713,0.01179245283018868,4290.0
2023-05-08,4220.0,4480.0,4160.0,4290.0,3430400,0.011792452830188704,0.011723463696059234,4289.285714285715,4240.0,3998.3333333333335,0.040376886077703074,320.0,-70.0,58.425076689852446,218.14164109198873,220.01161900012744,-1.8699779081387078,4938.581924123315,3091.918075876685,0.4599125454820073,0.6487818155214711,4311.666666666667,4271.0,4377.0,4015.25,1.0044486068836338,1.0684266234979143,255.75,0.011792452830188704,0.011792452830188704,0.07459207459207459,0.016587677725118485,0.04348055308798301,0.037053918029658205,7448325.8,8410847.55,-0.8521179542098489,0.40785425958647886,23.41222944240858,325.9908425047367,719352799.0,51.401869158878505,55.14701870457379,-0.03745743473325769,0.01732101616628179,0.05867970660146704,-0.0027813219122623987,-0.04312354312354312,4105.0
2023-05-09,4300.0,4340.0,4080.0,4105.0,2185859,-0.04312354312354316,-0.0440809900355341,4250.714285714285,4275.714285714285,4019.5238095238096,0.039237073155495635,260.0,195.0,52.94639840393721,192.8430802612902,214.57791125236002,-21.734830991069828,4939.785316414953,3147.214683585047,0.44332153649806,0.5343082715256307,4211.666666666667,4274.0,4321.0,4043.5,0.9604585868039307,1.0152095956473353,230.5,-0.04312354312354316,0.04312354312354316,0.06333739342265529,-0.04534883720930233,0.04223352856644815,0.03844859025952411,7265693.8,8409243.8,-0.3627976329291045,0.25993526314458854,22.917480466263925,321.2772108972555,717166940.0,38.924050632911396,46.623330913372705,0.011792452830188704,-0.03745743473325769,0.01732101616628179,-0.022929508342204048,0.029232643118148598,4225.0
2023-05-10,4220.0,4415.0,4120.0,4225.0,4598353,0.02923264311814866,0.028813517904745685,4240.714285714285,4320.0,4052.1428571428573,0.041368325993675174,295.0,-5.0,55.8391311896089,180.39727812599813,207.74178462708767,-27.34450650108954,4941.458675890676,3218.041324109324,0.42243209799163,0.5842802237367909,4206.666666666667,4253.0,4296.0,4079.75,0.9934164119445098,1.0356026717323366,173.25,0.02923264311814866,0.02923264311814866,0.06982248520710059,0.001184834123222749,0.033382062945044456,0.03900990702074657,7509251.2,8558558.55,1.1036823509659133,0.5372812458004391,23.689983293710938,320.4716958331658,721765293.0,43.666666666666664,44.664195486152174,-0.04312354312354316,0.011792452830188704,-0.03745743473325769,-0.0006994823917352658,0.047337278106508875,4425.0
2023-05-11,4400.0,4745.0,4340.0,4425.0,16335438,0.047337278106508895,0.04625101765075569,4288.571428571428,4369.642857142857,4096.190476190476,0.03909076023922361,405.0,-25.0,60.22776074119408,184.54490006414835,203.1024077144998,-18.557507650351454,4953.1413158075375,3300.8586841924625,0.40035925166345404,0.680356552987978,4251.666666666667,4257.0,4278.0,4127.0,1.0394644115574347,1.072207414586867,130.0,0.047337278106508895,0.047337278106508895,0.09152542372881356,0.005681818181818182,0.04026480047424918,0.04115551603832701,9949383.2,9319683.15,2.5524541069378537,1.7527889883252092,25.003872973704144,334.7237175593683,738100731.0,51.50375939849624,44.69815889935808,0.02923264311814866,-0.04312354312354316,0.011792452830188704,0.011148792700371465,-0.04293785310734463,4235.0
2023-05-12,4440.0,4440.0,4175.0,4235.0,3348601,-0.04293785310734466,-0.04388695035587515,4275.0,4340.0,4132.142857142857,0.037987042352979915,265.0,205.0,54.669432749555796,170.53469047080034,196.58886426575992,-26.05417379495958,4938.020543021449,3387.979456978551,0.37233751766584156,0.546450381637179,4295.0,4256.0,4264.0,4163.0,0.9950657894736842,1.0172952197934182,93.0,-0.04293785310734466,0.04293785310734466,0.06257378984651712,-0.04617117117117117,0.04164332949934767,0.04032267648216603,5979730.2,9437347.55,-0.795010026667176,0.35482438071277767,23.37519181179347,329.74345201941344,734752130.0,20.476190476190474,38.548872180451106,0.047337278106508895,0.02923264311814866,-0.04312354312354316,0.011210689372437632,-0.03541912632821724,4085.0
2023-05-15,4155.0,4230.0,4020.0,4085.0,1773947,-0.0354191263282172,-0.03606159979205147,4229.285714285715,4298.571428571428,4159.285714285715,0.03856027689049722,210.0,70.0,50.691945851058804,145.64880329115977,186.4008520708399,-40.75204877968014,4891.672522910945,3499.8274770890544,0.331727354065874,0.42042936077370496,4248.333333333333,4215.0,4243.0,4195.75,0.9691577698695136,0.9736042423881308,19.25,-0.0354191263282172,0.0354191263282172,0.051407588739290085,-0.01684717208182912,0.0437315292741172,0.04141631676576672,5648439.6,9470144.75,-0.4702423489690172,0.1873199456639773,22.703794572850995,321.5474911608839,732978183.0,6.190476190476191,26.05680868838762,-0.04293785310734466,0.047337278106508895,0.02923264311814866,-0.010339900443017655,-0.03671970624235006,3935.0
2023-05-16,4025.0,4110.0,3880.0,3935.0,2874364,-0.0367197062423501,-0.0374108464425997,4185.714285714285,4260.0,4183.333333333333,0.03847051621112594,230.0,90.0,47.00872826311153,112.52568594766763,171.62581884620545,-59.10013289853782,4841.870296305325,3595.1297036946753,0.2955412095793883,0.27260706703520676,4085.0,4181.0,4227.5,4218.5,0.9411624013393924,0.9327960175417802,-37.5,-0.0367197062423501,0.0367197062423501,0.05844980940279543,-0.02236024844720497,0.04255972775500605,0.04026168263501788,5786140.6,9554956.05,0.6203212384586461,0.3008244082922809,23.149008151290023,315.0083846493922,730103819.0,4.621848739495798,10.429505135387469,-0.0354191263282172,-0.04293785310734466,0.047337278106508895,-0.038358895225970656,0.0698856416772554,4210.0
2023-05-17,4300.0,4455.0,4165.0,4210.0,14838841,0.0698856416772553,0.06755176582492341,4174.285714285715,4231.785714285715,4218.0952380952385,0.04839284405672222,290.0,90.0,53.65686496977641,107.22950357373293,158.74655579171096,-51.51705221797803,4801.483637192643,3696.0163628073565,0.26018647234722836,0.4649469496765091,4076.6666666666665,4178.0,4215.5,4248.75,1.0076591670655817,0.990879670491321,-70.75,0.0698856416772553,0.0698856416772553,0.0688836104513064,-0.020930232558139535,0.05378292041357987,0.04227857668909538,7834238.2,10216787.75,4.162478029922445,1.4523978928699972,24.857976619615542,329.65064288872134,744942660.0,27.73109243697479,12.847805788982242,-0.0367197062423501,-0.0354191263282172,-0.04293785310734466,-0.0007510636311039987,0.21140142517814728,5100.0
2023-05-18,4145.0,5410.0,4140.0,5100.0,59664846,0.2114014251781473,0.19177789203599008,4316.428571428572,4283.571428571428,4289.285714285715,0.08387321149020552,1270.0,-955.0,67.7558653292455,172.85523529132024,161.56829169163282,11.286943599687419,4912.818071565502,3734.1819284344983,0.272611574680468,1.158812309910382,4415.0,4313.0,4285.0,4323.5,1.1824715974959426,1.1795998612235457,-10.5,0.2114014251781473,0.2114014251781473,0.24901960784313726,0.23039806996381182,0.1101089209415009,0.07992419244418279,16500119.8,13116298.8,3.0208562110747055,4.548908721109647,26.441249379420583,396.81845411095554,804607506.0,79.73856209150327,37.36383442265794,0.0698856416772553,-0.0367197062423501,-0.0354191263282172,0.08152245353768417,-0.07941176470588235,4695.0
2023-05-19,5030.0,5070.0,4670.0,4695.0,10897178,-0.0794117647058824,-0.08274242707005391,4383.571428571428,4312.142857142857,4341.190476190476,0.09430813266549314,400.0,335.0,58.96473069516383,189.99385432599502,167.2534042185053,22.74045010748972,4912.483176734191,3831.016823265809,0.24737607444807738,0.7988997290237477,4668.333333333333,4405.0,4330.5,4371.75,1.0658342792281499,1.0739406416194888,33.25,-0.0794117647058824,0.0794117647058824,0.08519701810436635,-0.06660039761431412,0.11738540676156527,0.08411498935343822,18009835.2,13540029.95,-0.8173601587775824,0.8048119568598148,24.65826780625856,399.18856453160157,793710328.0,53.26797385620915,53.579209461562385,0.2114014251781473,0.0698856416772553,-0.0367197062423501,0.0672917673831734,0.03727369542066028,4870.0
2023-05-22,5100.0,5190.0,4825.0,4870.0,20045029,0.03727369542066028,0.036595824434272194,4447.142857142857,4367.857142857143,4395.476190476191,0.09384552936145756,365.0,230.0,61.30121604446925,215.21648913292302,176.84602120138885,38.370467931534165,4955.32934407657,3810.17065592343,0.2612877047865245,0.9254868823340235,4888.333333333333,4562.0,4388.5,4382.75,1.067514248136782,1.111174490901831,179.25,0.03727369542066028,0.03727369542066028,0.07494866529774127,-0.045098039215686274,0.1122752593551169,0.08445276412413803,21664051.6,11680674.3,0.8394697232622979,1.7160849181455218,25.304340966889402,406.03223849363,813755357.0,64.70588235294117,65.90413943355118,-0.0794117647058824,0.2114014251781473,0.0698856416772553,0.05642111863097506,-0.01642710472279261,4790.0
2023-05-23,4800.0,5030.0,4790.0,4790.0,6719428,-0.01642710472279263,-0.016563525671674576,4526.428571428572,4400.714285714285,4402.142857142857,0.0915928195914246,240.0,10.0,59.629720700939345,226.14343675507007,186.70550431212513,39.43793244294494,4977.070887241538,3800.929112758462,0.2679748859610563,0.8409452913754746,4785.0,4733.0,4457.0,4389.0,1.0120431016268752,1.091364775575302,344.0,-0.01642710472279263,0.01642710472279263,0.05010438413361169,-0.0020833333333333333,0.10910884895699001,0.08279044934767377,22433064.4,11104229.2,-0.664783323586112,0.6051233164387494,24.194799280264913,394.1727928869422,807035929.0,59.47712418300654,59.150326797385596,0.03727369542066028,-0.0794117647058824,0.2114014251781473,-0.019521724669338252,0.0041753653444676405,4810.0
2023-05-24,4825.0,4945.0,4680.0,4810.0,5120784,0.0041753653444676075,0.004166672694845912,4630.0,4429.642857142857,4409.047619047619,0.08888735859388082,265.0,15.0,59.923922941803845,233.72274401737832,196.1089522531758,37.61379176420252,5022.518104506742,3788.981895493258,0.27998325120887113,0.8277163629621358,4823.333333333333,4853.0,4515.5,4405.75,0.9911395013393777,1.0917550927764852,447.25,0.0041753653444676075,0.0041753653444676075,0.0550935550935551,-0.0031088082901554403,0.1092507130555611,0.08280607330940891,20489453.0,10674748.05,-0.2379137033687987,0.47971005741910694,23.927270473433662,384.94616482358924,812156713.0,60.78431372549019,61.655773420479285,-0.01642710472279263,0.03727369542066028,-0.0794117647058824,0.008340652014111752,-0.018711018711018712,4720.0
2023-05-25,4705.0,4790.0,4625.0,4720.0,4066396,-0.018711018711018657,-0.018888284520205745,4742.142857142857,4463.928571428572,4420.714285714285,0.08703385372839458,165.0,-15.0,57.87979350479215,229.81795347910247,202.85075249836115,26.967200980741325,5038.154441836712,3784.845558163288,0.28410039298955553,0.7461484188126014,4773.333333333333,4777.0,4545.0,4411.5,0.9880678249947666,1.0699308625184178,365.5,-0.018711018711018657,0.018711018711018657,0.034957627118644065,0.003188097768331562,0.042615127061827573,0.0826552946179723,9369763.0,9926449.9,-0.20590362725707623,0.40965259896189066,23.67783174007499,370.6642959076186,808090317.0,54.90196078431372,58.38779956427013,0.0041753653444676075,-0.01642710472279263,0.03727369542066028,-0.010320919363114559,-0.05296610169491525,4470.0
2023-05-26,4745.0,4755.0,4445.0,4470.0,3319053,-0.052966101694915224,-0.05442039097198652,4779.285714285715,4476.785714285715,4414.285714285715,0.08949987656884817,310.0,275.0,52.52036956829172,204.19661669294237,203.1199253372774,1.0766913556649627,5043.179652731214,3789.3203472687856,0.283919457789398,0.5428676485199244,4666.666666666667,4732.0,4568.5,4416.25,0.944632290786137,1.0121709595244834,315.75,-0.052966101694915224,0.052966101694915224,0.06935123042505593,-0.05795574288724974,0.03315411397265368,0.08341696924890289,7854138.0,9816796.0,-0.1837851011067294,0.3380994165509806,23.420333746914892,366.33113191421734,804771264.0,38.56209150326797,51.41612200435728,-0.018711018711018657,0.0041753653444676075,-0.01642710472279263,-0.022500585020488757,0.03243847874720358,4615.0
2023-05-30,4530.0,4720.0,4490.0,4615.0,3361472,0.032438478747203625,0.03192345932933806,4710.0,4513.214285714285,4425.714285714285,0.043566413750705524,230.0,-85.0,55.11629670437146,193.36284437679933,201.16850914518182,-7.805664768382485,5062.475314763235,3802.0246852367654,0.284381663833599,0.6449878287328527,4601.666666666667,4681.0,4621.5,4432.25,0.9859004486220893,1.0412318799706695,248.75,0.032438478747203625,0.032438478747203625,0.04983748645720477,0.018763796909492272,0.031483315545134866,0.08221601093412556,4517426.6,9819560.9,0.012780452737573,0.3423240646127058,23.464956678243194,358.02176534891606,808132736.0,48.03921568627451,47.16775599128538,-0.052966101694915224,-0.018711018711018657,0.0041753653444676075,-0.013079547219576751,-0.018418201516793065,4530.0
2023-05-31,4625.0,4780.0,4495.0,4530.0,3442914,-0.018418201516793076,-0.018589928459872836,4686.428571428572,4535.0,4436.9047619047615,0.03196653733778572,285.0,95.0,53.27737354550152,175.89065416470203,196.11293814908586,-20.222283984383836,5064.575840497471,3843.924159502529,0.2740420230105948,0.5620570152643846,4538.333333333333,4629.0,4681.0,4454.25,0.9786130913804277,1.0170062300050513,174.75,-0.018418201516793076,0.018418201516793076,0.06291390728476821,-0.02054054054054054,0.03159262248558677,0.08113101137622175,3862123.8,9836755.65,0.02422807627134782,0.3500050344342954,23.470305982333226,352.8059249668506,804689822.0,42.48366013071895,43.02832244008712,0.032438478747203625,-0.052966101694915224,-0.018711018711018657,-0.012981941488168225,-0.02869757174392936,4400.0
2023-06-01,4595.0,4595.0,4370.0,4400.0,1442410,-0.028697571743929395,-0.02911739857072721,4619.285714285715,4533.214285714285,4451.666666666667,0.026929323793660205,225.0,195.0,50.50212238573742,149.8267939795578,186.85570931518026,-37.02891533562246,5065.874597690133,3849.625402309867,0.2728392564366028,0.4525179541993909,4515.0,4547.0,4700.0,4457.75,0.9676709918627666,0.987045033929673,89.25,-0.028697571743929395,0.028697571743929395,0.05113636363636364,-0.042437431991294884,0.03114132635778359,0.07996159117384503,3126449.0,9739847.85,-0.5810496573542063,0.1480936891637378,22.571185703800758,343.6769303263613,803247412.0,33.98692810457516,41.50326797385619,-0.018418201516793076,0.032438478747203625,-0.052966101694915224,-0.004892431504506282,0.011363636363636364,4450.0
2023-06-02,4410.0,4455.0,4360.0,4450.0,1176338,0.011363636363636465,0.011299555253933466,4570.714285714285,4548.571428571428,4457.380952380952,0.028581748405999974,95.0,-40.0,51.54753255333404,131.6875668375842,175.82208081966104,-44.13451398207684,5067.635624886803,3852.3643751131967,0.2724823429985665,0.4917713843704746,4460.0,4493.0,4635.0,4460.0,0.9904295570888048,0.9977578475336323,33.0,0.011363636363636465,0.011363636363636465,0.021348314606741574,0.009070294784580499,0.03360094329430127,0.03622243719994302,2548437.4,9591925.85,-0.18446350205558748,0.12263835421538419,22.378576156462245,325.91429244590694,804423750.0,37.254901960784316,37.90849673202613,-0.028697571743929395,-0.018418201516793076,0.032438478747203625,-0.011917378965695336,0.0348314606741573,4605.0
2023-06-05,4475.0,4605.0,4470.0,4605.0,1790809,0.03483146067415732,0.03423857352912134,4541.428571428572,4585.714285714285,4466.9047619047615,0.03306514671115191,135.0,-130.0,54.73886439634643,128.33988099315866,166.32564085436059,-37.98575986120193,5079.960500420082,3876.5394995799174,0.26872573010443024,0.6053247366561745,4485.0,4520.0,4626.0,4478.25,1.0188053097345133,1.0283034667559872,41.75,0.03483146067415732,0.03483146067415732,0.029315960912052116,0.02905027932960894,0.028977250488324637,0.03048971876242246,2242788.6,8521623.0,0.522359219884081,0.2101488178953704,22.83307597983383,313.7061286997707,806214559.0,47.38562091503268,39.5424836601307,0.011363636363636465,-0.028697571743929395,-0.018418201516793076,0.00583250843128813,-0.00760043431053203,4570.0
2023-06-07,4610.0,4615.0,4540.0,4570.0,1017195,-0.007600434310532034,-0.0076294648011568395,4520.0,4631.071428571428,4482.619047619048,0.032617128351846846,75.0,40.0,53.875941545140975,121.4624646649836,157.35300561648518,-35.89054095150158,5088.523294811414,3895.9767051885856,0.26546754735885775,0.5651966142677832,4541.666666666667,4511.0,4596.0,4492.25,1.0130791398802925,1.01730758528577,18.75,-0.007600434310532034,0.007600434310532034,0.016411378555798686,-0.008676789587852495,0.025240782436245522,0.027280071773273858,1773933.2,8400962.75,-0.4319913513948165,0.12108076541584475,22.2598278811672,296.65569093550135,805197364.0,33.85826771653543,39.49959686411746,0.03483146067415732,0.011363636363636465,-0.028697571743929395,0.012864887575753917,0.015317286652078774,4640.0
2023-06-08,4450.0,4720.0,4395.0,4640.0,4123010,0.015317286652078765,0.015201161332050557,4544.285714285715,4661.785714285715,4499.285714285715,0.024504173304199288,325.0,-190.0,55.39060854741263,120.27403347151267,149.93721118749068,-29.66317771597801,5089.573119074605,3948.4268809253954,0.2525218495572492,0.6060337369172301,4605.0,4533.0,4581.0,4519.0,1.0236046768144718,1.0267758353618057,14.0,0.015317286652078765,0.015317286652078765,0.07004310344827586,0.04269662921348315,0.024140973531947395,0.027774539422339584,1909952.4,8497820.3,3.0533132781816663,0.485184418409036,23.674563682377052,298.68028444010844,809320374.0,39.37007874015748,40.20465579057518,-0.007600434310532034,0.03483146067415732,0.011363636363636465,0.014182771005234684,0.0010775862068965517,4645.0
2023-06-09,4730.0,4775.0,4605.0,4645.0,3990273,0.0010775862068965747,0.001077006027637966,4548.571428571428,4629.285714285715,4525.0,0.021516716276810188,170.0,85.0,55.503011292985846,118.37114255387587,143.62399746076773,-25.252854906891855,5095.735643326172,3984.264356673828,0.24481746402034013,0.5944693769969092,4618.333333333333,4582.0,4564.5,4540.0,1.0137494543867307,1.0231277533039647,42.0,0.0010775862068965747,0.0010775862068965747,0.03659849300322928,-0.017970401691331923,0.016055685468287187,0.02770495384337072,2419525.0,8467416.3,-0.03219419792821265,0.4712503624039366,23.642916858879957,289.4888355515293,813310647.0,34.33734939759036,35.85523195142774,0.015317286652078765,-0.007600434310532034,0.03483146067415732,0.002931479516147769,-0.01829924650161464,4560.0
2023-06-12,4645.0,4725.0,4555.0,4560.0,2301586,-0.01829924650161463,-0.01846874873950712,4552.857142857143,4619.642857142857,4540.952380952381,0.021498439011769673,170.0,85.0,53.05555423187913,108.75068793118317,136.64933555485084,-27.89864762366767,5099.877709627614,3993.622290372385,0.24330684978396203,0.5119773424557962,4615.0,4604.0,4548.5,4546.75,0.9904430929626412,1.0029141694617034,57.25,-0.01829924650161463,0.01829924650161463,0.03728070175438596,-0.01829924650161464,0.020696329817967065,0.027679528114935185,2644574.6,7765723.7,-0.42320086871249163,0.2963775288579994,23.07418691107963,280.9539187264201,811009061.0,24.096385542168676,32.60127122663882,0.0010775862068965747,0.015317286652078765,-0.007600434310532034,-0.0006347912142130966,-0.020833333333333332,4465.0
2023-06-13,4560.0,4560.0,4460.0,4465.0,1302140,-0.02083333333333337,-0.02105340919783238,4562.142857142857,4590.714285714285,4542.857142857143,0.019765385397624752,100.0,95.0,50.3815655982514,92.39562305093932,127.79859305406855,-35.40297000312923,5093.3572199495175,4023.1427800504825,0.23478625347425763,0.41286792952560303,4556.666666666667,4576.0,4548.0,4558.25,0.975743006993007,0.9795425876158613,17.75,-0.02083333333333337,0.02083333333333337,0.022396416573348264,-0.020833333333333332,0.014818541604056434,0.02265611681694933,2546840.8,7663400.65,-0.4342423007439218,0.1699167327236114,22.483544116334368,268.0286388173901,809706921.0,15.671641791044776,24.70179224360125,-0.01829924650161463,0.0010775862068965747,0.015317286652078765,-0.012684997876017142,0.0425531914893617,4655.0
2023-06-14,4560.0,4680.0,4490.0,4655.0,3075759,0.042553191489361764,0.04167269640056808,4591.428571428572,4581.071428571428,4562.857142857143,0.024812315949914964,190.0,-95.0,55.24037455996695,93.68557936355774,120.97599031596638,-27.29041095240865,5074.335620011605,4099.164379988395,0.21260614596897803,0.5699877080033406,4560.0,4593.0,4552.0,4586.75,1.0134988025255824,1.0148798168637925,6.25,0.042553191489361764,0.042553191489361764,0.04081632653061224,0.020833333333333332,0.02615776215270571,0.02441674911751844,2958553.6,7728491.25,1.362080114273427,0.39797664259502136,23.384759447814726,264.24087890186223,812782680.0,50.427350427350426,30.06512592018794,-0.02083333333333337,-0.01829924650161463,0.0010775862068965747,0.0011402038848045877,0.0,4655.0
2023-06-15,4640.0,4715.0,4530.0,4655.0,2617271,0.0,0.0,4598.571428571428,4570.0,4590.0,0.02158216010926572,185.0,-15.0,55.24037455996695,93.62858696616695,115.5065096460065,-21.877922679839557,5002.007931950492,4243.492068049508,0.1640832543185299,0.542517238643027,4591.666666666667,4596.0,4564.5,4622.75,1.0128372497824194,1.0069763668811855,-26.75,0.0,0.0,0.0397422126745435,0.003232758620689655,0.025380990630136546,0.02345407134567555,2657405.8,7715636.6,-0.14906499501423875,0.33921646854129966,23.223339919631645,258.5808161231578,812782680.0,68.6046511627907,44.90121446039527,0.042553191489361764,-0.02083333333333337,-0.01829924650161463,0.007239952718676131,0.0,4655.0
2023-06-16,4665.0,4765.0,4620.0,4655.0,2444275,0.0,0.0,4610.714285714285,4565.357142857143,4624.285714285715,0.0212315521859942,145.0,10.0,55.24037455996695,92.51694235890955,110.90859618858713,-18.39165382967758,4970.738028418375,4319.261971581625,0.1402531876935951,0.5153497582836046,4655.0,4598.0,4590.0,4645.0,1.012396694214876,1.0021528525296017,-47.0,0.0,0.0,0.031149301825993556,-0.0021436227224008574,0.025383676789508154,0.02074822542449718,2348206.2,7095908.3,-0.06609785536155788,0.3444625968461289,23.154956303200994,250.46790068578937,812782680.0,70.23809523809524,63.09003227607877,0.0,0.042553191489361764,-0.02083333333333337,0.014184397163120588,0.06659505907626208,4965.0
2023-06-19,4635.0,5060.0,4590.0,4965.0,16176627,0.06659505907626206,0.0644713867681055,4657.142857142857,4600.714285714285,4660.238095238095,0.03168579849078213,470.0,-330.0,62.68627916538356,115.32101632919239,111.7910802167082,3.5299361124841937,4927.882707516181,4348.617292483819,0.12488878672610607,1.064076486392245,4758.333333333333,4679.0,4641.5,4638.25,1.061124171831588,1.0704468280062525,40.75,0.06659505907626206,0.06659505907626206,0.094662638469285,0.07119741100323625,0.03577638486463394,0.02834294596599251,5123214.4,4921497.35,5.618169804952389,3.2869319740667953,25.109246557110517,266.1487649225187,828959307.0,86.42857142857143,75.09043927648577,0.0,0.0,0.042553191489361764,0.022198353025420687,-0.032225579053373615,4805.0
2023-06-20,5130.0,5180.0,4770.0,4805.0,8925979,-0.03222557905337364,-0.03275625507488013,4680.0,4614.285714285715,4646.190476190476,0.03555897867401007,410.0,325.0,57.38062128101415,119.1097236696778,113.25480890730213,5.854914762375671,4941.97060008622,4345.52939991378,0.12843955858356707,0.7703535569866408,4808.333333333333,4747.0,4661.5,4643.75,1.012218243100906,1.0347240915208613,103.25,-0.03222557905337364,0.03222557905337364,0.08532778355879292,-0.06335282651072124,0.03905363128477953,0.030054745166888764,6647982.2,4822937.4,-0.4482175425074708,1.8507349898424972,24.48188889291872,276.4238531423388,820033328.0,54.26829268292683,70.31165311653115,0.06659505907626206,0.0,0.0,0.011456493340962806,-0.029136316337148804,4665.0
2023-06-21,4740.0,5020.0,4660.0,4665.0,5412473,-0.02913631633714875,-0.02956920812294861,4695.0,4623.928571428572,4644.761904761905,0.0369902989273758,360.0,75.0,53.14224614437328,109.55261718521979,112.51437056288567,-2.961753377665886,4912.447269116161,4354.552730883839,0.12040456204431246,0.5564622842514414,4811.666666666667,4749.0,4671.0,4633.5,0.9823120656980417,1.0067983166073162,115.5,-0.02913631633714875,0.02913631633714875,0.07717041800643087,-0.015822784810126583,0.03973926763279023,0.03175429290205284,7115325.0,4091309.6,-0.39362696237577977,1.3229194388026757,23.952059776148833,282.3935779178861,814620855.0,37.19512195121951,59.297328687572566,-0.03222557905337364,0.06659505907626206,0.0,0.0017443878952465575,-0.04072883172561629,4475.0
2023-06-22,4685.0,4710.0,4475.0,4475.0,2899834,-0.040728831725616255,-0.041581482572488414,4696.428571428572,4629.285714285715,4625.952380952381,0.0399349228463551,235.0,210.0,47.96424643850787,85.65969766394574,107.14343598309769,-21.483738319151954,4895.058017991008,4340.441982008992,0.12010525385350335,0.24261472669602174,4648.333333333333,4713.0,4654.5,4617.75,0.9495013791640144,0.9690866764116723,95.25,-0.040728831725616255,0.040728831725616255,0.05251396648044693,-0.044823906083244394,0.04395783210136906,0.03410098350593613,7171837.6,3900329.9,-0.46423123034516756,0.7434842883418656,23.28642568272506,279.0083223523228,811721021.0,14.024390243902438,35.16260162601623,-0.02913631633714875,-0.03222557905337364,0.06659505907626206,-0.034030242372046215,-0.02569832402234637,4360.0
2023-06-23,4425.0,4550.0,4345.0,4360.0,1606144,-0.025698324022346397,-0.02603429436587577,4654.285714285715,4622.857142857143,4605.476190476191,0.03628210162305807,205.0,65.0,45.0998933495136,56.79020575794584,97.07278993806733,-40.28258418012149,4879.808291133165,4310.691708866835,0.12384888357898476,0.08664005349626246,4500.0,4654.0,4626.0,4595.25,0.9368285345938977,0.9488058321092432,58.75,-0.025698324022346397,0.025698324022346397,0.047018348623853214,-0.014689265536723164,0.04442019649546605,0.03478097231652504,7004211.4,3724597.9,-0.44612553684107437,0.43122614658618585,22.669574169716068,273.7220136128712,810114877.0,1.7964071856287425,17.671973126916875,-0.040728831725616255,-0.02913631633714875,-0.03222557905337364,-0.03185449069503713,-0.008027522935779817,4325.0
2023-06-26,4330.0,4410.0,4290.0,4325.0,1278742,-0.008027522935779796,-0.008059916977100286,4607.142857142857,4602.857142857143,4582.380952380952,0.036063049328514125,120.0,5.0,44.23408677427586,30.732453344322494,83.80472261931837,-53.072269274995875,4877.874810980983,4273.125189019017,0.13217126477149296,0.08577898868739692,4386.666666666667,4526.0,4602.5,4575.5,0.9555899248784799,0.9452518850398863,-49.5,-0.008027522935779796,0.008027522935779796,0.027745664739884393,-0.0011547344110854503,0.012060962152178474,0.03452078058150034,4024634.4,3585215.2,-0.20384349099458077,0.3566709189451166,22.433554759665714,262.7418697833804,808836135.0,3.932584269662921,6.58446056639801,-0.025698324022346397,-0.040728831725616255,-0.02913631633714875,-0.024818226227914148,0.010404624277456647,4370.0
2023-06-27,4330.0,4420.0,4295.0,4370.0,921512,0.010404624277456698,0.010350868723656188,4566.428571428572,4588.571428571428,4565.714285714285,0.03677080396858253,125.0,-40.0,45.67802971294721,13.55635155764594,69.75504840698389,-56.19869684933795,4883.346018959716,4257.653981040284,0.13689794068907835,0.17955481634909753,4351.666666666667,4439.0,4593.0,4570.5,0.9844559585492227,0.956131714254458,-131.5,0.010404624277456698,0.010404624277456698,0.028604118993135013,0.009237875288683603,0.020025757871816114,0.03431646350140136,2423741.0,3465338.15,-0.2793604964879546,0.26592267770462746,22.116289366591523,252.90316479885325,809757647.0,8.98876404494382,4.905918500078471,-0.008027522935779796,-0.025698324022346397,-0.040728831725616255,-0.007773740893556498,0.0,4370.0
2023-06-28,4405.0,4505.0,4350.0,4370.0,1663758,0.0,0.0,4481.428571428572,4569.285714285715,4560.952380952381,0.019141655231679277,155.0,35.0,45.6780297129472,-0.05519658357025037,55.792999408873065,-55.848195992443316,4882.729745536071,4233.770254463929,0.1423703155974645,0.20992026067914785,4355.0,4380.0,4564.5,4558.25,0.997716894977169,0.9587012559644601,-178.25,0.0,0.0,0.03546910755148741,-0.007945516458569807,0.020441728328598772,0.030674475504203446,1673998.0,3380452.45,0.8054653656165085,0.49217021230397723,22.7071077453218,245.9100815989352,809757647.0,8.98876404494382,7.30337078651683,0.010404624277456698,-0.008027522935779796,-0.025698324022346397,0.0007923671138923005,-0.021739130434782608,4275.0
2023-06-29,4430.0,4540.0,4230.0,4275.0,2238282,-0.021739130434782594,-0.02197890671877523,4405.714285714285,4542.857142857143,4544.761904761905,0.018188783305984103,310.0,155.0,42.954864301101125,-18.29723348528023,40.974952830042405,-59.272186315322635,4893.817761760567,4197.182238239433,0.15325828259182356,0.11170513006175492,4338.333333333333,4340.0,4526.5,4545.5,0.9850230414746544,0.9404905950940491,-205.5,-0.021739130434782594,0.021739130434782594,0.07251461988304093,-0.034988713318284424,0.014996698769059656,0.030980130241724246,1541687.6,3320220.85,0.345317047310967,0.6741364810114966,22.981758546753298,250.48793291329696,807519365.0,4.7368421052631575,7.57145673171691,0.0,0.010404624277456698,-0.008027522935779796,-0.003778168719108632,-0.021052631578947368,4185.0
2023-06-30,4295.0,4310.0,4135.0,4185.0,1224288,-0.021052631578947323,-0.02127739844728485,4337.142857142857,4516.071428571428,4528.333333333333,0.01746635320125323,175.0,110.0,40.492005390986435,-39.56039933721422,24.86788239659108,-64.4282817338053,4913.883013736946,4155.616986263054,0.16721231103674775,0.03875027058093756,4276.666666666667,4305.0,4479.5,4534.75,0.9721254355400697,0.922873366778764,-229.75,-0.021052631578947323,0.021052631578947323,0.04181600955794504,-0.025611175785797437,0.013800647266083701,0.03108701934880533,1465316.4,3309314.75,-0.4530233455838004,0.3699521177307175,22.357131991613485,245.09593770520434,806295077.0,4.784688995215311,6.1700983818074056,-0.021739130434782594,0.0,0.010404624277456698,-0.014263920671243305,0.013142174432497013,4240.0
2023-07-03,4225.0,4295.0,4150.0,4240.0,827993,0.0131421744324971,0.013056565302427837,4303.571428571428,4500.0,4520.714285714285,0.016023250895080776,145.0,-15.0,42.65582644996555,-51.381279713092226,9.61804997465442,-60.999329687746645,4924.319401873957,4124.180598126043,0.1768555680494919,0.14474913768892295,4233.333333333333,4288.0,4407.0,4524.25,0.9888059701492538,0.9371719069459027,-236.25,0.0131421744324971,0.0131421744324971,0.03419811320754717,0.0035502958579881655,0.01675337519065832,0.018449521514492914,1375166.6,3291897.5,-0.3236942614809587,0.25152453865893454,21.979078527736227,237.94622786911833,807123070.0,10.047846889952153,6.523125996810183,-0.021052631578947323,-0.021739130434782594,0.0,-0.00988319586041094,-0.0294811320754717,4115.0
2023-07-04,4225.0,4255.0,4095.0,4115.0,1142147,-0.02948113207547165,-0.02992443511483321,4268.571428571428,4461.428571428572,4504.761904761905,0.01681287607716884,160.0,110.0,39.169809499941564,-70.02862154931518,-6.3112843301394985,-63.717337219175676,4937.26060137531,4062.2393986246893,0.19445995949788786,0.06029636905878191,4180.0,4237.0,4338.0,4499.75,0.9712060420108567,0.9144952497360964,-262.75,-0.02948113207547165,0.02948113207547165,0.038882138517618466,-0.02603550295857988,0.01773674564499509,0.0181917906844377,1419293.6,3259464.4,0.37941625110357213,0.35040941082221977,22.27081449577928,232.3786401641813,805980923.0,1.8433179723502304,5.558617952505874,0.0131421744324971,-0.021052631578947323,-0.021739130434782594,-0.012463863073973958,-0.001215066828675577,4110.0
2023-07-05,4110.0,4155.0,4100.0,4110.0,573272,-0.0012150668286755595,-0.001215805620889878,4237.857142857143,4422.5,4481.190476190476,0.01702425532554425,55.0,0.0,39.03239864269012,-84.23917573382823,-21.896862610877246,-62.34231312295098,4945.929294647912,4007.5707053520878,0.20960710097633864,0.10915794432571735,4155.0,4185.0,4282.5,4476.75,0.982078853046595,0.9180767297704808,-291.75,-0.0012150668286755595,0.0012150668286755595,0.01338199513381995,0.0,0.0175414550694583,0.01796181063670377,1201196.4,3237268.25,-0.49807511642546887,0.17708510871782096,21.58029388556962,219.70873729531118,805407651.0,1.3824884792626728,4.424551113854995,-0.02948113207547165,0.0131421744324971,-0.021052631578947323,-0.005851341490550037,-0.024330900243309004,4010.0
2023-07-06,4120.0,4130.0,3995.0,4010.0,763250,-0.024330900243308973,-0.02463178718966539,4186.428571428572,4376.428571428572,4454.523809523809,0.016093844716013817,135.0,110.0,36.2903484109248,-102.39001817771896,-37.99549372424559,-64.39452445347337,4951.416968499523,3939.0830315004773,0.22773385906283017,0.07005293995156217,4078.3333333333335,4132.0,4236.0,4445.25,0.9704743465634076,0.9020864968224509,-313.25,-0.024330900243308973,0.024330900243308973,0.03366583541147132,-0.02669902912621359,0.01793257573009763,0.01569809763595149,906190.0,3069280.25,0.33139242802718427,0.24867393585189884,21.841887431224468,213.65811320278897,804644401.0,1.2658227848101267,1.4972097454743196,-0.0012150668286755595,-0.02948113207547165,0.0131421744324971,-0.018342366382485393,0.03615960099750624,4155.0
2023-07-07,3970.0,4165.0,3965.0,4155.0,772794,0.03615960099750626,0.035521186988933716,4155.714285714285,4318.571428571428,4431.428571428572,0.024180208364258274,200.0,-185.0,42.588351490761454,-103.87697430124808,-51.171789839646095,-52.70518446160199,4933.598341181512,3907.9016588184877,0.2320187032433466,0.24090780971645653,4091.6666666666665,4126.0,4215.5,4420.75,1.0070285991274843,0.9398857659899338,-294.75,0.03615960099750626,0.03615960099750626,0.048134777376654635,0.04659949622166247,0.02709374406241463,0.02059787027546768,815891.2,2908406.3,0.012504421880118022,0.26571046830699,21.88983550547613,212.68253368830403,805417195.0,15.637860082304528,6.095390448792418,-0.024330900243308973,-0.0012150668286755595,-0.02948113207547165,0.0035378779751739087,0.04091456077015644,4325.0
2023-07-10,4130.0,4335.0,4130.0,4325.0,1673933,0.04091456077015643,0.04009971207643112,4162.857142857143,4284.285714285715,4416.190476190476,0.02880191620051656,205.0,-195.0,48.95898397844167,-90.29693167095138,-58.99681820590716,-31.30011346504422,4919.176440067549,3898.823559932451,0.23142501250512545,0.417675539869228,4163.333333333333,4143.0,4215.5,4409.0,1.0439295196717355,0.9809480607847585,-266.0,0.04091456077015643,0.04091456077015643,0.047398843930635835,0.04721549636803874,0.03296554897077105,0.0250335666597732,985079.2,2877023.65,1.1660791879854138,0.5818280291161319,22.702853924839822,212.13378128199662,807091128.0,34.12322274881517,17.00896853864325,0.03615960099750626,-0.024330900243308973,-0.0012150668286755595,0.01758108717478457,0.006936416184971098,4355.0
2023-07-11,4395.0,4415.0,4230.0,4355.0,1902277,0.006936416184971206,0.006912469920623581,4187.142857142857,4262.142857142857,4406.428571428572,0.02697275667754782,185.0,40.0,50.01311745119962,-76.2351098760364,-62.444476539933014,-13.79063333610339,4913.506191912874,3893.493808087126,0.23163673982644437,0.45245155767806305,4278.333333333333,4191.0,4214.0,4403.5,1.0391314722023384,0.9889860338367208,-212.5,0.006936416184971206,0.006936416184971206,0.04247990815154994,-0.009101251422070534,0.027108480434024952,0.024901391318754386,1137105.2,2907030.5,0.13641167239071095,0.6543711873680031,22.837642037063315,210.1956540475683,808993405.0,52.348993288590606,34.03669203990341,0.04091456077015643,0.03615960099750626,-0.024330900243308973,0.028003525984211297,-0.01951779563719862,4270.0
2023-07-12,4375.0,4375.0,4250.0,4270.0,1027605,-0.019517795637198576,-0.019710783063932886,4191.428571428572,4247.5,4397.142857142857,0.028291966770230582,125.0,105.0,47.04827029830608,-71.1298636278716,-64.18155395752073,-6.948309670350866,4883.230803343436,3885.2691966565644,0.22762424740534212,0.38551663788019047,4316.666666666667,4223.0,4204.0,4384.25,1.0111295287710158,0.9739408108570451,-161.25,-0.019517795637198576,0.019517795637198576,0.02927400468384075,-0.024,0.030331392960409136,0.025649265363915274,1227971.8,2804622.8,-0.4598026470382599,0.36639686449101105,22.2021105163631,204.1102501870277,807965800.0,52.136752136752136,46.20298939138595,0.006936416184971206,0.04091456077015643,0.03615960099750626,0.00944439377264302,-0.0234192037470726,4170.0
2023-07-13,4280.0,4280.0,4160.0,4170.0,858846,-0.023419203747072626,-0.02369779142982313,4199.285714285715,4233.928571428572,4374.047619047619,0.02723552779179645,120.0,110.0,43.76145081823558,-74.29663806446115,-66.20457077890882,-8.092067285552332,4850.649408544697,3869.3505914553034,0.22506853602967733,0.30637905937403,4265.0,4255.0,4193.5,4360.0,0.9800235017626322,0.9564220183486238,-105.0,-0.023419203747072626,0.023419203747072626,0.02877697841726619,-0.02570093457943925,0.030089979960963995,0.025797864431428622,1247091.0,2716701.55,-0.16422555359306346,0.3161355725659302,21.999016221735697,198.1023751736686,807106954.0,35.65217391304348,46.71263977946205,-0.019517795637198576,0.006936416184971206,0.04091456077015643,-0.012000194399766665,-0.02158273381294964,4080.0
2023-07-14,4205.0,4225.0,4070.0,4080.0,795992,-0.021582733812949617,-0.021819047394639725,4195.0,4216.428571428572,4346.666666666667,0.028701778879034495,155.0,125.0,40.9862311268333,-83.11053099267883,-69.58576282166283,-13.524768171016007,4816.472412377749,3846.0275876222513,0.22405652519607444,0.24109810924768219,4173.333333333333,4240.0,4183.0,4331.25,0.9622641509433962,0.941991341991342,-91.25,-0.021582733812949617,0.021582733812949617,0.03799019607843137,-0.029726516052318668,0.02766660222677007,0.025841446588158706,1251730.6,2634287.4,-0.07318424956278546,0.30216596716060673,21.901196682230882,195.02363408983516,806310962.0,20.0,35.929642016598514,-0.023419203747072626,-0.019517795637198576,0.006936416184971206,-0.02150657773240694,0.01715686274509804,4150.0
2023-07-17,4485.0,4560.0,4150.0,4150.0,3906830,0.017156862745097978,0.017011345826536538,4215.0,4200.714285714285,4322.619047619048,0.027278939756426944,410.0,335.0,43.96284140204288,-83.4848285177195,-72.36557596087417,-11.119252556845339,4678.841954576387,3902.158045423613,0.1810241018885384,0.31910272847900106,4133.333333333333,4205.0,4174.0,4290.5,0.9869203329369798,0.9672532338888241,-85.5,0.017156862745097978,0.017156862745097978,0.09879518072289156,-0.07469342251950947,0.018780508628265545,0.02613646606297662,1698310.0,2020797.55,3.9081272173589685,1.9333109345861983,23.509100474731206,215.37908879770407,810217792.0,31.092436974789916,28.91487029594444,-0.021582733812949617,-0.023419203747072626,-0.019517795637198576,-0.009281691604974754,-0.024096385542168676,4050.0
2023-07-18,4150.0,4150.0,4030.0,4050.0,980306,-0.02409638554216864,-0.024391453124159124,4200.0,4177.857142857143,4279.047619047619,0.025405638637139294,120.0,100.0,40.79703827008253,-90.80389548442963,-76.05323986558527,-14.750655618844362,4570.960043177373,3934.5399568226267,0.14964907091993337,0.18142111736086028,4093.3333333333335,4144.0,4167.5,4252.75,0.9773166023166023,0.9523249661983423,-108.75,-0.02409638554216864,0.02409638554216864,0.02962962962962963,-0.024096385542168676,0.01767007733091748,0.025552617816888733,1513915.8,1623513.9,-0.7490789207618453,0.6038174357484712,22.10209220715888,208.56629674072522,809237486.0,14.285714285714286,21.79271708683471,0.017156862745097978,-0.021582733812949617,-0.023419203747072626,-0.00950741887000676,-0.014814814814814815,3990.0
2023-07-19,4070.0,4095.0,3990.0,3990.0,748080,-0.014814814814814836,-0.014925650216675706,4152.142857142857,4157.5,4240.238095238095,0.01659580397497927,105.0,80.0,38.9831480808666,-100.28972976906607,-80.90053784628144,-19.389191922784633,4493.2568907160985,3944.743109283902,0.13001037720601957,0.0825082108200273,4063.3333333333335,4088.0,4155.5,4219.0,0.976027397260274,0.9457217350082958,-131.0,-0.014814814814814836,0.014814814814814836,0.02631578947368421,-0.019656019656019656,0.017446102153993222,0.025907074863809578,1458010.8,1390294.25,-0.23689133801078444,0.5380731453071894,21.816811713328264,201.16870411638772,808489406.0,4.201680672268908,16.52661064425768,-0.02409638554216864,0.017156862745097978,-0.021582733812949617,-0.0072514458706284994,-0.0012531328320802004,3985.0
2023-07-20,3965.0,4030.0,3965.0,3985.0,495182,-0.0012531328320801727,-0.0012539186595936988,4099.285714285715,4143.214285714285,4207.857142857143,0.015322522367816163,65.0,-20.0,38.82821888652318,-106.97760871265291,-86.11595201955575,-20.86165669309716,4459.867669470113,3929.1323305298874,0.12653125257843012,0.10526464957405962,4008.3333333333335,4051.0,4153.0,4194.5,0.9837077264872871,0.9500536416736202,-143.5,-0.0012531328320801727,0.0012531328320801727,0.01631116687578419,0.005044136191677175,0.01706018721357573,0.0247647955687269,1385278.0,1270061.65,-0.3380627740348626,0.3898881601534855,21.402973242473045,191.4423681080743,807994224.0,3.361344537815126,7.282913165266083,-0.014814814814814836,-0.02409638554216864,0.017156862745097978,-0.013388111063021216,-0.010037641154328732,3945.0
2023-07-21,3985.0,3985.0,3930.0,3945.0,504913,-0.010037641154328703,-0.010088357944340766,4052.8571428571427,4122.142857142857,4182.619047619048,0.015015606341895108,55.0,40.0,37.542762771972065,-114.1891650506468,-91.73059462577396,-22.458570424872846,4449.333113836058,3898.1668861639414,0.13205540046052514,0.08497094249381178,3973.3333333333335,4024.0,4132.0,4173.75,0.9803677932405567,0.945193171608266,-149.75,-0.010037641154328703,0.010037641154328703,0.01394169835234474,-0.010037641154328732,0.015639702484201747,0.021257634424026287,1327062.2,1215000.1,0.01965136050987315,0.4155662209410517,21.41234564997036,181.69648467178328,807489311.0,2.380952380952381,3.3146591970121144,-0.0012531328320801727,-0.014814814814814836,-0.02409638554216864,-0.008701862933741237,-0.050697084917617236,3745.0
2023-07-24,3900.0,3945.0,3735.0,3745.0,1254360,-0.05069708491761726,-0.05202733732865479,3992.1428571428573,4095.714285714286,4153.333333333333,0.021380070171263886,210.0,155.0,31.862767574605343,-134.4923597308334,-100.28294764678586,-34.20941208404756,4470.77026091382,3818.7297390861804,0.15731721378313268,-0.1130753942707723,3891.6666666666665,3943.0,4074.0,4144.75,0.9497844281004312,0.9035526871343266,-201.75,-0.05069708491761726,0.05069708491761726,0.056074766355140186,-0.03974358974358974,0.018950656342358915,0.01889454099893672,796568.2,1213781.0,1.4843091780168067,1.0334318958691888,22.27031293647895,183.71816433808448,806234951.0,1.2121212121212122,2.3181393769628826,-0.010037641154328703,-0.0012531328320801727,-0.014814814814814836,-0.02066261963467538,-0.017356475300400534,3680.0
2023-07-25,3720.0,3795.0,3665.0,3680.0,814913,-0.01735647530040052,-0.017508864788343226,3935.0,4065.0,4122.619047619048,0.021224424898586763,130.0,40.0,30.26039194025813,-154.0519298109698,-111.03674407962265,-43.015185731347145,4479.124176237286,3741.375823762714,0.17948989781024796,-0.08319344063168126,3790.0,3869.0,4006.5,4110.25,0.9511501680020678,0.8953226689374125,-241.25,-0.01735647530040052,0.01735647530040052,0.035326086956521736,-0.010752688172043012,0.01884181456911152,0.0173861725098615,763489.6,1208451.05,-0.3503356293249147,0.6743450634595418,21.821504669555154,179.88115259964988,805420038.0,1.675977653631285,1.756350415568269,-0.05069708491761726,-0.010037641154328703,-0.0012531328320801727,-0.026030400457448827,-0.03804347826086957,3540.0
2023-07-26,3655.0,3710.0,3450.0,3540.0,1256577,-0.03804347826086951,-0.03878602503515642,3847.8571428571427,4031.4285714285716,4083.095238095238,0.017455129609190656,260.0,115.0,27.099292538914966,-178.7888929243427,-124.58717384856666,-54.201719075776026,4496.619569402934,3640.8804305970657,0.2103199112272487,-0.11788689569328124,3655.0,3779.0,3933.5,4068.75,0.9367557554908706,0.8700460829493087,-289.75,-0.03804347826086951,0.03804347826086951,0.07344632768361582,-0.03146374829001368,0.020402774143135315,0.018675337121105945,865189.0,1188092.0,0.5419768736049124,1.0576428424734785,22.215783921777835,185.6039274139606,804163461.0,8.108108108108109,3.665402324620178,-0.01735647530040052,-0.05069708491761726,-0.010037641154328703,-0.03536567949296243,0.031073446327683617,3650.0
2023-07-27,3525.0,3705.0,3525.0,3650.0,839327,0.031073446327683607,0.030600440448717042,3790.714285714286,3995.3571428571427,4048.809523809524,0.026568878927561726,180.0,-125.0,33.019805558684624,-187.3572954442293,-137.1411981676992,-50.21609727653009,4492.385757780543,3582.614242219457,0.22533040633091908,0.07406888062326716,3623.3333333333335,3712.0,3881.5,4037.5,0.9832974137931034,0.9040247678018576,-325.5,0.031073446327683607,0.031073446327683607,0.049315068493150684,0.03546099290780142,0.03137665739253317,0.024188998616882857,934018.0,1118144.25,-0.332052870615967,0.7506428620457513,21.84283810612164,185.203646884392,805002788.0,18.01801801801802,9.267367926585779,-0.03804347826086951,-0.01735647530040052,-0.05069708491761726,-0.008108835744528808,0.012328767123287671,3695.0
2023-07-28,3610.0,3710.0,3550.0,3695.0,514242,0.012328767123287676,0.012253386805764967,3748.5714285714284,3950.3571428571427,4021.190476190476,0.028474548963591695,160.0,-85.0,35.33352809512883,-188.34556185788097,-147.38207090573556,-40.963490952145406,4486.824306768037,3539.175693231963,0.2361446831637363,0.16443258032805128,3628.3333333333335,3662.0,3843.0,4013.0,1.0090114691425451,0.9207575380014952,-351.0,0.012328767123287676,0.012328767123287676,0.04330175913396482,0.023545706371191136,0.034096104031788775,0.02520248878012186,935883.8,1082641.95,-0.3873162664849338,0.47498806045710684,21.365185084666905,183.4033863926497,805517030.0,22.07207207207207,16.066066066066043,0.031073446327683607,-0.03804347826086951,-0.01735647530040052,0.001786245063367257,0.02165087956698241,3775.0
2023-07-31,3715.0,3790.0,3705.0,3775.0,403102,0.021650879566982306,0.02141982830082283,3718.5714285714284,3908.9285714285716,4001.6666666666665,0.03094670050728113,85.0,-60.0,39.344912337403635,-180.59169010951246,-154.02399474649096,-26.5676953630215,4462.307153324225,3517.1928466757754,0.2368855960018671,0.2727788072941744,3706.6666666666665,3668.0,3805.5,3989.75,1.0291712104689203,0.9461745723416254,-321.75,0.021650879566982306,0.021650879566982306,0.022516556291390728,0.016150740242261104,0.02879338033406415,0.025765876166409376,765632.2,1061397.4,-0.2161239260892731,0.37978423538629363,21.143100572981233,177.08885879317472,805920132.0,29.27927927927928,23.123123123123097,0.012328767123287676,0.031073446327683607,-0.03804347826086951,0.021684364339317863,0.0,3775.0
2023-08-01,3825.0,3850.0,3700.0,3775.0,549380,0.0,0.0,3694.285714285714,3873.5714285714284,3979.5238095238096,0.03105349959359764,150.0,50.0,39.344912337403635,-172.4586944079756,-157.71093467878788,-14.74775972918772,4450.766460848479,3494.733539151521,0.24064764248869375,0.29315565864720006,3748.3333333333335,3687.0,3778.0,3972.75,1.023867643070247,0.9502233968913222,-285.75,0.0,0.0,0.039735099337748346,-0.013071895424836602,0.0268687575624725,0.025333253000616347,712525.6,1031759.05,0.3628808589389285,0.5324692814664431,21.45270131079689,175.15394030794798,805920132.0,29.27927927927928,26.876876876876853,0.021650879566982306,0.012328767123287676,0.031073446327683607,0.01132654889675666,-0.009271523178807948,3740.0
2023-08-02,3775.0,3860.0,3675.0,3740.0,756136,-0.009271523178807972,-0.009314771274547485,3693.5714285714284,3842.8571428571427,3961.6666666666665,0.023954009925781762,185.0,35.0,38.14432849336493,-166.9133707739179,-159.5514218978139,-7.361948876104009,4438.499555063242,3470.0004449367584,0.24492612002945782,0.27878141780427684,3763.3333333333335,3727.0,3753.0,3954.25,1.0034880601019587,0.9458177909843839,-227.25,-0.009271523178807972,0.009271523178807972,0.04946524064171123,-0.009271523178807948,0.016201563094304632,0.02519660218386665,612437.4,1040902.25,0.37634424260074995,0.7264236387230405,21.762817423924737,175.85723028595172,805163996.0,26.126126126126128,28.228228228228204,0.0,0.021650879566982306,0.012328767123287676,0.004126452129391445,-0.0374331550802139,3600.0
2023-08-03,3665.0,3690.0,3560.0,3600.0,672519,-0.03743315508021394,-0.03815176596437629,3682.1428571428573,3808.5714285714284,3937.3809523809523,0.02745605307294036,130.0,65.0,33.712891395741465,-171.83468848770235,-162.0080752157916,-9.826613271910759,4442.172482835517,3425.3275171644827,0.2584925238439236,0.17177887360660501,3705.0,3717.0,3714.5,3933.75,0.9685230024213075,0.9151572926596759,-216.75,-0.03743315508021394,0.03743315508021394,0.03611111111111111,-0.017735334242837655,0.022779245161075913,0.026950174530701938,579075.8,1036365.7,-0.11058460382788282,0.6489205499564488,21.607474767704375,176.15314240838376,804491477.0,13.513513513513514,22.97297297297295,-0.009271523178807972,0.0,0.021650879566982306,-0.015568226086340639,0.005555555555555556,3620.0
2023-08-04,3575.0,3635.0,3575.0,3620.0,330060,0.005555555555555536,0.005540180375615351,3693.5714285714284,3770.714285714286,3918.809523809524,0.022535210185366056,60.0,-45.0,34.87684768999982,-172.1367500755655,-164.03381018774638,-8.102939887819105,4422.65390269872,3391.3460973012798,0.2639641170712671,0.22171256874236756,3653.3333333333335,3702.0,3682.0,3907.0,0.97784981091302,0.9265421039160481,-205.0,0.005555555555555536,0.005555555555555536,0.016574585635359115,0.012587412587412588,0.02185629616259045,0.027381182583592057,542239.4,1014229.0,-0.5092183269171577,0.325429464154545,20.901259040754322,167.85648937921349,804821537.0,24.285714285714285,21.308451308451286,-0.03743315508021394,-0.009271523178807972,0.0,-0.013716374234488793,0.026243093922651933,3715.0
2023-08-07,3615.0,3725.0,3595.0,3715.0,709292,0.026243093922651894,0.02590465233204276,3702.8571428571427,3746.785714285714,3897.8571428571427,0.021635274135684175,130.0,-100.0,40.24426636663956,-162.83338807089376,-163.79372576437586,0.9603376934821028,4359.158209676808,3393.841790323192,0.24901752079288428,0.33269734486838853,3645.0,3690.0,3679.0,3876.5,1.0067750677506775,0.9583387075970592,-186.5,0.026243093922651894,0.026243093922651894,0.034993270524899055,0.027662517289073305,0.023250421924535136,0.024807881268696517,603477.4,965996.95,1.148978973519966,0.7342590470911943,21.692156525932432,165.15245442355538,805530829.0,41.08527131782946,26.294833039019064,0.005555555555555536,-0.03743315508021394,-0.009271523178807972,-0.0018781685340021708,-0.040376850605652756,3565.0
2023-08-08,3715.0,3730.0,3545.0,3565.0,499488,-0.04037685060565277,-0.04121462430346324,3684.285714285714,3716.4285714285716,3861.6666666666665,0.02651496708682327,185.0,150.0,35.297450616259,-165.65459005502908,-164.16589862250652,-1.4886914325225575,4282.662133058336,3391.3378669416643,0.23229717647033396,0.19483608789755974,3633.3333333333335,3648.0,3667.5,3837.0,0.9772478070175439,0.9291112848579619,-189.0,-0.04037685060565277,0.04037685060565277,0.051893408134642355,-0.040376850605652756,0.028398138722713753,0.027468655111474737,593499.0,895857.5,-0.29579355187990275,0.5575529590364539,21.300258186168122,166.5701362504443,805031341.0,19.82758620689655,28.39952393681341,0.026243093922651894,0.005555555555555536,-0.03743315508021394,-0.002859400375815113,0.015427769985974754,3620.0
2023-08-09,3565.0,3630.0,3525.0,3620.0,294191,0.015427769985974837,0.01530997197142051,3662.1428571428573,3690.3571428571427,3826.6666666666665,0.025579908334012365,105.0,-55.0,38.29257759877582,-161.58966750636,-163.65065239927722,2.0609848929172188,4210.220930793829,3398.779069206171,0.21328475794129542,0.2726269635152797,3633.3333333333335,3624.0,3675.5,3804.5,0.9988962472406181,0.9515047969509791,-180.5,0.015427769985974837,0.015427769985974837,0.029005524861878452,0.015427769985974754,0.030830343323416158,0.024939698124108494,501110.0,859186.8,-0.41101487923633806,0.3424063311959634,20.786213801005957,162.17226937541258,805325532.0,31.77570093457944,30.896186153101795,-0.04037685060565277,0.026243093922651894,0.005555555555555536,0.0004313377676579873,-0.0027624309392265192,3610.0
2023-08-10,3605.0,3635.0,3560.0,3610.0,442355,-0.002762430939226568,-0.002766253492890185,3638.5714285714284,3666.4285714285716,3795.2380952380954,0.02549317692278939,75.0,-5.0,37.94861456890822,-157.36114223311324,-162.39275036604442,5.031608132931183,4152.1972465332055,3400.802753466794,0.19896583955154548,0.2784120038988844,3598.3333333333335,3626.0,3671.5,3776.5,0.9955874241588527,0.9559115583211969,-150.5,-0.002762430939226568,0.002762430939226568,0.02077562326869806,0.0013869625520110957,0.02545663181351302,0.02284245890120262,455077.2,838362.25,0.5036319941806513,0.5276418397894228,21.191331058067433,155.94567870574028,804883177.0,32.323232323232325,27.97550648823608,0.015427769985974837,-0.04037685060565277,0.026243093922651894,-0.009237170519634833,0.024930747922437674,3700.0
2023-08-11,3615.0,3730.0,3600.0,3700.0,687611,0.024930747922437657,0.024625047305389194,3632.8571428571427,3663.214285714286,3772.8571428571427,0.027951952717218058,130.0,-85.0,42.91821953987855,-145.0754185320443,-158.9292839992444,13.853865467200109,4106.023200164111,3408.97679983589,0.1855080240394467,0.4175090783441031,3643.3333333333335,3642.0,3672.0,3757.5,1.0159253157605712,0.9846972721224219,-115.5,0.024930747922437657,0.024930747922437657,0.03513513513513514,0.02351313969571231,0.02773122409117109,0.023970896643515496,526587.4,832943.2,0.5544325259124459,0.8255196752911844,21.65706664906131,154.09241594104455,805570788.0,60.97560975609756,41.69151433796975,-0.002762430939226568,0.015427769985974837,-0.04037685060565277,0.012532028989728642,-0.041891891891891894,3545.0
2023-08-14,3665.0,3680.0,3515.0,3545.0,708372,-0.04189189189189191,-0.042794659666087954,3625.0,3653.5714285714284,3747.3809523809523,0.0290010117629057,165.0,120.0,37.367622219077575,-146.1612427715827,-156.37567575371207,10.214432982129381,4034.9661200299993,3419.5338799700007,0.16511697365618044,0.20386666778745224,3618.3333333333335,3608.0,3649.0,3727.25,0.9825388026607539,0.9511033603863438,-119.25,-0.04189189189189191,0.04189189189189191,0.0465444287729196,-0.03274215552523874,0.031037399794958467,0.026043157407138084,526403.4,673020.3,0.030192943393866578,1.0525269445810177,21.644018097782403,156.30010051668424,804862416.0,23.170731707317074,38.82319126221563,0.024930747922437657,-0.002762430939226568,0.015427769985974837,-0.006574524969560273,-0.03385049365303244,3425.0
2023-08-16,3515.0,3525.0,3375.0,3425.0,819285,-0.03385049365303239,-0.034436688269902156,3597.1428571428573,3645.3571428571427,3712.8571428571427,0.031084261590162875,150.0,90.0,33.73052162106367,-154.91895415274212,-156.0843314335181,1.1653772807759708,3992.4456105257777,3399.5543894742223,0.1604142914100529,0.04291783993807034,3556.6666666666665,3580.0,3614.0,3696.0,0.9567039106145251,0.9266774891774892,-116.0,-0.03385049365303239,0.03385049365303239,0.043795620437956206,-0.025604551920341393,0.029482824708787398,0.027349855134864348,590362.8,664969.25,0.1565745116972439,1.2320644902001108,21.75504403870303,157.27866476549252,804043131.0,10.309278350515465,31.48520660464334,-0.04189189189189191,0.024930747922437657,-0.002762430939226568,-0.01693721254082888,0.013138686131386862,3470.0
2023-08-17,3350.0,3470.0,3285.0,3470.0,699453,0.013138686131386912,0.013053122244579262,3562.1428571428573,3632.5,3685.2380952380954,0.029068326888634432,185.0,-120.0,36.23689216193016,-156.42520718182368,-156.15250658317922,-0.2727005986444624,3948.5488712671654,3391.4511287328346,0.15179775000935444,0.14099657074507868,3480.0,3550.0,3587.0,3670.0,0.9774647887323944,0.9455040871934605,-120.0,0.013138686131386912,0.013138686131386912,0.053314121037463975,0.03582089552238806,0.02904987429535548,0.028259367872375697,671415.2,662537.9,-0.14626412054413296,1.055717718186386,21.60996375333258,159.2587601393859,804742584.0,32.17391304347826,21.884641033770237,-0.03385049365303239,-0.04189189189189191,0.024930747922437657,-0.020867899804512462,0.008645533141210375,3500.0
2023-08-18,3450.0,3555.0,3415.0,3500.0,539781,0.008645533141210304,0.008608374536600101,3552.8571428571427,3618.5714285714284,3661.904761904762,0.026018664589003752,140.0,-50.0,37.922510678461826,-153.42953411706594,-155.60791208995659,2.178377972890644,3891.3271933521887,3400.1728066478113,0.13471971108945413,0.20325013082347576,3465.0,3528.0,3577.0,3645.75,0.9920634920634921,0.9600219433587054,-117.75,0.008645533141210304,0.008645533141210304,0.04,0.014492753623188406,0.03000491973056684,0.02646380889062699,690900.4,664767.85,-0.22828124262816796,0.8119842137371716,21.359437028731826,157.88313441514407,805282365.0,37.391304347826086,26.62483191393991,0.013138686131386912,-0.03385049365303239,-0.04189189189189191,-0.004022091460145057,-0.002857142857142857,3490.0
2023-08-21,3480.0,3560.0,3465.0,3490.0,523648,-0.0028571428571428914,-0.002861232281032235,3534.285714285714,3598.214285714286,3638.3333333333335,0.02480897760274576,95.0,-10.0,37.5660197947408,-150.13173289405586,-154.51267625077645,4.380943356720593,3833.673106719245,3412.326893280755,0.1162976023843472,0.18434509256740728,3486.6666666666665,3486.0,3564.0,3623.0,1.0011474469305794,0.9632900910847364,-137.0,-0.0028571428571428914,0.0028571428571428914,0.027220630372492838,0.0028735632183908046,0.02505356381037179,0.026312771161538608,658107.8,665704.6,-0.029888047189508327,0.78660715278218,21.326231997592675,153.39148195691948,804758717.0,35.65217391304348,35.07246376811591,0.008645533141210304,0.013138686131386912,-0.03385049365303239,0.006309025471818108,0.03008595988538682,3595.0
2023-08-22,3515.0,3625.0,3475.0,3595.0,834878,0.03008595988538687,0.029642254958674265,3532.1428571428573,3585.3571428571427,3621.6666666666665,0.02814404219551071,150.0,-80.0,43.56495541362066,-137.46101418207854,-151.10234383703687,13.641329654958327,3818.423371588498,3412.576628411502,0.11225189964790372,0.4494883220214493,3528.3333333333335,3496.0,3552.0,3615.5,1.0283180778032037,0.9943299681925045,-119.5,0.03008595988538687,0.03008595988538687,0.04172461752433936,0.02275960170697013,0.023772746710943777,0.026815998091805075,683409.0,644730.5,0.5943496394524566,1.2949255541656552,21.822340155862104,153.14923324571095,805593595.0,53.91304347826087,42.31884057971012,-0.0028571428571428914,0.008645533141210304,0.013138686131386912,0.011958116723151427,0.0027816411682892906,3605.0
2023-08-23,3595.0,3635.0,3550.0,3605.0,561670,0.0027816411682892728,0.0027777795639023694,3518.5714285714284,3575.714285714286,3615.0,0.026011756868395488,85.0,-10.0,44.11568510877817,-125.16958483016379,-145.91579203566226,20.74620720549848,3812.414029241866,3411.085970758134,0.11111734158890624,0.4831808420634671,3563.3333333333335,3532.0,3556.0,3611.75,1.0206681766704417,0.9981310998823285,-79.75,0.0027816411682892728,0.0027816411682892728,0.023578363384188627,0.0027816411682892906,0.012568794381810858,0.02337563807156616,631886.0,632068.35,-0.3272430223338021,0.888622251058766,21.4287468180139,148.28143087101733,806155265.0,71.91011235955057,53.82510991695161,0.03008595988538687,-0.0028571428571428914,0.008645533141210304,0.010003486065511083,-0.024965325936199722,3515.0
2023-08-24,3560.0,3565.0,3465.0,3515.0,575918,-0.02496532593619971,-0.02528224547428416,3514.285714285714,3569.6428571428573,3607.1428571428573,0.02218788491895274,100.0,45.0,40.30361550716703,-121.29260075296406,-140.9911537791226,19.69855302615855,3813.3455466345645,3407.6544533654355,0.112364241315366,0.2645992194937175,3571.6666666666665,3541.0,3545.5,3610.5,0.9926574414007343,0.9735493698933666,-69.5,-0.02496532593619971,0.02496532593619971,0.02844950213371266,-0.012640449438202247,0.019884614993063068,0.02415260589893405,607179.0,598035.4,0.025367208503213723,0.9630165705909717,21.42851537317136,147.6899000945161,805579347.0,51.68539325842696,59.16951636541277,0.0027816411682892728,0.03008595988538687,-0.0028571428571428914,0.0026340917058254774,-0.01849217638691323,3450.0
2023-08-25,3465.0,3520.0,3440.0,3450.0,359618,-0.01849217638691325,-0.01866529421935986,3517.8571428571427,3557.5,3602.8571428571427,0.018793097574305286,80.0,15.0,37.76546067874955,-122.05801094030949,-137.20452521136,15.146514271050506,3814.556067421602,3386.443932578398,0.11890352307824034,0.14845658940473508,3523.3333333333335,3531.0,3529.5,3600.5,0.9770603228547153,0.9582002499652826,-69.5,-0.01849217638691325,0.01849217638691325,0.02318840579710145,-0.004329004329004329,0.021506564478068733,0.024665731740935636,571146.4,574049.95,-0.3755743005080584,0.626457680207097,20.93892714677563,142.8549072306221,805219729.0,37.07865168539326,53.5580524344569,-0.02496532593619971,0.0027816411682892728,0.03008595988538687,-0.01355862038494123,0.03768115942028986,3580.0
2023-08-28,3455.0,3620.0,3450.0,3580.0,488811,0.037681159420289934,0.036988569369340626,3533.5714285714284,3547.8571428571427,3599.5238095238096,0.023040809764918253,170.0,-125.0,45.19872302976924,-110.89634643249929,-131.94288945558787,21.04654302308859,3804.2475191412,3385.2524808588,0.1165574903073649,0.46479671916768955,3515.0,3549.0,3517.5,3594.75,1.008734854888701,0.9958967939356005,-45.75,0.037681159420289934,0.037681159420289934,0.04748603351955307,0.0361794500723589,0.028067833537956284,0.026595673331778216,564179.0,572778.4,0.35925064930009065,0.8534033406287667,21.282849270644157,144.7938424284348,805708540.0,66.29213483146067,51.685393258426934,-0.01849217638691325,-0.02496532593619971,0.0027816411682892728,-0.0019254476342743427,0.013966480446927373,3630.0
2023-08-29,3585.0,3685.0,3560.0,3630.0,542512,0.013966480446927276,0.013869847864150377,3552.1428571428573,3552.5,3596.4285714285716,0.023283301288879395,125.0,-45.0,47.782048625130514,-96.89907257102368,-124.93412607867505,28.03505350765137,3780.086275949799,3394.913724050201,0.10736517126121203,0.610340157392831,3553.3333333333335,3556.0,3526.0,3587.5,1.0208098987626546,1.0118466898954703,-31.5,0.013966480446927276,0.013966480446927276,0.03443526170798898,0.012552301255230125,0.0253170988658035,0.023156837662845646,505705.8,579748.9,0.10986045731376759,0.9357706413931962,21.400953411734466,143.37999654068946,806251052.0,77.52808988764045,60.29962546816477,0.037681159420289934,-0.01849217638691325,-0.02496532593619971,0.01105182116010132,0.005509641873278237,3650.0
2023-08-30,3630.0,3660.0,3610.0,3650.0,471681,0.005509641873278293,0.00549451931764078,3575.0,3554.6428571428573,3590.4761904761904,0.023013168531287483,50.0,-20.0,48.82130418768512,-83.23284293515553,-116.59386944997115,33.36102651481562,3755.4511843575715,3407.0488156424285,0.09728512913511846,0.6973293128101854,3620.0,3565.0,3548.5,3581.25,1.023842917251052,1.019197207678883,-16.25,0.005509641873278293,0.005509641873278293,0.0136986301369863,0.005509641873278237,0.0253622741503591,0.019293062353885358,487708.0,575863.95,-0.13056116731058487,0.8190840909558587,21.2665406357796,136.7099967877831,806722733.0,82.02247191011236,75.28089887640446,0.013966480446927276,0.037681159420289934,-0.01849217638691325,0.019052427246831833,0.005479452054794521,3670.0
2023-08-31,3695.0,3710.0,3630.0,3670.0,602654,0.005479452054794498,0.005464494472078745,3585.714285714286,3558.9285714285716,3585.4761904761904,0.020635627891702868,80.0,25.0,49.89521064135037,-69.98171894198049,-107.27143934837304,37.28972040639255,3740.989410876049,3414.510589123951,0.09125255307165066,0.7825604414550579,3650.0,3596.0,3568.5,3577.75,1.0205784204671857,1.0257843616798268,18.25,0.005479452054794498,0.005479452054794498,0.021798365122615803,-0.006765899864682003,0.02017129828179567,0.019153939847162526,493055.2,568189.85,0.2776728339704164,1.0606560465661259,21.517045454846908,132.6592827315129,807325387.0,86.51685393258427,82.02247191011233,0.005509641873278293,0.013966480446927276,0.037681159420289934,0.00831852479166669,-0.013623978201634877,3620.0
2023-09-01,3670.0,3745.0,3615.0,3620.0,796811,-0.013623978201634857,-0.013717636228799195,3587.8571428571427,3553.214285714286,3579.7619047619046,0.021578820799497137,130.0,50.0,47.227161794657015,-62.790875711521494,-98.37532662100273,35.584450909481234,3742.8063125399694,3414.6936874600306,0.0916835836758474,0.6257190270869649,3646.6666666666665,3630.0,3580.5,3578.75,0.9972451790633609,1.0115263709395739,51.25,-0.013623978201634857,0.013623978201634857,0.03591160220994475,-0.013623978201634877,0.0185773762920536,0.020057493917604658,580493.8,574404.45,0.32216993498757174,1.3871950330468368,21.782602095544622,132.46933396497624,806528576.0,72.82608695652173,80.45513759973943,0.005479452054794498,0.005509641873278293,0.013966480446927276,-0.000878294757854022,0.026243093922651933,3715.0
2023-09-04,3695.0,3790.0,3630.0,3715.0,1156836,0.026243093922651894,0.02590465233204276,3616.4285714285716,3565.3571428571427,3585.2380952380954,0.019961238754364646,160.0,-20.0,52.43179322435383,-48.86311106416497,-88.47288350963518,39.60977244547021,3757.7683955403622,3409.2316044596378,0.09726155743846085,0.877291589769481,3668.3333333333335,3657.0,3603.0,3583.5,1.0158599945310363,1.0366959676294125,73.5,0.026243093922651894,0.026243093922651894,0.04306864064602961,0.005412719891745603,0.014554934025755448,0.02110710193952361,714098.8,615743.25,0.45183236677204497,1.878763591805513,22.181333207618906,135.1500958246208,807685412.0,85.14851485148515,81.49715191353035,-0.013623978201634857,0.005479452054794498,0.005509641873278293,0.006032855925270512,-0.02288021534320323,3630.0
2023-09-05,3715.0,3740.0,3625.0,3630.0,650366,-0.02288021534320328,-0.02314602989296313,3642.1428571428573,3580.0,3585.714285714286,0.02100011671799825,115.0,85.0,47.88161581750263,-44.174826955105345,-79.61327219872922,35.438445243623875,3743.895552307794,3414.604447692206,0.09200002922835447,0.6541189521631482,3655.0,3657.0,3606.5,3579.25,0.992616899097621,1.014178948103653,77.75,-0.02288021534320328,0.02288021534320328,0.03168044077134986,-0.02288021534320323,0.01909248260490103,0.02116707889334542,735669.6,612796.95,-0.4378062231811597,1.0613075016120757,21.582278488009045,133.7108032657193,807035046.0,68.31683168316832,75.4304778303917,0.026243093922651894,-0.013623978201634857,0.005479452054794498,-0.0034203665407287476,0.024793388429752067,3720.0
2023-09-06,3630.0,3770.0,3610.0,3720.0,1298566,0.024793388429751984,0.024491020008295696,3662.1428571428573,3597.8571428571427,3585.9523809523807,0.018425408756907496,160.0,-90.0,52.57463734163486,-32.81876587871875,-70.25437093472713,37.435605056008384,3763.0203337536277,3410.9796662463723,0.09814348132346122,0.8777972611566501,3688.3333333333335,3671.0,3618.0,3587.0,1.0133478616180878,1.0370783384443825,84.0,0.024793388429751984,0.024793388429751984,0.043010752688172046,0.024793388429752067,0.02214982824427765,0.02245841453552221,901046.6,652750.85,0.9966695675973221,1.989374659565744,22.29825008414577,135.58860303245365,808333612.0,81.33333333333333,78.26622662266223,-0.02288021534320328,0.026243093922651894,-0.013623978201634857,0.009385422336400199,0.002688172043010753,3730.0
2023-09-07,3950.0,3985.0,3710.0,3730.0,3070973,0.0026881720430107503,0.002684565370668983,3676.4285714285716,3614.285714285714,3593.809523809524,0.018057910885803507,275.0,220.0,53.08018265643973,-22.749843202020656,-60.753465388185845,38.00362218616519,3779.399916927135,3405.600083072865,0.10405005813619213,0.8678439302185613,3693.3333333333335,3683.0,3639.5,3592.5,1.0127613358674994,1.0382741823242867,90.5,0.0026881720430107503,0.0026881720430107503,0.07372654155495978,-0.05569620253164557,0.02213846505069422,0.020167251600997204,1394710.4,791589.95,1.3648955848220266,3.879499733416272,23.161668520185017,145.54655995870698,811404585.0,53.211009174311926,67.62039139693782,0.024793388429751984,-0.02288021534320328,0.026243093922651894,0.001533781709853151,0.002680965147453083,3740.0
2023-09-08,3745.0,3800.0,3710.0,3740.0,734718,0.002680965147453085,0.0026773777707163942,3689.285714285714,3632.1428571428573,3599.5238095238096,0.018047378804955373,90.0,5.0,53.612699334064125,-13.804107849029151,-51.36359388035451,37.559486031325356,3797.1652686123684,3400.8347313876316,0.11012240545283047,0.855763653710203,3730.0,3707.0,3668.5,3599.0,1.0089020771513353,1.0391775493192554,108.0,0.002680965147453085,0.002680965147453085,0.02406417112299465,-0.0013351134846461949,0.02010310697577333,0.01832121140228171,1382291.8,806208.1,-0.7607540020703536,0.9113255002027393,21.73408292187659,141.57894853308505,812139303.0,55.04587155963303,63.196738022426075,0.0026881720430107503,0.024793388429751984,-0.02288021534320328,0.010054175206738606,0.02540106951871658,3835.0
2023-09-11,3755.0,3880.0,3755.0,3835.0,1458474,0.025401069518716568,0.025083823392778933,3712.8571428571427,3649.285714285714,3610.2380952380954,0.019841264597887067,125.0,-80.0,58.438569930051784,0.9403185141300128,-40.90281140145761,41.843129915587625,3826.329977141605,3385.170022858395,0.12234901318261389,1.0196527875529453,3768.3333333333335,3731.0,3694.0,3605.75,1.0278745644599303,1.0635790057546974,125.25,0.025401069518716568,0.025401069518716568,0.03259452411994785,0.02130492676431425,0.019901029349978915,0.016445130270004108,1442619.4,844751.25,0.9850799898736657,1.7265129823720295,22.444825955577052,141.46616649500754,813597777.0,72.4770642201835,60.244648318042785,0.002680965147453085,0.0026881720430107503,0.024793388429751984,0.010256735569726802,-0.03389830508474576,3705.0
2023-09-12,3855.0,3860.0,3700.0,3705.0,931372,-0.03389830508474578,-0.03448617607116932,3725.0,3656.4285714285716,3610.4761904761904,0.024367043694676474,160.0,150.0,50.670142280714366,2.1111332600339665,-32.3000224691593,34.41115572919327,3836.6466009988567,3390.8533990011433,0.12336027727366679,0.7046913223240853,3760.0,3746.0,3701.5,3613.75,0.9890549919914575,1.0252507782774127,132.25,-0.03389830508474578,0.03389830508474578,0.043184885290148446,-0.038910505836575876,0.024132749608001592,0.020633002199736523,1498820.6,855901.25,-0.36140651118909217,1.0881769362996023,21.961852584826666,142.79001174536413,812666405.0,48.62385321100918,58.7155963302752,0.025401069518716568,0.002680965147453085,0.0026881720430107503,-0.0019387568061920435,-0.018893387314439947,3635.0
2023-09-13,3735.0,3745.0,3630.0,3635.0,667225,-0.018893387314439902,-0.019074147762567478,3713.5714285714284,3665.0,3614.7619047619046,0.02332573558960343,115.0,100.0,47.043749468486965,-2.579665822349398,-26.35595113979732,23.776285317447922,3828.733302625503,3419.766697374497,0.11284172042519297,0.5262857648081122,3725.0,3729.0,3700.0,3624.25,0.974792169482435,1.0029661309236393,104.75,-0.018893387314439902,0.018893387314439902,0.03163686382393398,-0.02677376171352075,0.022741449938285987,0.02162260380976489,1372552.4,848298.25,-0.2836106303388979,0.7865452981896403,21.6092469897286,140.80501090640956,811999180.0,35.77981651376147,52.293577981651346,-0.03389830508474578,0.025401069518716568,0.002680965147453085,-0.00913020762682304,0.0,3635.0
2023-09-14,3670.0,3695.0,3595.0,3635.0,448266,0.0,0.0,3714.285714285714,3678.214285714286,3624.7619047619046,0.02158792983998394,100.0,35.0,47.043749468486965,-6.22539540743719,-22.329839993325297,16.104444585888107,3823.6598944945285,3441.3401055054715,0.10524976985245894,0.5065390285096426,3658.3333333333335,3710.0,3696.5,3632.5,0.9797843665768194,1.0006882312456986,77.5,0.0,0.0,0.027510316368638238,-0.009536784741144414,0.022562932220745978,0.021531897953291357,848011.0,835738.9,-0.32816366293229415,0.5363708689400482,21.21150647577866,137.89036727023745,811999180.0,34.57943925233645,39.661036325702334,-0.018893387314439902,-0.03389830508474578,0.025401069518716568,-0.017597230799728563,0.008253094910591471,3665.0
2023-09-15,3640.0,3690.0,3640.0,3665.0,550721,0.008253094910591452,0.008219224353132106,3706.4285714285716,3684.285714285714,3634.0476190476193,0.01928968935174137,50.0,-25.0,48.86283027069555,-6.617629180284894,-19.18739783071722,12.569768650432326,3821.8075657222435,3459.6924342777565,0.09946168548911266,0.5669676517058707,3645.0,3695.0,3701.0,3640.75,0.9918809201623816,1.0066607155119138,54.25,0.008253094910591452,0.008253094910591452,0.013642564802182811,0.006868131868131868,0.023163193242568422,0.021187030014603033,811211.6,836285.9,0.22855848982523774,0.6585319685528597,21.425567222624622,131.96962675093476,812549901.0,24.705882352941178,31.688379373013003,0.0,-0.018893387314439902,-0.03389830508474578,-0.0035467641346161503,-0.027285129604365622,3565.0
2023-09-18,3640.0,3695.0,3565.0,3565.0,808847,-0.027285129604365577,-0.02766428147235551,3682.8571428571427,3679.6428571428573,3637.1428571428573,0.021330418157148954,130.0,75.0,43.49897320269035,-14.82672824242718,-18.315263913059212,3.4885356706320323,3815.222921101635,3473.777078898365,0.09368797975120602,0.2671665893278856,3621.6666666666665,3641.0,3686.0,3644.5,0.9791266135677011,0.9781863081355467,-3.5,-0.027285129604365577,0.027285129604365577,0.0364656381486676,-0.020604395604395604,0.01793681612116127,0.02098490173126249,681286.2,850545.85,0.46870556960784127,0.9509740127472258,21.78228438897663,131.828939125868,811741054.0,0.0,19.76177386842585,0.008253094910591452,0.0,-0.018893387314439902,-0.006344011564591375,-0.037868162692847124,3430.0
2023-09-19,3560.0,3570.0,3425.0,3430.0,726764,-0.037868162692847096,-0.03860379268841068,3638.5714285714284,3663.9285714285716,3634.285714285714,0.02393017312558979,145.0,130.0,37.512238531727284,-31.858623766984238,-21.023935883844217,-10.83468788314002,3831.2634948097084,3441.2365051902916,0.10726077404452851,-0.028809558028935495,3553.3333333333335,3586.0,3666.0,3636.25,0.9564974902398216,0.9432794774836714,-50.25,-0.037868162692847096,0.037868162692847096,0.04227405247813411,-0.03651685393258427,0.019069715563611894,0.0229346846698139,640364.6,845140.15,-0.1014814915552632,0.8599331128689129,21.636672622642607,132.769729188306,811014290.0,0.8928571428571429,8.532913165266079,-0.027285129604365577,0.008253094910591452,0.0,-0.018966732462207075,-0.011661807580174927,3390.0
2023-09-20,3440.0,3450.0,3385.0,3390.0,380264,-0.011661807580174877,-0.011730339785489605,3575.0,3643.9285714285716,3624.5238095238096,0.017514791841208726,65.0,50.0,35.934157225613504,-48.03052340853765,-26.425253388782906,-21.60527001975474,3849.3396982805266,3401.6603017194734,0.12348073274336041,-0.026046098634524076,3461.6666666666665,3537.0,3633.0,3625.5,0.9584393553859203,0.935043442283823,-88.5,-0.011661807580174877,0.011661807580174877,0.019174041297935103,-0.014534883720930232,0.01898971873070941,0.020351723499288536,582972.4,836069.85,-0.47677100131542016,0.45482324234033794,20.977206228476984,127.92903424628415,810634026.0,0.8333333333333334,0.575396825396797,-0.037868162692847096,-0.027285129604365577,0.008253094910591452,-0.025605033292462515,-0.03392330383480826,3275.0
2023-09-21,3355.0,3405.0,3270.0,3275.0,555368,-0.03392330383480824,-0.03451205230514363,3513.5714285714284,3619.285714285714,3608.809523809524,0.017518947091669918,135.0,80.0,31.79309518909443,-69.32724793216448,-35.00565229745922,-34.32159563470526,3883.2971947885876,3343.7028052114124,0.14932735286486098,-0.1273230532757165,3365.0,3465.0,3587.5,3613.5,0.9451659451659452,0.9063235090632351,-148.5,-0.03392330383480824,0.03392330383480824,0.04122137404580153,-0.02384500745156483,0.018925711439308525,0.02127590981327132,604392.8,835042.35,0.4604800875181454,0.6650776454631313,21.321459384681603,128.43410322869244,810078658.0,0.6993006993006993,0.80849705849703,-0.011661807580174877,-0.037868162692847096,-0.027285129604365577,-0.027817758035943402,0.004580152671755725,3290.0
2023-09-22,3245.0,3330.0,3195.0,3290.0,534669,0.004580152671755711,0.004569695690065268,3464.285714285714,3588.9285714285716,3598.095238095238,0.019373775187870704,135.0,-45.0,32.87961294325491,-84.02608055971086,-44.80973794990955,-39.216342609801316,3903.7033922642336,3307.2966077357664,0.16541583262473086,-0.02900135978406336,3318.3333333333335,3390.0,3542.5,3605.5,0.9705014749262537,0.9124947996117043,-215.5,0.004580152671755711,0.004580152671755711,0.041033434650455926,0.01386748844375963,0.017552259741043855,0.02143652645268742,601182.4,843794.9,-0.037270782616211195,0.6336480583136969,21.288045987148642,128.90309585521442,810613327.0,12.025316455696203,4.519316829443383,-0.03392330383480824,-0.011661807580174877,-0.037868162692847096,-0.013668319581075802,-0.0243161094224924,3210.0
2023-09-25,3290.0,3340.0,3210.0,3210.0,318945,-0.024316109422492405,-0.02461662763535603,3403.5714285714284,3558.9285714285716,3586.6666666666665,0.01857460294239128,130.0,80.0,30.123498160281102,-100.9664641789027,-56.041083195708175,-44.92538098319452,3933.8110360655264,3240.1889639344736,0.19337108227796287,-0.04352364947344074,3258.3333333333335,3319.0,3480.0,3587.0,0.9671587827658933,0.8948982436576526,-268.0,-0.024316109422492405,0.024316109422492405,0.040498442367601244,-0.0243161094224924,0.017345269872103233,0.016959856264618958,503202.0,835301.6,-0.4034720546730781,0.381832143024747,20.746800170209713,128.98144615127055,810294382.0,1.8987341772151898,4.874450444070669,0.004580152671755711,-0.03392330383480824,-0.011661807580174877,-0.017886420195181645,-0.014018691588785047,3165.0
2023-09-26,3180.0,3250.0,3100.0,3165.0,642640,-0.014018691588784993,-0.014117881545784932,3332.1428571428573,3519.285714285714,3566.904761904762,0.014927860679398237,150.0,15.0,28.66779729785098,-116.67797312067523,-68.1684611807016,-48.509511939973635,3957.582384864961,3169.917615135039,0.22102133138685998,-0.006243284356522711,3221.6666666666665,3266.0,3426.0,3563.75,0.9690753214941825,0.8881094352858646,-297.75,-0.014018691588784993,0.014018691588784993,0.04739336492890995,-0.0047169811320754715,0.014462049416748626,0.015959940252565488,486377.2,840308.0,1.0148928498643968,0.7647672044060035,21.433248305917623,130.4827714261798,809651742.0,7.344632768361582,7.08956113375763,-0.024316109422492405,0.004580152671755711,-0.03392330383480824,-0.011251549446507228,0.022116903633491312,3235.0
2023-09-27,3165.0,3245.0,3135.0,3235.0,233188,0.02211690363349139,0.021875872356724457,3285.0,3483.9285714285716,3548.095238095238,0.021508811750564964,110.0,-70.0,34.009939809991195,-122.07385080302492,-78.94953910516627,-43.12431169785866,3960.705511978049,3125.294488021951,0.23579199095571488,0.13131920555529333,3203.3333333333335,3235.0,3386.0,3543.0,1.0,0.913068021450748,-308.0,0.02211690363349139,0.02211690363349139,0.03400309119010819,0.022116903633491312,0.02254751000874828,0.019801523229610193,456962.0,828383.35,-0.6371405452508403,0.28149769065252217,20.441384482419103,129.0197163243098,809884930.0,17.307692307692307,8.850353084422997,-0.014018691588784993,-0.024316109422492405,0.004580152671755711,-0.005405965792595335,-0.04482225656877898,3090.0
2023-10-04,3175.0,3200.0,3075.0,3090.0,444859,-0.04482225656877903,-0.045857837043209844,3236.4285714285716,3437.5,3521.4285714285716,0.023020368805785372,125.0,85.0,29.141436821170515,-136.4771868697885,-90.45506865809071,-46.0221182116978,3973.06770513154,3054.93229486846,0.26127928578915205,0.038194480617507104,3163.3333333333335,3198.0,3331.5,3514.0,0.9662288930581614,0.8793397837222539,-316.0,-0.04482225656877903,0.04482225656877903,0.040453074433656956,-0.026771653543307086,0.025833217237042846,0.02189364077761826,434860.2,820493.6,0.907726812700482,0.5421846069244172,21.041439027626247,131.23259372971623,809440071.0,1.8633540372670807,8.838559704440295,0.02211690363349139,-0.014018691588784993,-0.024316109422492405,-0.012241348174690877,-0.014563106796116505,3045.0
2023-10-05,3105.0,3350.0,3045.0,3045.0,1360098,-0.014563106796116498,-0.014670189747793742,3187.1428571428573,3381.0714285714284,3491.6666666666665,0.022979413879341857,305.0,60.0,27.81087977207997,-149.79629989224122,-102.32331490492082,-47.4729849873204,3986.453551463876,2984.046448536124,0.2876141174744285,0.06080718231729171,3123.3333333333335,3149.0,3269.5,3485.25,0.966973642426167,0.8736819453410802,-336.25,-0.014563106796116498,0.014563106796116498,0.10016420361247948,-0.01932367149758454,0.02426366869482339,0.020222623484620467,599946.0,848657.95,2.05736873930841,1.6026456831047184,22.144323494325107,143.64455132045077,808079973.0,0.0,6.3903487816531,-0.04482225656877903,0.02211690363349139,-0.014018691588784993,-0.012422819910468045,0.034482758620689655,3150.0
2023-10-06,3005.0,3175.0,3005.0,3150.0,346860,0.034482758620689724,0.033901551675681416,3169.285714285714,3341.4285714285716,3469.285714285714,0.02755556660454457,170.0,-145.0,35.24082044328664,-150.14835368598915,-111.8883226611345,-38.260031024854655,3967.2878444667563,2946.7121555332437,0.2952200430817219,0.19918938562919253,3095.0,3137.0,3228.0,3457.0,1.004144086707045,0.911194677466011,-320.0,0.034482758620689724,0.034482758620689724,0.05396825396825397,0.048252911813643926,0.031778070358976,0.02579631885254889,605529.0,808159.15,-0.7449742592077924,0.4291976400935385,20.811834252039496,145.52708336899,808426833.0,19.594594594594593,7.152649543953863,-0.014563106796116498,-0.04482225656877903,0.02211690363349139,-0.008300868248068602,0.20793650793650795,3805.0
2023-10-10,3470.0,3915.0,3350.0,3805.0,14214078,0.20793650793650786,0.1889135384761074,3242.8571428571427,3353.5714285714284,3473.5714285714284,0.07897077084664864,565.0,-335.0,61.71342954994521,-96.46237470746155,-108.80313307039992,12.340758362938374,3994.206292073035,2937.293707926965,0.3049592683101984,0.8209820803430931,3333.3333333333335,3265.0,3265.5,3465.75,1.1653905053598774,1.097886460362115,-200.75,0.20793650793650786,0.20793650793650786,0.14848883048620237,0.09654178674351585,0.09838642875985618,0.0727626653328942,3319816.6,1486344.75,39.97929423975091,9.563109769789277,24.713814710215686,189.77514884263357,822640911.0,87.91208791208791,35.835560835560806,0.034482758620689724,-0.014563106796116498,-0.04482225656877903,0.0759520532536937,-0.01445466491458607,3750.0
2023-10-11,3510.0,3780.0,3400.0,3750.0,5403972,-0.014454664914586024,-0.014560151331329664,3320.0,3361.785714285714,3479.285714285714,0.07809397284970425,380.0,-240.0,59.51345994070641,-57.688888331606904,-98.58028412264133,40.89139579103443,3998.905557272704,2935.594442727296,0.30667275637620817,0.7659146473051612,3568.3333333333335,3368.0,3301.5,3467.25,1.1134204275534443,1.0815487778498811,-99.25,-0.014454664914586024,0.014454664914586024,0.10133333333333333,0.06837606837606838,0.10145555204192704,0.07287133504013188,4353973.4,1691615.05,-0.6198155096658398,3.194563680430722,23.732155915715456,205.14835249673118,817236939.0,81.86813186813187,63.1249381249381,0.20793650793650786,0.034482758620689724,-0.014563106796116498,0.07598820054753719,-0.03333333333333333,3625.0
2023-10-12,3715.0,3740.0,3600.0,3625.0,1878530,-0.033333333333333326,-0.03390155167568134,3385.714285714286,3358.9285714285716,3474.7619047619046,0.07996350593921238,140.0,90.0,54.73756787473895,-36.6248874578564,-86.18920478968434,49.56431733182794,3984.729677548038,2939.270322451962,0.3019813272952271,0.6559123261994442,3726.6666666666665,3475.0,3336.5,3462.0,1.0431654676258992,1.0470826112073945,13.0,-0.033333333333333326,0.033333333333333326,0.038620689655172416,-0.024226110363391656,0.09934016804047002,0.07282997976694731,4640707.6,1631992.9,-0.6523797680668959,1.151065056716852,22.641609681493243,201.2091844612504,815358409.0,68.13186813186813,79.30402930402927,-0.014454664914586024,0.20793650793650786,0.034482758620689724,0.053382836562862836,-0.005517241379310344,3605.0
2023-10-13,3645.0,3805.0,3520.0,3605.0,6095436,-0.0055172413793103114,-0.005532517569725667,3438.5714285714284,3361.785714285714,3468.809523809524,0.08049056219797548,285.0,40.0,53.991006709392856,-21.299816830754025,-73.21132719789827,51.911510367144245,3966.2188938930803,2944.2811061069197,0.2957637762205805,0.6465353388334976,3660.0,3587.0,3368.0,3455.25,1.005018120992473,1.0433398451631575,131.75,-0.0055172413793103114,0.0055172413793103114,0.07905686546463246,-0.010973936899862825,0.09826535165042924,0.07301958949741205,5587775.2,1900028.8,2.2447903413839545,3.208075582854323,23.813127902147926,207.19424271401823,809262973.0,65.93406593406593,71.97802197802194,-0.033333333333333326,-0.014454664914586024,0.20793650793650786,-0.017768413209076555,-0.009708737864077669,3570.0
2023-10-16,3650.0,4000.0,3400.0,3570.0,14918877,-0.009708737864077666,-0.009756174945364685,3507.1428571428573,3371.785714285714,3460.714285714286,0.07698638472713443,600.0,80.0,52.63799374341387,-11.842284951049805,-60.93751874852858,49.09523379747878,3924.454251989927,2959.545748010073,0.2803336734398181,0.6326550646740621,3600.0,3671.0,3404.0,3442.0,0.9724870607463906,1.0371876815804764,229.0,-0.009708737864077666,0.009708737864077666,0.16806722689075632,-0.021917808219178082,0.10060048627983416,0.07237001692605832,8502178.6,2573048.95,1.4475487889627585,5.798131823337445,24.69845875660305,235.25179680587408,794344096.0,56.78391959798995,63.616617887974634,-0.0055172413793103114,-0.033333333333333326,-0.014454664914586024,-0.016186437525573766,0.0028011204481792717,3580.0
2023-10-17,3715.0,3865.0,3555.0,3580.0,4485465,0.0028011204481792618,0.002797204621061219,3583.5714285714284,3385.3571428571427,3448.5714285714284,0.07592739514655109,310.0,135.0,53.00039639553867,-3.499862139873585,-49.449987426797584,45.950125286924,3906.9665107463893,2964.5334892536107,0.27430197816860324,0.6530612751360446,3585.0,3626.0,3445.5,3435.75,0.9873138444567016,1.041985010550826,190.25,0.0028011204481792618,0.0028011204481792618,0.08659217877094973,-0.03633916554508748,0.013485887413894965,0.07187088848455019,6556456.0,2750753.6,-0.699342986740892,1.6306313295382036,23.49947080648753,240.5909541768831,798829561.0,57.78894472361809,60.168976751891286,-0.009708737864077666,-0.0055172413793103114,-0.033333333333333326,-0.004141619598402905,0.05027932960893855,3760.0
2023-10-18,3585.0,3860.0,3585.0,3760.0,7973167,0.05027932960893855,0.04905615698919421,3670.714285714286,3420.0,3451.190476190476,0.07649984171874673,275.0,-175.0,59.07121574264533,17.435082936004164,-36.072973354237234,53.5080562902414,3927.444993902775,2956.555006097225,0.282071466532699,0.827534534287204,3636.6666666666665,3628.0,3498.0,3442.0,1.0363836824696802,1.0923881464264962,186.0,0.05027932960893855,0.05027932960893855,0.07313829787234043,0.04881450488145049,0.030690307017559416,0.07274919013186427,7070295.0,3116050.7,0.7775563960481244,2.5587411013562775,24.12376657337428,243.40588602139144,806802728.0,75.87939698492463,63.48408710217753,0.0028011204481792618,-0.009708737864077666,-0.0055172413793103114,0.014457237397680048,0.02925531914893617,3870.0
2023-10-19,3890.0,4310.0,3800.0,3870.0,35969909,0.0292553191489362,0.02883554963988732,3680.0,3461.4285714285716,3462.3809523809523,0.02796407550134791,510.0,20.0,62.27788394097066,42.41334380244916,-20.375709922899954,62.78905372534912,3969.3066741014304,2938.1933258985696,0.2985489245610889,0.9036898569158152,3736.6666666666665,3677.0,3576.0,3453.75,1.0524884416644003,1.1205211726384365,223.25,0.0292553191489362,0.0292553191489362,0.13178294573643412,-0.005141388174807198,0.025571887502587317,0.06941463265315272,13888570.8,4892132.85,3.5113703249913115,7.352602658776939,25.6592030718136,265.3054655912921,842772637.0,66.28352490421456,66.6506222042524,0.05027932960893855,0.0028011204481792618,-0.009708737864077666,0.027445256402018003,-0.03229974160206718,3745.0
2023-10-20,4000.0,4120.0,3610.0,3745.0,10801185,-0.03229974160206717,-0.03283289007250762,3679.285714285714,3499.6428571428573,3467.6190476190477,0.030546879504401173,510.0,255.0,56.82911852076771,51.5283533838242,-5.994897261555124,57.52325064537932,3981.385821620535,2934.114178379465,0.3028766230181678,0.7742841380780883,3791.6666666666665,3705.0,3646.0,3457.75,1.0107962213225372,1.0830742534885403,247.25,-0.03229974160206717,0.03229974160206717,0.13618157543391188,-0.06375,0.03241915251481744,0.07074372563887237,14829720.6,5404656.05,-0.69971608768874,1.9984962780378968,24.42334330427367,282.7836466204855,831971452.0,56.70498084291188,66.28930091068366,0.0292553191489362,0.05027932960893855,0.0028011204481792618,0.01574496905193586,0.029372496662216287,3855.0
2023-10-23,3755.0,3950.0,3615.0,3855.0,5520265,0.029372496662216196,0.028949390046109923,3712.1428571428573,3548.9285714285716,3476.6666666666665,0.028127869127601665,335.0,-100.0,60.13455091918182,66.85745372952988,8.575572936661878,58.281880792868,4023.7119326462134,2920.7880673537866,0.31763953208796225,0.8470321134981683,3823.3333333333335,3762.0,3716.5,3472.25,1.0247208931419458,1.1102311181510547,289.75,0.029372496662216196,0.029372496662216196,0.08690012970168612,0.02663115845539281,0.03176714136769543,0.07066953212918341,12949998.2,5640226.95,-0.4889204286381541,0.9787310065599399,23.781062710391765,286.51338614759374,837491717.0,65.13409961685824,62.70753512132819,-0.03229974160206717,0.0292553191489362,0.05027932960893855,0.008776024736361743,-0.07003891050583658,3585.0
2023-10-24,3725.0,3780.0,3490.0,3585.0,3203526,-0.07003891050583655,-0.0726125329637091,3709.285714285714,3573.9285714285716,3477.6190476190477,0.04188322475577445,290.0,140.0,50.01243850936247,56.567062789788906,18.173870907287284,38.393191882501625,4033.315366438385,2926.684633561615,0.31799733703355454,0.5948825989379896,3728.3333333333335,3763.0,3694.5,3480.0,0.9526973159712995,1.0301724137931034,283.0,-0.07003891050583655,0.07003891050583655,0.08089260808926081,-0.03758389261744966,0.05046464484202961,0.0355280374868727,12693610.4,5764065.05,-0.4196789465723113,0.5557754765449776,23.16427638927206,292.119572851337,834288191.0,44.44444444444444,55.42784163473815,0.029372496662216196,-0.03229974160206717,0.0292553191489362,-0.024322051815229173,0.03207810320781032,3700.0
2023-10-25,3510.0,3885.0,3510.0,3700.0,5090856,0.03207810320781035,0.03157434559859511,3727.8571428571427,3617.5,3490.4761904761904,0.0432986693103441,375.0,-190.0,53.59528310328262,57.03394096760121,25.94588491935007,31.08805604825114,4055.527254975855,2935.472745024145,0.3204275525537721,0.6825803995993166,3713.3333333333335,3751.0,3689.5,3495.5,0.9864036256998134,1.0585037905878987,255.5,0.03207810320781035,0.03207810320781035,0.10135135135135136,0.05413105413105413,0.04655448464076832,0.03721253476605767,12117148.2,5999594.65,0.5891414647485302,0.8485333254972484,23.659044645960652,298.0396033619558,839379047.0,53.25670498084291,54.278416347381835,-0.07003891050583655,0.029372496662216196,-0.03229974160206717,-0.002862770211936668,-0.08108108108108109,3400.0
2023-10-26,3660.0,3710.0,3360.0,3400.0,2699503,-0.08108108108108103,-0.084557388028063,3702.1428571428573,3642.8571428571427,3490.9523809523807,0.05506564705375276,350.0,260.0,44.61215970249528,32.81814534090017,27.320337003660093,5.49780833724008,4054.154075978714,2949.345924021286,0.3155017211272729,0.4079025622505356,3561.6666666666665,3657.0,3667.0,3501.75,0.9297238173366147,0.9709430998786321,155.25,-0.08108108108108103,0.08108108108108103,0.10294117647058823,-0.07103825136612021,0.053477374586709585,0.0442594472218616,5463067.0,6106801.4,-0.4697349522359304,0.44204859846924116,22.940108950669977,301.75106026467324,836679544.0,30.268199233716476,42.656449553001245,0.03207810320781035,-0.07003891050583655,0.029372496662216196,-0.03968062945970241,-0.03529411764705882,3280.0
2023-10-27,3335.0,3385.0,3225.0,3280.0,1447730,-0.03529411764705881,-0.03593200922606333,3633.5714285714284,3652.1428571428573,3491.190476190476,0.049654537385526935,160.0,55.0,41.608004544951356,3.8990103588312195,22.63607167469432,-18.7370613158631,4054.4785622645177,2948.0214377354823,0.31601774352846423,0.3000374392327445,3460.0,3564.0,3634.5,3501.25,0.920314253647587,0.9368082827561585,62.75,-0.03529411764705881,0.03529411764705881,0.04878048780487805,-0.01649175412293853,0.05360465923237898,0.045252315584255035,3592376.0,6152454.45,-0.4637049856955151,0.23530934064859269,22.28110607204159,292.6974131029109,835231814.0,5.0691244239631335,29.531342879507477,-0.08108108108108103,0.03207810320781035,-0.07003891050583655,-0.02809903184010983,0.06707317073170732,3500.0
2023-10-30,3280.0,3570.0,3270.0,3500.0,2421127,0.06707317073170738,0.06491954609931569,3580.714285714286,3630.3571428571427,3501.190476190476,0.056860272918297275,300.0,-220.0,48.46031441336356,-1.253007195311966,17.858255900693063,-19.11126309600503,4051.771160226467,2979.728839773533,0.30492564046161824,0.4853084158157621,3393.3333333333335,3493.0,3627.5,3515.75,1.002004008016032,0.9955201592832255,-22.75,0.06707317073170738,0.06707317073170738,0.08571428571428572,0.06707317073170732,0.06467248233850312,0.05114756340430491,2972548.4,6257563.55,0.6723608683939686,0.38691209136821314,22.860261939801976,293.219026452703,837652941.0,25.34562211981567,20.227648592498397,-0.03529411764705881,-0.08108108108108103,0.03207810320781035,-0.016434009332144155,-0.047142857142857146,3335.0
2023-10-31,3445.0,3595.0,3325.0,3335.0,2736821,-0.04714285714285715,-0.048290289127780966,3522.1428571428573,3600.714285714286,3507.1428571428573,0.057986425626135395,270.0,110.0,44.264774297032936,-18.437602063142094,10.59908430792603,-29.036686371068125,4041.9297933289017,3006.5702066710983,0.2937815383862676,0.31721326345090484,3371.6666666666665,3443.0,3603.0,3524.25,0.9686320069706651,0.9463006313400014,-81.25,-0.04714285714285715,0.04714285714285715,0.08095952023988005,-0.03193033381712627,0.06070721506445071,0.053157383397525945,2879207.4,6362272.6,0.13039134254419538,0.4301640580442907,22.93453554427035,291.56052456322425,834916120.0,10.138248847926267,13.517665130568327,0.06707317073170738,-0.03529411764705881,-0.08108108108108103,-0.005121268019402862,0.022488755622188907,3410.0
2023-11-01,3370.0,3525.0,3370.0,3410.0,1051322,0.022488755622188883,0.022239611927838358,3458.5714285714284,3585.3571428571427,3518.809523809524,0.05715821839443912,155.0,-40.0,46.53081255237307,-25.708294884796032,3.3376084693816193,-29.045903354177653,4035.7963907252292,3030.2036092747708,0.2846285823522385,0.3776840861739422,3415.0,3385.0,3568.0,3533.0,1.0073855243722305,0.9651853948485706,-148.0,0.022488755622188883,0.022488755622188883,0.045454545454545456,0.011869436201780416,0.059061235112725104,0.05056417122722666,2071300.6,6403179.3,-0.6158601530754112,0.16418749979404762,22.000026548373455,284.30620138013677,835967442.0,17.05069124423963,17.51152073732716,-0.04714285714285715,0.06707317073170738,-0.03529411764705881,0.014139689737013036,0.010263929618768328,3445.0
2023-11-02,3400.0,3540.0,3320.0,3445.0,1559094,0.01026392961876832,0.010211613170196462,3438.5714285714284,3573.9285714285716,3528.809523809524,0.05221221540387365,220.0,-45.0,47.60146395668851,-28.31971182615098,-2.9938555897249004,-25.325856236426077,4010.959048608406,3090.540951391594,0.25921793908802715,0.3851065615509191,3396.6666666666665,3394.0,3525.5,3550.75,1.0150265173836182,0.9702175596704922,-156.75,0.01026392961876832,0.01026392961876832,0.06386066763425254,0.013235294117647059,0.046145291458005354,0.04932762994769638,1843218.8,6458891.05,0.4829842807436733,0.24138725795661162,22.404294624917117,279.7129012815556,837526536.0,20.276497695852534,15.821812596006113,0.022488755622188883,-0.04714285714285715,0.06707317073170738,-0.004796723967299983,0.02467343976777939,3530.0
2023-11-03,3450.0,3535.0,3405.0,3530.0,1203578,0.02467343976777947,0.024373966479583585,3414.285714285714,3571.0714285714284,3549.7619047619046,0.05142063035540419,130.0,-80.0,50.20900342209202,-23.262335220931618,-7.047551515966244,-16.214783704965374,3969.408284315687,3180.591715684313,0.2206479912255592,0.44295251673265856,3461.6666666666665,3444.0,3504.0,3575.0,1.0249709639953541,0.9874125874125874,-131.0,0.02467343976777947,0.02467343976777947,0.036827195467422094,0.02318840579710145,0.0410619242843171,0.04981242661081196,1794388.4,6451065.05,-0.22802730303625052,0.18657043304810575,22.169862495235847,269.01912261858735,838730114.0,28.110599078341014,21.81259600614436,0.01026392961876832,0.022488755622188883,-0.04714285714285715,0.01914204166957889,-0.018413597733711047,3465.0
2023-11-06,3545.0,3545.0,3390.0,3465.0,1033965,-0.018413597733711096,-0.018585238303338893,3423.5714285714284,3562.8571428571427,3569.7619047619046,0.039422405644035256,155.0,80.0,48.23235548811878,-24.22009047073516,-10.482059306920029,-13.73803116381513,3935.7637297039237,3245.7362702960763,0.19216805943266654,0.3177608756209305,3480.0,3437.0,3465.0,3590.75,1.0081466395112015,0.9649794611153659,-153.75,-0.018413597733711096,0.018413597733711096,0.044733044733044736,-0.022566995768688293,0.030692670619248106,0.0484475378892492,1516956.0,6485420.3,-0.14092397833792247,0.159429142934653,21.999379396251147,260.87489957440255,837696149.0,22.119815668202765,23.502304147465406,0.02467343976777947,0.01026392961876832,0.022488755622188883,0.005507923884278898,-0.03896103896103896,3330.0
2023-11-07,3480.0,3485.0,3290.0,3330.0,919180,-0.038961038961038974,-0.03974032864951411,3430.714285714286,3532.1428571428573,3578.3333333333335,0.0400655178804472,195.0,150.0,44.328978144913414,-35.463686857666744,-15.478384817069372,-19.98530204059737,3915.2950956935974,3218.7049043064026,0.1952874099767858,0.15977126446751075,3441.6666666666665,3436.0,3439.5,3567.0,0.9691501746216531,0.9335576114381834,-131.0,-0.038961038961038974,0.038961038961038974,0.05855855855855856,-0.04310344827586207,0.027734877045162098,0.045010281315012064,1153427.8,5820675.4,-0.11101439603855068,0.15791638200611563,21.84196483053069,256.1695496048024,836776969.0,9.67741935483871,19.969278033794136,-0.018413597733711096,0.02467343976777947,0.01026392961876832,-0.010900398975656866,-0.024024024024024024,3250.0
2023-11-08,3330.0,3345.0,3235.0,3250.0,697591,-0.024024024024024038,-0.024317307650706357,3395.0,3487.8571428571427,3551.904761904762,0.02959838307531815,110.0,80.0,42.15196623598943,-50.25039414819548,-22.432786683294594,-27.817607464900888,3906.3942341678016,3177.6057658321984,0.20575620224043006,0.09933504344976062,3348.3333333333335,3404.0,3394.5,3542.0,0.95475910693302,0.9175607001693958,-138.0,-0.024024024024024038,0.024024024024024038,0.033846153846153845,-0.024024024024024024,0.026060379081428792,0.0431342710051541,1082681.6,5585356.35,-0.24107247764311668,0.12489641775497459,21.5417985258824,245.72886749017366,836079378.0,2.793296089385475,11.53017703747562,-0.038961038961038974,-0.018413597733711096,0.02467343976777947,-0.027132886906258036,-0.02,3185.0
2023-11-09,3210.0,3250.0,3165.0,3185.0,488028,-0.020000000000000018,-0.020202707317519466,3373.5714285714284,3447.8571428571427,3525.0,0.025214412219450078,85.0,25.0,40.41525942136207,-66.44795234848789,-31.235819816333255,-35.212132532154634,3915.1282270219067,3124.8717729780933,0.22450467444426517,0.07608698001038162,3255.0,3352.0,3373.0,3520.0,0.9501789976133651,0.9048295454545454,-168.0,-0.020000000000000018,0.020000000000000018,0.026687598116169546,-0.00778816199376947,0.023799178518952448,0.036007563572315354,868468.4,5515831.25,-0.30040955230213695,0.0884776886530022,21.164335628888075,234.2482340980184,835591350.0,2.5477707006369426,5.006162048287012,-0.024024024024024038,-0.038961038961038974,-0.018413597733711096,-0.027661687661687678,0.01726844583987441,3240.0
2023-11-10,3150.0,3265.0,3120.0,3240.0,621541,0.017268445839874413,0.01712104078011135,3349.285714285714,3403.9285714285716,3506.6666666666665,0.024297063974039496,145.0,-90.0,42.57137053861343,-73.9936409401871,-39.787384041104026,-34.20625689908308,3913.7065000030207,3089.7934999969793,0.23528607125181447,0.1823086903616271,3225.0,3294.0,3369.0,3501.75,0.9836065573770492,0.9252516598843435,-207.75,0.017268445839874413,0.017268445839874413,0.044753086419753084,0.02857142857142857,0.02071712745133919,0.03506964168015087,752061.0,5242136.5,0.2735765161015351,0.11856635171556483,21.42328576646877,227.87336023387425,836212891.0,15.686274509803921,7.009113766608749,-0.020000000000000018,-0.024024024024024038,-0.038961038961038974,-0.008918526061383214,0.013888888888888888,3285.0
2023-11-13,3215.0,3320.0,3210.0,3285.0,605571,0.01388888888888884,0.01379332213233577,3326.4285714285716,3382.5,3491.4285714285716,0.024760730864427594,110.0,-70.0,44.345838797775144,-75.472529256303,-46.92441308414382,-28.548116172159183,3909.11968395076,3065.88031604924,0.24178906606495207,0.2598546655809725,3236.6666666666665,3258.0,3347.5,3487.5,1.0082872928176796,0.9419354838709677,-229.5,0.01388888888888884,0.01388888888888884,0.0334855403348554,0.02177293934681182,0.024743656057064873,0.026683537250605304,666382.2,4526471.2,-0.02569420199150174,0.13378434839041944,21.41104902498653,219.45383450288324,836818462.0,21.568627450980394,13.267557553807057,0.017268445839874413,-0.020000000000000018,-0.024024024024024038,0.0037191115762544116,0.0,3285.0
2023-11-14,3280.0,3310.0,3255.0,3285.0,245119,0.0,0.0,3291.4285714285716,3352.8571428571427,3477.8571428571427,0.021088757786981455,55.0,-5.0,44.345838797775144,-75.77111663495452,-52.69375379430596,-23.07736284064856,3901.3275124881475,3044.1724875118525,0.24682313007740117,0.28096144276212776,3270.0,3249.0,3342.5,3472.75,1.0110803324099722,0.9459362176949103,-223.75,0.0,0.0,0.0167427701674277,0.001524390243902439,0.018941646232015507,0.022431935067940664,531570.0,4314453.9,-0.5952266538523145,0.05681344746782437,20.50662101805219,207.70713203839156,836818462.0,27.966101694915253,21.740334551899824,0.01388888888888884,0.017268445839874413,-0.020000000000000018,0.010385778242921084,0.0167427701674277,3340.0
2023-11-15,3310.0,3375.0,3295.0,3340.0,515279,0.016742770167427645,0.01660415505203516,3273.5714285714284,3348.5714285714284,3466.4285714285716,0.02289471050423212,80.0,-30.0,46.68112597844937,-70.7540997192541,-56.30582297929559,-14.448276739958509,3861.8241268035404,3041.6758731964596,0.237603607911083,0.3637441468557494,3303.3333333333335,3267.0,3335.5,3451.75,1.0223446587082952,0.9676251176939233,-184.75,0.016742770167427645,0.016742770167427645,0.023952095808383235,0.00906344410876133,0.015935319564792175,0.02182066501406216,495107.6,3941559.5,1.102158543401368,0.13072972766236307,21.266189867078243,199.29947974993502,837333741.0,46.31578947368421,31.950172873193253,0.0,0.01388888888888884,0.017268445839874413,0.010210553018772162,-0.011976047904191617,3300.0
2023-11-16,3335.0,3335.0,3270.0,3300.0,365399,-0.0119760479041916,-0.01204833851617448,3269.285714285714,3350.0,3444.5238095238096,0.017757754650298604,65.0,35.0,45.19579688713151,-69.20795712468271,-58.88624980837302,-10.321707316309684,3787.61354026396,3058.88645973604,0.212875799467734,0.33086946637043796,3308.3333333333335,3290.0,3321.0,3423.25,1.0030395136778116,0.9639962024392025,-133.25,-0.0119760479041916,0.0119760479041916,0.019696969696969695,-0.010494752623688156,0.0128134593145498,0.02158015686596821,470581.8,2161334.0,-0.29087154725886366,0.16906179239303135,20.91042293447931,190.06380262493965,836968342.0,37.89473684210526,37.392209336901544,0.016742770167427645,0.0,0.01388888888888884,0.0015889074210786818,-0.030303030303030304,3200.0
2023-11-17,3300.0,3300.0,3190.0,3200.0,411596,-0.030303030303030276,-0.03077165866675366,3262.1428571428573,3328.5714285714284,3412.6190476190477,0.019256819516925552,110.0,100.0,41.62957747876028,-75.18510515315575,-62.146020877329576,-13.03908427582617,3739.9951040043297,3052.0048959956703,0.20258840047369242,0.21511222439152358,3280.0,3282.0,3288.0,3396.0,0.9750152346130408,0.9422850412249706,-114.0,-0.030303030303030276,0.030303030303030276,0.034375,-0.030303030303030304,0.019415126073642278,0.020412309817625138,428592.8,1641854.55,0.12642891742998752,0.2506896850272151,20.998703654268883,184.34495958030112,836556746.0,16.842105263157894,33.68421052631576,-0.0119760479041916,0.016742770167427645,0.0,-0.00851210267993141,0.028125,3290.0
2023-11-20,3200.0,3310.0,3180.0,3290.0,420750,0.028124999999999956,0.02773675497159962,3277.1428571428573,3325.3571428571427,3390.9523809523807,0.02029029450891191,130.0,-90.0,45.77648961584991,-71.83175839309115,-64.0831683804819,-7.748590012609256,3637.905413361316,3097.594586638684,0.16043673868981714,0.3561013473085318,3263.3333333333335,3283.0,3270.5,3367.75,1.0021321961620469,0.9769133694603221,-84.75,0.028124999999999956,0.028124999999999956,0.03951367781155015,0.028125,0.023085141767033846,0.023278038817772302,391628.6,1386878.8,0.022240255007337284,0.30337906960579397,21.048436956534875,180.46317675313676,836977496.0,40.0,31.578947368421023,-0.030303030303030276,-0.0119760479041916,0.016742770167427645,-0.004718026069073973,0.013677811550151976,3335.0
2023-11-21,3310.0,3360.0,3300.0,3335.0,508374,0.013677811550151908,0.01358511459030645,3290.714285714286,3320.0,3366.190476190476,0.01996907488146963,60.0,-25.0,47.7743739401112,-64.79615328599675,-64.22576536158488,-0.5703879244118752,3605.4809459595112,3105.0190540404888,0.149157854681178,0.4595373787155875,3275.0,3293.0,3271.0,3355.25,1.0127543273610689,0.99396468221444,-62.25,0.013677811550151908,0.013677811550151908,0.017991004497751123,0.0075528700906344415,0.023807551576863914,0.020513454090643337,444279.6,1252121.2,0.20825668449197865,0.40601021690232547,21.251200635095255,172.57294984219843,837485870.0,50.588235294117645,35.81011351909182,0.028124999999999956,-0.030303030303030276,-0.0119760479041916,0.003833260415707196,-0.008995502248875561,3305.0
2023-11-22,3375.0,3395.0,3255.0,3305.0,705457,-0.008995502248875575,-0.009036206063937445,3293.5714285714284,3310.0,3352.8571428571427,0.019991782022308235,140.0,70.0,46.54316421041338,-60.93867175438754,-63.56834664014541,2.629674885757865,3526.505648855575,3144.494351144425,0.11452894549877089,0.4201594293604847,3310.0,3286.0,3276.5,3335.5,1.0057821059038345,0.9908559436366362,-49.5,-0.008995502248875575,0.008995502248875575,0.04236006051437216,-0.02074074074074074,0.02292800526768155,0.01902681451675739,482315.2,1032851.25,0.38767324843520723,0.6830189729644032,21.56979285145111,170.2463105677557,836780413.0,43.529411764705884,44.70588235294115,0.013677811550151908,0.028124999999999956,-0.030303030303030276,0.010935769767092096,0.007564296520423601,3330.0
2023-11-23,3360.0,3395.0,3320.0,3330.0,750139,0.0075642965204236745,0.007535830688702924,3300.0,3295.714285714286,3335.2380952380954,0.020139659290813027,75.0,30.0,47.7515725000088,-55.227668597093725,-61.90021103153508,6.672542434441354,3520.5791750516487,3143.4208249483513,0.11319278214384676,0.49469718753554776,3323.3333333333335,3292.0,3291.0,3332.0,1.011543134872418,0.9993997599039616,-40.0,0.0075642965204236745,0.0075642965204236745,0.02252252252252252,-0.008928571428571428,0.022440110290009876,0.01744140587464048,559263.2,935383.05,0.06333766622203774,0.8019591545944733,21.63874138504854,164.51443124148742,837530552.0,49.411764705882355,47.84313725490193,-0.008995502248875575,0.013677811550151908,0.028124999999999956,0.004082201940566669,0.0075075075075075074,3355.0
2023-11-24,3410.0,3410.0,3335.0,3355.0,578954,0.007507507507507505,0.007479466431292653,3302.1428571428573,3287.8571428571427,3333.095238095238,0.019310860941691016,75.0,55.0,48.99328899730187,-48.12955878899129,-59.146080583026325,11.016521794035036,3522.953098264966,3148.546901735034,0.11224048460763893,0.5514147473477007,3330.0,3323.0,3302.5,3335.75,1.0096298525428828,1.0057708161582852,-12.75,0.007507507507507505,0.007507507507507505,0.022354694485842028,-0.016129032258064516,0.013361479771127054,0.016918910706429594,592734.8,891944.25,-0.22820437278957628,0.6490921377653368,21.387185355996667,158.47768615280975,838109506.0,64.38356164383562,52.441579371474596,0.0075642965204236745,-0.008995502248875575,0.013677811550151908,0.002025433926351868,-0.0014903129657228018,3350.0
2023-11-27,3365.0,3385.0,3300.0,3350.0,457751,-0.0014903129657227732,-0.0014914245866700204,3309.285714285714,3289.285714285714,3336.4285714285716,0.018552093448005798,85.0,15.0,48.743781771894426,-42.41873704430691,-55.80061187528245,13.38187483097554,3499.0461234615004,3157.4538765384996,0.10263419121850849,0.5636724053192657,3345.0,3335.0,3309.0,3328.25,1.0044977511244377,1.00653496582288,6.75,-0.0014903129657227732,0.0014903129657227732,0.025373134328358207,-0.004457652303120356,0.008903518859523021,0.016577617360931735,600135.0,793775.45,-0.20934823837472405,0.5766756832804543,21.15079627260418,153.22927999903766,837651755.0,79.3103448275862,64.36855705910136,0.007507507507507505,0.0075642965204236745,-0.008995502248875575,0.004527163687402802,0.0029850746268656717,3360.0
2023-11-28,3330.0,3375.0,3320.0,3360.0,347138,0.0029850746268655914,0.00298062813813772,3332.1428571428573,3297.1428571428573,3329.7619047619046,0.01168551097122513,55.0,-30.0,49.29990366819581,-36.66332129511784,-51.97315375924953,15.309832464131688,3500.8690999598675,3158.1309000401325,0.10293984079283228,0.588989205192601,3355.0,3340.0,3316.5,3329.5,1.0059880239520957,1.009160534614807,10.5,0.0029850746268655914,0.0029850746268655914,0.01636904761904762,0.009009009009009009,0.006967205581765906,0.0165627659076881,567887.8,674291.3,-0.24164447483457163,0.5148190403761698,20.877173928208585,146.21290285624926,837998893.0,82.75862068965517,75.48417572035898,-0.0014903129657227732,0.007507507507507505,0.0075642965204236745,0.0030007563895501077,-0.00744047619047619,3335.0
2023-11-29,3365.0,3375.0,3325.0,3335.0,393483,-0.007440476190476164,-0.007468294607525799,3338.5714285714284,3307.8571428571427,3329.7619047619046,0.00836120394162144,50.0,30.0,47.90067166380788,-33.73057879880025,-48.324638767159676,14.594059968359424,3492.9333220087974,3158.5666779912026,0.1005387187905269,0.5276642427272538,3348.3333333333335,3346.0,3316.0,3325.75,0.9967124925283921,1.0027813275201083,20.25,-0.007440476190476164,0.007440476190476164,0.014992503748125937,-0.008915304606240713,0.006391723909120594,0.01598880953828706,505493.0,641399.35,0.1335059832112877,0.6134758321785017,20.99502110298509,139.34055265223148,837605410.0,74.13793103448276,78.73563218390801,0.0029850746268655914,-0.0014903129657227732,0.007507507507507505,-0.0019819048431111153,-0.0029985007496251873,3325.0
2023-11-30,3335.0,3365.0,3325.0,3325.0,291275,-0.0029985007496251548,-0.0030030052597695457,3337.1428571428573,3313.9285714285716,3325.714285714286,0.006695743014698082,40.0,10.0,47.3221063392753,-31.846172811100132,-45.02894557594777,13.182772764847641,3477.246031696048,3162.253968303952,0.09488427242777185,0.5166670866035914,3340.0,3345.0,3318.5,3319.75,0.9940209267563528,1.0015814443858724,25.25,-0.0029985007496251548,0.0029985007496251548,0.012030075187969926,-0.0029985007496251873,0.0057322168286248285,0.015488004651454557,413720.2,578008.4,-0.25975200961667977,0.5039286626284324,20.691248071210634,132.24479889135782,837314135.0,63.04347826086956,73.3133433283358,-0.007440476190476164,0.0029850746268655914,-0.0014903129657227732,-0.002484634104411909,0.016541353383458645,3380.0
2023-12-01,3340.0,3435.0,3325.0,3380.0,805561,0.016541353383458635,0.01640603538710994,3347.8571428571427,3320.714285714286,3322.6190476190477,0.00801934935192804,110.0,-40.0,50.839148447834425,-25.619402617761352,-41.147036984310496,15.527634366549144,3438.844046588224,3185.655953411776,0.07643991038612667,0.7675876229013056,3346.6666666666665,3350.0,3336.5,3312.25,1.008955223880597,1.0204543739150125,37.75,0.016541353383458635,0.016541353383458635,0.03254437869822485,0.011976047904191617,0.009186354911375283,0.011613865208487947,459041.6,558107.55,1.7656372843532746,1.4433795063335013,21.724925196936823,130.65588468483227,838119696.0,78.43137254901961,71.87092728145728,-0.0029985007496251548,-0.007440476190476164,0.0029850746268655914,0.0020341254811191054,-0.0029585798816568047,3370.0
2023-12-04,3415.0,3415.0,3335.0,3370.0,420890,-0.00295857988165682,-0.002962965130657072,3353.5714285714284,3326.785714285714,3315.0,0.008056196404213107,80.0,45.0,50.183110834114146,-21.246640755541648,-37.166957738556725,15.920316983015077,3415.7638103503728,3199.2361896496272,0.06546564495865322,0.788646777707768,3358.3333333333335,3354.0,3344.5,3307.5,1.0047704233750745,1.018896447467876,46.5,-0.00295857988165682,0.00295857988165682,0.02373887240356083,-0.013177159590043924,0.00932897793809564,0.008691858006289311,451669.4,527453.8,-0.47751939331720383,0.7979656227711317,21.07279481991535,127.03760720734425,837698806.0,74.50980392156863,71.99488491048591,0.016541353383458635,-0.0029985007496251548,-0.007440476190476164,0.00352809091739222,-0.037091988130563795,3245.0
2023-12-05,3370.0,3370.0,3230.0,3245.0,664252,-0.0370919881305638,-0.037797394208217046,3337.8571428571427,3320.0,3304.5238095238096,0.016450544901234418,140.0,125.0,42.75596601318883,-27.550070740919182,-35.243580339029215,7.693509598110033,3414.429087393659,3192.070912606341,0.06731497004081365,0.23803526649867826,3331.6666666666665,3331.0,3335.5,3303.25,0.9741819273491444,0.9823658518126088,27.75,-0.0370919881305638,0.0370919881305638,0.04314329738058552,-0.037091988130563795,0.01931347263361635,0.01437046960031772,515092.2,514707.4,0.5782080828720093,1.2905429375991095,21.491287504134213,127.96349240681967,837034554.0,25.49019607843137,59.47712418300651,-0.00295857988165682,0.016541353383458635,-0.0029985007496251548,-0.007836404876253996,0.01078582434514638,3280.0
2023-12-06,3245.0,3280.0,3200.0,3280.0,211104,0.01078582434514641,0.010728072239999078,3327.8571428571427,3318.5714285714284,3302.1428571428573,0.01747210070264835,80.0,-35.0,45.20151075551308,-29.382671775149902,-34.071398626253355,4.688726851103453,3413.691075333133,3195.808924666867,0.06592999490620052,0.38640648201646405,3298.3333333333335,3320.0,3333.0,3304.75,0.9879518072289156,0.9925107799379681,15.25,0.01078582434514641,0.01078582434514641,0.024390243902439025,0.01078582434514638,0.02082111063421047,0.014754409299297952,478616.4,490383.05,-0.682192902693556,0.4304879624203977,20.355704884844993,124.5375286634754,837245658.0,39.21568627450981,46.405228758169905,-0.0370919881305638,-0.00295857988165682,0.016541353383458635,-0.009754914555691404,-0.013719512195121951,3235.0
2023-12-07,3285.0,3315.0,3225.0,3235.0,297783,-0.013719512195121908,-0.013814494443188432,3310.0,3321.0714285714284,3301.4285714285716,0.017663396868237504,90.0,50.0,42.67704833836623,-34.0733686335916,-34.071792627721,-0.0015760058705964752,3406.4825816612693,3208.0174183387307,0.060009120363606776,0.13595626159044408,3253.3333333333335,3302.0,3323.5,3307.25,0.9797092671108419,0.9781540554841636,-5.25,-0.013719512195121908,0.013719512195121908,0.027820710973724884,-0.015220700152207,0.021347709206885297,0.014969832515883007,479918.0,480870.8,0.4105985675306958,0.6192578131173696,20.685904520283543,122.07056233037002,836947875.0,21.568627450980394,28.758169934640495,0.01078582434514641,-0.0370919881305638,-0.00295857988165682,-0.0133418919935131,0.0030911901081916537,3245.0
2023-12-08,3235.0,3255.0,3205.0,3245.0,231418,0.0030911901081915882,0.0030864222031893648,3297.1428571428573,3317.8571428571427,3304.285714285714,0.017907811909723785,50.0,-10.0,43.43309834325385,-36.5623947348372,-34.56991304914424,-1.9924816856929581,3406.042002799781,3208.957997200219,0.05958700093713145,0.18287634600349925,3253.3333333333335,3275.0,3312.5,3307.5,0.9908396946564886,0.981103552532124,-32.5,0.0030911901081915882,0.0030911901081915882,0.015408320493066256,0.0030911901081916537,0.01857681294857115,0.014694973932108113,365089.4,461364.65,-0.22286362888412037,0.5015945629991374,20.436851508567425,116.92266502105788,837179293.0,19.148936170212767,26.644416631900963,-0.013719512195121908,0.01078582434514641,-0.0370919881305638,5.2500752738697067e-05,0.012326656394453005,3285.0
2023-12-11,3245.0,3340.0,3245.0,3285.0,406965,0.012326656394453073,0.012251301780520585,3291.4285714285716,3314.285714285714,3306.4285714285716,0.018935003709149235,95.0,-40.0,46.47419257585433,-34.904937751655325,-34.63691798964646,-0.268019762008862,3406.042002799781,3208.957997200219,0.05958700093713145,0.3858354845612597,3255.0,3258.0,3306.0,3307.5,1.0082872928176796,0.9931972789115646,-49.5,0.012326656394453073,0.012326656394453073,0.0289193302891933,0.012326656394453005,0.020741067143372868,0.01550398249643358,362304.4,451434.35,0.7585710705303823,0.9014932071518262,21.01360439730767,115.35676037669661,837586258.0,36.170212765957444,25.62925879571684,0.0030911901081915882,-0.013719512195121908,0.01078582434514641,0.0005661114358409177,0.0015220700152207,3290.0
2023-12-12,3285.0,3305.0,3260.0,3290.0,243520,0.0015220700152207556,0.0015209128407067448,3278.5714285714284,3313.214285714286,3306.6666666666665,0.01732645430654773,45.0,-5.0,46.85877879017935,-32.80972287592385,-34.27147896690194,1.461756090978085,3406.0767913375566,3209.4232086624434,0.05945237175575944,0.4097397578089164,3273.3333333333335,3267.0,3299.0,3307.75,1.007040097949189,0.9946338145264908,-40.75,0.0015220700152207556,0.0015220700152207556,0.013677811550151976,0.0015220700152207,0.010357880389589083,0.015460150521626888,278158.0,451354.4,-0.40161930387134026,0.5395316850793965,20.501597198663035,110.33127749264685,837829778.0,38.297872340425535,31.20567375886522,0.012326656394453073,0.0030911901081915882,-0.013719512195121908,0.005646638839288472,-0.0243161094224924,3210.0
2023-12-13,3275.0,3300.0,3210.0,3210.0,308692,-0.024316109422492405,-0.02461662763535603,3255.714285714286,3304.6428571428573,3303.095238095238,0.018993345760204203,90.0,65.0,41.69657088382487,-37.17603916558255,-34.85239100663806,-2.3236481589444935,3407.470971266717,3195.029028733283,0.06435197047586022,0.07047088295363658,3261.6666666666665,3253.0,3286.5,3301.25,0.9867814325238241,0.9723589549413101,-48.25,-0.024316109422492405,0.024316109422492405,0.028037383177570093,-0.01984732824427481,0.014614299922257127,0.01696818404740999,297675.6,441025.05,0.2676248357424442,0.6999421007945014,20.714125512159736,108.87904338602922,837521086.0,4.25531914893617,26.24113475177302,0.0015220700152207556,0.012326656394453073,0.0030911901081915882,-0.0034891276709395256,0.006230529595015576,3230.0
2023-12-14,3220.0,3270.0,3200.0,3230.0,261748,0.006230529595015577,0.0062112000926406764,3253.5714285714284,3295.714285714286,3297.8571428571427,0.013597524656117388,70.0,-10.0,43.37603036338256,-38.57784208009434,-35.59748122132932,-2.9803608587650245,3408.6541786503462,3186.8458213496538,0.06726051316827912,0.19455614376082625,3243.3333333333335,3252.0,3277.0,3297.75,0.9932349323493235,0.9794556894852551,-45.75,0.006230529595015577,0.006230529595015577,0.021671826625386997,0.003105590062111801,0.014085886366149634,0.017257985473285692,290468.6,435842.5,-0.15207391186036567,0.6005563936513764,20.5553749052244,106.1019688584557,837782834.0,12.76595744680851,18.439716312056714,-0.024316109422492405,0.0015220700152207556,0.012326656394453073,-0.005521169937418691,0.0030959752321981426,3240.0
2023-12-15,3225.0,3260.0,3220.0,3240.0,226090,0.003095975232198178,0.0030911925696728796,3247.8571428571427,3287.8571428571427,3295.0,0.012815217402307986,40.0,-15.0,44.24089063437878,-38.438766391121135,-36.165738255287685,-2.2730281358334494,3404.5040980231042,3194.9959019768958,0.06349214214598332,0.21480829329072296,3226.6666666666665,3251.0,3263.0,3299.75,0.9966164257151645,0.981892567618759,-48.75,0.003095975232198178,0.003095975232198178,0.012345679012345678,0.004651162790697674,0.0140861685130365,0.01607014379714787,289403.0,426567.2,-0.13623026727997922,0.5300219988784886,20.412017039221865,101.38039965428031,838008924.0,17.02127659574468,11.347517730496428,0.006230529595015577,-0.024316109422492405,0.0015220700152207556,-0.004996534865092883,0.007716049382716049,3265.0
2023-12-18,3265.0,3330.0,3250.0,3265.0,419653,0.007716049382715973,0.007686432924156291,3252.1428571428573,3281.0714285714284,3298.095238095238,0.01199274115680058,80.0,0.0,46.44323225183588,-35.89745334259669,-36.11208127274949,0.21462793015280113,3404.3350255425,3192.6649744575,0.06417160863574341,0.34173481402644196,3245.0,3247.0,3252.5,3298.5,1.0055435786880198,0.9898438684250417,-51.5,0.007716049382715973,0.007716049382715973,0.02450229709035222,0.0,0.01318062913836128,0.016503331565604008,291940.6,426512.35,0.8561325136007785,0.9839175817534944,21.03819850074028,100.56751396468887,838428577.0,27.659574468085108,19.14893617021274,0.003095975232198178,0.006230529595015577,-0.024316109422492405,0.0056808514033099096,-0.009188361408882083,3235.0
2023-12-19,3275.0,3280.0,3200.0,3235.0,413924,-0.009188361408882129,-0.009230834775530543,3250.714285714286,3273.9285714285716,3295.4761904761904,0.01257940850316898,80.0,40.0,44.187763533354214,-35.89047071662935,-36.067759161525466,0.17728844489611362,3401.500974654484,3185.499025345516,0.06558431738544636,0.229169110801301,3246.6666666666665,3236.0,3251.5,3293.5,0.9996909765142151,0.9822377410050098,-57.5,-0.009188361408882129,0.009188361408882129,0.02472952086553323,-0.012213740458015267,0.013504093849698348,0.011791784970917407,326021.4,421789.85,-0.01365175514055661,0.981351258215436,21.015221868758097,99.09840582435395,838014653.0,14.893617021276595,19.858156028368768,0.007716049382715973,0.003095975232198178,0.006230529595015577,0.0005412210686773408,0.0061823802163833074,3255.0
2023-12-20,3245.0,3270.0,3225.0,3255.0,430091,0.0061823802163833985,0.006163347707668768,3246.4285714285716,3268.9285714285716,3291.6666666666665,0.011737960202107425,45.0,-10.0,46.06817508834866,-33.88055018954219,-35.63031736712881,1.7497671775866195,3400.1883934452767,3181.8116065547233,0.06635575414480503,0.3351473134457163,3251.6666666666665,3245.0,3249.0,3291.0,1.0030816640986133,0.9890610756608933,-46.0,0.0061823802163833985,0.0061823802163833985,0.013824884792626729,0.0030816640986132513,0.006913478029448933,0.01139650755127163,350301.2,408021.55,0.039057894685980976,1.0540889323125213,21.059699648543678,95.23423397975724,838444744.0,23.404255319148938,21.98581560283685,-0.009188361408882129,0.007716049382715973,0.003095975232198178,0.0015700227300724141,-0.015360983102918587,3205.0
2023-12-21,3220.0,3255.0,3195.0,3205.0,473835,-0.015360983102918557,-0.015480185287899172,3234.285714285714,3256.4285714285716,3286.904761904762,0.012768098501230766,60.0,15.0,42.23692525652726,-35.90832698239956,-35.685919290182966,-0.22240769221659207,3398.743305435947,3170.756694564053,0.06940759901724464,0.15019875643130845,3231.6666666666665,3240.0,3246.0,3284.75,0.9891975308641975,0.9757211355506508,-44.75,-0.015360983102918557,0.015360983102918557,0.0187207488299532,-0.004658385093167702,0.01020189529460095,0.01161450879837692,392718.6,394206.35,0.10170870815711086,1.201997380306025,21.141081808823333,92.71750298120315,837970909.0,4.545454545454546,14.281108961960001,0.0061823802163833985,-0.009188361408882129,0.007716049382715973,-0.006122321431805762,0.0,3205.0
2023-12-22,3210.0,3240.0,3180.0,3205.0,326781,0.0,0.0,3233.5714285714284,3244.6428571428573,3280.9523809523807,0.008847785862728474,60.0,5.0,42.23692525652726,-37.08782929039444,-35.96630129022526,-1.121528000169178,3391.5199942196114,3162.9800057803886,0.06973529283369372,0.1838627651404911,3221.6666666666665,3233.0,3242.0,3277.25,0.9913393133312712,0.9779540773514379,-44.25,0.0,0.0,0.0187207488299532,-0.001557632398753894,0.00994304572036792,0.011538251774737152,412856.8,381597.7,-0.31034853904840287,0.8563495010583135,20.76951287105251,90.38053848254579,837970909.0,13.157894736842104,13.702534867148502,-0.015360983102918557,0.0061823802163833985,-0.009188361408882129,-0.0030595342955117197,-0.0124804992199688,3165.0
2023-12-26,3200.0,3220.0,3130.0,3165.0,375428,-0.012480499219968744,-0.012559034776493797,3224.285714285714,3238.9285714285716,3271.904761904762,0.009399987455318616,90.0,35.0,39.21133284297169,-40.78017065089807,-36.92907516235982,-3.851095488538249,3387.3138276717623,3148.6861723282377,0.07301947837929149,0.06836520120971376,3191.6666666666665,3213.0,3230.0,3268.0,0.9850606909430439,0.9684822521419829,-55.0,-0.012480499219968744,0.012480499219968744,0.02843601895734597,-0.0109375,0.009000795410980953,0.010964356508591285,404011.8,377481.55,0.14886728420563,0.9945598665683131,20.895730322880016,90.35335716236395,837595481.0,16.666666666666668,11.456671982987748,0.0,-0.015360983102918557,0.0061823802163833985,-0.0092804941076291,0.01263823064770932,3205.0
2023-12-27,3160.0,3210.0,3135.0,3205.0,299832,0.012638230647709303,0.012559034776493835,3219.285714285714,3233.5714285714284,3265.0,0.010958397860499484,75.0,-45.0,43.56496385774356,-40.01741621082692,-37.54674337205324,-2.4706728387736803,3374.4278391255116,3146.0721608744884,0.07004238271636322,0.2580528742566862,3191.6666666666665,3207.0,3221.5,3260.25,0.9993763642033052,0.9830534468215628,-53.25,0.012638230647709303,0.012638230647709303,0.0234009360374415,0.014240506329113924,0.011972824826844353,0.012057147513470574,381193.4,375116.25,-0.2013595150068721,0.7993042156931351,20.68344496717517,89.25668879362367,837895313.0,35.714285714285715,21.846282372598136,-0.012480499219968744,0.0,-0.015360983102918557,5.2577142580186496e-05,0.0124804992199688,3245.0
2023-12-28,3220.0,3250.0,3205.0,3245.0,237178,0.012480499219968744,0.0124032597834199,3216.4285714285716,3234.285714285714,3259.5238095238096,0.011738380521596686,45.0,-25.0,47.60602160958726,-35.77289445623228,-37.191973588889056,1.4190791326567762,3364.487975741798,3147.012024258202,0.0667974971922279,0.45056924718956404,3205.0,3205.0,3225.0,3255.75,1.0124804992199687,0.9966981494279352,-50.75,0.012480499219968744,0.012480499219968744,0.01386748844375963,0.007763975155279503,0.01328276817125917,0.010137937189094056,342610.8,367301.0,-0.20896368633101203,0.645731974593045,20.461436823506528,86.09549673693625,838132491.0,54.76190476190476,35.71428571428569,0.012638230647709303,-0.012480499219968744,0.0,0.004212743549236435,0.009244992295839754,3275.0
2024-01-02,3250.0,3295.0,3100.0,3275.0,395926,0.009244992295839749,0.00920251893116192,3222.1428571428573,3236.4285714285716,3256.6666666666665,0.01161920033020464,195.0,-25.0,50.47056602970525,-29.64658374301689,-35.68289561971462,6.036311876697731,3357.4903598976025,3149.0096401023975,0.06408382995318682,0.6043261939107151,3241.6666666666665,3219.0,3229.5,3253.25,1.0173967070518795,1.0066856220702374,-34.25,0.009244992295839749,0.009244992295839749,0.059541984732824425,0.007692307692307693,0.01073481938290887,0.010349023577187928,327029.0,372533.55,0.6693200887097455,1.0627928679175338,20.983055752928188,93.8743898271551,838528417.0,72.91666666666667,54.46428571428569,0.012480499219968744,0.012638230647709303,-0.012480499219968744,0.011454574054505931,0.0,3275.0
2024-01-03,3245.0,3280.0,3235.0,3275.0,392023,0.0,0.0,3225.0,3235.714285714286,3254.285714285714,0.011461978014057643,45.0,-30.0,50.47056602970525,-24.508914850976453,-33.44809946596699,8.939184614990538,3334.4139364978555,3161.5860635021445,0.0532105520306992,0.6562248006180695,3265.0,3233.0,3233.0,3248.0,1.012991030003093,1.0083128078817734,-15.0,0.0,0.0,0.013740458015267175,0.009244992295839754,0.01073481938290887,0.010340046390015019,340077.4,351856.65,-0.009857902739400792,1.1141554380171583,20.97314893936901,90.38336198235831,838528417.0,76.08695652173913,67.9218426501035,0.009244992295839749,0.012480499219968744,0.012638230647709303,0.0072418305052694976,0.015267175572519083,3325.0
2024-01-04,3310.0,3380.0,3260.0,3325.0,1404053,0.01526717557251911,0.015151805020602246,3242.1428571428573,3238.214285714286,3251.6666666666665,0.009920903645959916,120.0,-15.0,55.20454429778765,-16.215767828995922,-30.001633138572778,13.785865309576856,3320.320701174704,3171.179298825296,0.0459497503964902,1.031374915024155,3291.6666666666665,3265.0,3239.0,3245.75,1.0183767228177643,1.0244165447123161,19.25,0.01526717557251911,0.01526717557251911,0.03609022556390978,0.004531722054380665,0.005945566944783526,0.011121215962057032,545802.4,401014.8,2.5815577147259217,3.501249829183362,22.264098565447313,92.49883612647557,839932470.0,80.35714285714286,76.45358868184952,0.0,0.009244992295839749,0.012480499219968744,0.008170722622786286,0.015037593984962405,3375.0
2024-01-05,3325.0,3470.0,3280.0,3375.0,4195566,0.015037593984962516,0.014925650216675792,3266.4285714285716,3250.0,3251.904761904762,0.01020411956429496,190.0,-50.0,59.38509085625114,-5.544888904891195,-25.110284291836464,19.56539538694527,3346.588416576218,3157.911583423782,0.05801424649164003,1.150583317247155,3325.0,3299.0,3253.0,3252.25,1.0230372840254622,1.0377431009301252,46.75,0.015037593984962516,0.015037593984962516,0.056296296296296296,0.015037593984962405,0.00630513704604303,0.011081201440877545,1324949.2,577580.5,1.9881820700500623,7.264036787945576,23.373689414686286,99.46320497458446,844128036.0,74.32432432432432,76.92280790106874,0.01526717557251911,0.0,0.009244992295839749,0.010101589852493875,-0.005925925925925926,3355.0
2024-01-08,3385.0,3550.0,3355.0,3355.0,1853918,-0.00592592592592589,-0.005943553900847994,3293.5714285714284,3258.9285714285716,3257.1428571428573,0.008148622766823163,195.0,30.0,57.089979980687545,1.2832343422546728,-19.831580565018236,21.11481490727291,3360.4081061583906,3151.5918938416094,0.06413274334053479,0.9741011193604721,3351.6666666666665,3321.0,3263.0,3256.0,1.0102378801565794,1.0304054054054055,65.0,-0.00592592592592589,0.00592592592592589,0.05812220566318927,-0.008862629246676515,0.009403322484020229,0.011506158084671378,1648297.2,659721.2,-0.5581244580588174,2.810153743732959,22.55101884500166,106.28726176211414,842274118.0,56.666666666666664,70.44937794937792,0.015037593984962516,0.01526717557251911,0.0,0.008126281210518579,0.00894187779433681,3385.0
2024-01-09,3370.0,3445.0,3325.0,3385.0,962749,0.008941877794336861,0.008902135940593251,3319.285714285714,3269.285714285714,3262.1428571428573,0.007946914660395045,120.0,-15.0,59.611486292177965,9.011442192955656,-14.062976013423459,23.074418206379114,3382.1369960935795,3144.8630039064205,0.07270537526801253,1.0120662356629555,3371.6666666666665,3343.0,3281.0,3263.5,1.0125635656595873,1.0372299678259538,79.5,0.008941877794336861,0.008941877794336861,0.03545051698670606,0.004451038575667656,0.009383969897100247,0.009581594566939277,1761661.8,692969.5,-0.4806949390426114,1.3893093418974427,21.904657198638592,107.26674306482028,843236867.0,63.333333333333336,64.77477477477474,-0.00592592592592589,0.015037593984962516,0.01526717557251911,0.006017848617791162,0.0,3385.0
2024-01-10,3425.0,3450.0,3370.0,3385.0,1076563,0.0,0.0,3339.285714285714,3277.8571428571427,3269.285714285714,0.008131642283530532,80.0,40.0,59.611486292177965,14.963611395722182,-8.257658531594332,23.221269927316513,3400.5161933234417,3140.4838066765583,0.07950845028187843,0.9403297661359689,3375.0,3365.0,3299.0,3270.5,1.0059435364041605,1.035009937318453,94.5,0.0,0.0,0.023633677991137372,-0.01167883211678832,0.009383969897100247,0.009581594566939277,1898569.8,735226.75,0.11821772860839119,1.4642598354861271,22.01639330268611,105.31911856019025,843236867.0,63.333333333333336,61.111111111111086,0.008941877794336861,-0.00592592592592589,0.015037593984962516,0.0010053172894703237,-0.008862629246676515,3355.0
2024-01-11,3395.0,3400.0,3335.0,3355.0,545552,-0.008862629246676468,-0.008902135940593154,3350.714285714286,3286.4285714285716,3274.5238095238096,0.009686482463632587,65.0,40.0,55.808120420411555,17.063303946086307,-3.193466036058205,20.25676998214451,3409.320282838055,3138.679717161945,0.08266358145269086,0.7992899449409852,3375.0,3371.0,3318.0,3274.0,0.9952536339365173,1.0247403787416005,97.0,-0.008862629246676468,0.008862629246676468,0.019374068554396422,-0.011782032400589101,0.010035619275545384,0.00886812575418618,1726869.6,742156.1,-0.4932465633687949,0.7350906365924905,21.32776045505377,102.43918152017666,842691315.0,56.666666666666664,61.111111111111086,0.0,0.008941877794336861,-0.00592592592592589,2.6416182553464413e-05,0.014903129657228018,3405.0
2024-01-12,3400.0,3490.0,3380.0,3405.0,1823910,0.014903129657227954,0.01479316917783051,3369.285714285714,3297.1428571428573,3280.2380952380954,0.010396619117277087,110.0,-5.0,60.348866295701896,22.502512594422114,1.9457296900378593,20.556782904384256,3427.1654530213045,3132.3345469786955,0.08989432305590642,0.9248197778217282,3381.6666666666665,3377.0,3338.0,3279.75,1.0082913828842168,1.0381888863480448,97.25,0.014903129657227954,0.014903129657227954,0.032305433186490456,0.0014705882352941176,0.009991488649550498,0.009086089604096712,1252538.4,821175.6,2.3432376748687567,2.2210961942853635,22.549493325038423,104.76495426873547,844515225.0,67.77777777777777,62.592592592592574,-0.008862629246676468,0.0,0.008941877794336861,0.0020135001368504954,0.0014684287812041115,3410.0
2024-01-15,3475.0,3520.0,3420.0,3410.0,727012,0.001468428781204123,0.0014673516939497444,3381.4285714285716,3311.785714285714,3285.9523809523807,0.00954428963725298,100.0,65.0,60.7828223408579,26.906422360560555,6.937868224142399,19.968554136418156,3444.209158287717,3135.290841712283,0.09390328036338137,0.8892614764092064,3390.0,3388.0,3354.5,3289.75,1.0064935064935066,1.0365529295539175,98.25,0.001468428781204123,0.001468428781204123,0.02932551319648094,-0.01870503597122302,0.009064175668804424,0.008893307780295573,1027157.2,842091.6,-0.6013991918460889,0.8633407577037938,21.631165833250186,105.4960289638258,845242237.0,68.88888888888889,64.44444444444441,0.014903129657227954,-0.008862629246676468,0.0,0.0025029763972518695,0.01466275659824047,3460.0
2024-01-16,3440.0,3625.0,3370.0,3460.0,5565258,0.014662756598240456,0.014556297774207454,3393.5714285714284,3330.0,3297.8571428571427,0.009472028159967024,255.0,-20.0,64.91770179261907,34.03875710770035,12.358046000853989,21.68071110684636,3470.5169955705373,3131.9830044294627,0.10254721427976515,0.9689337087390002,3425.0,3403.0,3373.0,3301.25,1.0167499265354099,1.0480878455130633,101.75,0.014662756598240456,0.014662756598240456,0.07369942196531792,0.005813953488372093,0.010240672032816556,0.009334232804364274,1947659.0,1107267.1,6.654974058199865,5.026120617148292,23.68107777090682,116.17488403783824,850807495.0,68.57142857142857,68.41269841269839,0.001468428781204123,0.014903129657227954,-0.008862629246676468,0.010344771678890844,0.08815028901734104,3765.0
2024-01-17,3470.0,3990.0,3465.0,3765.0,23445720,0.08815028901734112,0.08447927218222409,3452.1428571428573,3372.8571428571427,3323.3333333333335,0.031169144251101698,525.0,-295.0,79.27349338232729,63.569346928306004,22.600306186344394,40.96904074196161,3592.522342652965,3062.477657347035,0.15929216688382575,1.3254021068949773,3545.0,3479.0,3422.0,3327.5,1.082207530899684,1.1314800901577762,151.5,0.08815028901734112,0.08815028901734112,0.1394422310756972,0.08501440922190202,0.03825600610901354,0.02748584055675376,6421490.4,2268248.6,3.2128720716991017,10.336486044783626,25.203701660452342,145.73382089227837,874253215.0,74.71910112359551,70.72647286130429,0.014662756598240456,0.001468428781204123,0.014903129657227954,0.034760491465595234,-0.043824701195219126,3600.0
2024-01-18,3610.0,3790.0,3525.0,3600.0,5810432,-0.043824701195219085,-0.04481401578979254,3482.8571428571427,3401.0714285714284,3340.4761904761904,0.038977432056996754,265.0,10.0,64.01278709433808,72.81901876008124,32.64404870109176,40.17497005898947,3633.846361564819,3054.653638435181,0.17319061766603502,0.9415628680865813,3608.3333333333335,3528.0,3449.5,3344.25,1.0204081632653061,1.076474545862301,183.75,-0.043824701195219085,0.043824701195219085,0.07361111111111111,-0.002770083102493075,0.047419697607214026,0.03305752389694919,7474466.4,2537787.55,-0.7521751517974282,2.2895659646529514,23.76385460511704,154.25283368568705,868442783.0,56.17977528089887,66.49010165864097,0.08815028901734112,0.014662756598240456,0.001468428781204123,0.019662781473454165,-0.0125,3555.0
2024-01-19,3540.0,3665.0,3470.0,3555.0,2193335,-0.012499999999999956,-0.012578782206860073,3507.1428571428573,3423.214285714286,3354.285714285714,0.03973323086389784,195.0,-15.0,60.5871570093613,75.64632268799551,41.24450349847251,34.401819189522996,3659.6261056456933,3060.8738943543067,0.17818680493754532,0.8252597590912674,3640.0,3558.0,3467.5,3360.25,0.9991568296795953,1.0579569972472287,197.75,-0.012499999999999956,0.012499999999999956,0.05485232067510549,0.00423728813559322,0.04900130147163038,0.03359092645703759,7548351.4,2626758.1,-0.6225177405053531,0.8349969492813213,22.77704411687711,157.16334556528082,866249448.0,51.12359550561798,60.67415730337077,-0.043824701195219085,0.08815028901734112,0.014662756598240456,0.010608529274040693,-0.03656821378340366,3425.0
2024-01-22,3485.0,3540.0,3395.0,3425.0,1595162,-0.03656821378340369,-0.037253591541015624,3517.1428571428573,3433.9285714285716,3363.3333333333335,0.04293999752899508,145.0,60.0,51.939695312934305,66.62901012225302,46.32140482322861,20.30760529902441,3665.182738443403,3072.317261556597,0.17598975195155664,0.5948781843317545,3526.6666666666665,3561.0,3474.5,3368.75,0.9618084807638304,1.0166975881261595,192.25,-0.03656821378340369,0.03656821378340369,0.042335766423357665,-0.01721664275466284,0.05333825264453295,0.03607519750660587,7721981.4,2685011.65,-0.2727230450432788,0.594098725791376,22.421342607320945,157.36596373918934,864654286.0,25.165562913907284,44.15631123347469,-0.012499999999999956,-0.043824701195219085,0.08815028901734112,-0.030964304992874243,-0.01897810218978102,3360.0
2024-01-23,3425.0,3445.0,3330.0,3360.0,1055441,-0.01897810218978102,-0.019160497739075744,3510.714285714286,3440.0,3368.3333333333335,0.04329545359508704,115.0,65.0,48.23284031627718,53.619673951118784,47.78105864880665,5.838615302312135,3662.8398790175615,3090.1601209824385,0.16960751015404207,0.4711880858918222,3446.6666666666665,3541.0,3472.0,3376.5,0.9488844959051116,0.9951132829853399,164.5,-0.01897810218978102,0.01897810218978102,0.03422619047619048,-0.01897810218978102,0.0534607237182639,0.036609489878370746,6820018.0,2714091.95,-0.3383487069024964,0.3888744447291109,21.98916550026859,154.3398234721044,863598845.0,13.698630136986301,29.99592951883717,-0.03656821378340369,-0.012499999999999956,-0.043824701195219085,-0.02268210532439489,-0.026785714285714284,3270.0
2024-01-24,3340.0,3415.0,3255.0,3270.0,1485474,-0.0267857142857143,-0.02715098906595086,3490.714285714286,3436.0714285714284,3371.4285714285716,0.044264766709267094,160.0,70.0,43.5936395713907,35.636636507054845,45.35217422045629,-9.715537713401446,3659.2886236377103,3100.2113763622897,0.1654197047933784,0.30369439011361987,3351.6666666666665,3442.0,3460.5,3379.75,0.9500290528762347,0.9675271839633109,62.25,-0.0267857142857143,0.0267857142857143,0.04892966360856269,-0.020958083832335328,0.012714103499389685,0.0375643467813521,2427968.8,2772026.6,0.40744390259616603,0.5358801391011183,22.30378973530439,154.7441217955255,862113371.0,2.0408163265306123,13.635003125808042,-0.01897810218978102,-0.03656821378340369,-0.012499999999999956,-0.02744401008629967,-0.022935779816513763,3195.0
2024-01-25,3250.0,3290.0,3165.0,3195.0,870939,-0.022935779816513735,-0.02320289707966387,3452.8571428571427,3423.214285714286,3370.9523809523807,0.04364010839363202,125.0,55.0,40.129704614567196,15.158340657636472,39.31340750789233,-24.155066850255857,3656.2212903674094,3106.2787096325906,0.1626447558550296,0.16132827948849202,3275.0,3361.0,3444.5,3381.25,0.9506099375185957,0.9449168207024029,-20.25,-0.022935779816513735,0.022935779816513735,0.03912363067292645,-0.016923076923076923,0.00899062970028128,0.03807546297170711,1440070.2,2796802.15,-0.4136962343332835,0.311405295508658,21.74666958610995,152.61954166727367,861242432.0,3.6363636363636362,6.458603366626826,-0.0267857142857143,-0.01897810218978102,-0.03656821378340369,-0.022899865430669686,0.012519561815336464,3235.0
2024-01-26,3185.0,3275.0,3185.0,3235.0,594226,0.012519561815336422,0.01244184012336572,3377.1428571428573,3414.6428571428573,3374.285714285714,0.018544766406205716,90.0,-50.0,42.742827931202264,2.1322303407691834,31.8771720744677,-29.744941733698518,3653.9748047963985,3111.5251952036015,0.16035758172871098,0.2276244698361713,3233.3333333333335,3297.0,3427.5,3382.75,0.981195025781013,0.9563225186608528,-85.75,0.012519561815336422,0.012519561815336422,0.027820710973724884,0.015698587127158554,0.018555450847443013,0.03794955645285236,1120248.4,2811521.85,-0.31771800321262456,0.2113538616105722,21.376799204819577,148.1467172624684,861836658.0,8.484848484848484,4.720676149247554,-0.022935779816513735,-0.0267857142857143,-0.01897810218978102,-0.012400644095630539,0.010819165378670788,3270.0
2024-01-29,3300.0,3355.0,3230.0,3270.0,910952,0.010819165378670892,0.010761056956298238,3330.0,3406.4285714285716,3377.3809523809523,0.01888037171318766,125.0,30.0,45.00469388952178,-5.305687774619855,24.44060010465019,-29.746287879270046,3652.7710824044216,3115.2289175955784,0.15884815744942174,0.28792361332149663,3233.3333333333335,3266.0,3413.5,3384.0,1.0012247397428047,0.9663120567375887,-118.0,0.010819165378670892,0.010819165378670892,0.0382262996941896,-0.00909090909090909,0.019143960710803473,0.03822657685236066,983406.4,2845210.55,0.533005960695089,0.32017032974940995,21.814790749728605,146.4933803151492,862747610.0,12.727272727272727,8.282828282828259,0.012519561815336422,-0.022935779816513735,-0.0267857142857143,0.0001343157924978596,-0.010703363914373088,3235.0
2024-01-30,3215.0,3320.0,3200.0,3235.0,482157,-0.010703363914373099,-0.010761056956298146,3284.285714285714,3395.714285714286,3376.904761904762,0.018911396494219183,120.0,-20.0,43.16821579542335,-13.86467561118252,16.77954496148365,-30.64422057266617,3654.752056290193,3109.247943709807,0.16129630768195932,0.2305244880654537,3246.6666666666665,3241.0,3391.0,3382.0,0.9981487195310089,0.956534594914252,-141.0,-0.010703363914373099,0.010703363914373099,0.03709428129829984,0.006220839813374806,0.018417410460838283,0.037722470982325305,868749.6,2849522.1,-0.47071086072592194,0.16920626795630045,21.16780927371269,144.60099600692428,862265453.0,8.484848484848484,9.898989898989875,0.010819165378670892,0.012519561815336422,-0.022935779816513735,0.004211787759878072,-0.00927357032457496,3205.0
2024-01-31,3220.0,3285.0,3200.0,3205.0,487559,-0.009273570324574987,-0.00931683758023055,3252.8571428571427,3385.0,3373.5714285714284,0.0157386406760768,85.0,15.0,41.601205848556624,-22.805595704088773,8.862516828369166,-31.66811253245794,3658.7273513079244,3098.2726486920756,0.16588861998397184,0.1904299327131854,3236.6666666666665,3228.0,3335.0,3378.5,0.9928748451053284,0.948645848749445,-150.5,-0.009273570324574987,0.009273570324574987,0.0265210608424337,-0.004658385093167702,0.015196847342858071,0.018222209872672326,669166.6,2854298.9,0.011203819502776158,0.17081567736301198,21.16963395773277,140.3437820064297,861777894.0,4.848484848484849,8.686868686868662,-0.010703363914373099,0.010819165378670892,0.012519561815336422,-0.0030525896200923977,0.015600624024960999,3255.0
2024-02-01,3200.0,3270.0,3195.0,3255.0,391410,0.015600624024961096,0.015480185287899299,3237.8571428571427,3374.285714285714,3372.6190476190477,0.017532794024411106,75.0,-55.0,45.173379510392294,-25.562093261732116,1.9775948103489096,-27.539688072081027,3659.7528937979705,3090.2471062020295,0.16874245558398251,0.2892909912179174,3231.6666666666665,3240.0,3300.5,3375.0,1.0046296296296295,0.9644444444444444,-135.0,0.015600624024961096,0.015600624024961096,0.02304147465437788,0.0171875,0.012706491368693881,0.01775969494327632,573260.8,2803666.75,-0.19720485110519959,0.13960646357132137,20.96545843835548,135.67636900597046,862169304.0,10.909090909090908,8.080808080808056,-0.009273570324574987,-0.010703363914373099,0.010819165378670892,-0.0014587700713289964,0.009216589861751152,3285.0
2024-02-02,3240.0,3305.0,3220.0,3285.0,393685,0.009216589861751112,0.00917437627604123,3240.0,3365.3571428571427,3370.714285714286,0.014901851241546301,85.0,-45.0,47.25797326672997,-25.037274046077073,-3.4253789609362872,-21.611895085140787,3658.0833975150827,3082.9166024849173,0.17064732088122395,0.35134746870163835,3248.3333333333335,3250.0,3273.5,3370.5,1.0107692307692309,0.9746328437917223,-120.5,0.009216589861751112,0.009216589861751112,0.0258751902587519,0.013888888888888888,0.012215735754346898,0.01870632282012879,533152.6,2613572.7,0.005812319562606971,0.15063097345637255,20.980428307821757,132.05662836268687,862562989.0,14.545454545454545,10.101010101010077,0.015600624024961096,-0.009273570324574987,-0.010703363914373099,0.005181214520712407,-0.0136986301369863,3240.0
2024-02-05,3285.0,3310.0,3230.0,3240.0,382030,-0.013698630136986356,-0.013793322132335873,3246.4285714285716,3349.6428571428573,3364.285714285714,0.012644627310273084,80.0,45.0,44.52337237938059,-27.930509429297672,-8.326405054608564,-19.604104374689108,3658.1775666022327,3071.3224333977673,0.17441270026137615,0.2874262438179338,3260.0,3244.0,3255.0,3364.75,0.998766954377312,0.9629244371795824,-120.75,-0.013698630136986356,0.013698630136986356,0.024691358024691357,-0.0136986301369863,0.013236733898966969,0.015986288605877988,427368.2,2539978.3,-0.02960488715597498,0.15040679678247645,20.936583028130766,128.33829776535208,862180959.0,9.090909090909092,11.515151515151492,0.009216589861751112,0.015600624024961096,-0.009273570324574987,0.0037061945832419507,0.0,3240.0
2024-02-06,3215.0,3250.0,3180.0,3240.0,374033,0.0,0.0,3247.1428571428573,3312.1428571428573,3358.809523809524,0.011776561952989565,70.0,-25.0,44.52337237938059,-29.878992884193394,-12.636922620525532,-17.242070263667863,3655.943329717107,3059.056670282893,0.17777711375553668,0.3031452066437913,3255.0,3245.0,3243.0,3357.5,0.9984591679506933,0.9650037230081906,-112.5,0.0,0.0,0.021604938271604937,0.007776049766718507,0.01226066635561587,0.015310356660011308,405743.4,2510542.5,-0.020932911027929713,0.1489849305478796,20.91542791740983,124.17127649639836,862180959.0,12.0,11.878787878787856,-0.013698630136986356,0.009216589861751112,0.015600624024961096,-0.0014940134250784147,0.010802469135802469,3275.0
2024-02-07,3290.0,3470.0,3265.0,3275.0,5518462,0.010802469135802406,0.010744539282977163,3247.8571428571427,3288.9285714285716,3353.5714285714284,0.011774099369351695,205.0,15.0,47.27542565965421,-28.273058350175233,-15.764149766455473,-12.50890858371976,3652.357681510075,3051.642318489925,0.17921102715398274,0.3718194926580941,3251.6666666666665,3259.0,3243.5,3352.0,1.0049094814360233,0.9770286396181385,-93.0,0.010802469135802406,0.010802469135802406,0.06259541984732825,-0.004559270516717325,0.011581928744663177,0.013468171544607251,1411924.0,2732637.45,13.753944170701516,2.0194636504011902,23.617682904366905,131.7304710323699,867699421.0,22.0,14.36363636363634,0.0,-0.013698630136986356,0.009216589861751112,-0.00096538700039465,0.010687022900763359,3310.0
2024-02-08,3315.0,3330.0,3275.0,3310.0,616994,0.010687022900763399,0.01063032030175633,3258.5714285714284,3271.4285714285716,3350.0,0.011212132985857262,55.0,5.0,49.94930368491522,-23.90062464574339,-17.391444742313055,-6.509179903430336,3650.6866955637756,3048.8133044362244,0.17967710758341704,0.4339562097511368,3275.0,3270.0,3255.0,3349.75,1.0122324159021407,0.9881334427942384,-79.75,0.010687022900763399,0.010687022900763399,0.01661631419939577,-0.0015082956259426848,0.010555248826274738,0.011014409711573758,1457040.8,2736209.55,-0.8881945730531442,0.22549223249366995,21.43731804722775,126.24972310148635,868316415.0,38.666666666666664,24.222222222222197,0.010802469135802406,0.0,-0.013698630136986356,0.007163164012188601,0.01661631419939577,3365.0
2024-02-13,3300.0,3375.0,3290.0,3365.0,702134,0.0166163141993958,0.016479773707719622,3281.4285714285716,3267.1428571428573,3350.4761904761904,0.010607065859409641,85.0,-65.0,53.905324770854584,-15.815092545168682,-17.07617430288418,1.2610817577154982,3647.670603528759,3047.829396471241,0.179177419776721,0.5287576108427408,3316.6666666666665,3286.0,3268.0,3347.75,1.0240413877054169,1.0051527145097454,-61.75,0.0166163141993958,0.0166163141993958,0.02526002971768202,0.019696969696969695,0.011994979304787537,0.011450702036027648,1518730.6,2680120.75,0.13799161742253574,0.2619784948122207,21.58306279048503,123.30331430852304,869018549.0,65.57377049180327,42.080145719489956,0.010687022900763399,0.010802469135802406,0.0,0.0127019354119872,0.01634472511144131,3420.0
2024-02-14,3320.0,3440.0,3320.0,3420.0,1026185,0.01634472511144125,0.0162125879778226,3305.0,3271.4285714285716,3351.190476190476,0.010708253335308516,120.0,-100.0,57.521138318209395,-4.912580585514206,-14.643455559410187,9.73087497389598,3648.64053527735,3047.85946472265,0.17943136580443514,0.6194278640200055,3365.0,3322.0,3283.0,3348.25,1.0295003010234798,1.0214291047562158,-26.25,0.01634472511144125,0.01634472511144125,0.03508771929824561,0.030120481927710843,0.006730261169711926,0.011938879580963612,1647561.6,2695079.4,0.4615230141255089,0.38076243690631156,21.978754430691044,123.06736328648569,870044734.0,83.60655737704919,62.61566484517302,0.0166163141993958,0.010687022900763399,0.010802469135802406,0.014549354070533482,-0.007309941520467836,3395.0
2024-02-15,3435.0,3435.0,3375.0,3395.0,559584,-0.007309941520467822,-0.00733679006385432,3320.714285714286,3280.3571428571427,3350.4761904761904,0.011916270294451184,60.0,40.0,55.394074210889386,1.6909553439650153,-11.376573378735147,13.067528722700162,3641.683421565111,3048.316578434889,0.17738919077136686,0.5842649038767184,3393.3333333333335,3353.0,3299.0,3345.0,1.0125260960334028,1.014947683109118,8.0,-0.007309941520467822,0.007309941520467822,0.017673048600883652,-0.011644832605531296,0.009787056984091571,0.011496910791509421,1684671.8,2444795.7,-0.4546948162368384,0.2288878371309308,21.365007970032558,118.56255162316529,869485150.0,75.40983606557377,74.86338797814206,0.01634472511144125,0.0166163141993958,0.010687022900763399,0.008550365930123075,0.007363770250368188,3420.0
2024-02-16,3410.0,3450.0,3380.0,3420.0,634028,0.007363770250368162,0.007336790063854308,3346.4285714285716,3296.4285714285716,3348.5714285714284,0.008688378820105567,70.0,-10.0,57.102400336180565,8.839697677955883,-7.33331916739694,16.173016845352823,3553.172994203768,3102.327005796232,0.13548072673954967,0.7046153284536089,3411.6666666666665,3382.0,3320.5,3327.75,1.0112359550561798,1.0277214334009466,54.25,0.007363770250368162,0.007363770250368162,0.02046783625730994,0.002932551319648094,0.00978715609847118,0.010366390577305514,707785.0,1304211.1,0.1330345399439583,0.486139092053426,21.49724422699984,115.09379793579635,870119178.0,82.75862068965517,80.59167137742601,-0.007309941520467822,0.01634472511144125,0.0166163141993958,0.00546618461378053,-0.008771929824561403,3390.0
2024-02-19,3405.0,3450.0,3385.0,3390.0,447936,-0.00877192982456143,-0.00881062968215492,3367.8571428571427,3307.5,3330.714285714286,0.010452828980708147,65.0,15.0,54.40950821903527,11.946664490308194,-3.477322435855914,15.423986926164108,3505.8312682554783,3128.6687317445217,0.11369735067027106,0.6928876623669822,3401.6666666666665,3398.0,3334.0,3317.25,0.9976456739258387,1.0219308161881075,80.75,-0.00877192982456143,0.00877192982456143,0.019174041297935103,-0.004405286343612335,0.012352277482825356,0.01085870553781608,673973.4,1036086.3,-0.2935075422536544,0.4323346423941712,21.14099084508225,111.5156695118109,869671242.0,72.41379310344827,76.86074995289238,0.007363770250368162,-0.007309941520467822,0.01634472511144125,-0.0029060336982203636,-0.016224188790560472,3335.0
2024-02-20,3365.0,3415.0,3310.0,3335.0,606619,-0.016224188790560423,-0.0163572420247718,3376.4285714285716,3312.1428571428573,3318.095238095238,0.013248854628868562,105.0,30.0,49.775016393979044,9.857289035709073,-0.8104001415429165,10.66768917725199,3458.630237701967,3153.869762298033,0.09217708140761706,0.5943363799452482,3381.6666666666665,3392.0,3339.0,3306.25,0.9831957547169812,1.008695652173913,85.75,-0.016224188790560423,0.016224188790560423,0.031484257871064465,-0.008915304606240713,0.01323062571321136,0.012403616108705539,654870.4,956750.5,0.3542537326760966,0.6340409542508731,21.42788415471342,111.05026454668155,869064623.0,53.44827586206897,69.54022988505746,-0.00877192982456143,0.007363770250368162,-0.007309941520467822,-0.0058774494549178975,-0.0074962518740629685,3310.0
2024-02-21,3335.0,3375.0,3295.0,3310.0,429106,-0.007496251874062998,-0.007524489978615537,3376.4285714285716,3317.5,3306.4285714285716,0.013190226424451211,80.0,25.0,47.78269251304682,6.113678191955387,0.5744155251567442,5.539262666798643,3442.3264320996195,3158.6735679003805,0.08594239181919075,0.5334916413652963,3345.0,3370.0,3346.0,3300.5,0.9821958456973294,1.002878351764884,69.5,-0.007496251874062998,0.007496251874062998,0.02416918429003021,-0.0074962518740629685,0.008566991974393272,0.011689169584331416,535454.6,898447.7,-0.29262683826256675,0.4776082124758069,21.074162722711627,108.83238850763286,868635517.0,44.827586206896555,56.89655172413791,-0.016224188790560423,-0.00877192982456143,0.007363770250368162,-0.010830790163061618,0.03172205438066465,3415.0
2024-02-22,3315.0,3465.0,3300.0,3415.0,1560165,0.031722054380664666,0.031229303633781867,3383.5714285714284,3332.5,3305.9523809523807,0.016914000742060297,165.0,-100.0,55.78713612889617,11.487046582837593,2.756941736692914,8.730104846144679,3451.902721397726,3154.597278602274,0.09000391820039419,0.8758760651983242,3353.3333333333335,3374.0,3363.5,3303.25,1.0121517486662714,1.033830318625596,70.75,0.031722054380664666,0.031722054380664666,0.048316251830161056,0.030165912518853696,0.019027506180816882,0.014891223831169843,735570.8,923683.9,2.6358498832456316,1.6890680892023775,22.3962349150559,112.84436075708766,870195682.0,81.03448275862068,59.770114942528714,-0.007496251874062998,-0.016224188790560423,-0.00877192982456143,0.0026672045720137483,-0.03074670571010249,3310.0
2024-02-23,3415.0,3425.0,3290.0,3310.0,714332,-0.030746705710102518,-0.03122930363378188,3367.8571428571427,3336.4285714285716,3303.5714285714284,0.019610014194859658,135.0,105.0,47.882557908374935,7.189975702955508,3.6435485299454333,3.5464271730100743,3453.093266938167,3157.406733061833,0.08945965777969403,0.5160643095163293,3345.0,3352.0,3367.0,3305.25,0.9874701670644391,1.0014371076317978,46.75,-0.030746705710102518,0.030746705710102518,0.04078549848942598,-0.03074670571010249,0.023180535801662173,0.01855409850462347,751631.6,885126.8,-0.5421432989459448,0.8070391722406326,21.583806588037675,114.42690641729568,869481350.0,44.827586206896555,56.89655172413791,0.031722054380664666,-0.007496251874062998,-0.016224188790560423,-0.0021736344011669497,0.0015105740181268882,3315.0
2024-02-26,3305.0,3345.0,3265.0,3315.0,267096,0.0015105740181269312,0.0015094342488543404,3356.4285714285716,3338.5714285714284,3305.714285714286,0.019694399222269326,80.0,-10.0,48.25852413633278,4.14024808250133,3.7428884404566127,0.3973596420447172,3449.6953150639647,3172.8046849360353,0.08362117935158306,0.5135432535159006,3346.6666666666665,3337.0,3367.5,3311.25,0.9934072520227749,1.001132502831257,25.75,0.0015105740181269312,0.0015105740181269312,0.024132730015082957,0.0030257186081694403,0.02336218966275865,0.01825833922585091,715463.6,854934.65,-0.6260898293790562,0.31241686133554186,20.601576327070738,111.96784167320313,869748446.0,46.55172413793103,57.47126436781607,-0.030746705710102518,0.031722054380664666,-0.007496251874062998,0.0008286408962296932,0.013574660633484163,3360.0
2024-02-27,3315.0,3410.0,3305.0,3360.0,782303,0.013574660633484115,0.013483350337286988,3347.8571428571427,3347.1428571428573,3313.5714285714284,0.020378374464205564,105.0,-45.0,51.639803051284986,5.293421621091056,4.052995076583501,1.2404265445075549,3452.6996574271684,3182.3003425728316,0.08150695248058382,0.6571749544664882,3328.3333333333335,3342.0,3367.0,3317.5,1.0053859964093357,1.012810851544838,24.5,0.013574660633484115,0.013574660633484115,0.03125,0.013574660633484163,0.023343768594963312,0.017979547096342034,750600.4,864338.5,1.9289206876928144,0.9050886892114606,21.689693665849475,111.47013869654576,870530749.0,62.06896551724138,51.1494252873563,0.0015105740181269312,-0.030746705710102518,0.031722054380664666,-0.005220490352830491,0.011904761904761904,3400.0
2024-02-28,3380.0,3420.0,3360.0,3400.0,608685,0.011904761904761862,0.011834457647002798,3349.285714285714,3358.5714285714284,3321.4285714285716,0.020807090978538032,60.0,-20.0,54.48695248240646,9.327464460487136,5.107888953364228,4.219575507122907,3462.0541465093447,3185.9458534906553,0.08306507010189212,0.7752543184020034,3358.3333333333335,3360.0,3365.0,3324.0,1.0119047619047619,1.022864019253911,36.0,0.011904761904761862,0.011904761904761862,0.01764705882352941,0.005917159763313609,0.023040796105000056,0.017581396426875052,786516.2,849225.15,-0.2219319112926833,0.7167533839524183,21.450586882584712,107.79370021822108,871139434.0,65.85365853658537,58.15811606391924,0.013574660633484115,0.0015105740181269312,-0.030746705710102518,0.00899666551879097,-0.004411764705882353,3385.0
2024-02-29,3405.0,3445.0,3360.0,3385.0,629908,-0.004411764705882337,-0.004421525257877374,3356.4285714285716,3366.4285714285716,3326.904761904762,0.019660469291361584,85.0,20.0,53.22155857170982,11.185162246788877,6.323343612049159,4.861818634739718,3465.4324260097032,3197.5675739902968,0.08040367762851763,0.6997275849991845,3381.6666666666665,3354.0,3364.0,3331.5,1.0092426952892068,1.0160588323577968,22.5,-0.004411764705882337,0.004411764705882337,0.025110782865583457,-0.005873715124816446,0.017886834459961514,0.017479291892816072,600464.8,856612.7,0.034866967314785224,0.7353474913458556,21.480438241773378,106.16557877406242,870509526.0,60.0,62.64087468460889,0.011904761904761862,0.013574660633484115,0.0015105740181269312,0.00702255261078788,-0.008862629246676515,3355.0
2024-03-04,3390.0,3430.0,3340.0,3355.0,412238,-0.008862629246676468,-0.008902135940593154,3362.8571428571427,3369.6428571428573,3332.6190476190477,0.019779706384748102,90.0,35.0,50.68620975968375,10.119994845779274,7.082673858795182,3.037320986984092,3459.201585067062,3218.798414932938,0.07199855349928831,0.5665548627793611,3380.0,3363.0,3357.5,3339.0,0.9976211715730003,1.0047918538484577,24.0,-0.008862629246676468,0.008862629246676468,0.026825633383010434,-0.01032448377581121,0.009857267816369582,0.017456647592877454,540046.0,852846.65,-0.3455583990042991,0.48336708598198747,21.047563181576365,105.01089457591512,870097288.0,45.0,56.9512195121951,-0.004411764705882337,0.011904761904761862,0.013574660633484115,-0.0004565440159323142,0.01639344262295082,3410.0
2024-03-05,3360.0,3430.0,3340.0,3410.0,662754,0.016393442622950838,0.016260520871780326,3362.1428571428573,3372.8571428571427,3342.3809523809523,0.016644812416271488,90.0,-50.0,54.92562503744344,13.557598792615408,8.377658845559228,5.17993994705618,3464.10124962895,3229.39875037105,0.07012848263476505,0.7694901000201899,3383.3333333333335,3382.0,3359.5,3346.75,1.0082791247782377,1.018898931799507,35.25,0.016393442622950838,0.016393442622950838,0.026392961876832845,0.01488095238095238,0.011501902910444575,0.018137362869401107,619177.6,866413.85,0.6076974951363048,0.7649392954648636,21.538626730311417,103.93868782049262,870760042.0,72.5,59.16666666666665,-0.008862629246676468,-0.004411764705882337,0.011904761904761862,0.0010396828901306776,-0.001466275659824047,3405.0
2024-03-06,3400.0,3455.0,3385.0,3405.0,822796,-0.0014662756598240456,-0.0014673516939497316,3375.714285714286,3371.785714285714,3349.5238095238096,0.00979032263680245,70.0,-5.0,54.46720387699966,15.697515288938575,9.841630134235098,5.855885154703477,3469.0741840266937,3236.4258159733063,0.06939031184949294,0.7245878638100304,3390.0,3391.0,3366.5,3352.75,1.0041285756414038,1.0155842219073894,38.25,-0.0014662756598240456,0.0014662756598240456,0.020558002936857563,0.0014705882352941176,0.010884240852485823,0.017179076849751364,627276.2,887869.4,0.241480247573006,0.9267083649915179,21.75346379424096,101.51449583331458,869937246.0,70.0,62.49999999999998,0.016393442622950838,-0.008862629246676468,-0.004411764705882337,0.002021512572150108,-0.01908957415565345,3340.0
2024-03-07,3425.0,3435.0,3320.0,3340.0,636017,-0.019089574155653488,-0.019274132612866677,3379.285714285714,3367.8571428571427,3352.1428571428573,0.013232780590069361,115.0,85.0,48.76872332047121,12.010013794161296,10.275306866220339,1.734706927940957,3461.595786474096,3253.904213525904,0.06185438848877719,0.41453673469733066,3385.0,3379.0,3369.5,3357.75,0.9884581237052382,0.9947137219864493,21.25,-0.019089574155653488,0.019089574155653488,0.0344311377245509,-0.024817518248175182,0.012966381771105595,0.018263980505244668,632742.6,900568.75,-0.22700523580571608,0.7062392515840684,21.476706657966268,102.47774613093497,869301229.0,37.5,59.99999999999998,-0.0014662756598240456,0.016393442622950838,-0.008862629246676468,-0.0013874690641755654,-0.011976047904191617,3300.0
2024-03-08,3345.0,3360.0,3295.0,3300.0,541300,-0.0119760479041916,-0.01204833851617448,3370.714285714286,3359.285714285714,3355.0,0.012752017306680703,65.0,45.0,45.6065713932035,5.793196226524742,9.37888473828122,-3.5856885117564783,3453.103725026759,3268.396274973241,0.054960187474081136,0.17110151765725773,3348.3333333333335,3362.0,3358.0,3360.75,0.9815585960737656,0.9819236777505022,1.25,-0.0119760479041916,0.0119760479041916,0.019696969696969695,-0.013452914798206279,0.013530223978977626,0.015056770013841104,615021.0,908932.1,-0.1489221200062263,0.5955340338403716,21.303406680799462,99.80076426443962,868759929.0,17.5,41.66666666666664,-0.019089574155653488,-0.0014662756598240456,0.016393442622950838,-0.010843965906556377,-0.004545454545454545,3285.0
2024-03-11,3285.0,3325.0,3285.0,3285.0,229681,-0.004545454545454519,-0.004555816535860691,3354.285714285714,3351.785714285714,3357.1428571428573,0.011057636515575857,40.0,0.0,44.44282341903536,-0.3401303148034458,7.435081727664288,-7.775212042467734,3451.7384406691776,3270.7615593308224,0.05384213650824999,0.07867546707558395,3308.3333333333335,3348.0,3355.5,3361.25,0.9811827956989247,0.9773149869840089,-13.25,-0.004545454545454519,0.004545454545454519,0.0121765601217656,0.0,0.013358787590926301,0.011646765803282827,578509.6,644493.05,-0.5756863107334196,0.356374673086079,20.44156860091322,95.52928110269394,868530248.0,10.0,21.666666666666643,-0.0119760479041916,-0.019089574155653488,-0.0014662756598240456,-0.011870358868433203,-0.0091324200913242,3255.0
2024-03-12,3285.0,3295.0,3235.0,3255.0,430009,-0.0091324200913242,-0.00917437627604127,3335.714285714286,3346.0714285714284,3356.190476190476,0.01116762063187927,60.0,30.0,42.127498910615394,-7.534729396302282,4.441119502870975,-11.975848899173258,3458.3999499499496,3258.6000500500504,0.05949081432183986,-0.018018277545955017,3280.0,3317.0,3349.5,3358.5,0.9813084112149533,0.9691826708351943,-41.5,-0.0091324200913242,0.0091324200913242,0.018433179723502304,-0.0091324200913242,0.006837052922505347,0.01190603760672638,531960.6,635143.8,0.8722010092258392,0.6770262104424226,21.059508973040387,92.99147530964439,868100239.0,8.695652173913043,12.065217391304325,-0.004545454545454519,-0.0119760479041916,-0.019089574155653488,-0.008551307513656773,0.026113671274961597,3340.0
2024-03-13,3285.0,3345.0,3250.0,3340.0,516541,0.02611367127496167,0.025778531328076552,3333.5714285714284,3348.214285714286,3357.6190476190477,0.0160717204921151,95.0,-55.0,50.06521822906294,-6.305030905780768,2.291889421140626,-8.596920326921394,3457.4327277896286,3257.0672722103714,0.059681422467572354,0.41390731525985763,3293.3333333333335,3304.0,3347.5,3357.25,1.0108958837772397,0.9948618661106561,-53.25,0.02611367127496167,0.02611367127496167,0.02844311377245509,0.0167427701674277,0.017495782113164764,0.014149515026205598,470709.6,625864.15,0.20123299744889067,0.8253244733701395,21.268636031387047,93.13494135895552,868616780.0,45.65217391304348,21.449275362318815,-0.0091324200913242,-0.004545454545454519,-0.0119760479041916,0.004145265546060983,-0.008982035928143712,3310.0
2024-03-14,3300.0,3345.0,3295.0,3310.0,263828,-0.008982035928143728,-0.00902261759963753,3319.285714285714,3340.714285714286,3355.0,0.014393953160402689,50.0,-10.0,47.584507758810744,-7.662902106588717,0.3009311155947574,-7.9638332221834744,3449.475447852119,3254.024552147881,0.05831308889512585,0.28639136009293453,3301.6666666666665,3298.0,3338.5,3351.75,1.0036385688295937,0.9875438203923323,-53.75,-0.008982035928143728,0.008982035928143728,0.015105740181268883,0.0030303030303030303,0.015776270933113554,0.01364639952129981,396271.8,587746.3,-0.4892409315039852,0.4488807500787329,20.587756124164944,90.05387411903013,868352952.0,34.09090909090909,29.479578392621846,0.02611367127496167,-0.0091324200913242,-0.004545454545454519,0.0026664050851645804,-0.004531722054380665,3295.0
2024-03-15,3330.0,3380.0,3295.0,3295.0,386179,-0.004531722054380682,-0.004542021434501009,3303.5714285714284,3339.6428571428573,3349.0476190476193,0.01434163268712401,85.0,35.0,46.34792011242877,-9.83601598634823,-1.72645830479384,-8.109557681554389,3445.3867605222226,3248.1132394777774,0.058944803479329275,0.23767386658881176,3315.0,3297.0,3329.5,3346.75,0.9993933879284198,0.9845372376185852,-49.75,-0.004531722054380682,0.004531722054380682,0.025796661608497723,-0.010510510510510511,0.014890996904729262,0.013648225689951256,365247.6,579076.05,0.46375289961641686,0.6668882265118717,20.96421771924961,89.69288311052797,867966773.0,27.272727272727273,35.67193675889325,-0.008982035928143728,0.02611367127496167,-0.0091324200913242,0.004199971097479087,0.010622154779969651,3330.0
2024-03-18,3295.0,3370.0,3295.0,3330.0,429427,0.01062215477996964,0.010566136037881906,3302.1428571428573,3340.714285714286,3345.9523809523807,0.013705328459932161,75.0,-35.0,49.636701153714384,-8.634483943580562,-3.1080634325511847,-5.526420511029378,3434.8427699803506,3249.6572300196494,0.0554074470673053,0.43385012672911927,3311.6666666666665,3306.0,3327.0,3342.25,1.0072595281306715,0.9963348043982347,-36.25,0.01062215477996964,0.01062215477996964,0.02252252252252252,0.010622154779969651,0.015326977315319524,0.014041263749206424,405196.8,568846.0,0.1119895178142778,0.7549090615034649,21.08093462455887,88.64339145977598,868396200.0,43.18181818181818,34.84848484848482,-0.004531722054380682,-0.008982035928143728,0.02611367127496167,-0.0009638677341849237,-0.009009009009009009,3300.0
2024-03-19,3330.0,3345.0,3280.0,3300.0,386576,-0.009009009009009028,-0.009049835519917927,3302.1428571428573,3336.4285714285716,3340.2380952380954,0.013323148167536502,65.0,30.0,46.97851393155768,-9.987876400744426,-4.484026026189833,-5.5038503745545935,3429.313897734989,3246.186102265011,0.05486564166578626,0.2938598020954786,3308.3333333333335,3315.0,3316.0,3337.75,0.995475113122172,0.9886899857688562,-22.75,-0.009009009009009028,0.009009009009009028,0.019696969696969695,-0.009009009009009009,0.015303002218155587,0.012861659361991618,396510.2,565778.0,-0.09978645963108979,0.6832644606188293,20.96676151239889,86.9545777840777,868009624.0,29.545454545454547,33.33333333333331,0.01062215477996964,-0.004531722054380682,-0.008982035928143728,-0.0009728587611400238,-0.00909090909090909,3270.0
2024-03-20,3300.0,3325.0,3250.0,3270.0,464678,-0.009090909090909038,-0.009132483563272474,3300.0,3327.1428571428573,3334.5238095238096,0.013691190510471338,75.0,30.0,44.416889367058914,-13.32756705634938,-6.2527342322217425,-7.074832824127638,3430.958335701578,3238.041664298422,0.05785475225765668,0.16565875550896145,3300.0,3301.0,3302.5,3334.5,0.9906089063920024,0.9806567701304544,-33.5,-0.009090909090909038,0.009090909090909038,0.022935779816513763,-0.00909090909090909,0.0085106069769936,0.012973002103582877,386137.6,558680.95,0.20203530483009802,0.8317412648489269,21.141645236130373,86.1006793709293,867544946.0,15.909090909090908,29.545454545454522,-0.009009009009009028,0.01062215477996964,-0.004531722054380682,-0.0024925877733161426,0.0,3270.0
2024-03-21,3275.0,3295.0,3260.0,3270.0,187418,0.0,0.0,3302.1428571428573,3318.9285714285716,3331.4285714285716,0.013168747264164971,35.0,5.0,44.416889367058914,-15.792252703260147,-8.160637926429423,-7.631614776830723,3432.684041170566,3232.315958829434,0.06012545606635628,0.18807407212895325,3280.0,3293.0,3295.5,3332.5,0.9930154873975099,0.981245311327832,-39.5,0.0,0.0,0.010703363914373088,-0.0015267175572519084,0.008190360196293758,0.011856114006025776,370855.6,546596.55,-0.5966712433125734,0.3428817836482868,20.233641960924157,82.45063084443436,867544946.0,15.909090909090908,20.45454545454543,-0.009090909090909038,-0.009009009009009028,0.01062215477996964,-0.0060333060333060224,0.01529051987767584,3320.0
2024-03-22,3270.0,3360.0,3255.0,3320.0,537273,0.015290519877675823,0.015174798019235132,3299.285714285714,3316.4285714285716,3331.904761904762,0.010034140906923478,105.0,-50.0,49.71667505798072,-13.554701541116629,-9.239450649366866,-4.315250891749763,3420.1720866744836,3235.3279133255164,0.05554629204386362,0.4580727925604191,3286.6666666666665,3298.0,3297.5,3327.75,1.0066707095209217,0.9976710990909774,-29.75,0.015290519877675823,0.015290519877675823,0.03162650602409638,0.01529051987767584,0.011160524278867382,0.012441422080492925,401074.4,495451.95,1.8667097077121726,1.0844099008995727,21.301981686669148,84.0613000698319,868082219.0,38.63636363636363,23.48484848484846,0.0,-0.009090909090909038,-0.009009009009009028,0.0020665369289222615,0.006024096385542169,3340.0
2024-03-25,3330.0,3370.0,3310.0,3340.0,403996,0.006024096385542244,0.006006024060211949,3303.5714285714284,3311.4285714285716,3328.3333333333335,0.009594200741395623,60.0,-10.0,51.700497472026,-10.051723262615269,-9.401905172016546,-0.649818090598723,3421.432599111491,3237.067400888509,0.05537739677794763,0.5583081845359898,3310.0,3300.0,3303.0,3329.25,1.0121212121212122,1.0032289554704512,-29.25,0.006024096385542244,0.006024096385542244,0.017964071856287425,0.003003003003003003,0.01039025685389036,0.012397675130668945,395988.2,479935.15,-0.2480619722189651,0.8417720602460561,21.02288634261602,82.34263577912964,868486215.0,47.72727272727273,34.090909090909065,0.015290519877675823,0.0,-0.009090909090909038,0.007104872087739356,0.004491017964071856,3355.0
2024-03-26,3335.0,3355.0,3310.0,3355.0,341612,0.004491017964071808,0.0044809634350360195,3312.1428571428573,3307.8571428571427,3330.4761904761904,0.009281256422049019,45.0,-20.0,53.19206937429257,-5.996093861936515,-8.72074291000054,2.724649048064025,3423.8655039879927,3238.6344960120073,0.055604054927125085,0.628218273276789,3338.3333333333335,3311.0,3313.0,3331.25,1.0132890365448506,1.0071294559099437,-20.25,0.004491017964071808,0.004491017964071808,0.013412816691505217,0.005997001499250375,0.008902628805130316,0.011805745020668312,386995.4,483660.95,-0.1544173704690145,0.7063046954690057,20.859637919363472,79.67530465204895,868827827.0,60.0,48.78787878787876,0.006024096385542244,0.015290519877675823,0.0,0.008601878075763292,-0.010432190760059613,3320.0
2024-03-27,3370.0,3375.0,3320.0,3320.0,263724,-0.010432190760059634,-0.010486987495247962,3310.714285714286,3306.4285714285716,3330.714285714286,0.009664474204926863,55.0,50.0,49.36159804615643,-5.542297677792249,-8.085053863558882,2.542756185766633,3420.974702521372,3237.525297478628,0.05510232185709809,0.4495773780359509,3338.3333333333335,3321.0,3311.0,3329.25,0.9996988858777477,0.9972215964556582,-8.25,-0.010432190760059634,0.010432190760059634,0.016566265060240965,-0.01483679525222552,0.009378446419740488,0.009272323331826171,346804.6,457732.0,-0.22800135826610302,0.5761537318780422,20.590378443766866,77.91278289118831,868564103.0,58.62068965517241,55.449320794148356,0.004491017964071808,0.006024096385542244,0.015290519877675823,2.764119651813927e-05,-0.007530120481927711,3295.0
2024-03-28,3320.0,3350.0,3295.0,3295.0,300216,-0.0075301204819276935,-0.007558614973926615,3310.0,3306.0714285714284,3327.6190476190477,0.009457001144299839,55.0,25.0,46.770781828400395,-7.117901263687145,-7.891623343584534,0.7737220798973894,3410.5478267537205,3237.4521732462795,0.052074504665295146,0.3324625753889693,3323.3333333333335,3326.0,3309.5,3324.0,0.9906794948887553,0.9912755716004813,2.0,-0.0075301204819276935,0.0075301204819276935,0.01669195751138088,-0.007530120481927711,0.010529586330689702,0.00913619270166946,369364.2,442308.55,0.13837193429494477,0.6787479012105916,20.7124189425102,76.27615554181773,868263887.0,41.37931034482759,53.333333333333314,-0.010432190760059634,0.004491017964071808,0.006024096385542244,-0.004490431092638507,0.0030349013657056147,3305.0
2024-03-29,3300.0,3355.0,3300.0,3305.0,336660,0.003034901365705611,0.0030303053491790633,3315.0,3307.5,3323.095238095238,0.008626757212958172,55.0,-5.0,47.94766217443095,-7.4735120359559915,-7.808001082058826,0.3344890461028349,3401.9499205227607,3238.0500794772393,0.0493674220016631,0.40848069220619987,3306.6666666666665,3323.0,3310.5,3320.0,0.9945832079446284,0.9954819277108434,3.0,0.003034901365705611,0.003034901365705611,0.01664145234493192,0.0015151515151515152,0.00753838931866711,0.009070609759256935,329241.6,427646.15,0.12139259732992236,0.7872396372561754,20.830020551157606,75.11357300311647,868600547.0,48.275862068965516,49.425287356321824,-0.0075301204819276935,-0.010432190760059634,0.004491017964071808,-0.0049758032920939055,0.018154311649016642,3365.0
2024-04-01,3305.0,3370.0,3295.0,3365.0,361697,0.018154311649016597,0.017991489793041476,3328.5714285714284,3315.3571428571427,3322.1428571428573,0.010561328081791596,75.0,-60.0,54.45441672918578,-2.8806314497173844,-6.822527155590538,3.9418957058731534,3403.4647991303505,3237.5352008696495,0.04997126886333411,0.7681860286920219,3321.6666666666665,3328.0,3314.0,3320.5,1.0111177884615385,1.0134015961451588,7.5,0.018154311649016597,0.018154311649016597,0.022288261515601784,0.018154311649016642,0.011320103374270326,0.010254736640152275,320781.8,425119.1,0.074368799382166,0.8508133367802105,20.919745366639802,75.10546064575101,868962244.0,88.46153846153847,59.372236958443835,0.003034901365705611,-0.0075301204819276935,-0.010432190760059634,0.004553030844264838,0.007429420505200594,3390.0
2024-04-02,3375.0,3400.0,3315.0,3390.0,661292,0.007429420505200568,0.007401958295667739,3338.5714285714284,3318.9285714285716,3323.809523809524,0.009563236363312815,85.0,-15.0,56.873452649288296,2.744908969127664,-4.909039930646898,7.653948899774562,3398.300213732027,3240.699786267973,0.04747715844677018,0.947333812061392,3353.3333333333335,3335.0,3323.0,3319.5,1.0164917541229386,1.0212381382738365,15.5,0.007429420505200568,0.007429420505200568,0.025073746312684365,0.0044444444444444444,0.011584556793644047,0.009761064647692672,384717.8,425046.0,0.828303801248006,1.5558127826164698,21.530535977026208,75.81221345676879,869623536.0,93.33333333333333,76.69024462127908,0.018154311649016597,0.003034901365705611,-0.0075301204819276935,0.009539544506640926,-0.011799410029498525,3350.0
2024-04-03,3360.0,3415.0,3330.0,3350.0,530896,-0.01179941002949858,-0.011869575555383882,3340.0,3321.785714285714,3320.9523809523807,0.010912256893785789,85.0,10.0,52.104973434885544,3.930219451479843,-3.14118805422155,7.0714075057013925,3386.2803795776576,3247.2196204223424,0.041926813644475855,0.7391041168045364,3368.3333333333335,3341.0,3331.0,3316.75,1.0026938042502245,1.0100248737468909,24.25,-0.01179941002949858,0.01179941002949858,0.025373134328358207,-0.002976190476190476,0.01196512903574768,0.010155349987086264,438152.2,410451.0,-0.19718369494867627,1.2934455026300338,21.299037049549174,76.46848392414245,869092640.0,60.60606060606061,80.80031080031078,0.007429420505200568,0.018154311649016597,0.003034901365705611,0.004594774041572862,-0.005970149253731343,3330.0
2024-04-04,3340.0,3375.0,3310.0,3330.0,359744,-0.005970149253731294,-0.005988041844622557,3336.4285714285716,3324.285714285714,3317.3809523809523,0.010981246924695633,65.0,10.0,49.8542249991477,3.2186510892038314,-1.8692202255364738,5.087871314740305,3385.217955946012,3247.282044053988,0.041593942523037705,0.5996839750533095,3356.6666666666665,3348.0,3337.0,3316.25,0.9946236559139785,1.0041462495288354,31.75,-0.005970149253731294,0.005970149253731294,0.01951951951951952,-0.0029940119760479044,0.011675982009981935,0.010486533326287246,450057.8,396637.35,-0.32238329164280766,0.90698468008623,20.903875530170996,75.64930650098941,868732896.0,48.484848484848484,67.47474747474746,-0.01179941002949858,0.007429420505200568,0.018154311649016597,-0.0034467129260097686,0.0015015015015015015,3335.0
2024-04-05,3335.0,3390.0,3320.0,3335.0,626254,0.0015015015015014122,0.001500375375234492,3338.5714285714284,3324.6428571428573,3317.1428571428573,0.010172591271537555,70.0,0.0,50.43070626881343,3.0233351234405745,-0.8907091557410642,3.9140442791816388,3387.008008688561,3248.991991311439,0.04159614749159792,0.6231741092307305,3338.3333333333335,3354.0,3338.5,3318.0,0.994335122242099,1.0051235684147077,36.0,0.0015015015015014122,0.0015015015015014122,0.020989505247376312,0.0,0.011667714307062703,0.00937311283784831,507976.6,400885.05,0.7408323696851093,1.562178484830003,21.459739277414887,75.2457846080616,869359150.0,51.515151515151516,53.535353535353515,-0.005970149253731294,-0.01179941002949858,0.007429420505200568,-0.005422685927242821,0.025487256371814093,3420.0
2024-04-08,3365.0,3460.0,3360.0,3420.0,2127958,0.025487256371814038,0.02516787170692669,3356.4285714285716,3333.214285714286,3322.8571428571427,0.012923007665334264,100.0,-55.0,59.049453767017084,9.616482613245353,1.2107291980562191,8.405753415189134,3405.566556406941,3243.933443593059,0.04861511777242854,1.0892975662089674,3361.6666666666665,3365.0,3346.5,3324.75,1.0163447251114412,1.0286487705842544,40.25,0.025487256371814038,0.025487256371814038,0.029239766081871343,0.01634472511144131,0.014374321625426024,0.012234010832668167,861228.8,495798.9,2.39791522289678,4.291978058039257,22.70806922260085,78.7996571360572,871487108.0,80.95238095238095,60.317460317460295,0.0015015015015014122,-0.005970149253731294,-0.01179941002949858,0.007006202873194718,0.011695906432748537,3460.0
2024-04-09,3410.0,3550.0,3350.0,3460.0,2054012,0.011695906432748648,0.011628037995119214,3378.5714285714284,3346.785714285714,3331.190476190476,0.013076869264048307,200.0,-50.0,62.36565963692245,17.863347653824803,4.541252889209936,13.322094764614867,3429.423458280698,3240.576541719302,0.056625762087375124,1.1619117869439042,3405.0,3379.0,3357.0,3335.0,1.023971589227582,1.0374812593703149,44.0,0.011695906432748648,0.011695906432748648,0.057803468208092484,0.01466275659824047,0.014798896976954275,0.012575821129362065,1139772.8,576999.05,-0.03474974600062597,3.559818686009968,22.68432937990506,87.45682448348168,873541120.0,69.49152542372882,67.31968596375374,0.025487256371814038,0.0015015015015014122,-0.005970149253731294,0.012894888102021365,-0.017341040462427744,3400.0
2024-04-11,3430.0,3440.0,3385.0,3400.0,864970,-0.017341040462427793,-0.01749315744751723,3383.5714285714284,3356.0714285714284,3338.095238095238,0.014680664403459307,55.0,30.0,55.15106946984408,19.334671002953655,7.49993651195868,11.834734490994975,3436.8033666590386,3239.1966333409614,0.059199141197746316,0.8137544908462296,3426.6666666666665,3389.0,3365.0,3338.0,1.0032457952198288,1.0185739964050329,51.0,-0.017341040462427793,0.017341040462427793,0.016176470588235296,-0.008746355685131196,0.01641443414835932,0.013556850678063222,1206587.6,594420.5,-0.5788875624874635,1.4551483335450242,21.801980814175938,86.56705130609014,872676150.0,49.152542372881356,66.53214958299702,0.011695906432748648,0.025487256371814038,0.0015015015015014122,0.0066140407807116315,0.013235294117647059,3445.0
2024-04-12,3370.0,3470.0,3360.0,3445.0,694836,0.013235294117647012,0.013148472843506141,3391.4285714285716,3365.0,3343.095238095238,0.0152179619607221,110.0,-75.0,58.98347094250914,23.85682267531365,10.771313744629675,13.085508930683977,3453.449247080152,3236.050752919848,0.06499693374999743,0.961134748827093,3435.0,3412.0,3380.0,3344.75,1.0096717467760845,1.0299723447193363,67.25,0.013235294117647012,0.013235294117647012,0.03193033381712627,0.02225519287833828,0.016010881866958086,0.013445437576201504,1273606.0,615970.9,-0.19669352694313103,1.1280338080906094,21.59611030934384,88.24083335565513,873370986.0,58.8235294117647,59.15586573612493,-0.017341040462427793,0.011695906432748648,0.025487256371814038,0.002530053362655956,-0.013062409288824383,3400.0
2024-04-15,3510.0,3650.0,3395.0,3400.0,3264465,-0.013062409288824406,-0.01314847284350621,3398.5714285714284,3369.285714285714,3347.3809523809523,0.0154227147771573,255.0,110.0,54.01295440107441,23.538202786988677,13.324691553101477,10.2135112338872,3458.72466432039,3241.27533567961,0.06491024735545661,0.7299386266793154,3415.0,3425.0,3389.5,3350.0,0.9927007299270073,1.0149253731343284,75.0,-0.013062409288824406,0.013062409288824406,0.075,-0.03133903133903134,0.018390116865890503,0.014563178049842083,1801248.2,759885.2,3.6981805778629777,4.295997605954163,23.130137158848854,100.15220240167976,870106521.0,29.577464788732396,45.851178857792796,0.013235294117647012,-0.017341040462427793,0.011695906432748648,-0.005722718544535062,0.016176470588235296,3455.0
2024-04-16,3425.0,3575.0,3395.0,3455.0,2660152,0.016176470588235237,0.01604702559751746,3416.4285714285716,3376.4285714285716,3355.0,0.01573836015676118,180.0,-30.0,58.60450274087681,27.40779458061388,16.14131215860396,11.266482422009922,3474.1203569716918,3238.3796430283082,0.0702393188658126,0.9188924278210009,3433.3333333333335,3432.0,3398.5,3356.25,1.0067016317016317,1.0294227188081937,75.75,0.016176470588235237,0.016176470588235237,0.05209840810419682,0.008759124087591242,0.015984895902089877,0.014345288282523426,1907687.0,871421.45,-0.18511854162933283,3.0526583893476573,22.94147155829301,105.8556165158455,872766673.0,45.070422535211264,44.4904722452361,-0.013062409288824406,0.013235294117647012,-0.017341040462427793,0.005449785139019281,-0.010130246020260492,3420.0
2024-04-17,3385.0,3420.0,3350.0,3420.0,946093,-0.01013024602026047,-0.010181906145119412,3428.5714285714284,3383.5714285714284,3359.285714285714,0.016788377364083486,70.0,-35.0,54.85131140668111,27.33516371145288,18.380082469173743,8.955081242279135,3480.2809950372193,3244.2190049627807,0.07020952935517545,0.7446391305173247,3425.0,3424.0,3401.5,3362.25,0.9988317757009346,1.0171759982154807,61.75,-0.01013024602026047,0.01013024602026047,0.02046783625730994,0.0103397341211226,0.01570089046938316,0.014775123316641423,1686103.2,899397.3,-0.6443462629203143,1.0519188794540522,21.89749198223582,105.79450105042797,871820580.0,35.2112676056338,36.61971830985913,0.016176470588235237,-0.013062409288824406,0.013235294117647012,-0.002338728240283213,0.01023391812865497,3455.0
2024-04-18,3380.0,3455.0,3375.0,3455.0,624292,0.01023391812865504,0.010181906145119502,3433.5714285714284,3395.0,3366.6666666666665,0.014358654672972855,80.0,-75.0,57.76427060578246,29.758770139187618,20.65582000317652,9.1029501360111,3488.0784127349134,3254.9215872650866,0.06915522036773744,0.8581280532180082,3443.3333333333335,3435.0,3412.0,3371.5,1.0058224163027656,1.0247664244401602,63.5,0.01023391812865504,0.01023391812865504,0.023154848046309694,0.022189349112426034,0.013790325315649653,0.014292746514474286,1637967.6,907378.0,-0.3401367518838,0.6880175626916235,21.49195122328105,103.95203668968311,872444872.0,45.070422535211264,41.78403755868542,-0.01013024602026047,0.016176470588235237,-0.013062409288824406,0.005426714232209935,-0.001447178002894356,3450.0
2024-04-19,3440.0,3695.0,3440.0,3450.0,6543095,-0.0014471780028944004,-0.001448226176364875,3432.1428571428573,3405.3571428571427,3375.2380952380954,0.013647498491525332,255.0,-10.0,57.196535656800975,30.919615401496685,22.708579082840554,8.21103631865613,3491.7559874202034,3269.2440125797966,0.06582220820600702,0.8123427404293535,3441.6666666666665,3436.0,3424.0,3380.5,1.0040745052386495,1.0205590888921756,55.5,-0.0014471780028944004,0.0014471780028944004,0.07391304347826087,0.0029069767441860465,0.012660243408990192,0.014040256687639703,2807619.4,1225161.85,9.480824678195459,5.340596428137229,23.840050363149814,114.74117692613432,865901777.0,38.75,39.67723004694833,0.01023391812865504,-0.01013024602026047,0.016176470588235237,-0.00044783529816661005,-0.02753623188405797,3355.0
2024-04-22,3390.0,3450.0,3350.0,3355.0,1258774,-0.02753623188405796,-0.027922460619623262,3425.714285714286,3404.6428571428573,3379.285714285714,0.016160730727267533,100.0,35.0,47.6198975367218,23.898401685054978,22.946543603283438,0.9518580817715403,3490.5611988183864,3273.9388011816136,0.06404683203097725,0.3742050669862304,3420.0,3427.0,3426.0,3382.25,0.9789903705865188,0.991943233054919,44.75,-0.02753623188405796,0.02753623188405796,0.029806259314456036,-0.01032448377581121,0.017299544477167528,0.01718180917117619,2406481.2,1261236.9,-0.8076179545001257,0.9980472344251902,22.163855839009976,113.68823571712473,864643003.0,11.688311688311689,31.836244741174298,-0.0014471780028944004,0.01023391812865504,-0.01013024602026047,-0.006249830586099107,-0.00894187779433681,3325.0
2024-04-23,3350.0,3385.0,3320.0,3325.0,632770,-0.008941877794336861,-0.008982096315827704,3408.5714285714284,3400.0,3379.5238095238096,0.014835763298359977,65.0,25.0,45.05444866203816,15.731941916503274,21.50362326592741,-5.771681349424135,3491.2413226398294,3271.7586773601706,0.06490688903730851,0.24257645779688297,3376.6666666666665,3401.0,3416.5,3381.5,0.9776536312849162,0.9832914387106314,19.5,-0.008941877794336861,0.008941877794336861,0.019548872180451128,-0.007462686567164179,0.01379814854264682,0.01497812807652799,2001004.8,1272675.6,-0.4973124643502328,0.4971966147539875,21.46708723953315,110.21050459447297,864010233.0,3.896103896103896,18.111471861471838,-0.02753623188405796,-0.0014471780028944004,0.01023391812865504,-0.01264176256042974,0.004511278195488722,3340.0
2024-04-24,3320.0,3345.0,3280.0,3340.0,532201,0.004511278195488799,0.004501132880791663,3400.0,3399.285714285714,3379.5238095238096,0.01473240472456453,65.0,-20.0,46.6034188058351,10.351018258332715,19.27310226440847,-8.922084006075757,3491.4546806408466,3270.0453193591534,0.06549119611970516,0.3159517747393035,3340.0,3385.0,3404.5,3380.75,0.9867060561299852,0.987946461583968,4.25,0.004511278195488799,0.004511278195488799,0.019461077844311378,0.006024096385542169,0.014645109705884072,0.014370218904531423,1918226.4,1282205.05,-0.15893452597310243,0.41506699727941326,21.29850260305014,106.9811828377249,864542434.0,14.457831325301205,10.014082303238906,-0.008941877794336861,-0.02753623188405796,-0.0014471780028944004,-0.010655610494302007,-0.0014970059880239522,3335.0
2024-04-25,3340.0,3355.0,3320.0,3335.0,416583,-0.0014970059880239361,-0.0014981276210219922,3382.8571428571427,3399.6428571428573,3378.5714285714284,0.012340792607593912,35.0,5.0,46.13652424642868,5.618374158531424,16.542156643233064,-10.92378248470164,3490.6642895147743,3272.3357104852257,0.06456560077762785,0.28701826299292366,3333.3333333333335,3361.0,3398.0,3381.5,0.9922642070812259,0.9862487061954753,-20.5,-0.0014970059880239361,0.0014970059880239361,0.010494752623688156,-0.0014970059880239522,0.012441185902437974,0.01351398948910609,1876684.6,1289848.0,-0.2172449882657116,0.322970613591679,21.052068959516863,101.83966977788741,864125851.0,13.25301204819277,10.535649089865935,0.004511278195488799,-0.008941877794336861,-0.02753623188405796,-0.0019758685289573328,-0.010494752623688156,3300.0
2024-04-26,3335.0,3345.0,3300.0,3300.0,399748,-0.010494752623688153,-0.010550210895152486,3365.714285714286,3397.1428571428573,3377.6190476190477,0.012367076435345375,45.0,35.0,42.89679577625901,-0.9455877334326033,13.04460776789993,-13.990195501332533,3490.1000661841404,3273.3999338158596,0.06407928805153566,0.1227505765383368,3325.0,3331.0,3383.5,3381.75,0.9906934854398078,0.9758261255267243,-50.75,-0.010494752623688153,0.010494752623688153,0.013636363636363636,-0.010494752623688156,0.012087826590808447,0.0126258321365764,648015.2,1294824.6,-0.04041211475264228,0.30872752958199895,21.000267375769354,97.77969336518116,863726103.0,4.819277108433735,10.84337349397588,-0.0014970059880239361,0.004511278195488799,-0.008941877794336861,-0.0024934934720744297,0.006060606060606061,3320.0
2024-04-29,3300.0,3320.0,3250.0,3320.0,491462,0.0060606060606061,0.006042314455962662,3346.4285714285716,3390.0,3378.809523809524,0.011588878109288799,70.0,-20.0,45.26216003031096,-4.482075395416814,9.53927113523658,-14.021346530653394,3488.8014581273574,3276.1985418726426,0.06285378159784619,0.20602472863015592,3318.3333333333335,3324.0,3375.5,3382.5,0.9987966305655837,0.9815225424981523,-58.5,0.0060606060606061,0.0060606060606061,0.02108433734939759,0.006060606060606061,0.007548964056494484,0.012585673773706165,494552.8,1302564.7,0.22942954061058463,0.3773033308825274,21.212859963760014,95.7954295533825,864217565.0,15.730337078651685,11.26754207842604,-0.010494752623688153,-0.0014970059880239361,0.004511278195488799,-0.0019770508503686632,-0.0015060240963855422,3315.0
2024-04-30,3315.0,3360.0,3300.0,3315.0,356453,-0.001506024096385561,-0.0015071592905713629,3327.1428571428573,3379.6428571428573,3379.285714285714,0.011585300485829928,60.0,0.0,44.762952682610596,-7.600610453718673,6.11129481744553,-13.711905271164202,3490.3105663689294,3269.6894336310706,0.06527252447865642,0.20537727191695285,3311.6666666666665,3322.0,3361.5,3380.0,0.99789283564118,0.9807692307692307,-58.0,-0.001506024096385561,0.001506024096385561,0.01809954751131222,0.0,0.0065195737699666875,0.01081843123113957,439289.4,1302302.5,-0.27470892968327154,0.2737098331608824,20.890170576304275,93.23861315671233,863861112.0,14.606741573033707,11.718785253373019,0.0060606060606061,-0.010494752623688153,-0.0014970059880239361,-0.0019800568864892045,0.02564102564102564,3400.0
2024-05-02,3335.0,3450.0,3320.0,3400.0,1086646,0.02564102564102555,0.025317807984289786,3333.5714285714284,3379.6428571428573,3380.9523809523807,0.012033994137765068,130.0,-65.0,54.04265827669049,-3.176663727844243,4.253703108387576,-7.430366836231819,3491.0917099777007,3269.9082900222993,0.06542920276746085,0.5881621235621183,3345.0,3334.0,3359.5,3380.5,1.0197960407918416,1.0057683774589559,-46.5,0.02564102564102555,0.02564102564102555,0.03823529411764706,0.019490254872563718,0.01362503290132904,0.01403070478681813,550178.4,1323570.2,2.048497277340912,0.8209961209462106,22.03013715696394,96.2215693598043,864947758.0,33.70786516853933,21.34831460674155,-0.001506024096385561,0.0060606060606061,-0.010494752623688153,0.01006520253508203,0.007352941176470588,3425.0
2024-05-03,3415.0,3465.0,3410.0,3425.0,733067,0.007352941176470562,0.007326040092072881,3347.8571428571427,3378.214285714286,3382.6190476190477,0.011119203475347714,55.0,-10.0,56.36458555757716,2.319894689610919,3.866941424632245,-1.547046735021326,3495.5710151815683,3272.9289848184317,0.0657877019614794,0.6830292327712578,3380.0,3352.0,3356.5,3384.25,1.0217780429594272,1.0120410726157938,-32.25,0.007352941176470562,0.007352941176470562,0.016058394160583942,0.0029282576866764276,0.013363057748785434,0.013813767143617114,613475.2,1333678.75,-0.32538563616854066,0.5496578542621302,21.643849132970377,93.99145726267542,865680825.0,39.325842696629216,29.213483146067393,0.02564102564102555,-0.001506024096385561,0.0060606060606061,0.01049598090703685,0.00291970802919708,3435.0
2024-05-07,3415.0,3440.0,3375.0,3435.0,506780,0.0029197080291971655,0.002915453960124135,3361.4285714285716,3380.714285714286,3386.6666666666665,0.011128981028777695,65.0,-20.0,57.29403742403019,7.397598353547437,4.573072810415284,2.824525543132153,3499.94884502983,3279.05115497017,0.06517117275694348,0.7059777084482477,3420.0,3379.0,3355.0,3389.5,1.0165729505770937,1.01342380882136,-10.5,0.0029197080291971655,0.0029197080291971655,0.018922852983988356,0.005856515373352855,0.010386478317770455,0.01385948204091054,634881.6,1341030.55,-0.3086852907033054,0.37790339675706863,21.277604468582194,91.92063888677004,866187605.0,41.57303370786517,38.20224719101122,0.007352941176470562,0.02564102564102555,-0.001506024096385561,0.01197122494889776,-0.002911208151382824,3425.0
2024-05-08,3445.0,3465.0,3400.0,3425.0,414898,-0.0029112081513827937,-0.0029154539601240195,3374.285714285714,3378.5714285714284,3391.190476190476,0.011257968370067852,65.0,20.0,56.00924721685643,10.493832297046538,5.7572247077415355,4.736607589305002,3502.4144096074347,3285.5855903925653,0.0638859219843457,0.6429699249032028,3428.3333333333335,3400.0,3362.0,3394.0,1.0073529411764706,1.0091337654684738,6.0,-0.0029112081513827937,0.0029112081513827937,0.01897810218978102,-0.005805515239477504,0.011536796533767787,0.01019558170709643,619568.8,1330462.75,-0.18130549745451674,0.31184488254180737,21.074644737270724,89.9977361091436,865772707.0,39.325842696629216,40.07490636704117,0.0029197080291971655,0.007352941176470562,0.02564102564102555,0.0024538136847616445,0.0,3425.0
2024-05-09,3425.0,3455.0,3395.0,3425.0,471190,0.0,0.0,3392.1428571428573,3378.9285714285716,3395.4761904761904,0.0096001282565385,60.0,0.0,56.00924721685643,12.800068779309186,7.165793522055067,5.634275257254119,3502.9395627585,3285.5604372415,0.06404334551579875,0.6414579248438242,3428.3333333333335,3422.0,3372.0,3394.25,1.0008766803039157,1.0090594387567209,27.75,0.0,0.0,0.017518248175182483,0.0,0.01129928323113673,0.009485657693672806,642516.2,1247624.35,0.13567672054336244,0.37766976894928345,21.20187343999942,87.85504067277621,865772707.0,39.325842696629216,40.07490636704117,-0.0029112081513827937,0.0029197080291971655,0.007352941176470562,2.8332926047906306e-06,0.008759124087591242,3455.0
2024-05-10,3430.0,3470.0,3415.0,3455.0,596437,0.008759124087591275,0.00872098550544464,3411.4285714285716,3378.9285714285716,3397.1428571428573,0.009687116724605734,55.0,-25.0,59.19305944978497,16.854241877614186,9.103483193166891,7.750758684447295,3502.074048688861,3285.925951311139,0.06368535573886905,0.7822139113878098,3435.0,3433.0,3383.5,3394.0,1.0064083891639966,1.0179728933411902,39.0,0.008759124087591275,0.008759124087591275,0.015918958031837915,0.007288629737609329,0.0048942134839063825,0.009654091797517519,544474.4,1174745.6,0.2658099705002228,0.5077158833367836,21.4463066355355,85.5082520532922,866369144.0,46.06741573033708,41.57303370786514,0.0,-0.0029112081513827937,0.0029197080291971655,0.0019493053120694936,0.002894356005788712,3465.0
2024-05-13,3480.0,3495.0,3450.0,3465.0,493115,0.0028943560057888007,0.0028901754222334236,3432.8571428571427,3380.0,3397.3809523809523,0.009276171662851735,45.0,15.0,60.226402113641974,20.636237987367167,11.410034152006947,9.22620383536022,3509.896395975717,3284.603604024283,0.06631622399041404,0.8007197851878223,3448.3333333333335,3441.0,3396.5,3397.25,1.0069747166521361,1.019942600632865,43.75,0.0028943560057888007,0.0028943560057888007,0.012987012987012988,-0.004310344827586207,0.004327211110426686,0.009503654701214368,496484.0,1156152.85,-0.17323204294837513,0.4265136742083886,21.258965603751953,82.61480547805704,866862259.0,87.75510204081633,57.71612015592751,0.008759124087591275,0.0,-0.0029112081513827937,0.0038844933644600252,-0.010101010101010102,3430.0
2024-05-14,3465.0,3490.0,3405.0,3430.0,371592,-0.010101010101010055,-0.010152371464017962,3437.1428571428573,3385.3571428571427,3398.809523809524,0.006417751531620346,85.0,35.0,54.978828555932125,20.572146757260725,13.242456673057703,7.329690084203023,3508.0017111032366,3284.9982888967634,0.06565682973839931,0.6502219099085538,3450.0,3440.0,3409.5,3396.5,0.997093023255814,1.0098630943618432,43.5,-0.010101010101010055,0.010101010101010055,0.02478134110787172,-0.010101010101010102,0.006986341237631229,0.009438110296723095,469446.4,1139990.65,-0.24643947152286994,0.3259605681853619,20.96586729810935,82.78517651533868,866490667.0,73.46938775510205,69.09730184208513,0.0028943560057888007,0.008759124087591275,0.0,0.0005174899974566735,0.0029154518950437317,3440.0
2024-05-16,3450.0,3480.0,3410.0,3440.0,500916,0.00291545189504383,0.0029112102074585347,3439.285714285714,3393.5714285714284,3398.5714285714284,0.005919263873141752,70.0,10.0,56.15430838070683,21.08521320937416,14.811007980320994,6.274205229053166,3511.6882456236985,3285.3117543763015,0.06661070803218982,0.683322922673302,3445.0,3443.0,3421.5,3398.5,0.9991286668602962,1.012211269677799,44.5,0.00291545189504383,0.00291545189504383,0.020348837209302327,-0.002898550724637681,0.006921657154986234,0.009410881062284415,486650.0,1001813.2,0.34802686817800166,0.5000093829867684,21.267420452286828,81.87194962138592,866991583.0,77.55102040816327,79.59183673469386,-0.010101010101010055,0.0028943560057888007,0.008759124087591275,-0.0014304007333924746,0.015988372093023256,3495.0
2024-05-17,3445.0,3495.0,3425.0,3495.0,791597,0.015988372093023173,0.015861904300466516,3447.8571428571427,3404.6428571428573,3403.095238095238,0.008298768083313326,70.0,-50.0,62.02680646827271,25.634365407361656,16.97567946572913,8.658685941632527,3519.1724816237493,3281.8275183762507,0.06979707785546199,0.8981546467512661,3455.0,3457.0,3439.5,3400.5,1.0109921897599075,1.027790030877812,56.5,0.015988372093023173,0.015988372093023173,0.020028612303290415,0.01451378809869376,0.00958600367443654,0.009966620495512769,550731.4,908385.45,0.58029889242907,0.8714329363157457,21.740896357939903,81.02395321985836,867783180.0,100.0,83.67346938775508,0.00291545189504383,-0.010101010101010055,0.0028943560057888007,0.0029342712956856496,0.001430615164520744,3500.0
2024-05-20,3495.0,3515.0,3435.0,3500.0,627701,0.0014306151645206988,0.0014295928095943715,3458.5714285714284,3416.4285714285716,3405.2380952380954,0.007985056305192409,80.0,-5.0,62.51828819375722,29.305246868379527,19.44159294625921,9.863653922120317,3531.070138658383,3277.929861341617,0.0743546122240463,0.8772611810822054,3478.3333333333335,3466.0,3449.5,3404.5,1.009809578765147,1.0280511088265532,61.5,0.0014306151645206988,0.0014306151645206988,0.022857142857142857,0.001430615164520744,0.009248168944887262,0.006982704753733687,556984.2,892465.85,-0.2070447462534598,0.7033333544359148,21.510337465354766,80.95081370415419,868410881.0,94.33962264150944,90.63021434989088,0.015988372093023173,0.00291545189504383,-0.010101010101010055,0.0067781463841959004,-0.03857142857142857,3365.0
2024-05-21,3530.0,3530.0,3355.0,3365.0,738744,-0.03857142857142859,-0.03933500539867689,3450.0,3421.0714285714284,3402.6190476190477,0.018038010990170685,175.0,165.0,45.42362670369961,21.07809990059104,19.768894337125577,1.309205563465465,3525.404608326313,3274.595391673687,0.07376741666253699,0.3604516992352977,3453.3333333333335,3446.0,3443.5,3400.0,0.9764944863609982,0.9897058823529412,46.0,-0.03857142857142859,0.03857142857142859,0.05200594353640416,-0.046742209631728045,0.020587323924142927,0.014644872008604067,606110.0,898188.45,0.1769042904185274,0.8224821862271776,21.633889968323153,87.66861272528604,867672137.0,41.07142857142857,78.47035040431264,0.0014306151645206988,0.015988372093023173,0.00291545189504383,-0.007050813771294906,-0.0014858841010401188,3360.0
2024-05-22,3395.0,3445.0,3360.0,3360.0,394967,-0.0014858841010401136,-0.0014869891215782557,3436.4285714285716,3423.9285714285716,3398.095238095238,0.017377871765684876,85.0,35.0,44.933571186760005,13.99326281869935,18.613768033440333,-4.620505214740984,3519.8043802420925,3271.1956197579075,0.07321712869509205,0.3572053537821396,3408.3333333333335,3432.0,3436.0,3395.5,0.9790209790209791,0.9895449860108968,36.5,-0.0014858841010401136,0.0014858841010401136,0.025297619047619048,-0.010309278350515464,0.020483768984933762,0.014557545464741988,610785.0,590782.05,-0.4653533565078024,0.668549425291442,21.00625374980022,87.47799753062274,867277170.0,26.08695652173913,53.83266924489235,-0.03857142857142859,0.0014306151645206988,0.015988372093023173,-0.012875565835982669,0.004464285714285714,3375.0
2024-05-23,3365.0,3385.0,3315.0,3375.0,224206,0.0044642857142858094,0.004454350349380375,3423.5714285714284,3428.214285714286,3394.5238095238096,0.017490671793219798,70.0,-10.0,46.78828402867474,9.479578349197709,16.78693009659181,-7.307351747394101,3519.7498532079926,3273.2501467920074,0.07257462282231274,0.41277880078397633,3366.6666666666665,3419.0,3431.0,3396.5,0.987130739982451,0.9936699543647873,22.5,0.0044642857142858094,0.0044642857142858094,0.02074074074074074,0.0029717682020802376,0.020624671868099884,0.01469849407330687,555443.0,539053.65,-0.43234244886281636,0.4159252052184416,20.444471155710076,86.22956913557826,867501376.0,27.906976744186046,31.688453945784556,-0.0014858841010401136,-0.03857142857142859,0.0014306151645206988,-0.011864342319394297,-0.007407407407407408,3350.0
2024-05-24,3375.0,3375.0,3315.0,3350.0,335362,-0.007407407407407418,-0.00743497848751809,3412.1428571428573,3424.6428571428573,3394.285714285714,0.01735476722966241,60.0,25.0,44.12100415673335,3.840884495892624,14.197720976451972,-10.356836480559348,3518.426819384853,3277.073180615147,0.07103337172237682,0.3021575301561458,3361.6666666666665,3390.0,3423.5,3397.75,0.9882005899705014,0.9859465822971084,-7.75,-0.007407407407407418,0.007407407407407418,0.01791044776119403,-0.007407407407407408,0.01747283013071776,0.014807989242047766,464196.0,524183.25,0.49577620581072757,0.6397800769101264,20.839681450106653,84.35602848303697,867166014.0,16.27906976744186,23.424334344455648,0.0044642857142858094,-0.0014858841010401136,-0.03857142857142859,-0.001476335264720574,0.034328358208955224,3465.0
2024-05-27,3375.0,3465.0,3350.0,3465.0,585943,0.0343283582089553,0.03375228680489156,3415.714285714286,3427.5,3400.9523809523807,0.022397707865606697,115.0,-90.0,56.42644062416787,8.553122821698253,13.068801345501228,-4.5156785238029755,3525.030661621896,3282.969338378104,0.07111084701639006,0.7520022578682011,3396.6666666666665,3383.0,3424.5,3404.0,1.0242388412651493,1.0179200940070505,-21.0,0.0343283582089553,0.0343283582089553,0.03318903318903319,0.02666666666666667,0.02611588444505418,0.018612408022658705,455844.4,526870.35,0.7471955677745243,1.1121198981874763,21.431445706320122,86.54488359139147,867751957.0,69.76744186046511,37.984496124030976,-0.007407407407407418,0.0044642857142858094,-0.0014858841010401136,0.010461745505277897,0.007215007215007215,3490.0
2024-05-28,3435.0,3520.0,3420.0,3490.0,521123,0.00721500721500723,0.007189103572469256,3415.0,3431.4285714285716,3408.095238095238,0.021668813765588362,100.0,-55.0,58.562759636826186,14.1418779450878,13.283416665418542,0.8584612796692568,3534.0212687343064,3289.4787312656936,0.0716765699329121,0.8199852296046589,3435.0,3408.0,3427.0,3411.75,1.0240610328638498,1.0229354436872573,-3.75,0.00721500721500723,0.00721500721500723,0.02865329512893983,0.01601164483260553,0.016062415379455977,0.018725376449396702,412320.2,532097.35,-0.11062509493244221,0.9793752966444956,21.32139839307124,87.50596333486351,868273080.0,81.3953488372093,55.81395348837206,0.0343283582089553,-0.007407407407407418,0.0044642857142858094,0.011378652672185038,-0.03724928366762178,3360.0
2024-05-29,3510.0,3510.0,3340.0,3360.0,495944,-0.03724928366762181,-0.03796076223922297,3395.0,3426.785714285714,3409.285714285714,0.025879307359245724,170.0,150.0,45.94757319372108,7.989000871446024,12.22453350662404,-4.235532635178016,3528.095071631545,3301.404928368455,0.06638557530217154,0.2584808972639861,3438.3333333333335,3408.0,3420.0,3414.75,0.9859154929577465,0.9839666154184055,-6.75,-0.03724928366762181,0.03724928366762181,0.050595238095238096,-0.042735042735042736,0.02594434501488487,0.022148955246258557,432515.6,536907.15,-0.04831680812399375,0.9237053371332454,21.233914549664565,93.3983945252304,867777136.0,20.930232558139537,57.36434108527129,0.00721500721500723,0.0343283582089553,-0.007407407407407418,0.0014313605854469058,-0.008928571428571428,3330.0
2024-05-30,3390.0,3420.0,3330.0,3330.0,464689,-0.008928571428571397,-0.008968669982760375,3390.0,3420.0,3410.714285714286,0.021502211538908484,90.0,60.0,43.61277960374341,0.684165547408611,9.916459914780955,-9.232294367372344,3526.9109058477457,3303.5890941522543,0.06538959423043446,0.11826388854375781,3393.3333333333335,3399.0,3409.0,3415.25,0.9796999117387467,0.9750384305687724,-16.25,-0.008928571428571397,0.008928571428571397,0.02702702702702703,-0.017699115044247787,0.026094009156246073,0.022183221716134432,480612.2,535568.5,-0.06302122820318423,0.867655584673109,21.15985122722792,93.15565205914253,867312447.0,6.976744186046512,36.434108527131755,-0.03724928366762181,0.00721500721500723,0.0343283582089553,-0.012987615960395327,-0.016516516516516516,3275.0
2024-05-31,3355.0,3375.0,3255.0,3275.0,718397,-0.016516516516516533,-0.016654434905137235,3377.8571428571427,3407.1428571428573,3408.5714285714284,0.022252546673641523,120.0,80.0,39.636246910743765,-9.434257177093059,6.046316496406153,-15.480573673499212,3533.568655857563,3292.931344142437,0.07050093363074082,-0.0745160591041868,3321.6666666666665,3384.0,3387.0,3413.25,0.9677895981087471,0.9594960814473009,-29.25,-0.016516516516516533,0.016516516516516533,0.0366412213740458,-0.02384500745156483,0.02683767563157296,0.021457801732736814,557219.2,553665.7,0.5459737587935156,1.2975284544446226,21.578850768509245,95.07310548348948,866594050.0,7.2727272727272725,11.726568005637745,-0.008928571428571397,-0.03724928366762181,0.00721500721500723,-0.020898123870903246,0.025954198473282442,3360.0
2024-06-03,3265.0,3375.0,3260.0,3360.0,497748,0.025954198473282508,0.02562310488789769,3375.714285714286,3399.6428571428573,3410.714285714286,0.0248284605998834,115.0,-95.0,47.5895828448084,-10.473656665781164,2.74232186396869,-13.215978529749854,3533.805035972038,3288.694964027962,0.07185344725366818,0.2909102649535625,3321.6666666666665,3363.0,3373.0,3411.25,0.9991079393398751,0.9849761817515573,-48.25,0.025954198473282508,0.025954198473282508,0.03422619047619048,0.02909647779479326,0.02393404219034402,0.023718245014129915,539580.2,524220.8,-0.3071407592180925,0.949500668420635,21.237545457392184,96.49645509181165,867091798.0,38.18181818181818,17.477096546863958,-0.016516516516516533,-0.008928571428571397,-0.03724928366762181,0.00016970350939819281,0.022321428571428572,3435.0
2024-06-04,3330.0,3490.0,3315.0,3435.0,2157728,0.022321428571428603,0.022075951699199826,3387.8571428571427,3400.0,3412.3809523809523,0.025961277645763395,175.0,-105.0,53.42119289344112,-5.185737100898223,1.1567100709953075,-6.3424471718935305,3534.6224199279463,3288.8775800720537,0.07202897042746177,0.5946103283944194,3356.6666666666665,3352.0,3380.0,3411.75,1.024761336515513,1.0068146845460542,-59.75,0.022321428571428603,0.022321428571428603,0.050946142649199416,0.03153153153153153,0.02678763890408653,0.02151970989668613,866901.2,595453.85,3.334980753312921,3.6236695757362223,22.72633857901548,102.10385115668225,869249526.0,65.45454545454545,36.96969696969694,0.025954198473282508,-0.016516516516516533,-0.008928571428571397,0.01058637017606486,-0.01601164483260553,3380.0
2024-06-05,3380.0,3415.0,3350.0,3380.0,649513,-0.01601164483260553,-0.01614121617938525,3375.714285714286,3395.714285714286,3410.2380952380954,0.022973953555154816,65.0,0.0,49.10607933032275,-5.371147845210544,-0.14886151224586275,-5.222286332964681,3532.1430490377675,3285.8569509622325,0.07224584865812113,0.38225076353637377,3391.6666666666665,3356.0,3382.0,3409.0,1.0071513706793802,0.9914931064828395,-53.0,-0.01601164483260553,0.01601164483260553,0.019230769230769232,0.0,0.021044325861713595,0.022278241969706625,897615.0,602590.5,-0.6989829116552225,1.0778679716988568,21.509609119221516,100.88214750263353,868600013.0,45.45454545454545,49.69696969696967,0.022321428571428603,0.025954198473282508,-0.016516516516516533,0.010754660737368527,0.0,3380.0
2024-06-07,3350.0,3435.0,3350.0,3380.0,424803,0.0,0.0,3360.0,3387.5,3407.6190476190477,0.022571120747133258,85.0,-30.0,49.10607933032275,-5.455203011321828,-1.210129812061056,-4.245073199260772,3530.305868462737,3283.194131537263,0.07253591749481893,0.3917493748665307,3398.3333333333335,3366.0,3382.5,3406.75,1.0041592394533572,0.9921479415865561,-40.75,0.0,0.0,0.02514792899408284,0.008955223880597015,0.020318945253008654,0.022241733217108827,889637.8,603085.75,-0.34596690135532315,0.7043824199129228,21.085011800205347,99.74770839530257,868600013.0,45.45454545454545,52.12121212121209,-0.01601164483260553,0.022321428571428603,0.025954198473282508,0.002103261246274357,0.016272189349112426,3435.0
2024-06-10,3450.0,3475.0,3405.0,3435.0,1030678,0.016272189349112454,0.016141216179385277,3370.714285714286,3382.8571428571427,3408.095238095238,0.018042334560564838,70.0,15.0,53.46544757312009,-1.0714262552969558,-1.1823891007082359,0.1109628454112801,3531.1971449322023,3283.3028550677977,0.07275494603108211,0.6119428770028504,3398.3333333333335,3398.0,3391.0,3407.25,1.010888758092996,1.0081443979749065,-9.25,0.016272189349112454,0.016272189349112454,0.020378457059679767,-0.004347826086956522,0.01747763941694364,0.022579600247057883,952094.0,631060.15,1.4262493438134851,1.633248431231159,21.987499601018804,99.40858636706668,869630691.0,65.45454545454545,52.12121212121209,0.0,-0.01601164483260553,0.022321428571428603,8.6848172168974e-05,-0.024745269286754003,3350.0
2024-06-11,3400.0,3415.0,3350.0,3350.0,422724,-0.024745269286754024,-0.02505657983733762,3373.5714285714284,3381.785714285714,3404.5238095238096,0.020676270151629945,65.0,50.0,46.79442134172498,-4.40526012159944,-1.8269633048864768,-2.578296816712963,3526.3255488838295,3277.6744511161705,0.07308968188349763,0.2908716250728597,3388.3333333333335,3396.0,3379.5,3402.0,0.9864546525323911,0.9847148736037625,-6.0,-0.024745269286754024,0.024745269286754024,0.019402985074626865,-0.014705882352941176,0.02019155437251845,0.02107398650700858,937089.2,622374.5,-0.5898583262667875,0.6792116322246493,21.07119038832498,98.37940162656191,869207967.0,35.84905660377358,48.91938250428814,0.016272189349112454,0.0,-0.01601164483260553,-0.0028243599792138565,-0.007462686567164179,3325.0
2024-06-12,3360.0,3385.0,3315.0,3325.0,331000,-0.007462686567164201,-0.007490671729157626,3380.714285714286,3379.285714285714,3398.3333333333335,0.019647368275515113,70.0,35.0,45.01537965275619,-8.961337821731831,-3.253838208255548,-5.707499613476283,3520.152538506972,3269.847461493028,0.07372756318525607,0.22034126980132993,3370.0,3374.0,3363.0,3395.0,0.9854771784232366,0.979381443298969,-21.0,-0.007462686567164201,0.007462686567164201,0.021052631578947368,-0.010416666666666666,0.01569274944919018,0.020779491356181137,571743.6,614268.75,-0.21698318524616533,0.5388520903920312,20.81909860835777,96.35230151037892,868876967.0,26.41509433962264,42.57289879931386,-0.024745269286754024,0.016272189349112454,0.0,-0.00531192216826859,0.009022556390977444,3355.0
2024-06-13,3345.0,3410.0,3330.0,3355.0,446684,0.009022556390977376,0.008982096315827586,3380.0,3377.8571428571427,3393.095238095238,0.017188799430037874,80.0,-10.0,47.59033304967785,-10.03562846631803,-4.6101962598680455,-5.425432206449985,3516.481364828642,3266.018635171358,0.07385557822551696,0.35526788736351333,3343.3333333333335,3369.0,3362.5,3391.25,0.99584446423271,0.9893107261334316,-22.25,0.009022556390977376,0.009022556390977376,0.02384500745156483,0.0029895366218236174,0.015848124637475723,0.01762247268268701,531177.8,618023.35,0.34949848942598183,0.7227623357596441,21.12781373854926,95.54142283106614,869323651.0,37.735849056603776,33.33333333333331,-0.007462686567164201,-0.024745269286754024,0.016272189349112454,-0.0077284664876469495,-0.014903129657228018,3305.0
2024-06-14,3335.0,3360.0,3300.0,3305.0,399111,-0.014903129657228065,-0.015015297119995554,3361.4285714285716,3374.6428571428573,3387.1428571428573,0.01471122800615558,60.0,30.0,43.900309344707594,-14.751547023000967,-6.63846641249463,-8.113080610506337,3513.1733931520635,3255.8266068479365,0.07603686993769446,0.1910783260916707,3328.3333333333335,3354.0,3360.0,3384.5,0.9853905784138343,0.9765105628600975,-30.5,-0.014903129657228065,0.014903129657228065,0.018154311649016642,-0.008995502248875561,0.016890259399239282,0.018054440953180734,526039.4,612933.1,-0.10650258348183506,0.6511493668721758,21.000186605715434,93.00274977170429,868924540.0,18.867924528301888,27.672955974842736,0.009022556390977376,-0.007462686567164201,-0.024745269286754024,-0.004447753277804963,0.01664145234493192,3360.0
2024-06-17,3305.0,3380.0,3280.0,3360.0,322277,0.016641452344931862,0.0165045006714632,3358.5714285714284,3367.1428571428573,3383.3333333333335,0.01590589710569313,100.0,-55.0,48.619684951184844,-13.890781823558882,-8.08892949470748,-5.8018523288514015,3495.7363952906717,3259.7636047093283,0.06986094014694497,0.4247794631055935,3340.0,3339.0,3368.5,3377.75,1.0062893081761006,0.9947450225741988,-38.75,0.016641452344931862,0.016641452344931862,0.02976190476190476,0.01664145234493192,0.017003472851084615,0.017851577518581383,384359.2,589467.1,-0.19251285983097433,0.5467260174486414,20.80286295705286,93.50255335943969,869246817.0,39.62264150943396,32.075471698113176,-0.014903129657228065,0.009022556390977376,-0.007462686567164201,0.0035869596928937244,-0.005952380952380952,3340.0
2024-06-18,3360.0,3430.0,3335.0,3340.0,748274,-0.005952380952380931,-0.005970166986503796,3352.8571428571427,3356.4285714285716,3375.9523809523807,0.01601256372343891,95.0,20.0,47.06904332613007,-14.653535222018036,-9.401850640169592,-5.251684581848444,3473.697101931715,3265.802898068285,0.061694251461808874,0.3568983673082905,3335.0,3337.0,3366.5,3369.75,1.0008990110878033,0.9911714518881223,-32.75,-0.005952380952380931,0.005952380952380931,0.02844311377245509,-0.005952380952380952,0.012943737096596563,0.015989513541123823,449469.2,595495.75,1.3218349432320644,1.2565564069936688,21.639250586412725,93.60951383376543,868498543.0,33.333333333333336,30.607966457023036,0.016641452344931862,-0.014903129657228065,0.009022556390977376,-0.0014046860882257113,-0.0029940119760479044,3330.0
2024-06-19,3330.0,3365.0,3315.0,3330.0,275621,-0.0029940119760478723,-0.0029985029962565574,3337.8571428571427,3354.285714285714,3367.8571428571427,0.01396084282954542,50.0,0.0,46.2743594507164,-15.88186298181381,-10.697853108498435,-5.184009873315375,3473.451410611724,3262.548589388276,0.06261960250102375,0.3198222300699352,3343.3333333333335,3338.0,3356.0,3368.0,0.9976033553025764,0.9887173396674585,-30.0,-0.0029940119760478723,0.0029940119760478723,0.015015015015015015,0.0,0.012491839418939237,0.013837229658389936,438393.4,572339.6,-0.6316576548162839,0.4815689845679034,20.637509596670316,90.49454855992505,868222922.0,31.914893617021278,34.95695615326283,-0.005952380952380931,0.016641452344931862,-0.014903129657228065,0.0025650198055010196,-0.006006006006006006,3310.0
2024-06-20,3340.0,3345.0,3310.0,3310.0,229945,-0.006006006006005982,-0.006024114603380902,3332.1428571428573,3352.8571428571427,3365.2380952380954,0.010762253861558631,35.0,30.0,44.65067461885301,-18.258679739696163,-12.210018434737982,-6.0486613049581806,3474.0744954058455,3256.9255045941545,0.06452205937058118,0.2444151142837733,3326.6666666666665,3329.0,3349.0,3365.5,0.9942925803544608,0.9835091368295944,-36.5,-0.006006006006005982,0.006006006006005982,0.010574018126888218,-0.008982035928143712,0.01166818218893884,0.01313692088005492,395045.6,564088.5,-0.16572031884362948,0.407639935932039,20.450298898559275,86.53065223421612,867992977.0,23.404255319148938,29.55082742316782,-0.0029940119760478723,-0.005952380952380931,0.016641452344931862,-0.004984132978144928,-0.0015105740181268882,3305.0
2024-06-21,3350.0,3380.0,3300.0,3305.0,540611,-0.0015105740181269312,-0.0015117160853219673,3329.285714285714,3355.0,3362.6190476190477,0.010460600447296168,80.0,45.0,44.23281482360506,-20.311642387726806,-13.83034322533575,-6.481299162391057,3473.7516042508296,3250.2483957491704,0.06647924107723355,0.24497010408878822,3315.0,3329.0,3341.5,3362.0,0.992790627816161,0.9830458060678168,-33.0,-0.0015105740181269312,0.0015105740181269312,0.024205748865355523,-0.013432835820895522,0.009482621656131689,0.013119879365937996,423345.6,579908.75,1.3510448150644718,0.9322345972534472,21.30364701322469,86.06417707462926,867452366.0,19.565217391304348,24.961455442491495,-0.006006006006005982,-0.0029940119760478723,-0.005952380952380931,-0.0035035306667269284,0.006051437216338881,3325.0
2024-06-24,3310.0,3375.0,3310.0,3325.0,460650,0.00605143721633894,0.006033200804167913,3325.0,3352.5,3360.2380952380954,0.010049385735655364,65.0,-15.0,46.39385008580706,-20.093175603275085,-15.082909700923619,-5.010265902351467,3473.6204427301836,3247.8795572698164,0.06716979408178748,0.3416325871713809,3313.3333333333335,3322.0,3330.5,3360.75,1.0009030704394943,0.9893624934910362,-38.75,0.00605143721633894,0.00605143721633894,0.019548872180451128,0.004531722054380665,0.004941881368198162,0.011861887794398174,451020.2,586173.15,-0.14790857011788516,0.7858599459903614,21.149618768279918,84.91673585501289,867913016.0,21.428571428571427,21.466014713008207,-0.0015105740181269312,-0.006006006006005982,-0.0029940119760478723,-0.0004883809359313244,0.0030075187969924814,3335.0
2024-06-25,3325.0,3365.0,3310.0,3335.0,279135,0.003007518796992459,0.003003005259769556,3329.285714285714,3345.3571428571427,3359.5238095238096,0.00805564537186396,55.0,-10.0,47.48953005463918,-18.895309312285463,-15.845389623195988,-3.0499196890894744,3456.2961711806674,3252.2038288193326,0.0608458947190385,0.4056799496870937,3321.6666666666665,3321.0,3329.0,3354.25,1.0042155977115326,0.9942610121487665,-33.25,0.003007518796992459,0.003007518796992459,0.01649175412293853,0.0030075187969924814,0.00481044857604354,0.00920668594829465,357192.4,570832.75,-0.39404102898078797,0.4889961201420206,20.651678774167372,82.7798261510834,868192151.0,28.205128205128204,23.0663056750013,0.00605143721633894,-0.0015105740181269312,-0.006006006006005982,0.0025161273317348223,-0.010494752623688156,3300.0
2024-06-26,3340.0,3345.0,3295.0,3300.0,261825,-0.010494752623688153,-0.010550210895152486,3320.714285714286,3339.6428571428573,3351.6666666666665,0.005679681981180891,50.0,40.0,44.0925931941548,-20.533501713221995,-16.78301204120119,-3.750489672020805,3427.050796184691,3262.449203815309,0.04921192686131465,0.2281314271882826,3320.0,3315.0,3326.5,3344.75,0.995475113122172,0.9866208236788998,-29.75,-0.010494752623688153,0.010494752623688153,0.015151515151515152,-0.011976047904191617,0.006673264322227182,0.009509682601047769,354433.2,557867.85,-0.06201300446020741,0.4693315809469931,20.577109369253296,80.43840999743459,867930326.0,10.256410256410257,19.963369963369935,0.003007518796992459,0.00605143721633894,-0.0015105740181269312,-0.0004785988701189181,-0.006060606060606061,3280.0
2024-06-27,3280.0,3315.0,3275.0,3280.0,228404,-0.0060606060606061,-0.006079046076382226,3312.1428571428573,3332.5,3341.6666666666665,0.005690670918175329,40.0,0.0,42.23353218478001,-23.17842736394732,-18.062095105750416,-5.1163322581969055,3427.5816580637947,3253.9183419362053,0.051983331924744296,0.150185189626534,3305.0,3309.0,3319.0,3340.75,0.991236022967664,0.9818154606001647,-31.75,-0.0060606060606061,0.0060606060606061,0.012195121951219513,0.0,0.006681926148209554,0.008974955396028852,354125.0,544490.85,-0.12764632865463577,0.41948179661788626,20.434469972458498,77.54995214047499,867701922.0,2.5,13.653846153846125,-0.010494752623688153,0.003007518796992459,0.00605143721633894,-0.004515946629100598,0.001524390243902439,3285.0
2024-06-28,3285.0,3305.0,3275.0,3285.0,144273,0.0015243902439023849,0.0015232295405214163,3305.714285714286,3321.785714285714,3338.095238095238,0.00588967953563091,30.0,0.0,42.88190737630634,-24.5876605391436,-19.367208192429054,-5.220452346714545,3428.76860502209,3248.23139497791,0.054077343131400335,0.20366219802052005,3288.3333333333335,3305.0,3317.0,3338.5,0.9939485627836612,0.9839748389995507,-33.5,0.0015243902439023849,0.0015243902439023849,0.0091324200913242,0.0,0.00685066820247739,0.007825811481793723,274857.4,528470.05,-0.3683429362007671,0.2730012798265483,19.976584550096256,74.15352698758392,867846195.0,6.451612903225806,6.402674386545326,-0.0060606060606061,-0.010494752623688153,0.003007518796992459,-0.005010322813463956,0.0,3285.0
2024-07-01,3310.0,3315.0,3280.0,3285.0,163930,0.0,0.0,3302.1428571428573,3317.1428571428573,3335.9523809523807,0.005628401641928317,35.0,25.0,42.88190737630634,-25.41155934547487,-20.57607842303822,-4.835480922436652,3427.8878654911987,3250.1121345088013,0.053242207541897985,0.19624650281794165,3283.3333333333335,3297.0,3309.5,3339.0,0.9963603275705186,0.9838274932614556,-42.0,0.0,0.0,0.0106544901065449,-0.0075528700906344415,0.005686102468272274,0.005025221250989312,215513.4,500746.7,0.13624863973161982,0.3273711039932964,20.104316719196188,71.35684648847078,867846195.0,6.451612903225806,5.134408602150509,0.0015243902439023849,-0.0060606060606061,-0.010494752623688153,-0.0015120719389012383,-0.0243531202435312,3205.0
2024-07-02,3285.0,3290.0,3175.0,3205.0,385121,-0.0243531202435312,-0.02465456156394047,3287.8571428571427,3308.5714285714284,3332.6190476190477,0.010559289363448032,115.0,80.0,35.49014919390804,-32.14924007014497,-22.89071075245957,-9.2585293176854,3437.718428727919,3224.781571272081,0.0639210078666682,-0.09289876589910386,3258.3333333333335,3271.0,3296.0,3331.25,0.979822684194436,0.9621013133208255,-60.25,-0.0243531202435312,0.0243531202435312,0.0358814352574103,-0.0243531202435312,0.010392878828472464,0.008618432959817686,236710.6,495115.35,1.3493015311413408,0.7778409617072063,20.933780219771734,74.47421459643715,867461074.0,11.764705882352942,8.222643896268156,0.0,0.0015243902439023849,-0.0060606060606061,-0.007609576666542939,-0.0343213728549142,3095.0
2024-07-03,3195.0,3210.0,3045.0,3095.0,533513,-0.03432137285491421,-0.034924184236073956,3255.0,3290.0,3320.0,0.014451681920118958,165.0,100.0,28.27343358648173,-45.83660542343205,-27.479889686654065,-18.356715736777982,3454.260337964183,3174.239662035817,0.08448990749894111,-0.2829778971610231,3195.0,3230.0,3272.5,3314.25,0.958204334365325,0.9338462698951497,-84.25,-0.03432137285491421,0.03432137285491421,0.05331179321486268,-0.03129890453834116,0.015897854158410493,0.012838715565790476,291048.2,413904.6,0.38531266796669095,1.2889757688124268,21.224781902536566,80.94034212526307,866927561.0,12.987012987012987,10.401110590863885,-0.0243531202435312,0.0,0.0015243902439023849,-0.019558164366148472,0.0032310177705977385,3105.0
2024-07-04,3095.0,3145.0,3050.0,3105.0,179261,0.003231017770597644,0.0032258092488825687,3222.1428571428573,3275.714285714286,3304.285714285714,0.014485915649491683,95.0,-10.0,29.673481449256812,-55.24024944183748,-33.03196163769075,-22.208287804146728,3465.1655302184035,3135.8344697815965,0.09978217253046723,-0.09362757870666455,3135.0,3195.0,3252.0,3300.5,0.971830985915493,0.9407665505226481,-105.5,0.003231017770597644,0.003231017770597644,0.030595813204508857,0.0032310177705977385,0.017337393074173636,0.013260815672420585,281219.6,390392.0,-0.6639988153990624,0.4591820529109203,20.13736711954932,81.94460340203,867106822.0,15.584415584415584,13.445378151260476,-0.03432137285491421,-0.0243531202435312,0.0,-0.018481158442615924,-0.00966183574879227,3075.0
2024-07-05,3090.0,3150.0,3050.0,3075.0,302577,-0.009661835748792313,-0.009708814126960938,3190.0,3255.3571428571427,3289.7619047619046,0.014486097752096116,100.0,15.0,27.913214127110194,-64.37142068768935,-39.29985344769047,-25.071567239998885,3473.6916704391506,3096.8083295608494,0.11471983589629439,-0.05786493377506837,3091.6666666666665,3153.0,3229.0,3285.25,0.9752616555661275,0.936001826345027,-132.25,-0.009661835748792313,0.009661835748792313,0.032520325203252036,-0.0048543689320388345,0.01602405488660163,0.013184513896719275,312880.4,384280.7,0.687913154562342,0.7873853669986549,20.651151250831777,83.23427458759929,866804245.0,7.792207792207792,12.121212121212091,0.003231017770597644,-0.03432137285491421,-0.0243531202435312,-0.013584063611036293,0.01788617886178862,3130.0
2024-07-08,3095.0,3225.0,3095.0,3130.0,509083,0.01788617886178856,0.0177281032935806,3168.5714285714284,3240.3571428571427,3277.8571428571427,0.01796194169448134,130.0,-35.0,35.47094693358575,-66.40443040238597,-44.72076883862957,-21.683661563756402,3456.773152584408,3083.226847415592,0.11423434408832285,0.12521380063783472,3103.3333333333335,3122.0,3209.5,3270.0,1.002562459961563,0.9571865443425076,-148.0,0.01788617886178856,0.01788617886178856,0.04153354632587859,0.011308562197092083,0.020909374398602094,0.014914602848846818,381911.0,358200.95,0.6824907378948168,1.4212218030130852,21.189154631233816,88.00325497419934,867313328.0,25.37313432835821,16.249919234993833,-0.009661835748792313,0.003231017770597644,-0.03432137285491421,0.00381845362786463,0.007987220447284345,3155.0
2024-07-09,3140.0,3165.0,3130.0,3155.0,154257,0.007987220447284393,0.00795549144111468,3150.0,3227.8571428571427,3264.5238095238096,0.018604994035463902,35.0,-15.0,38.62099870893891,-65.2461966415085,-48.825854399205355,-16.42034224230315,3449.777806597573,3070.722193402427,0.1162658118841028,0.22233625796272016,3120.0,3112.0,3191.5,3260.25,1.0138174807197944,0.9677171996012576,-148.25,0.007987220447284393,0.007987220447284393,0.011093502377179081,0.004777070063694267,0.02013195580304404,0.015323479653008709,335738.2,344777.6,-0.6969904711019618,0.44741015657629735,20.003119098643204,84.21730819032796,867467585.0,32.83582089552239,22.000387672029433,0.01788617886178856,-0.009661835748792313,0.003231017770597644,0.005403854520093547,0.004754358161648178,3170.0
2024-07-10,3185.0,3205.0,3155.0,3170.0,320053,0.004754358161648264,0.004743091896012853,3133.5714285714284,3217.8571428571427,3255.9523809523807,0.0189335554111964,50.0,15.0,40.497854728780595,-62.39862094120281,-51.54040770760485,-10.858213233597958,3443.5497317454356,3061.4502682545644,0.1174786974606829,0.2840876319315454,3151.6666666666665,3127.0,3178.5,3252.5,1.0137511992324912,0.9746348962336664,-125.5,0.004754358161648264,0.004754358161648264,0.015772870662460567,-0.004709576138147566,0.009912204295566763,0.015520538161390266,293046.2,344230.25,1.0748037366213525,0.9297643074657151,20.73772875391857,81.77321474816168,867787638.0,37.3134328358209,31.84079601990047,0.007987220447284393,0.01788617886178856,-0.009661835748792313,0.010209252490240406,-0.02050473186119874,3105.0
2024-07-11,3155.0,3180.0,3095.0,3105.0,279546,-0.02050473186119872,-0.020717872503747143,3119.285714285714,3203.5714285714284,3245.4761904761904,0.018303584426738868,85.0,50.0,35.44055763182611,-64.64170412824296,-54.16066699173247,-10.481037136510494,3435.4751296605077,3044.5248703394923,0.12066366028426402,0.154687529215451,3143.3333333333335,3127.0,3161.0,3240.0,0.9929645027182603,0.9583333333333334,-113.0,-0.02050473186119872,0.02050473186119872,0.027375201288244767,-0.01584786053882726,0.015166307772472345,0.016391494374749082,313103.2,335873.35,-0.12656341293473272,0.8322958639022715,20.58169113316166,82.00369940900727,867508092.0,18.181818181818183,29.443690637720465,0.004754358161648264,0.007987220447284393,0.01788617886178856,-0.002587717750755355,-0.004830917874396135,3090.0
2024-07-12,3120.0,3125.0,3085.0,3090.0,109017,-0.004830917874396157,-0.004842624475788015,3118.5714285714284,3186.785714285714,3232.8571428571427,0.012629641981656378,40.0,30.0,34.37377421701137,-66.85902908528851,-56.70033941044368,-10.15868967484483,3433.140450461704,3025.359549538296,0.1262772782916801,0.15851760176930196,3121.6666666666665,3130.0,3141.5,3229.25,0.987220447284345,0.9568785321669119,-99.25,-0.004830917874396157,0.004830917874396157,0.012944983818770227,-0.009615384615384616,0.014530102560128667,0.01621781091955738,274391.2,321368.65,-0.6100212487390269,0.3392272394958251,19.635185485213384,79.00343516550676,867399075.0,14.0625,23.185917005879663,-0.02050473186119872,0.004754358161648264,0.007987220447284393,-0.006860430524648871,0.03398058252427184,3195.0
2024-07-15,3140.0,3270.0,3125.0,3195.0,682032,0.03398058252427183,0.03341599691984402,3131.4285714285716,3176.785714285714,3227.6190476190477,0.018013928135824635,145.0,-55.0,46.511079259662964,-59.45825485977957,-57.25192250031087,-2.2063323594687034,3415.763013888547,3026.236986111453,0.12093325916705805,0.43325221385494045,3130.0,3143.0,3132.5,3221.0,1.0165447025135221,0.9919279726792921,-78.0,0.03398058252427183,0.03398058252427183,0.04538341158059468,0.01751592356687898,0.019958612319925986,0.02058280298226347,308981.0,339356.4,5.256198574534247,2.0097808675480997,21.502174223816507,86.21747551082771,868081107.0,50.0,27.4147727272727,-0.004830917874396157,-0.02050473186119872,0.004754358161648264,0.002881644262892317,0.017214397496087636,3250.0
2024-07-16,3195.0,3295.0,3195.0,3250.0,545846,0.017214397496087663,0.017067908512148018,3156.4285714285716,3173.214285714286,3222.3809523809523,0.017430978909191885,100.0,-55.0,51.564302350857865,-48.594876137688516,-55.5205132277864,6.9256370900978865,3403.698178128794,3029.301821871206,0.11639868063347993,0.5894773665397312,3178.3333333333335,3162.0,3137.0,3216.5,1.027830487033523,1.010415047411783,-54.5,0.017214397496087663,0.017214397496087663,0.03076923076923077,0.017214397496087636,0.020796403556392912,0.019883272575292592,387298.8,329235.0,-0.1996768480071316,1.657922152869531,21.29650243954853,87.20194154576859,868626953.0,75.92592592592592,46.66280864197528,0.03398058252427183,-0.004830917874396157,-0.02050473186119872,0.015454687381987778,0.0,3250.0
2024-07-17,3250.0,3300.0,3220.0,3250.0,417182,0.0,0.0,3173.5714285714284,3171.0714285714284,3218.095238095238,0.017049967403653995,80.0,0.0,51.564302350857865,-39.52989421995153,-52.32238942621943,12.792495206267901,3392.777563773208,3032.222436226792,0.11223505915841739,0.6040062867922256,3231.6666666666665,3178.0,3152.5,3212.5,1.0226557583385778,1.0116731517509727,-34.5,0.0,0.0,0.024615384615384615,0.0,0.02098247050215771,0.01547162206463637,406724.6,336313.05,-0.23571483531985216,1.2404573655408258,21.027688132464636,86.68751714964226,868626953.0,75.92592592592592,67.28395061728392,0.017214397496087663,0.03398058252427183,-0.004830917874396157,0.017064993340119832,-0.015384615384615385,3200.0
2024-07-18,3200.0,3250.0,3165.0,3200.0,275068,-0.01538461538461533,-0.015504186535965199,3180.0,3165.0,3211.904761904762,0.018685320914045296,85.0,0.0,46.89347577455636,-35.96582127334841,-49.05107579564523,13.085254522296822,3381.368031835881,3032.631968164119,0.10874214645206179,0.4799275132996037,3233.3333333333335,3197.0,3162.0,3207.0,1.0009383797309979,0.9978172747115684,-10.0,-0.01538461538461533,0.01538461538461533,0.0265625,0.0,0.01948778080975376,0.016773982399268254,405829.0,338569.2,-0.3406522812585394,0.8124424785243312,20.59567970873302,86.5669802103821,868351885.0,57.407407407407405,69.75308641975306,0.0,0.017214397496087663,0.03398058252427183,0.0006099273704907778,-0.0140625,3155.0
2024-07-19,3225.0,3225.0,3135.0,3155.0,236619,-0.014062499999999978,-0.01416231381250436,3177.8571428571427,3155.714285714286,3204.5238095238096,0.019571921600717582,90.0,70.0,43.10872755703252,-36.35333310979013,-46.51152725847422,10.158194148684089,3368.95423229329,3030.04576770671,0.10592544603424899,0.3686961092745686,3201.6666666666665,3210.0,3170.0,3199.5,0.9828660436137072,0.9860915768088764,10.5,-0.014062499999999978,0.014062499999999978,0.028526148969889066,-0.021705426356589147,0.021159287815175728,0.01719960128262158,431349.4,323369.6,-0.13977998167725803,0.7317292658308017,20.430950307928118,86.81219590964052,868115266.0,43.13725490196079,58.823529411764675,-0.01538461538461533,0.0,0.017214397496087663,-0.009815705128205102,0.020602218700475437,3220.0
2024-07-22,3175.0,3290.0,3140.0,3220.0,609784,0.020602218700475516,0.020392863563140535,3194.285714285714,3156.785714285714,3200.4761904761904,0.01870503288322917,150.0,-45.0,49.45460512538876,-31.057471065864775,-43.42071601995233,12.363244954087556,3353.53375871217,3034.96624128783,0.0997315543317961,0.5808305887812798,3191.6666666666665,3215.0,3179.0,3194.25,1.0015552099533438,1.0080613602567112,20.75,0.020602218700475516,0.020602218700475516,0.046583850931677016,0.014173228346456693,0.01689095530564985,0.017485062081537432,416899.8,330826.3,1.5770711565850588,1.8432150043693625,21.397996714128958,91.32561048752333,868725050.0,68.62745098039215,56.390704429920085,-0.014062499999999978,-0.01538461538461533,0.0,-0.002948298894713264,0.010869565217391304,3255.0
2024-07-23,3190.0,3280.0,3165.0,3255.0,374019,0.010869565217391353,0.010810916104215676,3217.8571428571427,3168.214285714286,3197.1428571428573,0.018234754142570263,115.0,-65.0,52.525372902837624,-23.76233731559978,-39.48904027908182,15.72670296348204,3338.271157804882,3042.228842195118,0.09279596132270639,0.7187187323765969,3210.0,3216.0,3189.0,3190.25,1.0121268656716418,1.02029621503017,25.75,0.010869565217391353,0.010869565217391353,0.03533026113671275,0.02037617554858934,0.015622254187904425,0.017600233941396287,382534.4,335570.5,-0.38663690749511304,1.1145765196881132,20.920009432709392,93.01663830984309,869099069.0,82.0,64.58823529411762,0.020602218700475516,-0.014062499999999978,-0.01538461538461533,0.005803094639288964,-0.013824884792626729,3210.0
2024-07-24,3215.0,3275.0,3200.0,3210.0,215459,-0.01382488479262678,-0.01392133851860812,3220.0,3175.714285714286,3191.190476190476,0.015576043719061945,75.0,5.0,48.44981855559267,-21.36572440794953,-35.864377104855365,14.498652696905836,3324.9308743666916,3046.5691256333084,0.08737714784066017,0.5871168546337407,3228.3333333333335,3208.0,3193.0,3185.75,1.0006234413965087,1.0076120222867457,22.25,-0.01382488479262678,0.01382488479262678,0.02336448598130841,-0.0015552099533437014,0.016884294321615104,0.01838839609053729,342189.8,333252.2,-0.4239356824118561,0.6465343664647976,20.354552132774636,91.72973557342573,868883610.0,64.0,71.5424836601307,0.010869565217391353,0.020602218700475516,-0.014062499999999978,0.005882299708413363,-0.01557632398753894,3160.0
2024-07-25,3250.0,3270.0,3105.0,3160.0,525588,-0.015576323987538943,-0.015698909543103753,3207.1428571428573,3181.785714285714,3184.5238095238096,0.014726905183093681,165.0,90.0,44.333649513780806,-23.23315618220704,-33.338132920325705,10.104976738118665,3311.9967788882545,3047.5032211117455,0.08318061412894381,0.42532899415006437,3208.3333333333335,3200.0,3198.5,3179.75,0.9875,0.9937888198757764,20.25,-0.015576323987538943,0.015576323987538943,0.05221518987341772,-0.027692307692307693,0.016921442209227727,0.01779228642867062,392293.8,348111.4,1.4393875400888336,1.5098270266357263,21.230600222024734,96.96332588960959,868358022.0,34.883720930232556,60.29457364341082,-0.01382488479262678,0.010869565217391353,0.020602218700475516,-0.00617721452092479,-0.0015822784810126582,3155.0
2024-07-26,3130.0,3180.0,3115.0,3155.0,179520,-0.0015822784810126667,-0.0015835316056442737,3193.5714285714284,3183.5714285714284,3178.5714285714284,0.014667049091597743,65.0,-25.0,43.931707124261166,-24.830338840873992,-31.636574104435365,6.806235263561373,3296.1652467952613,3050.3347532047387,0.07746962690948478,0.4257618543027504,3175.0,3200.0,3205.0,3173.25,0.9859375,0.9942487985503821,26.75,-0.0015822784810126667,0.0015822784810126667,0.020602218700475437,0.007987220447284345,0.015642922444016244,0.01768509371321071,380874.0,349873.75,-0.6584396904038905,0.5130993679863094,20.154785678057365,94.6802311832089,868178502.0,32.55813953488372,43.81395348837206,-0.015576323987538943,-0.01382488479262678,0.010869565217391353,-0.010327829087059462,0.012678288431061807,3195.0
2024-07-29,3150.0,3225.0,3135.0,3195.0,217861,0.01267828843106189,0.01259859183632173,3192.8571428571427,3186.4285714285716,3174.285714285714,0.01491340628080331,90.0,-45.0,47.99388909780692,-22.607842760446147,-29.83082783563752,7.2229850751913744,3280.523973055603,3056.976026944397,0.0705476753013669,0.6174244740631241,3170.0,3195.0,3205.0,3168.75,1.0,1.008284023668639,26.25,0.01267828843106189,0.01267828843106189,0.028169014084507043,0.014285714285714285,0.013267268273814439,0.014415575456835588,302489.4,352570.3,0.21357508912655976,0.6179221562338064,20.36095489197792,94.34592895583684,868396363.0,51.16279069767442,39.5348837209302,-0.0015822784810126667,-0.015576323987538943,-0.01382488479262678,-0.001493438012496573,-0.03286384976525822,3090.0
2024-07-30,3165.0,3200.0,3080.0,3090.0,358516,-0.032863849765258246,-0.033415996919844065,3183.5714285714284,3180.714285714286,3165.0,0.01910041868464962,120.0,75.0,39.83515867035912,-28.98500004489233,-29.66166227748848,0.6766622325961507,3278.6855993403674,3047.3144006596326,0.07314928823292279,0.18448968403914667,3146.6666666666665,3162.0,3189.0,3163.0,0.9772296015180265,0.976920644957319,-1.0,-0.032863849765258246,0.032863849765258246,0.038834951456310676,-0.023696682464454975,0.01698065241524283,0.016372560661841704,299388.8,351240.05,0.6456180775815772,1.020715035201709,20.825654939224837,96.17836260184849,868037847.0,4.545454545454546,29.42212825933753,0.01267828843106189,-0.0015822784810126667,-0.015576323987538943,-0.007255946605069674,0.014563106796116505,3135.0
2024-07-31,3080.0,3145.0,3050.0,3135.0,225221,0.014563106796116498,0.014458083175229917,3171.4285714285716,3182.8571428571427,3161.6666666666665,0.017989777299176675,95.0,-55.0,44.212229215137235,-30.061291364103,-29.741588094811387,-0.31970326929161175,3277.062012907342,3052.937987092658,0.07081327829847822,0.36614554200090343,3140.0,3147.0,3177.5,3165.0,0.996186844613918,0.990521327014218,-18.0,0.014563106796116498,0.014563106796116498,0.030303030303030304,0.017857142857142856,0.01996362855907052,0.017469215228463696,301341.2,335825.45,-0.37179651675239045,0.6706489933982073,20.375221875827485,96.09419384457361,868263068.0,34.0,29.902748414376294,-0.032863849765258246,0.01267828843106189,-0.0015822784810126667,-0.0018741515126932857,0.006379585326953748,3155.0
2024-08-01,3110.0,3180.0,3110.0,3155.0,173836,0.006379585326953707,0.0063593219082924216,3157.1428571428573,3187.5,3164.5238095238096,0.017457094822069284,70.0,-45.0,46.089455614487406,-28.966519134264672,-29.586574302702047,0.620055168437375,3276.103576562231,3058.896423437769,0.06857368685855152,0.44245125070610647,3126.6666666666665,3146.0,3173.0,3167.5,1.0028607755880483,0.9960536700868192,-21.5,0.006379585326953707,0.006379585326953707,0.022187004754358162,0.014469453376205787,0.019338576982823447,0.01717146455890664,230990.8,335554.2,-0.22815368016303983,0.5180563974463738,20.12261138180015,94.2303228556755,868436904.0,42.0,26.84848484848482,0.014563106796116498,-0.032863849765258246,0.01267828843106189,-0.0039737192140626805,-0.003169572107765452,3145.0
2024-08-02,3170.0,3265.0,3090.0,3145.0,1171808,-0.0031695721077654726,-0.003174605840772654,3147.8571428571427,3183.9285714285716,3166.4285714285716,0.016951340016550534,175.0,25.0,45.26922608062809,-28.576409619328388,-29.384541366027317,0.8081317466989297,3271.2418128957906,3070.7581871042094,0.06322410147952737,0.37031359844305156,3145.0,3144.0,3172.0,3171.0,1.0003180661577609,0.9918006937874487,-27.0,-0.0031695721077654726,0.0031695721077654726,0.05564387917329094,-0.007886435331230283,0.019380641244271007,0.01660683439830612,429448.4,379015.75,5.740882210819393,3.0917132071688314,22.027627582579008,99.99958550884153,867265096.0,38.0,37.99999999999997,0.006379585326953707,0.014563106796116498,-0.032863849765258246,0.005924373338434911,-0.0985691573926868,2835.0
2024-08-05,3220.0,3345.0,2685.0,2835.0,4495535,-0.09856915739268679,-0.10377195297268844,3101.4285714285716,3154.285714285714,3155.0,0.042078005926803635,660.0,385.0,28.397480652977194,-52.67445590113766,-34.04252427304939,-18.631931628088275,3336.6552455766796,2975.8447544233204,0.11431619521690588,-0.39035659404774803,3045.0,3072.0,3133.5,3156.25,0.9228515625,0.8982178217821782,-84.25,-0.09856915739268679,0.09856915739268679,0.2328042328042328,-0.11956521739130435,0.04602995437019109,0.03384189978723565,1284983.2,578338.35,2.83640920696906,7.773191938594423,23.268392456180315,139.99961511535287,862769561.0,22.727272727272727,34.242424242424214,-0.0031695721077654726,0.006379585326953707,0.014563106796116498,-0.031786381391166185,0.10229276895943562,3125.0
2024-08-06,2800.0,3130.0,2760.0,3125.0,2341832,0.10229276895943573,0.09739234600864953,3097.1428571428573,3145.3571428571427,3154.7619047619046,0.0602436102997286,370.0,-325.0,47.94332240017732,-47.820509758382286,-36.79812137011597,-11.022388388266315,3335.6970698996433,2973.8029301003567,0.11471404700825316,0.41779363982931605,3035.0,3079.0,3120.5,3154.75,1.014939915556999,0.9905697757350028,-75.75,0.10229276895943573,0.10229276895943573,0.1184,0.11607142857142858,0.07132688282232004,0.049476704551249265,1681646.4,687717.1,-0.47907601653640774,3.405225782520167,22.713633649312914,156.4282140356848,865111393.0,66.66666666666667,42.46464646464644,-0.09856915739268679,-0.0031695721077654726,0.006379585326953707,0.00018467981966115618,0.04,3250.0
2024-08-07,3100.0,3260.0,3050.0,3250.0,1507449,0.040000000000000036,0.03922071315328133,3105.0,3148.9285714285716,3159.285714285714,0.062084243206693514,210.0,-150.0,53.797767462446004,-33.50108745555872,-36.13871458720452,2.6376271316458,3344.5873652304417,2972.9126347695583,0.11766513033981273,0.7455103683988641,3070.0,3102.0,3124.5,3158.75,1.0477111540941328,1.0288880094974278,-56.75,0.040000000000000036,0.040000000000000036,0.06461538461538462,0.04838709677419355,0.07312640022535218,0.051066493892653324,1938092.0,747086.9,-0.35629498614759725,2.017769284938606,22.31233965169333,160.25477017599303,866618842.0,85.60606060606061,58.333333333333314,0.10229276895943573,-0.09856915739268679,-0.0031695721077654726,0.014574537188916326,-0.038461538461538464,3125.0
2024-08-08,3210.0,3230.0,3085.0,3125.0,824161,-0.038461538461538436,-0.03922071315328127,3110.0,3146.785714285714,3157.1428571428573,0.06267887529045647,145.0,85.0,47.98599651429325,-31.87189804502077,-35.28535127876777,3.413453233746999,3344.5820717214556,2974.9179282785444,0.11699157953727705,0.4059957515047261,3166.6666666666665,3096.0,3121.0,3159.75,1.0093669250645996,0.9890022944853232,-63.75,-0.038461538461538436,0.038461538461538436,0.0464,-0.0264797507788162,0.07626950535204524,0.05245624980543581,2068157.0,774317.65,-0.4532743727980184,1.0643706752648605,21.66931074071408,160.5937151634221,865794681.0,66.66666666666667,72.97979797979797,0.040000000000000036,0.10229276895943573,-0.09856915739268679,0.03461041016596578,0.008,3150.0
2024-08-09,3090.0,3160.0,3090.0,3150.0,434469,0.008000000000000007,0.007968169649176881,3112.1428571428573,3141.785714285714,3159.285714285714,0.06250489568289964,70.0,-60.0,49.16873793919825,-28.237953087533697,-33.875871640520955,5.637918552987259,3344.7411796590354,2980.7588203409646,0.11508413858764394,0.4649708298394257,3175.0,3097.0,3120.5,3162.75,1.017113335485954,0.9959686981266304,-65.75,0.008000000000000007,0.008000000000000007,0.022222222222222223,0.019417475728155338,0.07630170836015335,0.05250905620844134,1920689.2,790590.25,-0.4728347980552343,0.5495501620466481,21.03703760731753,154.12273550889196,866229150.0,70.45454545454545,74.2424242424242,-0.038461538461538436,0.040000000000000036,0.10229276895943573,0.0031794871794872024,0.014285714285714285,3195.0
2024-08-12,3115.0,3195.0,3095.0,3195.0,446234,0.014285714285714235,0.014184634991956381,3117.8571428571427,3137.5,3164.285714285714,0.06269305484408627,100.0,-80.0,51.3147119494068,-21.47930158992949,-31.396557630402665,9.917256040473173,3344.7411796590354,2980.7588203409646,0.11508413858764394,0.5886031951120408,3156.6666666666665,3169.0,3120.5,3162.75,1.008204480908804,1.0101968223855822,6.25,0.014285714285714235,0.014285714285714235,0.03129890453834116,0.025682182985553772,0.0515511527576238,0.052550933084755384,1110829.0,778800.35,0.027079032105858047,0.5729761164077546,21.077941124604504,150.2568258296854,866675384.0,77.27272727272727,71.46464646464644,0.008000000000000007,-0.038461538461538436,0.040000000000000036,-0.005391941391941398,0.003129890453834116,3205.0
2024-08-13,3230.0,3325.0,3180.0,3205.0,1299808,0.003129890453834161,0.0031250025431352807,3126.4285714285716,3137.1428571428573,3164.7619047619046,0.06265495048543522,145.0,25.0,51.801676855175074,-15.141562649186199,-28.145558634159375,13.003995984973177,3339.0290776847023,2981.9709223152977,0.11297521131764109,0.6246295577647883,3183.3333333333335,3185.0,3132.0,3160.5,1.0062794348508635,1.014080050624901,24.5,0.003129890453834161,0.003129890453834161,0.0452418096723869,-0.007739938080495356,0.028336652280882613,0.051169585750331606,902424.2,816498.45,1.9128394519467364,1.591929537649459,22.150194488811305,149.88133827042216,867975192.0,78.78787878787878,75.50505050505048,0.014285714285714235,0.008000000000000007,-0.038461538461538436,0.008471868246516134,0.0046801872074883,3220.0
2024-08-14,3195.0,3240.0,3160.0,3220.0,470645,0.004680187207488196,0.004669269183683471,3181.4285714285716,3141.4285714285716,3163.3333333333335,0.04191575987590281,80.0,-25.0,52.56806139927801,-8.80696305003812,-24.277839517335128,15.470876467297007,3334.84682329562,2983.15317670438,0.11133068901273833,0.6734464088027666,3206.6666666666665,3179.0,3140.5,3159.0,1.0128971374646114,1.019309908198797,20.0,0.004680187207488196,0.004680187207488196,0.024844720496894408,0.00782472613458529,0.021006396627471745,0.05105635065883201,695063.4,819171.6,-0.63791190698934,0.5745377403220522,21.138996012511598,144.88981410824917,868445837.0,81.06060606060606,79.040404040404,0.003129890453834161,0.014285714285714235,0.008000000000000007,0.007365263982345531,-0.03881987577639751,3095.0
2024-08-16,3170.0,3175.0,3080.0,3095.0,563205,-0.03881987577639756,-0.03959345341975756,3177.1428571428573,3137.1428571428573,3155.9523809523807,0.028656413825555026,95.0,75.0,46.00345494921781,-13.715103386316969,-22.1652922911315,8.450188904814532,3330.7089604518906,2976.7910395481094,0.11222129874079464,0.3340010592004686,3173.3333333333335,3173.0,3134.5,3153.75,0.9754175858808698,0.9813713832738803,19.25,-0.03881987577639756,0.03881987577639756,0.030694668820678513,-0.02365930599369085,0.021163310390660765,0.05277982828492968,642872.2,833578.45,0.19666627713032114,0.6756472651134395,21.278942147319853,144.54054167194568,867882632.0,62.121212121212125,73.98989898989896,0.004680187207488196,0.003129890453834161,0.014285714285714235,-0.010336599371691735,-0.011308562197092083,3060.0
2024-08-19,3075.0,3160.0,3045.0,3060.0,365102,-0.011308562197092087,-0.011372990172270024,3150.0,3127.5,3149.285714285714,0.02240946414817089,115.0,15.0,44.3340308906536,-20.19623779922722,-21.771481392750644,1.5752435935234246,3330.8501407319054,2967.1498592680946,0.11549707255122604,0.2552930131321448,3125.0,3155.0,3126.0,3149.0,0.9698890649762282,0.9717370593839314,6.0,-0.011308562197092087,0.011308562197092087,0.03758169934640523,-0.004878048780487805,0.020697116253325976,0.052885421917305366,628998.8,840002.6,-0.35174226081089477,0.43464389276890336,20.834102241421483,142.43050298109242,867517530.0,56.81818181818182,66.66666666666664,-0.03881987577639756,0.004680187207488196,0.003129890453834161,-0.015149416922000484,0.0032679738562091504,3070.0
2024-08-20,3070.0,3095.0,2900.0,3070.0,244597,0.0032679738562091387,0.0032626456348163694,3142.1428571428573,3126.0714285714284,3145.2380952380954,0.01806862661093047,195.0,0.0,44.948726663224186,-24.246172307356574,-22.266419575671833,-1.9797527316847408,3323.3935489727382,2959.6064510272618,0.1158004449929895,0.30345647109585994,3075.0,3130.0,3149.5,3141.5,0.9808306709265175,0.9772401718924081,-11.5,0.0032679738562091387,0.0032679738562091387,0.06351791530944625,0.0,0.01852201269748725,0.04045624515847424,588671.4,821743.25,-0.33005844941961426,0.29765623264930985,20.43680007915063,146.18546705387152,867762127.0,58.333333333333336,59.090909090909065,-0.011308562197092087,-0.03881987577639756,0.004680187207488196,-0.01562015470576017,-0.021172638436482084,3005.0
2024-08-21,3045.0,3070.0,3000.0,3005.0,242839,-0.021172638436482094,-0.021399993611934894,3121.4285714285716,3116.785714285714,3135.0,0.01862396281681384,70.0,40.0,41.72357594507037,-32.328073448399664,-24.2787503502174,-8.049323098182263,3312.406365039072,2945.593634960928,0.11723001920042964,0.16195284451119368,3045.0,3090.0,3137.5,3129.0,0.9724919093851133,0.9603707254713966,-39.0,-0.021172638436482094,0.021172638436482094,0.02329450915141431,-0.013136288998357963,0.018117756355782628,0.024359371740734104,377277.6,815184.25,-0.007187332632861421,0.29789461707583287,20.408186799637832,140.743647978595,867519288.0,48.484848484848484,54.545454545454525,0.0032679738562091387,-0.011308562197092087,-0.03881987577639756,-0.009737742259121681,-0.004991680532445923,2990.0
2024-08-22,3035.0,3040.0,2985.0,2990.0,246559,-0.004991680532445919,-0.005004180584575839,3092.1428571428573,3105.0,3122.3809523809523,0.01629920915713284,55.0,45.0,40.992603990554144,-39.488217380004244,-27.32064375617477,-12.167573623829472,3307.247818592735,2928.752181407265,0.12139051866115125,0.16181908739603854,3021.6666666666665,3044.0,3111.5,3118.0,0.9822601839684626,0.9589480436177037,-74.0,-0.004991680532445919,0.004991680532445919,0.01839464882943144,-0.014827018121911038,0.01621896799528065,0.01896011483043196,332460.4,816739.25,0.015318791462656245,0.3018821490457328,20.418385262478996,134.61910169440964,867272729.0,46.21212121212121,51.01010101010098,-0.021172638436482094,0.0032679738562091387,-0.011308562197092087,-0.007632115037572958,-0.006688963210702341,2970.0
2024-08-23,2985.0,3015.0,2905.0,2970.0,338844,-0.006688963210702337,-0.006711434587986804,3058.5714285714284,3092.5,3110.9523809523807,0.015433038626022652,110.0,15.0,39.98669628330781,-46.24345017678888,-31.105205040297598,-15.138245136491285,3307.685182285502,2909.314817714498,0.12815517599195878,0.15233357619574048,2988.3333333333335,3019.0,3096.0,3108.5,0.9837694600861212,0.9554447482708702,-89.5,-0.006688963210702337,0.006688963210702337,0.037037037037037035,-0.005025125628140704,0.0089727535432943,0.01569527023212907,287588.2,807402.05,0.37429175166998574,0.4196719589701314,20.72961233624793,132.86059443052324,866933885.0,43.18181818181818,45.95959595959593,-0.004991680532445919,-0.021172638436482094,0.0032679738562091387,-0.010951094059876784,0.011784511784511785,3005.0
2024-08-26,2980.0,3035.0,2970.0,3005.0,462848,0.011784511784511675,0.011715615172562545,3027.8571428571427,3104.6428571428573,3103.5714285714284,0.016786608184136548,65.0,-25.0,42.63940175316823,-48.216997807582175,-34.527563593754515,-13.68943421382766,3304.071156831406,2897.928843168594,0.13097140072970392,0.26362965204432925,2988.3333333333335,3008.0,3081.5,3101.0,0.9990026595744681,0.9690422444372783,-93.0,0.011784511784511675,0.011784511784511675,0.021630615640599003,0.008389261744966443,0.012289430635452212,0.01608336608142672,307137.4,821568.45,0.36596191757859065,0.5633711956684803,21.053186833119973,128.0134091140573,867396733.0,43.36283185840708,44.252257084115456,-0.006688963210702337,-0.004991680532445919,-0.021172638436482094,3.462268045447322e-05,-0.0066555740432612314,2985.0
2024-08-27,3025.0,3025.0,2950.0,2985.0,227262,-0.006655574043261225,-0.006677821142605487,3012.1428571428573,3094.6428571428573,3095.4761904761904,0.01051031503381812,75.0,40.0,41.51027235418675,-50.80918472279063,-37.78388781956174,-13.025296903228892,3294.819151793162,2886.180848206838,0.13222401022045743,0.24182547481696506,2986.6666666666665,2991.0,3060.5,3090.5,0.9979939819458375,0.9658631289435367,-99.5,-0.006655574043261225,0.006655574043261225,0.02512562814070352,-0.013223140495867768,0.01169811150005822,0.014653293110776892,303670.4,822038.5,-0.5089921529314159,0.2764615039319935,20.335213843226914,124.2267370344818,867169471.0,20.0,35.51488334674172,0.011784511784511675,-0.006688963210702337,-0.004991680532445919,-0.0005200084898172955,-0.021775544388609715,2920.0
2024-08-28,2985.0,2990.0,2915.0,2920.0,305381,-0.021775544388609736,-0.02201613056437505,2992.1428571428573,3071.0714285714284,3082.3809523809523,0.012192474521731072,75.0,65.0,37.989304949489565,-57.44626353416061,-41.71636296248151,-15.729900571679096,3300.0873798805455,2863.9126201194545,0.14152328350457205,0.12858923774329964,2970.0,2974.0,3032.0,3082.0,0.9818426361802286,0.9474367293964958,-108.0,-0.021775544388609736,0.021775544388609736,0.025684931506849314,-0.021775544388609715,0.011900821376062399,0.01491535487613401,316178.8,819381.75,0.3437398245197174,0.37269685345078774,20.608654352724592,120.71054153201882,866864090.0,4.705882352941177,22.689571403782722,-0.006655574043261225,0.011784511784511675,-0.006688963210702337,-0.005548868882453095,-0.00684931506849315,2900.0
2024-08-29,2905.0,2915.0,2890.0,2900.0,178348,-0.006849315068493178,-0.006872879287762064,2967.8571428571427,3055.0,3073.3333333333335,0.01138886578756685,25.0,5.0,36.9507464594552,-63.58703737743781,-46.090497845472775,-17.496539531965034,3301.254101125598,2839.245898874402,0.1504790170999743,0.13150004876442806,2935.0,2956.0,3000.0,3070.25,0.9810554803788903,0.9445484895366827,-114.25,-0.006849315068493178,0.006849315068493178,0.008620689655172414,-0.0017211703958691911,0.011903524765806703,0.014152035527565878,302536.6,817038.1,-0.41598200280960507,0.21828602607393707,20.063957994726938,114.23121713687462,866685742.0,2.2988505747126435,9.001577642551245,-0.021775544388609736,-0.006655574043261225,0.011784511784511675,-0.01176014450012138,0.027586206896551724,2980.0
2024-08-30,2905.0,2990.0,2900.0,2980.0,316878,0.02758620689655178,0.027212563524884794,2964.285714285714,3042.8571428571427,3065.9523809523807,0.015887278240023006,90.0,-75.0,43.593435692187924,-61.29177999108833,-49.13075427459589,-12.161025716492446,3292.2447895289088,2830.7552104710912,0.15073969591958764,0.3233979623843482,2933.3333333333335,2958.0,2988.5,3061.5,1.0074374577417173,0.9733790625510371,-103.5,0.02758620689655178,0.02758620689655178,0.030201342281879196,0.025817555938037865,0.01911747602679225,0.014856013408529923,298143.4,824190.2,0.7767398569089645,0.38447193378421635,20.66595070129683,112.50041591281216,867002620.0,20.689655172413794,9.23146270002251,-0.006849315068493178,-0.021775544388609736,-0.006655574043261225,-0.00034621752018371144,-0.008389261744966443,2955.0
2024-09-02,2980.0,2985.0,2945.0,2955.0,130143,-0.008389261744966459,-0.008424649659251578,2959.285714285714,3025.714285714286,3056.4285714285716,0.016075502857394005,40.0,25.0,42.1006831016616,-60.789321583081346,-51.46246773629298,-9.326853846788367,3283.911961517168,2820.088038482832,0.15197376246210226,0.29086891558885963,2945.0,2948.0,2978.0,3052.0,1.0023744911804613,0.9682175622542595,-104.0,-0.008389261744966459,0.008389261744966459,0.01353637901861252,-0.008389261744966443,0.018337304329187797,0.01471749622562411,231602.4,772106.95,-0.5892961960123455,0.16855566447109432,19.767643057321507,107.32181477618272,866872477.0,14.942528735632184,12.643678160919512,0.02758620689655178,-0.006849315068493178,-0.021775544388609736,0.004115876694364047,-0.011844331641285956,2920.0
2024-09-03,2945.0,2985.0,2920.0,2920.0,78805,-0.011844331641285955,-0.01191503457787114,2952.1428571428573,3005.3571428571427,3045.714285714286,0.016462488848402037,65.0,25.0,40.0338436475985,-62.4949245787102,-53.66895910477643,-8.82596547393377,3274.107389374946,2838.392610625054,0.1425651627811506,0.18729543581029176,2951.6666666666665,2935.0,2963.0,3056.25,0.9948892674616695,0.9554192229038855,-121.25,-0.011844331641285955,0.011844331641285955,0.02226027397260274,-0.008488964346349746,0.018723330876190502,0.014733931679263719,201911.0,551270.45,-0.39447377115941695,0.1429516129515014,19.254070625217704,104.29882800645538,866793672.0,8.571428571428571,14.734537493158152,-0.008389261744966459,0.02758620689655178,-0.006849315068493178,0.0024508711700997887,-0.0547945205479452,2760.0
2024-09-04,2900.0,2900.0,2760.0,2760.0,402066,-0.0547945205479452,-0.056352936551131744,2917.1428571428573,2972.5,3042.1428571428573,0.024739906111024154,140.0,140.0,32.24148028849473,-75.88256311284977,-58.111679906391096,-17.77088320645867,3290.0735064055375,2785.9264935944625,0.16594700882523863,-0.05142645485470375,2878.3333333333335,2903.0,2938.5,3038.0,0.9507406131588012,0.9084924292297564,-135.0,-0.0547945205479452,0.0547945205479452,0.050724637681159424,-0.04827586206896552,0.029289554260114425,0.021253608675154755,221248.0,454282.15,4.102036672799949,0.8850578874824819,20.82735749284206,108.27748314885143,866391606.0,0.0,7.837985769020224,-0.011844331641285955,-0.008389261744966459,0.02758620689655178,-0.025009371311399204,-0.009057971014492754,2735.0
2024-09-05,2770.0,2815.0,2700.0,2735.0,244880,-0.009057971014492794,-0.009099243855114146,2881.4285714285716,2946.785714285714,3023.5714285714284,0.024667470611277578,115.0,35.0,31.21897569920671,-87.50099714258522,-63.98954335362993,-23.511453788955293,3277.9858205357214,2746.5141794642786,0.1764367635725596,-0.021664710916778445,2805.0,2870.0,2913.0,3012.25,0.9529616724738676,0.9079591667358287,-142.25,-0.009057971014492794,0.009057971014492794,0.04204753199268738,-0.01263537906137184,0.029230573859364138,0.021222967868461128,234554.4,391153.7,-0.39094576512313894,0.6260454649924058,20.322410289968477,108.75766292393347,866146726.0,7.608695652173913,5.393374741200799,-0.0547945205479452,-0.011844331641285955,-0.008389261744966459,-0.025232274401241317,-0.025594149908592323,2665.0
2024-09-06,2690.0,2765.0,2660.0,2665.0,190467,-0.025594149908592323,-0.02592737825613667,2845.0,2918.5714285714284,2995.714285714286,0.024961611820874013,105.0,25.0,28.49409280867232,-101.1906420702403,-71.429763096952,-29.7608789732883,3291.0738419657255,2687.4261580342745,0.2019395112257091,-0.03715107111521891,2720.0,2807.0,2882.5,2989.25,0.9494121838261489,0.8915279752446266,-182.25,-0.025594149908592323,0.025594149908592323,0.039399624765478425,-0.00929368029739777,0.019648561979866835,0.021859522799045353,209272.2,359469.0,-0.22220271153217908,0.5298565383941314,20.045193568766695,108.4892584293668,865956259.0,1.1494252873563218,2.9193736465100497,-0.009057971014492794,-0.0547945205479452,-0.011844331641285955,-0.029815547157010108,0.0075046904315197,2685.0
2024-09-09,2560.0,2710.0,2555.0,2685.0,178526,0.007504690431519689,0.007476670343020137,2814.285714285714,2891.0714285714284,2974.7619047619046,0.026116359165762097,155.0,-125.0,30.364249904381367,-109.16753604979613,-78.97731768752082,-30.190218362275303,3286.732713773033,2645.267286226967,0.21627290207217334,0.06194053812850221,2695.0,2753.0,2850.5,2966.0,0.9752996730839084,0.9052596089008766,-213.0,0.007504690431519689,0.007504690431519689,0.05772811918063315,0.048828125,0.02332907004794309,0.021410748552363214,218948.8,346671.85,-0.06269327495051635,0.5149711463448792,19.987925536887158,111.8114542558406,866134785.0,25.24271844660194,11.333613128710697,-0.025594149908592323,-0.009057971014492794,-0.0547945205479452,-0.009049143497188475,0.0782122905027933,2895.0
2024-09-10,2700.0,3175.0,2700.0,2895.0,7771843,0.07821229050279332,0.07530438306413059,2802.1428571428573,2883.214285714286,2962.6190476190477,0.040312613535013433,475.0,-195.0,46.257932085235964,-97.4210280730972,-82.6660597646361,-14.754968308461102,3254.2213018485686,2647.7786981514314,0.2055041015578235,0.4076582026747466,2748.3333333333335,2748.0,2841.5,2951.0,1.0534934497816595,0.9810233819044392,-203.0,0.07821229050279332,0.07821229050279332,0.16407599309153714,0.07222222222222222,0.0497751130615103,0.03550160282426817,1757556.4,712952.3,42.533395695865025,10.900929837802613,23.836758278606435,138.82492180899484,873906628.0,54.83870967741935,27.076951137125842,0.007504690431519689,-0.025594149908592323,-0.009057971014492794,0.02004094367524023,-0.07081174438687392,2690.0
2024-09-11,2855.0,2895.0,2690.0,2690.0,1351930,-0.07081174438687388,-0.07344391741121077,2764.285714285714,2861.785714285714,2938.5714285714284,0.04818741710882238,205.0,165.0,37.30644179375733,-103.46098874009294,-86.82504555972747,-16.635943180365473,3225.100401296878,2625.399598703122,0.20500839333176848,0.10772105192702056,2756.6666666666665,2734.0,2818.5,2925.25,0.9839063643013899,0.9195795231176822,-191.25,-0.07081174438687388,0.07081174438687388,0.0762081784386617,-0.05779334500875657,0.0544217451190517,0.04136255479048207,1947529.2,715558.4,-0.8260476955080024,1.8893356572992503,22.014340231967598,143.55171310835235,872554698.0,21.774193548387096,33.951873890802766,0.07821229050279332,0.007504690431519689,-0.025594149908592323,0.004968412182479713,0.031598513011152414,2775.0
2024-09-12,2715.0,2780.0,2710.0,2775.0,460342,0.03159851301115246,0.03110955358465014,2743.5714285714284,2847.8571428571427,2918.095238095238,0.05106947685579884,70.0,-60.0,42.29285714889803,-100.23348226847884,-89.50673290147775,-10.72674936700109,3175.5590230622274,2630.4409769377726,0.187777487469671,0.2651884744781013,2786.6666666666665,2742.0,2806.0,2903.0,1.012035010940919,0.9559076817085773,-161.0,0.03159851301115246,0.03159851301115246,0.025225225225225224,0.022099447513812154,0.05646651700307242,0.04316737282078239,1990621.6,715043.25,-0.6594927252150629,0.6437960221287313,20.96813099744644,139.72659074347004,873015040.0,35.483870967741936,37.365591397849435,-0.07081174438687388,0.07821229050279332,0.007504690431519689,0.012999686375690636,-0.009009009009009009,2750.0
2024-09-13,2780.0,2800.0,2745.0,2750.0,242338,-0.009009009009009028,-0.009049835519917927,2742.1428571428573,2829.6428571428573,2895.714285714286,0.04641031955684166,55.0,30.0,41.253576352004075,-98.5568491950662,-91.31675616019544,-7.2400930348707675,3150.7082886736066,2620.7917113263934,0.18363218482100432,0.24382760267744263,2738.3333333333335,2759.0,2783.0,2885.75,0.9967379485320769,0.9529585029888243,-126.75,-0.009009009009009028,0.009009009009009028,0.02,-0.01079136690647482,0.05474085097379863,0.04176196349078418,2000995.8,698999.9,-0.4735696503903619,0.34669246733797815,20.31744491704474,133.67469140465076,872772702.0,31.451612903225808,29.569892473118255,0.03159851301115246,-0.07081174438687388,0.07821229050279332,-0.01607408012824348,0.007272727272727273,2770.0
2024-09-19,2780.0,2805.0,2750.0,2770.0,282373,0.0072727272727273196,0.007246408520767253,2747.1428571428573,2814.285714285714,2880.2380952380954,0.04631775008501558,55.0,10.0,42.47150970779217,-94.52465121224895,-91.95833517060615,-2.566316041642807,3127.659930836509,2614.840069163491,0.17860508895882207,0.3025622493058613,2765.0,2776.0,2764.5,2871.25,0.9978386167146974,0.9647366129734436,-95.25,0.0072727272727273196,0.0072727272727273196,0.019855595667870037,-0.0035971223021582736,0.05474094318436164,0.04200615179103862,2021765.2,694863.45,0.16520314601919628,0.40637192818243645,20.477586771425102,128.05507059003284,873055075.0,34.67741935483871,33.87096774193545,-0.009009009009009028,0.03159851301115246,-0.07081174438687388,0.009954077091623584,0.030685920577617327,2855.0
2024-09-20,2770.0,2870.0,2770.0,2855.0,452434,0.03068592057761732,0.0302245229087264,2774.285714285714,2809.6428571428573,2870.4761904761904,0.045568367942605575,100.0,-85.0,47.45723796610464,-83.50769095548594,-90.2682063275821,6.760515372096165,3099.2445232218433,2621.7554767781567,0.16692502934580902,0.4884814111633268,2791.6666666666665,2768.0,2758.0,2860.5,1.0314306358381502,0.998077259220416,-92.5,0.03068592057761732,0.03068592057761732,0.03502626970227671,0.030685920577617327,0.042033859649957435,0.04343820409650781,557883.4,705255.3,0.6022565896881076,0.6415180431823766,20.97922429799474,126.05113697645906,873507509.0,48.38709677419355,38.17204301075266,0.0072727272727273196,-0.009009009009009028,0.03159851301115246,0.009649879613778537,0.0035026269702276708,2865.0
2024-09-23,2880.0,2885.0,2830.0,2865.0,255116,0.003502626970227629,0.003496507058729306,2800.0,2807.1428571428573,2860.714285714286,0.0456275401615533,55.0,15.0,48.027903470440826,-73.1267939912932,-86.83992386032433,13.713129869031135,3082.412762054856,2624.587237945144,0.16044349889949613,0.5251187393327685,2830.0,2803.0,2768.5,2853.5,1.0221191580449518,1.0040301384264938,-50.5,0.003502626970227629,0.003502626970227629,0.019197207678883072,-0.005208333333333333,0.01778984607615371,0.03917911106786891,338520.6,705869.15,-0.43612549012673674,0.3614210934137014,20.40979725318182,120.97605576385484,873762625.0,50.0,44.35483870967739,0.03068592057761732,0.0072727272727273196,-0.009009009009009028,0.013820424940190756,0.0017452006980802793,2870.0
2024-09-24,2865.0,2890.0,2845.0,2870.0,186270,0.0017452006980802626,0.0017436796048268374,2796.4285714285716,2799.285714285714,2854.285714285714,0.03515267890506973,45.0,-5.0,48.33008032513989,-63.76139843255214,-82.22421877476991,18.462820342217768,3067.4641119053745,2627.5358880946255,0.154496303357594,0.5511447067548891,2863.3333333333335,2822.0,2782.0,2847.5,1.0170092133238837,1.0079016681299386,-25.5,0.0017452006980802626,0.0017452006980802626,0.0156794425087108,0.0017452006980802793,0.014638146271277214,0.03891390527738873,283706.2,702854.7,-0.2698615531758102,0.26501921378629184,20.09701982365129,115.54919463786521,873948895.0,50.806451612903224,49.73118279569889,0.003502626970227629,0.03068592057761732,0.0072727272727273196,0.01197791608197507,0.013937282229965157,2910.0
2024-09-25,2870.0,2950.0,2865.0,2910.0,374057,0.013937282229965264,0.013841051411871511,2827.8571428571427,2796.0714285714284,2850.4761904761904,0.014942913915534598,85.0,-40.0,50.79484918066734,-52.506328995561034,-76.28064081892813,23.7743118233671,3058.998190398462,2630.001809601538,0.15081609449707306,0.6526819407621203,2881.6666666666665,2854.0,2806.5,2844.5,1.0196215837421163,1.0230268940059764,9.5,0.013937282229965264,0.013937282229965264,0.029209621993127148,0.013937282229965157,0.01173667788259971,0.03738069894107702,310050.0,704615.35,1.0081440919095934,0.5308669474770881,20.808071832285332,113.36710930658913,874322952.0,57.25806451612903,52.688172043010724,0.0017452006980802626,0.003502626970227629,0.03068592057761732,0.006395036632757718,0.0,2910.0
2024-09-26,2880.0,2920.0,2855.0,2910.0,281012,0.0,0.0,2847.1428571428573,2795.3571428571427,2847.6190476190477,0.01246608281130077,65.0,-30.0,50.79484918066734,-43.0898919267438,-69.64249104049127,26.552599113747462,3043.2063188603756,2636.2936811396244,0.14329171149599482,0.6726414799832536,2896.6666666666665,2882.0,2829.0,2839.75,1.0097154753643303,1.024738093142002,42.25,0.0,0.0,0.022336769759450172,0.010416666666666666,0.012784402045825741,0.03749954664928493,309777.8,695523.55,-0.24874551204762907,0.4040294537834125,20.522061013418814,109.91231578468991,874322952.0,57.25806451612903,55.107526881720396,0.013937282229965264,0.0017452006980802626,0.003502626970227629,0.005227494309348509,-0.006872852233676976,2890.0
2024-09-27,2920.0,2920.0,2875.0,2890.0,173785,-0.0068728522336769515,-0.006896579059060329,2867.1428571428573,2804.6428571428573,2842.1428571428573,0.01202910389094339,45.0,30.0,49.42760112131116,-36.81673021269262,-63.07733887493154,26.260608662238923,3028.3635790013595,2641.6364209986405,0.1364116959445217,0.6422191301072611,2903.3333333333335,2889.0,2828.5,2835.0,1.0003461405330565,1.0194003527336861,54.0,-0.0068728522336769515,0.0068728522336769515,0.015570934256055362,-0.010273972602739725,0.007524621538538228,0.02856732408170582,254048.0,692849.7,-0.38157445233655507,0.25082640578468895,20.03458596508744,105.27572180006919,874149167.0,54.03225806451613,56.1827956989247,0.0,0.013937282229965264,0.0017452006980802626,0.002354809998762771,-0.006920415224913495,2870.0
2024-09-30,2925.0,2985.0,2870.0,2870.0,876277,-0.00692041522491349,-0.006944472352811046,2881.4285714285716,2814.285714285714,2836.6666666666665,0.013143268378171565,115.0,55.0,48.03517643575613,-33.077737642280226,-57.07741862840128,23.999680986121056,3022.500000000012,2642.499999999988,0.13415710503089978,0.5986842105263096,2890.0,2890.0,2846.5,2832.5,0.9930795847750865,1.0132391879964695,57.5,-0.00692041522491349,0.00692041522491349,0.04006968641114982,-0.018803418803418803,0.008539730369388992,0.0146970460699215,378280.2,721394.5,4.0423051471646,1.2146987535946006,21.645504839131625,105.97031310006425,873272890.0,50.806451612903224,54.0322580645161,-0.0068728522336769515,0.0,0.013937282229965264,-0.004597755819530147,-0.013937282229965157,2830.0
2024-10-02,2945.0,3015.0,2830.0,2830.0,731712,-0.013937282229965153,-0.01403531811638348,2877.8571428571427,2826.0714285714284,2832.3809523809523,0.009023753084283137,185.0,115.0,45.28732332961733,-32.96225642452373,-52.25438618762578,19.292129763102047,3016.3246548529955,2641.6753451470045,0.13243171074796434,0.5026691627986309,2863.3333333333335,2882.0,2852.0,2829.0,0.9819569743233866,1.0003534817956876,53.0,-0.013937282229965153,0.013937282229965153,0.06537102473498234,-0.03904923599320883,0.010554300914671546,0.013051119283238759,487368.6,749062.7,-0.16497637162678014,0.9768367854920557,21.451174264021844,111.61529073577394,872541178.0,44.354838709677416,49.73118279569889,-0.00692041522491349,-0.0068728522336769515,0.0,-0.009243516562851864,0.019434628975265017,2885.0
2024-10-04,2850.0,2910.0,2845.0,2885.0,280509,0.019434628975264934,0.019248188304916546,2880.714285714286,2840.3571428571427,2831.6666666666665,0.01190919224861728,65.0,-35.0,49.559968731503574,-28.10867704964903,-47.425244360030426,19.316567310381394,2999.9074117872456,2648.5925882127544,0.12439225407612327,0.6729218237417154,2861.6666666666665,2877.0,2865.5,2824.25,1.002780674313521,1.021510135434186,52.75,0.019434628975264934,0.019434628975264934,0.022530329289428077,0.012280701754385965,0.012780027621046524,0.013468275508592824,468659.0,747244.25,-0.6166401535030176,0.3753913128137152,20.511641269169537,109.35705568321866,872821687.0,40.20618556701031,45.12249196319696,-0.013937282229965153,-0.00692041522491349,-0.0068728522336769515,-0.00047435615987123647,0.01733102253032929,2935.0
2024-10-07,2875.0,2950.0,2850.0,2935.0,413574,0.017331022530329365,0.017182553319996963,2890.0,2843.214285714286,2829.5238095238096,0.013406686987969946,100.0,-60.0,53.142423457192166,-19.99708435366847,-41.93961235875804,21.94252800508957,2995.9765865007903,2650.5234134992097,0.12236010732368036,0.8234881272880614,2883.3333333333335,2882.0,2882.0,2823.25,1.0183900069396252,1.0395820419729036,58.75,0.017331022530329365,0.017331022530329365,0.034071550255536626,0.020869565217391306,0.01542010548807158,0.01403028336877589,495171.4,761415.8,0.4743698063163748,0.5431644575802078,20.9170544706172,108.68869456298876,873235261.0,75.38461538461539,53.315213220434345,0.019434628975264934,-0.013937282229965153,-0.00692041522491349,0.007609456425209715,-0.013628620102214651,2895.0
2024-10-08,2920.0,2960.0,2885.0,2895.0,316741,-0.013628620102214661,-0.013722342255101216,2887.8571428571427,2857.8571428571427,2826.6666666666665,0.013802166530891375,75.0,25.0,50.07814473961048,-16.604844100650553,-36.872658707136544,20.26781460648599,2992.1207001854373,2651.8792998145627,0.12056747001094066,0.7145535490990442,2905.0,2883.0,2886.0,2822.0,1.004162330905307,1.0258681785967398,61.0,-0.013628620102214661,0.013628620102214661,0.025906735751295335,-0.008561643835616438,0.016620088307802747,0.012208626342144145,523762.6,773312.6,-0.2341370589060241,0.4095898605557442,20.636580075301985,106.282359237061,872918520.0,60.65573770491803,58.74884621884789,0.017331022530329365,0.019434628975264934,-0.013937282229965153,0.007712343801126546,-0.022452504317789293,2830.0
2024-10-10,2860.0,2870.0,2795.0,2830.0,312333,-0.022452504317789335,-0.02270839936981235,2876.4285714285716,2861.785714285714,2822.3809523809523,0.016080383931988323,75.0,30.0,45.488043969775475,-18.943062203264617,-33.28673940636216,14.343677203097542,2993.111706663141,2657.888293336859,0.11864215654796738,0.5134238833599013,2886.6666666666665,2875.0,2882.5,2825.5,0.9843478260869565,1.0015926384710672,49.5,-0.022452504317789335,0.022452504317789335,0.026501766784452298,-0.01048951048951049,0.019538705903655623,0.014304933182074871,410973.8,768825.95,-0.013916733229989209,0.40624669341611064,20.59985719708465,105.83361929155664,872606187.0,31.48148148148148,55.840611523671605,-0.013628620102214661,0.017331022530329365,0.019434628975264934,-0.006250033963224877,-0.0017667844522968198,2825.0
2024-10-11,2835.0,2865.0,2805.0,2825.0,264471,-0.0017667844522968323,-0.0017683470567420034,2867.1428571428573,2867.1428571428573,2825.4761904761904,0.01604225918372624,60.0,10.0,45.14525453650282,-20.957984509263497,-30.820988426942428,9.863003917678931,2992.124059060709,2667.875940939291,0.1145753067566848,0.4845797100412848,2850.0,2874.0,2878.0,2830.0,0.9829505915100905,0.9982332155477032,44.0,-0.0017667844522968323,0.0017667844522968323,0.021238938053097345,-0.003527336860670194,0.01851223009582554,0.014269394993904042,317525.6,769805.5,-0.1532402916118374,0.34355561242417726,20.431750528356734,102.55978934215975,872341716.0,28.30188679245283,40.146368659617416,-0.022452504317789335,-0.013628620102214661,0.017331022530329365,-0.012615969624100276,0.04424778761061947,2950.0
2024-10-14,2915.0,3100.0,2855.0,2950.0,2795747,0.04424778761061954,0.04329680575332426,2878.5714285714284,2880.0,2835.714285714286,0.023581262827851557,245.0,-35.0,54.397435564621425,-12.326279939783944,-27.122046729510735,14.795766789726791,2995.0120991042513,2693.4879008957487,0.1060118478363374,0.8507181202315124,2868.3333333333335,2887.0,2882.0,2844.25,1.0218219605126428,1.0371802759954294,42.75,0.04424778761061954,0.04424778761061954,0.08305084745762711,0.012006861063464836,0.026639142622786004,0.019984615847956785,820573.2,900069.5,9.571090970276515,3.106145692082667,22.833170341287655,114.8769472462912,875137463.0,54.54545454545455,38.10960760646292,-0.0017667844522968323,-0.022452504317789335,-0.013628620102214661,0.0066761662801777906,-0.005084745762711864,2935.0
2024-10-15,2890.0,2960.0,2855.0,2935.0,638174,-0.005084745762711895,-0.005097717071668718,2893.5714285714284,2885.714285714286,2848.5714285714284,0.02267095896263241,105.0,-45.0,53.237030358208834,-6.619659209396559,-23.0215692254879,16.401910016091342,2992.63985477799,2720.86014522201,0.09513597954177998,0.7879170050179277,2903.3333333333335,2887.0,2884.5,2856.75,1.0166262556286803,1.027391266299116,30.25,-0.005084745762711895,0.005084745762711895,0.03577512776831346,0.015570934256055362,0.025866731511194688,0.02009264542406058,865493.2,923051.9,-0.7717339945281172,0.6913739086610406,21.35082898521242,114.17145101441325,874499289.0,45.90163934426229,42.91632689405653,0.04424778761061954,-0.0017667844522968323,-0.022452504317789335,0.01246541913187027,-0.018739352640545145,2880.0
2024-10-16,2905.0,2930.0,2870.0,2880.0,264547,-0.01873935264054516,-0.018917159132205225,2892.8571428571427,2886.785714285714,2857.8571428571427,0.023310835997697062,60.0,25.0,49.10105291755453,-6.460686737333617,-19.709392727857047,13.24870599052343,2991.164616983199,2720.835383016801,0.09465309312548936,0.5887806311136266,2921.6666666666665,2884.0,2883.5,2856.0,0.9986130374479889,1.0084033613445378,28.0,-0.01873935264054516,0.01873935264054516,0.020833333333333332,-0.008605851979345954,0.026642258948547052,0.020943945480679172,855054.4,547687.1,-0.5854625854390809,0.48302580068071715,20.451319782699148,110.65920451338373,874234742.0,27.868852459016395,42.77198211624438,-0.005084745762711895,0.04424778761061954,-0.0017667844522968323,0.006807896402454161,-0.012152777777777778,2845.0
2024-10-17,2875.0,2895.0,2840.0,2845.0,225678,-0.01215277777777779,-0.01222722656956033,2880.0,2885.0,2855.4761904761904,0.022272919580999077,55.0,30.0,46.61896584363937,-9.054532387571271,-17.578420659799892,8.523888272228621,2974.388101365165,2753.111898634835,0.07726798873167341,0.41526427257588694,2886.6666666666665,2887.0,2881.0,2863.75,0.9854520263249047,0.9934526407682235,23.25,-0.01215277777777779,0.01215277777777779,0.019332161687170474,-0.010434782608695653,0.024885917135813056,0.021195683626199086,837723.4,491374.5,-0.14692663307465215,0.45927902241569313,20.280182831648904,106.68354704814203,874009064.0,16.39344262295082,30.054644808743138,-0.01873935264054516,-0.005084745762711895,0.04424778761061954,-0.011992292060344948,0.02460456942003515,2915.0
2024-10-18,2835.0,3150.0,2815.0,2915.0,5882082,0.024604569420035194,0.0243067522241615,2882.8571428571427,2885.3571428571427,2866.190476190476,0.024189561893227192,335.0,-80.0,51.86032631225007,-5.399516502286588,-15.142639828297233,9.743123326010645,2975.2928645404363,2766.2071354595637,0.0728331373616207,0.7116356778366469,2880.0,2905.0,2889.5,2870.75,1.0034423407917383,1.0154140903944961,34.25,0.024604569420035194,0.024604569420035194,0.11492281303602059,0.02821869488536155,0.02679458938449729,0.02200485686816349,1961245.6,762461.5,25.064047005024857,7.714595425473942,23.56504643767827,122.99186511613189,879891146.0,33.80281690140845,26.021703994458523,-0.01215277777777779,-0.01873935264054516,-0.005084745762711895,-0.0020958536660959184,0.0137221269296741,2955.0
2024-10-21,3055.0,3195.0,2940.0,2955.0,6877038,0.013722126929674117,0.013628831055605837,2900.714285714286,2888.5714285714284,2874.7619047619046,0.02206346075320073,255.0,100.0,54.60333765914952,0.7165160745298635,-11.970808647731813,12.687324722261677,2975.4011596717573,2786.5988403282427,0.06553360615880413,0.891944337640055,2905.0,2906.0,2896.5,2881.0,1.0168616655196145,1.0256855258590767,25.0,0.013722126929674117,0.013722126929674117,0.08629441624365482,-0.03273322422258593,0.018147212302641522,0.021606521646735027,2777503.8,1094196.5,0.16915031106332767,6.285011878579396,23.734952523841375,134.20673189355105,886768184.0,40.0,30.06541984145306,0.024604569420035194,-0.01215277777777779,-0.01873935264054516,0.008724639523977173,0.0829103214890017,3200.0
2024-10-22,3015.0,3330.0,2975.0,3200.0,11574016,0.08291032148900168,0.07965215894761934,2954.285714285714,2910.714285714286,2896.190476190476,0.03490368281642214,355.0,-185.0,67.00465689332486,25.044273608223193,-4.567792196540813,29.612065804764008,3063.107399711562,2741.892600288438,0.11066832021468515,1.4261715230253602,3023.3333333333335,2959.0,2923.0,2902.5,1.081446434606286,1.1024978466838933,56.5,0.08291032148900168,0.08291032148900168,0.1109375,0.06135986733001658,0.04041725071591112,0.03333866213350832,4964672.2,1658778.65,0.6829943356427579,6.977432462131099,24.335179232338632,151.4062510440117,898342200.0,75.70093457943925,49.8345838269492,0.013722126929674117,0.024604569420035194,-0.01215277777777779,0.04041233927957033,0.0890625,3485.0
2024-10-23,3120.0,3880.0,3090.0,3485.0,39301980,0.08906250000000004,0.08531723440680639,3030.714285714286,2954.6428571428573,2930.2380952380954,0.042749926880107515,790.0,-365.0,75.41736550123716,66.55412040974079,9.65659032471551,56.89753008502528,3238.260968318497,2629.739031681503,0.2074035230528268,1.4054726983962325,3213.3333333333335,3080.0,2982.0,2934.0,1.1314935064935066,1.1877982276755283,146.0,0.08906250000000004,0.08906250000000004,0.2266857962697274,0.11698717948717949,0.044427457185394016,0.04056888039513572,12772158.8,3601255.95,2.3957081103050144,10.913409251014219,25.64300878045169,197.02009025515372,937644180.0,63.59447004608295,59.765134875174034,0.08291032148900168,0.013722126929674117,0.024604569420035194,0.061898316139558616,0.015781922525107604,3540.0
2024-10-24,3655.0,3920.0,3500.0,3540.0,25631993,0.015781922525107683,0.015658682933195955,3117.1428571428573,3005.3571428571427,2962.8571428571427,0.041098703825267764,420.0,115.0,76.65442418091494,102.70509302734354,28.266290865241114,74.43880216210242,3372.8292644980975,2562.6707355019025,0.27298745817410325,1.2063432396484561,3408.3333333333335,3219.0,3053.0,2967.75,1.0997204100652376,1.1928228455900936,251.25,0.015781922525107683,0.015781922525107683,0.11864406779661017,-0.03146374829001368,0.037504791236159914,0.03789619242796862,17853421.8,4870099.8,-0.34781929561818514,5.2631350593677775,25.231233861892896,214.01865523692845,963276173.0,66.22222222222223,68.50587561591477,0.08906250000000004,0.08291032148900168,0.013722126929674117,0.0625849146713698,-0.00847457627118644,3510.0
2024-10-25,3475.0,3600.0,3405.0,3510.0,5295895,-0.008474576271186418,-0.00851068966790862,3207.1428571428573,3050.0,2993.5714285714284,0.039320210225704595,195.0,-35.0,74.4535730364607,127.46491381860051,48.106015455912996,79.35889836268751,3468.43769761403,2531.06230238597,0.31248450545147444,1.044339015721506,3511.6666666666665,3338.0,3121.5,2999.75,1.0515278609946075,1.170097508125677,338.25,-0.008474576271186418,0.008474576271186418,0.05555555555555555,0.010071942446043165,0.04434370714915691,0.03844377884444569,17736184.4,5125581.05,-0.7933873109281826,1.0332282229738616,23.645813866632157,212.66017986286212,957980278.0,63.55555555555556,64.45741594128687,0.015781922525107683,0.08906250000000004,0.08291032148900168,0.03212328208464044,-0.005698005698005698,3490.0
2024-10-28,3480.0,3520.0,3420.0,3490.0,2405797,-0.005698005698005715,-0.005714301263438664,3299.285714285714,3089.6428571428573,3023.095238095238,0.038265390791418365,100.0,-10.0,72.94983840171146,143.8156006058407,67.24793248589854,76.56766811994216,3543.560900387607,2513.939099612393,0.33994941833271614,0.9479800249496656,3513.3333333333335,3445.0,3175.5,3028.75,1.0130624092888243,1.1522905489063144,416.25,-0.005698005698005715,0.005698005698005715,0.02865329512893983,0.0028735632183908046,0.04778454695328082,0.038561334200627,16841936.2,5227168.05,-0.545724188262796,0.46024864266607995,22.851048814870456,204.61302415837199,955574481.0,61.77777777777778,63.851851851851826,-0.008474576271186418,0.015781922525107683,0.08906250000000004,0.0005364468519718502,0.004297994269340974,3505.0
2024-10-29,3475.0,3630.0,3455.0,3505.0,4929440,0.004297994269341077,0.00428878427221772,3383.5714285714284,3133.214285714286,3051.4285714285716,0.03942179860747812,175.0,-30.0,73.38402261029464,156.183624719994,85.03507093271763,71.14855378727636,3611.7497294693403,2505.2502705306597,0.36177847276072606,0.9035248245202656,3501.6666666666665,3506.0,3232.5,3058.5,0.9997147746719909,1.1459865947359817,447.5,0.004297994269341077,0.004297994269341077,0.04992867332382311,0.008633093525179856,0.04031160672232364,0.03805910342512929,15513021.0,5459589.45,1.0489841827884896,0.9028957296413561,23.572681748829886,202.49780814705971,960503921.0,63.111111111111114,62.81481481481479,-0.005698005698005715,-0.008474576271186418,0.015781922525107683,-0.0032915292332836854,-0.0014265335235378032,3500.0
2024-10-30,3505.0,3580.0,3385.0,3500.0,3961284,-0.0014265335235378318,-0.001427551991185446,3461.4285714285716,3181.0714285714284,3079.5238095238096,0.040622843147289645,195.0,5.0,72.96361176349113,163.69494133683747,100.7670450135416,62.92789632329587,3669.7128106224764,2508.2871893775236,0.3759875756701045,0.8538754376362404,3498.3333333333335,3509.0,3294.5,3089.0,0.9974351667141635,1.1330527678860474,420.0,-0.0014265335235378318,0.0014265335235378318,0.055714285714285716,-0.0014265335235378032,0.009615703654324261,0.03653870462105139,8444881.8,5648964.4,-0.19640283683339288,0.7012407442326951,23.352597020649323,201.96225042226973,956542637.0,62.33183856502242,62.40690915130374,0.004297994269341077,-0.005698005698005715,-0.008474576271186418,-0.0009421816507341566,-0.08857142857142856,3190.0
2024-10-31,3515.0,3605.0,3185.0,3190.0,4401474,-0.08857142857142852,-0.09274205169861474,3460.0,3207.1428571428573,3093.809523809524,0.05204073754058269,420.0,325.0,52.775989977105965,142.98506186186523,109.21064838320633,33.7744134786589,3677.887423496103,2532.112576503897,0.3690096125578764,0.5741856048098237,3398.3333333333335,3439.0,3329.0,3105.0,0.9275952311718523,1.0273752012882447,334.0,-0.08857142857142852,0.08857142857142852,0.13166144200626959,-0.09246088193456614,0.038648370545288684,0.04969442626462148,4198778.0,5825224.25,0.11112306009869521,0.7555887655312153,23.36522623863863,217.53637539210763,952141163.0,33.93665158371041,53.12653375328129,-0.0014265335235378318,0.004297994269341077,-0.005698005698005715,-0.02856665594187509,-0.004702194357366771,3175.0
2024-11-01,3170.0,3290.0,3150.0,3175.0,1996649,-0.00470219435736674,-0.004713284452098202,3415.714285714286,3223.214285714286,3108.3333333333335,0.03594944767891979,140.0,-5.0,52.025901151065796,123.93333222350338,112.15518515126575,11.77814707223763,3680.871187907289,2563.628812092711,0.3578324528191458,0.5472144640607103,3288.3333333333335,3372.0,3355.0,3122.25,0.9415776986951364,1.0168948674833853,249.75,-0.00470219435736674,0.00470219435736674,0.04409448818897638,0.0015772870662460567,0.03896451962739472,0.049773281542466276,3538928.8,5888471.1,-0.546368103049115,0.33907765973412013,22.57004374478878,211.99806286409995,950144514.0,32.57918552036199,42.94922522303158,-0.08857142857142852,-0.0014265335235378318,0.004297994269341077,-0.03156671881744436,-0.015748031496062992,3125.0
2024-11-04,3120.0,3180.0,3060.0,3125.0,1049998,-0.015748031496062964,-0.01587334915629012,3356.4285714285716,3236.785714285714,3122.3809523809523,0.03361450788991037,120.0,-5.0,49.50039516685087,103.60581376355094,110.44531087372279,-6.839497110171848,3681.6099316143313,2586.8900683856687,0.349276497799685,0.491550349718951,3163.3333333333335,3299.0,3372.0,3134.25,0.9472567444680207,0.9970487357422031,164.75,-0.015748031496062964,0.015748031496062964,0.0384,0.0016025641025641025,0.03834691681208547,0.05037681886430337,3267769.0,5926945.55,-0.4741198878721298,0.17715668064472095,21.911488379845252,205.4267726595214,949094516.0,28.054298642533936,31.523378582202085,-0.00470219435736674,-0.08857142857142852,-0.0014265335235378318,-0.03634055147495274,-0.0112,3090.0
2024-11-05,3130.0,3175.0,3085.0,3090.0,889808,-0.011199999999999988,-0.011263192278710714,3296.4285714285716,3251.785714285714,3132.1428571428573,0.03350346844684243,90.0,40.0,47.75291831495329,83.70697948565567,105.09764459610938,-21.39066511045371,3681.8186830096924,2602.1813169903076,0.34361469319522114,0.4518356796118278,3130.0,3216.0,3361.0,3142.0,0.960820895522388,0.9834500318268619,74.0,-0.011199999999999988,0.011199999999999988,0.02912621359223301,-0.012779552715654952,0.0363415318837389,0.0427853389788359,2459842.6,5950757.25,-0.15256219535656257,0.14952853269220484,21.7346873583536,197.1820031838413,948204708.0,24.8868778280543,28.506787330316712,-0.015748031496062964,-0.00470219435736674,-0.08857142857142852,-0.010550075284476565,0.05663430420711974,3265.0
2024-11-06,3095.0,3290.0,3045.0,3265.0,2981132,0.05663430420711979,0.05508867181874034,3264.285714285714,3281.785714285714,3147.8571428571427,0.04363268820426752,245.0,-170.0,56.09818029913286,81.12291297749698,100.3026982723869,-19.179785294889925,3689.937636106765,2631.062363893235,0.33503409973533604,0.5986896216601107,3160.0,3169.0,3339.0,3160.5,1.0302934679709688,1.0330643885461162,8.5,0.05663430420711979,0.05663430420711979,0.07503828483920368,0.05492730210016155,0.05157330530041933,0.03570309297314254,2263812.2,6083976.8,2.350309280204269,0.4899972662617649,22.998828693935934,200.59757438499548,951185840.0,40.723981900452486,31.221719457013545,-0.011199999999999988,-0.015748031496062964,-0.00470219435736674,0.009895424237018946,0.0,3265.0
2024-11-07,3320.0,3415.0,3135.0,3265.0,3753001,0.0,0.0,3230.0,3306.785714285714,3165.4761904761904,0.04343613447934181,280.0,55.0,56.09818029913286,78.17388180469425,95.87693497884837,-17.70305317415412,3689.8083969513186,2674.6916030486814,0.3189934146916921,0.581517713525225,3206.6666666666665,3184.0,3311.5,3182.25,1.0254396984924623,1.0260036137952706,1.75,0.0,0.0,0.08575803981623277,-0.016566265060240965,0.029487941207226424,0.03497913449321303,2134117.6,6256010.2,0.2589180888333693,0.5999032738149948,23.22908138636277,206.26917621463866,951185840.0,33.16326530612245,32.924708344876386,0.05663430420711979,-0.011199999999999988,-0.015748031496062964,0.015144768069039935,0.009188361408882083,3295.0
2024-11-08,3375.0,3400.0,3285.0,3295.0,1506824,0.009188361408882129,0.009146405226076203,3200.714285714286,3331.0714285714284,3187.6190476190477,0.0439699213989981,115.0,80.0,57.449430849691176,77.36567924133396,92.17468383134549,-14.809004590011526,3686.4761502965594,2725.0238497034406,0.2999149342878012,0.592828318102668,3275.0,3208.0,3290.0,3205.75,1.0271197007481296,1.0278405989238089,2.25,0.009188361408882129,0.009188361408882129,0.03490136570561457,-0.023703703703703703,0.028995962903540513,0.03536762225461727,2036152.6,6318127.85,-0.5985015724749341,0.23849216663129097,22.325676129605196,201.1785207707359,952692664.0,33.86243386243386,35.91656035633624,0.0,0.05663430420711979,-0.011199999999999988,0.021940888538667307,0.03338391502276176,3405.0
2024-11-11,3320.0,3460.0,3320.0,3405.0,2473400,0.03338391502276172,0.03283877164700511,3231.4285714285716,3345.714285714286,3215.2380952380954,0.025787924037943385,140.0,-85.0,62.060494734238,84.62574071743256,90.66489520856291,-6.039154491130347,3701.2645458253787,2755.7354541746213,0.2928694724022789,0.6866679741094549,3321.6666666666665,3264.0,3281.5,3228.5,1.0431985294117647,1.0546693510918383,35.5,0.03338391502276172,0.03338391502276172,0.041116005873715125,0.025602409638554216,0.027307345776852582,0.03746760667686212,2320833.0,6302010.5,0.6414657584429238,0.39247792430685413,22.854104498992445,198.59434071568333,955166064.0,41.142857142857146,36.05618543713779,0.009188361408882129,0.0,0.05663430420711979,0.014190758810547951,0.0,3405.0
2024-11-12,3385.0,3525.0,3360.0,3405.0,2811520,0.0,0.0,3264.285714285714,3340.0,3236.904761904762,0.025419413256151425,165.0,-20.0,62.060494734238,89.34942716488922,90.40180159982819,-1.0523744349389688,3709.8255241096967,2794.1744758903033,0.2815655129825933,0.6670942225179877,3368.3333333333335,3327.0,3271.5,3252.0,1.0234445446348062,1.0470479704797049,75.0,0.0,0.0,0.048458149779735685,0.005908419497784343,0.02468788697035802,0.03741431349933799,2705175.4,6410677.8,0.13670251475701467,0.43856828992403896,22.982236039017568,196.19474495027737,955166064.0,41.142857142857146,38.71604938271602,0.03338391502276172,0.009188361408882129,0.0,0.014190758810547951,-0.05286343612334802,3225.0
2024-11-13,3370.0,3440.0,3225.0,3225.0,1230258,-0.052863436123347984,-0.05431198935373984,3278.5714285714284,3317.5,3250.714285714286,0.034476361705465225,215.0,145.0,51.47439051127394,77.67311965603176,87.85606521106891,-10.18294555503715,3692.772509188681,2845.727490811319,0.25909459918249195,0.44775956526517646,3345.0,3319.0,3244.0,3269.25,0.9716782163302199,0.9864647855012617,49.75,-0.052863436123347984,0.052863436123347984,0.06666666666666667,-0.04302670623145401,0.03151298562828695,0.040682435090089675,2355000.6,6458963.35,-0.5624224618711586,0.19047298046674938,22.101422690932342,197.537977453829,953935806.0,30.76923076923077,37.68498168498166,0.0,0.03338391502276172,0.009188361408882129,-0.00649317370019542,0.06666666666666667,3440.0
2024-11-14,3250.0,3485.0,3245.0,3440.0,2571778,0.06666666666666665,0.06453852113757115,3328.5714285714284,3312.5,3277.3809523809523,0.04013944222785373,240.0,-190.0,60.205915282110396,84.79084887665886,87.24302194418689,-2.4521730675280367,3678.3290475507933,2919.6709524492067,0.2299660791456765,0.6858544724038299,3356.6666666666665,3354.0,3269.0,3299.0,1.0256410256410255,1.0427402243103971,55.0,0.06666666666666665,0.06666666666666665,0.06976744186046512,0.05846153846153846,0.044165199913229584,0.03555739713501403,2118756.0,6576268.35,1.0904379406596014,0.39106950372546767,22.903334796942435,201.9995504928412,956507584.0,67.52136752136752,46.47781847781845,-0.052863436123347984,0.0,0.03338391502276172,0.004601076847772889,0.0436046511627907,3590.0
2024-11-15,3495.0,3620.0,3385.0,3590.0,8001171,0.043604651162790775,0.0426807311148806,3375.0,3319.6428571428573,3312.8571428571427,0.03832390786312868,235.0,-95.0,64.94511605504292,101.36695184009386,90.06780792336829,11.29914391672557,3687.5438615739126,2977.9561384260874,0.21291357682029113,0.8625344571335097,3418.3333333333335,3413.0,3310.5,3332.75,1.0518605332552007,1.077188507988898,80.25,0.043604651162790775,0.043604651162790775,0.06545961002785515,0.027181688125894134,0.04638482682363935,0.03687638701570162,3417625.4,6682222.8,2.111143730135338,1.1973816556969636,24.081005945449473,204.35672545763825,964508755.0,93.16239316239316,63.81766381766379,0.06666666666666665,-0.052863436123347984,0.0,0.019135960568703148,-0.008356545961002786,3560.0
2024-11-18,3675.0,3720.0,3520.0,3560.0,5582190,-0.00835654596100277,-0.008391657636248401,3417.1428571428573,3323.5714285714284,3343.5714285714284,0.03894484794608563,200.0,115.0,63.320883421950334,110.80558576483554,94.21536349166175,16.590222273173794,3683.7130214151985,3042.2869785848015,0.19073031306285962,0.8071281595157961,3530.0,3444.0,3354.0,3363.0,1.0336817653890824,1.0585786500148677,81.0,-0.00835654596100277,0.00835654596100277,0.056179775280898875,-0.031292517006802724,0.04671450010158228,0.03630655545787496,4039383.4,6617480.4,-0.3023283716845947,0.8435521773513677,23.712607554374742,204.04553078209267,958926565.0,76.29629629629629,78.99335232668562,0.043604651162790775,0.06666666666666665,-0.052863436123347984,0.03397159062281822,-0.01544943820224719,3505.0
2024-11-19,3530.0,3575.0,3435.0,3505.0,1481829,-0.015449438202247201,-0.015570024377385687,3447.1428571428573,3323.9285714285716,3369.7619047619046,0.04037853957091519,140.0,25.0,60.341385214326785,112.55032076838143,97.88235494700568,14.667965821375745,3695.313417199648,3061.186582800352,0.1877086759118763,0.699881148571909,3551.6666666666665,3464.0,3395.5,3378.25,1.0118360277136258,1.0375194257381781,85.75,-0.015449438202247201,0.015449438202247201,0.039942938659058486,-0.007082152974504249,0.048018362174556864,0.03665365969353271,3773445.2,6112871.05,-0.7345434318788863,0.24241129706146836,22.370733493226695,199.4708500119432,957444736.0,68.14814814814815,79.20227920227917,-0.00835654596100277,0.043604651162790775,0.06666666666666665,0.006599555666513601,0.02710413694721826,3600.0
2024-11-20,3590.0,3695.0,3445.0,3600.0,7778714,0.02710413694721825,0.026743324975510893,3475.0,3353.214285714286,3388.809523809524,0.03983648326807772,250.0,-10.0,63.5332117273886,120.21300123248875,102.3484842041023,17.864517028386445,3713.155218543986,3054.844781456014,0.19453618117256852,0.8281126772886563,3555.0,3539.0,3429.0,3384.0,1.017236507487991,1.0638297872340425,155.0,0.02710413694721825,0.02710413694721825,0.06944444444444445,0.002785515320334262,0.03467476156085045,0.03385553456149329,5083136.4,4536707.75,4.249400571860856,1.7146165079732103,24.055590711341836,203.08007501109014,965223450.0,82.22222222222223,75.55555555555553,-0.015449438202247201,-0.00835654596100277,0.043604651162790775,0.0010993842613227593,-0.0125,3555.0
2024-11-21,3545.0,3650.0,3475.0,3555.0,2936843,-0.012499999999999956,-0.012578782206860073,3496.4285714285716,3380.3571428571427,3392.1428571428573,0.04053277879052018,175.0,-10.0,61.02766735034402,121.25683349089195,106.13015406146023,15.126679429431718,3715.4665267304217,3054.0334732695783,0.19541562994633088,0.7573956640195012,3553.3333333333335,3562.0,3458.0,3384.75,0.998034811903425,1.050299135829825,177.25,-0.012499999999999956,0.012499999999999956,0.04922644163150492,0.0028208744710860366,0.026758439135933426,0.03450377718663487,5156149.4,3401950.25,-0.6224513460708287,0.8632821717483964,23.068956095177672,201.07435536744086,962286607.0,75.55555555555556,75.30864197530862,0.02710413694721825,-0.015449438202247201,-0.00835654596100277,-0.0002817670850096358,-0.06751054852320675,3315.0
2024-11-22,3535.0,3625.0,3260.0,3315.0,2867952,-0.0675105485232067,-0.06989743961737832,3509.285714285714,3393.9285714285716,3381.4285714285716,0.04462914722117495,365.0,220.0,49.757227334067856,101.54750738575558,105.21362472631931,-3.66611734056373,3701.641603048521,3048.358396951479,0.19356539439912362,0.4081562185587742,3490.0,3507.0,3460.0,3375.0,0.9452523524379812,0.9822222222222222,132.0,-0.0675105485232067,0.0675105485232067,0.11010558069381599,-0.06223479490806223,0.033838281098153185,0.04215328003315981,4129505.6,3280553.1,-0.02345750181402273,0.8742281903621678,22.975321646885064,212.78332998405222,959418655.0,40.0,65.92592592592591,-0.012499999999999956,0.02710413694721825,-0.015449438202247201,-0.01763547052532947,0.0015082956259426848,3320.0
2024-11-25,3285.0,3410.0,3250.0,3320.0,1321662,0.0015082956259426794,0.0015071592905713386,3492.1428571428573,3410.3571428571427,3372.3809523809523,0.03586024170652714,160.0,-35.0,49.96454456753722,85.34735152121038,101.24037008529753,-15.893018564087143,3689.367090138867,3043.632909861133,0.19181172739573257,0.4279889443361971,3396.6666666666665,3459.0,3451.5,3366.5,0.9598149754264238,0.9861874350215357,92.5,0.0015082956259426794,0.0015082956259426794,0.04819277108433735,0.0106544901065449,0.03462585521972478,0.04064484762440134,3277400.0,3226346.35,-0.5391617432927748,0.4096466580533116,22.20212065561984,209.01309212804847,960740317.0,40.74074074074074,52.09876543209874,-0.0675105485232067,-0.012499999999999956,0.02710413694721825,-0.026167417632421325,-0.03463855421686747,3205.0
2024-11-26,3430.0,3430.0,3125.0,3205.0,1898649,-0.034638554216867457,-0.0352526925557638,3437.1428571428573,3406.0714285714284,3358.809523809524,0.030217469653016284,305.0,225.0,45.33142316844896,62.508513148461134,93.49399869793027,-30.985485549469132,3675.1486073701444,3027.8513926298556,0.19313657011496013,0.27367429263730214,3280.0,3399.0,3431.5,3351.5,0.9429243895263313,0.9562882291511263,47.5,-0.034638554216867457,0.034638554216867457,0.09516380655226209,-0.06559766763848396,0.03595205513182064,0.04193194510802011,3360764.0,3074806.8,0.4365616927777298,0.6174856254383203,22.529120508106374,215.86929983318785,958841668.0,13.445378151260504,31.395372964000387,0.0015082956259426794,-0.0675105485232067,-0.012499999999999956,-0.03354693570471049,0.0093603744149766,3235.0
2024-11-27,3230.0,3420.0,3195.0,3235.0,2436955,0.009360374414976613,0.009316837580230539,3390.714285714286,3403.9285714285716,3345.9523809523807,0.0316862638141853,225.0,-5.0,46.7194209768929,46.29565102566994,84.0543291634782,-37.75867813780826,3657.9747994266686,3018.5252005733314,0.19155233995456816,0.33853301310197365,3253.3333333333335,3326.0,3432.5,3338.25,0.9726398075766687,0.9690706208342694,-12.25,0.009360374414976613,0.009360374414976613,0.0695517774343122,0.0015479876160990713,0.031022449624337187,0.03856167344078585,2292412.2,2998590.35,0.28352054539833316,0.8127002076158886,22.788044074172483,216.5214927022459,961278623.0,18.48739495798319,24.22450461666145,-0.034638554216867457,0.0015082956259426794,-0.0675105485232067,-0.007923294725316055,-0.02009273570324575,3170.0
2024-11-28,3225.0,3240.0,3155.0,3170.0,776064,-0.020092735703245768,-0.02029734006367466,3342.8571428571427,3395.0,3330.2380952380954,0.031783587794097304,85.0,55.0,44.10647660726063,27.880495219772,72.81956237473696,-44.93906715496496,3659.0455382242817,3015.4544617757183,0.1928507233346508,0.24013002025616675,3203.3333333333335,3249.0,3405.5,3337.25,0.9756848261003386,0.9498838864334407,-88.25,-0.020092735703245768,0.020092735703245768,0.026813880126182965,-0.017054263565891473,0.03070145218497614,0.031197286805934473,1860256.4,2817319.85,-0.6815435656382658,0.27546180104470563,21.62347713726916,207.1271003663712,960502559.0,7.563025210084033,13.16526610644255,0.009360374414976613,-0.034638554216867457,0.0015082956259426794,-0.015123638501712203,0.00473186119873817,3185.0
2024-11-29,3175.0,3240.0,3140.0,3185.0,1096749,0.004731861198738141,0.004720701134937394,3283.5714285714284,3379.285714285714,3330.0,0.027889268126737848,100.0,-10.0,44.872711507757764,14.331521352247364,61.12195417023905,-46.790432817991686,3658.5134806618707,3016.9865193381293,0.1922034188671235,0.2618962113691806,3196.6666666666665,3223.0,3365.0,3337.75,0.9882097424759541,0.9542356377799416,-114.75,0.004731861198738141,0.004731861198738141,0.03139717425431711,0.0031496062992125984,0.018772228734101212,0.02610010919877959,1506015.8,2772324.85,0.41321978599703124,0.39560623640479936,21.974068475535766,199.4751646259161,961599308.0,10.084033613445378,12.04481792717084,-0.020092735703245768,0.009360374414976613,-0.034638554216867457,-0.002000166696510338,0.01098901098901099,3220.0
2024-12-02,3190.0,3285.0,3160.0,3220.0,834907,0.01098901098901095,0.01092907053219023,3235.714285714286,3366.0714285714284,3332.1428571428573,0.02992154145543352,125.0,-30.0,46.70848860776406,6.3449290474654845,50.166549145684336,-43.82162009821885,3652.63579368773,3032.36420631227,0.18557115553491685,0.30250586598955576,3191.6666666666665,3203.0,3331.0,3342.5,1.0053075241960663,0.9633507853403142,-139.5,0.01098901098901095,0.01098901098901095,0.03881987577639751,0.009404388714733543,0.020362268627537844,0.027065050884983437,1408664.8,2761570.3,-0.2387437782026699,0.30233052549848183,21.712212259295,194.15551000977925,962434215.0,15.966386554621849,11.20448179271706,0.004731861198738141,-0.020092735703245768,0.009360374414976613,-0.0014572878384988923,0.004658385093167702,3235.0
2024-12-03,3255.0,3275.0,3220.0,3235.0,501192,0.004658385093167627,0.0046475683965468756,3224.285714285714,3366.785714285714,3337.3809523809523,0.017425494902080986,55.0,20.0,47.51515714012987,1.2119016970250414,40.375619655952484,-39.16371795892744,3641.25200865969,3058.24799134031,0.17404403830715134,0.30317459813122033,3213.3333333333335,3209.0,3304.0,3349.75,1.0081022125272672,0.9657437122173297,-140.75,0.004658385093167627,0.004658385093167627,0.017001545595054096,-0.006144393241167435,0.012625089518171982,0.027331924958582762,1129173.4,2742139.5,-0.39970320047622065,0.1827740711222022,21.206528747736492,184.21583072336645,962935407.0,18.48739495798319,14.84593837535011,0.01098901098901095,0.004731861198738141,-0.020092735703245768,0.006793085760305573,-0.061823802163833076,3035.0
2024-12-04,3135.0,3195.0,2970.0,3035.0,1295818,-0.0618238021638331,-0.06381750344140233,3183.5714285714284,3337.8571428571427,3334.7619047619046,0.028362920961125485,225.0,100.0,39.0316182379898,-18.77792772793009,28.544910179175968,-47.32283790710606,3660.369216244059,3016.130783755941,0.1929868741071273,0.029289181291441944,3163.3333333333335,3169.0,3247.5,3338.25,0.9577153676238561,0.9091589904890287,-169.25,-0.0618238021638331,0.0618238021638331,0.07413509060955518,-0.03189792663476874,0.03013877314292271,0.029176475491708712,900946.0,2657873.8,1.5854722341936824,0.4875393256068065,22.092619417681952,189.98612852884028,961639589.0,8.666666666666666,14.373482726423873,0.004658385093167627,0.01098901098901095,0.004731861198738141,-0.015392135360551507,-0.042833607907743,2905.0
2024-12-05,3035.0,3070.0,2890.0,2905.0,924013,-0.04283360790774304,-0.04377803420758708,3140.714285714286,3288.9285714285716,3317.6190476190477,0.029640879138059528,180.0,130.0,34.695367224572166,-44.59585189018344,13.916757765304089,-58.51260965548753,3695.4618699727175,2945.0381300272825,0.22601422782785485,-0.05335402905856062,3058.3333333333335,3116.0,3182.5,3320.25,0.9322849807445442,0.8749341164068971,-204.25,-0.04283360790774304,0.04283360790774304,0.06196213425129088,-0.042833607907743,0.03317072691931427,0.030267179051441946,930535.8,2516424.4,-0.2869268678163137,0.3671928312251304,21.710670089447472,189.27283363392314,960715576.0,1.8072289156626506,9.653763513437474,-0.0618238021638331,0.004658385093167627,0.01098901098901095,-0.03333300832613617,-0.03270223752151463,2810.0
2024-12-06,2860.0,2930.0,2745.0,2810.0,902056,-0.03270223752151458,-0.0332489069582201,3080.0,3235.3571428571427,3295.9523809523807,0.028390466980538435,185.0,50.0,31.905825989080924,-71.89370299291568,-3.245334386339863,-68.64836860657581,3735.30087998762,2856.69912001238,0.266566067953653,-0.05315163494971353,2916.6666666666665,3041.0,3132.0,3296.0,0.9240381453469253,0.8525485436893204,-255.0,-0.03270223752151458,0.03270223752151458,0.06583629893238434,-0.017482517482517484,0.031249085186299284,0.02581467688117377,891597.2,2486186.0,-0.02376265268995137,0.36282723818732787,21.653371644097124,188.96763123150006,959813520.0,6.842105263157895,5.772000281829041,-0.04283360790774304,-0.0618238021638331,0.004658385093167627,-0.0457865491976969,-0.07295373665480427,2605.0
2024-12-09,2715.0,2765.0,2600.0,2605.0,942357,-0.07295373665480431,-0.0757518081403242,2999.285714285714,3171.0714285714284,3263.095238095238,0.035335520123791264,165.0,110.0,26.882943133656894,-108.81488316750165,-24.35924414257222,-84.45563902492943,3789.1692730120644,2722.8307269879356,0.32749955344721404,-0.11050029789063757,2773.3333333333335,2918.0,3060.5,3256.0,0.8927347498286498,0.8000614250614251,-338.0,-0.07295373665480431,0.07295373665480431,0.06333973128598848,-0.040515653775322284,0.030047834062579368,0.030491805292532904,913087.2,2409633.85,0.044676827159289445,0.3910789184838186,21.621327417249926,190.46994328639292,958871163.0,0.45662100456621,3.0353183944622235,-0.03270223752151458,-0.04283360790774304,-0.0618238021638331,-0.04949652736135398,0.0710172744721689,2790.0
2024-12-10,2605.0,2800.0,2605.0,2790.0,669749,0.07101727447216888,0.06860892062794399,2942.8571428571427,3113.214285714286,3233.809523809524,0.05029345349447962,195.0,-185.0,36.58526717196809,-121.74384332516911,-43.8361639790916,-77.90767934607751,3792.1109316132806,2658.3890683867194,0.3515144138366208,0.11608749542742099,2735.0,2829.0,3019.0,3225.25,0.9862142099681867,0.8650492209906209,-396.25,0.07101727447216888,0.07101727447216888,0.06989247311827956,0.0710172744721689,0.05747033266156612,0.04225232404262053,946798.6,2302545.3,-0.28928314853075854,0.29087332179740394,21.348455169661875,190.79351876593628,959540912.0,18.095238095238095,8.46465478765404,-0.07295373665480431,-0.03270223752151458,-0.04283360790774304,-0.011546233234716671,0.03763440860215054,2895.0
2024-12-11,2790.0,2900.0,2775.0,2895.0,375893,0.037634408602150504,0.036943515191684276,2896.4285714285716,3066.0714285714284,3209.5238095238096,0.053711354346024795,125.0,-105.0,41.34278846733497,-122.10990791222866,-59.49091276571902,-62.61899514650965,3794.5366955057802,2622.9633044942198,0.3651183143004474,0.23219774159508538,2763.3333333333335,2801.0,2985.0,3208.75,1.0335594430560515,0.9022204908453447,-407.75,0.037634408602150504,0.037634408602150504,0.04317789291882556,0.03763440860215054,0.059934948781977936,0.04478251301111406,762813.6,2259827.05,-0.4387554143417908,0.1663370654847237,20.807800198330984,186.09398171122655,959916805.0,28.78048780487805,15.777448968227423,0.07101727447216888,-0.07295373665480431,-0.03270223752151458,0.01189931547317169,-0.0017271157167530224,2890.0
2024-12-12,2900.0,2910.0,2830.0,2890.0,290030,-0.0017271157167529916,-0.0017286089006177425,2847.1428571428573,3035.714285714286,3193.5714285714284,0.05337166665182982,80.0,10.0,41.184339988934596,-121.4040051481038,-71.87353124219598,-49.530473905907826,3772.936928242153,2589.563071757847,0.37198392345282705,0.2538816677383116,2858.3333333333335,2798.0,2957.0,3181.25,1.032880629020729,0.9084479371316306,-383.25,-0.0017271157167529916,0.0017271157167529916,0.02768166089965398,-0.0034482758620689655,0.05668806549457356,0.044705406272780565,636017.0,2145739.65,-0.22842404620463808,0.13516551274056013,20.546751427187644,178.51584016042466,959626775.0,34.93975903614458,27.271828312086882,0.037634408602150504,0.07101727447216888,-0.07295373665480431,0.03564152245252213,0.005190311418685121,2905.0
2024-12-13,2860.0,2905.0,2840.0,2905.0,306167,0.00519031141868509,0.0051768881795337274,2828.5714285714284,3006.0714285714284,3168.095238095238,0.04930914393575372,65.0,-45.0,41.903694155784756,-118.27084480415351,-81.15299395458749,-37.117850849566025,3718.0046547879247,2575.9953452120753,0.362888245813743,0.2880927957672424,2896.6666666666665,2817.0,2929.0,3147.0,1.0312389066382677,0.92310136638068,-330.0,0.00519031141868509,0.00519031141868509,0.022375215146299483,0.015734265734265736,0.05363127102507054,0.04472048884753165,516839.2,1760989.45,0.05563907182015648,0.1738607803698086,20.60607465411059,170.40756586325148,959932942.0,36.74698795180723,33.48907826427659,-0.0017271157167529916,0.037634408602150504,0.07101727447216888,0.0136992014346942,0.0017211703958691911,2910.0
2024-12-16,2930.0,2945.0,2880.0,2910.0,317316,0.001721170395869276,0.001719690879526679,2829.285714285714,2985.0,3135.714285714286,0.04645455965223068,65.0,20.0,42.15765054423124,-114.06941325485741,-87.73627781464147,-26.33313544021594,3659.9491148055045,2569.0508851944955,0.35026432159608567,0.3125398002773179,2901.6666666666665,2878.0,2898.0,3114.5,1.011118832522585,0.934339380317868,-236.5,0.001721170395869276,0.001721170395869276,0.022336769759450172,-0.006825938566552901,0.031228822643989844,0.0443720379649005,391831.0,1497745.75,0.03641476710422742,0.21186239386758401,20.64356176301333,162.87845401587637,960250258.0,37.80487804878049,36.4972083455774,0.00519031141868509,-0.0017271157167529916,0.037634408602150504,0.001728122032600458,0.013745704467353952,2950.0
2024-12-17,2930.0,2965.0,2830.0,2950.0,679470,0.013745704467353903,0.013652089168327263,2849.285714285714,2964.6428571428573,3106.6666666666665,0.04414324920864519,135.0,-20.0,44.25695758927157,-106.28687385578087,-91.44639702286936,-14.840476832911506,3604.307777095062,2569.192222904938,0.33534155801089316,0.3678891458577363,2921.6666666666665,2910.0,2869.5,3086.75,1.013745704467354,0.9556977403417835,-176.75,0.013745704467353903,0.013745704467353903,0.04576271186440678,0.006825938566552901,0.01579770339556786,0.044778173385072784,393775.2,1457627.8,1.1413039367696554,0.46614780535881656,21.418628811321074,160.8871358718852,960929728.0,51.09489051094891,41.882252170512174,0.001721170395869276,0.00519031141868509,-0.0017271157167529916,0.0068857287606360895,0.02711864406779661,3030.0
2024-12-18,3005.0,3210.0,2945.0,3030.0,2404265,0.027118644067796627,0.026757449169549332,2910.0,2954.6428571428573,3084.0476190476193,0.024980656617616007,265.0,-25.0,48.29850621574083,-92.59642989518443,-91.67640359733238,-0.920026297852047,3516.143058073151,2600.356941926849,0.29944776134923645,0.469152185753942,2963.3333333333335,2937.0,2869.0,3058.25,1.031664964249234,0.9907626910815008,-121.25,0.027118644067796627,0.027118644067796627,0.08745874587458746,0.008319467554076539,0.011545054269728157,0.0416861241164359,799449.6,1188905.35,2.538441726639881,2.0222509722914443,22.709072700147807,168.3237690238934,963333993.0,62.77372262773723,50.55783039582218,0.013745704467353903,0.001721170395869276,0.00519031141868509,0.014195172977006601,-0.0165016501650165,2980.0
2024-12-19,3030.0,3035.0,2925.0,2980.0,393516,-0.01650165016501648,-0.01663931900396467,2937.1428571428573,2940.0,3054.5238095238096,0.018058790432481465,110.0,50.0,46.05119733966326,-84.80367260531375,-90.30185739892866,5.498184793614911,3423.8669143803754,2635.1330856196246,0.2603511565475329,0.4372411855622146,2986.6666666666665,2955.0,2876.5,3029.5,1.0084602368866329,0.9836606700775705,-74.5,-0.01650165016501648,0.01650165016501648,0.03691275167785235,-0.0165016501650165,0.0160542564173644,0.039405494822237236,820146.8,1061739.0,-0.8363258625817038,0.3706334607657814,20.882555587102146,164.15778552218674,962940477.0,55.47445255474452,56.447688564476856,0.027118644067796627,0.013745704467353903,0.001721170395869276,0.00812089945671135,-0.026845637583892617,2900.0
2024-12-20,2970.0,3005.0,2870.0,2900.0,381005,-0.02684563758389258,-0.0272125635248847,2937.8571428571427,2917.1428571428573,3023.3333333333335,0.01803723636468985,135.0,70.0,42.6331275371781,-84.11357874452824,-89.06420166804858,4.950622923520342,3383.0264950365518,2634.4735049634482,0.2487920199661333,0.3547197039592621,2970.0,2954.0,2885.5,3008.75,0.9817197020988491,0.963855421686747,-54.75,-0.02684563758389258,0.02684563758389258,0.04655172413793104,-0.02356902356902357,0.021910068073942683,0.03885134223459197,835114.4,937391.65,-0.03179286229784817,0.406452308381454,20.82303379426192,162.07508655631625,962559472.0,44.44444444444444,54.23087320897537,-0.01650165016501648,0.027118644067796627,0.013745704467353903,-0.0054095478937041435,0.03620689655172414,3005.0
2024-12-23,2915.0,3015.0,2915.0,3005.0,317994,0.036206896551724155,0.035566830994742574,2954.285714285714,2900.714285714286,3008.5714285714284,0.022349375974152076,100.0,-90.0,48.08013024116662,-74.2382792382773,-86.09901718209433,11.860737943817028,3337.450745084805,2648.549254915195,0.23017089547932176,0.5174190362065345,2961.6666666666665,2973.0,2925.5,2993.0,1.0107635385132863,1.0040093551620448,-20.0,0.036206896551724155,0.036206896551724155,0.033277870216306155,0.030874785591766724,0.027389944601233864,0.028951277925657843,835250.0,887208.25,-0.1653810317449902,0.35842092315981056,20.677820641675584,158.71258037372223,962877466.0,66.39344262295081,55.43744654071323,-0.02684563758389258,-0.01650165016501648,0.027118644067796627,-0.0023801303990616343,0.008319467554076539,3030.0
2024-12-24,3005.0,3070.0,3000.0,3030.0,346681,0.008319467554076532,0.008285051534106865,2972.1428571428573,2900.3571428571427,2994.7619047619046,0.022371026356780874,70.0,-25.0,49.31414009908369,-63.660898950037335,-81.61139353568294,17.9504945856456,3314.6289690005988,2653.8710309994012,0.22141507514490996,0.5692386687602943,2978.3333333333335,2989.0,2949.5,2984.25,1.013716962194714,1.0153304850464941,4.75,0.008319467554076532,0.008319467554076532,0.0231023102310231,0.008319467554076539,0.027149651349391037,0.021151792592414377,768692.2,809609.85,0.09021239394453984,0.42820748784121143,20.77247822720396,152.37596748988494,963224147.0,70.49180327868852,60.443230115361224,0.036206896551724155,-0.02684563758389258,-0.01650165016501648,0.005893575507302702,-0.019801980198019802,2970.0
2024-12-26,3040.0,3040.0,2950.0,2970.0,355703,-0.01980198019801982,-0.020000666706669543,2980.714285714286,2905.0,2983.5714285714284,0.02447412320909549,90.0,70.0,46.46009362660838,-59.43462209799691,-77.17603924814573,17.74141715014882,3279.572263992192,2662.427736007808,0.20772283001830488,0.4983796340165795,3001.6666666666665,2977.0,2957.0,2971.0,0.9976486395700369,0.9996634129922585,6.0,-0.01980198019801982,0.01980198019801982,0.030303030303030304,-0.023026315789473683,0.025961035823000574,0.020130950355614786,358979.8,705547.25,0.0260239240108342,0.5041519189536916,20.77816862471796,147.92054124060743,962868444.0,60.65573770491803,65.84699453551909,0.008319467554076532,0.036206896551724155,-0.02684563758389258,0.008241461302593622,-0.015151515151515152,2925.0
2024-12-27,2970.0,2980.0,2905.0,2925.0,309741,-0.015151515151515138,-0.01526747213078842,2977.1428571428573,2913.214285714286,2968.809523809524,0.024798414435073683,75.0,45.0,44.38530101800757,-59.03586248915644,-73.54800389634786,14.512141407191422,3253.187465436441,2664.312534563559,0.19902828250878987,0.4426873208034637,2975.0,2966.0,2960.5,2958.75,0.9861766689143627,0.9885931558935361,7.25,-0.015151515151515138,0.015151515151515138,0.02564102564102564,-0.015151515151515152,0.025801445105512667,0.02089522938756199,342224.8,682231.1,-0.12921454134488608,0.45401184437355613,20.62454150414891,142.71193115199262,962558703.0,53.278688524590166,61.475409836065545,-0.01980198019801982,0.008319467554076532,0.036206896551724155,-0.008878009265152809,0.013675213675213675,2965.0
2024-12-30,2895.0,2975.0,2895.0,2965.0,208604,0.013675213675213627,0.013582551765868912,2967.8571428571427,2938.9285714285716,2959.0476190476193,0.022735653034280864,80.0,-70.0,46.66530994814997,-54.859787439618685,-69.81036060500203,14.950573165383346,3222.368874653206,2673.131125346794,0.18632439973078188,0.53140716387718,2953.3333333333335,2979.0,2966.5,2947.75,0.9953004363880497,1.0058519209566619,31.25,0.013675213675213627,0.013675213675213627,0.026981450252951095,0.024179620034542316,0.02280765513569145,0.021235735496969926,307744.6,637823.85,-0.3265211902847863,0.3270558164295675,20.24282530986899,138.23250749827886,962767307.0,59.50413223140496,57.81285282030436,-0.015151515151515138,-0.01980198019801982,0.008319467554076532,-0.00709276055810711,0.03541315345699832,3070.0
2025-01-02,2965.0,3080.0,2965.0,3070.0,487115,0.03541315345699836,0.03480052914941705,2980.714285714286,2958.9285714285716,2953.5714285714284,0.025743531075028702,115.0,-105.0,52.20451933022701,-42.58668262941501,-64.36562500988462,21.778942380469616,3190.6911896507604,2689.8088103492396,0.1703536703686832,0.7590428518985556,2986.6666666666665,2992.0,2982.5,2940.25,1.0260695187165776,1.0441289006036902,51.75,0.03541315345699836,0.03541315345699836,0.03745928338762215,0.03541315345699832,0.022534217355803302,0.023675351686648267,341568.8,620434.25,1.335118214415831,0.7851194546400364,21.125688355068483,136.57304267697324,963254422.0,67.816091954023,60.19963757000601,0.013675213675213627,-0.015151515151515138,-0.01980198019801982,0.011312283993565616,0.0016286644951140066,3075.0
2025-01-03,3060.0,3090.0,3035.0,3075.0,369229,0.0016286644951140072,0.0016273396593754076,3005.714285714286,2971.785714285714,2946.6666666666665,0.021887997790017797,55.0,-15.0,52.45773075798304,-32.086823503137566,-57.90986470853522,25.82304120539765,3151.302384986845,2713.197615013155,0.14940907834382813,0.8258353019269175,3036.6666666666665,3001.0,2995.0,2932.25,1.024658447184272,1.0486827521527837,68.75,0.0016286644951140072,0.0016286644951140072,0.01788617886178862,0.004901960784313725,0.022448521503778535,0.023522729720703055,346078.4,613836.1,-0.24200856060683817,0.6015107290040452,20.85023250785982,130.74639677147516,963623651.0,64.47368421052632,63.931302798651394,0.03541315345699836,0.013675213675213627,-0.015151515151515138,0.016905677209108665,0.011382113821138212,3110.0
2025-01-06,3145.0,3145.0,3090.0,3110.0,483117,0.011382113821138296,0.011317824932661657,3020.714285714286,2987.5,2940.714285714286,0.018527257164789673,55.0,35.0,54.28352538480168,-20.702753549465342,-50.46844247672124,29.7656889272559,3164.8092747476167,2707.1907252523833,0.15586462857467073,0.8802293420839848,3085.0,3029.0,3003.0,2936.0,1.0267414988445032,1.0592643051771118,93.0,0.011382113821138296,0.011382113821138296,0.017684887459807074,-0.011128775834658187,0.018453051124363202,0.02233062521372137,371561.2,573201.05,0.3084481446473597,0.8428403960530079,21.130392145163984,126.40736843065551,964106768.0,73.6842105263158,68.65799556362167,0.0016286644951140072,0.03541315345699836,0.013675213675213627,0.016141310591083553,0.003215434083601286,3120.0
2025-01-07,3120.0,3170.0,3100.0,3120.0,435196,0.003215434083601254,0.0032102756302481894,3033.5714285714284,3002.8571428571427,2944.7619047619046,0.018472224957555867,70.0,0.0,54.81742503252843,-10.74996081026984,-42.52474614343097,31.774785333161127,3189.221376498457,2704.278623501543,0.16456867837343322,0.8572586638924417,3101.6666666666665,3068.0,3017.0,2946.75,1.0169491525423728,1.0587935861542377,121.25,0.003215434083601254,0.003215434083601254,0.022435897435897436,0.0,0.013513401925149517,0.02127955047405892,396652.2,548760.2,-0.09919129320640752,0.793053140515657,21.02914006484517,122.3782706856087,964541964.0,76.3157894736842,71.49122807017541,0.011382113821138296,0.0016286644951140072,0.03541315345699836,0.005408737466617852,-0.004807692307692308,3105.0
2025-01-08,3105.0,3120.0,3055.0,3105.0,261275,-0.004807692307692291,-0.004819286435948883,3052.8571428571427,3016.785714285714,2954.285714285714,0.015867425482573666,65.0,0.0,53.802428122967804,-4.026263241836659,-34.8250495631121,30.798786321275443,3204.8342946388207,2718.1657053611793,0.16433178770138152,0.7948618488261098,3111.6666666666665,3096.0,3037.5,2961.5,1.002906976744186,1.048455174742529,134.5,-0.004807692307692291,0.004807692307692291,0.020933977455716585,0.0,0.01566132412211948,0.018611476152535115,407186.4,516721.15,-0.3996383238816533,0.5056402278095254,20.514097767062935,118.27982277949378,964280689.0,72.36842105263158,74.12280701754383,0.003215434083601254,0.011382113821138296,0.0016286644951140072,0.003263285199015753,0.004830917874396135,3120.0
2025-01-09,3105.0,3130.0,3045.0,3120.0,256842,0.004830917874396157,0.004819286435948922,3080.714285714286,3028.9285714285716,2969.0476190476193,0.012832441441918736,85.0,-15.0,54.70560994404754,2.484055516814351,-27.363228547126813,29.847284063941164,3174.205525248805,2800.294474751195,0.12516898501886675,0.8550309621053808,3115.0,3106.0,3049.0,2987.25,1.004507405022537,1.0444388651770022,118.75,0.004830917874396157,0.004830917874396157,0.027243589743589744,0.004830917874396135,0.005834957270832965,0.015532048562266762,361131.8,482445.4,-0.016966797435652103,0.5323752698232794,20.501804670878165,115.90269258095852,964537531.0,73.52941176470588,74.07120743034052,-0.004807692307692291,0.003215434083601254,0.011382113821138296,0.0010795532167683735,-0.003205128205128205,3110.0
2025-01-10,3135.0,3135.0,3075.0,3110.0,253727,-0.0032051282051281937,-0.0032102756302482102,3101.4285714285716,3034.6428571428573,2993.095238095238,0.013436371906978637,60.0,25.0,53.94837984419213,6.7587034842263165,-20.53884214085619,27.297545625082506,3173.119144684352,2833.380855315648,0.11312354594812406,0.8142124492307334,3111.6666666666665,3113.0,3057.0,3003.25,0.9990362993896563,1.0355448264380254,109.75,-0.0032051282051281937,0.0032051282051281937,0.01929260450160772,-0.007974481658692184,0.006529790572062405,0.015592688978090461,338031.4,461644.3,-0.012128078741015846,0.5496157972707558,20.486392171276517,111.90964311089006,964283804.0,80.0,75.29927760577912,0.004830917874396157,-0.004807692307692291,0.003215434083601254,-0.0010606342128081092,0.001607717041800643,3115.0
2025-01-13,3110.0,3170.0,3105.0,3115.0,255726,0.001607717041800738,0.0016064260482737947,3107.8571428571427,3044.285714285714,3008.5714285714284,0.00532501887013122,65.0,-5.0,54.289078693326566,10.429624786509976,-14.345148755382958,24.774773541892934,3183.0935900315453,2845.4064099684547,0.11203024966843847,0.7983530496513865,3115.0,3114.0,3071.5,3014.25,1.0003211303789339,1.033424566641785,99.75,0.001607717041800738,0.001607717041800738,0.02086677367576244,0.001607717041800643,0.0041566077142063205,0.013484298511906096,292553.2,455635.95,0.007878546626886473,0.5612507090364577,20.495846270245153,108.55895431725506,964539530.0,81.66666666666667,78.39869281045749,-0.0032051282051281937,0.004830917874396157,-0.004807692307692291,0.0010778355703562337,0.012841091492776886,3155.0
2025-01-14,3115.0,3175.0,3115.0,3155.0,328026,0.01284109149277679,0.01275934375375992,3119.285714285714,3062.5,3020.9523809523807,0.006662108155026233,60.0,-40.0,57.02803815523066,16.3777297978545,-8.200573044735467,24.578302842589967,3196.8796731730645,2858.1203268269355,0.11189408632407231,0.8763733794365227,3126.6666666666665,3121.0,3094.5,3027.5,1.0108939442486382,1.042113955408753,93.5,0.01284109149277679,0.01284109149277679,0.01901743264659271,0.012841091492776886,0.007050075722354404,0.011649403893531647,271119.2,457535.75,0.28272447854344107,0.7169406980765984,20.757591928458968,105.09045758030828,964867556.0,92.85714285714286,84.84126984126982,0.001607717041800738,-0.0032051282051281937,0.004830917874396157,0.003747893443149778,-0.006339144215530904,3135.0
2025-01-15,3160.0,3185.0,3130.0,3135.0,308237,-0.006339144215530945,-0.006359321908292504,3122.8571428571427,3071.785714285714,3032.6190476190477,0.006629826725126508,55.0,25.0,55.24558591700006,19.25584364095539,-2.7092897075972955,21.965133348552687,3204.5485300130367,2873.4514699869633,0.10894934518791492,0.789945190067348,3135.0,3127.0,3111.5,3039.0,1.0025583626479053,1.031589338598223,88.0,-0.006339144215530945,0.006339144215530945,0.017543859649122806,-0.007911392405063292,0.0074551649151178455,0.012206733930496379,280511.6,457639.25,-0.06032753501246857,0.6735370709570913,20.689008700678713,101.51256775314341,964559319.0,82.75862068965517,85.76081007115488,0.01284109149277679,0.001607717041800738,-0.0032051282051281937,0.0027032214396821943,0.003189792663476874,3145.0
2025-01-16,3150.0,3170.0,3105.0,3145.0,275076,0.0031897926634769647,0.0031847160675199195,3126.4285714285716,3080.0,3044.0476190476193,0.006628505825314243,65.0,5.0,55.986335954112604,22.089057123259863,2.2503796585741362,19.838677464685727,3211.0219727936283,2890.4780272063717,0.10507053858469442,0.7940314465379408,3145.0,3132.0,3119.0,3050.75,1.0041507024265646,1.0308940424485782,81.25,0.0031897926634769647,0.0031897926634769647,0.02066772655007949,-0.0015873015873015873,0.007331560655372623,0.00630559374746062,284158.4,455527.25,-0.10758280154556399,0.6038628863586097,20.578371872394136,98.90452719934746,964834395.0,86.20689655172414,87.27422003284069,-0.006339144215530945,0.01284109149277679,0.001607717041800738,0.0032305799802409365,-0.00794912559618442,3120.0
2025-01-17,3145.0,3145.0,3105.0,3120.0,205774,-0.007949125596184436,-0.007980888331012877,3128.5714285714284,3090.714285714286,3054.0476190476193,0.007186479057767104,40.0,25.0,53.5979280511357,22.06278213505675,6.212860153870659,15.84992198118609,3214.99185794382,2903.50814205618,0.10181701916732527,0.6950342727448201,3133.3333333333335,3134.0,3123.5,3059.25,0.9955328653477984,1.0198578082863448,74.75,-0.007949125596184436,0.007949125596184436,0.01282051282051282,-0.00794912559618442,0.008348376565205574,0.00711679666982059,274567.8,431842.45,-0.25193764632319793,0.4765024837183098,20.28012204051333,94.69706097082265,964628621.0,77.58620689655173,82.18390804597699,0.0031897926634769647,-0.006339144215530945,0.01284109149277679,-0.003699492382746139,-0.0016025641025641025,3115.0
2025-01-20,3120.0,3135.0,3090.0,3115.0,250220,-0.0016025641025640969,-0.001603849581974516,3127.8571428571427,3104.285714285714,3061.904761904762,0.006978182125780679,45.0,5.0,53.109931364934496,21.391908202589093,9.248669763614346,12.143238438974747,3220.514917159262,2906.485082840738,0.10250688242811297,0.6639971568681049,3126.6666666666665,3134.0,3124.0,3063.5,0.9939374601148692,1.0168108372776237,70.5,-0.0016025641025640969,0.0016025641025640969,0.014446227929373997,-0.0016025641025641025,0.008381617445037499,0.006239132368064771,273466.6,324140.2,0.21599424611466955,0.7719499154995276,20.474080242375926,91.14727090147817,964378401.0,75.86206896551724,79.88505747126435,-0.007949125596184436,0.0031897926634769647,-0.006339144215530945,-0.002120632345090523,0.009630818619582664,3145.0
2025-01-21,3135.0,3190.0,3110.0,3145.0,327288,0.009630818619582593,0.00958473791298731,3132.8571428571427,3117.1428571428573,3067.3809523809523,0.007705054902506624,80.0,-10.0,55.71523955650081,23.01567468623898,12.002070748139275,11.013603938099706,3227.626975782028,2915.873024217972,0.10149066543958837,0.7349609351621945,3126.6666666666665,3132.0,3126.5,3071.75,1.0041507024265646,1.023846341661919,60.25,0.009630818619582593,0.009630818619582593,0.025437201907790145,0.003189792663476874,0.007193464915294066,0.006882775168289706,273319.0,320828.8,0.3080009591559427,1.0201328559032108,20.752164966311835,90.35103726565829,964705689.0,80.0,77.81609195402297,-0.0016025641025640969,-0.007949125596184436,0.0031897926634769647,2.6376306944686512e-05,0.009538950715421303,3175.0
2025-01-22,3150.0,3205.0,3135.0,3175.0,381428,0.009538950715421324,0.009493742192251143,3141.4285714285716,3124.6428571428573,3076.6666666666665,0.008262880399656688,70.0,-25.0,58.21546132222868,26.41873190634942,14.885402979781304,11.533328926568117,3225.2704885649605,2945.7295114350395,0.09059827487600744,0.8201677296792287,3145.0,3140.0,3133.5,3085.5,1.0111464968152866,1.029006643979906,54.5,0.009538950715421324,0.009538950715421324,0.02204724409448819,0.007936507936507936,0.007531060950291194,0.00707208461505478,287957.2,320849.95,0.1654200581750629,1.1888049226749138,20.91474029534519,88.8973917466827,965087117.0,82.3529411764706,79.40500338066258,0.009630818619582593,-0.0016025641025640969,-0.007949125596184436,0.00585573507747994,-0.028346456692913385,3085.0
2025-01-23,3200.0,3200.0,3080.0,3085.0,327333,-0.028346456692913358,-0.028755974987303805,3131.4285714285716,3125.3571428571427,3085.4761904761904,0.013252916544438708,120.0,115.0,49.23490441696185,21.60438947872808,16.229200279570662,5.375189199157418,3224.051887858622,2954.948112141378,0.08710269484293394,0.48327782660051455,3135.0,3128.0,3130.0,3089.5,0.9862531969309463,0.998543453633274,38.5,-0.028346456692913358,0.028346456692913358,0.03889789303079417,-0.0359375,0.015675396670333634,0.011878201905118606,298408.6,321316.9,-0.14182230984615707,1.0187232604323022,20.733040217667796,91.11900662191965,964759784.0,25.0,62.45098039215683,0.009538950715421324,0.009630818619582593,-0.0016025641025640969,-0.003058895785969814,0.011345218800648298,3120.0
2025-01-24,3095.0,3160.0,3095.0,3120.0,227610,0.011345218800648205,0.011281344464039758,3129.285714285714,3126.0714285714284,3090.9523809523807,0.014196809027192553,65.0,-25.0,52.31561786083219,20.378287696645657,17.05901776298566,3.319269933659996,3226.1721365652156,2961.8278634347844,0.08543770947977739,0.5983565851156958,3126.6666666666665,3128.0,3131.0,3094.0,0.9974424552429667,1.0084033613445378,34.0,0.011345218800648205,0.011345218800648205,0.020833333333333332,0.008077544426494346,0.01672187184953537,0.012463461379484796,302775.8,315363.35,-0.3046530597281667,0.7217389084685967,20.380977199211927,89.96764900606826,964987394.0,46.875,51.409313725490165,-0.028346456692913358,0.009538950715421324,0.009630818619582593,-0.002487429058947943,-0.02564102564102564,3040.0
2025-01-31,3115.0,3135.0,3000.0,3040.0,218512,-0.02564102564102566,-0.025975486403260677,3114.285714285714,3120.3571428571427,3091.4285714285716,0.016894015889520574,135.0,75.0,45.51637725472156,12.80366906171912,16.207948022732353,-3.404278961013233,3219.1336172368015,2975.8663827631985,0.07853663744103404,0.26363442399293047,3081.6666666666665,3113.0,3123.5,3097.5,0.9765499518149695,0.9814366424535916,15.5,-0.02564102564102566,0.02564102564102566,0.044407894736842105,-0.024077046548956663,0.02039148378526162,0.014907163502947553,296434.2,308503.8,-0.03997188172751631,0.7082959756087284,20.31420900782387,93.1842455056348,964768882.0,19.51219512195122,30.462398373983714,0.011345218800648205,-0.028346456692913358,0.009538950715421324,-0.01421408784443027,-0.011513157894736841,3005.0
2025-02-03,3005.0,3040.0,2935.0,3005.0,379107,-0.011513157894736836,-0.011579947430959421,3097.8571428571427,3113.214285714286,3093.095238095238,0.017059109745546665,105.0,0.0,42.8900528277418,3.931205241628959,13.752599466511676,-9.821394224882717,3202.8124401360424,3000.1875598639576,0.06533125270742697,0.023750489720611917,3055.0,3085.0,3108.5,3101.5,0.9740680713128039,0.968886022892149,-16.5,-0.011513157894736836,0.011513157894736836,0.03494176372712146,0.0,0.01880901569920756,0.014121335745784011,306798.0,311972.1,0.734948195064802,1.215195204955828,20.853606613966075,94.02822796951804,964389775.0,25.925925925925927,30.771040349292353,-0.02564102564102566,0.011345218800648205,-0.028346456692913358,-0.008602988245038098,0.016638935108153077,3055.0
2025-02-04,3005.0,3065.0,3005.0,3055.0,202719,0.016638935108153063,0.016502024636387728,3089.285714285714,3108.5714285714284,3099.285714285714,0.018988023850637272,60.0,-50.0,47.54637316289773,0.9236486276936375,11.186809298748068,-10.26316067105443,3187.924226864657,3024.075773135343,0.05275223880531691,0.18873676352018248,3033.3333333333335,3061.0,3100.5,3106.0,0.9980398562561255,0.9835801674179009,-45.0,0.016638935108153063,0.016638935108153063,0.019639934533551555,0.016638935108153077,0.020722013715407467,0.015626647585602754,271056.2,311677.85,-0.46527233736121987,0.6504119558062917,20.244110935850813,91.59764025740962,964592494.0,44.44444444444444,29.96085516410717,-0.011513157894736836,-0.02564102564102566,0.011345218800648205,-0.006838416142536478,0.014729950900163666,3100.0
2025-02-05,3055.0,3115.0,3030.0,3100.0,279038,0.014729950900163713,0.014622518867541963,3082.8571428571427,3107.8571428571427,3105.714285714286,0.01961967798317407,85.0,-45.0,51.38789012802848,2.1465185326997016,9.378751145538395,-7.232232612838693,3187.7299327262995,3027.2700672737005,0.05163632033872854,0.45325934009202096,3053.3333333333335,3064.0,3096.0,3107.5,1.0117493472584855,0.997586484312148,-43.5,0.014729950900163713,0.014729950900163713,0.027419354838709678,0.014729950900163666,0.01875081371840422,0.016493218967113712,261397.2,301274.0,0.37647679793211286,0.9261934318925629,20.578260643875158,91.12638023902322,964871532.0,61.111111111111114,43.82716049382714,0.016638935108153063,-0.011513157894736836,-0.02564102564102566,0.00661857603785998,0.05161290322580645,3260.0
2025-02-06,3115.0,3285.0,3115.0,3260.0,1154238,0.05161290322580636,0.05032508388751563,3095.0,3118.214285714286,3114.7619047619046,0.027934541103754866,170.0,-145.0,62.03444579785467,15.843678503485535,10.671736617127824,5.171941886357711,3220.4334758189466,3013.0665241810534,0.06653307183376696,1.1908043874326946,3138.3333333333335,3092.0,3110.0,3116.75,1.054333764553687,1.0459613379321409,-24.75,0.05161290322580636,0.05161290322580636,0.05214723926380368,0.04654895666131621,0.02969721580500018,0.023216479036262304,446722.8,340524.45,3.1364903704871736,3.3895892057090173,22.04843341858043,97.8316387933787,966025770.0,92.85714285714286,66.13756613756611,0.014729950900163713,0.016638935108153063,-0.011513157894736836,0.027660596411374378,-0.0015337423312883436,3255.0
2025-02-07,3250.0,3295.0,3200.0,3255.0,782673,-0.0015337423312883347,-0.0015349197180837017,3119.285714285714,3125.3571428571427,3123.3333333333335,0.02431100436060702,95.0,-5.0,61.5805637310201,25.995656503349892,13.736520594372239,12.259135908977653,3244.595016044363,3003.404983955637,0.0772055160335231,1.043140190602111,3205.0,3135.0,3124.0,3124.0,1.0382775119617225,1.0419334186939821,11.0,-0.0015337423312883347,0.0015337423312883347,0.029185867895545316,0.0015384615384615385,0.02405433861377166,0.023214433231142927,559555.0,355502.25,-0.3219136781149122,2.201597880182193,21.658417818257657,97.62937887956595,965243097.0,88.88888888888889,80.95238095238092,0.05161290322580636,0.014729950900163713,0.016638935108153063,0.021603037264893914,-0.018433179723502304,3195.0
2025-02-10,3240.0,3255.0,3175.0,3195.0,409596,-0.018433179723502335,-0.01860518783103447,3130.0,3129.6428571428573,3127.3809523809523,0.02612620308733595,80.0,45.0,56.260916322164746,28.86691383653806,16.762599242805404,12.104314593732656,3252.416924664349,3003.083075335651,0.07971668110581034,0.7697186931540286,3236.6666666666665,3173.0,3129.0,3127.75,1.0069335014182161,1.0215010790504355,45.25,-0.018433179723502335,0.018433179723502335,0.025039123630672927,-0.013888888888888888,0.026008062103811947,0.024219468646148583,565652.8,354222.25,-0.47667033358759026,1.1563248779544482,20.992268954610527,96.37013753102552,964833501.0,72.22222222222223,84.65608465608464,-0.0015337423312883347,0.05161290322580636,0.014729950900163713,0.010548660390338563,-0.003129890453834116,3185.0
2025-02-11,3205.0,3270.0,3155.0,3185.0,483145,-0.003129890453834161,-0.0031347988053715033,3150.714285714286,3132.5,3130.4761904761904,0.023097715640650177,115.0,20.0,55.40190805660315,29.989785948448116,19.40803658393395,10.581749364514167,3258.460403344764,3005.039596655236,0.08091987121881633,0.7101248145154785,3211.6666666666665,3199.0,3130.0,3131.75,0.9956236323851203,1.01700327293047,67.25,-0.003129890453834161,0.003129890453834161,0.03610675039246468,-0.0062402496099844,0.02673363940952757,0.024103056297402392,621738.0,365315.75,0.17956474184318205,1.322540843092585,21.154279663277045,97.70084199309512,964350356.0,69.44444444444444,76.85185185185182,-0.018433179723502335,-0.0015337423312883347,0.05161290322580636,-0.007698937502874943,0.029827315541601257,3280.0
2025-02-12,3185.0,3430.0,3185.0,3280.0,4449170,0.02982731554160134,0.029391133371925778,3190.0,3143.9285714285716,3138.809523809524,0.022896603244648987,245.0,-95.0,61.42722281049326,38.106112691985345,23.14765180554423,14.958460886441117,3282.5223620608144,2996.9776379391856,0.09094505107783386,0.9911664904033036,3220.0,3235.0,3149.5,3139.75,1.0139103554868625,1.0446691615574488,95.25,0.02982731554160134,0.02982731554160134,0.07469512195121951,0.029827315541601257,0.028393223731860543,0.02335637506283274,1455764.4,574932.15,8.2087675542539,7.738600111334876,23.40382682133877,108.22221042215976,968799526.0,69.6969696969697,70.45454545454542,-0.003129890453834161,-0.018433179723502335,-0.0015337423312883347,0.002754748454754948,0.03353658536585366,3390.0
2025-02-13,3310.0,3480.0,3300.0,3390.0,3680281,0.03353658536585358,0.03298649899630645,3237.8571428571427,3163.5714285714284,3151.6666666666665,0.024187039288092287,180.0,-80.0,66.98858701552591,52.805729226757194,29.079267289786824,23.72646193697037,3334.184417302719,2973.315582697281,0.11442531418325415,1.15467000013539,3285.0,3261.0,3176.5,3153.75,1.0395584176632935,1.074910820451843,107.25,0.03353658536585358,0.03353658536585358,0.05309734513274336,0.02416918429003021,0.02259432629724952,0.024883740262011286,1960973.0,746259.85,-0.17281627809231837,4.931634738221546,23.247084866380238,114.77776682057691,972479807.0,83.4862385321101,74.20921755784138,0.02982731554160134,-0.003129890453834161,-0.018433179723502335,0.020078003484540252,-0.01327433628318584,3345.0
2025-02-14,3390.0,3415.0,3340.0,3345.0,805083,-0.013274336283185861,-0.013363227812167141,3272.8571428571427,3177.8571428571427,3162.8571428571427,0.026441532709519766,75.0,45.0,62.987661852955,60.13100452634444,35.28961473709835,24.841389789246094,3363.703892298499,2966.796107701501,0.12539539834041474,0.9528759751651382,3338.3333333333335,3279.0,3207.0,3165.25,1.020128087831656,1.0567885633046363,113.75,-0.013274336283185861,0.013274336283185861,0.02242152466367713,-0.01327433628318584,0.024379322519628748,0.023245825920800805,1965455.0,773727.7,-0.7812441495635796,1.0405249805584058,21.713922629609407,111.93649776196429,971674724.0,75.22935779816514,76.13752200908162,0.03353658536585358,0.02982731554160134,-0.003129890453834161,0.01669652154142302,0.014947683109118086,3395.0
2025-02-17,3350.0,3410.0,3295.0,3395.0,636874,0.014947683109117982,0.014837067430467574,3292.1428571428573,3193.5714285714284,3176.190476190476,0.02030513063632958,115.0,-45.0,65.45637003988628,69.17353070663285,42.06639793100525,27.107132775627598,3400.561795243198,2953.938204756802,0.14056923140652958,0.9875470186491023,3376.6666666666665,3319.0,3246.0,3177.25,1.0228984633925882,1.0685341096860492,141.75,0.014947683109117982,0.014947683109117982,0.033873343151693665,0.013432835820895522,0.020355002958084487,0.022017933138177476,2010910.6,789170.1,-0.20893373726684084,0.8070173971365616,21.494386153246353,112.15531935039542,972311598.0,84.40366972477064,81.03975535168193,-0.013274336283185861,0.03353658536585358,0.02982731554160134,0.011736644063928567,0.026509572901325478,3485.0
2025-02-18,3415.0,3520.0,3400.0,3485.0,1459195,0.026509572901325384,0.026164283201827666,3325.0,3222.1428571428573,3191.904761904762,0.02131224951382255,120.0,-70.0,69.41132135250918,82.6493158255862,50.18298150992144,32.46633431566476,3455.7899243511733,2933.7100756488267,0.16341806047495006,1.0559494409168053,3408.3333333333335,3379.0,3289.0,3194.75,1.0313702278780705,1.0908521793567572,184.25,0.026509572901325384,0.026509572901325384,0.03443328550932568,0.020497803806734993,0.01897765743087772,0.02244165857392609,2206120.6,846718.0,1.2911831853710467,1.7233541745894148,22.349618795152516,113.0727965396529,973770793.0,94.01709401709402,84.55004051334323,0.014947683109117982,-0.013274336283185861,0.03353658536585358,0.009394306575752501,-0.0014347202295552368,3480.0
2025-02-19,3510.0,3510.0,3420.0,3480.0,797145,-0.0014347202295552641,-0.0014357504261042647,3365.714285714286,3247.8571428571427,3208.3333333333335,0.018276291588784504,90.0,30.0,68.93909423781643,91.86653418572814,58.51969204508279,33.34684214064535,3500.583852340828,2922.416147659172,0.18003042337899916,0.9643981284769935,3453.3333333333335,3419.0,3327.0,3211.5,1.0178414741152384,1.083605791686128,207.5,-0.0014347202295552641,0.0014347202295552641,0.02586206896551724,-0.008547008547008548,0.019379813030765018,0.02291866324167636,1475715.6,872821.45,-0.4537090656149452,0.9132967573150271,21.74357944659961,111.4247396439634,972973648.0,93.16239316239316,90.52771896808592,0.026509572901325384,0.014947683109117982,-0.013274336283185861,0.013340845260296033,-0.01293103448275862,3435.0
2025-02-20,3460.0,3490.0,3340.0,3435.0,739779,-0.012931034482758674,-0.013015368112070361,3401.4285714285716,3276.0714285714284,3222.1428571428573,0.019962368079144963,150.0,25.0,64.674470842944,94.45134590167208,65.70602281640065,28.745323085271437,3529.373624052356,2925.126375947644,0.18723286020751773,0.8438162120748268,3466.6666666666665,3428.0,3344.5,3227.25,1.0020420070011669,1.0643736927724843,200.75,-0.012931034482758674,0.012931034482758674,0.043668122270742356,-0.0072254335260115606,0.017560509350683408,0.01927998421688332,887615.2,899521.7,-0.07196432267655195,0.8224137338765702,21.655878976977288,114.1801153836803,972233869.0,85.47008547008546,90.88319088319086,-0.0014347202295552641,0.026509572901325384,0.014947683109117982,0.004047939396337148,0.0,3435.0
2025-02-21,3410.0,3465.0,3385.0,3435.0,364500,0.0,0.0,3423.5714285714284,3306.785714285714,3237.1428571428573,0.018431332479431118,80.0,-25.0,64.674470842944,95.40011467169461,71.64484118745945,23.75527348423516,3554.110859041812,2932.389140958188,0.19169713037342917,0.8084177284188242,3450.0,3446.0,3362.5,3243.25,0.9968078932095182,1.0591227934941803,202.75,0.0,0.0,0.023289665211062592,0.007331378299120235,0.015400250583638066,0.019224643498366008,799498.6,905235.7,-0.5072852838482844,0.40265756200291264,20.948054035885985,111.73867857056028,972233869.0,83.49514563106796,87.3758747545155,-0.012931034482758674,-0.0014347202295552641,0.026509572901325384,-0.004788584904104646,-0.005822416302765648,3415.0
2025-02-24,3405.0,3470.0,3380.0,3415.0,361043,-0.005822416302765698,-0.005839432651559328,3427.1428571428573,3332.5,3251.4285714285716,0.014612391441091764,90.0,-10.0,62.675975847298176,93.46082963770414,76.0080388775084,17.45279076019574,3573.0489092614816,2940.4510907385184,0.1942420568121481,0.7501589404299464,3428.3333333333335,3450.0,3384.5,3256.75,0.9898550724637681,1.0485913871190604,193.25,-0.005822416302765698,0.005822416302765698,0.02635431918008785,0.002936857562408223,0.01498279044089672,0.017839470791155745,744332.4,906923.45,-0.009484224965706445,0.3980964435311492,20.932685116610912,110.18591581552026,971872826.0,78.57142857142857,82.51221989086064,0.0,-0.012931034482758674,-0.0014347202295552641,-0.006251150261841458,0.0,3415.0
2025-02-25,3390.0,3435.0,3360.0,3415.0,316298,0.0,0.0,3437.1428571428573,3355.0,3264.285714285714,0.013222403341045016,75.0,-25.0,62.675975847298176,90.87636609668334,78.98170432134339,11.894661775339955,3590.1593143772034,2947.3406856227966,0.19665579464761965,0.7275136305296401,3421.6666666666665,3436.0,3407.5,3268.75,0.9938882421420256,1.0447418738049714,167.25,0.0,0.0,0.021961932650073207,0.007374631268436578,0.005514937822570793,0.017672121544336408,515753.0,903666.95,-0.12393260636544678,0.3500161204302094,20.80037285909346,107.67263611441167,971872826.0,74.07407407407408,78.71354942552351,-0.005822416302765698,0.0,-0.012931034482758674,-0.0019408054342552328,0.005856515373352855,3435.0
2025-02-26,3410.0,3465.0,3410.0,3435.0,411282,0.005856515373352744,0.005839432651559166,3442.8571428571427,3367.5,3276.6666666666665,0.012278905370555924,55.0,-25.0,63.96730309891936,89.41131499079347,81.06762645523341,8.343688535560062,3603.6220214511713,2968.8779785488287,0.19315147749025263,0.7343464293415758,3421.6666666666665,3427.0,3423.0,3286.25,1.0023344032681645,1.0452643590718904,140.75,0.005856515373352744,0.005856515373352744,0.01601164483260553,0.007331378299120235,0.007108881207865689,0.015776247261103576,438580.4,907864.4,0.3002990850400571,0.4530213983497976,21.068806594948995,103.91030496338227,972284108.0,76.71232876712328,76.45261047087529,0.0,-0.005822416302765698,0.0,1.1366356862348622e-05,-0.023289665211062592,3355.0
2025-02-27,3435.0,3455.0,3350.0,3355.0,393354,-0.02328966521106257,-0.023565155250667526,3424.285714285714,3374.6428571428573,3289.5238095238096,0.009903814389594682,105.0,80.0,55.670385816520806,80.86278418144002,81.02665800047474,-0.16387381903471976,3606.7393722867278,2989.2606277132722,0.18722824274513508,0.5923108698087651,3401.6666666666665,3411.0,3419.5,3298.0,0.9835825271181472,1.01728320194057,113.0,-0.02328966521106257,0.02328966521106257,0.03129657228017884,-0.023289665211062592,0.011207626178874901,0.014427474686304289,369295.4,916151.6,-0.04359052912600114,0.4293547050509981,21.000672298929846,103.98814032314068,971890754.0,54.794520547945204,68.5269744630475,0.005856515373352744,0.0,-0.005822416302765698,-0.005811049945903275,-0.014903129657228018,3305.0
2025-02-28,3310.0,3355.0,3265.0,3305.0,318370,-0.014903129657228065,-0.015015297119995554,3399.285714285714,3382.5,3298.3333333333335,0.0103123659208373,90.0,5.0,51.200488707283085,69.2551001093666,78.67234642225311,-9.417246312886519,3595.111993896594,3027.388006103406,0.1714530729462251,0.4889911292557947,3365.0,3385.0,3415.5,3311.25,0.9763663220088626,0.9981124952812382,73.75,-0.014903129657228065,0.014903129657228065,0.02723146747352496,-0.0015105740181268882,0.011635010422730937,0.014590421379978902,360069.4,921144.5,-0.19062727212637975,0.3456243835793407,20.774161260643915,102.98898744291635,971572384.0,41.0958904109589,57.53424657534243,-0.02328966521106257,0.005856515373352744,0.0,-0.010778759831645965,0.049924357034795766,3470.0
2025-03-04,3250.0,3490.0,3250.0,3470.0,1413194,0.04992435703479581,0.048718120655118255,3404.285714285714,3402.8571428571427,3318.809523809524,0.023121949014559284,240.0,-220.0,62.033951900015204,72.53392198897427,77.44466153559735,-4.910739546623077,3587.209527448334,3081.790472551666,0.15157266603588784,0.7680943638496232,3376.6666666666665,3396.0,3423.0,3334.5,1.0217903415783274,1.0406357774778827,61.5,0.04992435703479581,0.04992435703479581,0.069164265129683,0.06769230769230769,0.028413834141884146,0.021447646123582152,570499.6,972848.85,3.4388415993969277,1.4526347027084423,22.313272821919387,112.7754883398509,972985578.0,85.07462686567165,60.32167927485856,-0.014903129657228065,-0.02328966521106257,0.005856515373352744,0.003910520722168391,0.04610951008645533,3630.0
2025-03-05,3475.0,3635.0,3395.0,3630.0,1544254,0.04610951008645525,0.045078054317991514,3432.1428571428573,3427.8571428571427,3348.5714285714284,0.02833996138097009,240.0,-155.0,69.17918871892118,87.03973489192686,79.36367620686325,7.676058685063609,3612.887105035547,3113.612894964453,0.14844992494494727,1.034275543617637,3468.3333333333335,3439.0,3437.5,3363.25,1.0555394009886594,1.0793131643499592,75.75,0.04610951008645525,0.04610951008645525,0.06611570247933884,0.04460431654676259,0.03393325199347302,0.024565564358900737,816090.8,1039925.6,0.09274027486672032,1.4849658475567868,22.447039431246246,121.86295345843297,974529832.0,98.7012987012987,74.95727199264304,0.04992435703479581,-0.014903129657228065,-0.02328966521106257,0.02704357915467433,0.1184573002754821,4060.0
2025-03-06,3750.0,4370.0,3720.0,4060.0,20637752,0.11845730027548207,0.11195032533688183,3524.285714285714,3475.714285714286,3396.4285714285716,0.047394433458191165,650.0,-310.0,80.04733217834624,131.71477651228042,89.83389626794668,41.88088024433374,3785.723314346826,3036.776685653174,0.21955196150784967,1.3662165969444047,3720.0,3564.0,3495.5,3411.25,1.1391694725028059,1.1901795529497985,152.75,0.11845730027548207,0.11845730027548207,0.16009852216748768,0.08266666666666667,0.05744333921851696,0.043436518308752094,4861384.8,2057861.3,12.364221170869559,10.028738088422188,25.151570830525028,166.01559963997346,995167584.0,72.32142857142857,85.36578471279961,0.04610951008645525,0.04992435703479581,-0.014903129657228065,0.07149705579891104,-0.04926108374384237,3860.0
2025-03-07,4045.0,4055.0,3770.0,3860.0,3933983,-0.049261083743842415,-0.050515790136901835,3587.8571428571427,3512.5,3432.6190476190477,0.055017712511002945,285.0,185.0,68.03117756105186,149.26115069902698,101.71934715416275,47.54180354486424,3858.4067293501416,3024.0932706498584,0.24244488447520038,1.0019096787103738,3850.0,3665.0,3538.0,3441.25,1.053206002728513,1.1216854340719216,223.75,-0.049261083743842415,0.049261083743842415,0.07383419689119171,-0.04573547589616811,0.06476839383522953,0.04748720532700769,5569510.6,2196848.55,-0.8093792870463798,1.7907392842351377,23.44358541914506,174.87162823711822,991233601.0,54.464285714285715,75.16233766233763,0.11845730027548207,0.04610951008645525,0.04992435703479581,0.03843524220603164,-0.009067357512953367,3825.0
2025-03-10,3910.0,3960.0,3820.0,3825.0,2349526,-0.0090673575129534,-0.009108716198240366,3643.5714285714284,3543.214285714286,3459.5238095238096,0.055829774065829486,140.0,85.0,66.15948927769638,158.51530539577698,113.07853880248561,45.43676659329137,3910.5444383066865,3028.9555616933135,0.25407850035690555,0.9029656106423373,3915.0,3769.0,3577.0,3469.75,1.0148580525338287,1.1023848980474098,299.25,-0.0090673575129534,0.0090673575129534,0.036601307189542485,-0.021739130434782608,0.06380080773607133,0.04784204060544271,5975741.8,2275191.2,-0.40276152693084843,1.0326718914876252,22.91903791001998,172.38079764875263,988884075.0,51.339285714285715,59.37499999999998,-0.049261083743842415,0.11845730027548207,0.04610951008645525,0.020042953006228752,-0.01568627450980392,3765.0
2025-03-11,3660.0,3780.0,3650.0,3765.0,1299086,-0.015686274509803977,-0.015810606026642315,3702.1428571428573,3563.214285714286,3483.809523809524,0.05499936793815929,130.0,-105.0,62.96155966540438,159.17294448416214,122.29741993882092,36.87552454534122,3937.9541469466794,3058.5458530533206,0.25138520514353146,0.803328956358862,3816.6666666666665,3828.0,3612.0,3498.25,0.9835423197492164,1.076252411920246,329.75,-0.015686274509803977,0.015686274509803977,0.034528552456839307,0.028688524590163935,0.06571379819666975,0.048344793761741396,5952920.2,2319665.7,-0.44708592286273907,0.5600315597200062,22.310674638672648,172.5678835309846,987584989.0,45.982142857142854,50.595238095238074,-0.0090673575129534,-0.049261083743842415,0.11845730027548207,-0.02467157192219993,-0.029216467463479414,3655.0
2025-03-12,3800.0,3835.0,3645.0,3655.0,1444285,-0.02921646746347939,-0.029651768050115046,3752.1428571428573,3575.714285714286,3505.714285714286,0.05664935732405308,190.0,145.0,57.476363572813305,149.09932331997197,127.65780061505114,21.44152270492083,3940.712063349795,3102.787936650205,0.23792833866673943,0.6590239447154294,3748.3333333333335,3833.0,3636.0,3521.75,0.9535611792329768,1.0378363029743736,311.25,-0.02921646746347939,0.02921646746347939,0.05198358413132695,-0.038157894736842106,0.06632174904099468,0.04992784604124512,5932926.4,2367722.7,0.11177012145462273,0.6099890836034135,22.38697631975469,173.81303470734287,986140704.0,36.160714285714285,44.49404761904759,-0.015686274509803977,-0.0090673575129534,-0.049261083743842415,-0.017990033162078922,0.019151846785225718,3725.0
2025-03-13,3700.0,3790.0,3680.0,3725.0,1200881,0.019151846785225635,0.01897075862978093,3788.5714285714284,3596.4285714285716,3531.4285714285716,0.054727275858344006,110.0,-25.0,59.87217347631981,145.0917930822734,131.1445991084956,13.947193973777786,3956.1139341697194,3131.8860658302806,0.23256994027636535,0.7195994663037278,3715.0,3766.0,3665.0,3544.0,0.9891131173659055,1.0510722347629797,222.0,0.019151846785225635,0.019151846785225635,0.02953020134228188,0.006756756756756757,0.02530542824578572,0.05004449443592185,2045552.2,2205308.25,-0.1685290645544335,0.5445411089356783,22.22138814309359,171.0406750853898,987341585.0,42.410714285714285,41.51785714285712,-0.02921646746347939,-0.015686274509803977,-0.0090673575129534,-0.008583631729352578,-0.0013422818791946308,3720.0
2025-03-14,3725.0,3770.0,3670.0,3720.0,701080,-0.0013422818791946067,-0.0013431835464676259,3801.4285714285716,3616.785714285714,3552.3809523809523,0.0525561578882494,100.0,5.0,59.61381333670046,139.8996620631956,132.89561169943562,7.004050363759973,3973.0772654909642,3147.9227345090358,0.23175243111414928,0.6932971267941728,3700.0,3738.0,3701.5,3560.5,0.9951845906902087,1.0447970790619294,177.5,-0.0013422818791946067,0.0013422818791946067,0.026881720430107527,-0.0013422818791946308,0.01795101846004788,0.0489290801450051,1398971.6,2056348.2,-0.41619527663440425,0.34093447792547976,21.681856229837738,165.9663411507191,986640505.0,41.964285714285715,40.1785714285714,0.019151846785225635,-0.02921646746347939,-0.015686274509803977,-0.0038023008524827873,0.043010752688172046,3880.0
2025-03-17,3745.0,3940.0,3685.0,3880.0,2037312,0.043010752688172005,0.04211148535012685,3775.714285714286,3650.0,3575.714285714286,0.03056499204065509,255.0,-135.0,64.84208619778165,147.00098776547748,135.71668691264398,11.284300852833496,4010.240294774816,3164.259705225184,0.23582983888762477,0.8460481287825398,3775.0,3749.0,3759.0,3587.25,1.0349426513736997,1.0816084744581504,161.75,0.043010752688172005,0.043010752688172005,0.06572164948453608,0.036048064085447265,0.02858105639686456,0.048895068638592186,1336528.8,2117959.65,1.9059622297027445,0.9619220082875517,22.790732282645198,172.32588821138205,988677817.0,56.25,46.87499999999998,-0.0013422818791946067,0.019151846785225635,-0.02921646746347939,0.020273439198067678,-0.001288659793814433,3875.0
2025-03-18,3960.0,3975.0,3850.0,3875.0,1610862,-0.0012886597938144284,-0.0012894908298717507,3777.8571428571427,3682.8571428571427,3600.9523809523807,0.023617635321590728,125.0,85.0,64.5608125215401,150.49061915312905,138.671473360741,11.819145792388042,4042.696465545356,3179.803534454644,0.23894577531068534,0.8056578522049256,3825.0,3771.0,3799.5,3611.25,1.0275788915407054,1.0730356524749047,159.75,-0.0012886597938144284,0.0012886597938144284,0.03225806451612903,-0.021464646464646464,0.026879268334569717,0.04775637458555392,1398884.0,2166659.05,-0.20931992743379513,0.7434773828397229,22.554580939357567,168.94546762485476,987066955.0,55.80357142857143,51.339285714285694,0.043010752688172005,-0.0013422818791946067,0.019151846785225635,0.013459937005054323,-0.0012903225806451613,3870.0
2025-03-19,3880.0,3935.0,3805.0,3870.0,834910,-0.001290322580645209,-0.0012911557636199273,3784.285714285714,3713.9285714285716,3623.5714285714284,0.023266789732135064,130.0,10.0,64.26061873666403,151.11080762888923,141.15934021437067,9.95146741451856,4072.4561778704942,3188.5438221295058,0.24346849077013868,0.770954465614666,3875.0,3814.0,3823.5,3630.5,1.0146827477713687,1.0659688748106322,183.5,-0.001290322580645209,0.001290322580645209,0.03359173126614987,-0.002577319587628866,0.019643286089155772,0.046335447477434726,1277009.0,2135444.8,-0.4816998600749164,0.3909770929222802,21.896088999926015,166.1636485087937,986232045.0,55.357142857142854,55.80357142857141,-0.0012886597938144284,0.043010752688172005,-0.0013422818791946067,0.013477256771237456,-0.05297157622739018,3665.0
2025-03-20,3870.0,3890.0,3665.0,3665.0,930650,-0.05297157622739013,-0.054426171703075565,3770.0,3736.0714285714284,3632.1428571428573,0.0312951365385009,225.0,205.0,53.31478365768596,133.52137344176163,139.63174685984887,-6.110373418087249,4076.152457902289,3203.347542097711,0.23979803992158194,0.5289297179046291,3803.3333333333335,3802.0,3784.0,3639.75,0.9639663335086797,1.0069372896490143,162.25,-0.05297157622739013,0.05297157622739013,0.061391541609822645,-0.05297157622739018,0.03399447587325415,0.029205634399756715,1222962.8,2142120.05,0.11467104238780235,0.434452774950685,21.950222160340413,170.36624504387987,985301395.0,37.05357142857143,49.40476190476188,-0.001290322580645209,-0.0012886597938144284,0.043010752688172005,-0.018516852867283256,-0.015006821282401092,3610.0
2025-03-21,3600.0,3650.0,3500.0,3610.0,669085,-0.01500682128240105,-0.01512056299382522,3763.5714285714284,3757.8571428571427,3638.3333333333335,0.02974143049825613,150.0,-10.0,50.81397382179147,113.83140223028886,134.4716779339369,-20.64027570364803,4074.510872112316,3222.489127887684,0.23352658468538637,0.454813359798656,3715.0,3780.0,3759.0,3648.5,0.955026455026455,0.9894477182403728,131.5,-0.01500682128240105,0.01500682128240105,0.04155124653739612,0.002777777777777778,0.034397237033915964,0.025882331719885555,1216563.8,2138585.35,-0.2810562510073604,0.31286336081933785,21.605129438086887,169.98294182645986,984632310.0,32.142857142857146,41.51785714285712,-0.05297157622739013,-0.001290322580645209,-0.0012886597938144284,-0.023089573363478794,0.02077562326869806,3685.0
2025-03-24,3610.0,3755.0,3570.0,3685.0,1185041,0.020775623268697974,0.020562753296510288,3757.8571428571427,3773.214285714286,3650.2380952380954,0.029931939747066358,185.0,-75.0,53.98374249850376,103.09046863462981,128.19543607407547,-25.10496743944566,4075.139564576206,3246.860435423794,0.22624395770347222,0.528975739162424,3653.3333333333335,3741.0,3745.0,3661.0,0.9850307404437316,1.0065555859054902,80.0,0.020775623268697974,0.020775623268697974,0.050203527815468114,0.02077562326869806,0.02725114682586447,0.0272226363691325,1046109.6,2179612.4,0.771136701614892,0.5436934566898225,22.197313735961384,171.0555888388556,985817351.0,29.743589743589745,32.98000610500608,-0.01500682128240105,-0.05297157622739013,-0.001290322580645209,-0.0157342580803644,-0.04206241519674356,3530.0
2025-03-25,3650.0,3700.0,3510.0,3530.0,753630,-0.042062415196743586,-0.042972654696094556,3730.714285714286,3766.0714285714284,3654.7619047619046,0.03377470648229695,190.0,120.0,47.21209662643138,81.13571475045728,118.78349180935184,-37.64777705889456,4069.5464746618336,3263.9535253381664,0.21970217476611908,0.33024925911428593,3608.3333333333335,3672.0,3721.5,3666.75,0.9613289760348583,0.9627053930592486,5.25,-0.042062415196743586,0.042062415196743586,0.053824362606232294,-0.03287671232876712,0.029973616099740485,0.02971087264879129,874663.2,2199241.75,-0.3640473198817593,0.34267719772053257,21.70170996067237,172.40876106465166,985063721.0,3.4482758620689653,21.778240916171928,0.020775623268697974,-0.01500682128240105,-0.05297157622739013,-0.012097871070148888,0.00424929178470255,3545.0
2025-03-26,3565.0,3610.0,3525.0,3545.0,317261,0.004249291784702569,0.004240289038885442,3682.8571428571427,3729.285714285714,3660.9523809523807,0.02682297817704079,85.0,20.0,47.893288035891594,64.20665441669826,107.86812433082113,-43.661469914122875,4062.9229397841236,3283.5770602158764,0.2121679383565636,0.33543891953204436,3586.6666666666665,3607.0,3710.5,3673.25,0.982811200443582,0.9650854148233853,-66.25,0.004249291784702569,0.004249291784702569,0.023977433004231313,-0.005610098176718092,0.030840645977833193,0.028674960055927276,771133.4,2199289.9,-0.5790228626779719,0.14425610739175404,20.840773497801745,166.16527813146226,985380982.0,8.108108108108109,13.766657904588916,-0.042062415196743586,0.020775623268697974,-0.01500682128240105,-0.005679166714447681,-0.011283497884344146,3505.0
2025-03-27,3515.0,3575.0,3490.0,3505.0,306819,-0.01128349788434413,-0.011347639497537391,3630.0,3703.9285714285716,3665.2380952380954,0.026362837330849872,85.0,10.0,46.181856415793206,47.0205626518823,95.69861199503337,-48.67804934315107,4058.59145235535,3294.90854764465,0.20770596442801395,0.2751029924323596,3526.6666666666665,3575.0,3688.5,3676.75,0.9804195804195804,0.9532875501461889,-101.75,-0.01128349788434413,0.01128349788434413,0.024251069900142655,-0.002844950213371266,0.023430705278181748,0.027699166592716346,646367.2,2194066.75,-0.032912964404701484,0.1398403216310534,20.795959076552084,160.36775826492925,985074163.0,3.0927835051546393,4.883055825110547,0.004249291784702569,-0.042062415196743586,0.020775623268697974,-0.016365540432128383,-0.015691868758915834,3450.0
2025-03-28,3540.0,3540.0,3405.0,3450.0,358269,-0.015691868758915817,-0.015816289443285007,3570.0,3677.1428571428573,3665.9523809523807,0.025728924961236296,135.0,90.0,43.86098713078249,28.632364686263827,82.28536253327947,-53.65299784701564,4048.5666080384367,3314.4333919615633,0.19941143992309476,0.1846621363393549,3500.0,3543.0,3661.5,3681.5,0.9737510584250635,0.9371180225451582,-138.5,-0.015691868758915817,0.015691868758915817,0.0391304347826087,-0.025423728813559324,0.02347900847648622,0.027818556402857138,584204.0,2192312.5,0.16768844171971087,0.16342058898993642,20.9351688907082,158.55577553172003,984715894.0,7.894736842105263,6.365209485122647,-0.01128349788434413,0.004249291784702569,-0.042062415196743586,-0.007575358286185792,-0.017391304347826087,3390.0
2025-03-31,3435.0,3445.0,3340.0,3390.0,326005,-0.017391304347826098,-0.017544309650909508,3530.714285714286,3650.3571428571427,3667.6190476190477,0.01972184311464336,105.0,45.0,41.41576548628192,9.113037337858714,67.65089749419532,-58.537860156336606,4036.047242202587,3335.452757797413,0.1900819329594177,0.07785850933282631,3448.3333333333335,3484.0,3612.5,3685.75,0.9730195177956372,0.9197585294716136,-201.75,-0.017391304347826098,0.017391304347826098,0.030973451327433628,-0.013100436681222707,0.016677897557834633,0.021571772621610804,412396.8,2192694.25,-0.09005523782409308,0.1486778195363991,20.823253198933884,155.0875058508829,984389889.0,7.874015748031496,6.287178698430442,-0.015691868758915817,-0.01128349788434413,0.004249291784702569,-0.014788890330362015,0.016224188790560472,3445.0
2025-04-01,3390.0,3495.0,3390.0,3445.0,360416,0.016224188790560534,0.01609398307326306,3507.1428571428573,3635.3571428571427,3674.285714285714,0.022062499087280814,105.0,-55.0,44.47174192859813,-1.8962708392432432,53.74146382750761,-55.63773466675085,4038.200735829482,3330.799264170518,0.19199388564498945,0.16143694974462489,3428.3333333333335,3467.0,3569.5,3684.5,0.9936544563022787,0.9349979644456508,-217.5,0.016224188790560534,0.016224188790560534,0.030478955007256895,0.016224188790560472,0.014518207615832768,0.023288458204846194,333754.0,2140055.35,0.10555359580374524,0.16841433563856187,20.939693383100572,151.50982686153412,984750305.0,16.53543307086614,10.768061887000945,-0.017391304347826098,-0.015691868758915817,-0.01128349788434413,-0.005619661438727126,-0.013062409288824383,3400.0
2025-04-02,3450.0,3520.0,3395.0,3400.0,424231,-0.013062409288824406,-0.01314847284350621,3466.4285714285716,3612.1428571428573,3670.9523809523807,0.018518537114691227,125.0,50.0,42.51752949667028,-14.089930854474005,40.17518489111129,-54.2651157455853,4048.449204637803,3297.550795362197,0.20443735618720565,0.1364355062845801,3411.6666666666665,3438.0,3522.5,3673.0,0.9889470622454916,0.9256738361012796,-235.0,-0.013062409288824406,0.013062409288824406,0.03676470588235294,-0.014492753623188406,0.013877065237131907,0.02301403910131311,355148.0,2084054.2,0.1770592870460801,0.203560444829122,21.08956410847659,149.61626779999597,984326074.0,9.448818897637794,11.28608923884512,0.016224188790560534,-0.017391304347826098,-0.015691868758915817,-0.004743174948696656,0.0,3400.0
2025-04-03,3345.0,3435.0,3335.0,3400.0,262763,0.0,0.0,3447.8571428571427,3589.285714285714,3660.0,0.012486473114704653,100.0,-55.0,42.51752949667028,-23.482799175757464,27.44358807773754,-50.92638725349501,3987.184161656698,3292.815838343302,0.19076052838280114,0.1543621131004871,3415.0,3417.0,3496.0,3640.0,0.9950248756218906,0.9340659340659341,-223.0,0.0,0.0,0.029411764705882353,0.016442451420029897,0.014172906294697852,0.018310440603060262,346336.8,1065304.75,-0.38061339223206225,0.24665524114109133,20.610538475927715,146.07224867142483,984326074.0,10.15625,12.046833989501287,-0.013062409288824406,0.016224188790560534,-0.017391304347826098,0.0010539265005787095,-0.0029411764705882353,3390.0
2025-04-04,3345.0,3415.0,3295.0,3390.0,560463,-0.002941176470588225,-0.002945510229756803,3425.714285714286,3554.285714285714,3628.095238095238,0.011844511654388871,120.0,-45.0,42.041403722086656,-31.371994593564068,15.68047154347722,-47.052466137041286,3964.6091782760136,3268.3908217239864,0.19251164290115505,0.17467103119526262,3396.6666666666665,3405.0,3474.0,3616.5,0.9955947136563876,0.9373703857320614,-211.5,-0.002941176470588225,0.002941176470588225,0.035398230088495575,0.013452914798206279,0.013095726665109768,0.018144781216084604,386775.6,896628.75,1.1329601199560058,0.6250781050685693,21.365103707727403,144.20994519489452,983765611.0,13.970588235294118,11.19188571097728,0.0,-0.013062409288824406,0.016224188790560534,-0.005334528586470877,-0.08259587020648967,3110.0
2025-04-07,3305.0,3320.0,3095.0,3110.0,606945,-0.08259587020648973,-0.08620719520121618,3369.285714285714,3499.6428571428573,3592.3809523809523,0.03262887758648745,225.0,195.0,31.428759140215277,-59.53165488280183,0.6380462582214097,-60.16970114102324,3981.5685703230215,3179.9314296769785,0.22387408801118286,-0.08723576557421035,3300.0,3349.0,3416.5,3580.75,0.9286354135562854,0.8685331285345249,-231.75,-0.08259587020648973,0.08259587020648973,0.07234726688102894,-0.059001512859304085,0.038429943416876056,0.027928589678472136,442963.6,809499.7,0.08293500195374182,0.749777918385887,21.358571462084207,154.98066339525917,983158666.0,1.7857142857142858,8.637517507002778,-0.002941176470588225,0.0,-0.013062409288824406,-0.028512348892359318,0.017684887459807074,3165.0
2025-04-08,3160.0,3235.0,3140.0,3165.0,447393,0.01768488745980701,0.01753032940499668,3328.5714285714284,3449.285714285714,3560.9523809523807,0.03517896483408589,95.0,-5.0,34.90479883022259,-76.52817898539206,-14.795198790501285,-61.73298019489077,3982.1525473901825,3119.3474526098175,0.24299235225807644,0.05291177308335638,3221.6666666666665,3293.0,3380.0,3550.75,0.9611296689948375,0.8913609800746322,-257.75,0.01768488745980701,0.01768488745980701,0.030015797788309637,0.0015822784810126582,0.03874492417010175,0.02823105807680771,460359.0,766915.05,-0.26287719645107877,0.5833670887016756,21.071101017245855,152.83918743845493,983606059.0,8.80503144654088,8.187111322516404,-0.08259587020648973,-0.002941176470588225,0.0,-0.022617386405756983,-0.018957345971563982,3105.0
2025-04-09,3170.0,3205.0,3090.0,3105.0,296543,-0.018957345971563955,-0.019139340210697395,3287.8571428571427,3409.285714285714,3529.5238095238096,0.035223601280676066,115.0,65.0,32.94289495998895,-93.7587528095255,-30.58790959430613,-63.17084321521938,3994.9130710916224,3051.5869289083776,0.2677431752453686,0.05662206176964694,3126.6666666666665,3234.0,3336.0,3523.25,0.9601113172541744,0.8812885829844603,-289.25,-0.018957345971563955,0.018957345971563955,0.037037037037037035,-0.02050473186119874,0.03871590909020475,0.027836738921740673,434821.4,709527.95,-0.337175592823312,0.4179440711250346,20.640716507653508,150.13638833570815,983309516.0,2.255639097744361,4.282128276666485,0.01768488745980701,-0.08259587020648973,-0.002941176470588225,-0.027956109572748893,0.07407407407407407,3335.0
2025-04-10,3210.0,3350.0,3170.0,3335.0,459348,0.07407407407407418,0.07145896398214505,3272.1428571428573,3389.6428571428573,3514.285714285714,0.04698015345520179,180.0,-125.0,45.57208625174735,-87.84243597305431,-42.038814870055774,-45.803621102998534,3972.5320164504715,3034.9679835495285,0.26758873575481784,0.3200122934773149,3201.6666666666665,3221.0,3319.0,3503.75,1.0353927351754113,0.9518373171601855,-282.75,0.07407407407407418,0.07407407407407418,0.053973013493253376,0.03894080996884735,0.0569152763187216,0.039144199990080085,474138.4,672451.3,0.549009755752117,0.6830948203981463,21.149791330714184,156.9123605974433,983768864.0,36.8421052631579,15.967591935814355,-0.018957345971563955,0.01768488745980701,-0.08259587020648973,0.024267205187439078,0.02848575712143928,3430.0
2025-04-11,3300.0,3435.0,3265.0,3430.0,399874,0.028485757121439192,0.02808758181026142,3276.4285714285716,3371.4285714285716,3500.2380952380954,0.0483015775551263,170.0,-130.0,49.77929444571028,-74.62774402455898,-48.556600700956416,-26.071143323602563,3947.6944522398276,3030.8055477601724,0.26277535415337255,0.4353793030862064,3290.0,3229.0,3317.0,3489.25,1.0622483741096314,0.9830192734828401,-260.25,0.028485757121439192,0.028485757121439192,0.04956268221574344,0.03939393939393939,0.05857206318216142,0.040190308858542474,442020.6,657391.0,-0.12947482083300677,0.6082742234073786,21.039220317356275,157.8471919833402,984168738.0,55.73770491803279,31.611816426311663,0.07407407407407418,-0.018957345971563955,0.01768488745980701,0.027867495074649806,0.030612244897959183,3535.0
2025-04-14,3445.0,3545.0,3390.0,3535.0,488654,0.030612244897959107,0.030153038170687457,3295.714285714286,3371.785714285714,3491.4285714285716,0.049500658058369146,155.0,-90.0,54.010653964701504,-55.04782589938941,-49.854845740643015,-5.192980158746394,3892.9688074455244,3051.0311925544756,0.2424935526759933,0.5748273968115233,3433.3333333333335,3314.0,3331.5,3472.0,1.0666867833433917,1.0181451612903225,-158.0,0.030612244897959107,0.030612244897959107,0.04384724186704385,0.026124818577648767,0.033272175813721314,0.04072532049035468,418362.4,579958.1,0.22201993627992822,0.8425677648092165,21.269878530461128,157.64382112738735,984657392.0,85.57692307692308,59.38557775270456,0.028485757121439192,0.07407407407407418,-0.018957345971563955,0.044390692031157496,0.014144271570014143,3585.0
2025-04-15,3540.0,3595.0,3495.0,3585.0,416108,0.014144271570014189,0.014045174703047647,3323.5714285714284,3374.6428571428573,3477.3809523809523,0.049430453086680474,100.0,-45.0,55.91545184672882,-35.09150456600173,-46.90217750571476,11.81067293971303,3838.0605284175904,3076.9394715824096,0.22013624203475943,0.6675160591800706,3516.6666666666665,3398.0,3345.5,3457.5,1.0550323719835197,1.0368763557483731,-59.5,0.014144271570014189,0.014144271570014189,0.02789400278940028,0.012711864406779662,0.03354009193438562,0.04066662620489568,412105.4,520220.4,-0.148460874156356,0.7998686710478866,21.123213874637848,153.52640533257397,985073500.0,98.01980198019803,79.77814332505127,0.030612244897959107,0.028485757121439192,0.07407407407407418,0.024414091196470828,-0.011157601115760111,3545.0
2025-04-16,3585.0,3650.0,3480.0,3545.0,449802,-0.01115760111576014,-0.011220314067492888,3385.714285714286,3377.5,3461.6666666666665,0.029868833844405626,170.0,40.0,53.98894234426417,-22.247190078977383,-41.97118002036729,19.72398994138991,3772.1638065545512,3110.3361934454488,0.1923218635987221,0.6567628759286851,3555.0,3486.0,3360.0,3441.25,1.016924842226047,1.0301489284417,44.75,-0.01115760111576014,0.01115760111576014,0.047954866008462625,-0.011157601115760111,0.031033159583825787,0.040578317376526,442757.2,500965.0,0.0809741701673603,0.897871108760093,21.189856204511464,154.70309066596155,984623698.0,81.25,88.282241685707,0.014144271570014189,0.030612244897959107,0.028485757121439192,0.011199638450737718,0.018335684062059238,3610.0
2025-04-17,3625.0,3775.0,3560.0,3610.0,1343655,0.01833568406205921,0.0181696123606987,3449.285714285714,3388.9285714285716,3449.285714285714,0.029865630722832326,215.0,15.0,56.605396274706216,-6.745266306191752,-34.92599727753219,28.180730971340438,3762.424942573206,3114.575057426794,0.18841061077400376,0.7647218189461307,3580.0,3541.0,3381.0,3438.5,1.0194860208980514,1.0498763995928457,102.5,0.01833568406205921,0.01833568406205921,0.05955678670360111,-0.004137931034482759,0.016701878175346282,0.04074446892164239,619618.6,521615.25,1.987214374324703,2.5759503772176906,22.30236712221758,160.08144133267857,985967353.0,75.91240875912409,85.06073691310735,-0.01115760111576014,0.014144271570014189,0.030612244897959107,0.007107451505437752,0.006925207756232687,3635.0
2025-04-18,3610.0,3665.0,3550.0,3635.0,456324,0.006925207756232732,0.006901338640693181,3525.0,3406.4285714285716,3447.8571428571427,0.025681975075945225,115.0,-25.0,57.60398632538743,7.471286693069487,-26.446540483411855,33.91782717648134,3766.64085575915,3112.85914424085,0.19006663609805938,0.7986470813730231,3596.6666666666665,3582.0,3405.5,3439.75,1.0147962032384144,1.056762846137074,142.25,0.006925207756232732,0.006925207756232732,0.03163686382393398,0.006925207756232687,0.015434721013498931,0.04060243296337945,630908.6,510977.2,-0.660386036594215,0.8930418030393528,21.229322753078485,156.8613383803444,986423677.0,79.56204379562044,78.90815085158148,0.01833568406205921,-0.01115760111576014,0.014144271570014189,0.004701096900843933,-0.013755158184319119,3585.0
2025-04-21,3655.0,3655.0,3565.0,3585.0,341064,-0.01375515818431916,-0.01385063693389905,3560.714285714286,3416.4285714285716,3446.6666666666665,0.017532928416072062,90.0,70.0,54.88373013562907,14.535864835589564,-18.250059419611574,32.78592425520114,3748.6469827658043,3120.8530172341957,0.1827771935458501,0.7393301118668288,3610.0,3592.0,3453.0,3434.75,0.9980512249443207,1.0437440861780334,157.25,-0.01375515818431916,0.01375515818431916,0.02510460251046025,-0.019151846785225718,0.014627941711154389,0.027208051966624822,601390.6,468778.35,-0.252583690535672,0.7275591972197522,20.92433917579138,152.08552849603407,986082613.0,72.26277372262774,75.91240875912406,0.006925207756232732,0.01833568406205921,-0.01115760111576014,0.0038352445446575936,0.0,3585.0
2025-04-22,3540.0,3610.0,3510.0,3585.0,319610,0.0,0.0,3582.8571428571427,3429.6428571428573,3441.904761904762,0.0159316386623468,100.0,-45.0,54.88373013562907,19.905139849409352,-10.61901956580739,30.524159415216744,3755.8427480926175,3119.1572519073825,0.1852175988902502,0.7316685410359762,3601.6666666666665,3592.0,3495.0,3437.5,0.9980512249443207,1.042909090909091,154.5,0.0,0.0,0.02789400278940028,0.012711864406779662,0.013208217258345789,0.02756055422580871,582091.0,447077.35,-0.06290315014190884,0.7148874797616117,20.859370535402626,148.3651336034602,986082613.0,72.26277372262774,74.69586374695861,-0.01375515818431916,0.006925207756232732,0.01833568406205921,-0.0022766501426954764,-0.001394700139470014,3580.0
2025-04-23,3610.0,3630.0,3555.0,3580.0,267388,-0.001394700139469962,-0.0013956736389746914,3589.285714285714,3442.5,3444.285714285714,0.012054426317634447,75.0,30.0,54.58478038011514,23.48613719813511,-3.79798821301889,27.284125411154,3760.4529199578915,3118.0470800421085,0.18678660752076265,0.7190982572923867,3583.3333333333335,3599.0,3542.5,3439.25,0.9947207557654905,1.0409246201933562,159.75,-0.001394700139469962,0.001394700139469962,0.02094972067039106,-0.008310249307479225,0.011777720258818503,0.02581104274787895,545608.2,444583.7,-0.16339288507868965,0.6014345555178924,20.67957414649302,143.12476691749876,985815225.0,71.53284671532846,72.01946472019462,0.0,-0.01375515818431916,0.006925207756232732,-0.005049952774596374,0.004189944134078212,3595.0
2025-04-24,3575.0,3615.0,3530.0,3595.0,299154,0.0041899441340782495,0.0041811907604011106,3590.714285714286,3457.1428571428573,3446.6666666666665,0.010907342305673903,85.0,-20.0,55.37017105900041,27.220694810976056,2.405748391780099,24.814946419195955,3771.2906764614804,3116.2093235385196,0.19022326037690332,0.7308873536471849,3586.6666666666665,3596.0,3568.5,3443.75,0.9997219132369299,1.0439201451905626,152.25,0.0041899441340782495,0.0041899441340782495,0.02364394993045897,0.005594405594405594,0.007959395835544024,0.015211416154092628,336708.0,444200.45,0.1188011429084328,0.673466224538944,20.796013041032218,138.97299785196316,986114379.0,73.72262773722628,72.5060827250608,-0.001394700139469962,0.0,-0.01375515818431916,0.0009317479982027624,0.011126564673157162,3635.0
2025-04-25,3595.0,3660.0,3585.0,3635.0,407462,0.011126564673157091,0.011065119812472607,3603.5714285714284,3494.6428571428573,3452.8571428571427,0.010179041728718832,75.0,-40.0,57.48177686022449,33.02730610524213,8.530059934472506,24.49724617076963,3791.5479830719823,3114.4520169280177,0.19608918799419772,0.7687949849066196,3603.3333333333335,3596.0,3589.0,3453.0,1.010845383759733,1.0527077903272517,143.0,0.011126564673157091,0.011126564673157091,0.02063273727647868,0.011126564673157162,0.009117292415385815,0.01345738623787426,326935.6,446660.1,0.36204764101432696,0.9122417695245222,21.1160673464239,134.40349800539437,986521841.0,79.56204379562044,74.9391727493917,0.0041899441340782495,-0.001394700139469962,0.0,0.004640602889255126,0.001375515818431912,3640.0
2025-04-28,3635.0,3675.0,3605.0,3640.0,370926,0.0013755158184318717,0.0013745706631665632,3607.8571428571427,3528.5714285714284,3461.904761904762,0.007889241814510275,70.0,-5.0,57.75086843914345,37.59912628046186,14.343873203670377,23.255253076791483,3812.6068393085025,3118.3931606914975,0.20032136159775066,0.7513635288023055,3623.3333333333335,3607.0,3599.5,3465.5,1.0091488771832549,1.0503534843456932,141.5,0.0013755158184318717,0.0013755158184318717,0.019230769230769232,0.001375515818431912,0.004959628973805507,0.010297589700376312,332908.0,448906.15,-0.08966725731479253,0.8262885237816412,21.02349682214959,129.8032481478662,986892767.0,80.2919708029197,77.85888077858878,0.011126564673157091,0.0041899441340782495,-0.001394700139469962,0.005564008208555737,-0.020604395604395604,3565.0
2025-04-29,3630.0,3655.0,3555.0,3565.0,329847,-0.020604395604395642,-0.02081962778239007,3597.8571428571427,3561.4285714285716,3470.2380952380954,0.010916637738213632,100.0,65.0,52.39431872192826,34.76965061967485,18.429028686871273,16.340621932803575,3821.253296512062,3121.746703487938,0.20149981075158416,0.6336656450881735,3613.3333333333335,3603.0,3597.5,3471.5,0.9894532334165973,1.0269336021892554,131.5,-0.020604395604395642,0.020604395604395642,0.028050490883590462,-0.01790633608815427,0.01187540970840757,0.01185621060111412,334955.4,447377.7,-0.11074715711489624,0.7372897665663711,20.88530352326526,127.6744447087329,986562920.0,65.2892561983471,75.04775693229573,0.0013755158184318717,0.011126564673157091,0.0041899441340782495,-0.002700771704268893,0.005610098176718092,3585.0
2025-04-30,3560.0,3600.0,3525.0,3585.0,181018,0.005610098176718203,0.005594420185324532,3597.8571428571427,3579.285714285714,3476.904761904762,0.010070675418105678,75.0,-25.0,53.62947538572292,33.75203122025778,21.493629193548575,12.258402026709202,3832.3220334964712,3129.1779665035288,0.20200935631485814,0.6482626461542004,3596.6666666666665,3604.0,3601.5,3480.75,0.9947280799112098,1.0299504417151475,123.25,0.005610098176718203,0.005610098176718203,0.02092050209205021,0.007022471910112359,0.012234030215821218,0.01135597312993538,317681.4,435217.05,-0.45120616528269164,0.4159258007010525,20.29086550739187,123.91198437239485,986743938.0,62.745098039215684,69.44210834682747,-0.020604395604395642,0.0013755158184318717,0.011126564673157091,-0.004539593869748522,0.03486750348675035,3710.0
2025-05-02,3555.0,3740.0,3555.0,3710.0,547341,0.03486750348675027,0.034273402567760014,3615.714285714286,3599.285714285714,3491.6666666666665,0.01640816716155013,185.0,-155.0,60.52341585077361,42.54162250310537,25.703227855459936,16.838394647645437,3859.9571551906065,3132.5428448093935,0.2080555767983448,0.7938490444159408,3620.0,3627.0,3611.5,3496.25,1.0228839261097327,1.061136932427601,130.75,0.03486750348675027,0.03486750348675027,0.04986522911051213,0.04360056258790436,0.019923715570386313,0.014809135527687046,367318.8,449445.95,2.0236827276845397,1.217812731430776,21.431614443630398,128.27541406008095,987291279.0,83.11688311688312,70.38374578481528,0.005610098176718203,-0.020604395604395642,0.0013755158184318717,0.006624402019690945,0.04582210242587601,3880.0
2025-05-07,3745.0,4060.0,3730.0,3880.0,2711675,0.04582210242587603,0.04480327701583832,3658.5714285714284,3623.9285714285716,3514.5238095238096,0.02184585634612416,330.0,-135.0,67.58223667525479,62.50450316626984,33.06348291762192,29.441020248647924,3918.722162475298,3122.777837524702,0.22607237803041844,0.9513506645358627,3725.0,3676.0,3636.0,3520.75,1.0554951033732318,1.1020379180572322,155.25,0.04582210242587603,0.04582210242587603,0.08505154639175258,0.036048064085447265,0.02680305551201504,0.02014870293736614,828161.4,557006.55,3.9542698244787067,4.868300022683754,23.076667515815558,144.1128844843609,990002954.0,68.96551724137932,71.60916613249266,0.03486750348675027,0.005610098176718203,-0.020604395604395642,0.028766568029781503,0.01804123711340206,3950.0
2025-05-08,3885.0,4035.0,3860.0,3950.0,1338956,0.018041237113401998,0.017880425277848364,3709.285714285714,3650.0,3541.190476190476,0.02169443801777967,175.0,-65.0,69.9638469847499,83.0166802879362,43.05412239168477,39.962557896251425,3955.46624951303,3170.03375048697,0.22045680977505022,0.993040459212207,3846.6666666666665,3738.0,3672.5,3562.75,1.0567148207597645,1.1086941267279489,175.25,0.018041237113401998,0.018041237113401998,0.04430379746835443,0.01673101673101673,0.025954511229909195,0.019036021379389,1021767.4,593607.1,-0.5062254879364231,2.2556266594520182,22.3888716218741,146.31910702119228,991341910.0,81.03448275862068,77.70562770562768,0.04582210242587603,0.03486750348675027,0.005610098176718203,0.0329102810086761,0.010126582278481013,3990.0
2025-05-09,3980.0,4040.0,3915.0,3990.0,847081,0.010126582278481067,0.01007565198874164,3760.0,3681.785714285714,3583.095238095238,0.0217158032148773,125.0,-10.0,71.26304410851967,101.33229848539077,54.709757610425974,46.62254087496479,3994.1092964258814,3213.8907035741186,0.21648684596330822,0.9947331472698419,3940.0,3823.0,3713.0,3604.0,1.04368297148836,1.1071032186459488,219.0,0.010126582278481067,0.010126582278481067,0.03132832080200501,0.002512562814070352,0.01698787943298249,0.01871733885594389,1125214.2,613591.5,-0.3673571050878446,1.3805292283221002,21.941098110882645,144.79631366253568,992188991.0,87.27272727272727,79.09090909090907,0.018041237113401998,0.04582210242587603,0.03486750348675027,0.024663307272586366,-0.03383458646616541,3855.0
2025-05-12,4040.0,4045.0,3780.0,3855.0,1249832,-0.03383458646616544,-0.034420223886479306,3790.714285714286,3699.285714285714,3615.9523809523807,0.02823196243528716,265.0,185.0,61.581599446754886,103.75812700493043,64.51943148932688,39.23869551560355,3968.7710127546816,3314.2289872453184,0.17974516696673434,0.8261822643608785,3931.6666666666665,3877.0,3740.5,3641.5,0.9943255094144957,1.0586296855691335,235.5,-0.03383458646616544,0.03383458646616544,0.06874189364461739,-0.04579207920792079,0.03066975606038651,0.023330663962090756,1338977.0,661255.95,0.4754574828145124,1.890088096749829,22.295645986450975,153.38229125806885,990939159.0,62.72727272727273,77.01149425287353,0.010126582278481067,0.018041237113401998,0.04582210242587603,-0.001888922358094125,-0.03761348897535668,3710.0
2025-05-13,3835.0,3835.0,3700.0,3710.0,686820,-0.03761348897535666,-0.038339130395949016,3811.4285714285716,3704.6428571428573,3644.7619047619046,0.03178601125199476,135.0,125.0,53.218665033224404,92.90932454012636,70.19741009948677,22.71191444063959,3954.9304692329806,3365.5695307670194,0.1610165804155348,0.5844134667789378,3851.6666666666665,3877.0,3752.0,3660.25,0.9569254578282177,1.0135919677617649,216.75,-0.03761348897535666,0.03761348897535666,0.03638814016172507,-0.03259452411994785,0.03565796044920386,0.02741204471146591,1366872.8,672629.55,-0.4504701431872443,1.0210969767831342,21.658614684134506,153.4978418824925,990252339.0,36.36363636363637,62.12121212121209,-0.03383458646616544,0.010126582278481067,0.018041237113401998,-0.020440497721013678,0.01078167115902965,3750.0
2025-05-14,3720.0,3770.0,3700.0,3750.0,398023,0.010781671159029615,0.010723963362975642,3835.0,3716.4285714285716,3664.5238095238096,0.0318423732351928,70.0,-30.0,55.03284276410819,86.54163799886783,73.46625567936299,13.07538231950484,3952.462637387634,3400.037362612366,0.15026869086032452,0.6335022189743259,3771.6666666666665,3851.0,3763.5,3676.25,0.9737730459620878,1.0200612036722203,174.75,0.010781671159029615,0.010781671159029615,0.018666666666666668,0.008064516129032258,0.026891450911319264,0.027401586313180716,904142.4,672537.0,-0.4204842607961329,0.5918232008053088,21.123776191176017,147.53371031945733,990650362.0,43.63636363636363,47.57575757575754,-0.03761348897535666,-0.03383458646616544,0.010126582278481067,-0.020222134760830828,-0.013333333333333334,3700.0
2025-05-15,3755.0,3810.0,3670.0,3700.0,447167,-0.013333333333333308,-0.013423020332140661,3833.5714285714284,3724.6428571428573,3677.3809523809523,0.029936997450801556,140.0,55.0,52.302457015552314,76.57787631555902,74.0885798066022,2.4892965089568264,3952.688857259014,3416.311142740986,0.14557679862071607,0.5288975465990935,3720.0,3801.0,3769.5,3684.5,0.9734280452512497,1.004206812321889,116.5,-0.013333333333333308,0.013333333333333308,0.03783783783783784,-0.014647137150466045,0.023130973169584085,0.027915699829734505,725784.6,670462.65,0.12347025171912174,0.6669528869356108,21.226775504850366,146.9955881537818,990203195.0,32.71028037383178,37.5700934579439,0.010781671159029615,-0.03761348897535666,-0.03383458646616544,-0.01338838371655345,-0.01756756756756757,3635.0
2025-05-16,3710.0,3740.0,3615.0,3635.0,345044,-0.01756756756756761,-0.017723708664696115,3798.5714285714284,3728.5714285714284,3682.1428571428573,0.022647307250113845,125.0,75.0,48.905516464032345,62.7136427880032,71.81359240288239,-9.099949614879193,3952.1990315136736,3421.8009684863264,0.14385626878962496,0.4019604262821018,3695.0,3730.0,3776.5,3687.0,0.9745308310991957,0.9858963927312178,43.0,-0.01756756756756761,0.01756756756756761,0.0343878954607978,-0.02021563342318059,0.019269672801621833,0.027657967331776258,625377.2,666909.45,-0.2283777649066232,0.5173775840183401,20.949791614878247,145.42447471422594,989858151.0,20.560747663551403,32.30246389124891,-0.013333333333333308,0.010781671159029615,-0.03761348897535666,-0.006706409913957101,-0.015130674002751032,3580.0
2025-05-19,3645.0,3685.0,3565.0,3580.0,370316,-0.015130674002751032,-0.015246310572873751,3745.714285714286,3727.5,3681.904761904762,0.019218153821797004,120.0,65.0,46.17285043667998,46.74920178734783,66.80071427977548,-20.051512492427648,3950.4423666002567,3427.0576333997433,0.14188674569990198,0.2922178598237085,3638.3333333333335,3675.0,3776.0,3688.75,0.9741496598639455,0.9705184683158251,-13.75,-0.015130674002751032,0.015130674002751032,0.0335195530726257,-0.01783264746227709,0.017208563928636803,0.02815455002819372,449474.0,662935.15,0.07324283279813582,0.5586006414051208,21.005230054326862,143.60844080606697,989487835.0,10.280373831775702,21.18380062305293,-0.01756756756756761,-0.013333333333333308,0.010781671159029615,-0.015343858301217317,0.008379888268156424,3610.0
2025-05-20,3605.0,3645.0,3580.0,3610.0,257813,0.008379888268156499,0.008344971932180688,3691.4285714285716,3725.714285714286,3685.0,0.018863911906983888,65.0,-5.0,47.88344717211173,36.101856823445814,60.66094278850955,-24.559085965063737,3950.4423666002567,3427.0576333997433,0.14188674569990198,0.3495370709068234,3608.3333333333335,3655.0,3766.0,3688.75,0.987688098495212,0.9786513046424941,-33.75,0.008379888268156499,0.008379888268156499,0.018005540166204988,0.0013869625520110957,0.01376046799552527,0.02566854593374651,363672.6,608643.05,-0.30380269823610107,0.4235865340120124,20.651452847304576,137.99355217706218,989745648.0,15.88785046728972,15.576323987538913,-0.015130674002751032,-0.01756756756756761,-0.013333333333333308,-0.00810611776738738,0.054016620498614956,3805.0
2025-05-21,3640.0,3845.0,3640.0,3805.0,789594,0.054016620498615,0.052608218968859644,3684.285714285714,3737.5,3694.285714285714,0.029224890206631014,205.0,-165.0,57.36734160243214,42.90405826969436,57.109565884746516,-14.205507615052156,3962.6092401176006,3431.8907598823994,0.14354411528438737,0.7030266591663585,3665.0,3666.0,3758.5,3697.25,1.0379159847244954,1.0291432821691797,-31.25,0.054016620498615,0.054016620498615,0.05387647831800263,0.04532967032967033,0.030206746387213275,0.02744925618131849,441986.8,625306.55,2.0626616966561033,1.262731055671814,21.823345438916974,144.92258416441487,990535242.0,52.33644859813084,26.16822429906539,0.008379888268156499,-0.015130674002751032,-0.01756756756756761,0.015755278254673488,-0.03153745072273324,3685.0
2025-05-22,3795.0,3797.0,3675.0,3685.0,455467,-0.031537450722733285,-0.032045465672349276,3680.714285714286,3746.0714285714284,3696.6666666666665,0.02798632103842687,122.0,110.0,51.193478607266904,38.17183366752715,53.32201944130264,-15.15018577377549,3962.4215021410237,3442.0784978589763,0.14054777615829492,0.46684879039778576,3700.0,3663.0,3732.0,3702.25,1.006006006006006,0.9953406712134513,-39.25,-0.031537450722733285,0.031537450722733285,0.03310719131614654,-0.028985507246376812,0.03361364612169041,0.027977169000078524,443646.8,631026.7,-0.42316304328553667,0.7217872080531617,21.241104350417427,143.85668529552808,990079775.0,29.906542056074766,32.71028037383174,0.054016620498615,0.008379888268156499,-0.015130674002751032,0.01028635268134607,0.0203527815468114,3760.0
2025-05-23,3770.0,3820.0,3695.0,3760.0,547019,0.020352781546811416,0.020148431760503238,3682.1428571428573,3758.5714285714284,3705.0,0.02885561346692413,125.0,10.0,54.490055918064556,40.01214962118547,50.66004547727921,-10.64789585609374,3966.2934328221277,3455.7065671778723,0.13758740653307877,0.5959679993690635,3750.0,3688.0,3709.0,3711.0,1.0195227765726682,1.0132039881433577,-23.0,0.020352781546811416,0.020352781546811416,0.03324468085106383,-0.002652519893899204,0.0330357061601444,0.028829240354107125,484041.8,642397.15,0.20100687865421651,0.8515277503955302,21.444413052588743,143.22406491727608,990626794.0,40.59405940594059,40.945683353382044,-0.031537450722733285,0.054016620498615,0.008379888268156499,0.014277317107564377,-0.023936170212765957,3670.0
2025-05-26,3765.0,3770.0,3650.0,3670.0,447842,-0.02393617021276595,-0.024227295335324237,3677.8571428571427,3755.714285714286,3709.0476190476193,0.029983906118747173,120.0,95.0,50.115597875782456,33.818526512272,47.29174168427777,-13.473215172005766,3964.1574477384306,3466.8425522615694,0.13384871362585418,0.4085086724451088,3705.0,3706.0,3690.5,3715.5,0.9902860226659471,0.9877540034988561,-9.5,-0.02393617021276595,0.02393617021276595,0.0326975476839237,-0.025232403718459494,0.034716754415948944,0.02790526436682417,499547.0,651419.85,-0.18130448850953984,0.6874859585565285,21.220142712277024,141.56520313747066,990178952.0,21.21212121212121,30.5709075580455,0.020352781546811416,-0.031537450722733285,0.054016620498615,-0.01170694646289594,0.01907356948228883,3740.0
2025-05-27,3675.0,3795.0,3645.0,3740.0,641436,0.019073569482288777,0.018893949359961613,3692.8571428571427,3745.714285714286,3716.6666666666665,0.029806831264920508,150.0,-65.0,53.25862886994484,34.164622064977266,44.66631776041767,-10.501695695440404,3964.9868349581193,3480.5131650418807,0.13013865285507717,0.5356056501542847,3723.3333333333335,3732.0,3693.5,3722.75,1.0021436227224008,1.0046336713451078,9.25,0.019073569482288777,0.019073569482288777,0.040106951871657755,0.017687074829931974,0.03526701286345264,0.026146733474090425,576271.6,668533.95,0.43228192085601624,0.959466605996599,21.598305582713245,142.16768862765133,990820388.0,36.458333333333336,32.75483798379835,-0.02393617021276595,0.020352781546811416,-0.031537450722733285,0.005163393605444748,-0.026737967914438502,3640.0
2025-05-28,3765.0,3765.0,3630.0,3640.0,699485,-0.0267379679144385,-0.02710192977779127,3701.4285714285716,3723.5714285714284,3718.809523809524,0.03138239256402976,135.0,125.0,48.55231904757992,26.06923114969004,40.946900438272145,-14.877669288582105,3964.8655563911943,3481.1344436088057,0.12993046274036762,0.3284170734386101,3683.3333333333335,3699.0,3682.5,3723.0,0.9840497431738308,0.9777061509535321,-24.0,-0.0267379679144385,0.0267379679144385,0.03708791208791209,-0.033200531208499334,0.025953763817352614,0.027272403258356098,558249.8,683135.1,0.09049850647609436,1.0239336260133611,21.6578385899928,141.6557108685334,990120903.0,15.625,24.431818181818155,0.019073569482288777,-0.02393617021276595,0.020352781546811416,-0.010533522881638557,0.005494505494505495,3660.0
2025-05-29,3660.0,3695.0,3640.0,3660.0,299452,0.005494505494505475,0.0054794657646255705,3708.5714285714284,3700.0,3720.0,0.03131013715244487,55.0,0.0,49.51322925028367,21.025044749967492,36.962529300611216,-15.937484550643724,3964.582626139131,3483.417373860869,0.12920656613272352,0.3669895639866609,3680.0,3694.0,3678.5,3724.0,0.9907958852192745,0.9828141783029001,-30.0,0.005494505494505475,0.005494505494505475,0.015027322404371584,0.0,0.022855335716868548,0.027101673424503352,527046.8,679561.4,-0.5718964666862049,0.44065481058812345,20.814927843889468,135.46601723506672,990420355.0,19.791666666666668,23.958333333333304,-0.0267379679144385,0.019073569482288777,-0.02393617021276595,-0.0007232976458814155,-0.004098360655737705,3645.0
2025-05-30,3665.0,3735.0,3630.0,3645.0,502151,-0.004098360655737654,-0.004106781952653359,3685.714285714286,3685.0,3720.2380952380954,0.02196425911271853,105.0,20.0,48.77739240941201,15.636864012293245,32.697396242947626,-17.06053223065438,3959.957346351256,3496.042653648744,0.12444063645453653,0.3210877963004629,3648.3333333333335,3671.0,3679.5,3728.0,0.9929174611822392,0.9777360515021459,-57.0,-0.004098360655737654,0.004098360655737654,0.02880658436213992,-0.005457025920873124,0.019469109716709728,0.02650156053010421,518073.2,688176.6,0.6768998036413181,0.729683340003133,21.32776779524543,133.28987314684767,989918204.0,28.571428571428573,21.32936507936505,0.005494505494505475,-0.0267379679144385,0.019073569482288777,-0.008447274358556892,-0.0027434842249657062,3635.0
2025-06-02,3665.0,3735.0,3605.0,3635.0,512092,-0.002743484224965731,-0.002747254475138807,3678.5714285714284,3679.6428571428573,3723.5714285714284,0.01876251864854564,130.0,30.0,48.262444833218,10.439436209132055,28.245804236184515,-17.80636802705246,3956.981090183104,3504.018909816896,0.12142130555319865,0.2891656210176513,3646.6666666666665,3664.0,3685.0,3730.5,0.9920851528384279,0.9744002144484654,-66.5,-0.002743484224965731,0.002743484224965731,0.03576341127922971,-0.008185538881309686,0.016710704306478273,0.025969384313258407,530923.2,704730.3,0.01979683402004584,0.7266496133343493,21.344623965884615,133.05488220778713,989406112.0,25.0,24.45436507936505,-0.004098360655737654,0.005494505494505475,-0.0267379679144385,-0.00044911312873263665,0.02063273727647868,3710.0
2025-06-04,3650.0,3720.0,3620.0,3710.0,403176,0.02063273727647874,0.020422765633861143,3671.4285714285716,3676.785714285714,3729.5238095238096,0.018816582825853623,100.0,-60.0,52.32742987367293,12.231315437890316,25.042906476525676,-12.81159103863536,3956.981090183104,3504.018909816896,0.12142130555319865,0.454742358438344,3663.3333333333335,3658.0,3695.0,3730.5,1.014215418261345,0.994504758075325,-72.5,0.02063273727647874,0.02063273727647874,0.026954177897574125,0.01643835616438356,0.017204893723204426,0.026594480096856325,483271.2,697522.05,-0.2126883450629965,0.5780118348946818,21.12591562642819,130.6938191929452,989809288.0,51.785714285714285,35.11904761904759,-0.002743484224965731,-0.004098360655737654,0.005494505494505475,0.004596964131925119,-0.004043126684636119,3695.0
2025-06-05,3725.0,3800.0,3680.0,3695.0,482082,-0.0040431266846361336,-0.0040513222191786895,3675.0,3676.4285714285716,3728.809523809524,0.016190799583288198,120.0,30.0,51.45664831546779,12.29924001383597,22.494173183987737,-10.194933170151767,3936.873331419938,3505.626668580062,0.11588758154917732,0.43912996374943136,3680.0,3669.0,3684.0,3721.25,1.0070863995639139,0.9929459187101108,-52.25,-0.0040431266846361336,0.0040431266846361336,0.03247631935047361,-0.008053691275167786,0.010607829785036365,0.01966727348364042,439790.6,586042.4,0.19571105422941848,0.8226060093945421,21.30060533698823,129.9299749648777,989327206.0,46.42857142857143,41.07142857142855,0.02063273727647874,-0.002743484224965731,-0.004098360655737654,0.0046153754556256255,0.037889039242219216,3835.0
2025-06-09,3755.0,3880.0,3745.0,3835.0,830885,0.03788903924221931,0.03718888041905451,3688.5714285714284,3690.714285714286,3726.6666666666665,0.020475929551607465,135.0,-80.0,58.41268907063086,23.380386162923514,22.671415779774893,0.7089703831486212,3910.5951185016143,3520.4048814983857,0.10501688521147315,0.8062608662835693,3746.6666666666665,3704.0,3699.0,3715.5,1.0353671706263499,1.0321625622392678,-11.5,0.03788903924221931,0.03788903924221931,0.035202086049543675,0.02130492676431425,0.019026995586080588,0.020609118427719553,546077.2,560638.85,0.7235345854024835,1.4820325063095432,21.882171390891383,133.86354818167214,990158091.0,85.71428571428571,61.309523809523775,-0.0040431266846361336,0.02063273727647874,-0.002743484224965731,0.018159549944687308,0.018252933507170794,3905.0
2025-06-10,3870.0,3920.0,3790.0,3905.0,746113,0.018252933507170832,0.018088348472429815,3726.4285714285716,3713.9285714285716,3724.5238095238096,0.015772595376179067,130.0,-35.0,61.39167216677067,37.37979826077981,25.613092275975877,11.76670598480393,3883.5372448466314,3538.9627551533686,0.09284593861724834,1.0622877078697106,3811.6666666666665,3756.0,3713.5,3711.25,1.0396698615548456,1.0522061300101044,44.75,0.018252933507170832,0.018252933507170832,0.03329065300896287,0.00904392764857881,0.017597339993126817,0.020436091703258146,594869.6,555590.45,-0.1020261528370352,1.342919051254391,21.79264540486263,133.58758045440985,990904204.0,95.58823529411765,75.91036414565824,0.03788903924221931,-0.0040431266846361336,0.02063273727647874,0.017366282021584672,0.0012804097311139564,3910.0
2025-06-11,3930.0,3950.0,3840.0,3910.0,805345,0.001280409731113874,0.0012795907056250327,3762.1428571428573,3735.3571428571427,3720.714285714286,0.016052351644987858,110.0,20.0,61.603244257736804,48.32087841424709,30.15464950363012,18.16622891061697,3897.348962651181,3530.651037348819,0.09873395942443777,1.0344998879892424,3883.3333333333335,3811.0,3737.5,3714.0,1.025977433744424,1.0527732902530964,97.0,0.001280409731113874,0.001280409731113874,0.028132992327365727,-0.005089058524173028,0.016709952293432525,0.018022130116333242,653520.2,533366.1,0.07938743863194975,1.5099291087303826,21.870318689315752,131.90275327909487,991709549.0,88.40579710144928,89.90277270328419,0.018252933507170832,0.03788903924221931,-0.0040431266846361336,0.019140794160168006,0.05370843989769821,4120.0
2025-06-12,4000.0,4250.0,3960.0,4120.0,2275530,0.053708439897698135,0.05231578936416055,3830.0,3757.8571428571427,3733.3333333333335,0.021393894742305433,290.0,-120.0,69.22998618346935,73.09442123061899,38.7426038490279,34.35181738159109,3992.465725997611,3476.534274002389,0.13815275190660656,1.2471922839927385,3978.3333333333335,3893.0,3775.5,3734.5,1.0583097867968148,1.1032266702369795,158.5,0.053708439897698135,0.053708439897698135,0.0703883495145631,0.03,0.024381226390587266,0.02327076735690316,1027991.0,612801.6,1.825534398301349,3.713322550071671,22.961331992717785,146.7668423305881,993985079.0,79.84496124031008,87.94633121195898,0.001280409731113874,0.018252933507170832,0.03788903924221931,0.02441392771199428,0.043689320388349516,4300.0
2025-06-13,4190.0,4430.0,4125.0,4300.0,8340575,0.043689320388349495,0.0427618593380817,3925.0,3801.785714285714,3761.4285714285716,0.021128873455908512,305.0,-110.0,73.99755156346318,106.02988159979213,52.200059399180745,53.82982220061139,4123.43573353182,3400.56426646818,0.19215084185636364,1.2442540264943611,4110.0,4014.0,3841.5,3762.0,1.0712506228201295,1.14300903774588,252.0,0.043689320388349495,0.043689320388349495,0.07093023255813953,0.026252983293556086,0.02103500794143289,0.021520503583340404,2599689.6,1009929.2,2.6653329114535955,8.258573967363256,24.303013018512004,158.42635359268897,1002325654.0,84.24242424242425,84.16439419472785,0.053708439897698135,0.001280409731113874,0.018252933507170832,0.03289272333905383,-0.037209302325581395,4140.0
2025-06-16,4440.0,4440.0,4055.0,4140.0,3184057,-0.037209302325581395,-0.037919234862293726,3986.4285714285716,3828.9285714285716,3780.0,0.03165863170860566,385.0,300.0,64.43980817701986,117.8621667141042,65.33248086216544,52.529685851938765,4181.327917071291,3386.6720829287083,0.21000418449856845,0.9479926840078092,4186.666666666667,4075.0,3889.5,3784.0,1.0159509202453987,1.0940803382663848,291.0,-0.037209302325581395,0.037209302325581395,0.0929951690821256,-0.06756756756756757,0.03619938302381382,0.027472475655456248,3070324.0,1146773.7,-0.6182449051774008,2.7765347252034123,23.302117794691444,174.61018547892547,999141597.0,64.07185628742515,76.05308059005313,0.043689320388349495,0.053708439897698135,0.001280409731113874,0.02006281932015541,0.010869565217391304,4185.0
2025-06-17,4060.0,4215.0,3970.0,4185.0,1832522,0.010869565217391353,0.010810916104215676,4056.4285714285716,3865.714285714286,3803.095238095238,0.030596430993552894,245.0,-125.0,65.77859985767404,129.37906055905978,78.14179680154432,51.237263757515464,4240.2939021561715,3382.7060978438285,0.22500007984057274,0.9355239173433572,4208.333333333333,4131.0,3943.5,3811.5,1.0130718954248366,1.0979929161747344,319.5,0.010869565217391353,0.010869565217391353,0.05854241338112306,0.03078817733990148,0.0362322457686055,0.026854175011584,3287605.8,1221147.6,-0.4244694740075319,1.5006556128022523,22.760465701181875,179.63802937328794,1000974119.0,69.46107784431138,72.59178612472023,-0.037209302325581395,0.043689320388349495,0.053708439897698135,0.005783194426719818,-0.03225806451612903,4050.0
2025-06-18,4270.0,4270.0,4025.0,4050.0,1130520,-0.032258064516129004,-0.03278982282299084,4087.1428571428573,3887.8571428571427,3822.8571428571427,0.034397675156838954,245.0,220.0,58.645335441875616,126.15863196967666,87.74516383517079,38.41346813450588,4261.885908583744,3408.1140914162556,0.22262628870077922,0.7518237258209036,4125.0,4159.0,3985.0,3835.0,0.9737917768694397,1.0560625814863103,324.0,-0.032258064516129004,0.032258064516129004,0.06049382716049383,-0.05152224824355972,0.04193902784909457,0.030324920054922815,3352640.8,1259157.8,-0.3830797120034576,0.8978382217066042,22.244660422149707,184.30674156091024,999843599.0,53.293413173652695,62.275449101796376,0.010869565217391353,-0.037209302325581395,0.043689320388349495,-0.019532600541439682,0.03827160493827161,4205.0
2025-06-19,4015.0,4225.0,4010.0,4205.0,1308452,0.03827160493827164,0.03755741230646364,4130.0,3928.214285714286,3852.6190476190477,0.03611324073447924,215.0,-190.0,63.534835820113905,134.56247131452346,97.10862533104134,37.453845983482125,4308.222837831966,3421.277162168034,0.22949626124948108,0.8836198871428089,4146.666666666667,4176.0,4034.5,3864.75,1.0069444444444444,1.0880393298402224,311.25,0.03827160493827164,0.03827160493827164,0.05112960760998811,0.047322540473225407,0.038103699638681945,0.03142243519343018,3159225.2,1311689.75,0.15738951986696392,0.9975316190432989,22.428384889643223,186.49911716370238,1001152051.0,71.8562874251497,64.8702594810379,-0.032258064516129004,0.010869565217391353,-0.037209302325581395,0.005627701879844664,0.005945303210463734,4230.0
2025-06-20,4195.0,4325.0,4090.0,4230.0,1478571,0.005945303210463715,0.005927699633275206,4175.714285714285,3968.9285714285716,3882.1428571428573,0.03595625713506378,235.0,-35.0,64.26864387549068,141.6075024671577,106.00840075826461,35.59910170889309,4357.275983508155,3414.7240164918444,0.24255068631402746,0.8649666140838337,4161.666666666667,4162.0,4088.0,3886.0,1.0163382988947622,1.0885229027277405,276.0,0.005945303210463715,0.005945303210463715,0.05555555555555555,0.00834326579261025,0.03163053393986047,0.030974448272744787,1786824.4,1346138.6,0.13001546866067692,1.098379468503466,22.556543910965438,189.96346593772364,1002630622.0,74.8502994011976,66.66666666666664,0.03827160493827164,-0.032258064516129004,0.010869565217391353,0.003986281210868785,-0.026004728132387706,4120.0
2025-06-23,4430.0,4440.0,4110.0,4120.0,2381559,-0.026004728132387744,-0.02634882969675162,4175.714285714285,4002.8571428571427,3897.1428571428573,0.03316235577391843,330.0,310.0,58.673824631976224,136.73842428227363,112.15440546306641,24.584018819207216,4380.117775985485,3435.3822240145146,0.24175946566975134,0.7246660449659058,4185.0,4158.0,4116.5,3907.75,0.9908609908609909,1.0543151429850937,250.25,-0.026004728132387744,0.026004728132387744,0.08009708737864078,-0.06997742663656885,0.028866159397987215,0.03207943577487629,1626324.8,1442443.2,0.6107166987584633,1.6510591196935867,23.006874315663573,199.96607551360052,1000249063.0,61.67664670658683,69.46107784431136,0.005945303210463715,0.03827160493827164,-0.032258064516129004,0.006070726672115871,-0.04004854368932039,3955.0
2025-06-24,4005.0,4035.0,3910.0,3955.0,1540469,-0.040048543689320426,-0.040872562141817864,4126.428571428572,4025.714285714286,3910.0,0.03011421468565658,125.0,50.0,51.44006059818922,118.20295363278001,113.36411509700913,4.838838535770876,4385.052417551118,3449.9475824488823,0.23869938356151524,0.5401024554598735,4101.666666666667,4112.0,4121.5,3917.5,0.96181906614786,1.009572431397575,194.5,-0.040048543689320426,0.040048543689320426,0.0316055625790139,-0.012484394506866416,0.03254049556243676,0.03509536971055814,1567914.2,1492115.7,-0.3531678199028452,1.0324058650411627,22.53033335384569,200.6827844054862,998708594.0,40.853658536585364,59.1268682147899,-0.026004728132387744,0.005945303210463715,0.03827160493827164,-0.020035989537081484,-0.006321112515802781,3930.0
2025-06-25,3960.0,3980.0,3885.0,3930.0,956526,-0.006321112515802807,-0.0063411753384473545,4096.428571428572,4041.4285714285716,3918.095238095238,0.027855757487591767,95.0,30.0,50.42565363040213,100.33951704263245,110.7591954861338,-10.419678443501354,4383.3029663283905,3477.6970336716095,0.2304047659729757,0.499447883475616,4001.6666666666665,4088.0,4123.5,3930.5,0.9613502935420744,0.9998727897214095,157.5,-0.006321112515802807,0.006321112515802807,0.024173027989821884,-0.007575757575757576,0.03025550314431842,0.03519065519573803,1533115.4,1517549.9,-0.37906832269912605,0.630309421785735,22.0474579550583,193.1340140908086,997752068.0,32.89473684210526,45.141680695092454,-0.040048543689320426,-0.026004728132387744,0.005945303210463715,-0.024124794779170327,-0.01653944020356234,3865.0
2025-06-26,3945.0,3960.0,3795.0,3865.0,973632,-0.01653944020356235,-0.016677743841784592,4050.714285714286,4053.5714285714284,3927.3809523809523,0.02677106131178647,165.0,80.0,47.78702207961838,80.01529159972324,104.61041470885169,-24.59512310912845,4381.867075078361,3491.6329249216383,0.22613428593553642,0.4194032266821393,3916.6666666666665,4020.0,4098.0,3936.75,0.9614427860696517,0.9817743062170572,83.25,-0.01653944020356235,0.01653944020356235,0.042690815006468305,-0.020278833967046894,0.017693450811432008,0.030167020964082115,1466151.4,1534159.7,0.017883465791834308,0.6346353642322895,22.048505649110062,191.12444165575084,996778436.0,17.26618705035971,30.33819414301675,-0.006321112515802807,-0.040048543689320426,-0.026004728132387744,-0.020969698802895193,0.00129366106080207,3870.0
2025-06-27,3920.0,3970.0,3845.0,3870.0,601901,0.001293661060802087,0.0012928250023051713,4025.0,4056.0714285714284,3933.5714285714284,0.0252827081226635,125.0,50.0,48.0123777552732,63.578758371236745,96.40408344132871,-32.825325070091964,4372.480262698778,3524.0197373012224,0.2148953398081568,0.40777414192211814,3888.3333333333335,3948.0,4055.0,3948.25,0.9802431610942249,0.9801810928892547,-0.25,0.001293661060802087,0.001293661060802087,0.03229974160206718,-0.012755102040816327,0.01627771660766502,0.024940413451536896,1290817.4,1529280.5,-0.38179825642542564,0.3935844339870939,21.56885804539316,186.40126725176864,997380337.0,12.307692307692308,20.822872066719064,-0.01653944020356235,-0.006321112515802807,-0.040048543689320426,-0.00718896388618769,-0.00516795865633075,3850.0
2025-06-30,3895.0,3900.0,3810.0,3850.0,389032,-0.0051679586563307955,-0.005181358741997629,3974.285714285714,4052.1428571428573,3943.5714285714284,0.016510054750815958,90.0,45.0,47.1360077436458,48.38114677203794,86.79949610747056,-38.41834933543262,4362.881232799292,3552.6187672007086,0.20472805649638892,0.3670183988833795,3861.6666666666665,3894.0,4026.0,3957.75,0.9887005649717514,0.9727749352536164,-63.75,-0.0051679586563307955,0.0051679586563307955,0.023376623376623377,-0.011553273427471117,0.0162309304261141,0.02307326263837821,892312.0,1533759.5,-0.35366115025560685,0.2536460246863997,21.127245309377518,179.51546244807088,996991305.0,8.527131782945736,12.700337046999223,0.001293661060802087,-0.01653944020356235,-0.006321112515802807,-0.006804579266363686,-0.0025974025974025974,3840.0
2025-07-01,3855.0,3880.0,3825.0,3840.0,586394,-0.0025974025974025983,-0.0026007817000573675,3918.5714285714284,4047.1428571428573,3952.1428571428573,0.015175674924113708,55.0,15.0,46.677238666018376,35.125113219708055,76.46461952991807,-41.33950631021001,4349.675214707655,3585.324785292345,0.19265291226598863,0.3331916944201481,3853.3333333333335,3871.0,3991.5,3967.5,0.9919917334022217,0.9678638941398866,-96.5,-0.0025974025974025983,0.0025974025974025983,0.014322916666666666,-0.0038910505836575876,0.0066438164741594525,0.022294526302832057,701497.0,1537971.65,0.5073155935758498,0.38127750924407483,21.534974843604502,170.62150084463724,996404911.0,6.976744186046512,9.270522758894822,-0.0051679586563307955,0.001293661060802087,-0.01653944020356235,-0.0021572333976437688,0.0026041666666666665,3850.0
2025-07-02,3845.0,3860.0,3740.0,3850.0,349251,0.0026041666666667407,0.0026007817000574403,3880.0,4027.8571428571427,3961.904761904762,0.015136411052713005,120.0,-5.0,47.23034707621588,25.136766553697726,66.199048934674,-41.06228238097627,4332.0902107404445,3624.4097892595555,0.17788736793335988,0.3187741300916244,3846.6666666666665,3855.0,3971.5,3978.25,0.9987029831387808,0.9677622070005656,-123.25,0.0026041666666667407,0.0026041666666667407,0.03116883116883117,0.0013003901170351106,0.0076186236745852684,0.020816026458476293,580042.0,1529829.6,-0.40440898099230216,0.22829405314160478,21.0193745684191,167.0056793557346,996754162.0,15.714285714285714,10.406053894425959,-0.0025974025974025983,-0.0051679586563307955,0.001293661060802087,-0.0017203981956888843,-0.0025974025974025974,3840.0
2025-07-03,3875.0,3930.0,3820.0,3840.0,456894,-0.0025974025974025983,-0.0026007817000573675,3863.5714285714284,3995.0,3971.6666666666665,0.0063610385844596025,110.0,35.0,46.70857725886651,16.22695914809219,56.20463097735764,-39.97767182926545,4322.240350739255,3647.2596492607454,0.1693909784750635,0.2855494243273432,3843.3333333333335,3850.0,3935.0,3984.75,0.9974025974025974,0.963674007152268,-134.75,-0.0025974025974025983,0.0025974025974025983,0.028645833333333332,-0.00903225806451613,0.0031739943419504036,0.014444566920736724,476694.4,1532515.5,0.3082110001116676,0.29813336308833416,21.28543434164052,162.9338451160393,996297268.0,14.285714285714286,12.325581395348808,0.0026041666666667407,-0.0025974025974025983,-0.0051679586563307955,-0.0008635461760461519,-0.022135416666666668,3755.0
2025-07-04,3835.0,3890.0,3755.0,3755.0,393564,-0.02213541666666663,-0.022384081383537386,3838.5714285714284,3967.5,3973.809523809524,0.009412660870878855,135.0,80.0,42.41893400790955,2.2807914183654248,45.4198630655592,-43.139071647193774,4315.3163853970755,3660.183614602925,0.16428631955216613,0.1447285033263392,3815.0,3827.0,3887.5,3987.75,0.9811863078129083,0.9416337533696947,-160.75,-0.02213541666666663,0.02213541666666663,0.03595206391478029,-0.020860495436766623,0.009463465794674273,0.013949575088416061,435027.0,1528089.6,-0.13860983072660182,0.2575529602452631,21.11384254143747,160.93857046489364,995903704.0,2.142857142857143,10.714285714285687,-0.0025974025974025983,0.0026041666666667407,-0.0025974025974025983,-0.0073762175324674955,-0.013315579227696404,3705.0
2025-07-07,3755.0,3760.0,3645.0,3705.0,483855,-0.013315579227696439,-0.01340502646804789,3815.714285714286,3933.214285714286,3974.285714285714,0.00889006703699257,115.0,50.0,40.086758458703244,-12.660289183766054,33.80383261569415,-46.4641217994602,4326.272882536338,3636.227117463661,0.17332389703552328,0.09966423390642137,3766.6666666666665,3798.0,3846.0,3981.25,0.9755134281200631,0.9306122448979591,-183.25,-0.013315579227696439,0.013315579227696439,0.0310391363022942,-0.013315579227696404,0.00997650760289801,0.013057582302067704,453991.6,1510738.1,0.22941884928499556,0.32027722078366855,21.306979092324838,157.65724400311555,995419849.0,7.547169811320755,7.991913746630698,-0.02213541666666663,-0.0025974025974025983,0.0026041666666667407,-0.012682799497255223,0.01349527665317139,3755.0
2025-07-08,3705.0,3775.0,3695.0,3755.0,223906,0.013495276653171295,0.013405026468047764,3799.285714285714,3912.1428571428573,3970.4761904761904,0.011384017372281504,80.0,-50.0,43.43585304108195,-20.23338322607742,22.996389447339837,-43.22977267341726,4332.018864049569,3615.481135950431,0.1803177673731709,0.19471251628255581,3738.3333333333335,3781.0,3826.0,3973.75,0.9931235122983337,0.9449512425290972,-192.75,0.013495276653171295,0.013495276653171295,0.02130492676431425,0.01349527665317139,0.013843596631426345,0.010266413247392338,381494.0,1484627.75,-0.5372456624401938,0.15081625680242067,20.549825165292955,152.11029800289302,995643755.0,13.836477987421384,7.842168313866399,-0.013315579227696439,-0.02213541666666663,-0.0025974025974025983,-0.0073185730803972575,0.05193075898801598,3950.0
2025-07-09,3825.0,3995.0,3800.0,3950.0,952508,0.051930758988016024,0.050627293696932474,3813.5714285714284,3893.9285714285716,3972.6190476190477,0.02362878953052388,195.0,-125.0,54.19076631452602,-10.380583592833318,16.320994839305207,-26.701578432138525,4332.965473820553,3618.5345261794473,0.17969715088753202,0.46395732843737963,3803.3333333333335,3801.0,3828.0,3975.75,1.0392002104709288,0.9935232346098221,-174.75,0.051930758988016024,0.051930758988016024,0.049367088607594936,0.032679738562091505,0.029167820621658385,0.020719174291078737,502145.4,1491985.9,3.254053040115048,0.6384162209575841,22.04832464305881,158.38813385982922,996596263.0,38.36477987421384,19.916142557651963,0.013495276653171295,-0.013315579227696439,-0.02213541666666663,0.017370152137830292,0.008860759493670886,3985.0
2025-07-10,3975.0,4050.0,3900.0,3985.0,645816,0.008860759493670933,0.008821733329147909,3834.285714285714,3876.4285714285716,3976.190476190476,0.02351826221668583,150.0,-10.0,55.8146758517249,0.24916636019679572,13.106629143483525,-12.85746278328673,4319.782583736182,3618.217416263818,0.17676119109910898,0.522806149366916,3896.6666666666665,3830.0,3840.0,3969.0,1.0404699738903394,1.0040312421264803,-139.0,0.008860759493670933,0.008860759493670933,0.037641154328732745,0.0025157232704402514,0.028823066892977034,0.019912557074626816,539929.8,1410500.2,-0.32198364738143936,0.4578631041668764,21.668562504084566,157.78898144127,997242079.0,42.76729559748428,31.65618448637314,0.051930758988016024,0.013495276653171295,-0.013315579227696439,0.024762265044952752,-0.015056461731493099,3925.0
2025-07-11,4005.0,4015.0,3900.0,3925.0,406021,-0.01505646173149311,-0.015170961007806618,3845.0,3862.5,3966.904761904762,0.024782820511993348,115.0,80.0,52.38625559400329,3.788153743793373,11.242934063545496,-7.454780319752123,4264.750020918751,3635.749979081249,0.15923043904499767,0.4598569184093581,3953.3333333333335,3864.0,3845.5,3950.25,1.0157867494824016,0.9936079994937029,-86.25,-0.01505646173149311,0.01505646173149311,0.02929936305732484,-0.019975031210986267,0.027109998338529458,0.020743764016157684,542421.2,1013772.5,-0.3713054492301213,0.4005050442776856,21.189281792228158,154.73262562403644,996836058.0,69.1358024691358,50.089292646944614,0.008860759493670933,0.051930758988016024,0.013495276653171295,0.015245018916731282,0.04076433121019108,4085.0
2025-07-14,3970.0,4230.0,3955.0,4085.0,1935373,0.040764331210191074,0.039955377077594445,3880.0,3871.785714285714,3956.6666666666665,0.02822969766264915,275.0,-115.0,59.52589552361288,19.281227577166646,12.850592766269726,6.430634810896921,4255.917010930945,3639.0829890690543,0.15625941022467155,0.7229124774683496,3998.3333333333335,3940.0,3869.0,3947.5,1.0368020304568528,1.0348321722609246,-7.5,0.040764331210191074,0.040764331210191074,0.06731946144430845,0.028967254408060455,0.026674334239453253,0.02392024997414951,832724.8,951338.3,3.766682018910352,2.0343688464976126,22.790887638147733,165.46600950803384,998771431.0,75.21367521367522,62.3722577600984,-0.01505646173149311,0.008860759493670933,0.051930758988016024,0.011522876324122966,0.046511627906976744,4275.0
2025-07-15,4030.0,4350.0,4030.0,4275.0,1999443,0.04651162790697683,0.04546237407675741,3954.285714285714,3896.4285714285716,3963.095238095238,0.027357973469291544,320.0,-245.0,66.03842998273515,46.35664180471349,19.55180257395848,26.80483923075501,4277.178493494848,3626.821506505152,0.16456401492654263,0.9966503112314795,4095.0,4044.0,3912.5,3952.0,1.0571216617210681,1.0817307692307692,92.0,0.04651162790697683,0.04651162790697683,0.07485380116959064,0.060794044665012405,0.028673550481697032,0.026784178418797936,1187832.2,959684.35,0.03310472968259859,2.0834381638087565,22.868918581223745,176.50415168603143,1000770874.0,89.36170212765957,77.90372660349017,0.040764331210191074,-0.01505646173149311,0.008860759493670933,0.02407316579522493,0.08070175438596491,4620.0
2025-07-16,4280.0,4875.0,4215.0,4620.0,10263466,0.08070175438596494,0.07761060270492398,4085.0,3950.3571428571427,3983.809523809524,0.031033278906126505,660.0,-340.0,74.16676731810296,94.5626598826525,34.55397403569728,60.00868584695522,4421.227866865233,3539.7721331347666,0.22144347035057577,1.2255043849945022,4326.666666666667,4178.0,3989.5,3980.5,1.1057922450933462,1.1606582087677428,197.5,0.08070175438596494,0.08070175438596494,0.14285714285714285,0.0794392523364486,0.036770782067460185,0.03434767058708148,3050023.8,1416331.65,4.1331625857801395,7.246513201904371,24.58225114152067,211.03956942274348,1011034340.0,79.26829268292683,81.28122334142051,0.04651162790697683,0.040764331210191074,-0.01505646173149311,0.05599257116771095,0.005411255411255411,4645.0
2025-07-17,4615.0,4780.0,4565.0,4645.0,2510781,0.005411255411255311,0.005396667172154259,4212.142857142857,4005.714285714286,4012.1428571428573,0.03194699817001426,215.0,-30.0,74.64042172666291,133.2475725091549,54.292693730388805,78.9548787787661,4526.477701413855,3478.5222985861446,0.26182520995070846,1.113098609221666,4513.333333333333,4310.0,4070.0,4002.5,1.0777262180974478,1.16052467207995,307.5,0.005411255411255311,0.005411255411255311,0.04628632938643703,0.0065005417118093175,0.037349623657331826,0.03388050998362157,3423016.8,1476448.1,-0.7553671440037898,1.7005548654233087,23.17965106942134,211.32245732111895,1013545121.0,81.30081300813008,83.31026927290546,0.08070175438596494,0.04651162790697683,0.040764331210191074,0.044208212568065695,0.02045209903121636,4740.0
2025-07-18,4665.0,4780.0,4455.0,4740.0,1651803,0.020452099031216253,0.02024576344118318,4325.0,4069.285714285714,4037.6190476190477,0.03078128634009341,325.0,-75.0,76.41041421493094,169.61612146143852,77.35737927659875,92.25874218483978,4640.719563224396,3415.2804367756044,0.304230170419263,1.0810162125827578,4668.333333333333,4473.0,4168.5,4028.0,1.0596914822266934,1.1767626613704072,445.0,0.020452099031216253,0.020452099031216253,0.06856540084388185,0.01607717041800643,0.028594289228768485,0.030547887681493524,3672173.2,1485109.7,-0.34211585956720236,1.1122430888438746,22.781170391374456,219.44228179818188,1015196924.0,89.02439024390245,83.19783197831975,0.005411255411255311,0.08070175438596494,0.04651162790697683,0.03552170294281217,-0.013713080168776372,4675.0
2025-07-21,4740.0,4900.0,4640.0,4675.0,1980083,-0.01371308016877637,-0.013807972966334804,4423.571428571428,4128.928571428572,4058.809523809524,0.0339200747041372,260.0,65.0,72.67295345696692,190.99186640740027,100.08427670275906,90.90758970464121,4732.897849827728,3378.6021501722716,0.33391991608345106,0.9572487383350194,4686.666666666667,4591.0,4265.5,4055.75,1.018296667392725,1.1526844603340936,535.25,-0.01371308016877637,0.01371308016877637,0.05561497326203209,-0.013713080168776372,0.036835029336315085,0.03060201468683834,3681115.2,1465035.9,0.19874040669498716,1.351559371343733,22.948633762814868,222.33926166974032,1013216841.0,82.07171314741036,84.13230546648094,0.020452099031216253,0.005411255411255311,0.08070175438596494,0.004050091424565065,0.0074866310160427805,4710.0
2025-07-22,4675.0,5040.0,4655.0,4710.0,3418269,0.007486631016042855,0.007458745287676133,4535.714285714285,4190.357142857143,4086.904761904762,0.030613824476259634,385.0,-35.0,73.42667234888175,208.35472223221404,121.73836580865006,86.61635642356399,4828.691346378257,3358.308653621744,0.3591993875061715,0.9192786021197331,4708.333333333333,4678.0,4361.0,4093.5,1.0068405301410859,1.150604617075852,584.5,0.007486631016042855,0.007486631016042855,0.08174097664543524,0.0074866310160427805,0.03602385351216427,0.030887448659574514,3964880.4,1558925.9,0.726326118652602,2.1927078124752435,23.502088027628222,233.95788583618744,1016635110.0,76.34408602150538,82.48006313760602,-0.01371308016877637,0.020452099031216253,0.005411255411255311,0.00474188329282758,-0.0021231422505307855,4700.0
2025-07-23,4700.0,4775.0,4630.0,4700.0,722095,-0.002123142250530785,-0.0021253993123134776,4623.571428571428,4251.785714285715,4122.380952380952,0.03154472720178035,145.0,0.0,72.80877396192774,218.7859657162453,141.1478857901691,77.63807992607619,4910.510047935697,3353.489952064303,0.376819965118924,0.8647994020797246,4695.0,4694.0,4436.0,4132.0,1.0012782275244994,1.1374636979670862,562.0,-0.002123142250530785,0.002123142250530785,0.030851063829787233,0.0,0.012597912579585065,0.03004538050180638,2056606.2,1547204.35,-0.7887541910832647,0.4667095203035074,21.945229776159383,227.60375113360263,1015913015.0,75.62724014336918,78.01434643742827,0.007486631016042855,-0.01371308016877637,0.020452099031216253,-0.0027831971344214335,-0.01702127659574468,4620.0
2025-07-24,4705.0,4845.0,4565.0,4620.0,1232178,-0.017021276595744705,-0.017167803622365446,4672.857142857143,4313.571428571428,4155.238095238095,0.03200905571479556,280.0,85.0,67.88697001220494,218.0835386371673,156.53501635956877,61.54852227759852,4966.747490585761,3372.7525094142393,0.3822759113067981,0.7824663849751174,4676.666666666667,4689.0,4499.5,4169.75,0.9852847088931542,1.1079800947299,519.25,-0.017021276595744705,0.017021276595744705,0.06060606060606061,-0.018065887353878853,0.015425460275154472,0.03196674446403738,1800885.6,1560131.65,0.7063932031103941,0.7897910410316976,22.462443877410227,231.3463403383453,1014680837.0,69.89247311827957,73.95459976105134,-0.002123142250530785,0.007486631016042855,-0.01371308016877637,-0.003885929276744212,-0.006493506493506494,4590.0
2025-07-25,4625.0,4685.0,4545.0,4590.0,640821,-0.00649350649350644,-0.006514681021193642,4668.571428571428,4376.785714285715,4189.761904761905,0.01304439097223975,140.0,35.0,66.08293134023543,212.6547591462977,167.75896491691458,44.895794229383114,5010.742808075098,3400.757191924902,0.38280582919816813,0.7386667285381221,4636.666666666667,4659.0,4566.0,4205.75,0.9851899549259497,1.09136301492005,453.25,-0.00649350649350644,0.00649350649350644,0.030501089324618737,-0.0075675675675675675,0.00971374999513396,0.031166677248633628,1598689.2,1562077.65,-0.4799282246558533,0.4102363285205444,21.80214074912946,224.8216017427492,1014040016.0,66.54275092936803,70.68748806367222,-0.017021276595744705,-0.002123142250530785,0.007486631016042855,-0.008545975113260643,-0.013071895424836602,4530.0
2025-07-28,4620.0,4690.0,4460.0,4530.0,747257,-0.013071895424836555,-0.013158084577511088,4652.142857142857,4432.142857142857,4221.190476190476,0.013424037188821356,230.0,90.0,62.505336198020956,201.19170103639954,174.4455121408116,26.74618889558795,5038.897407520895,3440.6025924791047,0.3769785518112602,0.6815997882671044,4580.0,4630.0,4610.5,4239.75,0.978401727861771,1.0684592251901646,390.25,-0.013071895424836555,0.013071895424836555,0.05077262693156733,-0.01948051948051948,0.009596142387688624,0.031101283562838786,1352124.0,1579988.9,0.16609318358792868,0.47295079098340503,21.9426416665563,225.19148733255284,1013292759.0,58.87096774193548,65.10206392986099,-0.00649350649350644,-0.017021276595744705,-0.002123142250530785,-0.0121955595046959,0.013245033112582781,4590.0
2025-07-29,4530.0,4650.0,4420.0,4590.0,822597,0.013245033112582849,0.0131580845775112,4630.714285714285,4477.857142857143,4256.428571428572,0.011449378153807473,230.0,-60.0,64.5709363223365,194.70421447124954,178.49725260689917,16.206961864350376,5067.756000509866,3486.743999490134,0.36963282506744566,0.6978163352322946,4570.0,4606.0,4642.0,4277.25,0.996526270082501,1.073119410836402,328.75,0.013245033112582849,0.013245033112582849,0.05010893246187364,0.013245033112582781,0.011758098131337786,0.0285317256363323,832989.6,1591799.05,0.10082207326261239,0.5167718877580685,22.05185699111824,225.53495252308477,1014115356.0,60.526315789473685,61.9800114869257,-0.013071895424836555,-0.00649350649350644,-0.017021276595744705,-0.0021067896019200485,-0.026143790849673203,4470.0
2025-07-30,4625.0,4630.0,4450.0,4470.0,623968,-0.02614379084967322,-0.02649161544697634,4601.428571428572,4512.5,4286.428571428572,0.013893397305136355,180.0,155.0,57.72186313499938,177.8299248322155,178.36378705196245,-0.5338622197469363,5076.524039649915,3539.975960350085,0.35665248750648865,0.6052684274440054,4530.0,4560.0,4627.0,4308.25,0.9802631578947368,1.037544246503801,251.75,-0.02614379084967322,0.02614379084967322,0.040268456375838924,-0.03351351351351351,0.014764238513033085,0.01474090993530014,813364.2,1605534.9,-0.24146574811238064,0.38863558805230586,21.74899805195146,222.28245591429302,1013491388.0,50.0,56.46576117713636,0.013245033112582849,-0.013071895424836555,-0.00649350649350644,-0.008656884387308975,-0.010067114093959731,4425.0
2025-07-31,4460.0,4505.0,4370.0,4425.0,396006,-0.010067114093959773,-0.010118130165584667,4560.714285714285,4548.214285714285,4313.809523809524,0.012487184869598005,135.0,35.0,55.35084471915927,158.99303209699156,174.48963606096828,-15.496603963976725,5074.624569919459,3600.3754300805413,0.33988452791675333,0.559352247619124,4495.0,4521.0,4605.0,4337.5,0.9787657597876576,1.0201729106628241,183.5,-0.010067114093959773,0.010067114093959773,0.030508474576271188,-0.007847533632286996,0.014243715417295381,0.014547940159469945,646129.8,1602490.5,-0.36534245345915173,0.2471190936857348,21.284210199649685,216.04799477755782,1013095382.0,43.31797235023041,51.28142937990134,-0.02614379084967322,0.013245033112582849,-0.013071895424836555,-0.007655290610350048,-0.031638418079096044,4285.0
2025-08-01,4475.0,4475.0,4250.0,4285.0,648577,-0.031638418079096065,-0.032149726410149744,4501.428571428572,4562.5,4335.0,0.014722115888110635,225.0,190.0,48.65477102336442,131.25480522925773,165.84266989462617,-34.58786466536844,5049.2321926870745,3678.7678073129255,0.3140385850994842,0.44235530609689483,4393.333333333333,4460.0,4559.5,4364.0,0.9607623318385651,0.981897341888176,96.0,-0.031638418079096065,0.031638418079096065,0.052508751458576426,-0.042458100558659215,0.01743650068514489,0.013831536268918879,647681.0,1615241.15,0.6377958919814346,0.4015357087701734,21.745411842625394,216.68742372201797,1012446805.0,25.247524752475247,39.52183236756853,-0.010067114093959773,-0.02614379084967322,0.013245033112582849,-0.022616441007576354,0.010501750291715286,4330.0
2025-08-04,4305.0,4430.0,4280.0,4330.0,406630,0.010501750291715295,0.010446989964655375,4460.0,4566.428571428572,4362.380952380952,0.01700623579433634,150.0,-25.0,50.718483531413064,111.61653853540065,154.99744362278108,-43.38090508738043,5007.0073908529075,3783.4926091470925,0.2783720565851351,0.4466700353966881,4346.666666666667,4420.0,4525.0,4395.25,0.9796380090497737,0.9851544280757636,24.75,0.010501750291715295,0.010501750291715295,0.03464203233256351,0.005807200929152149,0.02050941823835969,0.015156503943522227,579555.6,1611379.9,-0.37304283068933985,0.2523489339788836,21.28898178160638,211.92403631330242,1012853435.0,13.93939393939394,27.5016303473665,-0.031638418079096065,-0.010067114093959773,-0.02614379084967322,-0.010401260627113515,0.054272517321016164,4565.0
2025-08-05,4330.0,4605.0,4330.0,4565.0,954412,0.05427251732101612,0.05285097203253327,4456.428571428572,4562.5,4403.333333333333,0.02910372605848263,275.0,-235.0,59.80438138803353,113.70488755263068,146.738932408751,-33.03404485612032,4971.574745504289,3899.9252544957108,0.24159375325673865,0.6206084648800205,4393.333333333333,4415.0,4510.5,4435.75,1.0339750849377123,1.0291382517048977,-20.75,0.05427251732101612,0.05427251732101612,0.060240963855421686,0.054272517321016164,0.03478410480059306,0.024591952804765366,605918.6,1647905.2,1.3471263802473992,0.5791668112947274,22.195024516289898,216.42946229092368,1013807847.0,39.87341772151899,26.353445471129362,0.010501750291715295,-0.031638418079096065,-0.010067114093959773,0.011045283177878451,-0.01533406352683461,4495.0
2025-08-06,4545.0,4545.0,4445.0,4495.0,285686,-0.01533406352683464,-0.015452846123348223,4451.428571428572,4551.785714285715,4438.571428571428,0.029278784676050093,100.0,50.0,56.46491318420086,108.46123065669872,139.08339205834056,-30.622161401641847,4947.815754477382,3978.1842455226183,0.21726002889418863,0.5330022278612778,4463.333333333333,4420.0,4490.0,4463.0,1.0169683257918551,1.0071700649787139,-43.0,-0.01533406352683464,0.01533406352683464,0.02224694104560623,-0.011001100110011002,0.033095685725646924,0.024901233097339416,538262.2,1614564.1,-0.700668055305256,0.1769431142436525,20.973369532252523,209.54164355585772,1013522161.0,31.0126582278481,28.275156629586984,0.05427251732101612,0.010501750291715295,-0.031638418079096065,0.01648006802863226,-0.010011123470522803,4450.0
2025-08-07,4505.0,4565.0,4405.0,4450.0,620624,-0.010011123470522798,-0.010061571745434745,4431.428571428572,4531.071428571428,4462.380952380952,0.02870280210392851,160.0,55.0,54.36331633031252,99.52718345154699,131.17215033698187,-31.644966885434883,4916.021971362047,4056.478028637953,0.1915951948117235,0.4578264726232433,4503.333333333333,4425.0,4473.0,4486.25,1.0056497175141244,0.9919197548063527,-61.25,-0.010011123470522798,0.010011123470522798,0.035955056179775284,-0.01220865704772475,0.033090782730744804,0.024596212557679478,583185.8,1613304.5,1.1723990675076834,0.3846911726831482,21.739140078023695,206.0029547304393,1012901537.0,25.31645569620253,32.06751054852318,-0.01533406352683464,0.05427251732101612,0.010501750291715295,0.009642443441219561,-0.029213483146067417,4320.0
2025-08-08,4440.0,4445.0,4305.0,4320.0,656141,-0.02921348314606742,-0.029648693922129907,4410.0,4505.714285714285,4478.333333333333,0.02912896495108526,140.0,120.0,48.72164001465934,81.02299053068418,121.14231837572234,-40.11932784503816,4856.0917173060725,4155.9082826939275,0.15538913329164336,0.23435532632526274,4421.666666666667,4432.0,4446.0,4506.0,0.9747292418772563,0.9587217043941412,-74.0,-0.02921348314606742,0.02921348314606742,0.032407407407407406,-0.02702702702702703,0.032495018480265474,0.02591984248826129,584698.6,1625810.5,0.05722788677202306,0.4035777847418257,21.765141665445483,201.64560082112223,1012245396.0,8.860759493670885,21.729957805907144,-0.010011123470522798,-0.01533406352683464,0.05427251732101612,-0.01818622338114162,-0.01273148148148148,4265.0
2025-08-11,4310.0,4315.0,4245.0,4265.0,403088,-0.01273148148148151,-0.012813221312376532,4387.142857142857,4473.928571428572,4494.523809523809,0.029227443519470774,70.0,45.0,46.52193708400205,61.214600173533654,109.1567747352846,-47.942174561750946,4826.66783938235,4203.33216061765,0.13805884358022166,0.09893199039169553,4345.0,4419.0,4419.5,4515.0,0.9651504865354152,0.9446290143964563,-96.0,-0.01273148148148151,0.01273148148148151,0.016412661195779603,-0.010440835266821345,0.032643868840151136,0.02590937361727778,583990.2,1549196.25,-0.38566862915135613,0.2601916961779374,21.26510763988158,192.59948647675637,1011842308.0,3.3333333333333335,12.503516174402222,-0.02921348314606742,-0.010011123470522798,-0.01533406352683464,-0.017318696032690577,-0.012895662368112544,4210.0
2025-08-12,4305.0,4360.0,4210.0,4210.0,550667,-0.01289566236811257,-0.012979533249352417,4376.428571428572,4438.928571428572,4500.476190476191,0.027109467641146256,150.0,95.0,44.36485872831406,40.610139350425925,95.44744765831288,-54.83730830788696,4835.092331218623,4188.407668781377,0.14333344321765312,0.03338927374161831,4265.0,4348.0,4381.5,4511.75,0.968261269549218,0.9331190779630963,-163.75,-0.01289566236811257,0.01289566236811257,0.035629453681710214,-0.022067363530778164,0.007602951242670195,0.025089976233178487,503241.2,1476757.45,0.36612104552851976,0.3728892649229567,21.56410347682942,189.55666601413094,1011291641.0,0.0,4.064697609001378,-0.01273148148148151,-0.02921348314606742,-0.010011123470522798,-0.018280208998553833,-0.0011876484560570072,4205.0
2025-08-13,4230.0,4295.0,4140.0,4205.0,279630,-0.001187648456057011,-0.0011883542693786767,4358.571428571428,4409.285714285715,4497.142857142857,0.026532276472504456,155.0,25.0,44.1643781761686,23.605389254254987,81.0790359775013,-57.47364672324632,4837.5256123290155,4144.4743876709845,0.15432002330394815,0.08733209058086636,4226.666666666667,4290.0,4355.0,4491.0,0.9801864801864801,0.9363170786016477,-201.0,-0.001187648456057011,0.001187648456057011,0.036860879904875146,-0.00591016548463357,0.010139144270428786,0.024351062019978185,502030.0,977565.65,-0.49219764394815746,0.2860472849061339,20.885252152980815,187.0883327274073,1011012011.0,11.818181818181818,5.050505050505023,-0.01289566236811257,-0.01273148148148151,-0.02921348314606742,-0.008938264101883697,0.009512485136741973,4245.0
2025-08-14,4205.0,4325.0,4200.0,4245.0,404945,0.009512485136742077,0.009467526338399364,4312.857142857143,4384.642857142857,4479.285714285715,0.012166939371751317,125.0,-40.0,46.25671698212739,13.204455255780886,67.50411983315722,-54.29966457737633,4826.166380580617,4115.833619419383,0.15887558961333814,0.18183925568836126,4220.0,4249.0,4337.0,4471.0,0.9990586020240056,0.9494520241556699,-222.0,0.009512485136742077,0.009512485136742077,0.02944640753828033,0.009512485136741973,0.014499745331882342,0.024756344075407707,458894.2,872273.85,0.4481457640453457,0.4642406739580695,21.265003633724735,182.65345181830676,1011416956.0,19.09090909090909,10.303030303030274,-0.001187648456057011,-0.01289566236811257,-0.01273148148148151,-0.0015236085624758349,-0.02591283863368669,4135.0
2025-08-18,4260.0,4260.0,4060.0,4135.0,389895,-0.025912838633686652,-0.026254491287655963,4261.428571428572,4356.428571428572,4455.0,0.013526225959426978,200.0,125.0,41.63602240077198,-3.8698315550545885,53.22932955551486,-57.09916111056945,4802.445932197779,4079.054067802221,0.1628985789327384,0.07733834862039173,4195.0,4212.0,4322.0,4440.75,0.981718898385565,0.9311490176208974,-228.75,-0.025912838633686652,0.025912838633686652,0.04836759371221282,-0.029342723004694836,0.013400112421777887,0.024100348979619737,405645.0,809178.45,-0.03716554099939495,0.48184056310446727,21.200875359165543,183.892490974142,1011027061.0,12.711864406779661,14.540318438623496,0.009512485136742077,-0.001187648456057011,-0.01289566236811257,-0.005862667317667196,-0.02539298669891173,4030.0
2025-08-19,4140.0,4165.0,4030.0,4030.0,358261,-0.025392986698911768,-0.025720952517063064,4201.428571428572,4316.428571428572,4421.190476190476,0.014431232596811729,135.0,110.0,37.758709116411346,-25.579089523031143,37.46764573980566,-63.046735262836805,4796.3293167713955,4020.6706832286045,0.1759461570926145,0.012027606434011056,4136.666666666667,4165.0,4292.0,4408.5,0.9675870348139256,0.9141431325847794,-243.5,-0.025392986698911768,0.025392986698911768,0.033498759305210915,-0.026570048309178744,0.015411318437662266,0.024486307209330697,396679.6,728087.35,-0.08113466446094464,0.4920577180746239,21.09053870566746,180.4001701902747,1010668800.0,0.0,10.600924499229555,-0.025912838633686652,0.009512485136742077,-0.001187648456057011,-0.01393111339861878,-0.016129032258064516,3965.0
2025-08-20,3975.0,4045.0,3890.0,3965.0,443924,-0.016129032258064502,-0.01626052087178029,4150.714285714285,4280.357142857143,4387.380952380952,0.01283573792914503,155.0,10.0,35.551572501048355,-47.48145300765009,20.477825990314514,-67.9592789979646,4779.7114908087215,3962.7885091912785,0.18688544046152542,0.0027070982925990004,4043.3333333333335,4116.0,4232.0,4371.25,0.9633138969873664,0.9070631970260223,-255.25,-0.016129032258064502,0.016129032258064502,0.03909205548549811,-0.0025157232704402514,0.015568587195572655,0.011762284381616618,375331.0,579370.1,0.2391078012957033,0.7662183464421102,21.288669790228813,178.5858723195408,1010224876.0,10.48951048951049,7.73379163209669,-0.025392986698911768,-0.025912838633686652,0.009512485136742077,-0.02247828586355431,0.021437578814627996,4050.0
2025-08-21,4000.0,4075.0,3965.0,4050.0,311561,0.021437578814627933,0.021211026031636406,4120.0,4253.571428571428,4355.952380952381,0.017992948457342596,110.0,-50.0,40.45341329546571,-57.319698438532214,4.918321104545168,-62.238019543077385,4740.455246745866,3937.044753254134,0.18517095787766805,0.1405946868517327,4015.0,4085.0,4187.5,4338.75,0.9914320685434517,0.9334485738980121,-253.75,0.021437578814627933,0.021437578814627933,0.027160493827160494,0.0125,0.02156532973697626,0.016189194757778077,381717.2,558843.4,-0.29816590227156003,0.5575103866306732,20.955822585576463,173.68688143957363,1010536437.0,22.377622377622377,10.955710955710927,-0.016129032258064502,-0.025392986698911768,-0.025912838633686652,-0.0066948133807827786,0.07037037037037037,4335.0
2025-08-22,4060.0,4350.0,4060.0,4335.0,702468,0.07037037037037042,0.06800472911405744,4137.857142857143,4257.142857142857,4338.571428571428,0.03331308344388606,290.0,-275.0,53.28345830088256,-41.639466813855506,-4.393236479134967,-37.246230334720536,4703.791583433059,3945.208416566941,0.1754152310940265,0.5138415937218564,4116.666666666667,4103.0,4176.0,4324.5,1.0565439922008286,1.0024280263614291,-221.5,0.07037037037037042,0.07037037037037042,0.06689734717416378,0.06773399014778325,0.04144023996628036,0.03020792348309485,441221.8,532357.9,1.2546724397469515,1.319540857757535,21.836832017094135,182.70924705103263,1011238905.0,62.23776223776224,31.701631701631673,0.021437578814627933,-0.016129032258064502,-0.025392986698911768,0.02522630564231128,0.012687427912341407,4390.0
2025-08-25,4420.0,4430.0,4310.0,4390.0,600705,0.012687427912341454,0.012607616854574854,4164.285714285715,4261.428571428572,4327.619047619048,0.03335063449563686,120.0,30.0,55.28571656966235,-24.49239683083124,-8.413068549474222,-16.079328281357018,4674.366934472056,3954.6330655279444,0.1668174455774971,0.6048998848848987,4258.333333333333,4154.0,4183.0,4314.5,1.0568127106403467,1.0174991308378722,-160.5,0.012687427912341454,0.012687427912341454,0.02733485193621868,-0.006787330316742082,0.03769731531059357,0.028925579251157213,483383.8,530352.1,-0.14486496182032493,1.132653193981885,21.692943750874473,178.23001511881603,1011839610.0,69.93006993006993,51.51515151515148,0.07037037037037042,0.021437578814627933,-0.016129032258064502,0.034831792365779934,-0.010250569476082005,4345.0
2025-08-26,4390.0,4415.0,4280.0,4345.0,427346,-0.01025056947608205,-0.010303468369724667,4178.571428571428,4245.714285714285,4315.952380952381,0.03385627881233059,135.0,45.0,53.27385523515767,-14.36871069791141,-9.60419697916166,-4.76451371874975,4651.028678834947,3959.4713211650533,0.16063117302593194,0.5574789633269641,4356.666666666667,4217.0,4191.0,4305.25,1.0303533317524307,1.0092329133035247,-88.25,-0.01025056947608205,0.01025056947608205,0.031070195627157654,-0.010250569476082005,0.03434142768790505,0.02879576859217883,497200.8,514356.55,-0.2885925703964508,0.8308361194194961,21.342130306779048,175.14215689604345,1011412264.0,67.4074074074074,66.52507985841316,0.012687427912341454,0.07037037037037042,0.021437578814627933,0.024269076268876606,-0.02531645569620253,4235.0
2025-08-27,4460.0,4470.0,4180.0,4235.0,823462,-0.025316455696202556,-0.02564243061333767,4192.857142857143,4227.142857142857,4301.9047619047615,0.03376782576536701,290.0,225.0,48.6165559660132,-15.04823055732777,-10.693003694794882,-4.355226862532888,4607.195578883871,3967.804421116128,0.1491291330070538,0.4178906380512221,4323.333333333333,4271.0,4193.5,4287.5,0.991571060641536,0.9877551020408163,-16.5,-0.025316455696202556,0.025316455696202556,0.06847697756788666,-0.05044843049327354,0.036634352738612264,0.029771741491997947,573108.4,514399.8,0.9269210429020045,1.6008209956535753,21.972411290402885,183.34628854632606,1010588802.0,51.111111111111114,62.81619614952945,-0.01025056947608205,0.012687427912341454,0.07037037037037042,-0.007626532419981051,-0.0059031877213695395,4210.0
2025-08-28,4215.0,4275.0,4160.0,4210.0,312713,-0.005903187721369552,-0.005920680409727678,4218.571428571428,4210.0,4283.809523809524,0.031685672904849325,115.0,5.0,47.59810140758387,-17.403430098952413,-12.035088975626389,-5.368341123326024,4583.929015752357,3965.070984247642,0.14477904585441928,0.3957757729294197,4263.333333333333,4303.0,4194.0,4274.5,0.978387171740646,0.984910515849807,28.5,-0.005903187721369552,0.005903187721369552,0.027315914489311165,-0.0011862396204033216,0.03724211033987949,0.029847171006169525,573338.8,498837.05,-0.6202459858499846,0.6268840696576167,20.998259043410815,178.46441079301707,1010276089.0,55.172413793103445,57.89697743720729,-0.025316455696202556,-0.01025056947608205,0.012687427912341454,-0.01382340429788472,-0.004750593824228029,4190.0
2025-08-29,4210.0,4255.0,4145.0,4190.0,319968,-0.004750593824228044,-0.004761913760243703,4250.714285714285,4200.714285714285,4270.476190476191,0.030604242987151666,110.0,20.0,46.75427432953925,-20.645783812773516,-13.757227943055813,-6.8885558697177025,4565.899693785273,3959.6003062147274,0.14223198347792979,0.3800097748877649,4211.666666666667,4274.0,4188.5,4262.75,0.9803462798315395,0.9829335522843236,11.25,-0.004750593824228044,0.004750593824228044,0.026252983293556086,-0.004750593824228029,0.013596747761560314,0.029709661885272208,496838.8,495035.15,0.023200186752709406,0.6463541023299052,21.016432283437656,173.574095736373,1009956121.0,51.724137931034484,52.66922094508299,-0.005903187721369552,-0.025316455696202556,-0.01025056947608205,-0.01199007908060005,0.03699284009546539,4345.0
2025-09-01,4150.0,4415.0,4150.0,4345.0,1019365,0.03699284009546533,0.036325024783308936,4292.857142857143,4206.428571428572,4266.666666666667,0.03219300497571664,265.0,-195.0,53.61717082402841,-10.586137476732802,-13.123009849791211,2.5368723730584097,4571.00700991994,3960.4929900800603,0.14311997183142,0.6298086488182282,4248.333333333333,4265.0,4209.5,4265.75,1.018757327080891,1.0185782101623395,-0.75,0.03699284009546533,0.03699284009546533,0.06098964326812428,0.046987951807228916,0.023210191809257395,0.030478599908688914,580570.8,513574.55,2.185834208420842,1.9848432910080922,22.21147148030201,180.10451746948922,1010975486.0,78.44827586206897,61.78160919540227,-0.004750593824228044,-0.005903187721369552,-0.025316455696202556,0.008779686183289245,0.011507479861910242,4395.0
2025-09-02,4380.0,4430.0,4285.0,4395.0,953350,0.011507479861910141,0.01144177241978486,4301.428571428572,4219.642857142857,4271.9047619047615,0.020015854823176502,145.0,-15.0,55.60500301388746,1.4045955498158946,-10.21748876986979,11.622084319685685,4578.491943607412,3959.5080563925876,0.14499505439560195,0.7035594182700758,4310.0,4275.0,4246.0,4269.0,1.0280701754385966,1.0295151089248067,6.0,0.011507479861910141,0.011507479861910141,0.03299203640500569,0.003424657534246575,0.02327998288499915,0.02850986835599338,685771.6,540910.55,-0.06476090507325638,1.7624910440367634,22.155960186850532,177.59705193595428,1011928836.0,87.06896551724138,72.41379310344826,0.03699284009546533,-0.004750593824228044,-0.005903187721369552,0.014583242044382475,-0.022753128555176336,4295.0
2025-09-03,4430.0,4430.0,4240.0,4295.0,523652,-0.022753128555176305,-0.023015975700921593,4287.857142857143,4226.071428571428,4270.238095238095,0.021343252769208232,190.0,135.0,50.90599591638181,2.8058297381385273,-7.612825068268128,10.418654806406655,4532.474253031043,3978.525746968957,0.13017236659900985,0.5713062668600696,4345.0,4287.0,4279.0,4255.5,1.0018661068346162,1.009282105510516,31.5,-0.022753128555176305,0.022753128555176305,0.04423748544819558,-0.030474040632054177,0.02253026149918131,0.02922817140656829,625809.6,519372.55,-0.45072428803692244,1.0082396537899434,21.533789455401962,178.48297679767185,1011405184.0,69.82758620689656,78.44827586206894,0.011507479861910141,0.03699284009546533,-0.004750593824228044,0.008582397134066388,0.015133876600698487,4360.0
2025-09-04,4295.0,4455.0,4255.0,4360.0,707263,0.015133876600698537,0.015020501924724306,4290.0,4234.285714285715,4260.476190476191,0.022058029579059803,200.0,-65.0,53.64794428247336,9.056872709182244,-4.278885512778054,13.335758221960297,4507.102574269307,3990.3974257306927,0.12161345067104785,0.7153065443892824,4350.0,4317.0,4310.0,4248.75,1.0099606208014824,1.0261841718152398,68.25,0.015133876600698537,0.015133876600698537,0.045871559633027525,0.015133876600698487,0.022411589077540754,0.028982742827930244,704719.6,540451.4,0.35063553657772717,1.3086523598606645,21.849385206715628,180.01990702640958,1012112447.0,81.03448275862068,79.31034482758618,-0.022753128555176305,0.011507479861910141,0.03699284009546533,0.0012960759691441244,-0.008027522935779817,4325.0
2025-09-05,4360.0,4375.0,4305.0,4325.0,374091,-0.008027522935779796,-0.008059916977100286,4302.857142857143,4247.857142857143,4252.380952380952,0.019430610497059547,70.0,35.0,51.9649572740588,11.059178481832532,-1.2112727138559367,12.27045119568847,4485.972683002467,3999.027316997532,0.1147779295238504,0.6694235241970946,4326.666666666667,4344.0,4309.0,4242.5,0.9956261510128913,1.0194460813199764,101.5,-0.008027522935779796,0.008027522935779796,0.016184971098265895,-0.008027522935779817,0.022892146201828296,0.019079977858701743,715544.2,528124.75,-0.4710722885263332,0.7083383234737626,21.20442178229232,172.1613422388089,1011738356.0,75.0,75.28735632183906,0.015133876600698537,-0.022753128555176305,0.011507479861910141,-0.0052155916300858545,0.021965317919075144,4420.0
2025-09-08,4325.0,4500.0,4295.0,4420.0,602060,0.021965317919075078,0.021727555705764047,4332.857142857143,4275.714285714285,4250.952380952381,0.0201121993709606,205.0,-95.0,55.99976563859304,20.080253620156327,3.0470325529465168,17.03322106720981,4501.551383116009,3993.4486168839912,0.1196239590893508,0.8394982500867363,4368.333333333333,4359.0,4312.0,4247.5,1.0139940353292038,1.0406121247792819,111.5,0.021965317919075078,0.021965317919075078,0.04638009049773756,0.021965317919075144,0.01845619184810467,0.019973782594758238,632083.2,525420.7,0.6093945056149439,1.1458627343764722,21.70200736254607,174.50696065032255,1012340416.0,86.88524590163935,80.97324288675331,-0.008027522935779796,0.015133876600698537,-0.022753128555176305,0.009690557194664606,-0.00904977375565611,4380.0
2025-09-09,4425.0,4440.0,4350.0,4380.0,462318,-0.009049773755656076,-0.009090971701251963,4360.0,4305.357142857143,4253.809523809524,0.020593297602676336,90.0,45.0,53.94511528999835,23.728329541974745,7.183291950752163,16.54503759122258,4514.084188104645,3992.415811895354,0.1226517078021022,0.7429704497731499,4375.0,4356.0,4315.5,4253.25,1.0055096418732783,1.0298007406101217,102.75,-0.009049773755656076,0.009049773755656076,0.02054794520547945,-0.010169491525423728,0.018534170311589215,0.019903051295545857,533876.8,528382.2,-0.2321064345746271,0.8749689145470836,21.428812248838675,168.47074917529952,1011878098.0,77.57009345794393,79.8184464531944,0.021965317919075078,-0.008027522935779796,0.015133876600698537,0.0016293404092130686,0.0045662100456621,4400.0
2025-09-10,4380.0,4500.0,4355.0,4400.0,748961,0.004566210045662045,0.004555816535860661,4367.857142857143,4330.357142857143,4260.238095238095,0.015833041720771702,145.0,-20.0,54.83736351256386,27.9115419645741,11.328941953516551,16.582600011057547,4530.694907927375,3994.8050920726246,0.12571457764465446,0.7561160819618946,4400.0,4377.0,4332.0,4262.75,1.0052547406899703,1.0321975250718434,114.25,0.004566210045662045,0.004566210045662045,0.03295454545454545,0.0045662100456621,0.013763940262336396,0.017629677844509802,578938.6,538296.9,0.6200126319978889,1.3913529875427482,21.9158020119276,166.79426709134955,1012627059.0,77.27272727272727,80.57602221077015,-0.009049773755656076,0.021965317919075078,-0.008027522935779796,0.005827251403027016,0.11931818181818182,4925.0
2025-09-11,4410.0,5240.0,4380.0,4925.0,17905946,0.11931818181818188,0.11271973369983677,4443.571428571428,4372.5,4294.285714285715,0.045184124902523166,860.0,-515.0,70.81906908627346,72.75124922484883,23.61340340778301,49.13784581706582,4696.200758287309,3901.2992417126907,0.1849145720441102,1.287833444699703,4568.333333333333,4490.0,4403.5,4298.75,1.0968819599109132,1.1456818842686827,191.25,0.11931818181818188,0.11931818181818188,0.1746192893401015,0.11678004535147392,0.05378202913775234,0.0400519063454897,4018675.2,1419612.7,22.907714820931933,12.613261349380716,25.202722948040307,216.3089622991103,1030533005.0,71.23287671232876,75.35856581433329,0.004566210045662045,-0.009049773755656076,0.021965317919075078,0.03827820603606261,-0.013197969543147208,4860.0
2025-09-12,4930.0,4970.0,4730.0,4860.0,2772505,-0.013197969543147225,-0.013285836711649823,4524.285714285715,4406.071428571428,4325.476190476191,0.04390588006221812,240.0,70.0,67.62819005864816,101.86781475099087,39.26428567642459,62.60352907456628,4798.214928512551,3860.7850714874494,0.21652150526044606,1.0659090075107294,4728.333333333333,4597.0,4470.5,4329.5,1.0572112247117686,1.1225314701466682,267.5,-0.013197969543147225,0.013197969543147225,0.04938271604938271,-0.014198782961460446,0.05463686841137164,0.040634520886498306,4498358.0,1537990.7,-0.8451628861161538,1.8026799511856606,23.324055518600296,218.00117927774528,1027760500.0,65.29680365296804,71.26746921267465,0.11931818181818188,0.004566210045662045,-0.009049773755656076,0.0368954741068989,0.015432098765432098,4935.0
2025-09-15,5030.0,5170.0,4800.0,4935.0,3940720,0.015432098765432167,0.015314234973042575,4606.428571428572,4448.214285714285,4358.333333333333,0.04390308254450826,370.0,95.0,69.34452021648464,129.5019579438267,57.311820129905016,72.1901378139217,4900.704193071592,3838.2958069284077,0.2431418666078921,1.0322811899602096,4906.666666666667,4700.0,4529.5,4369.5,1.05,1.1294198420871953,330.5,0.015432098765432167,0.015432098765432167,0.07497467071935157,-0.018886679920477135,0.054797114302828596,0.039942084251558756,5166090.0,1715531.95,0.4213572202755269,2.297083420684762,23.690981957614746,228.85823790076347,1031701220.0,72.14611872146119,69.55859969558598,-0.013197969543147225,0.11931818181818188,0.004566210045662045,0.04051743701348894,-0.019250253292806486,4840.0
2025-09-16,4930.0,5060.0,4810.0,4840.0,1813301,-0.019250253292806496,-0.019437952156904578,4680.0,4491.428571428572,4391.9047619047615,0.045206896325293455,250.0,90.0,64.66752308332374,142.09848656563463,74.26915341705094,67.82933314858369,4955.536915630637,3864.463084369363,0.2474090320320349,0.8941071517616026,4878.333333333333,4792.0,4574.0,4410.0,1.010016694490818,1.0975056689342404,382.0,-0.019250253292806496,0.019250253292806496,0.05165289256198347,-0.018255578093306288,0.05647216522003088,0.041273732112832744,5436286.6,1788283.95,-0.5398554071337218,1.0139894170609762,22.89532949894731,230.36836376499465,1029887919.0,63.470319634703195,66.97108066971077,0.015432098765432167,-0.013197969543147225,0.11931818181818188,-0.005672041356840518,-0.023760330578512397,4725.0
2025-09-17,4845.0,4880.0,4705.0,4725.0,1116184,-0.023760330578512345,-0.02404715978283421,4723.571428571428,4528.214285714285,4425.0,0.04750472235123296,175.0,120.0,59.44114259960611,141.1744165506334,87.65020604376744,53.524210506865955,4968.317716703736,3927.682283296265,0.23395580787038464,0.766183517404349,4833.333333333333,4857.0,4617.0,4448.0,0.9728227300802965,1.0622751798561152,409.0,-0.023760330578512345,0.023760330578512345,0.037037037037037035,-0.02476780185758514,0.05989684792303227,0.04136479054857145,5509731.2,1821896.95,-0.3844463770769442,0.612649359778554,22.386049123002504,226.4134806389236,1028771735.0,52.96803652968037,62.861491628614885,-0.019250253292806496,0.015432098765432167,-0.013197969543147225,-0.009192828368628891,-0.0031746031746031746,4710.0
2025-09-18,4725.0,4800.0,4635.0,4710.0,966040,-0.0031746031746031633,-0.003179652917379684,4770.714285714285,4565.357142857143,4460.476190476191,0.04716984283008618,165.0,15.0,58.77390965748944,137.6450236152259,97.64916955805913,39.99585405716678,4978.24080791165,3983.7591920883497,0.22193296492374484,0.7302707223103546,4758.333333333333,4814.0,4652.0,4481.0,0.9783963439966764,1.0511046641374693,333.0,-0.0031746031746031633,0.0031746031746031633,0.03503184713375796,-0.0031746031746031746,0.015582046094449202,0.04153254014110298,2121750.0,1854620.9,-0.13451545623302252,0.5208827313441793,22.238403707435108,222.02680345042907,1027805695.0,51.37614678899082,55.938167651124765,-0.023760330578512345,-0.019250253292806496,0.015432098765432167,-0.015395062348640668,-0.016985138004246284,4630.0
2025-09-22,4760.0,4760.0,4600.0,4630.0,569775,-0.01698513800424628,-0.01713103993018367,4803.571428571428,4585.714285714285,4488.0952380952385,0.04831421999556204,160.0,130.0,55.214123388284314,126.92945908047568,103.50522746254245,23.42423161793323,4992.256479525217,3999.2435204747826,0.22087815360071952,0.6351946102781741,4688.333333333333,4768.0,4682.5,4495.75,0.9710570469798657,1.029861535895012,272.25,-0.01698513800424628,0.01698513800424628,0.03455723542116631,-0.0273109243697479,0.01593785275625619,0.042021894196733675,1681204.0,1847986.25,-0.41019523001117963,0.3083220992580437,21.69330897249888,217.59631748968414,1027235920.0,39.0,47.78139443955703,-0.0031746031746031633,-0.023760330578512345,-0.019250253292806496,-0.014640023919120596,-0.017278617710583154,4550.0
2025-09-23,4630.0,4665.0,4550.0,4550.0,539457,-0.017278617710583144,-0.017429635135283648,4750.0,4596.785714285715,4498.333333333333,0.013407022683942102,115.0,80.0,51.83322398836637,110.70581781728833,104.94534553349163,5.760472283796702,4998.234047957272,4009.2659520427283,0.2195876982324827,0.5467659171120482,4630.0,4691.0,4695.5,4503.75,0.9699424429759114,1.0102692200943657,187.25,-0.017278617710583144,0.017278617710583144,0.025274725274725275,-0.017278617710583154,0.007711075331963116,0.04236096403355229,1000951.4,1844923.85,-0.05321047782019217,0.29240068634811134,21.621200869427145,210.26800909756386,1026696463.0,31.0,40.458715596330244,-0.01698513800424628,-0.0031746031746031633,-0.023760330578512345,-0.012479452963144197,0.023076923076923078,4655.0
2025-09-24,4555.0,5010.0,4550.0,4655.0,2669458,0.023076923076922995,0.022814677766171264,4720.714285714285,4622.5,4510.952380952381,0.018498558507638395,460.0,-100.0,55.66997843336368,105.10945138240095,104.9781667032735,0.13128467912744668,5012.2139145542305,4026.2860854457695,0.21816182532687084,0.6376875629149791,4611.666666666667,4654.0,4723.0,4519.25,1.0002148689299528,1.0300381700503403,134.75,0.023076923076922995,0.023076923076922995,0.09881847475832438,0.021953896816684963,0.018732108274778187,0.04250777746026623,1172182.8,1957029.45,3.9484166485929366,1.3640356817318207,23.243083203306863,228.10600844773788,1029365921.0,40.609137055837564,36.86971235194583,-0.017278617710583144,-0.01698513800424628,-0.0031746031746031633,-0.0037289442126354766,-0.03759398496240601,4480.0
2025-09-25,4625.0,4835.0,4475.0,4480.0,2401262,-0.03759398496240607,-0.03831886430213666,4655.714285714285,4631.071428571428,4517.380952380952,0.019216570855563928,360.0,145.0,48.70635203429965,85.56689133931377,101.09591163048157,-15.529020291167797,5006.574509391615,4056.4254906083856,0.20967649095955626,0.4457979759154499,4561.666666666667,4605.0,4731.0,4531.5,0.9728555917480999,0.9886351097870463,73.5,-0.03759398496240607,0.03759398496240607,0.08035714285714286,-0.03135135135135135,0.022378017018941276,0.044791594833322894,1429198.4,2035919.45,-0.10046833477057893,1.1794484305358939,23.098883315951593,237.52700784432804,1026964659.0,19.576719576719576,30.395285544185686,0.023076923076922995,-0.017278617710583144,-0.01698513800424628,-0.010598559865355406,-0.020089285714285716,4390.0
2025-09-26,4520.0,4520.0,4370.0,4390.0,602590,-0.0200892857142857,-0.020293819339813796,4591.428571428572,4635.714285714285,4524.761904761905,0.019260955392002444,150.0,130.0,45.550635437553,62.10116035012197,93.29696137440966,-31.19580102428769,4996.361243893588,4084.6387561064116,0.20079781693363646,0.3349278404163581,4508.333333333333,4541.0,4677.5,4540.5,0.9667474124642149,0.9668538707190838,0.5,-0.0200892857142857,0.0200892857142857,0.03416856492027335,-0.028761061946902654,0.02229270509304068,0.018321679102568204,1356508.4,2050413.3,-0.7490527897413943,0.2938870909586862,21.696076817231823,231.27507871259033,1026362069.0,10.052910052910052,23.412922228489037,-0.03759398496240607,0.023076923076922995,-0.017278617710583144,-0.011535449199922923,0.05011389521640091,4610.0
2025-09-29,4390.0,4755.0,4390.0,4610.0,1277308,0.05011389521640086,0.04889862992147712,4575.0,4649.285714285715,4543.809523809524,0.029755683439073095,365.0,-220.0,53.48434637766178,60.55848039733519,86.74926517899478,-26.190784781659588,4987.065877144153,4135.934122855847,0.1865903221063918,0.5569829521171542,4493.333333333333,4537.0,4652.5,4561.5,1.0160899272647124,1.0106324673901128,-24.5,0.05011389521640086,0.05011389521640086,0.07917570498915401,0.05011389521640091,0.03591224467523363,0.026637725581093143,1498015.0,2098280.3,1.1196966428251383,0.6087404051784693,22.496248432383236,240.82685880454818,1027639377.0,29.213483146067414,19.61437092523232,-0.0200892857142857,-0.03759398496240607,0.023076923076922995,-0.002523125153430302,0.031453362255965296,4755.0
2025-09-30,4610.0,4830.0,4580.0,4755.0,1456794,0.0314533622559654,0.03096883898879658,4581.428571428572,4676.071428571428,4570.714285714285,0.0324940429712195,250.0,-145.0,57.8441908024992,70.22665444689119,83.44474303257405,-13.218088585682864,5003.13130843879,4160.86869156121,0.1838198640064558,0.7053991196253517,4585.0,4578.0,4634.5,4582.0,1.0386631716906947,1.0377564382365778,-4.0,0.0314533622559654,0.0314533622559654,0.052576235541535225,0.031453362255965296,0.03677323267104412,0.028421924929378437,1681482.4,2120151.75,0.140518966451318,0.6871177971105135,22.65870066389476,241.4820831756519,1029096171.0,45.19774011299435,28.15471110399058,0.05011389521640086,-0.0200892857142857,-0.03759398496240607,0.02049265725269352,-0.035751840168243953,4585.0
2025-10-01,4760.0,4765.0,4580.0,4585.0,734783,-0.035751840168243953,-0.036406590288925456,4575.0,4689.285714285715,4582.142857142857,0.03503910645691027,185.0,175.0,51.7231858105168,63.43987736951385,79.443769899962,-16.003892530448155,5003.339263484393,4179.660736515607,0.17939203462240796,0.4921085717459206,4650.0,4564.0,4609.0,4591.5,1.0046012269938651,0.9985843406294239,-27.5,-0.035751840168243953,0.035751840168243953,0.04034896401308615,-0.03676470588235294,0.04052045311787096,0.02988891061555259,1294547.4,2109223.4,-0.49561640149533837,0.34836660734941594,21.93787588149578,237.44764866310535,1028361388.0,24.71264367816092,33.0412889790742,0.0314533622559654,0.05011389521640086,-0.0200892857142857,0.01527180576804077,0.006543075245365322,4615.0
2025-10-02,4620.0,4625.0,4495.0,4615.0,482137,0.0065430752453652374,0.006521762246387224,4584.285714285715,4667.142857142857,4592.619047619048,0.03437552126192213,130.0,5.0,52.67491073312186,59.79280270923664,75.51357646181694,-15.7207737525803,4994.981748296816,4220.018251703184,0.16819609258678916,0.5096778751940787,4651.666666666667,4591.0,4598.0,4607.5,1.0052276192550642,1.0016277807921867,-16.5,0.0065430752453652374,0.0065430752453652374,0.028169014084507043,-0.0010822510822510823,0.03541553846337495,0.02930590162598952,910722.4,2107147.65,-0.3438375683705257,0.22881025921463075,21.523050732397895,229.77281661574068,1028843525.0,30.625,33.511794597051725,-0.035751840168243953,0.0314533622559654,0.05011389521640086,0.0007481991110288947,0.035752979414951244,4780.0
2025-10-10,4625.0,4795.0,4370.0,4780.0,970802,0.03575297941495115,0.035128678548549036,4602.142857142857,4661.428571428572,4615.714285714285,0.03589801669880337,425.0,-155.0,57.623131552630646,69.4164017337016,74.29414151619387,-4.87773978249227,5004.869079774794,4252.130920225206,0.16263112445707856,0.7012652050092056,4660.0,4669.0,4605.0,4628.5,1.0237738273720283,1.0327319866047315,40.5,0.03575297941495115,0.03575297941495115,0.08891213389121339,0.03351351351351351,0.033716730412161375,0.03162181374008808,984364.8,2120324.6,1.0135397200380805,0.4578553679941269,22.258073638690032,243.71761542890206,1029814327.0,51.25,35.52921455938694,0.0065430752453652374,-0.035751840168243953,0.0314533622559654,0.0021814048306908105,-0.02510460251046025,4660.0
2025-10-13,4700.0,4775.0,4650.0,4660.0,630340,-0.025104602510460206,-0.025425098365810056,4627.857142857143,4641.785714285715,4630.0,0.03363712432007775,125.0,40.0,53.26146256227144,66.59253884137433,72.75382098122996,-6.161282139855629,4993.516005412982,4296.983994587018,0.14994499990871618,0.521176341892039,4685.0,4679.0,4608.0,4645.25,0.9959393032699295,1.0031752865830688,33.75,-0.025104602510460206,0.025104602510460206,0.02682403433476395,-0.00851063829787234,0.03234807086057498,0.032259109727459115,854971.2,2133137.05,-0.3507017908904184,0.29549906322240294,21.80078536279128,235.5949286125519,1029183987.0,42.028985507246375,41.30132850241543,0.03575297941495115,0.0065430752453652374,-0.035751840168243953,0.00573048404995206,-0.03969957081545064,4475.0
2025-10-14,4670.0,4690.0,4430.0,4475.0,754754,-0.03969957081545061,-0.04050909641073578,4640.0,4615.714285714285,4637.142857142857,0.03693920078331754,260.0,195.0,47.315350686763445,48.863386560019535,67.97573409698788,-19.112347536968343,4989.581461348302,4306.418538651698,0.1469799747626083,0.2467661164673155,4638.333333333333,4623.0,4600.5,4648.0,0.9679861561756435,0.9627796901893287,-25.0,-0.03969957081545061,0.03969957081545061,0.05810055865921788,-0.0417558886509636,0.03211982983922538,0.034388240175081616,714563.2,2140771.75,0.1973760192911762,0.35256164044578786,21.94040877832821,237.33814799736962,1028429233.0,16.40625,36.561745169082094,-0.025104602510460206,0.03575297941495115,0.0065430752453652374,-0.009683731303653223,0.03798882681564246,4645.0
2025-10-15,4510.0,4670.0,4510.0,4645.0,523102,0.03798882681564253,0.037285020538983214,4645.0,4610.0,4647.857142857143,0.03471428410357479,160.0,-135.0,52.556848344361626,47.97743093719146,63.9760734650286,-15.998642527837141,4978.771238411077,4343.728761588923,0.13623866491223482,0.47441116052375365,4593.333333333333,4635.0,4599.5,4661.25,1.0021574973031284,0.9965138106731027,-26.25,0.03798882681564253,0.03798882681564253,0.03444564047362755,0.02993348115299335,0.03508063874388229,0.03584693962446612,672227.0,2143810.95,-0.30692384538538386,0.24400565730854204,21.61107840437162,234.31399456898606,1028952335.0,42.96875,33.80132850241543,-0.03969957081545061,-0.025104602510460206,0.03575297941495115,-0.008938448836756097,-0.02906350914962325,4510.0
2025-10-16,4650.0,4655.0,4485.0,4510.0,488230,-0.0290635091496233,-0.029494218751214912,4610.0,4595.714285714285,4654.047619047619,0.03354036257249641,170.0,140.0,48.43580349014812,35.96732404252907,58.374323580528696,-22.406999537999624,4968.643585294727,4364.856414705273,0.12938065475747662,0.24038865408986573,4543.333333333333,4614.0,4602.5,4666.75,0.9774599046380581,0.9664113140836771,-52.75,-0.0290635091496233,0.0290635091496233,0.037694013303769404,-0.030107526881720432,0.03772068688126878,0.03493321693186646,673445.6,2130774.4,-0.06666386287951487,0.22913265712221811,21.5125943182292,229.7201378140585,1028464105.0,21.875,27.083333333333304,0.03798882681564253,-0.03969957081545061,-0.025104602510460206,-0.010258084383143795,-0.038802660753880266,4335.0
2025-10-17,4515.0,4530.0,4330.0,4335.0,768818,-0.03880266075388028,-0.03957554328208182,4574.285714285715,4574.642857142857,4650.952380952381,0.03401271498242061,200.0,180.0,43.6569830655623,12.187698138818632,49.136998492186684,-36.94930035336805,4948.063448872469,4326.436551127531,0.13405076235806526,0.013775866043658155,4496.666666666667,4525.0,4597.0,4637.25,0.958011049723757,0.9348212841662623,-112.25,-0.03880266075388028,0.03880266075388028,0.0461361014994233,-0.03986710963455149,0.03243017147872008,0.03665979236669986,633048.8,1273918.0,0.574704544989042,0.6035066621242497,21.927086438990166,227.59727082734003,1027695287.0,0.7352941176470589,21.85968137254899,-0.0290635091496233,0.03798882681564253,-0.03969957081545061,-0.00995911436262035,0.06113033448673587,4600.0
2025-10-20,4410.0,4645.0,4380.0,4600.0,841775,0.06113033448673577,0.05933469326254405,4572.142857142857,4578.214285714285,4635.476190476191,0.04255749762080438,265.0,-190.0,51.46594474292696,14.55764709586856,42.22112821292306,-27.663481117054502,4917.063484734062,4331.436515265938,0.12664258408782467,0.4585913879239129,4481.666666666667,4513.0,4596.0,4624.25,1.0192776423664969,0.994755906363194,-111.25,0.06113033448673577,0.06113033448673577,0.057608695652173914,0.04308390022675737,0.04767648735258007,0.038475559621577234,675335.8,1177381.5,0.09489502066809052,0.7149551780794925,22.077079619347423,233.4831800539586,1028537062.0,39.705882352941174,20.77205882352938,-0.03880266075388028,-0.0290635091496233,0.03798882681564253,-0.002245278472255937,0.043478260869565216,4800.0
2025-10-21,4655.0,4890.0,4645.0,4800.0,1628525,0.04347826086956519,0.0425596144187959,4575.0,4588.571428571428,4632.619047619048,0.04367143214395796,245.0,-145.0,56.3796707682016,32.202961554002286,40.217494881138904,-8.014533327136618,4885.30786514137,4349.69213485863,0.11599690964433992,0.8407293506926361,4578.333333333333,4578.0,4600.5,4617.5,1.0484927916120577,1.0395235517054684,-39.5,0.04347826086956519,0.04347826086956519,0.051041666666666666,0.031149301825993556,0.04556262162694371,0.03972014610123127,850090.0,1061771.75,0.9346321760565472,1.5337806830893739,22.779556452155006,237.52009576439013,1030165587.0,83.92857142857143,41.456582633053195,0.06113033448673577,-0.03880266075388028,-0.0290635091496233,0.021935311534140228,-0.022916666666666665,4690.0
2025-10-22,4865.0,4870.0,4585.0,4690.0,654611,-0.022916666666666696,-0.02318333545565728,4579.285714285715,4603.571428571428,4620.952380952381,0.04345649751853022,285.0,175.0,53.19002866871173,36.885724031982136,39.55114071130755,-2.6654166793254177,4859.33596020757,4360.66403979243,0.10817178317031226,0.6604261173025359,4696.666666666667,4587.0,4611.0,4610.0,1.0224547634619576,1.017353579175705,-23.0,-0.022916666666666696,0.022916666666666696,0.060767590618336885,-0.03597122302158273,0.04600150622067112,0.03856802510246108,876391.8,1003837.25,-0.5980344176478716,0.6521086959066322,21.844984306829282,240.91151749550514,1029510976.0,64.28571428571429,62.64005602240894,0.04347826086956519,0.06113033448673577,-0.03880266075388028,0.027230642896544754,0.054371002132196165,4945.0
2025-10-23,4700.0,5150.0,4660.0,4945.0,3959532,0.054371002132196145,0.05294438261648742,4646.428571428572,4643.214285714285,4625.952380952381,0.04296108619300451,490.0,-245.0,58.98316493856964,60.47608524371026,43.736129617788094,16.739955625922164,4908.229964717433,4333.770035282567,0.12431506804476658,1.064008007170735,4811.666666666667,4674.0,4644.0,4621.0,1.0579803166452717,1.0701146937892232,53.0,0.054371002132196145,0.054371002132196145,0.09908998988877654,0.052127659574468084,0.046696870616549736,0.04188840002688783,1570652.2,1146004.65,5.048679291976456,3.4550749859522822,23.697768638536346,258.7035519601119,1033470508.0,75.0,74.40476190476188,-0.022916666666666696,0.04347826086956519,0.06113033448673577,0.024977532111698213,0.0,4945.0
2025-10-24,5030.0,5100.0,4840.0,4945.0,1558291,0.0,0.0,4689.285714285715,4667.142857142857,4636.428571428572,0.041930634504008725,260.0,85.0,58.983164938569644,78.26937581992206,50.642778858214896,27.626596961707165,4952.67556700122,4312.82443299878,0.13811475559925307,0.9880041362852525,4860.0,4796.0,4660.5,4632.75,1.031067556296914,1.0674005720144621,163.25,0.0,0.0,0.0525783619817998,-0.016898608349900597,0.03676286243584448,0.040739274388714115,1728546.8,1175617.2,-0.6064456607498058,1.3255088476078778,22.765232510079002,258.79615539153247,1033470508.0,75.0,71.4285714285714,0.054371002132196145,-0.022916666666666696,0.04347826086956519,0.010484778488509816,-0.030333670374115267,4795.0
2025-10-27,4980.0,5010.0,4695.0,4795.0,1333889,-0.030333670374115274,-0.0308032567392739,4730.0,4670.0,4640.476190476191,0.042133049654722136,315.0,185.0,54.39094754371618,79.35221743011698,56.384666572595314,22.967550857521665,4969.034016207882,4312.965983792118,0.14136350623050287,0.7347317540117654,4895.0,4835.0,4674.0,4641.0,0.9917269906928645,1.0331825037707392,194.0,-0.030333670374115274,0.030333670374115274,0.06569343065693431,-0.03714859437751004,0.03838638225726425,0.04118741679526541,1826969.6,1213822.9,-0.1440051954352557,1.0989156655390173,22.57893828107378,262.8107157207087,1032136619.0,56.707317073170735,68.90243902439022,0.0,0.054371002132196145,-0.022916666666666696,0.00801244391936029,-0.009384775808133473,4750.0
2025-10-28,4800.0,4850.0,4720.0,4750.0,463519,-0.009384775808133461,-0.00942909028885169,4789.285714285715,4681.785714285715,4646.190476190476,0.03767454025721037,130.0,50.0,53.056387909463965,75.7065552451686,60.24904430710997,15.457510938058633,4979.547040611746,4322.452959388254,0.14128017226908005,0.650663356783955,4830.0,4825.0,4701.5,4651.0,0.9844559585492227,1.021285745001075,174.0,-0.009384775808133461,0.009384775808133461,0.02736842105263158,-0.010416666666666666,0.03345118067466811,0.038684706912136574,1593968.4,1210026.0,-0.6525055683044092,0.3830653225633168,21.512502553079518,253.32423602637235,1031673100.0,51.21951219512195,60.97560975609753,-0.030333670374115274,0.0,0.054371002132196145,-0.013239482060749578,-0.011578947368421053,4695.0
2025-10-29,4850.0,4870.0,4690.0,4695.0,529099,-0.011578947368421022,-0.011646505386323579,4802.857142857143,4687.5,4653.0952380952385,0.0323150882306019,180.0,155.0,51.3964962862763,67.60005005473795,61.71924545663556,5.880804598102387,4982.136030108812,4323.863969891188,0.1414726112653392,0.5638034067344662,4746.666666666667,4826.0,4706.5,4653.0,0.9728553667633651,1.0090264345583495,173.0,-0.011578947368421022,0.011578947368421022,0.038338658146964855,-0.031958762886597936,0.03200232044872629,0.03737603098257832,1568866.0,1103008.05,0.14148287340972,0.4796873422637305,21.633184230933466,248.0867905959172,1031144001.0,44.51219512195122,50.81300813008127,-0.009384775808133461,-0.030333670374115274,0.0,-0.017099131183556587,0.01703940362087327,4775.0
2025-10-30,4800.0,5150.0,4705.0,4775.0,2363871,0.017039403620873195,0.016895861272467266,4799.285714285715,4687.142857142857,4658.809523809524,0.028271124109071906,445.0,25.0,53.667110836460374,66.86019499038593,62.74743536338564,4.112759627000294,4990.623203073834,4344.876796926166,0.1383421147550035,0.6660868709124095,4740.0,4792.0,4733.0,4667.75,0.9964524207011686,1.022976808955064,124.25,0.017039403620873195,0.017039403620873195,0.09319371727748692,-0.005208333333333333,0.017305323591629906,0.03597837787592052,1249733.8,1101138.5,3.4677291017371044,2.1467517483041414,23.146960340494715,262.8663055533517,1033507872.0,54.26829268292683,49.99999999999997,-0.011578947368421022,-0.009384775808133461,-0.030333670374115274,-0.0013081065185604295,-0.030366492146596858,4630.0
2025-10-31,4710.0,4735.0,4605.0,4630.0,674807,-0.030366492146596813,-0.030837105834550817,4790.714285714285,4685.0,4665.952380952381,0.02940864640627701,130.0,80.0,49.18226931646055,53.95164535318327,60.98827736134517,-7.036632008161902,4975.891413588347,4383.608586411653,0.12656292049290965,0.4160029673033923,4700.0,4729.0,4762.5,4679.75,0.9790653415098329,0.989369090229179,49.25,-0.030366492146596813,0.030366492146596813,0.028077753779697623,-0.016985138004246284,0.019490241031161013,0.03488561303157083,1073037.0,1104749.35,-0.7145330688518958,0.6108236225710384,21.862494150444476,256.2329980138266,1032833065.0,36.58536585365854,45.12195121951216,0.017039403620873195,-0.011578947368421022,-0.009384775808133461,-0.00830201196471488,0.02159827213822894,4730.0
2025-11-03,4645.0,4860.0,4630.0,4730.0,643970,0.021598272138228847,0.0213683344056988,4760.0,4703.214285714285,4682.142857142857,0.02075296168303341,230.0,-85.0,52.15201474231895,51.200483724568585,59.03071863398985,-7.830234909421264,4980.801734981831,4390.698265018169,0.12593575627459042,0.5749868493447851,4711.666666666667,4716.0,4775.5,4685.75,1.0029686174724344,1.0094435255828842,30.25,0.021598272138228847,0.021598272138228847,0.048625792811839326,0.01829924650161464,0.021615251602826336,0.029983634389479433,935053.2,1073082.45,-0.045697510547460185,0.6001123212852844,21.83708790196478,254.35921244141042,1033477035.0,48.78048780487805,46.54471544715445,-0.030366492146596813,0.017039403620873195,-0.011578947368421022,0.0027570612041684095,-0.03276955602536998,4575.0
2025-11-04,4730.0,4730.0,4555.0,4575.0,537478,-0.03276955602537002,-0.033318503776357,4707.142857142857,4698.214285714285,4680.476190476191,0.022776027135449954,175.0,155.0,47.516822728116786,36.096861551443,54.44394721748048,-18.34708566603748,4973.881461247639,4379.618538752361,0.12706749826167274,0.3287794911168995,4645.0,4681.0,4753.0,4676.75,0.9773552659688101,0.9782434382851339,4.25,-0.03276955602537002,0.03276955602537002,0.03825136612021858,-0.03276955602536998,0.0256249473372222,0.028244635907855233,949845.0,1027116.65,-0.1653679519232263,0.5232881776378564,21.62300508603003,248.69069726702398,1032939557.0,29.878048780487806,38.414634146341434,0.021598272138228847,-0.030366492146596813,0.017039403620873195,-0.013845925344579327,-0.05245901639344262,4335.0
2025-11-05,4575.0,4580.0,4200.0,4335.0,1066753,-0.05245901639344264,-0.05388508849497948,4641.428571428572,4685.714285714285,4660.476190476191,0.027319884132109538,380.0,240.0,41.38359511670186,4.706879945131732,44.49653376301073,-39.789653817879,4996.582664659974,4331.917335340026,0.14250208057457228,0.004637920053883992,4546.666666666667,4609.0,4717.5,4664.25,0.9405510956823606,0.9294098729699308,-55.25,-0.05245901639344264,0.05245901639344264,0.08765859284890427,-0.05245901639344262,0.0328643223918114,0.031723361275937195,1057375.8,1043715.15,0.9847379799731337,1.0220729286146704,22.25460690275747,258.0699331765223,1031872804.0,14.210526315789474,30.956354300385083,-0.03276955602537002,0.021598272138228847,-0.030366492146596813,-0.021210100093527934,-0.006920415224913495,4305.0
2025-11-06,4405.0,4485.0,4260.0,4305.0,459524,-0.00692041522491349,-0.006944472352811046,4577.857142857143,4683.571428571428,4647.142857142857,0.02741133112207273,225.0,100.0,40.676816596129946,-22.333212537820145,31.13058450284456,-53.4637970406647,5017.658418245817,4279.841581754183,0.15871295218964981,0.03409846048708669,4405.0,4515.0,4653.5,4648.75,0.9534883720930233,0.9260553912342028,-133.75,-0.00692041522491349,0.00692041522491349,0.05226480836236934,-0.022701475595913734,0.028396465425030062,0.023256251307070777,676506.4,1042584.5,-0.5692311153566008,0.4407546822343896,21.40547886746676,255.70779509248496,1031413280.0,11.052631578947368,18.380402225074857,-0.05245901639344264,-0.03276955602537002,0.021598272138228847,-0.030716329214575382,-0.036004645760743324,4150.0
2025-11-07,4240.0,4265.0,4100.0,4150.0,603543,-0.03600464576074336,-0.03666880363708723,4500.0,4651.428571428572,4625.0,0.02864887986956121,165.0,90.0,37.14683775732578,-55.628633001240814,13.778741002027484,-69.4073740032683,5042.288388359153,4192.211611640847,0.1841088909455425,-0.04965623435074127,4263.333333333333,4419.0,4574.0,4617.25,0.9391264992079656,0.8988034002923818,-198.25,-0.03600464576074336,0.03600464576074336,0.03975903614457831,-0.02122641509433962,0.029007306074290858,0.023713552307874603,662253.6,1024221.55,0.3134090928874227,0.5892699680064337,21.641436181641108,252.08580972873602,1030809737.0,4.761904761904762,10.008354218880507,-0.00692041522491349,-0.05245901639344264,-0.03276955602537002,-0.031794692459699826,0.016867469879518072,4220.0
2025-11-10,4145.0,4245.0,4110.0,4220.0,263609,0.01686746987951815,0.016726793805313583,4420.714285714285,4610.0,4598.333333333333,0.02861497563648743,135.0,-75.0,39.692200326958755,-75.49679851530254,-4.07636690143852,-71.42043161386403,5055.095225678104,4135.404774321896,0.2001393724729248,0.09198228116140245,4225.0,4317.0,4516.5,4595.25,0.9775306926106092,0.9183395897938088,-278.25,0.01686746987951815,0.01686746987951815,0.031990521327014215,0.018094089264173704,0.027283733102460492,0.02542648453879347,586181.4,1005885.0,-0.5632307888584575,0.2620667372512762,20.829812631596997,243.72253760525487,1031073346.0,11.428571428571429,9.081035923141158,-0.03600464576074336,-0.00692041522491349,-0.05245901639344264,-0.008685863702046234,-0.023696682464454975,4120.0
2025-11-11,4245.0,4295.0,4090.0,4120.0,386269,-0.023696682464455,-0.02398196468648544,4347.857142857143,4569.285714285715,4572.619047619048,0.028202833918452654,205.0,125.0,37.364291759138496,-98.17987065862417,-22.897067652875652,-75.28280300574852,5082.11553890587,4072.8844610941296,0.2204764779490422,0.04668458982459039,4163.333333333333,4226.0,4453.5,4577.5,0.9749171793658306,0.9000546149645002,-351.5,-0.023696682464455,0.023696682464455,0.04975728155339806,-0.02944640753828033,0.02670537415536687,0.02563993498530406,555939.6,987460.75,0.46531036497236444,0.3911740289424162,21.18789773989471,240.95664206202238,1030687077.0,2.830188679245283,6.3402216232404625,0.01686746987951815,-0.03600464576074336,-0.00692041522491349,-0.014277952781893402,-0.024271844660194174,4020.0
2025-11-12,4130.0,4155.0,3955.0,4020.0,711655,-0.024271844660194164,-0.024571260730505317,4246.428571428572,4503.214285714285,4550.952380952381,0.022679806940131223,200.0,110.0,35.14454537488503,-122.80985743007386,-42.879625608315294,-79.93023182175857,5107.497435816436,3985.002564183563,0.24690566326816016,0.031178258984405557,4120.0,4163.0,4386.0,4546.25,0.9656497717991833,0.884245257080011,-383.25,-0.024271844660194164,0.024271844660194164,0.04975124378109453,-0.026634382566585957,0.02051475182852802,0.025829643070091092,484920.0,996888.4,0.8423818634164275,0.7138762974872613,21.77438570436237,238.03116762902079,1029975422.0,5.439330543933054,6.566030217249893,-0.023696682464455,0.01686746987951815,-0.03600464576074336,-0.010367019081710338,0.004975124378109453,4040.0
2025-11-13,3995.0,4055.0,3965.0,4040.0,329431,0.004975124378109541,0.004962789342129097,4170.0,4438.571428571428,4522.142857142857,0.024393682514529082,90.0,-45.0,35.963926538312975,-139.11187148257613,-62.12607478316747,-76.98579669940867,5128.020491946412,3917.479508053588,0.26765595796646385,0.10121135391254098,4060.0,4110.0,4312.5,4522.75,0.9829683698296837,0.8932618429053121,-412.75,0.004975124378109541,0.004975124378109541,0.022277227722772276,0.011264080100125156,0.02227224372383911,0.024404208688992745,458901.4,988948.45,-0.5370917087633755,0.3331124084374671,21.009122174508075,227.45751279837643,1030304853.0,7.112970711297071,5.127496644825107,-0.024271844660194164,-0.023696682464455,0.01686746987951815,-0.014331134248846541,-0.018564356435643563,3965.0
2025-11-14,3985.0,4095.0,3930.0,3965.0,369393,-0.01856435643564358,-0.01873883688624741,4117.142857142857,4379.285714285715,4496.190476190476,0.01866459586895528,165.0,20.0,34.21806091357831,-156.28169022476322,-80.95719787148663,-75.3244923532766,5154.620542156748,3853.879457843252,0.2887808368348773,0.0854286402550243,4008.3333333333335,4073.0,4246.0,4504.25,0.9734839184876013,0.880279735805073,-431.25,-0.01856435643564358,0.01856435643564358,0.0416141235813367,-0.005018820577164366,0.018742395418024624,0.023929371723373716,412071.4,968977.2,0.12130613087414366,0.381219496186288,21.10487753167136,222.9962618842067,1029935460.0,2.8688524590163933,5.140384571415478,0.004975124378109541,-0.024271844660194164,-0.023696682464455,-0.012620358905909401,0.01639344262295082,4030.0
2025-11-17,3975.0,4065.0,3940.0,4030.0,251959,0.016393442622950838,0.016260520871780326,4077.8571428571427,4327.857142857143,4481.666666666667,0.021683163323576872,125.0,-55.0,37.069359135339916,-162.7676543079624,-97.3192891587818,-65.4483651491806,5157.645770704924,3793.854229295076,0.3047068181667537,0.17315386078784692,4011.6666666666665,4035.0,4176.0,4475.75,0.9987608426270136,0.900407752890577,-440.75,0.016393442622950838,0.016393442622950838,0.031017369727047148,0.013836477987421384,0.01857972186589832,0.023083525850214195,409741.4,939486.4,-0.3179107346376353,0.2681880227324206,20.738543310769607,215.99652889247764,1030187419.0,8.19672131147541,6.059514827262928,-0.01856435643564358,0.004975124378109541,-0.024271844660194164,0.0009347368551389327,-0.028535980148883373,3915.0
2025-11-18,4000.0,4075.0,3870.0,3915.0,318811,-0.028535980148883366,-0.028951046515825182,4044.285714285714,4272.142857142857,4449.047619047619,0.02021372814522697,205.0,85.0,34.24149910785138,-175.16813723003543,-112.88905877303253,-62.279078457002896,5139.172984245957,3723.8270157540433,0.31938304603224954,0.13507155741550333,3970.0,3994.0,4110.0,4431.5,0.9802203304957436,0.8834480424235586,-437.5,-0.028535980148883366,0.028535980148883366,0.05236270753512133,-0.02125,0.019630871556425872,0.022771272182425133,396249.8,874000.7,0.26532888287380096,0.36477201906131196,20.944924338920494,215.21106254301495,1029868608.0,3.515625,4.860399590163905,0.016393442622950838,-0.01856435643564358,0.004975124378109541,-0.01023563132052537,-0.001277139208173691,3910.0
2025-11-19,3945.0,4010.0,3855.0,3910.0,260091,-0.0012771392081737387,-0.0012779554454920687,4000.0,4210.357142857143,4406.666666666667,0.017451048366278175,155.0,35.0,34.11962710325837,-183.2862576136531,-126.96849854115666,-56.31775907249644,5125.701343783762,3659.2986562162378,0.3338423876078599,0.17096350539266045,3951.6666666666665,3972.0,4067.5,4392.5,0.9843907351460222,0.8901536710301651,-420.5,-0.0012771392081737387,0.0012771392081737387,0.03964194373401535,-0.008871989860583017,0.018084310674385377,0.018893417839612264,305937.0,854274.7,-0.18418436001267213,0.30445827319947555,20.74007950272469,210.91027236137103,1029608517.0,5.472636815920398,5.728327709131907,-0.028535980148883366,0.016393442622950838,-0.01856435643564358,-0.004473225578035422,0.020460358056265986,3990.0
2025-11-20,3915.0,4020.0,3915.0,3990.0,222949,0.020460358056265893,0.020253856904497596,3981.4285714285716,4164.642857142857,4373.333333333333,0.019778301076928587,105.0,-75.0,37.92644802883418,-181.17610967929522,-137.8100207687844,-43.366088910510825,5050.317893708025,3639.1821062919757,0.3247910207528739,0.24860675835485113,3938.3333333333335,3962.0,4036.0,4344.75,1.0070671378091873,0.9183497324356983,-382.75,0.020460358056265893,0.020460358056265893,0.02631578947368421,0.019157088122605363,0.02133881892632827,0.021243817409070265,284640.6,667445.55,-0.1428038648011657,0.33403324061415945,20.60624483574301,203.70239576413024,1029831466.0,13.432835820895523,7.473699212271945,-0.0012771392081737387,-0.028535980148883366,0.016393442622950838,-0.0031175871002637376,-0.043859649122807015,3815.0
2025-11-21,3950.0,3950.0,3780.0,3815.0,359241,-0.04385964912280704,-0.04485056616535179,3952.1428571428573,4099.285714285715,4319.523809523809,0.024188130439942317,170.0,135.0,33.38227301920212,-191.41828882269783,-148.5316743795671,-42.886614443130725,4972.072653216922,3604.427346783078,0.31892853878245064,0.15396729855783542,3905.0,3932.0,4002.5,4288.25,0.9702441505595117,0.8896402961581065,-356.25,-0.04385964912280704,0.04385964912280704,0.04456094364351245,-0.03417721518987342,0.028088458500030913,0.022526900753131733,282610.2,607493.05,0.6113146952890571,0.5913499751149416,21.03844469588361,204.15222463812094,1029472225.0,3.6842105263157894,7.5298943877105415,0.020460358056265893,-0.0012771392081737387,-0.028535980148883366,-0.008225476758238296,0.011795543905635648,3860.0
2025-11-24,3850.0,3950.0,3700.0,3860.0,438013,0.011795543905635641,0.011726518740319158,3926.4285714285716,4048.214285714286,4267.857142857143,0.024892735182862186,250.0,-10.0,35.521643435145194,-193.6716395610024,-157.55966741585416,-36.11197214514823,4907.051611348376,3575.9483886516236,0.3138284151118125,0.21339563041016543,3888.3333333333335,3898.0,3966.5,4241.5,0.9902514109799897,0.910055404927502,-343.5,0.011795543905635641,0.011795543905635641,0.06476683937823834,0.0025974025974025974,0.027176698705772325,0.021950753990631604,319821.0,562699.25,0.2192734125559166,0.7784140462245152,21.248426332333764,207.42706573539803,1029910238.0,18.181818181818183,11.766288176343133,-0.04385964912280704,0.020460358056265893,-0.0012771392081737387,-0.0038679157203018364,0.0051813471502590676,3880.0
2025-11-25,3870.0,3935.0,3825.0,3880.0,203244,0.005181347150259086,0.005167970158442598,3914.285714285714,4015.714285714286,4224.285714285715,0.02457343923175463,110.0,-10.0,36.49772835309544,-191.63455948917908,-164.37464583051917,-27.25991365865991,4836.801509407305,3559.1984905926947,0.304336116916296,0.2510963927628727,3851.6666666666665,3891.0,3942.5,4198.0,0.9971729632485222,0.9242496426869938,-307.0,0.005181347150259086,0.005181347150259086,0.028350515463917526,0.002583979328165375,0.02499025205459248,0.021649990350622855,296707.6,549685.5,-0.5359863748336237,0.3697459729245178,20.48575294056453,200.46798961144103,1030113482.0,22.929936305732483,14.931988337955454,0.011795543905635641,-0.04385964912280704,0.020460358056265893,-0.008960919355637439,0.019329896907216496,3955.0
2025-11-26,3900.0,3955.0,3855.0,3955.0,217166,0.019329896907216426,0.019145447584435055,3903.5714285714284,3990.714285714286,4186.428571428572,0.02497312069128972,100.0,-55.0,40.15627194886922,-181.8717809771897,-167.87407285985327,-13.99770811733643,4763.2728879660335,3558.7271120339665,0.28948468539583444,0.32898117770526486,3898.3333333333335,3900.0,3936.0,4161.0,1.014102564102564,0.9504926700312425,-261.0,0.019329896907216426,0.019329896907216426,0.025284450063211124,0.014102564102564103,0.026686141096570387,0.021899014744660193,288122.6,534088.85,0.06849894707838855,0.40661024846334093,20.571153198401426,193.29170463919525,1030330648.0,42.857142857142854,27.989632448231145,0.005181347150259086,0.011795543905635641,-0.04385964912280704,0.012102262654370385,-0.008849557522123894,3920.0
2025-11-27,3970.0,3985.0,3910.0,3920.0,145515,-0.008849557522123908,-0.00888894741724604,3904.285714285714,3974.285714285714,4149.523809523809,0.02248322770000984,75.0,50.0,39.02629961138985,-174.9422903370023,-169.2877163552831,-5.65457398171921,4654.8109299780845,3581.689070021916,0.26057715290625105,0.31525863240909313,3918.3333333333335,3886.0,3924.0,4118.25,1.008749356664951,0.9518606204091544,-232.25,-0.008849557522123908,0.008849557522123908,0.01913265306122449,-0.012594458438287154,0.024938934172069577,0.0218874970324723,272635.8,423171.05,-0.3299365462365196,0.34386804106755414,20.1618813876011,184.84229716496702,1030185133.0,36.97478991596638,34.25395635961387,0.019329896907216426,0.005181347150259086,0.011795543905635641,0.0052205621784505345,0.02806122448979592,4030.0
2025-11-28,3940.0,4050.0,3930.0,4030.0,224018,0.028061224489795977,0.0276747221562205,3921.4285714285716,3960.714285714286,4114.047619047619,0.02472151951835907,120.0,-90.0,44.32850596389987,-158.74462911933915,-167.17909890809432,8.434469788755166,4568.4722621376795,3608.0277378623205,0.23492803137659368,0.4393509999508314,3968.3333333333335,3929.0,3930.5,4088.25,1.0257062865869178,0.9857518498134898,-159.25,0.028061224489795977,0.028061224489795977,0.02977667493796526,0.02284263959390863,0.01404380067315034,0.02308770552261012,245591.2,400631.6,0.5394839020032298,0.5591620830708312,20.621003340799973,180.92499022461223,1030409151.0,55.46218487394958,45.09803921568624,-0.008849557522123908,0.019329896907216426,0.005181347150259086,0.012847187958296166,-0.031017369727047148,3905.0
2025-12-01,4030.0,4045.0,3890.0,3905.0,283010,-0.03101736972704716,-0.031508592666942344,3909.285714285714,3945.3571428571427,4079.5238095238096,0.0268135361100557,155.0,125.0,40.0648726123743,-154.21660817536622,-164.5866007615487,10.36999258618249,4426.229135012203,3667.7708649877964,0.1874124709721786,0.3127780978702622,3951.6666666666665,3938.0,3918.0,4047.0,0.9916201117318436,0.9649122807017544,-109.0,-0.03101736972704716,0.03101736972704716,0.03969270166453265,-0.031017369727047148,0.023430905497803606,0.024592782687307448,214590.6,382583.6,0.2633359819300234,0.7397337470816836,20.823250574868766,179.0732052085685,1030126141.0,45.05494505494506,45.83063994828697,0.028061224489795977,-0.008849557522123908,0.019329896907216426,-0.003935234253125031,0.015364916773367477,3965.0
2025-12-02,3870.0,3970.0,3855.0,3965.0,224334,0.015364916773367376,0.01524807179516192,3930.714285714286,3941.4285714285716,4043.095238095238,0.019952018935019408,115.0,-95.0,42.90364804525866,-144.1252344081463,-160.49432749086822,16.369093082721918,4303.94061171511,3729.05938828489,0.143129895040513,0.410416277483011,3966.6666666666665,3955.0,3923.0,4016.5,1.0025284450063212,0.987177891198805,-61.5,0.015364916773367376,0.015364916773367376,0.029003783102143757,0.02454780361757106,0.024149366012029636,0.023391320465028783,218808.6,366926.4,-0.2073283629553726,0.6113869157411405,20.606152426915738,174.49654769367078,1030350475.0,67.0886075949367,55.868579174610424,-0.03101736972704716,0.028061224489795977,-0.008849557522123908,0.004136257178705398,0.0,3965.0
2025-12-03,4000.0,4005.0,3925.0,3965.0,199839,0.0,0.0,3945.714285714286,3936.0714285714284,4014.0476190476193,0.019834955569770833,80.0,35.0,42.90364804525867,-134.5764346257588,-155.31074891784635,20.73431429208756,4243.729847382721,3752.270152617278,0.12292638688480319,0.4328530897823685,3945.0,3957.0,3928.5,3998.0,1.0020217336365933,0.9917458729364682,-41.0,0.0,0.0,0.0201765447667087,-0.00875,0.02270116340389559,0.023377840469962174,215343.2,323580.7,-0.10918986867795344,0.617586277549928,20.49052845667468,167.74679428698002,1030350475.0,67.0886075949367,59.74405341493946,0.015364916773367376,-0.03101736972704716,0.028061224489795977,-0.005217484317893262,-0.013871374527112233,3910.0
2025-12-04,3975.0,4005.0,3865.0,3910.0,260291,-0.013871374527112179,-0.013968481089536851,3950.0,3932.1428571428573,3993.809523809524,0.02091008719728539,140.0,65.0,40.84686203469484,-129.9490110398342,-150.23840134224392,20.289390302409714,4179.568679029828,3776.9313209701727,0.10120966707965942,0.330492629077185,3946.6666666666665,3955.0,3920.5,3978.25,0.988621997471555,0.9828442154213536,-23.25,-0.013871374527112179,0.013871374527112179,0.03580562659846547,-0.016352201257861635,0.023332259866294225,0.022822257561220093,238298.4,313619.05,0.30250351532984054,0.8299591494840636,20.740848168857074,165.7648804093386,1030090184.0,56.0,63.39240506329111,0.0,0.015364916773367376,-0.03101736972704716,0.000497847415418399,-0.0025575447570332483,3900.0
2025-12-05,3910.0,3935.0,3845.0,3900.0,240205,-0.002557544757033292,-0.002560820861673704,3942.1428571428573,3922.8571428571427,3974.5238095238096,0.019338471202456905,90.0,10.0,40.46700693083303,-125.6403571073879,-145.31879249527273,19.678435387884832,4152.699894779039,3778.8001052209615,0.0942822390614833,0.3241507434981122,3925.0,3929.0,3929.0,3965.75,0.9926189870195978,0.983420538359705,-36.75,-0.002557544757033292,0.002557544757033292,0.023076923076923078,-0.0025575447570332483,0.017257397470071458,0.017472382624352103,241535.8,295452.15,-0.07716747793815382,0.8130081300813008,20.65797983758325,160.35310323724298,1029849979.0,53.333333333333336,58.80731364275665,-0.013871374527112179,0.0,0.015364916773367376,-0.00547630642804849,0.0,3900.0
2025-12-08,3900.0,3930.0,3850.0,3900.0,235954,0.0,0.0,3939.285714285714,3921.785714285714,3962.6190476190477,0.0191011512239876,80.0,0.0,40.46700693083302,-120.83283215054371,-140.42160042632693,19.588768275783224,4095.260896680044,3804.239103319956,0.07368106674095523,0.32905060330501373,3903.3333333333335,3928.0,3933.0,3949.75,0.9928716904276986,0.9874042660927906,-21.75,0.0,0.0,0.020512820512820513,0.0,0.010426052868170721,0.017158734986712405,232124.6,294069.4,-0.017697383484939988,0.8023752216313563,20.640123982959498,154.61359586315422,1029849979.0,57.142857142857146,55.492063492063465,-0.002557544757033292,-0.013871374527112179,0.0,-0.00547630642804849,-0.00641025641025641,3875.0
2025-12-09,3880.0,3925.0,3850.0,3875.0,168457,-0.0064102564102563875,-0.0064308903302904025,3917.1428571428573,3919.285714285714,3946.190476190476,0.014425531039265216,75.0,5.0,39.404541230436074,-117.68354243050317,-135.87398882716218,18.190446396659013,4062.463152463769,3812.536847536231,0.0634733472831842,0.2499262831972773,3891.6666666666665,3910.0,3932.5,3937.5,0.9910485933503836,0.9841269841269841,-27.5,-0.0064102564102563875,0.0064102564102563875,0.01935483870967742,-0.001288659793814433,0.0058249863609481775,0.017248500737528774,220949.2,283178.8,-0.2860599947447384,0.5948785714184819,20.29673674664835,148.9269104443575,1029681522.0,50.0,53.492063492063465,0.0,-0.002557544757033292,-0.013871374527112179,-0.0029892670557632264,-0.016774193548387096,3810.0
2025-12-10,3870.0,3875.0,3800.0,3810.0,167587,-0.01677419354838705,-0.016916473666700675,3903.5714285714284,3906.4285714285716,3931.4285714285716,0.010607001392468497,75.0,60.0,36.706116520625685,-119.06021239422626,-132.511233540575,13.45102114634875,4057.9238428689664,3796.0761571310336,0.06667880971172213,0.05317535203615249,3861.6666666666665,3879.0,3918.0,3927.0,0.9822119102861562,0.9702062643239114,-48.0,-0.01677419354838705,0.01677419354838705,0.01968503937007874,-0.015503875968992248,0.007203770164756168,0.016517114667366436,214498.8,255975.4,-0.005164522697186813,0.6546996312926946,20.274642368076194,143.6464168411891,1029513935.0,31.428571428571427,46.190476190476154,-0.0064102564102563875,0.0,-0.002557544757033292,-0.007728149986214479,0.010498687664041995,3850.0
2025-12-11,3815.0,3870.0,3805.0,3850.0,230005,0.01049868766404205,0.010443959161083314,3887.1428571428573,3908.9285714285716,3923.3333333333335,0.009260319399802696,65.0,-35.0,39.453894028468305,-115.59110524450261,-129.12720788136053,13.536102636857919,4041.2782397337182,3793.7217602662818,0.06319246444605908,0.2273349494013994,3845.0,3867.0,3911.0,3917.5,0.9956038272562711,0.982769623484365,-50.5,0.01049868766404205,0.01049868766404205,0.016883116883116882,0.009174311926605505,0.009909045770421574,0.01696180328016479,208441.6,251004.1,0.37245132379003154,0.9163396135760332,20.601684755210588,138.02881563824704,1029743940.0,42.857142857142854,41.428571428571395,-0.01677419354838705,-0.0064102564102563875,0.0,-0.004228587431533796,0.02727272727272727,3955.0
2025-12-12,3850.0,4000.0,3850.0,3955.0,558395,0.027272727272727337,0.026907452919924402,3885.714285714286,3915.714285714286,3919.285714285714,0.015063067516608094,150.0,-105.0,46.072195581251734,-103.17979787369904,-123.93772587982825,20.757928006129205,4040.0489846832465,3793.9510153167535,0.06282817701467784,0.6544100509964379,3871.6666666666665,3878.0,3903.5,3917.0,1.01985559566787,1.0097013020168497,-39.0,0.027272727272727337,0.027272727272727337,0.03792667509481669,0.02727272727272727,0.016836961888573025,0.01680938091978982,272079.6,260454.2,1.42775157061803,2.1439277999740454,21.515557756890043,138.8839002355151,1030302335.0,62.0,45.428571428571395,0.01049868766404205,-0.01677419354838705,-0.0064102564102563875,0.006999073796127446,0.0037926675094816687,3970.0
2025-12-15,3945.0,4035.0,3890.0,3970.0,403329,0.0037926675094817064,0.0037854934794818865,3894.285714285714,3922.1428571428573,3919.5238095238096,0.013834545768298638,145.0,-25.0,46.96409718336343,-91.08341975841176,-117.36686465554496,26.283444897133194,4028.045235715801,3799.954764284199,0.058275542011140026,0.7455166129848297,3925.0,3892.0,3910.0,3914.0,1.0200411099691675,1.0143076136944302,-22.0,0.0037926675094817064,0.0037926675094817064,0.036523929471032744,0.0063371356147021544,0.016757917537430105,0.0133163517217653,305554.6,268022.7,-0.277699477968105,1.5048314937503426,21.194029259351208,139.3207645044069,1030705664.0,68.0,57.61904761904759,0.027272727272727337,0.01049868766404205,-0.01677419354838705,0.013854694148750365,-0.031486146095717885,3845.0
2025-12-16,3970.0,3970.0,3815.0,3845.0,254322,-0.03148614609571787,-0.031992491741491734,3886.4285714285716,3914.285714285714,3910.714285714286,0.01901596934702813,155.0,125.0,40.89434574440152,-90.53972271927341,-112.00143626829066,21.461713549017247,4028.639079500655,3792.360920499345,0.06042147014481782,0.2227843645098114,3923.3333333333335,3886.0,3898.0,3910.5,0.9894493051981472,0.9832502237565529,-24.5,-0.03148614609571787,0.03148614609571787,0.04031209362808843,-0.031486146095717885,0.023087829128486892,0.01596514488796834,322727.6,264798.25,-0.3694428121955029,0.9604368608931517,20.70088534262435,140.44070989694927,1030451342.0,18.0,49.333333333333314,0.0037926675094817064,0.027272727272727337,0.01049868766404205,-0.00014025043783627567,-0.014304291287386216,3790.0
2025-12-17,3875.0,3875.0,3775.0,3790.0,199373,-0.014304291287386195,-0.014407583863272296,3870.714285714286,3905.0,3904.7619047619046,0.01953245664807284,100.0,85.0,38.534456983420434,-93.46942193112454,-108.29503340085745,14.825611469732905,4034.3541692174604,3774.6458307825396,0.06651513341911147,0.05912081725981203,3868.3333333333335,3882.0,3880.5,3904.5,0.9763008758371973,0.9706748623383276,-22.5,-0.014304291287386195,0.014304291287386195,0.026385224274406333,-0.02193548387096774,0.022698161557612895,0.01630823734898469,329084.8,261762.35,-0.21606074189413416,0.7616565178300088,20.44305402052285,137.5520877614529,1030251969.0,5.454545454545454,30.484848484848456,-0.03148614609571787,0.0037926675094817064,0.027272727272727337,-0.013999256624540787,-0.010554089709762533,3750.0
2025-12-18,3760.0,3795.0,3710.0,3750.0,142399,-0.01055408970976257,-0.010610179112015571,3852.8571428571427,3885.0,3897.1428571428573,0.0196793554285997,85.0,10.0,36.86812583046248,-97.89047490985558,-106.21412170265708,8.323646792801497,4033.0066022048672,3751.9933977951328,0.07219350145401014,-0.007093608997199485,3795.0,3862.0,3864.5,3892.5,0.9709994821336095,0.9633911368015414,-30.5,-0.01055408970976257,0.01055408970976257,0.02266666666666667,-0.0026595744680851063,0.02200998653140829,0.016126536307986685,311563.6,257734.85,-0.28576587602132686,0.5525019220334386,20.095899376300572,133.79836720706342,1030109570.0,11.940298507462687,11.798281320669352,-0.014304291287386195,-0.03148614609571787,0.0037926675094817064,-0.018781509030955545,0.034666666666666665,3880.0
2025-12-19,3755.0,3925.0,3755.0,3880.0,286151,0.03466666666666662,0.03407931365286258,3862.8571428571427,3883.214285714286,3891.904761904762,0.02347033505818583,170.0,-125.0,45.16704883601309,-89.86833151815154,-102.94496366575598,13.076632147604442,4031.6398547779704,3759.8601452220296,0.06976312893690324,0.4420486539420701,3806.6666666666665,3847.0,3862.5,3895.75,1.0085781128151807,0.9959571327728935,-48.75,0.03466666666666662,0.03466666666666662,0.04381443298969072,0.033288948069241014,0.024797000999509027,0.020272976760709573,257114.8,254080.35,1.0095014712181967,1.126222472536739,20.827865356019775,136.74134097798748,1030395721.0,52.30769230769231,23.234178756566788,-0.01055408970976257,-0.014304291287386195,-0.03148614609571787,0.0032694285565059524,0.041237113402061855,4040.0
2025-12-22,3910.0,4050.0,3910.0,4040.0,454338,0.04123711340206193,0.0404095383378767,3890.0,3888.5714285714284,3902.6190476190477,0.0275222504913909,140.0,-130.0,53.303239544516124,-69.79550314552625,-96.31507156171004,26.519568416183787,4053.869344645044,3755.630655354956,0.07637843377683275,0.9534958235027865,3890.0,3861.0,3876.5,3904.75,1.0463610463610464,1.034637300723478,-43.75,0.04123711340206193,0.04123711340206193,0.034653465346534656,0.03324808184143223,0.03214476387731965,0.0241674568379542,267316.6,254896.6,0.587756114778561,1.7824404091698358,21.330596664917824,139.1169594795598,1030850059.0,97.05882352941177,53.76893811485556,0.03466666666666662,-0.01055408970976257,-0.014304291287386195,0.021783230119655328,-0.022277227722772276,3950.0
2025-12-23,4075.0,4105.0,3915.0,3950.0,327755,-0.022277227722772297,-0.022529113060028222,3889.285714285714,3887.5,3906.904761904762,0.027867742982545223,190.0,125.0,48.90721933335269,-60.45302503995936,-89.1426622573599,28.689637217400545,4058.2070113837854,3758.2929886162146,0.07673869961429558,0.6392065619831176,3956.6666666666665,3882.0,3884.0,3908.25,1.0175167439464194,1.0106825305443612,-26.25,-0.022277227722772297,0.022277227722772297,0.04810126582278481,-0.03067484662576687,0.029786877130750813,0.025401216465815078,282003.2,261122.15,-0.27860975749331995,1.2551788502047796,20.9814925157073,142.75146237387696,1030522304.0,60.75949367088607,70.04200316933002,0.04123711340206193,0.03466666666666662,-0.01055408970976257,0.017875517448652085,-0.016455696202531647,3885.0
2025-12-24,3960.0,3975.0,3835.0,3885.0,205546,-0.016455696202531622,-0.016592595093419715,3877.1428571428573,3885.714285714286,3907.1428571428573,0.02844281311257209,140.0,75.0,45.95917614451852,-57.62968150950155,-82.84006610778825,25.210384598286694,4053.3743941158878,3756.1256058841122,0.07612492175728933,0.43355734057828954,3958.3333333333335,3901.0,3891.5,3904.75,0.9958984875672905,0.9949420577501761,-3.75,-0.016455696202531622,0.016455696202531622,0.036036036036036036,-0.01893939393939394,0.030162229984533016,0.025374957989081987,283237.8,260541.15,-0.37286692804076216,0.7889195238448897,20.498303396205294,142.55492934717148,1030316758.0,44.30379746835443,67.37403822288407,-0.022277227722772297,0.04123711340206193,0.03466666666666662,0.000834729825586004,-0.023166023166023165,3795.0
2025-12-26,3895.0,3920.0,3785.0,3795.0,321054,-0.02316602316602312,-0.023438572972017468,3870.0,3878.214285714286,3899.5238095238096,0.02714851546856778,135.0,100.0,42.168931015512705,-61.9403988972108,-78.66013266567276,16.719733768461964,4054.742052429451,3742.257947570549,0.08015495828110872,0.16878315283673737,3876.6666666666665,3910.0,3886.0,3898.5,0.9705882352941176,0.9734513274336283,11.5,-0.02316602316602312,0.02316602316602312,0.03557312252964427,-0.025673940949935817,0.032275298883272546,0.026370987200467006,318968.8,269318.1,0.5619569342142392,1.1920996026631705,20.920804302913577,142.01529153665922,1029995704.0,21.518987341772153,42.19409282700419,-0.016455696202531622,-0.022277227722772297,0.04123711340206193,-0.02063298236377568,0.04216073781291173,3955.0
2025-12-29,3835.0,4165.0,3800.0,3955.0,1090863,0.04216073781291163,0.04129619037202385,3893.5714285714284,3882.1428571428573,3901.190476190476,0.030781743923110377,365.0,-120.0,50.05482225223325,-51.848335324650634,-73.29777319746833,21.449437872817697,4040.9825113250126,3748.5174886749874,0.07509211699082746,0.7060075405054417,3878.3333333333335,3925.0,3886.0,3894.75,1.0076433121019108,1.0154695423326272,30.25,0.04216073781291163,0.04216073781291163,0.0922882427307206,0.03129074315514994,0.034239291029499394,0.02848779845060014,479911.2,312660.35,2.397755517763367,3.488971339026519,22.185215564494886,158.29991356975498,1031086567.0,53.84615384615385,39.88964621876011,-0.02316602316602312,-0.016455696202531622,-0.022277227722772297,0.0008463394814522962,-0.018963337547408345,3880.0
2025-12-30,3955.0,3955.0,3850.0,3880.0,296363,-0.01896333754740831,-0.01914544758443509,3912.1428571428573,3882.5,3894.0476190476193,0.03170852022474586,105.0,75.0,46.831153691693736,-49.33348967293341,-68.50491649256135,19.17142681962794,4039.790986159701,3747.209013840299,0.07514626231395961,0.4538590847105832,3876.6666666666665,3893.0,3877.0,3893.5,0.9966606730028256,0.9965326826762553,-0.5,-0.01896333754740831,0.01896333754740831,0.027061855670103094,-0.018963337547408345,0.028023666250040914,0.02908584791162283,448316.2,313328.0,-0.7283224382896845,0.9458554613695552,20.86293076678992,154.49277688620106,1030790204.0,37.362637362637365,37.57592618352109,0.04216073781291163,-0.02316602316602312,-0.016455696202531622,1.0459033160066985e-05,0.030927835051546393,4000.0
2026-01-02,3925.0,4035.0,3905.0,4000.0,357680,0.030927835051546282,0.03045920748470844,3929.285714285714,3896.0714285714284,3898.5714285714284,0.03117777478875469,130.0,-75.0,52.14199931902713,-37.2283144224657,-62.24959607854222,25.021281656076518,4045.914318410512,3744.585681589488,0.07735797107272288,0.8476270994522733,3945.0,3903.0,3892.5,3895.25,1.0248526774276199,1.0268917271035236,7.75,0.030927835051546282,0.030927835051546282,0.0325,0.01910828025477707,0.031060630775576508,0.02872944941438919,454301.2,319995.3,0.20689829702088325,1.1177664171942525,21.081443651708838,154.52900710861528,1031147884.0,63.73626373626374,51.64835164835162,-0.01896333754740831,0.04216073781291163,-0.02316602316602312,0.0180417451056832,0.0475,4190.0
2026-01-05,4100.0,4190.0,4035.0,4190.0,637100,0.0475000000000001,0.046406372814155834,3950.714285714286,3920.3571428571427,3909.285714285714,0.03239242922329773,155.0,-90.0,59.106880623301215,-12.163253306886418,-52.23232752421106,40.06907421732464,4105.076513160409,3707.9234868395906,0.10166466819936484,1.213830642627383,4023.3333333333335,3964.0,3932.5,3906.5,1.057013118062563,1.0725713554332523,57.5,0.0475000000000001,0.0475000000000001,0.03699284009546539,0.02195121951219512,0.03411528982691794,0.030845882830351026,540612.0,341858.35,0.7812010735853276,1.8636373808040672,21.705137921395373,157.06264945799992,1031784984.0,100.0,67.03296703296701,0.030927835051546282,-0.01896333754740831,0.04216073781291163,0.019821499168046024,-0.0011933174224343676,4185.0
2026-01-06,4200.0,4215.0,4125.0,4185.0,401774,-0.0011933174224343368,-0.0011940299926076895,3984.285714285714,3936.785714285714,3919.7619047619046,0.03028263688088518,90.0,15.0,58.86410181437345,7.21436726294769,-40.34298856677931,47.557355829727,4154.691665957314,3685.8083340426856,0.11960546697650119,1.0646393931704186,4125.0,4042.0,3976.0,3920.25,1.0353785254824344,1.0675339582934762,121.75,-0.0011933174224343368,0.0011933174224343368,0.021505376344086023,-0.0035714285714285713,0.028870516729503706,0.030272412666139253,556756.0,348932.5,-0.36937058546539003,1.15143759896255,21.242907003977223,152.27246021099992,1031383210.0,94.05940594059406,85.9318898922859,0.0475000000000001,0.030927835051546282,-0.01896333754740831,0.025744839209704013,-0.03345280764635603,4045.0
2026-01-07,4135.0,4190.0,4000.0,4045.0,528874,-0.03345280764635605,-0.034025153430983654,4007.1428571428573,3942.1428571428573,3926.190476190476,0.03323916875374786,190.0,90.0,52.376928804208255,11.145957541160442,-30.04519934519136,41.191156886351806,4168.1897981788325,3686.810201821167,0.12256641536796063,0.7440901128528464,4140.0,4060.0,3992.5,3927.5,0.9963054187192119,1.0299172501591343,132.5,-0.03345280764635605,0.03345280764635605,0.04697156983930779,-0.02176541717049577,0.033799826832912425,0.03207652527513566,444358.2,363365.95,0.31634700105034175,1.455485853861651,21.48374232717466,154.9672844816428,1030854336.0,66.33663366336634,86.79867986798676,-0.0011933174224343368,0.0475000000000001,0.030927835051546282,0.004284624977069902,0.003708281829419036,4060.0
2026-01-08,4085.0,4170.0,4010.0,4060.0,477962,0.003708281829418958,0.003701423103186184,4045.0,3957.5,3933.809523809524,0.03075497365758682,160.0,25.0,52.97490316623132,15.295825052111468,-20.976994465730794,36.272819517842265,4182.8842100224265,3688.1157899775735,0.12571932919447415,0.7516328750099158,4096.666666666667,4096.0,3994.5,3935.5,0.9912109375,1.0316351162495236,160.5,0.003708281829418958,0.003708281829418958,0.03940886699507389,-0.006119951040391677,0.03120892026541753,0.029401792141496824,480678.0,375466.35,-0.096264894852082,1.2729822526039951,21.38622476351662,155.32676416152543,1031332298.0,69.3069306930693,76.56765676567653,-0.03345280764635605,-0.0011933174224343368,0.0475000000000001,-0.01031261441312381,0.0012315270935960591,4065.0
2026-01-09,4255.0,4400.0,3980.0,4065.0,3797836,0.0012315270935960854,0.0012307693861326667,4060.714285714286,3977.1428571428573,3941.6666666666665,0.027430834180994835,420.0,190.0,53.18591418787193,18.77169475382925,-13.027256621818784,31.798951375648038,4197.148661246535,3692.851338753465,0.1278320209107909,0.7379548624346484,4056.6666666666665,4109.0,4006.0,3945.0,0.989291798491117,1.0304182509505704,164.0,0.0012315270935960854,0.0012315270935960854,0.1033210332103321,-0.04465334900117509,0.028847483954335743,0.02826234829272606,1168709.2,556935.3,6.945895280377938,6.819169120721922,23.460111010847363,174.23199529284506,1035130134.0,51.44927536231884,62.364279906251475,0.003708281829418958,-0.03345280764635605,-0.0011933174224343368,-0.009504332907780336,-0.023370233702337023,3970.0
2026-01-12,4130.0,4200.0,3900.0,3970.0,1407859,-0.02337023370233704,-0.023647648300674885,4073.5714285714284,3992.8571428571427,3946.190476190476,0.028106226577042297,300.0,160.0,48.7133015092741,13.702684465958555,-7.681268404263317,21.383952870221872,4197.139735656273,3708.8602643437275,0.12352124242664948,0.5348161268265119,4031.6666666666665,4065.0,4014.5,3953.0,0.976629766297663,1.0043005312420945,112.0,-0.02337023370233704,0.02337023370233704,0.07556675062972293,-0.0387409200968523,0.016722187009699616,0.028875410188365647,1322861.0,618948.9,-0.6292996853997908,2.2745964973845174,22.444102042500273,183.21542420049897,1033722275.0,33.333333333333336,51.363179796240466,0.0012315270935960854,0.003708281829418958,-0.03345280764635605,-0.006143474926440666,-0.003778337531486146,3955.0
2026-01-13,3970.0,3970.0,3865.0,3955.0,1012853,-0.0037783375314861534,-0.003785493479481856,4067.1428571428573,3998.214285714286,3953.095238095238,0.025439991117194933,105.0,15.0,48.02655192267386,8.378500514310417,-4.4693146205485705,12.847815134858987,4197.53127029876,3718.9687297012397,0.12090255557317517,0.4932088290990303,3996.6666666666665,4019.0,4030.5,3958.25,0.9840756407066434,0.9991789300827386,60.75,-0.0037783375314861534,0.0037783375314861534,0.02654867256637168,-0.003778337531486146,0.01639481576838539,0.027579591037586684,1445076.8,658091.3,-0.2805721311580208,1.539076720813662,22.11101753962804,177.62860818617762,1032709422.0,27.642276422764226,37.47496170613877,-0.02337023370233704,0.0012315270935960854,0.003708281829418958,-0.008639014713409035,-0.022756005056890013,3865.0
2026-01-14,3900.0,3935.0,3840.0,3865.0,686203,-0.022756005056890016,-0.023018919180231915,4020.714285714286,3985.714285714286,3953.809523809524,0.014980585290598663,95.0,35.0,44.01690375990891,-3.067837345405678,-4.189019165519992,1.1211818201143142,4196.646447504951,3710.8535524950494,0.1228688953550177,0.3173089789668679,3930.0,3983.0,4021.5,3953.75,0.9703740898819985,0.9775529560543788,29.25,-0.022756005056890016,0.022756005056890016,0.02457956015523933,-0.008974358974358974,0.013126132105225365,0.025267157453439076,1476542.6,664481.7,-0.32250484522433165,1.032689086847689,21.698645742698737,173.15513617287922,1032023219.0,13.008130081300813,24.66124661246609,-0.0037783375314861534,-0.02337023370233704,0.0012315270935960854,-0.01663485876357107,0.03234152652005175,3990.0
2026-01-15,3870.0,4010.0,3830.0,3990.0,1069839,0.03234152652005173,0.03182954886238679,3992.8571428571427,3988.5714285714284,3955.4761904761904,0.022226883520178365,180.0,-120.0,50.23173762194874,-2.029294787116214,-3.757074289839237,1.7277795027230227,4198.092405502593,3711.407594497407,0.12306335697709983,0.5724288064942809,3936.6666666666665,3969.0,4032.5,3954.75,1.0052910052910053,1.0089133320690309,14.25,0.03234152652005173,0.03234152652005173,0.045112781954887216,0.031007751937984496,0.02276195671505453,0.026616060485050635,1594918.0,697807.2,0.5590707123110799,1.533144112012602,22.174565237945206,173.64405501767357,1033093058.0,33.333333333333336,24.66124661246609,-0.022756005056890016,-0.0037783375314861534,-0.02337023370233704,0.0019357279772251879,-0.011278195488721804,3945.0
2026-01-16,3990.0,4045.0,3900.0,3945.0,611918,-0.011278195488721776,-0.011342276603934495,3978.5714285714284,3992.8571428571427,3954.285714285714,0.019021373595301063,145.0,45.0,48.159032380113594,-4.782239565811324,-3.9621073450336546,-0.8201322207776691,4197.645930364959,3721.854069635041,0.12015704545234371,0.4689990493377254,3933.3333333333335,3945.0,4027.0,3959.75,1.0,0.9962750173622072,-14.75,-0.011278195488721776,0.011278195488721776,0.036755386565272496,-0.011278195488721804,0.022831381744539404,0.025013949336731914,957734.4,715687.0,-0.4280279556082738,0.8550078456084853,21.60455779928353,171.59805108783974,1032481140.0,26.016260162601625,24.11924119241189,0.03234152652005173,-0.022756005056890016,-0.0037783375314861534,-0.0005642246751866864,0.12420785804816223,4435.0
2026-01-19,3985.0,4630.0,3980.0,4435.0,9919398,0.12420785804816226,0.11707866146370527,4032.1428571428573,4038.5714285714284,3982.3809523809523,0.04973117580741494,650.0,-450.0,65.06364401997033,32.20371241174462,3.271056606322,28.93265580542262,4298.10283789671,3685.8971621032892,0.15335813521879285,1.2236130233942546,4123.333333333333,4038.0,4051.5,3992.0,1.0983159980188213,1.1109719438877756,46.0,0.12420785804816226,0.12420785804816226,0.14656144306651633,0.11292346298619825,0.05981886803041646,0.045195499234465426,2660042.2,1201688.25,15.210338640144595,8.254551877327584,24.507285686702158,208.26961886727975,1042400538.0,76.50602409638554,45.28520586410681,-0.011278195488721776,0.03234152652005173,-0.022756005056890016,0.04842372969316407,0.09244644870349493,4845.0
2026-01-20,4630.0,5070.0,4445.0,4845.0,11184467,0.09244644870349483,0.08841962958118667,4143.571428571428,4102.142857142857,4032.6190476190477,0.056816821714150964,625.0,-215.0,72.99784199852613,93.52086894787317,21.321019074632236,72.19984987324094,4517.84363244085,3575.65636755915,0.2328256662461729,1.3472307255184848,4408.333333333333,4216.0,4117.5,4046.75,1.1491935483870968,1.1972570581330697,169.25,0.09244644870349483,0.09244644870349483,0.12899896800825594,0.04643628509719223,0.0640766044809349,0.05251676630329745,4694365.0,1753791.65,0.12753485644995788,6.377306563182691,24.7157390230074,238.75036037675977,1053585005.0,81.85483870967742,61.45904098955483,0.12420785804816226,-0.011278195488721776,0.03234152652005173,0.06845870375431178,-0.04953560371517028,4605.0
2026-01-21,4795.0,4795.0,4460.0,4605.0,2686635,-0.049535603715170295,-0.050804575635459405,4234.285714285715,4153.928571428572,4073.3333333333335,0.06143754271971693,335.0,190.0,63.85589878414511,121.35031217192955,41.3268776940917,80.02343447783784,4608.50126445839,3557.4987355416097,0.2574093874398189,0.9966686431649228,4628.333333333333,4364.0,4173.5,4083.0,1.055224564619615,1.1278471711976488,281.0,-0.049535603715170295,0.049535603715170295,0.0727470141150923,-0.03962460896767466,0.07162120907275922,0.05440926681111921,5094451.4,1873815.85,-0.7597887319976893,1.433777497399224,23.23869798791498,249.19676320699122,1050898370.0,62.5,73.62028760202095,0.09244644870349483,0.12420785804816226,-0.011278195488721776,0.0557062343454956,-0.05537459283387622,4350.0
2026-01-22,4680.0,4685.0,4330.0,4350.0,2139736,-0.055374592833876246,-0.05696682460667747,4290.714285714285,4178.928571428572,4095.714285714286,0.06798138875144363,355.0,330.0,55.85233429396668,121.42921712329007,57.34734557993137,64.0818715433587,4636.792622435437,3560.207377564563,0.2626778687009574,0.7336089977066006,4600.0,4436.0,4202.5,4098.5,0.9806131650135257,1.0613639136269366,337.5,-0.055374592833876246,0.055374592833876246,0.08160919540229886,-0.07051282051282051,0.0830701166716504,0.05872645435261495,5308430.8,1958085.75,-0.20356282114987712,1.0927693028765466,22.954124139092194,256.7541372636347,1048758634.0,41.935483870967744,62.096774193548356,-0.049535603715170295,0.09244644870349483,0.12420785804816226,-0.004154582615183903,0.01839080459770115,4430.0
2026-01-23,4365.0,4505.0,4360.0,4430.0,1145683,0.01839080459770126,0.018223738956451654,4371.428571428572,4196.071428571428,4114.285714285715,0.06603826066254033,145.0,-65.0,57.645880518122105,126.488994881498,71.1756754402447,55.3133194412533,4675.51565600756,3569.4843439924393,0.26829140376352234,0.7780210620255896,4461.666666666667,4533.0,4239.0,4122.5,0.9772777410103685,1.0745906610066707,410.5,0.01839080459770126,0.01839080459770126,0.0327313769751693,0.014891179839633447,0.08130999620200188,0.058743975431689424,5415183.8,1998982.15,-0.4645680588633364,0.5731331818045499,22.34766638691759,249.4859846019465,1049904317.0,48.38709677419355,50.94086021505374,-0.055374592833876246,-0.049535603715170295,0.09244644870349483,-0.028839797317115095,-0.002257336343115124,4420.0
2026-01-26,4500.0,4505.0,4395.0,4420.0,1136079,-0.0022573363431150906,-0.0022598879674374786,4432.857142857143,4212.857142857143,4136.666666666667,0.06623338601501423,110.0,80.0,57.33233603567968,128.21401739996327,82.58334383218842,45.63067356777485,4705.6413333162845,3592.858666683716,0.26818886946618514,0.7433089659990176,4400.0,4530.0,4284.0,4149.25,0.9757174392935982,1.0652527565222631,380.75,-0.0022573363431150906,0.0022573363431150906,0.024886877828054297,-0.017777777777777778,0.060014771799059105,0.05777766155859225,3658520.0,2045508.8,-0.008382772547030903,0.5554016682793054,22.336988393369694,239.52269998752178,1048768238.0,47.58064516129032,45.96774193548384,0.01839080459770126,-0.055374592833876246,-0.049535603715170295,-0.013080374859763358,-0.016968325791855202,4345.0
2026-01-27,4420.0,4425.0,4305.0,4345.0,814812,-0.016968325791855254,-0.017113937372251448,4490.0,4234.285714285715,4158.571428571428,0.06664511310590472,120.0,75.0,54.91962987077719,122.12149638280698,90.49097434231214,31.63052204049484,4713.438432597731,3640.061567402269,0.25698853539126404,0.6567483010446307,4398.333333333333,4430.0,4323.0,4176.75,0.9808126410835214,1.0402825163105285,253.25,-0.016968325791855254,0.016968325791855254,0.02761795166858458,-0.016968325791855202,0.03128481906410734,0.058331888057657634,1584589.0,2070196.7,-0.2827857921852266,0.3935915847996473,21.987493728748788,230.9853642741274,1047953426.0,41.53225806451613,45.83333333333331,-0.0022573363431150906,0.01839080459770126,-0.055374592833876246,-0.00027828584575636156,0.0034522439585730723,4360.0
2026-01-28,4345.0,4425.0,4305.0,4360.0,885841,0.0034522439585731313,0.003446298643587649,4479.285714285715,4255.714285714285,4185.476190476191,0.048725035450825335,120.0,-15.0,55.3245675969817,117.15303693765236,95.82338686138019,21.329650076272173,4729.001187177147,3664.9988128228533,0.2535149807849162,0.6531951468613209,4375.0,4381.0,4372.5,4197.0,0.9952065738415887,1.03883726471289,184.0,0.0034522439585731313,0.0034522439585731313,0.027522935779816515,0.0034522439585730723,0.028075079231725506,0.05722897713180399,1224430.2,2059945.6,0.0871722556859742,0.4300312590779096,22.07452009184538,223.05783825454688,1048839267.0,42.74193548387097,43.95161290322577,-0.016968325791855254,-0.0022573363431150906,0.01839080459770126,-0.005257806058799071,0.03211009174311927,4500.0
2026-01-29,4365.0,4540.0,4260.0,4500.0,1644156,0.032110091743119185,0.031605339415331044,4430.0,4286.785714285715,4211.428571428572,0.03338577719052615,280.0,-135.0,59.02413041238035,123.09338310526437,101.27738611015702,21.81599699510734,4754.45187714298,3701.54812285702,0.24903116231929046,0.7583332036691806,4401.666666666667,4411.0,4423.5,4228.0,1.020176830650646,1.064333017975402,183.0,0.032110091743119185,0.032110091743119185,0.06222222222222222,0.030927835051546393,0.018927610609003567,0.05722057624552312,1125314.2,2127335.25,0.8560396278790439,0.7728711306786271,22.72457041650096,227.12513552207926,1050483423.0,54.03225806451613,46.10215053763438,0.0034522439585731313,-0.016968325791855254,-0.0022573363431150906,0.0061980033032790205,-0.014444444444444444,4435.0
2026-01-30,4590.0,4590.0,4335.0,4435.0,1520273,-0.014444444444444482,-0.014549781014731299,4405.714285714285,4320.0,4237.857142857143,0.028564724240907977,255.0,155.0,56.67740849323701,121.15954169122506,105.25381722637064,15.905724464854416,4772.470364006767,3727.0296359932327,0.24600052426931812,0.6771979941435777,4431.666666666667,4412.0,4472.5,4249.75,1.005213055303717,1.0435907994587916,162.25,-0.014444444444444482,0.014444444444444482,0.05749718151071026,-0.03376906318082789,0.019646383234223623,0.057381570859964065,1200232.2,2185464.9,-0.07534747311082401,0.6956291084793904,22.631683376850518,229.1161972705022,1048963150.0,48.79032258064516,48.52150537634406,0.032110091743119185,0.0034522439585731313,-0.016968325791855254,0.007039297085749278,0.040586245772266064,4615.0
2026-02-02,4400.0,4900.0,4330.0,4615.0,5722411,0.040586245772266105,0.0397842521932727,4443.571428571428,4367.142857142857,4267.142857142857,0.02212003088254402,570.0,-215.0,61.26967425908048,132.62266261536843,110.7275863041702,21.895076311198224,4817.506609003231,3724.49339099677,0.2559150592382254,0.8147262945524292,4516.666666666667,4451.0,4490.5,4271.0,1.036845652662323,1.0805431983142122,180.0,0.040586245772266105,0.040586245772266105,0.12351029252437704,0.048863636363636366,0.02639378155956779,0.04392197695664915,2117498.6,2439730.45,2.764068032517844,2.345509521348967,23.996967925019657,253.4650403226092,1054685561.0,63.306451612903224,55.376344086021476,-0.014444444444444482,0.032110091743119185,0.0034522439585731313,0.0194172976903136,0.027085590465872156,4740.0
2026-02-03,4700.0,4890.0,4550.0,4740.0,2653683,0.027085590465872222,0.026725267752169712,4487.857142857143,4429.642857142857,4293.333333333333,0.02296353212015379,340.0,-40.0,64.11448852996241,150.06388085946492,118.59484521522914,31.469035644235774,4881.997487417602,3715.5025125823977,0.2713567839104867,0.8782699535952455,4596.666666666667,4530.0,4480.0,4298.75,1.0463576158940397,1.1026461180575748,231.25,0.027085590465872222,0.027085590465872222,0.07172995780590717,0.00851063829787234,0.02267028545497623,0.03292264521308533,2485272.8,2552325.9,-0.5362648715724894,1.0397116606464716,23.25525145915794,259.6461088709943,1057339244.0,73.38709677419355,61.82795698924728,0.040586245772266105,-0.014444444444444482,0.032110091743119185,0.017742463931231283,0.02109704641350211,4840.0
2026-02-04,4840.0,4945.0,4745.0,4840.0,2306282,0.021097046413502074,0.02087758502155518,4547.857142857143,4490.357142857143,4324.523809523809,0.022624101374497024,200.0,0.0,66.2502280374252,169.9957312688348,128.87502242595028,41.12070884288451,4956.27273968243,3720.7272603175697,0.2847863269251724,0.905893597909321,4731.666666666667,4626.0,4503.5,4338.5,1.0462602680501514,1.1155929468710384,287.5,0.021097046413502074,0.021097046413502074,0.04132231404958678,0.0,0.021213180207458663,0.028842555839419397,2769361.0,2641196.3,-0.1309127729272863,0.873195983198977,23.13581726181373,255.74281538020898,1059645526.0,80.34188034188034,72.345142909659,0.027085590465872222,0.040586245772266105,-0.014444444444444482,0.0295896275505468,-0.05578512396694215,4570.0
2026-02-05,4835.0,4835.0,4560.0,4570.0,1650855,-0.05578512396694213,-0.05740151582242699,4580.0,4535.0,4349.523809523809,0.03387763396401855,275.0,265.0,56.47678560644242,162.1361185551632,135.52724165179285,26.608876903370344,4975.440060323512,3752.5599396764883,0.2802200093141667,0.6684547786180429,4716.666666666667,4640.0,4525.5,4364.0,0.9849137931034483,1.047204399633364,276.0,-0.05578512396694213,0.05578512396694213,0.060175054704595186,-0.05480868665977249,0.038980247308608655,0.02893875171912226,2770700.8,2699840.95,-0.2841920458989837,0.6114637975248134,22.74407237750591,257.4754714244798,1057994671.0,54.12844036697248,69.2858058276821,0.021097046413502074,0.027085590465872222,0.040586245772266105,-0.002534162362522611,0.0032822757111597373,4585.0
2026-02-06,4420.0,4670.0,4320.0,4585.0,1255271,0.003282275711159688,0.003276900802314791,4612.142857142857,4545.714285714285,4374.523809523809,0.033880832989582686,350.0,-165.0,56.85756810753756,155.32717846832475,139.48722901509922,15.839949453225529,4992.057874469328,3787.942125530672,0.274286047594227,0.6619445640270701,4665.0,4670.0,4541.0,4390.0,0.9817987152034261,1.0444191343963554,280.0,0.003282275711159688,0.003282275711159688,0.07633587786259542,0.03733031674208145,0.03770167855625283,0.028572993483510504,2717700.4,2572712.7,-0.23962371013807993,0.4879172866834295,22.47340742835644,264.0843663227313,1059249942.0,40.123456790123456,58.19792583299206,-0.05578512396694213,0.021097046413502074,0.027085590465872222,-0.010468600614093456,0.03598691384950927,4750.0
2026-02-09,4700.0,4800.0,4670.0,4750.0,1203686,0.03598691384950925,0.03535451233812165,4647.857142857143,4538.928571428572,4407.142857142857,0.03435743680022582,130.0,-50.0,60.9090137441247,161.38482166560698,143.86674754520078,17.518074120406197,5017.401939243288,3840.598060756712,0.2657041947361879,0.772772724383625,4635.0,4697.0,4574.0,4429.0,1.0112837981690441,1.0724768570783472,268.0,0.03598691384950925,0.03598691384950925,0.02736842105263158,0.010638297872340425,0.03672863299735507,0.030183838405242844,1813955.4,2562504.05,-0.04109471181920077,0.4697303795480831,22.466798970698758,260.5783401568219,1060453628.0,71.53284671532846,55.2615812908081,0.003282275711159688,-0.05578512396694213,0.021097046413502074,-0.00550531146875773,-0.014736842105263158,4680.0
2026-02-10,4755.0,4795.0,4620.0,4680.0,785658,-0.01473684210526316,-0.014846508116994473,4682.857142857143,4544.285714285715,4440.952380952381,0.03438966572653546,175.0,75.0,58.40324409759695,158.7076495647243,146.8349279491055,11.872721615618815,5019.007262041011,3911.492737958989,0.24802967898371245,0.693902648976995,4671.666666666667,4685.0,4607.5,4465.25,0.9989327641408752,1.0480936117798556,219.75,-0.01473684210526316,0.01473684210526316,0.03739316239316239,-0.015772870662460567,0.03556488250404909,0.029989315131272343,1440350.4,2551144.3,-0.347289907833106,0.3079629795931183,22.025330251401407,254.4656015741918,1059667970.0,61.31386861313869,57.65672403953017,0.03598691384950925,0.003282275711159688,-0.05578512396694213,0.008177449151801927,-0.010683760683760684,4630.0
2026-02-11,4685.0,4690.0,4600.0,4630.0,544134,-0.010683760683760646,-0.010741241831412625,4685.0,4564.285714285715,4473.0952380952385,0.031728052579525046,90.0,55.0,56.611720318711875,150.81291188380874,147.63052473604614,3.182387147762597,4983.446268922502,4023.553731077498,0.21314367444099122,0.6317855853781272,4686.666666666667,4643.0,4634.5,4503.5,0.9972000861511954,1.028089263905851,139.5,-0.010683760683760646,0.010683760683760646,0.019438444924406047,-0.011739594450373533,0.03315642466197162,0.030548299461870845,1087920.8,2544040.85,-0.3074162039971591,0.21388571649704444,21.64726296651204,242.71805860460665,1059123836.0,54.01459854014598,62.28710462287102,-0.01473684210526316,0.03598691384950925,0.003282275711159688,0.0035221036868284816,0.07883369330453564,4995.0
2026-02-12,4710.0,5140.0,4650.0,4995.0,4353758,0.07883369330453571,0.0758805440023742,4721.428571428572,4604.642857142857,4526.9047619047615,0.0422154822852074,490.0,-285.0,65.04196471950058,172.0257195482318,152.50956369848328,19.516155849748515,5017.49760603723,4090.00239396277,0.2036772357012265,0.9757436957686161,4768.333333333333,4728.0,4684.0,4553.75,1.0564720812182742,1.096898160856437,174.25,0.07883369330453571,0.07883369330453571,0.0980980980980981,0.06050955414012739,0.03915960530907158,0.03765553731023868,1628501.4,2708236.8,7.001260718867044,1.607598715149281,23.802742629285706,261.8096258471348,1063477594.0,83.52272727272727,66.28373147533729,-0.010683760683760646,-0.01473684210526316,0.03598691384950925,0.017804363505170635,0.04104104104104104,5200.0
2026-02-13,4995.0,5360.0,4900.0,5200.0,5452391,0.041041041041041115,0.0402212134868649,4772.857142857143,4660.357142857143,4584.523809523809,0.04384004474057654,460.0,-205.0,68.71821401956646,203.0383099457349,162.6153129479336,40.422996997801306,5072.998112061581,4160.001887938419,0.19776805461348693,1.1391045051258464,4941.666666666667,4851.0,4760.5,4616.5,1.0719439290867863,1.126394454673454,234.5,0.041041041041041115,0.041041041041041115,0.08846153846153847,0.04104104104104104,0.03912326740711997,0.037557481491929064,2467925.4,2950260.45,0.25234131065621934,1.8481049698510514,24.067978690632998,275.966081143768,1068929985.0,85.45454545454545,74.3306237558062,0.07883369330453571,-0.010683760683760646,-0.01473684210526316,0.03639699122060539,0.025,5330.0
2026-02-19,5320.0,5490.0,5100.0,5330.0,3557604,0.02499999999999991,0.024692612590371414,4881.428571428572,4730.714285714285,4650.476190476191,0.03214789671274177,390.0,-10.0,70.81426908222039,235.39246698143415,177.17074375463372,58.221723226800435,5209.153900525014,4113.346099474986,0.23508882832931693,1.11028037887592,5175.0,4967.0,4832.0,4661.25,1.0730823434668815,1.1434700992223117,305.75,0.02499999999999991,0.02499999999999991,0.07317073170731707,0.0018796992481203006,0.038734924803603556,0.036769871114646004,2938709.0,2632170.75,-0.3475148792520566,1.3515855686793876,23.665704359744115,284.1113610620703,1072487589.0,86.99186991869918,85.32304754865727,0.041041041041041115,0.07883369330453571,-0.010683760683760646,0.048291578115192246,0.2607879924953096,6720.0
2026-02-20,5360.0,6870.0,5360.0,6720.0,19337531,0.2607879924953096,0.23173691635730503,5186.428571428572,4899.285714285715,4759.285714285715,0.08405775079130887,1510.0,-1360.0,83.52536638273179,368.9418211606135,215.52495923582967,153.4168619247838,5826.629354620434,3683.3706453795653,0.45073789889397875,1.4168281885559177,5750.0,5375.0,5030.0,4755.0,1.2502325581395348,1.413249211356467,620.0,0.2607879924953096,0.2607879924953096,0.22470238095238096,0.2537313432835821,0.1065914645744878,0.08622954956369558,6649083.6,3039823.95,4.435549038060447,6.3613983303210695,25.590401810489844,373.8176924147796,1091825120.0,94.25287356321839,88.89976297882099,0.02499999999999991,0.041041041041041115,0.07883369330453571,0.10894301117878354,0.0818452380952381,7270.0
2026-02-23,6700.0,7990.0,6250.0,7270.0,22712688,0.08184523809523814,0.07866813701036987,5546.428571428572,5097.142857142857,4874.761904761905,0.08399791250866824,1740.0,-570.0,86.10422641209492,513.244684735063,275.06890433567634,238.1757803993866,6437.610734048248,3338.8892659517523,0.6339122320046019,1.268623454712462,6440.0,5903.0,5273.0,4888.25,1.23157716415382,1.4872398097478647,1014.75,0.08184523809523814,0.08184523809523814,0.2393397524071527,0.08507462686567165,0.09447266152587948,0.08700502997739872,11082794.4,4041126.6,0.17453919013756214,5.620385166849264,25.829945839566225,471.40214295658103,1114537808.0,80.38147138964578,87.20873829052108,0.2607879924953096,0.02499999999999991,0.041041041041041115,0.12254441019684921,0.0068775790921595595,7320.0
2026-02-24,7200.0,7570.0,6880.0,7320.0,4782270,0.00687757909215958,0.006854036427792213,5923.571428571428,5303.214285714285,5004.047619047619,0.08109081624593653,690.0,-120.0,86.3139665747539,624.4421455442753,344.94355257739613,279.49859296687913,6905.333124920281,3168.166875079719,0.7419796991791457,1.110957567139918,7103.333333333333,6368.0,5548.0,5036.75,1.149497487437186,1.453318111877699,1331.25,0.00687757909215958,0.00687757909215958,0.0942622950819672,0.016666666666666666,0.1031128266081804,0.08102632957624072,11168496.8,4173253.3,-0.7894450009615771,1.145933317778722,24.27879149412192,487.0162756025395,1119320078.0,81.74386920980926,85.4594047208911,0.08184523809523814,0.2607879924953096,0.02499999999999991,0.1165036032275691,-0.01092896174863388,7240.0
2026-02-25,7280.0,7650.0,7030.0,7240.0,3958938,-0.010928961748633892,-0.010989121575595206,6296.428571428572,5490.714285714285,5141.666666666667,0.08112888974996453,620.0,40.0,84.12603391078511,698.0647470837512,415.5677914786671,282.49695560508405,7263.620494927798,3090.8795050722024,0.8059763368304788,0.9943393335495249,7276.666666666667,6776.0,5813.5,5177.25,1.0684769775678866,1.3984258052054663,1598.75,-0.010928961748633892,0.010928961748633892,0.0856353591160221,-0.005494505494505495,0.11075018205204083,0.08207069776791857,10869806.2,4313916.05,-0.17216342866462997,0.9177132688986843,24.07886285085996,496.515113059501,1115361140.0,79.56403269754769,80.56312443233422,0.00687757909215958,0.08184523809523814,0.2607879924953096,0.025931285146254607,-0.03591160220994475,6980.0
2026-02-26,7140.0,7240.0,6970.0,6980.0,2264088,-0.035911602209944715,-0.03657228962334386,6580.0,5650.714285714285,5263.0952380952385,0.0890958626286872,270.0,160.0,77.27059626978571,727.0503779527571,477.86430877348516,249.18606917927195,7506.937092352494,3103.562907647506,0.8300031449422719,0.8803333375158539,7180.0,7106.0,6036.5,5305.25,0.9822685054883197,1.3156778662645492,1800.75,-0.035911602209944715,0.035911602209944715,0.03868194842406877,-0.022408963585434174,0.1202534313144705,0.08641112519606245,10611103.0,4370316.5,-0.4281072348190348,0.5180604196515287,23.483486782627466,480.3354621266795,1113097052.0,72.47956403269755,77.92915531335147,-0.010928961748633892,0.00687757909215958,0.08184523809523814,-0.013320994955473009,-0.03724928366762178,6720.0
2026-02-27,7160.0,7280.0,6720.0,6720.0,2662584,-0.03724928366762181,-0.03796076223922297,6797.142857142857,5785.0,5372.619047619048,0.09491483963818718,560.0,440.0,71.03653293566613,720.7337026740261,526.4381875535934,194.2955151204327,7663.486783312547,3184.5132166874528,0.8257694628733582,0.7893520090533903,6980.0,7106.0,6240.5,5424.0,0.9456797072896144,1.238938053097345,1682.0,-0.03724928366762181,0.03724928366762181,0.08333333333333333,-0.061452513966480445,0.04883197140087502,0.08833157652967943,7276113.6,4462705.1,0.17600729300274542,0.5966300574062131,23.60765107137101,486.02578626048813,1110434468.0,65.39509536784742,72.47956403269752,-0.035911602209944715,-0.010928961748633892,0.00687757909215958,-0.028029949208733473,0.18898809523809523,7990.0
2026-03-03,8250.0,8600.0,7500.0,7990.0,14443156,0.18898809523809534,0.1731026052431252,7177.142857142857,6029.285714285715,5546.190476190476,0.10753906242156543,1100.0,260.0,79.6661513101588,808.881792382439,582.9269085193625,225.95488386307647,8059.973681389063,3151.026318610937,0.8757376438815674,0.9857456851300473,7230.0,7250.0,6576.5,5605.5,1.1020689655172413,1.4253857818214253,1644.5,0.18898809523809534,0.18898809523809534,0.1376720901126408,-0.03151515151515152,0.09494949797228618,0.09768397328683885,5622207.2,5140570.85,4.424488391727735,2.8096404896355045,25.471677265874067,585.5953729561676,1124877624.0,85.74766355140187,74.54077431731558,-0.03724928366762181,-0.035911602209944715,-0.010928961748633892,0.03860906978684294,-0.16020025031289112,6710.0
2026-03-04,8500.0,9500.0,6710.0,6710.0,15977410,-0.1602002503128911,-0.17459180879459285,7175.714285714285,6181.071428571428,5658.0952380952385,0.10768895103419118,2790.0,1790.0,60.19836160863424,766.6173977963526,619.6650063747607,146.95239142159198,8159.8830189938135,3272.1169810061865,0.8551025258900677,0.7033648894555612,7140.0,7128.0,6748.0,5716.0,0.941358024691358,1.1738978306508048,1412.0,-0.1602002503128911,0.1602002503128911,0.4157973174366617,-0.21058823529411766,0.12606104925137218,0.11938030161650778,7861235.2,5857233.55,0.10622706006914284,2.7278082500227434,25.39804063754447,743.0528463164414,1108900214.0,43.06122448979592,64.73466113634838,0.18898809523809534,-0.03724928366762181,-0.035911602209944715,-0.0028204795808058534,0.15052160953800298,7720.0
2026-03-05,6940.0,8120.0,6940.0,7720.0,7902724,0.1505216095380031,0.14021541305309446,7240.0,6393.214285714285,5811.428571428572,0.11728752592079528,1180.0,-780.0,67.04216561845233,805.3376881030208,656.7995427204128,148.53814538260804,8401.952588999826,3358.547411000175,0.8576855028272014,0.8647833031590164,7473.333333333333,7224.0,7000.0,5880.25,1.0686600221483942,1.3128693507929086,1343.75,0.1505216095380031,0.1505216095380031,0.15284974093264247,0.11239193083573487,0.145310894175581,0.12478898833821533,8649992.4,6176356.1,-0.5053814103787786,1.2795123649039601,24.834287711165697,790.6919287224099,1116802938.0,63.673469387755105,64.16078580965093,-0.1602002503128911,0.18898809523809534,-0.03724928366762181,0.059769818154402445,0.16839378238341968,9020.0
2026-03-06,8500.0,9900.0,7900.0,9020.0,35513434,0.16839378238341962,0.15562997003784743,7482.857142857143,6703.214285714285,6029.761904761905,0.12974137050076717,2000.0,-520.0,73.38554697144633,930.2001641198931,711.479667000309,218.72049711958414,8909.963144071255,3291.036855928746,0.9210599603544807,1.0195832531494413,7816.666666666667,7632.0,7369.0,6100.5,1.1818658280922432,1.4785673305466764,1531.5,0.16839378238341962,0.16839378238341962,0.22172949002217296,0.0611764705882353,0.15370834309675455,0.13010877010835933,15299861.6,7665907.25,3.493821877114777,4.632645927199289,26.492621218456897,889.928219527952,1152316372.0,83.39622641509433,63.376973430881755,0.1505216095380031,-0.1602002503128911,0.18898809523809534,0.05290504720284387,-0.03991130820399113,8660.0
2026-03-09,9450.0,9940.0,8600.0,8660.0,10469295,-0.039911308203991136,-0.04072961150018851,7685.714285714285,6991.071428571428,6222.380952380952,0.1317720536347469,1340.0,790.0,69.40193034677053,988.7083699551076,766.9254075912687,221.78296236383892,9249.603808751592,3343.3961912484083,0.9380143917260674,0.9001721837538715,8466.666666666666,8020.0,7563.0,6296.5,1.0798004987531171,1.3753672675295798,1723.5,-0.039911308203991136,0.039911308203991136,0.15473441108545036,-0.0835978835978836,0.15414244992894166,0.1124318858742201,16861203.8,8056687.85,-0.7052018399572398,1.2994539685436617,25.23042724690356,922.076203847384,1141847077.0,75.80340264650283,74.29103281645074,0.16839378238341962,0.1505216095380031,-0.1602002503128911,0.09300136123914386,-0.07043879907621248,8050.0
2026-03-10,7890.0,8550.0,7750.0,8050.0,5336409,-0.07043879907621242,-0.07304263114387173,7838.571428571428,7209.285714285715,6380.0,0.13531266137246675,800.0,-160.0,63.14687861017974,974.6198318493043,808.4642924428758,166.1555394064285,9425.681082302552,3488.318917697448,0.9195233335302933,0.7683009652832844,8576.666666666666,8032.0,7641.0,6457.0,1.0022410358565736,1.2467089979866812,1575.0,-0.07043879907621242,0.07043879907621242,0.09937888198757763,0.020278833967046894,0.14384370225383122,0.11509791205369642,15039854.4,8208194.2,-0.4902800045275255,0.6501319133019537,24.4834908832515,921.2136178582851,1136510668.0,62.5,73.8998763538657,-0.039911308203991136,0.16839378238341962,0.1505216095380031,0.019347891701072022,-0.04720496894409938,7670.0
2026-03-11,7830.0,8130.0,7510.0,7670.0,4493678,-0.047204968944099424,-0.04835547605130723,7974.285714285715,7385.714285714285,6514.761904761905,0.13611421307260793,620.0,160.0,59.546454127120974,922.161634394909,831.2037608332826,90.95787356162646,9488.114703810279,3735.885296189722,0.869968149972861,0.6839286866059897,8126.666666666667,8224.0,7676.0,6612.0,0.932636186770428,1.1600120992135512,1612.0,-0.047204968944099424,0.047204968944099424,0.08083441981747067,-0.020434227330779056,0.11682105612623638,0.11683247512408969,12743108.0,8350335.35,-0.15792099143825,0.5381434171982087,24.263253972460323,899.6983594398363,1132016990.0,53.099173553719005,63.800858733407246,-0.07043879907621242,-0.039911308203991136,0.16839378238341962,-0.052518358741434325,-0.04563233376792699,7320.0
2026-03-12,7780.0,7990.0,7210.0,7320.0,3535687,-0.04563233376792697,-0.04670628740594461,7878.571428571428,7527.857142857143,6645.714285714285,0.11887068896863225,780.0,460.0,56.359067486186156,842.6327146298408,833.4895515925944,9.143163037246495,9475.255137196315,4022.2448628036855,0.8080030041700507,0.6047586509569941,7680.0,8144.0,7684.0,6748.75,0.8988212180746562,1.084645304686053,1395.25,-0.04563233376792697,0.04563233376792697,0.10655737704918032,-0.05912596401028278,0.09871613667092657,0.11805224676113697,11869700.6,8464356.15,-0.21318639208238777,0.41771481933684934,23.976783787716162,891.1484766227051,1128481303.0,42.79475982532751,52.79797779301547,-0.047204968944099424,-0.07043879907621242,-0.039911308203991136,-0.05442536726274627,-0.001366120218579235,7310.0
2026-03-13,7360.0,7690.0,7160.0,7310.0,2807273,-0.001366120218579181,-0.0013670542115330011,7964.285714285715,7570.0,6775.476190476191,0.0951743356777219,530.0,50.0,56.26639632969227,769.9233590916274,820.7763130924011,-50.85295400077371,9443.870596679231,4309.629403320769,0.7466086731898735,0.5843844267699075,7433.333333333333,7802.0,7717.0,6876.75,0.9369392463470905,1.0630021449085687,925.25,-0.001366120218579181,0.001366120218579181,0.07250341997264022,-0.006793478260869565,0.024992963290117225,0.1171546378846893,5328468.4,8544535.5,-0.2060176706818222,0.32854600463653055,23.74472266026529,865.3521568639404,1125674030.0,28.726287262872628,41.540073547306356,-0.04563233376792697,-0.047204968944099424,-0.07043879907621242,-0.031401140976868525,0.09439124487004104,8000.0
2026-03-16,7380.0,8490.0,7380.0,8000.0,9623906,0.09439124487004102,0.09019826791814878,8004.285714285715,7622.142857142857,6930.238095238095,0.08533347578945666,1110.0,-620.0,61.02813686226906,759.2260194637784,808.4662543666766,-49.24023490289824,9435.18869194946,4650.311308050541,0.6794046904829674,0.7000573730940609,7543.333333333333,7670.0,7845.0,7042.75,1.0430247718383312,1.135919917645806,627.25,0.09439124487004102,0.09439124487004102,0.13875,0.08401084010840108,0.06556824084160934,0.11856924848170775,5159390.6,8986447.9,2.4282045244619956,1.0709354916529366,25.066957590015367,887.8270028022305,1135297936.0,39.93808049535604,37.15304252785203,-0.001366120218579181,-0.04563233376792697,-0.047204968944099424,0.01579759696117829,-0.05625,7550.0
2026-03-17,8040.0,8100.0,7420.0,7550.0,3380869,-0.05625000000000002,-0.05789397841890262,7794.285714285715,7638.571428571428,7066.9047619047615,0.055500943504685256,680.0,490.0,56.692766366171824,706.2953286503498,788.0320692234113,-81.73674057306152,9301.243849259186,5076.256150740814,0.5877221628959656,0.5855032075304465,7620.0,7570.0,7801.0,7188.75,0.9973579920739762,1.0502521300643366,381.25,-0.05625000000000002,0.05625000000000002,0.09006622516556291,-0.060945273631840796,0.06276476182721803,0.10520467263070093,4768282.6,9128284.65,-0.648700953646056,0.37037287175307354,23.962946177288472,872.9822168877855,1131917067.0,26.006191950464395,31.556853236230992,0.09439124487004102,-0.001366120218579181,-0.04563233376792697,0.012258374883820608,0.0,7550.0
2026-03-18,7600.0,7880.0,7410.0,7550.0,2235549,0.0,0.0,7635.714285714285,7660.714285714285,7205.952380952381,0.05576204148354581,470.0,50.0,56.69276636617182,656.7764645811358,761.7809482949563,-105.00448371382049,9162.63707650953,5470.362923490469,0.5046503318552671,0.5632401577789325,7700.0,7546.0,7885.0,7316.5,1.0005300821627352,1.0319141666097178,229.5,0.0,0.0,0.06225165562913907,-0.006578947368421052,0.059460608277683645,0.08921154194147006,4316656.8,9022374.2,-0.3387649743305641,0.24777835084694227,23.549300235752046,844.1977728243722,1131917067.0,26.006191950464395,30.650154798761577,-0.05625000000000002,0.09439124487004102,-0.001366120218579181,0.012713748290013668,-0.010596026490066225,7470.0
2026-03-19,7870.0,7990.0,7330.0,7470.0,2370029,-0.01059602649006619,-0.010652564116207361,7552.857142857143,7695.714285714285,7323.809523809524,0.050536642888281635,660.0,400.0,55.87438505602797,604.1132353009125,730.2474056961476,-126.13417039523506,8984.308104659602,5875.691895340398,0.41838710757997355,0.5128674616956849,7523.333333333333,7576.0,7860.0,7430.0,0.9860084477296727,1.0053835800807538,146.0,-0.01059602649006619,0.01059602649006619,0.08835341365461848,-0.05082592121982211,0.0548881650126806,0.075573446629792,4083525.2,8868256.1,0.060155245982083105,0.2672485969366627,23.597063027506717,831.0407890512028,1129547038.0,23.529411764705884,25.18059855521153,0.0,-0.05625000000000002,0.09439124487004102,-0.02228200883002207,-0.05488621151271754,7060.0
2026-03-20,7330.0,7400.0,7040.0,7060.0,1858461,-0.05488621151271755,-0.05644994763957525,7465.714285714285,7720.0,7412.380952380952,0.05162325164291063,360.0,270.0,51.751250967154235,523.261836459701,688.8502918488583,-165.58845538915728,8735.011170931235,6297.988829068765,0.32422302160080757,0.31268124130075703,7360.0,7526.0,7664.0,7516.5,0.9380813180972628,0.9392669460520189,9.5,-0.05488621151271755,0.05488621151271755,0.05099150141643059,-0.036834924965893585,0.06133725543789851,0.047944478079064635,3893762.8,8783298.95,-0.21584883560496515,0.21159031595981373,23.297459614397713,802.3950184046882,1127688577.0,10.8359133126935,20.123839009287895,-0.01059602649006619,0.0,-0.05625000000000002,-0.02182741266759458,0.00141643059490085,7070.0
2026-03-23,7060.0,7650.0,6840.0,7070.0,4121007,0.0014164305949009304,0.0014154284033307597,7430.0,7654.285714285715,7495.238095238095,0.04936071116125795,810.0,-10.0,51.844589424555714,454.751346353798,642.0305027498463,-187.27915639604828,8713.784101569345,6354.215898430654,0.3131893022482998,0.3033538511907441,7200.0,7340.0,7505.0,7534.0,0.9632152588555858,0.9384125298646138,-194.0,0.0014164305949009304,0.0014164305949009304,0.11456859971711457,0.00141643059490085,0.029136154794279893,0.04812378438989466,2793183.0,8022472.75,1.217429905712307,0.5136828915997252,24.095223867861293,802.938231375782,1131809584.0,11.145510835913313,15.17027863777087,-0.05488621151271755,-0.01059602649006619,0.0,-0.021355269135960937,-0.02263083451202263,6910.0
2026-03-24,7000.0,7140.0,6850.0,6910.0,1430883,-0.022630834512022635,-0.022890842128902862,7372.857142857143,7668.571428571428,7504.285714285715,0.04976799373412663,290.0,90.0,50.17218151738819,383.12915215283283,590.2502326304436,-207.1210804776108,8723.4052212994,6308.594778700601,0.3212893084883979,0.2490486253869981,7013.333333333333,7212.0,7391.0,7516.0,0.9581253466444815,0.9193720063863757,-304.0,-0.022630834512022635,0.022630834512022635,0.041968162083936326,-0.012857142857142857,0.023106662426127213,0.04470543061767354,2403185.8,6958382.5,-0.6527831668327668,0.20563442725374756,23.01452721105254,766.2997862775119,1130378701.0,2.2580645161290325,8.07982955491192,0.0014164305949009304,-0.05488621151271755,-0.01059602649006619,-0.025366871809946418,0.08972503617945007,7530.0
2026-03-25,6890.0,7660.0,6820.0,7530.0,2642002,0.08972503617945016,0.08592540403222376,7305.714285714285,7655.0,7516.666666666667,0.04836882371855202,840.0,-640.0,56.08396218920481,372.10744271159,546.621674646673,-174.514231935083,8730.37575858361,6322.624241416391,0.31990321094362845,0.5014536383738292,7170.0,7208.0,7377.0,7526.5,1.0446725860155384,1.0004650235833388,-318.5,0.08972503617945016,0.08972503617945016,0.11155378486055777,0.09288824383164006,0.054054788920555055,0.05358696288874006,2484476.4,6851369.1,0.846413717962964,0.385616649962706,23.713697841910598,771.5640872576896,1133020703.0,22.756410256410255,12.053328536150838,-0.022630834512022635,0.0014164305949009304,-0.05488621151271755,0.022836877420776152,-0.0398406374501992,7230.0
2026-03-26,7650.0,7730.0,7170.0,7230.0,1115217,-0.03984063745019917,-0.04065600564112885,7260.0,7527.142857142857,7512.380952380952,0.04581522076639595,560.0,420.0,52.81848518460425,335.30003568256325,504.3573468538511,-169.05731117128784,8730.384970802415,6321.615029197585,0.32005978495945137,0.3771157033773049,7223.333333333333,7160.0,7368.0,7526.0,1.0097765363128492,0.9606696784480467,-366.0,-0.03984063745019917,0.03984063745019917,0.07745504840940526,-0.054901960784313725,0.05706806827548765,0.053074818472049014,2233514.0,6709183.05,-0.5778894187059662,0.16622247324135836,22.810553878051483,756.4523667392832,1131905486.0,13.14102564102564,12.718500137854948,0.08972503617945016,-0.022630834512022635,0.0014164305949009304,0.009084521405742785,0.0,7230.0
2026-03-27,7160.0,7250.0,6920.0,7230.0,698590,0.0,0.0,7214.285714285715,7425.0,7511.9047619047615,0.04581522076639595,330.0,-70.0,52.81848518460425,302.6412405950623,464.0141256020934,-161.37288500703107,8724.067152751884,6352.932847248116,0.314536619420809,0.3698934938928074,7330.0,7194.0,7360.0,7538.5,1.005004170141785,0.9590767394043908,-344.5,0.0,0.0,0.04564315352697095,0.009776536312849162,0.049969054763115764,0.05307268017785631,2001539.8,6630908.15,-0.3735837957993825,0.10535359323292692,22.342813612260244,725.991483400763,1131905486.0,23.69942196531792,19.865619287584575,-0.03984063745019917,0.08972503617945016,-0.022630834512022635,0.01662813290975033,-0.051175656984785614,6860.0
2026-03-30,7130.0,7290.0,6750.0,6860.0,850612,-0.051175656984785656,-0.052531594432879504,7127.142857142857,7340.0,7506.190476190476,0.04911133965756109,540.0,270.0,48.75777791522764,244.08929298411385,420.02915907849746,-175.9398660943836,8712.222354560663,6378.777645439337,0.30924984548688966,0.2062283081658577,7106.666666666667,7152.0,7246.0,7545.5,0.95917225950783,0.9091511496918693,-393.5,-0.051175656984785656,0.051175656984785656,0.07871720116618076,-0.037868162692847124,0.05624612818652699,0.043434938101463844,1347460.8,6540309.55,0.21761261970540668,0.13005684111694682,22.487174090282153,712.7063774435655,1131054874.0,6.32183908045977,14.387428895601081,0.0,-0.03984063745019917,0.08972503617945016,-0.030338764811661607,-0.037900874635568516,6600.0
2026-03-31,6800.0,6880.0,6570.0,6600.0,865544,-0.03790087463556846,-0.03863779270541394,7061.428571428572,7263.571428571428,7500.476190476191,0.0468437745061725,310.0,200.0,46.07702679436946,174.69287485036148,370.9619022328703,-196.2690273825088,8695.635838661428,6256.364161338572,0.32628032066918894,0.14087641071558488,6896.666666666667,7090.0,7151.0,7476.0,0.9308885754583921,0.8828250401284109,-386.0,-0.03790087463556846,0.03790087463556846,0.04696969696969697,-0.029411764705882353,0.05784910980234823,0.041829571213839956,1234393.0,5861428.95,0.01755441964138771,0.14766774576359917,22.46593841816187,683.9416361975966,1130189330.0,1.5625,10.527920348592534,-0.051175656984785656,0.0,-0.03984063745019917,-0.029692177206784704,0.08636363636363636,7170.0
2026-04-01,6700.0,7280.0,6700.0,7170.0,1386879,0.08636363636363642,0.08283600557914919,7075.714285714285,7252.857142857143,7461.428571428572,0.058660246014557174,580.0,-470.0,52.27241143384224,163.80174526009432,329.5298708383151,-165.72812557822078,8674.359295570597,6323.640704429404,0.3134709416110406,0.3600427965985149,6876.666666666667,7018.0,7113.0,7499.0,1.0216585921915076,0.9561274836644886,-481.0,0.08636363636363642,0.08636363636363642,0.08089260808926081,0.07014925373134329,0.05643407130268558,0.05231811842816032,983368.4,5131902.4,0.6023206214819812,0.270246565873895,23.02022739054113,683.6600907549112,1131576209.0,31.25,13.04477969348656,-0.03790087463556846,-0.051175656984785656,0.0,-0.0009042984189058986,0.019525801952580194,7310.0
2026-04-02,7300.0,7670.0,7140.0,7310.0,3673379,0.019525801952580135,0.019337619150158088,7132.857142857143,7252.857142857143,7490.0,0.05783870064516599,530.0,-10.0,53.68007904249424,164.57021358384463,296.537939387421,-131.96772580357634,8651.929970103389,6305.070029896611,0.3138142595716758,0.42820193607925583,7026.666666666667,7034.0,7097.0,7478.5,1.039237986920671,0.9774687437320319,-444.5,0.019525801952580135,0.019525801952580135,0.07250341997264022,0.0013698630136986301,0.05440318011728391,0.052758392950320844,1495000.8,4920435.15,1.6486658172774988,0.7465557187558909,24.013621057666647,672.6843699867032,1135249588.0,38.541666666666664,23.784722222222197,0.08636363636363642,-0.03790087463556846,-0.051175656984785656,0.022662854560216033,0.24897400820793433,9130.0
2026-04-03,7550.0,9300.0,7470.0,9130.0,14055100,0.24897400820793436,0.22232242084519,7361.428571428572,7333.571428571428,7557.142857142857,0.09769444228017028,1830.0,-1580.0,67.21672339396088,308.48203106161054,298.9267577222589,9.55527333935163,8688.472367557897,6279.527632442103,0.3218793072041414,1.1832867421181745,7870.0,7414.0,7304.0,7484.0,1.231454005934718,1.2199358631747728,-70.0,0.24897400820793436,0.24897400820793436,0.2004381161007667,0.20927152317880796,0.12222405525316633,0.09150892357528681,4166302.8,3847518.45,2.826204701447904,3.6530299159449124,25.577816850799994,766.7783435590816,1149304688.0,93.77289377289377,54.52152014652012,0.019525801952580135,0.08636363636363642,-0.03790087463556846,0.1182878155080503,-0.13362541073384446,7910.0
2026-04-06,9000.0,9000.0,7820.0,7910.0,4940851,-0.13362541073384449,-0.1434379128273146,7458.571428571428,7359.285714285715,7504.285714285715,0.11571200213034065,1180.0,1090.0,55.506611361528314,320.3960529480473,303.22061676741663,17.175436180630697,8538.234978443896,6354.765021556104,0.2932209705079959,0.712276792972526,8116.666666666667,7624.0,7388.0,7446.5,1.0375131164742917,1.062244007251729,177.5,-0.13362541073384449,0.13362541073384449,0.14917825537294563,-0.12111111111111111,0.14352501101797588,0.10506498662382671,4984350.6,3571096.25,-0.6484656103478452,1.3835670209112958,24.38893120232158,805.5798904477186,1144363837.0,49.08424908424909,60.46626984126981,0.24897400820793436,0.019525801952580135,0.08636363636363642,0.044958133142223335,-0.0316055625790139,7660.0
2026-04-07,7750.0,7990.0,7580.0,7660.0,2010016,-0.031605562579013924,-0.03211579802706259,7520.0,7367.142857142857,7456.666666666667,0.11693623382911313,410.0,90.0,53.45162252922982,306.1361435662184,303.803722127177,2.3324214390413545,8486.813290408416,6367.186709591584,0.28539471937751876,0.6099250226944265,8233.333333333334,7836.0,7463.0,7427.0,0.9775395610005104,1.0313720210044433,409.0,-0.031605562579013924,0.031605562579013924,0.05352480417754569,-0.011612903225806452,0.1427327558686553,0.1054686401242531,5213245.0,3404776.6,-0.593184251053108,0.5903518016424337,23.45742050300217,777.3241839871674,1142353821.0,39.92673992673993,60.9279609279609,-0.13362541073384449,0.24897400820793436,0.019525801952580135,0.027914344965025317,-0.018276762402088774,7520.0
2026-04-08,7330.0,7630.0,7220.0,7520.0,1962954,-0.018276762402088753,-0.018445845790751456,7614.285714285715,7370.714285714285,7431.428571428572,0.11467095118757058,410.0,-190.0,52.28425295779827,280.30702774209294,299.1043832501602,-18.797355508067255,8474.18328995261,6364.81671004739,0.28430036793654834,0.5476446346298496,7696.666666666667,7906.0,7462.0,7419.5,0.9511763217809259,1.0135453871554687,486.5,-0.018276762402088753,0.018276762402088753,0.05452127659574468,0.02592087312414734,0.14152145171751415,0.1024582793089226,5328460.0,3278240.4,-0.023413743970197243,0.5987828104369649,23.415282456475538,753.2295994166556,1140390867.0,34.798534798534796,41.269841269841244,-0.031605562579013924,-0.13362541073384449,0.24897400820793436,-0.06116924523831572,0.2992021276595745,9770.0
2026-04-09,8270.0,9770.0,7950.0,9770.0,18633966,0.29920212765957444,0.26175032809294285,8067.142857142857,7564.285714285715,7531.428571428572,0.14441992979899498,1820.0,-1500.0,65.37307511216697,436.3633383899487,326.5561742781179,109.80716411183079,9028.679096793287,6055.320903206713,0.3942400150605374,1.249321089132724,8316.666666666666,8398.0,7716.0,7542.0,1.1633722314836865,1.2954123574648635,856.0,0.29920212765957444,0.29920212765957444,0.1862845445240532,0.18137847642079807,0.18980388797967368,0.13664277515929263,8320577.4,4033154.35,8.492818476642856,4.620196596244822,25.927568347411505,860.1417708868944,1159024833.0,100.0,58.24175824175821,-0.018276762402088753,-0.031605562579013924,-0.13362541073384449,0.08310660089282391,0.16581371545547594,11390.0
2026-04-10,10570.0,11750.0,10370.0,11390.0,30887038,0.16581371545547596,0.1534193114043994,8670.0,7872.857142857143,7725.238095238095,0.14899460593157657,1380.0,-820.0,71.44628902393805,682.8876462947928,397.8224686814529,285.0651776133399,10013.3648047667,5478.635195233301,0.5854285579051638,1.3035760263057778,9560.0,8850.0,8132.0,7746.0,1.2870056497175142,1.4704363542473535,1104.0,0.16581371545547596,0.16581371545547596,0.12115891132572432,0.07757805108798486,0.17346140820539538,0.1414743929974067,11686965.0,5437142.6,0.6575665105324331,5.680748192993872,26.586338228104125,940.1316443949734,1189911871.0,93.05019305019304,75.94957594957593,0.29920212765957444,-0.018276762402088753,-0.031605562579013924,0.14891302690432054,0.053555750658472345,12000.0
2026-04-13,11800.0,12230.0,10810.0,12000.0,21119301,0.05355575065847229,0.05217087232890949,9340.0,8236.42857142857,7948.571428571428,0.14778838025229488,1420.0,-200.0,73.34224288278267,916.912244837963,501.64042391275495,415.2718209252081,10907.204591307218,4984.795408692782,0.7453321397702537,1.1845187279360474,11053.333333333334,9668.0,8646.0,7946.0,1.2412081092263136,1.5101938082053863,1722.0,0.05355575065847229,0.05355575065847229,0.11833333333333333,0.01694915254237288,0.1389994112859493,0.13655428022728588,14922655.0,6011912.35,-0.3162406508516614,3.512908999746146,26.258359848437806,974.4079555096182,1211031172.0,95.93639575971731,96.32886293663675,0.16581371545547596,0.29920212765957444,-0.018276762402088753,0.17285719792450757,-0.004166666666666667,11950.0
2026-04-14,11500.0,12140.0,11230.0,11950.0,6796863,-0.004166666666666652,-0.0041753714104806215,9742.857142857143,8552.142857142857,8136.666666666667,0.13315782968216694,910.0,-450.0,72.91487078182567,1085.8271041542612,618.4777599610562,467.34934419320496,11616.665229534123,4715.334770465876,0.845129862731845,1.048300073796333,11780.0,10526.0,9181.0,8166.0,1.1352840585217556,1.4633847661033554,2360.0,-0.004166666666666652,0.004166666666666652,0.07615062761506276,0.0391304347826087,0.1332357777120204,0.13411918792707336,15880024.4,6182712.05,-0.6781681836913068,1.0993335845229926,25.120458297546456,969.8073872589313,1204234309.0,95.0530035335689,94.67986411449306,0.05355575065847229,0.16581371545547596,0.29920212765957444,0.0717342664824272,0.02092050209205021,12200.0
2026-04-15,11940.0,12690.0,11440.0,12200.0,7740826,0.02092050209205021,0.0207046733616912,10355.714285714286,8907.142857142857,8358.095238095239,0.10783322676929082,1250.0,-260.0,73.73885763509534,1225.7367277877784,739.9295535264007,485.80717426137767,12274.777514371366,4522.222485628634,0.9230880548601217,0.9903544684179438,12050.0,11462.0,9684.0,8398.5,1.064386668993195,1.452640352443889,3063.5,0.02092050209205021,0.02092050209205021,0.10245901639344263,0.021775544388609715,0.12552358876646874,0.13474996745929296,17035598.8,6457975.9,0.13888215784252234,1.1986458481518953,25.271210188950104,989.8211453118647,1211975135.0,91.99346405228758,94.32762111519123,-0.004166666666666652,0.05355575065847229,0.16581371545547596,0.023436528694618614,,
