Date,Open,High,Low,Close,Volume,simple_return,log_return,ma_7,ma_14,ma_21,volatility_7,hl_diff,oc_diff,RSI_14,MACD,MACD_signal,MACD_hist,BB_upper,BB_lower,BB_width,BB_percent,MA_3,MA_5,MA_10,MA_20,Close_MA5_ratio,Close_MA20_ratio,MA5_MA20_gap,daily_return,abs_return,high_low_ratio,open_close_ratio,pct_volatility_5,pct_volatility_10,Volume_MA5,Volume_MA20,Volume_change,Volume_ratio,log_trading_value,ATR_14,OBV,Stoch_K,Stoch_D,lag_1_return,lag_2_return,lag_3_return,MA3_return,target_next_return,target_next_close
2021-04-15,83700.0,84500.0,83400.0,84100.0,16377412,,,,,,,1100.0,-400.0,,0.0,0.0,0.0,,,,,,,,,,,,,,0.013079667063020214,0.0047789725209080045,,,,,,,27.951175472310037,1100.0,,,,,,,,-0.0023781212841854932,83900.0
2021-04-16,84700.0,84700.0,83600.0,83900.0,15429522,-0.0023781212841854638,-0.0023809535057418476,,,,,1100.0,800.0,0.0,-15.954415954416618,-3.1908831908833237,-12.763532763533295,,,,,,,,,,,,-0.0023781212841854638,0.0023781212841854638,0.013110846245530394,-0.009445100354191263,,,,,-0.0578778869335399,,27.889174137702476,1100.0,-15429522.0,,,,,,,-0.007151370679380214,83300.0
2021-04-19,83800.0,84000.0,83300.0,83300.0,15287311,-0.007151370679380209,-0.007177064300363481,,,,,700.0,500.0,0.0,-76.13574565142335,-17.77985568299133,-58.355889968432024,,,,,83766.66666666667,,,,,,,-0.007151370679380209,0.007151370679380209,0.008403361344537815,-0.0059665871121718375,,,,,-0.009216811771615485,,27.87273752401516,1071.4285714285716,-30716833.0,,,-0.0023781212841854638,,,,0.007202881152460984,83900.0
2021-04-20,83300.0,84000.0,83100.0,83900.0,15521965,0.007202881152460927,0.00717706430036343,,,,,900.0,-600.0,16.799999999999997,-74.55546839805902,-29.13497822600487,-45.42049017205415,,,,,83700.0,,,,,,,0.007202881152460927,0.007202881152460927,0.010727056019070322,0.007202881152460984,,,,,0.015349592874770446,,27.89514756798568,1059.183673469388,-15194868.0,,,-0.007151370679380209,-0.0023781212841854638,,-0.0007755369370349152,-0.015494636471990465,82600.0
2021-04-21,83300.0,83500.0,82500.0,82600.0,21636079,-0.015494636471990453,-0.0156159329462281,,,,,1000.0,700.0,12.06896551724138,-176.171428175061,-58.5422682158161,-117.6291599592449,,,,,83266.66666666667,83560.0,,,0.9885112494016276,,,-0.015494636471990453,0.015494636471990453,0.012106537530266344,-0.008403361344537815,,,16850457.8,,0.39390077222825837,,28.21163776279829,1083.527696793003,-36830947.0,,,0.007202881152460927,-0.007151370679380209,-0.0023781212841854638,-0.005147708666303245,-0.002421307506053269,82400.0
2021-04-22,82900.0,83000.0,82400.0,82400.0,13934746,-0.002421307506053294,-0.0024242436115063915,,,,,600.0,500.0,11.530963675352524,-269.7318362262886,-100.7801818179106,-168.95165440837798,,,,,82966.66666666667,83220.0,,,0.9901465993751501,,,-0.002421307506053294,0.002421307506053294,0.007281553398058253,-0.006031363088057901,0.00825641182494464,,16361924.6,,-0.35594864485381106,,27.769236707145748,1048.9900041649314,-50765693.0,,,-0.015494636471990453,0.007202881152460927,-0.007151370679380209,-0.0035710209418609398,0.0048543689320388345,82800.0
2021-04-23,81900.0,82900.0,81600.0,82800.0,17805080,0.004854368932038833,0.004842624475787991,83285.71428571429,,,,1300.0,-900.0,19.28100700066129,-308.0514512381924,-142.23443570196696,-165.81701553622543,,,,,82600.0,83000.0,,,0.9975903614457832,,,0.004854368932038833,0.004854368932038833,0.01570048309178744,0.01098901098901099,0.009201666026030217,,16837036.2,,0.27774700737279323,,28.01917770817786,1066.919289581722,-32960613.0,,,-0.002421307506053294,-0.015494636471990453,0.007202881152460927,-0.004353858348668305,0.008454106280193236,83500.0
2021-04-26,82900.0,83500.0,82600.0,83500.0,15489938,0.008454106280193274,0.008418570465595826,83200.0,,,0.008616104867093717,900.0,-600.0,30.71899744688487,-278.72292794281384,-169.53213415013636,-109.19079379267748,,,,,82900.0,83040.0,,,1.0055394990366089,,,0.008454106280193274,0.008454106280193274,0.010778443113772455,0.007237635705669481,0.009893401386382191,,16877561.6,,-0.1300270484603271,,27.88830312064245,1054.9964831830277,-17470675.0,,,0.004854368932038833,-0.002421307506053294,-0.015494636471990453,0.0036290559020596045,-0.00718562874251497,82900.0
2021-04-27,83200.0,83300.0,82500.0,82900.0,12941533,-0.007185628742514938,-0.007211569715560475,83057.14285714286,,,0.008930713439029118,800.0,300.0,27.165691140957975,-300.43165837586275,-195.71203899528163,-104.71961938058112,,,,,83066.66666666667,82840.0,,,1.0007242877836793,,,-0.007185628742514938,0.007185628742514938,0.009650180940892641,-0.003605769230769231,0.00954988391055398,,16361475.2,,-0.16452002583870895,,27.701342651005245,1051.0681629556686,-30412208.0,,,0.008454106280193274,0.004854368932038833,-0.002421307506053294,0.0020409488232390562,-0.009650180940892641,82100.0
2021-04-28,83200.0,83200.0,82100.0,82100.0,15596759,-0.00965018094089265,-0.009697045682866761,82885.71428571429,,,0.009233345172174546,1100.0,1100.0,23.29635083922119,-377.8338641752489,-232.1364040312751,-145.69746014397379,,,,,82833.33333333333,82740.0,83150.0,,0.9922649262750786,,,-0.00965018094089265,0.00965018094089265,0.013398294762484775,-0.013221153846153846,0.007723042229371016,,15153611.2,,0.20517090208710198,,27.878266989666457,1054.563294173121,-46008967.0,,,-0.007185628742514938,0.008454106280193274,0.004854368932038833,-0.0027939011344047713,-0.0048721071863581,81700.0
2021-04-29,82400.0,82500.0,81500.0,81700.0,20000973,-0.00487210718635811,-0.004884014592425348,82571.42857142857,,,0.008297452694454944,1000.0,700.0,21.636894667259128,-466.07965089358913,-278.92505340373793,-187.1545974898512,,,,,82233.33333333333,82600.0,82910.0,,0.9891041162227603,,,-0.00487210718635811,0.00487210718635811,0.012239902080783354,-0.00849514563106796,0.007896571530513605,0.007718107464507933,16366856.6,,0.2823800765274376,,28.1221007611836,1050.665916017898,-66009940.0,,,-0.00965018094089265,-0.007185628742514938,0.008454106280193274,-0.007235972289921899,-0.0024479804161566705,81500.0
2021-04-30,81900.0,82100.0,81500.0,81500.0,18673197,-0.002447980416156681,-0.002450981619140185,82414.28571428571,,,0.00646043994236437,600.0,400.0,20.83764722058615,-545.8610547225398,-332.31225366749834,-213.5488010550415,,,,,81766.66666666667,82340.0,82670.0,,0.98979839689094,,,-0.002447980416156681,0.002447980416156681,0.007361963190184049,-0.004884004884004884,0.00701163237074217,0.007717650216275956,16540480.0,,-0.06638557034200288,,28.050958037367145,1018.4754934451912,-84683137.0,,,-0.00487210718635811,-0.00965018094089265,-0.007185628742514938,-0.005656756181135814,0.00245398773006135,81700.0
2021-05-03,81000.0,82400.0,81000.0,81700.0,15710336,0.0024539877300613355,0.0024509816191401607,82314.28571428571,,,0.006656238697254562,1400.0,-700.0,23.866289672058514,-586.1927978395543,-383.0883625019095,-203.10443533764476,,,,,81633.33333333333,81980.0,82510.0,,0.9965845328128812,,,0.0024539877300613355,0.0024539877300613355,0.017135862913096694,0.008641975308641974,0.004645340926014218,0.007723487400288135,16584559.6,,-0.15866918771327698,,27.880638678503143,1045.7272439133917,-68972801.0,,,-0.002447980416156681,-0.00487210718635811,-0.00965018094089265,-0.0016220332908178185,0.011015911872705019,82600.0
2021-05-04,81900.0,82600.0,81800.0,82600.0,12532550,0.01101591187270512,0.010955678660975281,82285.71428571429,82785.71428571429,,0.007873704837932066,800.0,-700.0,35.774211015083324,-539.316610277805,-414.3340120570886,-124.9825982207164,,,,,81933.33333333333,81920.0,82380.0,,1.00830078125,,,0.01101591187270512,0.01101591187270512,0.009685230024213076,0.008547008547008548,0.007870480963187591,0.008296290656388787,16502763.0,,-0.20227358600096146,,27.66560477724884,1035.3181550624352,-56440251.0,43.24324324324324,,0.0024539877300613355,-0.002447980416156681,-0.00487210718635811,0.0036739730622032583,-0.0036319612590799033,82300.0
2021-05-06,81700.0,82300.0,81700.0,82300.0,17047511,-0.003631961259079941,-0.0036385728439082914,82114.28571428571,82657.14285714286,,0.006894917939076551,600.0,-600.0,33.872395847899014,-520.3758181963203,-435.54237328493497,-84.83344491138536,,,,,82200.0,81960.0,82350.0,,1.004148365056125,,,-0.003631961259079941,0.003631961259079941,0.007290400972053463,0.0073439412484700125,0.006500492958927038,0.006788677745890211,16792913.4,,0.36025876617288577,,27.969641155298515,1025.6525725579754,-73487762.0,35.13513513513514,,0.01101591187270512,0.0024539877300613355,-0.002447980416156681,0.003279312781228838,-0.004860267314702308,81900.0
2021-05-07,81800.0,82100.0,81500.0,81900.0,14154882,-0.004860267314702349,-0.004872116824000429,81971.42857142857,82514.28571428571,,0.006656625035517354,600.0,-100.0,31.47013446047636,-531.5147894351103,-454.73685651497004,-76.77793292014024,,,,,82266.66666666667,82000.0,82300.0,,0.998780487804878,,,-0.004860267314702349,0.004860267314702349,0.007326007326007326,0.0012224938875305623,0.006498046866614612,0.006914288051140162,15623695.2,,-0.169680430181274,,27.77882441005848,1009.5345316609772,-87642644.0,30.0,36.12612612612613,-0.003631961259079941,0.01101591187270512,0.0024539877300613355,0.0008412277663076099,0.015873015873015872,83200.0
2021-05-10,82300.0,83500.0,81800.0,83200.0,19385027,0.015873015873015817,0.015748356968139112,82128.57142857143,82507.14285714286,,0.008322430789727223,1700.0,-900.0,45.09806824231521,-430.4810513522825,-449.88569548243254,19.404644130150018,,,,,82466.66666666667,82340.0,82340.0,,1.0104444984211804,,,0.015873015873015817,0.015873015873015817,0.020432692307692308,0.010935601458080195,0.009071770984381772,0.00855990935376164,15766061.2,,0.3694940727870426,,28.109014148725624,1058.8534936851931,-68257617.0,73.33333333333333,46.15615615615616,-0.004860267314702349,-0.003631961259079941,0.01101591187270512,0.002460262433077842,-0.02403846153846154,81200.0
2021-05-11,82500.0,82600.0,81100.0,81200.0,28996680,-0.024038461538461564,-0.02433210065953067,82057.14285714286,82314.28571428571,,0.012933784238422645,1500.0,1300.0,33.9217315892605,-505.9619568275375,-461.10094775145353,-44.861009076083974,,,,,82100.0,82240.0,82110.0,,0.9873540856031129,,,-0.024038461538461564,0.024038461538461564,0.01847290640394089,-0.01575757575757576,0.01566523240225047,0.011023750253762723,18423330.0,,0.4958287135736257,,28.48736242478867,1133.221101279108,-97254297.0,8.0,37.11111111111111,0.015873015873015817,-0.004860267314702349,-0.003631961259079941,-0.004341904326716032,-0.014778325123152709,80000.0
2021-05-12,80800.0,81200.0,79800.0,80000.0,35812268,-0.014778325123152691,-0.014888612493750637,81842.85714285714,82128.57142857143,,0.01399670288082222,1400.0,800.0,29.239550920429608,-655.0599658827414,-499.89275137771114,-155.16721450503024,,,,,81466.66666666667,81720.0,81820.0,,0.9789525208027411,,,-0.014778325123152691,0.014778325123152691,0.0175,-0.009900990099009901,0.01489436209830934,0.011610272828337131,23079273.6,,0.2350471847121809,,28.683582987889626,1152.276736902029,-133066565.0,5.405405405405405,28.912912912912905,-0.024038461538461564,0.015873015873015817,-0.004860267314702349,-0.00764792359619948,-0.01875,78500.0
2021-05-13,78900.0,79600.0,78400.0,78500.0,31490096,-0.018750000000000044,-0.01892800988551891,81385.71428571429,81850.0,,0.014994132756700031,1200.0,400.0,24.65790942469171,-884.0676941638085,-576.7277399349307,-307.3399542288778,85015.97185914069,79594.02814085931,0.06587623738875367,-0.20177784899731419,79900.0,80960.0,81460.0,82305.0,0.9696146245059288,0.953769515825284,-1345.0,-0.018750000000000044,0.018750000000000044,0.015286624203821656,-0.005069708491761723,0.015731561946548428,0.01247111697494579,25967790.6,18691193.25,-0.12068970331619322,1.68475578732781,28.536037545430318,1184.2569699804553,-164556661.0,1.9607843137254901,5.1220632397102985,-0.014778325123152691,-0.024038461538461564,0.015873015873015817,-0.019188928887204765,0.02038216560509554,80100.0
2021-05-14,79000.0,80300.0,78900.0,80100.0,16450920,0.020382165605095537,0.020177229285950785,81028.57142857143,81657.14285714286,82200.0,0.016976263958422118,1400.0,-1100.0,36.150575751275476,-925.7795303479506,-646.5380980175347,-279.24143233041593,84848.39397941965,79361.60602058035,0.06682647778867666,0.13457672958366923,79533.33333333333,80600.0,81300.0,82105.0,0.9937965260545906,0.9755800499360575,-1505.0,0.020382165605095537,0.020382165605095537,0.017478152309612985,0.013924050632911392,0.02076269148702037,0.014719966115557488,26426998.2,18694868.65,-0.4775843173040819,0.8799698092556537,27.90692309372068,1228.2386149818512,-148105741.0,33.333333333333336,13.566507684154743,-0.018750000000000044,-0.014778325123152691,-0.024038461538461564,-0.004382053172685733,-0.006242197253433208,79600.0
2021-05-17,80800.0,80900.0,79200.0,79600.0,17740855,-0.006242197253433224,-0.006261761223976222,80642.85714285714,81378.57142857143,81985.71428571429,0.016985847984974753,1700.0,1200.0,34.38538467483225,-987.7955896905332,-714.7895963521344,-273.00599333839887,84713.88310478211,79066.11689521789,0.06896771534453816,0.0945299583892139,79400.0,79880.0,81110.0,81890.0,0.9964947421131698,0.9720356575894492,-2010.0,-0.006242197253433224,0.006242197253433224,0.02135678391959799,-0.01485148514851485,0.017500207271493217,0.014785040867115322,26098163.8,18810435.3,0.07841111621720853,0.9431389926420256,27.976150101684347,1261.9358567688619,-165846596.0,23.529411764705884,19.607843137254903,0.020382165605095537,-0.018750000000000044,-0.014778325123152691,-0.001536677216112577,0.0,79600.0
2021-05-18,79600.0,80000.0,79100.0,79600.0,17494407,0.0,0.0,80314.28571428571,81142.85714285714,81780.95238095238,0.01708029894201423,900.0,0.0,34.38538467483225,-1025.1267405750114,-776.8570251967099,-248.2697153783015,84623.16452766574,78786.83547233426,0.07143172456191754,0.1393280810517208,79766.66666666667,79560.0,80900.0,81705.0,1.0005027652086476,0.9742365828284683,-2145.0,0.0,0.0,0.011306532663316583,0.0,0.015404361550306108,0.014718364680183043,23797709.2,18920790.1,-0.013891551450028738,0.9246129208948837,27.96216115964397,1236.083295571086,-165846596.0,23.529411764705884,26.797385620915037,-0.006242197253433224,0.020382165605095537,-0.018750000000000044,0.004713322783887437,-0.001256281407035176,79500.0
2021-05-20,79400.0,79700.0,79100.0,79500.0,16541828,-0.0012562814070351536,-0.0012570711900510918,79785.71428571429,80957.14285714286,81600.0,0.01485641091943854,600.0,-100.0,34.00029791254343,-1050.6696452215256,-831.6195492016731,-219.0500960198525,84369.64172727519,78600.35827272481,0.07080178504694572,0.15593647536343824,79566.66666666667,79460.0,80590.0,81485.0,1.0005033979360685,0.9756396882861876,-2025.0,-0.0012562814070351536,0.0012562814070351536,0.007547169811320755,0.0012594458438287153,0.014147930224110919,0.013957891808146619,19943621.2,18971783.25,-0.054450488090279414,0.8719174039688652,27.904915062047756,1190.6487744588655,-182388424.0,21.568627450980394,22.875816993464053,0.0,-0.006242197253433224,0.020382165605095537,-0.0024994928868227926,0.007547169811320755,80100.0
2021-05-21,80100.0,81500.0,79800.0,80100.0,20961714,0.007547169811320753,0.007518832414027319,79628.57142857143,80842.85714285714,81419.04761904762,0.013277848063661519,1700.0,0.0,38.45399335710027,-1010.8452013380738,-867.4646796289533,-143.38052170912056,84257.83948558419,78462.16051441581,0.0712349922709978,0.28259665411626655,79733.33333333333,79780.0,80370.0,81360.0,1.0040110303334169,0.9845132743362832,-1580.0,0.007547169811320753,0.007547169811320753,0.02122347066167291,0.0,0.01036160864540914,0.014407087429939526,17837944.8,18938065.0,0.26719453255105785,1.1068561650833915,28.149239321939945,1248.4595762832323,-161426710.0,33.333333333333336,26.143790849673206,-0.0012562814070351536,0.0,-0.006242197253433224,0.0020969628014285333,-0.004993757802746567,79700.0
2021-05-24,80100.0,80400.0,79500.0,79700.0,13398666,-0.004993757802746579,-0.005006268278144194,79585.71428571429,80714.28571428571,81280.95238095238,0.01215016526905127,900.0,400.0,36.67707818456919,-1000.0329424397787,-893.9783321911184,-106.05461024866031,84170.02256268729,78279.97743731271,0.07251517544320801,0.2410885710484231,79766.66666666667,79700.0,80150.0,81225.0,1.0,0.9812249923053247,-1525.0,-0.004993757802746579,0.004993757802746579,0.011292346298619825,-0.004993757802746567,0.005421022086274412,0.014409463369339055,17227494.0,18911261.0,-0.3608029381566794,0.7085019872551069,27.696690572505922,1223.5696065487157,-174825376.0,25.49019607843137,26.797385620915033,0.007547169811320753,-0.0012562814070351536,0.0,0.0004323768671796735,0.002509410288582183,79900.0
2021-05-25,80000.0,80400.0,79800.0,79900.0,13628942,0.0025094102885820924,0.002506266976059537,79785.71428571429,80585.71428571429,81161.90476190476,0.009047529804053257,600.0,100.0,38.21440834049063,-964.2109966654389,-908.0248650859826,-56.18613157945629,83983.79062606112,78176.20937393888,0.07162779048004736,0.29681730676281154,79900.0,79760.0,79820.0,81080.0,1.0017552657973923,0.9854464726196349,-1320.0,0.0025094102885820924,0.0025094102885820924,0.007509386733416771,-0.00125,0.0046603331805213965,0.013059704189805815,16405111.4,18702454.1,0.017186487072668344,0.7287247933948946,27.716237309524505,1186.1717775095217,-161196434.0,29.41176470588235,29.41176470588235,-0.004993757802746579,0.007547169811320753,-0.0012562814070351536,0.0016876074323854222,-0.0012515644555694619,79800.0
2021-05-26,80400.0,80500.0,79700.0,79800.0,11984359,-0.0012515644555695093,-0.0012523483164659486,79742.85714285714,80385.71428571429,81019.04761904762,0.004622837299725911,800.0,600.0,37.7212941813882,-933.1344181053282,-913.0467756898518,-20.087642415476466,83615.27475392516,78174.72524607484,0.06725445958156023,0.29873356571427295,79800.0,79800.0,79680.0,80895.0,1.0,0.9864639347302058,-1095.0,-0.0012515644555695093,0.0012515644555695093,0.010025062656641603,-0.007462686567164179,0.004744301971674277,0.010991724215684904,15303101.8,18527175.15,-0.12066842752724316,0.6468530093212834,27.586391724338206,1158.5880791159843,-173180793.0,27.45098039215686,27.45098039215686,0.0025094102885820924,-0.004993757802746579,0.007547169811320753,-0.001245303989911332,-0.002506265664160401,79600.0
2021-05-27,80000.0,80000.0,79100.0,79600.0,23198510,-0.0025062656641604564,-0.002509411605425807,79742.85714285714,80192.85714285714,80833.33333333333,0.004027461731378805,900.0,400.0,36.7012571180919,-914.1070768618665,-913.2588359242548,-0.848240937611763,83336.146580682,78123.853419318,0.06456451333288753,0.2832048265481121,79766.66666666667,79820.0,79640.0,80730.0,0.9972437985467302,0.9860027251331599,-910.0,-0.0025062656641604564,0.0025062656641604564,0.011306532663316583,-0.005,0.004891362524875129,0.010008330917448799,16634438.2,19040024.0,0.9357322323204771,1.2184076028475594,28.244367982269164,1140.1175020362712,-196379303.0,23.529411764705884,26.797385620915033,-0.0012515644555695093,0.0025094102885820924,-0.004993757802746579,-0.0004161399437159578,0.00628140703517588,80100.0
2021-05-28,79800.0,80400.0,79400.0,80100.0,12360199,0.00628140703517599,0.006261761223976317,79814.28571428571,80064.28571428571,80700.0,0.004671383851404499,1000.0,-300.0,40.99690664297133,-848.8964012225624,-900.3863489839164,51.48994776135396,83167.38365043093,78092.61634956907,0.06293894705273297,0.3955617137538525,79833.33333333333,79820.0,79800.0,80630.0,1.003507892758707,0.9934267642316755,-810.0,0.00628140703517599,0.00628140703517599,0.012484394506866416,0.0037593984962406013,0.004431091984689047,0.007814316535171766,14914135.2,18878196.0,-0.46719858301244344,0.6547341176031862,27.621023243245297,1130.1091090336804,-184019104.0,33.333333333333336,28.104575163398692,-0.0025062656641604564,-0.0012515644555695093,0.0025094102885820924,0.0008411923051486747,0.004993757802746567,80500.0
2021-05-31,80300.0,80600.0,79600.0,80500.0,13321324,0.004993757802746579,0.004981330350204162,79957.14285714286,79871.42857142857,80623.80952380953,0.004786156353090774,1000.0,-200.0,44.25606915543756,-756.2225510638673,-871.5535893999066,115.33103833603934,83057.10357856822,78082.89642143178,0.06173770829262053,0.48592740555656755,80066.66666666667,79980.0,79840.0,80570.0,1.0065016254063517,0.9991311902693311,-590.0,0.004993757802746579,0.004993757802746579,0.012422360248447204,0.0024906600249066002,0.00382202464049196,0.0046951147860051345,14898666.8,18544213.55,0.07775967037423914,0.7183547560041984,27.70088908094371,1120.8156012455604,-170697780.0,50.0,35.62091503267974,0.00628140703517599,-0.0025062656641604564,-0.0012515644555695093,0.0029229663912540373,0.0012422360248447205,80600.0
2021-06-01,80500.0,81300.0,80100.0,80600.0,14058401,0.001242236024844745,0.0012414650880649455,80028.57142857143,79828.57142857143,80571.42857142857,0.004066986539869182,1200.0,-100.0,45.07291940120159,-667.0197049160051,-830.6468125031263,163.62710758712115,82973.5226480258,78076.4773519742,0.06081397449303443,0.5153153576219667,80400.0,80120.0,79940.0,80525.0,1.0059910134797803,1.000931387767774,-405.0,0.001242236024844745,0.001242236024844745,0.01488833746898263,0.0012422360248447205,0.003822257412865213,0.004051977278743404,14984558.6,18313473.75,0.05533061128158123,0.7676534333089046,27.755984639490222,1126.4716297280204,-156639379.0,70.96774193548387,51.4336917562724,0.004993757802746579,0.00628140703517599,-0.0025062656641604564,0.004172466954255771,0.0024813895781637717,80800.0
2021-06-02,80400.0,81400.0,80300.0,80800.0,16414644,0.002481389578163684,0.0024783160144670005,80185.71428571429,79885.71428571429,80538.09523809524,0.0031361265196846373,1100.0,-400.0,46.7534671888993,-573.5756550290389,-779.2325810083089,205.65692597927,82869.97907940646,78090.02092059354,0.05939311827550848,0.5669461927004545,80633.33333333333,80320.0,80060.0,80480.0,1.0059760956175299,1.0039761431411531,-160.0,0.002481389578163684,0.002481389578163684,0.013613861386138614,0.004975124378109453,0.0034337613645169284,0.004042440955837897,15870615.6,18348689.15,0.16760391171086964,0.894594914427443,27.913416665711633,1124.5807990331618,-140224735.0,77.41935483870968,66.12903225806453,0.001242236024844745,0.004993757802746579,0.00628140703517599,0.0029057944685850026,0.024752475247524754,82800.0
2021-06-03,81300.0,83000.0,81100.0,82800.0,29546007,0.024752475247524774,0.024451095864164336,80600.0,80192.85714285714,80590.47619047618,0.009090703577322825,1900.0,-1500.0,59.94981056951934,-334.2838705873437,-690.2428389241159,355.95896833677216,82918.68818825926,78061.31181174074,0.060347575804677776,0.975565371291173,81400.0,80960.0,80390.0,80490.0,1.0227272727272727,1.0286992172940739,470.0,0.024752475247524774,0.024752475247524774,0.022946859903381644,0.01845018450184502,0.009601387165750824,0.008247961674889935,17140115.0,19199362.0,0.7999785435492843,1.5389056678029196,28.525642506156125,1201.3964562450788,-110678728.0,95.1219512195122,81.16968266456858,0.002481389578163684,0.001242236024844745,0.004993757802746579,0.0094920336168444,-0.007246376811594203,82200.0
2021-06-04,82700.0,82700.0,81500.0,82200.0,18112259,-0.007246376811594235,-0.007272759329079809,80942.85714285714,80342.85714285714,80571.42857142857,0.01002761254164971,1200.0,500.0,55.50550159672606,-190.8582973571174,-590.3659306107162,399.5076332535988,82898.36192674747,78071.63807325253,0.059970477150959094,0.8553134697685677,81933.33333333333,81380.0,80600.0,80485.0,1.0100761857950356,1.0213083183201839,895.0,-0.007246376811594235,0.007246376811594235,0.014598540145985401,-0.006045949214026602,0.011835316529007881,0.00886565584251079,18290527.0,19252599.4,-0.3869811578938569,0.9407695357749978,28.029010140839407,1208.4395665132874,-128790987.0,79.48717948717949,84.00949518180046,0.024752475247524774,0.002481389578163684,0.001242236024844745,0.006662496004698075,-0.0036496350364963502,81900.0
2021-06-07,82700.0,82800.0,81600.0,81900.0,16496197,-0.0036496350364964014,-0.0036563112031105433,81271.42857142857,80507.14285714286,80552.38095238095,0.010164575305428372,1200.0,800.0,53.37487196479636,-100.24443460001203,-492.3416314085754,392.09719680856335,82898.36192674747,78071.63807325253,0.059970477150959094,0.7931595100422877,82300.0,81660.0,80820.0,80485.0,1.002939015429831,1.0175809156985773,1175.0,-0.0036496350364964014,0.0036496350364964014,0.014652014652014652,-0.009673518742442563,0.01249403239938812,0.008746683005254307,18925501.6,19369665.15,-0.08922476207965002,0.8516511190179249,27.93189469729851,1207.836740333767,-145287184.0,71.7948717948718,82.13466750052116,-0.007246376811594235,0.024752475247524774,0.002481389578163684,0.004618821133144713,0.0,81900.0
2021-06-08,82300.0,82600.0,81800.0,81900.0,12781226,0.0,0.0,81528.57142857143,80671.42857142857,80552.38095238095,0.0102148757754131,800.0,400.0,53.37487196479636,-28.10828076353937,-399.4949612795682,371.38668051602883,82582.45474549558,78257.54525450442,0.05377902873652264,0.8422036930675338,82000.0,81920.0,81020.0,80420.0,0.999755859375,1.018403382243223,1500.0,0.0,0.0,0.009768009768009768,-0.004860267314702308,0.012562713181570873,0.00879058014147427,18670066.6,19039475.1,-0.22520166314696655,0.6713013847739951,27.676742203297092,1178.7055445956407,-145287184.0,71.7948717948718,74.35897435897436,-0.0036496350364964014,-0.007246376811594235,0.024752475247524774,-0.0036320039493635456,-0.009768009768009768,81100.0
2021-06-09,81500.0,82000.0,81100.0,81100.0,14908823,-0.009768009768009733,-0.009816029737656468,81614.28571428571,80785.71428571429,80452.38095238095,0.011256686924592653,900.0,400.0,47.71082371054858,-35.08869264932582,-326.6137075535197,291.5250149041939,82570.31167608149,78259.68832391851,0.053604717430367176,0.6589097316183475,81633.33333333333,81980.0,81150.0,80415.0,0.9892656745547694,1.008518311260337,1565.0,-0.009768009768009733,0.009768009768009733,0.011097410604192354,-0.0049079754601227,0.013879713324518192,0.009573177096558397,18368902.4,18335082.25,0.16646266954359468,0.8131309582753576,27.820901983420786,1158.798005695952,-160196007.0,51.282051282051285,64.95726495726497,0.0,-0.0036496350364964014,-0.007246376811594235,-0.004472548268168712,-0.0012330456226880395,81000.0
2021-06-10,81300.0,81400.0,80900.0,81000.0,17586995,-0.0012330456226880004,-0.0012338064489284325,81671.42857142857,80850.0,80442.85714285714,0.011288898866018186,500.0,300.0,47.038866463175026,-48.13501315643953,-270.9179686741037,222.78295551766416,82626.16440349825,78303.83559650175,0.05371688071828113,0.6237758680306791,81333.33333333333,81620.0,81290.0,80465.0,0.9924038225925018,1.0066488535388056,1155.0,-0.0012330456226880004,0.0012330456226880004,0.006172839506172839,-0.0036900369003690036,0.004088640311851622,0.009519956557418415,15977100.0,17423818.6,0.17963671578903306,1.0093651342306789,27.984874700072833,1111.7410052890984,-177783002.0,48.717948717948715,57.264957264957275,-0.009768009768009733,0.0,-0.0036496350364964014,-0.003667018463565911,0.0,81000.0
2021-06-11,81200.0,81700.0,80700.0,81000.0,14087962,0.0,0.0,81700.0,80942.85714285714,80490.47619047618,0.01126292845471803,1000.0,200.0,47.038866463175026,-57.807942178755184,-228.295963375034,170.48802119627882,82552.70490046678,78627.29509953322,0.04870839807586,0.6044476935637375,81033.33333333333,81380.0,81380.0,80590.0,0.995330548046203,1.005087479836208,790.0,0.0,0.0,0.012345679012345678,-0.0024630541871921183,0.0041026121628936025,0.00939677469176599,15172240.6,16553711.9,-0.19895570562225096,0.8510454987440007,27.76303566547893,1103.7595049113056,-177783002.0,48.717948717948715,49.572649572649574,-0.0012330456226880004,-0.009768009768009733,0.0,-0.003667018463565911,-0.006172839506172839,80500.0
2021-06-14,80800.0,80900.0,80500.0,80500.0,10550078,-0.006172839506172867,-0.006191970247921107,81371.42857142857,80985.71428571429,80585.71428571429,0.0038537355595454534,400.0,300.0,43.487250124615635,-104.6137077411986,-203.55951224826694,98.94580450706835,82559.7908119916,78660.2091880084,0.04837590403154932,0.4717918457396869,80833.33333333333,81100.0,81380.0,80610.0,0.9926017262638718,0.998635405036596,490.0,-0.006172839506172867,0.006172839506172867,0.004968944099378882,-0.0037128712871287127,0.004360327703246066,0.00955241186992405,13983016.8,16258669.8,-0.251128161759664,0.6488893697810383,27.46765627463178,1060.6338259890697,-188333080.0,35.8974358974359,44.44444444444445,0.0,-0.0012330456226880004,-0.009768009768009733,-0.0024686283762869556,0.004968944099378882,80900.0
2021-06-15,80900.0,81200.0,80600.0,80900.0,10075685,0.00496894409937898,0.004956639639928416,81185.71428571429,81064.28571428571,80623.80952380953,0.004793219397762718,600.0,0.0,46.9388506087582,-108.1838806720043,-184.48438593301444,76.30050526101013,82568.89601226247,78781.10398773753,0.04695124914192675,0.5594013606193754,80800.0,80900.0,81410.0,80675.0,1.0,1.0027889680818098,225.0,0.00496894409937898,0.00496894409937898,0.007416563658838072,0.0,0.00569948691930789,0.009676390622066976,13441908.6,15875411.3,-0.04496582868865995,0.634672375385953,27.426604756608054,1034.8742669898504,-178257395.0,46.15384615384615,43.58974358974359,-0.006172839506172867,0.0,-0.0012330456226880004,-0.00040129846893129556,0.011124845488257108,81800.0
2021-06-16,81500.0,81900.0,81100.0,81800.0,14999855,0.011124845488257096,0.011063419544255354,81171.42857142857,81221.42857142857,80728.57142857143,0.006867453484836269,800.0,-300.0,53.77920624681974,-37.95328817421978,-155.1781663812555,117.22487820703572,82671.54515757758,78898.45484242242,0.046705332860743465,0.7690102582286743,81066.66666666667,81040.0,81510.0,80785.0,1.0093780848963474,1.012564213653525,255.0,0.011124845488257096,0.011124845488257096,0.009779951100244499,0.0036809815950920245,0.006576112166394075,0.010250649126191084,13460115.0,15750683.7,0.48871813678176723,0.95233040582232,27.83558361494475,1032.3832479191467,-163257540.0,66.66666666666667,49.572649572649574,0.00496894409937898,-0.006172839506172867,0.0,0.0033069833604877363,-0.011002444987775062,80900.0
2021-06-17,81100.0,81300.0,80700.0,80900.0,14007385,-0.011002444987775029,-0.011063419544255333,81028.57142857143,81278.57142857143,80790.47619047618,0.008000242015159123,600.0,200.0,47.22316333341338,-54.291675383399706,-135.00086818168435,80.70919279828465,82642.05874200288,79067.94125799712,0.044204037895068334,0.5125905206533853,81200.0,81020.0,81320.0,80855.0,0.998518884226117,1.000556551852081,165.0,-0.011002444987775029,0.011002444987775029,0.007416563658838072,-0.002466091245376079,0.008766076796832436,0.006811535421486644,12744193.0,15623961.55,-0.06616530626462724,0.8965322242488493,27.75606435154778,1037.213015924922,-177264925.0,38.23529411764706,50.3519356460533,0.011124845488257096,0.00496894409937898,-0.006172839506172867,0.001697114866620349,-0.004944375772558714,80500.0
2021-06-18,81100.0,81100.0,80500.0,80500.0,14916721,-0.0049443757725586845,-0.004956639639928289,80942.85714285714,81278.57142857143,80838.09523809524,0.007370214601180234,600.0,600.0,44.6196731212038,-98.3825294602866,-127.6772004374048,29.2946709771182,82635.2332381341,79114.7667618659,0.04352972459064226,0.39348002529553644,81066.66666666667,80920.0,81150.0,80875.0,0.9948096885813149,0.9953632148377125,45.0,-0.0049443757725586845,0.0049443757725586845,0.007453416149068323,-0.007398273736128237,0.009011034404702143,0.006662994171596,12909944.8,15321711.9,0.06491832701107314,0.9735675163034491,27.814005819875984,1005.9835147874277,-192181646.0,13.793103448275861,39.5650214108632,-0.011002444987775029,0.011124845488257096,0.00496894409937898,-0.0016073250906922059,-0.007453416149068323,79900.0
2021-06-21,79700.0,80000.0,79600.0,79900.0,16063340,-0.007453416149068359,-0.00748133165228874,80785.71428571429,81228.57142857143,80828.57142857143,0.007762489086714124,400.0,-200.0,40.97085787762179,-179.66872533864807,-138.07550541765346,-41.59321992099461,82619.20693235005,79150.79306764995,0.04288080440996593,0.2160085161621361,80433.33333333333,80800.0,80950.0,80885.0,0.9888613861386139,0.9878222167274525,-85.0,-0.007453416149068359,0.007453416149068359,0.0050062578222778474,0.002509410288582183,0.009203665273787303,0.006868739984493337,14012597.2,15454945.6,0.07686803286057309,1.039365677223736,27.88058134672733,998.413263731183,-208244986.0,8.823529411764707,20.283975659229217,-0.0049443757725586845,-0.011002444987775029,0.011124845488257096,-0.0078000789698006905,0.0012515644555694619,80000.0
2021-06-22,80200.0,80300.0,79900.0,80000.0,11773365,0.0012515644555695093,0.0012507819016526766,80642.85714285714,81171.42857142857,80842.85714285714,0.007829056556607067,400.0,200.0,41.82473870998772,-233.32977652152476,-157.12635963842774,-76.20341688309702,82612.78843738878,79167.21156261122,0.04259583230037778,0.2416978252567773,80133.33333333333,80620.0,80760.0,80890.0,0.9923096005953858,0.9889974038818148,-270.0,0.0012515644555695093,0.0012515644555695093,0.005,-0.0024937655860349127,0.008690191429294346,0.006929436551049626,14352133.2,15362166.75,-0.26706618922341185,0.7663870072234439,27.571132248379612,955.6694591789557,-196471621.0,11.764705882352942,11.460446247464512,-0.007453416149068359,-0.0049443757725586845,-0.011002444987775029,-0.0037154091553525115,0.00125,80100.0
2021-06-23,80500.0,80600.0,79900.0,80100.0,13856548,0.0012499999999999734,0.0012492194004318981,80585.71428571429,80978.57142857143,80852.38095238095,0.007632011283570201,700.0,400.0,42.717099494809545,-264.7356738696981,-178.6482224846818,-86.08745138501627,82592.69540778961,79217.30459221039,0.041720422910564436,0.2615090980622159,80000.0,80280.0,80660.0,80905.0,0.9977578475336323,0.9900500587108337,-625.0,0.0012499999999999734,0.0012499999999999734,0.008739076154806492,-0.004968944099378882,0.005404444266074054,0.006475163057071342,14123471.8,15455776.2,0.1769403224991326,0.8965287683189926,27.73529959171322,937.4073549518874,-182615073.0,15.625,12.07107843137256,0.0012515644555695093,-0.007453416149068359,-0.0049443757725586845,-0.0016506172311662921,0.01373283395755306,81200.0
2021-06-24,80400.0,81400.0,80100.0,81200.0,18771080,0.013732833957553092,0.013639393093318764,80628.57142857143,80907.14285714286,80919.04761904762,0.009242455781768327,1300.0,-800.0,51.52542770392618,-198.57521539468144,-182.63362106668177,-15.941594327999667,82560.1691638479,79409.8308361521,0.03890026952763833,0.5682466381816377,80433.33333333333,80340.0,80680.0,80985.0,1.010704505850137,1.0026548126196209,-645.0,0.013732833957553092,0.013732833957553092,0.01600985221674877,0.009950248756218905,0.008197194585489438,0.008017835521561201,15076210.8,15234404.7,0.35467217376218096,1.2321505414648726,28.0524984716833,963.3068295981813,-163843993.0,50.0,25.79656862745099,0.0012499999999999734,0.0012515644555695093,-0.007453416149068359,0.005411466137707525,0.0049261083743842365,81600.0
2021-06-25,81500.0,81900.0,81200.0,81600.0,13481405,0.0049261083743843415,0.004914014802429163,80600.0,80885.71428571429,81014.28571428571,0.008320530371750364,700.0,-100.0,54.27863950729241,-112.56830102941603,-168.62055705922864,56.05225602981261,82600.19821007433,79519.80178992567,0.03800143622191792,0.6753021125683357,80966.66666666667,80560.0,80740.0,81060.0,1.012909632571996,1.006661732050333,-500.0,0.0049261083743843415,0.0049261083743843415,0.00857843137254902,0.001226993865030675,0.007647920164094726,0.00814927857578279,14789147.6,15290465.0,-0.28179918257234005,0.8816870513748274,27.726406427456777,944.4991989125969,-150362588.0,66.66666666666667,44.09722222222223,0.013732833957553092,0.0012499999999999734,0.0012515644555695093,0.006636314110645802,0.003676470588235294,81900.0
2021-06-28,81700.0,82000.0,81600.0,81900.0,11578529,0.003676470588235281,0.0036697288889624017,80742.85714285714,80885.71428571429,81100.0,0.006901090969135123,400.0,-200.0,56.2840862980689,-19.969512839772506,-138.89034821533744,118.92083537556493,82690.16193491519,79569.83806508481,0.03846078971811137,0.7467692560522117,81566.66666666667,80960.0,80880.0,81130.0,1.0116106719367588,1.009490940465919,-170.0,0.003676470588235281,0.003676470588235281,0.004884004884004884,0.0024479804161566705,0.005150910908807318,0.007805107485757091,13892185.4,15203325.25,-0.14114819634897102,0.7615787210761672,27.57791726252146,905.6063989902685,-138784059.0,95.83333333333333,70.83333333333334,0.0049261083743843415,0.013732833957553092,0.0012499999999999734,0.007445137640057571,-0.01098901098901099,81000.0
2021-06-29,81900.0,82100.0,80800.0,81000.0,15744317,-0.01098901098901095,-0.011049836186584935,80814.28571428571,80878.57142857143,81123.80952380953,0.008158477078257346,1300.0,900.0,49.29809452226947,-18.98790371294308,-114.90985931485858,95.9219556019155,82691.70104276527,79608.29895723473,0.03799632884202763,0.4513524360952132,81500.0,81160.0,80890.0,81150.0,0.9980285855101035,0.9981515711645101,10.0,-0.01098901098901095,0.01098901098901095,0.016049382716049384,-0.01098901098901099,0.008901695097036158,0.008659162982560665,14686375.8,15287621.05,0.35978559970787316,1.0298735786625217,27.874194466381304,933.7773704909637,-154528376.0,56.0,72.83333333333334,0.003676470588235281,0.0049261083743843415,0.013732833957553092,-0.0007954773421304425,-0.003703703703703704,80700.0
2021-06-30,81100.0,81400.0,80700.0,80700.0,13288643,-0.0037037037037036535,-0.0037105793965356015,80928.57142857143,80857.14285714286,81128.57142857143,0.0076208089418163295,700.0,400.0,47.19526387901257,-41.93407429778017,-100.31470231144291,58.380628013662744,82692.11956466487,79597.88043533513,0.03813222169363165,0.3561843537618265,81200.0,81280.0,80780.0,81145.0,0.9928641732283464,0.9945159898946331,135.0,-0.0037037037037036535,0.0037037037037036535,0.008674101610904586,-0.004932182490752158,0.00934300974807229,0.007799290423190094,14572794.8,15131321.0,-0.1559720882144332,0.8782209431681477,27.700914172887888,917.0789868844663,-167817019.0,44.0,65.27777777777779,-0.01098901098901095,0.003676470588235281,0.0049261083743843415,-0.003672081368159774,-0.007434944237918215,80100.0
2021-07-01,80500.0,80600.0,80000.0,80100.0,13382882,-0.0074349442379182396,-0.0074627212015896,80942.85714285714,80792.85714285714,81095.23809523809,0.008332112537398845,600.0,400.0,43.224125185006315,-107.29720994915988,-101.71120383898631,-5.586006110173571,82413.60438270844,79606.39561729156,0.03465262023721605,0.1758345830168906,80600.0,81060.0,80700.0,81010.0,0.9881569207994079,0.9887668189112455,50.0,-0.0074349442379182396,0.0074349442379182396,0.00749063670411985,-0.004968944099378882,0.006909261927595693,0.0073776721223027765,13495155.2,14323164.75,0.007091694765221757,0.93435230506582,27.70051811864093,901.5733449641473,-181199901.0,20.0,40.00000000000001,-0.0037037037037036535,-0.01098901098901095,0.003676470588235281,-0.007375886310210948,-0.0012484394506866417,80000.0
2021-07-02,80000.0,80400.0,79900.0,80000.0,8753097,-0.0012484394506866447,-0.0012492194004319278,80928.57142857143,80757.14285714286,80961.90476190476,0.008332112537398847,500.0,0.0,42.58104316637338,-165.26209161392762,-114.42138139397458,-50.84071021995304,82254.91308713314,79545.08691286686,0.03349599720971925,0.16787537571715863,80266.66666666667,80740.0,80650.0,80900.0,0.9908347783007183,0.9888751545117429,-160.0,-0.0012484394506866447,0.0012484394506866447,0.00625,0.0,0.005639462507042758,0.007247817790013575,12549493.6,13855206.65,-0.34594827930187233,0.6317550666052317,27.27470005222539,872.8895346095653,-189952998.0,16.0,26.666666666666675,-0.0074349442379182396,-0.0037037037037036535,-0.01098901098901095,-0.004129029130769513,0.005,80400.0
2021-07-05,80100.0,80800.0,80000.0,80400.0,8330969,0.004999999999999893,0.004987541511038968,80814.28571428571,80721.42857142857,80876.19047619047,0.006345675691450007,800.0,-300.0,46.039338612720194,-176.88401210213488,-126.91390753560665,-49.97010456652822,82111.1611587652,79538.8388412348,0.031825825147298495,0.3347796475178787,80166.66666666667,80440.0,80700.0,80825.0,0.9995027349577325,0.994741725951129,-385.0,0.004999999999999893,0.004999999999999893,0.009950248756218905,0.003745318352059925,0.006098700316059718,0.007005086299578367,11899981.6,13446945.25,-0.048226130705509185,0.6195436097280161,27.230259789076783,867.6831392803107,-181622029.0,32.0,22.666666666666675,-0.0012484394506866447,-0.0074349442379182396,-0.0037037037037036535,-0.0012277945628683302,0.009950248756218905,81200.0
2021-07-06,80600.0,81200.0,80500.0,81200.0,12131651,0.00995024875621886,0.009901070982711537,80757.14285714286,80678.57142857143,80842.85714285714,0.007371613056361312,700.0,-600.0,52.23555037210247,-120.15606932676747,-125.56233989383882,5.40627056707136,81988.06862117873,79591.93137882127,0.029658834538401416,0.6711087298140818,80533.33333333333,80480.0,80820.0,80790.0,1.0089463220675945,1.005074885505632,-310.0,0.00995024875621886,0.00995024875621886,0.008620689655172414,0.007444168734491315,0.00695068178459779,0.007603180643749494,11177448.4,13414466.5,0.4562112762633015,0.9043707403496068,27.615998906630157,862.848629331717,-169490378.0,64.0,37.33333333333334,0.004999999999999893,-0.0012484394506866447,-0.0074349442379182396,0.004567269768510703,-0.0049261083743842365,80800.0
2021-07-07,81200.0,81300.0,80300.0,80800.0,15992202,-0.0049261083743842304,-0.004938281640582566,80600.0,80671.42857142857,80790.47619047618,0.007237549079883995,1000.0,400.0,49.19386281667147,-106.25063188934291,-121.69999829293965,15.449366403596741,81964.20583849738,79585.79416150262,0.029444898508136894,0.5105112164735034,80800.0,80500.0,80890.0,80775.0,1.0037267080745342,1.0003095017022594,-275.0,-0.0049261083743842304,0.0049261083743842304,0.012376237623762377,-0.0049261083743842365,0.007154569609831691,0.007873233392874645,11718160.2,13468635.45,0.3182214028412127,1.1873661633628967,27.887344030908217,872.645155808023,-185482580.0,48.0,48.00000000000001,0.00995024875621886,0.004999999999999893,-0.0012484394506866447,0.0033413801272781742,-0.011138613861386138,79900.0
2021-07-08,81100.0,81200.0,79900.0,79900.0,16660998,-0.011138613861386149,-0.011201112754820722,80442.85714285714,80628.57142857143,80733.33333333333,0.007269468467029678,1300.0,1200.0,43.11105275364861,-165.94009678151633,-130.54801799065498,-35.39207879086135,81965.79292019199,79474.20707980801,0.030867019826362502,0.1708923342277347,80633.33333333333,80460.0,80760.0,80720.0,0.9930400198856575,0.9898414271555996,-260.0,-0.011138613861386149,0.011138613861386149,0.016270337922403004,-0.014796547472256474,0.008258096668402612,0.007273969122632826,12373783.4,13422335.6,0.04182013208687585,1.2412890346744125,27.917112228625502,903.1705018217357,-202143578.0,12.0,41.33333333333334,-0.0049261083743842304,0.00995024875621886,0.004999999999999893,-0.002038157826517173,-0.006257822277847309,79400.0
2021-07-09,79600.0,79800.0,79000.0,79400.0,22720577,-0.006257822277847325,-0.00627748451913896,80257.14285714286,80592.85714285714,80657.14285714286,0.007435726119845043,800.0,200.0,40.141448680931774,-250.70033170521492,-154.57848073356698,-96.12185097164794,82009.4409155028,79270.5590844972,0.033964308420208256,0.047260496614880285,80033.33333333333,80340.0,80540.0,80640.0,0.9882997261638038,0.9846230158730159,-300.0,-0.006257822277847325,0.006257822277847325,0.010075566750629723,-0.002512562814070352,0.008669384399916838,0.0070161984363111335,15167279.4,13853966.35,0.36369844111379157,1.6400052104933833,28.22103519485729,902.9440374058975,-224864155.0,12.903225806451612,24.301075268817215,-0.011138613861386149,-0.0049261083743842304,0.00995024875621886,-0.007440848171205901,0.003778337531486146,79700.0
2021-07-12,79900.0,80000.0,79500.0,79700.0,9768108,0.0037783375314861534,0.003771217543079324,80200.0,80571.42857142857,80595.23809523809,0.007352634259514172,500.0,200.0,42.69215204880339,-290.319315400935,-181.7266476670406,-108.59266773389442,82031.96589197857,79168.03410802143,0.03553265240641619,0.18574670491751233,79666.66666666667,80200.0,80320.0,80600.0,0.9937655860349127,0.988833746898263,-400.0,0.0037783375314861534,0.0037783375314861534,0.006273525721455458,-0.0025031289111389237,0.00845588054765868,0.00702656287184187,15454707.2,13814867.85,-0.5700765874035681,0.7070721273674725,27.380658216002203,881.3051775911906,-215096047.0,22.580645161290324,15.82795698924732,-0.006257822277847325,-0.011138613861386149,-0.0049261083743842304,-0.00453936620258244,0.0012547051442910915,79800.0
2021-07-13,80000.0,80200.0,79800.0,79800.0,9863450,0.0012547051442910462,0.0012539186595936812,80171.42857142857,80550.0,80561.90476190476,0.007383138906481364,400.0,200.0,43.55556451768841,-310.07413948846806,-207.39614603132608,-102.67799345714198,82012.5077333251,79077.4922666749,0.036439449582844265,0.24616828822020223,79633.33333333333,79920.0,80200.0,80545.0,0.9984984984984985,0.990750512136073,-625.0,0.0012547051442910462,0.0012547051442910462,0.005012531328320802,-0.0025,0.005990833557844302,0.006465473082066571,15001067.0,13804256.1,0.009760539093138565,0.7145223855996123,27.391625347397877,854.0690934775341,-205232597.0,25.806451612903224,20.43010752688173,0.0037783375314861534,-0.006257822277847325,-0.011138613861386149,-0.0004082598673567084,-0.0037593984962406013,79500.0
2021-07-14,79400.0,79600.0,79100.0,79500.0,11575636,-0.003759398496240629,-0.0037664827954768934,80042.85714285714,80428.57142857143,80495.23809523809,0.007061243944586188,500.0,-100.0,41.533883227599155,-345.9495812722744,-235.10683307951575,-110.84274819275862,81842.87314586849,79017.12685413151,0.0351329888317417,0.1708834042463418,79666.66666666667,79660.0,80080.0,80430.0,0.9979914637208135,0.9884371503170459,-770.0,-0.003759398496240629,0.003759398496240629,0.006289308176100629,0.0012594458438287153,0.00594187198729357,0.006467632137692007,14117753.8,13633045.15,0.17358895721071232,0.8490866033697541,27.547925403074924,843.0641582291389,-216808233.0,16.129032258064516,21.50537634408603,0.0012547051442910462,0.0037783375314861534,-0.006257822277847325,0.0004245480598455235,0.013836477987421384,80600.0
2021-07-15,79800.0,80600.0,79500.0,80600.0,13766279,0.01383647798742138,0.013741627852296389,79957.14285714286,80357.14285714286,80438.09523809524,0.008167144525018892,1100.0,-800.0,50.589964734247815,-282.36538801147253,-244.55854406590714,-37.80684394556539,81813.15668122843,79016.84331877157,0.03477352934722201,0.5661585366231837,79966.66666666667,79800.0,80130.0,80415.0,1.0100250626566416,1.0023005658148356,-615.0,0.01383647798742138,0.01383647798742138,0.013647642679900745,0.010025062656641603,0.00782494435517999,0.007675949154800272,13538810.0,13620989.85,0.18924601637439187,1.0106665632674265,27.734986537555983,861.416718355629,-203041954.0,51.61290322580645,31.182795698924735,-0.003759398496240629,0.0012547051442910462,0.0037783375314861534,0.0037772615451572658,-0.009925558312655087,79800.0
2021-07-16,80100.0,80100.0,79500.0,79800.0,10859399,-0.00992555831265507,-0.009975145056819509,79814.28571428571,80207.14285714286,80385.71428571429,0.008765774853167645,600.0,300.0,45.11659963824999,-293.14853701782704,-254.27654265629116,-38.87199436153588,81804.00473092079,78955.99526907921,0.0354318171415971,0.2963489911915667,79966.66666666667,79880.0,80110.0,80380.0,0.99899849774662,0.9927842746951978,-500.0,-0.00992555831265507,0.00992555831265507,0.007518796992481203,-0.003745318352059925,0.008868090084636706,0.008373055083101138,11166574.4,13418123.75,-0.21115945710529327,0.8093083058650432,27.48782031367795,878.4583813302269,-213901353.0,25.806451612903224,31.182795698924735,0.01383647798742138,-0.003759398496240629,0.0012547051442910462,5.050705950856068e-05,-0.010025062656641603,79000.0
2021-07-19,79100.0,79200.0,78800.0,79000.0,13155414,-0.010025062656641603,-0.010075651988741587,79685.71428571429,80064.28571428571,80314.28571428571,0.00857234190748883,400.0,100.0,40.408482434748066,-362.0738128830126,-275.83599670163545,-86.23781618137713,81875.02734083746,78794.97265916254,0.03834013420893666,0.06656613665247328,79800.0,79740.0,79970.0,80335.0,0.9907198394783044,0.9833820875085579,-595.0,-0.010025062656641603,0.010025062656641603,0.005063291139240506,-0.0012642225031605564,0.009890869606443831,0.008675155659979138,11844035.6,13272727.45,0.21143112984429435,0.9911613155290099,27.669547074335053,887.139925520925,-227056767.0,7.6923076923076925,28.370554177005797,-0.00992555831265507,0.01383647798742138,-0.003759398496240629,-0.0020380476606250975,0.0,79000.0
2021-07-20,78500.0,79000.0,78400.0,79000.0,12456646,0.0,0.0,79628.57142857143,79942.85714285714,80271.42857142857,0.008328579769036535,600.0,-500.0,40.408482434748066,-411.9489000949543,-303.05857738029925,-108.89032271465504,81932.03881013954,78637.96118986046,0.041029801585340635,0.10990597425839185,79266.66666666667,79580.0,79750.0,80285.0,0.9927117366172405,0.983994519524195,-705.0,0.0,0.0,0.007594936708860759,0.006369426751592357,0.009812013363390612,0.007703984673533115,12362674.8,13306891.5,-0.053116382350262836,0.9361048746809125,27.614967985157527,866.629930840859,-227056767.0,20.689655172413794,18.06280482587491,-0.010025062656641603,-0.00992555831265507,0.01383647798742138,-0.006650206989765557,-0.006329113924050633,78500.0
2021-07-21,79000.0,79100.0,78500.0,78500.0,12355296,-0.006329113924050667,-0.00634922767865878,79457.14285714286,79828.57142857143,80200.0,0.008297050601926561,600.0,500.0,37.566867220422914,-486.21628865023376,-339.6901196342862,-146.52616901594757,82035.12797941927,78374.87202058073,0.04563625657800054,0.0341855817807267,78833.33333333333,79380.0,79520.0,80205.0,0.9889140841521794,0.9787419736924132,-825.0,-0.006329113924050667,0.006329113924050667,0.007643312101910828,-0.006329113924050633,0.009994466803713692,0.00776126232170507,12518606.8,13231828.9,-0.008136219011120605,0.9337557259374779,27.60044925880117,847.5849357807977,-239412063.0,3.4482758620689653,10.610079575596824,0.0,-0.010025062656641603,-0.00992555831265507,-0.00545139219356409,0.015286624203821656,79700.0
2021-07-22,79000.0,79800.0,78900.0,79700.0,12618790,0.015286624203821653,0.015170961007806604,79442.85714285714,79807.14285714286,80180.95238095238,0.010600999517322195,900.0,-700.0,47.169182939847936,-443.1355669924087,-360.3792091059107,-82.756357886498,81910.7154091605,78349.2845908395,0.04444566102983912,0.3792620095867205,79066.66666666667,79200.0,79500.0,80130.0,1.0063131313131313,0.9946337202046674,-930.0,0.015286624203821653,0.015286624203821653,0.011292346298619825,0.008860759493670886,0.010589941633143588,0.009023983500303014,12289109.0,12924214.4,0.021326401245263638,0.9763680491094298,27.636722395703643,879.9002975107408,-226793273.0,44.827586206896555,22.988505747126442,-0.006329113924050667,0.0,-0.010025062656641603,0.002985836759923662,-0.005018820577164366,79300.0
2021-07-23,79700.0,79900.0,79200.0,79300.0,9098910,-0.005018820577164407,-0.0050314571553670955,79414.28571428571,79728.57142857143,80090.47619047618,0.010682809601620682,700.0,400.0,44.701192939992374,-436.2417187762476,-375.55171103997816,-60.69000773626942,81689.92340751848,78340.07659248152,0.04186523545631393,0.2865574041205489,79166.66666666667,79100.0,79490.0,80015.0,1.0025284450063212,0.9910641754670999,-915.0,-0.005018820577164407,0.005018820577164407,0.008827238335435058,-0.005018820577164366,0.009899750207968825,0.00893989625450242,11937011.2,12705089.65,-0.2789395813703216,0.7161625970895845,27.3046585917174,867.0502762599735,-235892183.0,31.03448275862069,26.436781609195407,0.015286624203821653,-0.006329113924050667,0.0,0.0013128965675355264,-0.006305170239596469,78800.0
2021-07-26,79400.0,79500.0,78800.0,78800.0,10040975,-0.006305170239596425,-0.006325131776968814,79157.14285714286,79557.14285714286,79957.14285714286,0.008793395099213824,700.0,600.0,41.759894255006735,-465.755179931366,-393.5924048182557,-72.16277511311029,81365.63852515195,78354.36147484805,0.037706950291809496,0.14798987861544594,79266.66666666667,79060.0,79400.0,79860.0,0.9967113584619276,0.9867267718507388,-800.0,-0.006305170239596425,0.006305170239596425,0.008883248730964468,-0.007556675062972292,0.009186433588751255,0.009023356421038487,11314123.4,12628211.95,0.1035360279418085,0.7951224638734385,27.396853054913855,855.1181136699755,-245933158.0,13.793103448275861,29.885057471264375,-0.005018820577164407,0.015286624203821653,-0.006329113924050667,0.0013208777956869404,-0.0038071065989847717,78500.0
2021-07-27,79200.0,79400.0,78500.0,78500.0,11427693,-0.0038071065989847552,-0.0038143720754706774,78971.42857142857,79392.85714285714,79795.23809523809,0.008299822044903836,900.0,700.0,40.056824384969026,-507.5021346263384,-416.37435077987226,-91.12778384646612,81257.15221591725,78212.84778408275,0.038180277567373064,0.09432440885821929,78866.66666666667,78960.0,79270.0,79735.0,0.9941742654508612,0.9845111933278987,-775.0,-0.0038071065989847552,0.0038071065989847552,0.011464968152866241,-0.008838383838383838,0.009294537634808394,0.009018654189858654,11108332.8,12412380.75,0.13810591102955638,0.9206689055199987,27.522404081900383,858.3239626935488,-257360851.0,3.5714285714285716,16.13300492610838,-0.006305170239596425,-0.005018820577164407,0.015286624203821653,-0.005043699138581863,0.008917197452229299,79200.0
2021-07-28,78300.0,79200.0,78100.0,79200.0,12743417,0.008917197452229297,0.00887767403201742,79000.0,79342.85714285714,79709.52380952382,0.00844830201974598,1100.0,-900.0,45.628733145456614,-478.58590671354614,-428.81666196660706,-49.76924474693908,81128.83412413087,78191.16587586913,0.03687758283030043,0.34341322398395746,78833.33333333333,79100.0,79240.0,79660.0,1.0012642225031605,0.9942254581973387,-560.0,0.008917197452229297,0.008917197452229297,0.013888888888888888,0.011494252873563218,0.009697579818115452,0.009556983650977836,11185957.0,12385119.45,0.11513469954084354,1.0289296806095802,27.640256960310897,875.5865367868668,-244617434.0,44.0,20.45484400656815,-0.0038071065989847552,-0.006305170239596425,-0.005018820577164407,-0.00039835979545062755,-0.0025252525252525255,79000.0
2021-07-29,78800.0,79400.0,78800.0,79000.0,14360453,-0.002525252525252486,-0.0025284463533586377,79000.0,79314.28571428571,79628.57142857143,0.008520066261761602,600.0,-200.0,44.35999392207576,-466.4311879019515,-436.339567153676,-30.09162074827549,81086.78413087975,78123.21586912025,0.03722841858877585,0.29585420460644113,78900.0,78960.0,79080.0,79605.0,1.0005065856129687,0.99239997487595,-645.0,-0.002525252525252486,0.002525252525252486,0.007594936708860759,0.0025380710659898475,0.0061248784858567345,0.008159194090082061,11534289.6,12433998.0,0.1268918689547709,1.15493447883778,27.757191798497832,855.9017841592334,-258977887.0,36.0,27.85714285714286,0.008917197452229297,-0.0038071065989847552,-0.006305170239596425,0.0008616127759973521,-0.006329113924050633,78500.0
2021-07-30,78900.0,78900.0,78500.0,78500.0,13823411,-0.006329113924050667,-0.00634922767865878,79000.0,79228.57142857143,79552.38095238095,0.008520066261761602,400.0,400.0,41.27042698050649,-491.47884481135407,-447.36742268521164,-44.11142212614243,81077.96980794736,77982.03019205264,0.03892794688664303,0.1673061726682508,78900.0,78800.0,78950.0,79530.0,0.9961928934010152,0.9870489123601157,-730.0,-0.006329113924050667,0.006329113924050667,0.005095541401273885,-0.005069708491761723,0.006324593936916498,0.007842850709437669,12479189.8,12687513.7,-0.03739728823317756,1.0895287545581134,27.712728065829502,830.4802281478596,-272801298.0,16.0,32.00000000000001,-0.002525252525252486,0.008917197452229297,-0.0038071065989847552,2.0943667642048247e-05,0.01019108280254777,79300.0
2021-08-02,79200.0,79500.0,78700.0,79300.0,11739124,0.010191082802547768,0.01013950385243955,78942.85714285714,79192.85714285714,79519.04761904762,0.007124887675987454,800.0,-100.0,47.56326353671245,-441.6845150986628,-446.23084116790193,4.5463260692391145,80970.07964934834,77979.92035065166,0.037623898064758375,0.44147468996843153,78933.33333333333,78900.0,78980.0,79475.0,1.0050697084917617,0.9977980497011639,-575.0,0.010191082802547768,0.010191082802547768,0.01008827238335435,0.0012626262626262627,0.007680998608495527,0.008036863753299721,12818819.6,12857921.45,-0.15077950008141983,0.9129876897793617,27.559431160509213,842.5887832801554,-261062174.0,48.0,33.333333333333336,-0.006329113924050667,-0.002525252525252486,0.008917197452229297,0.00044557211774820527,0.02648171500630517,81400.0
2021-08-03,79400.0,81400.0,79300.0,81400.0,24339360,0.02648171500630525,0.02613714436769239,79242.85714285714,79328.57142857143,79566.66666666667,0.012030811190791775,2100.0,-2000.0,59.753922002056356,-230.11705432549934,-403.00808379942146,172.89102947392212,81030.48578634365,77939.51421365635,0.038887482829304855,1.119546299591198,79733.33333333333,79480.0,79220.0,79485.0,1.0241570206341217,1.0240925960873122,-5.0,0.02648171500630525,0.02648171500630525,0.025798525798525797,0.02518891687657431,0.012856798856112517,0.011502960527189512,15401153.0,13468306.9,1.0733540253940586,1.8071581068589995,28.31473590300311,932.4038701887158,-236722814.0,100.0,54.666666666666664,0.010191082802547768,-0.006329113924050667,-0.002525252525252486,0.010114561294934118,0.018427518427518427,82900.0
2021-08-04,82200.0,83100.0,81800.0,82900.0,25642368,0.01842751842751844,0.01825978913275469,79828.57142857143,79492.85714285714,79647.61904761905,0.012192316288473946,1300.0,-700.0,65.85939566209936,57.921463993377984,-310.82217424086156,368.74363823423954,81695.53156183788,77484.46843816212,0.05290944997707955,1.2860247882275295,81200.0,80220.0,79660.0,79590.0,1.0334081276489653,1.041588139213469,630.0,0.01842751842751844,0.01842751842751844,0.015681544028950542,0.00851581508515815,0.01381493614533186,0.01191528863765801,17980943.2,13950815.2,0.053535014889462884,1.8380551697079324,28.385146882570304,987.2321651752361,-211080446.0,96.0,81.33333333333333,0.02648171500630525,0.010191082802547768,-0.006329113924050667,0.018366772078790488,-0.009650180940892641,82100.0
2021-08-05,83300.0,83300.0,82000.0,82100.0,18485469,-0.00965018094089265,-0.009697045682866761,80342.85714285714,79657.14285714286,79709.52380952382,0.013239504286209201,1300.0,1200.0,60.58084677428038,219.11493032306316,-204.8347533280766,423.94968365113976,82085.04110082664,77314.95889917336,0.059850466771057424,1.0031359835199858,82133.33333333333,80840.0,79900.0,79700.0,1.0155863433943593,1.0301129234629862,1140.0,-0.00965018094089265,0.00965018094089265,0.015834348355663823,-0.014405762304921969,0.0155868987164455,0.012251629444671125,18805946.4,14042038.75,-0.279104449323869,1.316437686087428,28.048188817395367,1009.5727248055764,-229565915.0,76.92307692307692,90.97435897435896,0.01842751842751844,0.02648171500630525,0.010191082802547768,0.01175301749764368,-0.007308160779537149,81500.0
2021-08-06,81900.0,82500.0,81300.0,81500.0,13342623,-0.0073081607795371095,-0.0073349962115654725,80671.42857142857,79835.71428571429,79785.71428571429,0.014123564634542564,1200.0,400.0,56.89755312903666,295.04582354062586,-104.8586379543361,399.904461494962,82316.00734661163,77293.99265338837,0.06292857205968623,0.8375139468005229,82166.66666666667,81440.0,80120.0,79805.0,1.00073673870334,1.0212392707223859,1635.0,-0.0073081607795371095,0.0073081607795371095,0.014723926380368098,-0.004884004884004884,0.015813649135609658,0.01243886940804967,18709788.8,13573141.05,-0.2782101985078117,0.9830166024834759,27.714832505039787,1023.1746730337495,-242908538.0,65.38461538461539,79.43589743589745,-0.00965018094089265,0.01842751842751844,0.02648171500630525,0.0004897255690295607,0.0,81500.0
2021-08-09,81500.0,82300.0,80900.0,81500.0,15522581,0.0,0.0,81028.57142857143,80014.28571428571,79885.71428571429,0.013957458058348303,1400.0,0.0,56.89755312903666,351.1734940268652,-13.652211558095843,364.82570558496104,82516.75112231674,77273.24887768326,0.06562991732440675,0.8060931272877123,81700.0,81880.0,80390.0,79895.0,0.9953590620420127,1.0200888666374617,1985.0,0.0,0.0,0.01717791411042945,0.0,0.016055679693868945,0.012080162458764615,19466480.2,13860864.7,0.16338301696750324,1.1198854715030875,27.866164659668915,1050.0907678170531,-242908538.0,65.38461538461539,69.23076923076924,-0.0073081607795371095,-0.00965018094089265,0.01842751842751844,-0.005652780573476586,-0.015950920245398775,80200.0
2021-08-10,82300.0,82400.0,80100.0,80200.0,20362639,-0.015950920245398792,-0.016079505374348234,81271.42857142857,80135.71428571429,79909.52380952382,0.015600160148729315,2300.0,2100.0,49.356879152743744,287.44248379212513,46.56672751194836,240.87575628017677,82539.80074431738,77290.19925568262,0.06568981403534717,0.5542898352602605,81066.66666666667,81640.0,80560.0,79915.0,0.9823615874571289,1.003566289182256,1725.0,-0.015950920245398792,0.015950920245398792,0.028678304239401497,-0.02551640340218712,0.013215486361285196,0.013425131281841751,18671136.0,14385824.15,0.3118075531382314,1.415465585265061,28.121491151998143,1139.3699986872637,-263271177.0,40.38461538461539,57.05128205128205,0.0,-0.0073081607795371095,-0.00965018094089265,-0.0077530270083119674,-0.02119700748129676,78500.0
2021-08-11,79600.0,79800.0,78500.0,78500.0,30241137,-0.021197007481296715,-0.02142489008410602,81157.14285714286,80050.0,79847.61904761905,0.017641307635578606,1300.0,1100.0,41.593778734863136,98.62254718324402,56.977891446207494,41.64465573703653,82560.23946792755,77169.76053207245,0.067494884315471,0.2467757473421107,80066.66666666667,80760.0,80490.0,79865.0,0.9720158494304111,0.9829086583609842,895.0,-0.021197007481296715,0.021197007481296715,0.016560509554140127,-0.013819095477386936,0.008136069541120127,0.015037911880875993,19590889.8,15319099.2,0.48512857297131284,1.9740806300151121,28.495567611546043,1179.4149987810306,-293512314.0,7.6923076923076925,37.820512820512825,-0.015950920245398792,0.0,-0.0073081607795371095,-0.01238264257556517,-0.01910828025477707,77000.0
2021-08-12,77100.0,78200.0,76900.0,77000.0,42365223,-0.019108280254777066,-0.019293202934678896,80528.57142857143,79885.71428571429,79728.57142857143,0.013722941862673043,1300.0,100.0,36.1856078479752,-170.09532391697576,11.563248373570843,-181.6585722905466,82641.72293702276,76728.27706297724,0.07421027638885004,0.045950016760171394,78566.66666666667,79740.0,80290.0,79685.0,0.9656383245548031,0.9663048252494196,55.0,-0.019108280254777066,0.019108280254777066,0.016883116883116882,-0.0012970168612191958,0.008862770107516689,0.016125994739229037,24366840.6,16749046.4,0.400913695804493,2.529411047544772,28.81339907221604,1209.4567845823856,-335877537.0,1.5625,16.546474358974365,-0.021197007481296715,-0.015950920245398792,0.0,-0.018752069327157523,-0.033766233766233764,74400.0
2021-08-13,75800.0,76000.0,74100.0,74400.0,61270643,-0.03376623376623378,-0.03434948001463768,79314.28571428571,79571.42857142857,79433.33333333333,0.011148305483150853,1900.0,1400.0,29.118289421093877,-586.0982676688,-107.96905483490332,-478.12921283389664,83198.21778940971,75631.78221059029,0.0952771589601388,-0.16279557233506262,76633.33333333333,78320.0,79880.0,79415.0,0.9499489274770173,0.9368507208965561,-1095.0,-0.03376623376623378,0.03376623376623378,0.025537634408602152,-0.018469656992084433,0.012126643148914248,0.01894764615050075,33952444.6,19269608.6,0.4462485657162716,3.1796516614250274,29.14802260000057,1330.2098713979294,-397148180.0,3.260869565217391,4.171892419175033,-0.019108280254777066,-0.021197007481296715,-0.015950920245398792,-0.024690507167435854,-0.002688172043010753,74200.0
2021-08-17,74000.0,75100.0,74000.0,74200.0,30944847,-0.0026881720430107503,-0.0026917916657114146,78185.71428571429,79264.28571428571,79166.66666666667,0.012030734666819264,1100.0,-200.0,28.654676398577635,-921.3017333698808,-270.63559054189886,-650.666142827982,83620.16295361727,74729.83704638273,0.1122870338772913,-0.059597032989710017,75200.0,76860.0,79370.0,79175.0,0.9653916211293261,0.9371645089990527,-2315.0,-0.0026881720430107503,0.0026881720430107503,0.014824797843665768,0.002702702702702703,0.011149042413261284,0.018209472137419518,37036897.8,20159080.25,-0.49494822504147706,1.5350326808684638,28.462236478043344,1313.7663091552204,-428093027.0,2.150537634408602,2.324635733208669,-0.03376623376623378,-0.019108280254777066,-0.021197007481296715,-0.018520895354673866,-0.004043126684636119,73900.0
2021-08-18,73900.0,74600.0,73100.0,73900.0,29192631,-0.0040431266846361336,-0.0040513222191786895,77100.0,78885.71428571429,78923.80952380953,0.012412511915549056,1500.0,0.0,27.936166878503528,-1197.357990162811,-455.9800704660813,-741.3779196967296,83953.6133301929,73886.3866698071,0.127562426005902,0.0013522423455966342,74166.66666666667,75600.0,78620.0,78920.0,0.9775132275132276,0.9363912823112012,-3320.0,-0.0040431266846361336,0.0040431266846361336,0.02029769959404601,0.0,0.012964875954971315,0.014184486339841417,38802896.2,20995879.5,-0.056623837888098105,1.3903981016846663,28.399894979312663,1327.0687156441331,-457285658.0,7.8431372549019605,4.418181484842656,-0.0026881720430107503,-0.03376623376623378,-0.019108280254777066,-0.013499177497960221,-0.010825439783491205,73100.0
2021-08-19,73500.0,74400.0,73100.0,73100.0,22166298,-0.010825439783491153,-0.010884461198423219,75900.0,78464.28571428571,78642.85714285714,0.010966207792145743,1300.0,400.0,26.059623649228257,-1463.8139407537092,-657.546844523607,-806.2670962301022,84317.82237956667,72982.17762043333,0.1441277146742955,0.010393972470929734,73733.33333333333,74520.0,77640.0,78650.0,0.9809447128287708,0.9294342021614749,-4130.0,-0.010825439783491153,0.010825439783491153,0.017783857729138167,-0.005442176870748299,0.012786085593609357,0.010248950931750251,37187928.4,21486429.6,-0.2406885833620135,1.0316417577353103,28.113667230979207,1325.1352359552666,-479451956.0,0.0,3.331224963103526,-0.0040431266846361336,-0.0026881720430107503,-0.03376623376623378,-0.005852246170379345,-0.005471956224350205,72700.0
2021-08-20,73500.0,73900.0,72500.0,72700.0,22364803,-0.005471956224350261,-0.005486982216259193,74828.57142857143,78050.0,78366.66666666667,0.011592191389636986,1400.0,800.0,25.149954131169764,-1687.8029169630463,-863.5980590114949,-824.2048579515514,84531.33000925256,72068.66999074744,0.15916551747771546,0.050657725422593024,73233.33333333333,73660.0,76700.0,78300.0,0.9869671463480858,0.9284802043422733,-4640.0,-0.005471956224350261,0.005471956224350261,0.01925722145804677,-0.010884353741496598,0.01290088520025702,0.010458960346983789,33187844.4,21973730.25,0.008955261722097152,1.017797285465448,28.117095649926526,1330.482719101319,-501816759.0,1.8518518518518519,3.2316630355846088,-0.010825439783491153,-0.0040431266846361336,-0.0026881720430107503,-0.006780174230825849,0.008253094910591471,73300.0
2021-08-23,73300.0,74000.0,73000.0,73300.0,19384648,0.008253094910591452,0.008219224353132106,74085.71428571429,77621.42857142857,78061.90476190476,0.013667734930731307,1000.0,0.0,29.14534987968979,-1796.195386449428,-1050.1175244990816,-746.0778619503465,84595.69237417408,71404.30762582592,0.16912031728651475,0.14370685188387503,73033.33333333333,73440.0,75880.0,78000.0,0.9980936819172114,0.9397435897435897,-4560.0,0.008253094910591452,0.008253094910591452,0.013642564802182811,0.0,0.006984903351410327,0.012245571160828516,24810645.4,22488017.15,-0.1332520121013362,0.8619989868693249,27.982307858427873,1328.3053820226535,-482432111.0,7.407407407407407,3.0864197530864246,-0.005471956224350261,-0.010825439783491153,-0.0040431266846361336,-0.0026814336990833207,0.03137789904502047,75600.0
2021-08-24,73900.0,75700.0,73900.0,75600.0,21016913,0.03137789904502042,0.030895674292881464,73885.71428571429,77207.14285714286,77885.71428571429,0.019689776709498924,1800.0,-1700.0,41.93945970172721,-1677.1730148339266,-1175.5286225660507,-501.6443922678759,84508.82771991419,71171.17228008581,0.1713470637182474,0.3320544408943868,73866.66666666667,73720.0,75290.0,77840.0,1.0255018990775908,0.9712230215827338,-4120.0,0.03137789904502042,0.03137789904502042,0.023809523809523808,0.023004059539918808,0.016894829035737368,0.017930017924146644,22825058.6,23036814.05,0.08420400514881665,0.9123185590847793,28.09404961466312,1404.8549975924639,-461415198.0,28.703703703703702,12.654320987654325,0.008253094910591452,-0.005471956224350261,-0.010825439783491153,0.011386345910420537,0.0013227513227513227,75700.0
2021-08-25,76200.0,76600.0,74900.0,75700.0,22319664,0.001322751322751392,0.0013218772579158475,74071.42857142857,76692.85714285714,77738.09523809524,0.013863726734323208,1700.0,500.0,42.4262290683086,-1556.831578213969,-1251.7892136956343,-305.0423645183346,84427.78997106316,70972.21002893684,0.1731734870286528,0.35136277970907365,74866.66666666667,74080.0,74840.0,77700.0,1.0218682505399568,0.9742599742599742,-3620.0,0.001322751322751392,0.001322751322751392,0.022457067371202115,-0.006561679790026247,0.01643153321134223,0.017840331374556803,21450465.2,23581412.6,0.06198583969015803,0.9464939348035494,28.155512081026767,1425.9367834787163,-439095534.0,29.62962962962963,21.913580246913583,0.03137789904502042,0.008253094910591452,-0.005471956224350261,0.013651248426121088,-0.01453104359313078,74600.0
2021-08-26,76100.0,76200.0,74600.0,74600.0,16671494,-0.014531043593130732,-0.014637653233687879,74128.57142857143,76157.14285714286,77552.38095238095,0.015269626470942621,1600.0,1500.0,38.59329463709041,-1532.554594215835,-1307.9422897996747,-224.61230441616044,84295.6790678176,70644.3209321824,0.17621476875739264,0.28976450756879535,75300.0,74380.0,74450.0,77470.0,1.0029577843506319,0.9629534013166386,-3090.0,-0.014531043593130732,0.014531043593130732,0.021447721179624665,-0.01971090670170828,0.017376295497731245,0.01731006603699501,20351504.4,23777816.45,-0.2530580209451182,0.7011364578011956,27.849106658979398,1438.3698703730936,-455767028.0,21.0,26.444444444444446,0.001322751322751392,0.03137789904502042,0.008253094910591452,0.006056535591547026,-0.004021447721179625,74300.0
2021-08-27,74300.0,75000.0,73800.0,74300.0,15172748,-0.004021447721179627,-0.004029555486001688,74185.71428571429,75642.85714285714,77319.04761904762,0.015268483648007586,1200.0,0.0,37.59571279920788,-1520.000779468406,-1350.353987733421,-169.64679173498507,84161.76730251272,70308.23269748728,0.17936861015116762,0.28814071039059475,74866.66666666667,74700.0,74180.0,77235.0,0.9946452476572959,0.9619990936751472,-2535.0,-0.004021447721179627,0.004021447721179627,0.016150740242261104,0.0,0.017185719573179152,0.016580881616112667,18913093.4,23818431.2,-0.08989872173423685,0.6370171012774343,27.750877712626973,1421.3434510607299,-470939776.0,18.181818181818183,22.93714927048261,-0.014531043593130732,0.001322751322751392,0.03137789904502042,-0.0057432466638529895,0.004037685060565276,74600.0
2021-08-30,75400.0,75500.0,74200.0,74600.0,12686999,0.004037685060565233,0.004029555486001642,74400.0,75150.0,77109.52380952382,0.014386033525818256,1300.0,800.0,39.285809564417164,-1468.9115994871536,-1374.0655100841677,-94.84608940298585,84036.05904100763,70043.94095899237,0.18162147043114293,0.32561610860501167,74500.0,74960.0,74200.0,77040.0,0.9951974386339381,0.9683281412253375,-2080.0,0.004037685060565233,0.004037685060565233,0.01742627345844504,-0.010610079575596816,0.01705728147039672,0.012769775872954464,17573563.6,23761610.6,-0.16382984809343704,0.5339284114015402,27.5759841124948,1412.6760616992492,-458252777.0,21.21212121212121,20.131313131313135,-0.004021447721179627,-0.014531043593130732,0.001322751322751392,-0.004838268751248376,0.028150134048257374,76700.0
2021-08-31,74900.0,76700.0,74300.0,76700.0,24630370,0.02815013404825728,0.027761201163495248,74971.42857142857,74900.0,77023.80952380953,0.016489643444907574,2400.0,-1800.0,49.57981320081594,-1244.6233633253578,-1348.1770807324058,103.553717407048,83825.39853096745,69994.60146903255,0.17983093306377446,0.48481649328960497,75200.0,75180.0,74450.0,76910.0,1.0202181431231712,0.9972695358210896,-1730.0,0.02815013404825728,0.02815013404825728,0.03129074315514994,0.02403204272363151,0.015756403953226368,0.015408060721968183,18296255.0,24406172.9,0.9413866116013725,1.0091860817719602,28.267147779670253,1483.1992001493027,-433622407.0,57.534246575342465,32.30939532309396,0.004037685060565233,-0.004021447721179627,-0.014531043593130732,0.009388790462547628,0.001303780964797914,76800.0
2021-09-01,76700.0,77100.0,75900.0,76800.0,16114775,0.0013037809647979959,0.0013029317804160619,75471.42857142857,74778.57142857143,76904.76190476191,0.016656320716590317,1200.0,-100.0,50.01442765592766,-1046.7380117646826,-1287.8892669388613,241.1512551741787,83264.70316639065,70095.29683360935,0.17174499651514483,0.5091120280571263,76033.33333333333,75400.0,74740.0,76680.0,1.0185676392572944,1.001564945226917,-1280.0,0.0013037809647979959,0.0013037809647979959,0.015625,0.001303780964797914,0.01575690854801857,0.015211633994265804,17055277.2,23994943.65,-0.34573556954280427,0.6715904498487956,27.84420703012371,1462.970685852924,-417507632.0,75.43859649122807,51.39498809289726,0.02815013404825728,0.004037685060565233,-0.004021447721179627,0.011163866691206836,-0.010416666666666666,76000.0
2021-09-02,76800.0,76800.0,75700.0,76000.0,15347486,-0.01041666666666663,-0.010471299867295366,75528.57142857143,74707.14285714286,76647.61904761905,0.013702400875056092,1100.0,800.0,46.55695351264904,-943.5886564192624,-1219.0291448349417,275.4404884156793,82234.96431746583,70435.03568253417,0.15458084279729684,0.4716099977919959,76500.0,75680.0,75030.0,76335.0,1.0042283298097252,0.9956114495316696,-655.0,-0.01041666666666663,0.01041666666666663,0.014473684210526316,-0.010416666666666666,0.01468421529441018,0.015167975238836754,16790475.6,23480199.55,-0.04761400640095814,0.6536352456169819,27.784950859352012,1437.0442082920008,-432855118.0,76.08695652173913,69.68659986276988,0.0013037809647979959,0.02815013404825728,0.004037685060565233,0.006345749448796216,0.007894736842105263,76600.0
2021-09-03,76400.0,76700.0,76000.0,76600.0,12096419,0.007894736842105177,0.007863736460214451,75657.14285714286,74864.28571428571,76347.61904761905,0.013968110500086948,700.0,-200.0,49.383164463527585,-804.1572394800314,-1136.0547637639597,331.8975242839283,81304.90730438399,70815.09269561601,0.1379149961710226,0.5514785074989446,76466.66666666667,76140.0,75420.0,76060.0,1.0060415024954033,1.0070996581646068,80.0,0.007894736842105177,0.007894736842105177,0.009138381201044387,0.002617801047120419,0.014048509810392538,0.014825578933143855,16175209.8,23160747.05,-0.21183058906194796,0.5222810375626463,27.554772372081544,1384.3981934140008,-420758699.0,89.1304347826087,80.2186625985253,-0.01041666666666663,0.0013037809647979959,0.02815013404825728,-0.00040604961992115235,0.009138381201044387,77300.0
2021-09-06,76800.0,77600.0,76600.0,77300.0,12861180,0.009138381201044377,0.009096878846830652,76042.85714285714,75085.71428571429,76119.04761904762,0.012100399381594061,1000.0,-500.0,52.53673433037107,-629.9114599466848,-1034.8261030005049,404.9146430538201,80477.83341373313,71222.16658626687,0.12202593048735993,0.6566607816626583,76633.33333333333,76680.0,75820.0,75850.0,1.0080855503390715,1.019116677653263,830.0,0.009138381201044377,0.009138381201044377,0.0129366106080207,0.006510416666666667,0.014037979294311347,0.01484755299335266,16210046.0,23136674.9,0.06322209903608655,0.5558784940181702,27.625173264528062,1356.941179598715,-407897519.0,94.11764705882354,86.4450127877238,0.007894736842105177,-0.01041666666666663,0.0013037809647979959,0.0022054837921609747,-0.015523932729624839,76100.0
2021-09-07,77100.0,77100.0,75900.0,76100.0,13239401,-0.015523932729624823,-0.01564569072573611,76300.0,75242.85714285714,75861.90476190476,0.01417621323913929,1200.0,1000.0,47.11727992506051,-581.9421288599115,-944.2493081723862,362.3071793124748,79375.0660489366,71784.9339510634,0.10042514022060328,0.5685100065841683,76666.66666666667,76560.0,75870.0,75580.0,0.9939916405433646,1.0068801270177297,980.0,-0.015523932729624823,0.015523932729624823,0.01576872536136662,-0.01297016861219196,0.011016724847987772,0.013035990168674651,13931852.2,23022515.9,0.02940795479108438,0.5750631710933035,27.638511409608626,1360.0168096273783,-421136920.0,70.58823529411765,84.61210571184996,0.009138381201044377,0.007894736842105177,-0.01041666666666663,0.00050306177117491,0.002628120893561104,76300.0
2021-09-08,76000.0,76400.0,75600.0,76300.0,11798147,0.0026281208935610145,0.00262467342277108,76542.85714285714,75471.42857142857,75614.28571428571,0.014176083630318678,800.0,-300.0,48.07860936415393,-521.7730845171754,-859.7540634413442,337.98097892416877,78524.74521259317,72245.25478740683,0.08329893778850365,0.6457124604139908,76566.66666666667,76460.0,75930.0,75385.0,0.9979074025634319,1.0121376931750348,1075.0,0.0026281208935610145,0.0026281208935610145,0.010484927916120577,0.003947368421052632,0.01111707311407726,0.013049053903792511,13068526.6,22594291.3,-0.10886096735041106,0.522173802371044,27.525881260480134,1320.0156089397085,-409338773.0,74.50980392156863,79.73856209150328,-0.015523932729624823,0.009138381201044377,0.007894736842105177,-0.0012524768783398106,-0.01310615989515072,75300.0
2021-09-09,76400.0,76600.0,75000.0,75300.0,17600770,-0.013106159895150737,-0.013192803484563444,76342.85714285714,75657.14285714286,75380.95238095238,0.010272817891155559,1600.0,1100.0,43.79205379690176,-548.4580431145441,-797.4948593759842,249.0368162614401,78001.4991209116,72448.5008790884,0.07381852099465863,0.513506217134219,75900.0,76320.0,76000.0,75225.0,0.9866352201257862,1.0009970089730809,1095.0,-0.013106159895150737,0.013106159895150737,0.021248339973439574,-0.014397905759162303,0.01171985225491834,0.012868780539468718,13519183.4,21962272.95,0.49182494505281205,0.8014093095040967,27.912688622840115,1340.0144940154437,-426939543.0,50.0,65.0326797385621,0.0026281208935610145,-0.015523932729624823,0.009138381201044377,-0.008667323910404848,0.0,75300.0
2021-09-10,75300.0,75600.0,74800.0,75300.0,10103212,0.0,0.0,76128.57142857143,75800.0,75228.57142857143,0.010201199643221002,800.0,0.0,43.79205379690176,-563.1148278490582,-750.618853070599,187.50402522154081,77788.85278047562,72491.14721952438,0.07050446580983806,0.5302017539780507,75633.33333333333,76060.0,76100.0,75140.0,0.9900078885090717,1.0021293585307427,920.0,0.0,0.0,0.010624169986719787,0.0,0.010562963692592381,0.012756477235472947,13120542.0,20349172.4,-0.4259789770561174,0.4964925256616333,27.35759936484519,1301.4420301571977,-426939543.0,39.473684210526315,54.66116271069833,-0.013106159895150737,0.0026281208935610145,-0.015523932729624823,-0.0034926796671965743,0.013280212483399735,76300.0
2021-09-13,75200.0,76300.0,75100.0,76300.0,11397775,0.013280212483399723,0.013192803484563417,76171.42857142857,75850.0,75195.23809523809,0.01112168323338417,1200.0,-1100.0,49.0593793266183,-488.4087209846766,-698.1768266534147,209.76810566873803,77908.27908244415,72561.72091755585,0.07106477257776692,0.6991935684893557,75633.33333333333,75860.0,76270.0,75235.0,1.0058001581861324,1.0141556456436498,625.0,0.013280212483399723,0.013280212483399723,0.015727391874180863,0.014627659574468085,0.011870829224981722,0.013291571887001264,12827861.0,17855529.0,0.12813380536803542,0.6383330899913411,27.49135693615062,1294.196170860255,-415541768.0,65.78947368421052,51.75438596491228,0.0,-0.013106159895150737,0.0026281208935610145,5.8017529416328394e-05,0.003931847968545216,76600.0
2021-09-14,77100.0,77700.0,76600.0,76600.0,18167057,0.003931847968545288,0.003924138456134365,76171.42857142857,75914.28571428571,75300.0,0.01078524257031362,1100.0,500.0,50.55633531891066,-400.38076009679935,-638.6176133420915,238.2368532452922,78048.05148777206,72661.94851222794,0.07147638478593474,0.7311504265055809,76066.66666666667,75960.0,76260.0,75355.0,1.0084254870984728,1.0165217968283458,605.0,0.003931847968545288,0.003931847968545288,0.014360313315926894,-0.00648508430609598,0.009505689213592836,0.009817571785998682,13813392.2,17216639.5,0.5939125838157009,1.055203426894081,27.96147281270247,1301.7535872273797,-397374711.0,71.7948717948718,59.01934322986955,0.013280212483399723,0.0,-0.013106159895150737,0.0057373534839816704,0.005221932114882507,77000.0
2021-09-15,77400.0,77400.0,76400.0,77000.0,12829128,0.005221932114882533,0.00520834510713826,76128.57142857143,76085.71428571429,75433.33333333333,0.010329103692715435,1000.0,400.0,52.558176390175504,-294.94140885875095,-569.8823724454235,274.9409635866725,78207.28908740876,72812.71091259124,0.07144190405002677,0.7762032455022123,76633.33333333333,76100.0,76280.0,75510.0,1.011826544021025,1.019732485763475,590.0,0.005221932114882533,0.005221932114882533,0.012987012987012988,-0.00516795865633075,0.00966257964768647,0.009956446755913891,14019588.4,16398464.35,-0.29382464094211846,0.7823371582961669,27.6187894694135,1280.199759568281,-384545583.0,82.05128205128206,73.21187584345479,0.003931847968545288,0.013280212483399723,0.0,0.007477997522275848,-0.011688311688311689,76100.0
2021-09-16,77300.0,77400.0,76100.0,76100.0,13067622,-0.011688311688311637,-0.011757156986043644,76128.57142857143,76214.28571428571,75538.09523809524,0.009449387104580351,1300.0,1200.0,47.86266379387416,-280.76594667670724,-512.0590872916803,231.29314061497303,78115.84158583947,73204.15841416053,0.06491783203382165,0.5895823253700617,76566.66666666667,76260.0,76290.0,75660.0,0.997901914503016,1.0058154903515728,600.0,-0.011688311688311637,0.011688311688311637,0.017082785808147174,-0.015523932729624839,0.009118864316335996,0.010115449023400528,13112958.8,15943530.55,0.018590039790701285,0.8196190899511903,27.62545166951569,1281.614062456261,-397613205.0,54.285714285714285,69.37728937728939,0.005221932114882533,0.003931847968545288,0.013280212483399723,-0.0008448438682946054,0.01445466491458607,77200.0
2021-09-17,76300.0,77200.0,75900.0,77200.0,16289502,0.014454664914586024,0.014351192163090288,76257.14285714286,76400.0,75733.33333333333,0.010917637433143218,1300.0,-900.0,53.34850403222196,-178.7109156602528,-445.3894529653948,266.678537305142,77999.88459309413,73770.11540690587,0.05573919992341389,0.8108916685794473,76766.66666666667,76640.0,76350.0,75885.0,1.0073068893528183,1.0173288528694735,755.0,0.014454664914586024,0.014454664914586024,0.01683937823834197,0.011795543905635648,0.010459858141511126,0.010857034642965998,14350216.8,15639765.5,0.24655442283224915,1.041543877368238,27.860186145222197,1282.9273437093855,-381323703.0,85.29411764705883,73.87703799468507,-0.011688311688311637,0.005221932114882533,0.003931847968545288,0.00266276178038564,0.0025906735751295338,77400.0
2021-09-23,77500.0,77600.0,76800.0,77400.0,17055590,0.002590673575129543,0.0025873235649509544,76557.14285714286,76450.0,75957.14285714286,0.008749948073856421,800.0,100.0,54.2902317018521,-80.76226269113249,-372.46401491054235,291.70175221940985,77926.35795157627,74253.64204842373,0.04826804971944457,0.8566842724958769,76900.0,76860.0,76360.0,76090.0,1.0070257611241218,1.017216454198975,770.0,0.002590673575129543,0.002590673575129543,0.0103359173126615,-0.0012903225806451613,0.00939256165350248,0.010491840583313608,15481779.8,15523312.6,0.04702955314410473,1.0987081455797005,27.908730626775817,1248.4325334444293,-364268113.0,89.65517241379311,76.41166811552208,0.014454664914586024,-0.011688311688311637,0.005221932114882533,0.0017856756004679768,-0.0012919896640826874,77300.0
2021-09-24,77600.0,77700.0,77100.0,77300.0,12247274,-0.0012919896640827266,-0.0012928250023051934,76842.85714285714,76485.71428571429,76147.61904761905,0.00885967022407145,600.0,300.0,53.70646274947362,-11.07870537697454,-300.1869530038288,289.1082476268543,78072.22789464316,74277.77210535684,0.049812350368051504,0.7964852043279689,77300.0,77000.0,76480.0,76175.0,1.0038961038961038,1.014768624876928,825.0,-0.0012919896640827266,0.0012919896640827266,0.007761966364812419,-0.003865979381443299,0.009538786744330022,0.008981697897915522,14297823.2,15084830.65,-0.2819202384672709,0.81189337050993,27.576263174155724,1202.1159239126844,-376515387.0,86.20689655172414,87.05206220419204,0.002590673575129543,0.014454664914586024,-0.011688311688311637,0.005251116275210947,0.00517464424320828,77700.0
2021-09-27,77300.0,77700.0,77000.0,77700.0,11699798,0.005174644243208348,0.0051613017802255474,77042.85714285714,76607.14285714286,76247.61904761905,0.00790031381407754,700.0,-400.0,55.75583105320472,75.55175924667856,-225.03921055372737,300.5909698004059,78274.86841672448,74275.13158327552,0.052438372119947015,0.8562734398130959,77466.66666666667,77140.0,76620.0,76275.0,1.0072595281306715,1.0186823992133727,865.0,0.005174644243208348,0.005174644243208348,0.009009009009009009,0.00517464424320828,0.009534639419271277,0.009049861596723385,14071957.2,14553837.35,-0.04470186590093439,0.8038978118715886,27.535692671018516,1166.2505007760642,-364815589.0,100.0,91.95402298850576,-0.0012919896640827266,0.002590673575129543,0.014454664914586024,0.0021577760514183883,-0.018018018018018018,76300.0
2021-09-28,77700.0,77800.0,76200.0,76300.0,15406382,-0.018018018018018056,-0.018182319083190474,77000.0,76585.71428571429,76276.19047619047,0.0110658324070067,1600.0,1400.0,47.782791879360055,30.882730000288575,-173.8548224429242,204.73755244321276,78198.07679812108,74521.92320187892,0.04814239911265272,0.48367859273852615,77100.0,77180.0,76720.0,76360.0,0.9885980824047681,0.999214248297538,820.0,-0.018018018018018056,0.018018018018018056,0.020969855832241154,-0.018018018018018018,0.011906410983584075,0.010032198519992422,14539709.2,14490581.75,0.3168075209503618,1.06319968830789,27.79272061439525,1197.232607863488,-380221971.0,50.0,78.73563218390804,0.005174644243208348,-0.0012919896640827266,0.002590673575129543,-0.004711787812964145,-0.028833551769331587,74100.0
2021-09-29,74800.0,75300.0,73800.0,74100.0,23992458,-0.028833551769331556,-0.029257405988370087,76585.71428571429,76357.14285714286,76252.38095238095,0.015029105916953861,1500.0,700.0,38.47249922521679,-179.96488812722964,-175.07683557978527,-4.888052547444374,78236.79622641174,74463.20377358826,0.04942491752224591,-0.09624880750344572,76033.33333333333,76560.0,76600.0,76350.0,0.9678683385579937,0.9705304518664047,210.0,-0.028833551769331556,0.028833551769331556,0.020242914979757085,-0.009358288770053475,0.014706290927397152,0.013875596538161877,16080300.4,14931567.25,0.5573064461208348,1.6068278432058094,28.206420900210084,1290.2874215875245,-404214429.0,7.5,52.5,-0.018018018018018056,0.005174644243208348,-0.0012919896640827266,-0.013892308514713755,0.0,74100.0
2021-09-30,74300.0,74800.0,73700.0,74100.0,19919361,0.0,0.0,76300.0,76214.28571428571,76242.85714285714,0.01486732997849889,1100.0,200.0,38.47249922521679,-343.10800901769835,-208.6830702673679,-134.42493875033045,78319.59796766996,74330.40203233004,0.05226591464579009,-0.05775650934789255,74833.33333333333,75900.0,76380.0,76325.0,0.9762845849802372,0.9708483458892893,-425.0,0.0,0.0,0.014844804318488529,-0.0026917900403768506,0.014275882866165445,0.01290338469499283,16653054.6,15293185.35,-0.1697657238787289,1.3024991552855272,28.020373542577808,1276.6954629027014,-404214429.0,9.75609756097561,22.41869918699187,-0.028833551769331556,-0.018018018018018056,0.005174644243208348,-0.015617189929116537,-0.012145748987854251,73200.0
2021-10-01,73900.0,74000.0,72900.0,73200.0,15803395,-0.012145748987854255,-0.012220111334775331,75728.57142857143,75992.85714285714,76176.19047619047,0.012692169362358086,1100.0,700.0,35.21689180515607,-538.8115024900762,-274.7087567119096,-264.10274577816665,78574.00277922403,73725.99722077597,0.06366389439852997,-0.10849765216530675,73800.0,75080.0,76040.0,76150.0,0.9749600426212041,0.9612606697307945,-1070.0,-0.012145748987854255,0.012145748987854255,0.015027322404371584,-0.009472259810554804,0.013701667632962197,0.012966535165437436,17364278.8,14851836.6,-0.20663142758444908,1.064070082753267,27.7766860482832,1271.2172155525086,-420017824.0,6.122448979591836,7.792848846855815,0.0,-0.028833551769331556,-0.018018018018018056,-0.013659766919061936,-0.01366120218579235,72200.0
2021-10-05,73000.0,73000.0,71400.0,72200.0,24013921,-0.013661202185792365,-0.013755375068485344,74985.71428571429,75771.42857142857,75961.90476190476,0.01198944247672454,1600.0,800.0,31.978821602159428,-765.772228116708,-372.92145099286927,-392.8507771238387,78894.70033873411,72945.29966126589,0.07836407636285854,-0.12527306558600348,73166.66666666667,73980.0,75560.0,75920.0,0.9759394430927277,0.9510010537407798,-1940.0,-0.013661202185792365,0.013661202185792365,0.0221606648199446,-0.010958904109589041,0.010420151281549401,0.012774484816839377,19827103.4,15246793.9,0.519541908558256,1.5750144691075019,28.181339586701235,1308.9874144416153,-444031745.0,12.5,9.459515513522481,-0.012145748987854255,0.0,-0.028833551769331556,-0.008602317057882206,-0.012465373961218837,71300.0
2021-10-06,72600.0,72800.0,71200.0,71300.0,18956962,-0.012465373961218829,-0.012543718478530285,74128.57142857143,75485.71428571429,75700.0,0.011376216443575744,1600.0,1300.0,29.362144126179345,-1006.6585832017736,-499.66887743465014,-506.98970576712344,79305.56988826224,72064.43011173776,0.09567470141407777,-0.105567650305,72233.33333333333,72980.0,75080.0,75685.0,0.9769799945190463,0.9420624958710445,-2705.0,-0.012465373961218829,0.012465373961218829,0.02244039270687237,-0.01790633608815427,0.010250209464305706,0.012812925846743563,20537219.4,15427267.7,-0.2105844772288541,1.2287958158656962,27.932333416288238,1329.7740276957857,-462988707.0,1.5151515151515151,6.712533498247784,-0.013661202185792365,-0.012145748987854255,0.0,-0.012757441711621817,0.004207573632538569,71600.0
2021-10-07,71600.0,72100.0,71300.0,71600.0,13683532,0.004207573632538653,0.004198746546349761,73257.14285714286,75150.0,75490.47619047618,0.01114411098710149,800.0,0.0,31.37779737256629,-1159.9836923629919,-631.7318404203186,-528.2518519426733,79457.71183734524,71412.28816265476,0.10665372406297446,0.02333150433528425,71700.0,72480.0,74520.0,75435.0,0.9878587196467992,0.9491615297938623,-2955.0,0.004207573632538653,0.004207573632538653,0.0111731843575419,0.0,0.008293904818001494,0.011275545887984401,18475434.2,15506623.35,-0.27817906687791005,0.8824314417877442,27.610553976918375,1291.9330257175152,-449305175.0,6.0606060606060606,6.691919191919193,-0.012465373961218829,-0.013661202185792365,-0.012145748987854255,-0.007306334171490847,-0.0013966480446927375,71500.0
2021-10-08,72300.0,72400.0,71500.0,71500.0,14043287,-0.0013966480446927498,-0.0013976242666379726,72571.42857142857,74785.71428571429,75247.61904761905,0.011316276378057323,900.0,800.0,31.059642778110245,-1274.868222989433,-760.3591169341415,-514.5091060552915,79429.35341802333,70860.64658197667,0.11402896847490386,0.0746149250122209,71466.66666666667,71960.0,73930.0,75145.0,0.9936075597554197,0.9514937786945239,-3185.0,-0.0013966480446927498,0.0013966480446927498,0.012587412587412588,-0.011065006915629323,0.00802629026539349,0.01094696785655293,17300219.4,15565728.7,0.026291092095227953,0.9021927126354194,27.635107774653086,1263.9378095948355,-463348462.0,4.545454545454546,4.040404040404041,0.004207573632538653,-0.012465373961218829,-0.013661202185792365,-0.0032181494577909753,-0.03496503496503497,69000.0
2021-10-12,70700.0,70900.0,68700.0,69000.0,31001484,-0.034965034965035,-0.03559094510270263,71842.85714285714,74214.28571428571,74852.38095238095,0.013264986427779655,2200.0,1700.0,24.399044313493192,-1549.7792572638427,-918.2431450000818,-631.536112263761,79847.93800299165,69732.06199700835,0.13525706653273567,-0.07236763247941677,70700.0,71120.0,73100.0,74790.0,0.9701912260967379,0.9225832330525471,-3670.0,-0.034965034965035,0.034965034965035,0.03188405797101449,-0.024045261669024046,0.015040730566199938,0.01357213024202088,20339837.2,16453832.85,1.2075660776568906,1.8841496861322498,28.391407415851248,1373.6565374809186,-494349946.0,3.2967032967032965,4.634254634254634,-0.0013966480446927498,0.004207573632538653,-0.012465373961218829,-0.010718036459063033,-0.002898550724637681,68800.0
2021-10-13,68700.0,69600.0,68300.0,68800.0,24172015,-0.0028985507246376274,-0.002902759657961351,71085.71428571429,73692.85714285714,74504.76190476191,0.01293471194580235,1300.0,-100.0,23.95644189555611,-1763.4585091054469,-1087.2862178211549,-676.172291284292,80077.53616231064,68752.46383768936,0.15218803096984865,0.0041974268197208465,69766.66666666667,70440.0,72210.0,74415.0,0.97671777399205,0.9245447826379091,-3975.0,-0.0028985507246376274,0.0028985507246376274,0.0188953488372093,0.001455604075691412,0.015446701944048428,0.012701377978004249,20371456.0,17072526.25,-0.22029490588257006,1.4158428955410158,28.139665140938135,1368.3953562322815,-518521961.0,5.2631578947368425,4.368438578964895,-0.034965034965035,-0.0013966480446927498,0.004207573632538653,-0.013086744578121793,0.00872093023255814,69400.0
2021-10-14,69000.0,69800.0,68800.0,69400.0,19520641,0.008720930232558155,0.008683122573460857,70542.85714285714,73135.71428571429,74176.19047619047,0.014780078660930339,1000.0,-400.0,28.166370353931427,-1862.911387225162,-1242.4112517019564,-620.5001355232055,80188.59040253058,68051.40959746942,0.16375041561064704,0.11111232700498472,69066.66666666667,70060.0,71520.0,74120.0,0.9905795032829003,0.9363194819212088,-4060.0,0.008720930232558155,0.008720930232558155,0.01440922190201729,0.005797101449275362,0.017233631310485012,0.01404165420562882,20484191.8,17168519.8,-0.1924280619551163,1.137001979634843,27.93462512302045,1342.0814022156899,-499001320.0,11.578947368421053,6.7129361866203965,-0.0028985507246376274,-0.034965034965035,-0.0013966480446927498,-0.009714218485704825,0.010086455331412104,70100.0
2021-10-15,70200.0,71000.0,70000.0,70100.0,18051612,0.01008645533141217,0.010035926527785654,70242.85714285714,72614.28571428571,73928.57142857143,0.015830975152335607,1000.0,100.0,32.83798967966568,-1863.7600935898954,-1366.6810200795444,-497.079073510351,80157.00012119405,67562.99987880595,0.1705117823231534,0.20144513834890806,69433.33333333333,69760.0,71120.0,73860.0,1.004873853211009,0.9490928784186299,-4100.0,0.01008645533141217,0.01008645533141217,0.014265335235378032,-0.0014245014245014246,0.018214234116396687,0.013419377024535554,21357807.8,17565939.8,-0.07525516195907711,1.0276485178436054,27.866423619258185,1360.5041592002835,-480949708.0,18.94736842105263,11.929824561403507,0.008720930232558155,-0.0028985507246376274,-0.034965034965035,0.005302944946444232,0.0014265335235378032,70200.0
2021-10-18,70200.0,70300.0,69200.0,70200.0,13486391,0.0014265335235377208,0.0014255169912209468,70085.71428571429,72107.14285714286,73685.71428571429,0.015482992544135583,1100.0,0.0,33.5033032026505,-1835.2083952307585,-1460.3864951097873,-374.8219001209711,79944.62151914314,67165.37848085686,0.1737372447595171,0.23746488818246064,69900.0,69500.0,70730.0,73555.0,1.0100719424460431,0.954387873020189,-4055.0,0.0014265335235377208,0.0014265335235377208,0.01566951566951567,0.0,0.01836178395932854,0.013491161107906015,21246428.6,17670370.6,-0.25289824532014094,0.7632206084008221,27.576295250901143,1341.8967192574062,-467463317.0,20.0,16.842105263157894,0.01008645533141217,0.008720930232558155,-0.0028985507246376274,0.006744639695836015,0.005698005698005698,70600.0
2021-10-19,70800.0,71000.0,70400.0,70600.0,9507991,0.005698005698005604,0.005681833467430864,69942.85714285714,71600.0,73414.28571428571,0.015595224640548603,600.0,200.0,36.224747954454465,-1760.0159432943328,-1520.3123847466964,-239.70355854763648,79605.95517059833,66904.04482940167,0.17339308362837574,0.29097632334965223,70300.0,69820.0,70470.0,73255.0,1.0111715840733315,0.9637567401542557,-3435.0,0.005698005698005604,0.005698005698005604,0.0084985835694051,-0.002824858757062147,0.00535228465890155,0.013665364721563905,16947730.0,17237417.3,-0.2949936717688224,0.5515902315598056,27.232428584373288,1303.18981073902,-457955326.0,24.210526315789473,21.052631578947366,0.0014265335235377208,0.01008645533141217,0.008720930232558155,0.005736998184318498,-0.00424929178470255,70300.0
2021-10-20,70700.0,71000.0,70200.0,70300.0,10151638,-0.004249291784702569,-0.004258345682577192,69771.42857142857,71171.42857142857,73114.28571428571,0.0156139963085436,800.0,400.0,35.0656315257213,-1704.978940286659,-1557.2456958546888,-147.7332444319702,79144.77224271593,66695.22775728407,0.1707288053405357,0.2895505331085923,70366.66666666667,70120.0,70280.0,72920.0,1.0025670279520822,0.9640702139330773,-2800.0,-0.004249291784702569,0.004249291784702569,0.011379800853485065,-0.005657708628005658,0.005837864292786573,0.013206051954418983,14143654.6,17103542.8,0.0676953732917922,0.5935400705402392,27.29367270754233,1267.2476814005186,-468106964.0,28.571428571428573,24.26065162907268,0.005698005698005604,0.0014265335235377208,0.01008645533141217,0.0009584158122802519,-0.001422475106685633,70200.0
2021-10-21,70300.0,70600.0,70000.0,70200.0,10891094,-0.0014224751066855834,-0.0014234877848537351,69942.85714285714,70892.85714285714,72790.47619047618,0.005723475817620077,600.0,100.0,34.66742651439783,-1650.4060297788092,-1575.8777626395129,-74.5282671392963,78773.98365585749,66476.01634414251,0.16933517813032675,0.3028129414777386,70366.66666666667,70280.0,70170.0,72625.0,0.9988616960728515,0.9666092943201376,-2345.0,-0.0014224751066855834,0.0014224751066855834,0.008547008547008548,-0.001422475106685633,0.0056940321626339505,0.012741450920735461,12417745.2,16994716.4,0.07284105284290088,0.6408517649638449,27.362559539015496,1219.587132729053,-478998058.0,29.23076923076923,27.33757470599576,-0.004249291784702569,0.005698005698005604,0.0014265335235377208,8.746268872483753e-06,0.002849002849002849,70400.0
2021-10-22,70000.0,70700.0,70000.0,70400.0,8395448,0.002849002849002913,0.0028449521322313448,70171.42857142857,70628.57142857143,72519.04761904762,0.005215086818904437,700.0,-400.0,36.22724798527568,-1572.8870140842919,-1575.2796129284689,2.392598844176973,78112.43962916662,66457.56037083338,0.1612351007585701,0.33826516275128077,70300.0,70340.0,70050.0,72285.0,1.0008529997156668,0.9739226672200318,-1945.0,0.002849002849002913,0.002849002849002913,0.009943181818181818,0.005714285714285714,0.0038405060286434032,0.012681177572947523,10486512.4,16600013.7,-0.22914557527462343,0.5057494621224319,27.105148754316012,1182.4737661055494,-470602610.0,36.8421052631579,31.548101021785232,-0.0014224751066855834,-0.004249291784702569,0.005698005698005604,-0.0009409213474617465,-0.002840909090909091,70200.0
2021-10-25,69900.0,70600.0,69500.0,70200.0,10029621,-0.0028409090909090606,-0.0028449521322312507,70285.71428571429,70414.28571428571,72185.71428571429,0.005043413167622982,1100.0,-300.0,35.319135030978345,-1510.1825201460306,-1562.2601943719812,52.07767422595066,77293.475231925,66556.524768075,0.14927981180187685,0.33933985671184147,70266.66666666667,70340.0,69920.0,71925.0,0.9980096673301109,0.9760166840458812,-1585.0,-0.0028409090909090606,0.0028409090909090606,0.01566951566951567,0.004291845493562232,0.004145314553403104,0.012686636268660293,9795158.4,16248715.25,0.19464988646228298,0.6172562473823892,27.280156962599428,1176.582782812296,-480632231.0,40.42553191489362,35.49946880294025,0.002849002849002913,-0.0014224751066855834,-0.004249291784702569,-0.00047146044953057703,0.01282051282051282,71100.0
2021-10-26,70600.0,71500.0,70400.0,71100.0,10528252,0.012820512820512775,0.012739025777429712,70428.57142857143,70335.71428571429,71885.71428571429,0.005835000712114074,1100.0,-500.0,42.325396511573274,-1372.0501386257965,-1524.2181832227445,152.168044596948,76355.98590679446,66874.01409320554,0.1324020360760864,0.4456864025621826,70566.66666666667,70440.0,70130.0,71615.0,1.0093696763202726,0.9928087691126161,-1175.0,0.012820512820512775,0.012820512820512775,0.015471167369901548,0.007082152974504249,0.006899075588735443,0.0060569814132837765,9999210.6,16162764.15,0.04971583672005164,0.651389323156089,27.34141548422365,1185.3982983257035,-470103979.0,62.22222222222222,46.496619800091246,-0.0028409090909090606,0.002849002849002913,-0.0014224751066855834,0.004276202192868876,-0.014064697609001406,70100.0
2021-10-27,71000.0,71000.0,70000.0,70100.0,10295316,-0.01406469760900142,-0.0141645427686508,70414.28571428571,70250.0,71542.85714285714,0.00847798435200175,1000.0,900.0,37.46889446859928,-1327.9629435472452,-1484.9671352876446,157.0041917403994,75050.35678127536,67419.64321872464,0.1071202858503646,0.35125899554528645,70466.66666666667,70400.0,70260.0,71235.0,0.9957386363636364,0.9840668210851408,-835.0,-0.01406469760900142,0.01406469760900142,0.014265335235378032,-0.01267605633802817,0.00973368750985609,0.007989929256460096,10027946.2,16092540.05,-0.02212485035502565,0.6397570531446339,27.304877665508926,1179.2984198738677,-480399295.0,43.90243902439025,48.85006438716869,0.012820512820512775,-0.0028409090909090606,0.002849002849002913,-0.0013616979597992351,0.008559201141226819,70700.0
2021-10-28,69500.0,72200.0,69500.0,70700.0,20644902,0.008559201141226769,0.008522778861982615,70428.57142857143,70185.71428571429,71209.52380952382,0.008865813879373186,2700.0,-1200.0,41.78501222283158,-1230.4249651404243,-1434.0587012582007,203.63373611777638,73935.97476110059,67974.02523889941,0.08402437491651293,0.4572287556192101,70633.33333333333,70500.0,70390.0,70955.0,1.0028368794326241,0.9964061729265027,-455.0,0.008559201141226769,0.008559201141226769,0.03818953323903819,0.017266187050359712,0.010498847381342909,0.007974743180424371,11978707.8,16354466.05,1.0052713292141786,1.2623403256873678,28.009179822264326,1287.9199613114486,-459754393.0,58.53658536585366,54.88708220415538,-0.01406469760900142,0.012820512820512775,-0.0028409090909090606,0.0024383387842460413,-0.01272984441301273,69800.0
2021-10-29,71200.0,71600.0,69700.0,69800.0,17016151,-0.012729844413012725,-0.012811563134200279,70357.14285714286,70064.28571428571,70900.0,0.010088165438282696,1900.0,1400.0,37.59336849785533,-1211.7792559597,-1389.6028121985007,177.82355623880062,73364.90100063999,68115.09899936001,0.07421263784676255,0.32094562808829485,70200.0,70380.0,70360.0,70740.0,0.9917590224495595,0.9867119027424371,-360.0,-0.012729844413012725,0.012729844413012725,0.027220630372492838,-0.019662921348314606,0.012164800204380622,0.008606822318931062,13702848.4,16005650.7,-0.1757698341217604,1.0631339718040955,27.803062798575084,1331.6399640749166,-476770544.0,38.46153846153846,46.966854283927454,0.008559201141226769,-0.01406469760900142,0.012820512820512775,-0.0060784469602624585,0.0014326647564469914,69900.0
2021-11-01,70200.0,70600.0,69900.0,69900.0,11503729,0.0014326647564470996,0.0014316394714378922,70314.28571428571,70128.57142857143,70700.0,0.010126762279813564,700.0,300.0,38.33357816359432,-1175.384136163295,-1346.7590769914598,171.37494082816488,72645.70568045719,68414.29431954281,0.05999448973365068,0.35111350651952195,70133.33333333333,70320.0,70330.0,70530.0,0.9940273037542662,0.9910676307954062,-210.0,0.0014326647564470996,0.0014326647564470996,0.010014306151645207,-0.004273504273504274,0.012210355586117955,0.008606966745676233,13997670.0,15584869.1,-0.32395234386436744,0.7381344640231852,27.413002729864996,1293.6656809267083,-465266815.0,41.02564102564103,46.00792161767771,-0.012729844413012725,0.008559201141226769,-0.01406469760900142,-0.0009126595051129524,0.022889842632331903,71500.0
2021-11-02,70800.0,72200.0,70700.0,71500.0,16812570,0.022889842632331847,0.022631800460197343,70471.42857142857,70321.42857142857,70576.19047619047,0.013464104896025144,1500.0,-700.0,48.79800726829272,-1005.8394225203665,-1278.5751460972413,272.73572357687476,72217.86565525479,68672.13434474521,0.050333328277515535,0.7975408759465135,70400.0,70400.0,70420.0,70445.0,1.015625,1.0149762225849954,-45.0,0.022889842632331847,0.022889842632331847,0.02097902097902098,0.009887005649717515,0.015424909129442376,0.011265555579304537,15254533.6,15635327.85,0.4614887050972776,1.0752937297697918,27.815090107569368,1365.5467037176577,-448454245.0,79.41176470588235,52.96631473102061,0.0014326647564470996,-0.012729844413012725,0.008559201141226769,0.003864220991922074,-0.015384615384615385,70400.0
2021-11-03,71700.0,71700.0,70100.0,70400.0,12770428,-0.01538461538461533,-0.015504186535965199,70500.0,70392.85714285714,70442.85714285714,0.0150175591252751,1600.0,1300.0,43.35138615727673,-949.2919753924944,-1212.7185119562919,263.4265365637975,71923.74069508766,68786.25930491234,0.04459500234774106,0.5143427145547103,70600.0,70460.0,70430.0,70355.0,0.9991484530229918,1.0006396133892403,105.0,-0.01538461538461533,0.01538461538461533,0.022727272727272728,-0.01813110181311018,0.015759499876503404,0.012373539456956361,15749556.0,15073153.2,-0.24042380195294355,0.8472300274902003,27.524591285647567,1382.293367737825,-461224673.0,40.0,53.47913524384112,0.022889842632331847,0.0014326647564470996,-0.012729844413012725,0.0029792973347212057,0.002840909090909091,70600.0
2021-11-04,71200.0,71600.0,70500.0,70600.0,11818987,0.0028409090909091717,0.0028368813351997567,70428.57142857143,70428.57142857143,70366.66666666667,0.014100644246009514,1100.0,600.0,44.56295240092564,-878.2158618262911,-1145.8179819302918,267.60212010400073,71830.10630507744,68809.89369492256,0.042949553614261636,0.5927087050290945,70833.33333333333,70440.0,70470.0,70320.0,1.0022714366837024,1.0039817974971559,120.0,0.0028409090909091717,0.0028409090909091717,0.015580736543909348,-0.008426966292134831,0.015269435329553183,0.012384452475121273,13984373.0,14716254.45,-0.07450345438696337,0.803124670082067,27.450003287552452,1369.2724128994091,-449405686.0,46.666666666666664,55.359477124183,-0.01538461538461533,0.022889842632331847,0.0014326647564470996,0.0034487121128752296,-0.0056657223796034,70200.0
2021-11-05,71600.0,71600.0,70200.0,70200.0,12667743,-0.005665722379603388,-0.005681833467430946,70442.85714285714,70428.57142857143,70314.28571428571,0.013111334286973945,1400.0,1400.0,42.600551313728396,-844.430122002901,-1085.5404099448137,241.1102879419127,71634.88076629188,68865.11923370812,0.0394272104282387,0.48194790439112006,70400.0,70520.0,70450.0,70250.0,0.9954622802041974,0.999288256227758,270.0,-0.005665722379603388,0.005665722379603388,0.019943019943019943,-0.019553072625698324,0.014101250324342427,0.012507583414473186,13114691.4,14665465.0,0.07181292271495021,0.8637805211086045,27.51367298911173,1371.4672405494514,-462073429.0,25.925925925925927,37.53086419753087,0.0028409090909091717,-0.01538461538461533,0.022889842632331847,-0.006069809557769849,0.005698005698005698,70600.0
2021-11-08,70400.0,70600.0,69800.0,70600.0,11121981,0.005698005698005604,0.005681833467430864,70428.57142857143,70428.57142857143,70266.66666666667,0.012852315531820124,800.0,-200.0,45.19941612467045,-776.4278458221524,-1023.7178971202816,247.29005129812913,71472.36361251178,68937.63638748822,0.036104653871142436,0.6558353088649724,70466.66666666667,70660.0,70490.0,70205.0,0.9991508632889895,1.0056263798874725,455.0,0.005698005698005604,0.005698005698005604,0.0113314447592068,0.002840909090909091,0.01424541514689934,0.01259947608824962,13038341.8,14519399.7,-0.12202347332117491,0.7660083219556247,27.389219401884954,1330.6481519387762,-450951448.0,40.74074074074074,37.77777777777778,-0.005665722379603388,0.0028409090909091717,-0.01538461538461533,0.0009577308031037957,-0.00141643059490085,70500.0
2021-11-09,70300.0,71000.0,70100.0,70500.0,11159589,-0.0014164305949008194,-0.0014174346809733935,70528.57142857143,70442.85714285714,70219.04761904762,0.01165494416959648,900.0,-200.0,44.655074583242055,-722.2787366113334,-963.430065018492,241.15132840715853,71418.05004052543,69141.94995947457,0.03238617076054149,0.596656558220598,70433.33333333333,70460.0,70430.0,70280.0,1.000567697984672,1.0031303357996586,180.0,-0.0014164305949008194,0.0014164305949008194,0.01276595744680851,0.002844950213371266,0.00825430325085278,0.01185235784375335,11907745.6,13527304.95,0.0033814119984560964,0.8249676518159665,27.391177675083917,1299.887569657435,-462111037.0,37.03703703703704,34.5679012345679,0.005698005698005604,-0.005665722379603388,0.0028409090909091717,-0.0004613824254995347,-0.00425531914893617,70200.0
2021-11-10,70300.0,70900.0,70200.0,70200.0,9422009,-0.004255319148936176,-0.00426439878645754,70571.42857142857,70442.85714285714,70276.19047619047,0.011851628571782595,700.0,100.0,42.98268248174827,-695.554748065988,-909.8550016279912,214.30025356200326,71252.62774282,69447.37225718,0.02566105878663816,0.41690926786087434,70433.33333333333,70420.0,70440.0,70350.0,0.9968758875319511,0.997867803837953,70.0,-0.004255319148936176,0.004255319148936176,0.009971509971509971,-0.001422475106685633,0.00477457002091819,0.011006854243873298,11238061.8,12789804.65,-0.15570286683497037,0.736681228356369,27.21766248346829,1257.038457539047,-471533046.0,25.925925925925927,34.5679012345679,-0.0014164305949008194,0.005698005698005604,-0.005665722379603388,8.751984722869347e-06,-0.004273504273504274,69900.0
2021-11-11,69900.0,70000.0,69600.0,69900.0,11489122,-0.004273504273504258,-0.004282661792000848,70342.85714285714,70407.14285714286,70328.57142857143,0.0068112452385436905,400.0,0.0,41.316304783879126,-690.6222242989461,-866.0084461621823,175.3862218632362,71190.31395309311,69559.68604690689,0.023170556393409807,0.20870117075884523,70200.0,70280.0,70360.0,70375.0,0.9945930563460444,0.9932504440497336,-95.0,-0.004273504273504258,0.004273504273504258,0.005722460658082976,0.0,0.004563198901723778,0.010666382143281498,11172088.8,12388228.7,0.21939195770243902,0.9274224974551851,27.411732160855085,1210.107139143401,-483022168.0,14.814814814814815,25.925925925925927,-0.004255319148936176,-0.0014164305949008194,0.005698005698005604,-0.003315084672447085,0.010014306151645207,70600.0
2021-11-12,70200.0,70900.0,69900.0,70600.0,10087450,0.010014306151645114,0.009964495259431728,70371.42857142857,70435.71428571429,70385.71428571429,0.005906087753478943,1000.0,-400.0,46.525691243724445,-623.046916797146,-817.4161402891751,194.36922349202916,71210.45796020904,69589.54203979096,0.023024373869574944,0.6233870291979209,70233.33333333333,70360.0,70440.0,70400.0,1.0034110289937463,1.0028409090909092,-40.0,0.010014306151645114,0.010014306151645114,0.014164305949008499,0.005698005698005698,0.006412461713146424,0.010327265297768829,10656030.2,11990020.6,-0.12199992305765406,0.8413204894743884,27.291588058401302,1195.0994863474436,-472934718.0,40.74074074074074,27.160493827160494,-0.004273504273504258,-0.004255319148936176,-0.0014164305949008194,0.000495160909734893,0.0113314447592068,71400.0
2021-11-15,71700.0,71900.0,70900.0,71400.0,12420710,0.011331444759206777,0.011267724846342288,70485.71428571429,70457.14285714286,70447.61904761905,0.00720205164584006,1000.0,300.0,51.79264011020962,-499.1853862268181,-753.7699894767038,254.58460324988573,71378.58014004616,69541.41985995384,0.026073804713203638,1.0116592222169964,70633.33333333333,70520.0,70590.0,70460.0,1.0124787294384572,1.0133409026397957,60.0,0.011331444759206777,0.011331444759206777,0.014005602240896359,-0.0041841004184100415,0.007763223518796439,0.010816152697747666,10915776.0,11936736.55,0.2313032530520598,1.0405448715377739,27.510928947026017,1202.5923801797692,-460514008.0,70.37037037037037,41.97530864197531,0.010014306151645114,-0.004273504273504258,-0.004255319148936176,0.005690748879115877,-0.0014005602240896359,71300.0
2021-11-16,71500.0,72000.0,71300.0,71300.0,10919239,-0.0014005602240896309,-0.0014015419252884445,70642.85714285714,70542.85714285714,70500.0,0.0066395450204598345,700.0,200.0,51.11491086447172,-404.43136214776314,-683.9022640109157,279.47090186315256,71486.49010664856,69503.50989335144,0.028129373903072893,0.9059546306120309,71100.0,70680.0,70570.0,70495.0,1.0087719298245614,1.0114192495921697,185.0,-0.0014005602240896309,0.0014005602240896309,0.009817671809256662,-0.002797202797202797,0.007761337328439618,0.00801193880060945,10867706.0,12007298.95,-0.12088447439800143,0.9093834546361487,27.38068844361165,1166.692924452643,-471433247.0,66.66666666666667,59.25925925925926,0.011331444759206777,0.010014306151645114,-0.004273504273504258,0.00664839689558742,-0.008415147265077139,70700.0
2021-11-17,71300.0,71600.0,70600.0,70700.0,11027606,-0.008415147265077194,-0.008450754517723237,70657.14285714286,70542.85714285714,70504.76190476191,0.007504238418146161,1000.0,600.0,47.12997513129461,-373.4482223462546,-621.8114556779834,248.3632333317288,71506.06534916665,69523.93465083335,0.028109348341959734,0.5933339058597702,71133.33333333333,70780.0,70600.0,70515.0,0.9988697372139023,1.002623555271928,265.0,-0.008415147265077194,0.008415147265077194,0.014144271570014143,-0.008415147265077139,0.008791979401106357,0.006753535528596771,11188825.4,12051097.35,0.009924409567370063,0.9150706927116475,27.382113175133785,1154.7862869917399,-482460853.0,42.30769230769231,59.78157644824311,-0.0014005602240896309,0.011331444759206777,0.010014306151645114,0.000505245756679984,-0.007072135785007072,70200.0
2021-11-18,70700.0,71000.0,70200.0,70200.0,10144957,-0.007072135785007094,-0.007097261870761659,70614.28571428571,70571.42857142857,70500.0,0.00799929064324485,800.0,500.0,44.04817101147594,-384.803902304091,-574.4099450032049,189.6060426991139,71506.06534916665,69523.93465083335,0.028109348341959734,0.3410801062387696,70733.33333333333,70840.0,70560.0,70515.0,0.9909655561829475,0.9955328653477984,325.0,-0.007072135785007094,0.007072135785007094,0.011396011396011397,-0.007072135785007072,0.009320739736284594,0.007082436085970395,10919992.4,12013790.5,-0.08003994702023265,0.8444426428111926,27.291590882707222,1129.4444093494728,-492605810.0,23.076923076923077,44.01709401709402,-0.008415147265077194,-0.0014005602240896309,0.011331444759206777,-0.005629281091391307,0.014245014245014245,71200.0
2021-11-19,70400.0,71400.0,70100.0,71200.0,11954728,0.014245014245014342,0.014144507386164743,70757.14285714286,70664.28571428571,70547.61904761905,0.009485346200121095,1300.0,-800.0,50.9555372191348,-309.54349312798877,-521.4366546281617,211.89316150017294,71590.12013032958,69519.87986967042,0.029342218987444747,0.8115580409950255,70700.0,70960.0,70660.0,70555.0,1.003382187147689,1.0091418042661753,405.0,0.014245014245014342,0.014245014245014342,0.018258426966292134,0.011363636363636364,0.010476342867462725,0.00819449171667439,11293448.0,12191754.5,0.17839119475814447,0.9805584585877283,27.46988550403036,1141.6269515387962,-480651082.0,61.53846153846154,42.30769230769231,-0.007072135785007094,-0.008415147265077194,-0.0014005602240896309,-0.000414089601689982,0.05196629213483146,74900.0
2021-11-22,73300.0,75200.0,73000.0,74900.0,27506623,0.05196629213483139,0.05066107210524365,71471.42857142857,70907.14285714286,70761.90476190476,0.020144193619217113,2200.0,-1600.0,67.12636695568673,48.10547124792356,-407.5282294529447,455.63370070086825,72977.90936019388,68602.09063980612,0.061814079960273494,1.43925280333272,72100.0,71660.0,71090.0,70790.0,1.045213508233324,1.0580590478881198,870.0,0.05196629213483139,0.05196629213483139,0.029372496662216287,0.021828103683492497,0.02519745286498123,0.01802631477028283,14310630.6,13065604.6,1.3008991087041042,2.105269816599226,28.35384653950981,1345.796455000311,-453144459.0,94.64285714285714,59.75274725274725,0.014245014245014342,-0.007072135785007094,-0.008415147265077194,0.019713056864946215,0.0053404539385847796,75300.0
2021-11-23,76000.0,76000.0,74500.0,75300.0,22029195,0.005340453938584844,0.005326244282674163,72142.85714285714,71257.14285714286,71004.76190476191,0.02021671064789435,1500.0,700.0,68.34163951925638,359.67539523191226,-254.0875045159733,613.7628997478855,73977.10562371236,68022.89437628764,0.08386213024541847,1.2221779378183495,73800.0,72460.0,71570.0,71000.0,1.0391940380899807,1.06056338028169,1460.0,0.005340453938584844,0.005340453938584844,0.0199203187250996,-0.009210526315789473,0.024617682075763033,0.017840091816934397,16532621.8,13640651.75,-0.199131241955801,1.6149664549569636,28.137114590819127,1356.8109939288602,-431115264.0,89.0625,81.74793956043956,0.05196629213483139,0.014245014245014342,-0.007072135785007094,0.023850586772810194,-0.006640106241699867,74800.0
2021-11-24,76000.0,76200.0,74100.0,74800.0,15652305,-0.006640106241699861,-0.0066622498254163285,72628.57142857143,71557.14285714286,71180.95238095238,0.021031554183784364,2100.0,1200.0,65.10186975117958,559.797980743795,-91.31040746401963,651.1083882078146,74626.18051173344,67843.81948826656,0.09521107634543256,1.0256281680767423,75000.0,73280.0,72030.0,71235.0,1.0207423580786026,1.0500456236400646,2045.0,-0.006640106241699861,0.006640106241699861,0.02807486631016043,-0.015789473684210527,0.024274268977522065,0.018018570428662027,17457561.6,13908501.2,-0.28947449055673613,1.1253768306825183,27.788701912413632,1409.8959229339416,-446767569.0,78.78787878787878,87.4977453102453,0.005340453938584844,0.05196629213483139,0.014245014245014342,0.01688887994390546,-0.014705882352941176,73700.0
2021-11-25,75100.0,75100.0,73600.0,73700.0,12559258,-0.014705882352941124,-0.014815085785140587,72971.42857142857,71807.14285714286,71352.38095238095,0.022450174412747815,1500.0,1400.0,58.528289743973836,622.4604283016088,51.44375968910606,571.0166686125027,74938.07131781455,67831.92868218545,0.0995467203982504,0.8257744909865651,74600.0,73980.0,72410.0,71385.0,0.9962151932954852,1.032429782167122,2595.0,-0.014705882352941124,0.014705882352941124,0.0203527815468114,-0.018641810918774968,0.02592376554995821,0.018988177447314427,17940421.8,13504219.0,-0.19760968113003163,0.9300247574480242,27.553726719004633,1416.33192843866,-459326827.0,62.121212121212125,76.65719696969697,-0.006640106241699861,0.005340453938584844,0.05196629213483139,-0.005335178218685381,-0.018995929443690638,72300.0
2021-11-26,73500.0,74100.0,72000.0,72300.0,13002242,-0.018995929443690662,-0.019178670030571943,73200.0,71928.57142857143,71428.57142857143,0.023824015258422045,2100.0,1200.0,51.412872178919024,552.7804606810678,151.71109988749842,401.06936079356933,75003.69356653455,68016.30643346545,0.09771202815087546,0.613060860226447,73600.0,74200.0,72580.0,71510.0,0.9743935309973046,1.0110474059572088,2690.0,-0.018995929443690662,0.018995929443690662,0.029045643153526972,-0.0163265306122449,0.02869082697732007,0.02038114275252282,18149924.6,13303523.55,0.03527151046662147,0.977353251650387,27.56921177024241,1465.165362121613,-472329069.0,40.90909090909091,60.6060606060606,-0.014705882352941124,-0.006640106241699861,0.005340453938584844,-0.013447306012777216,0.0,72300.0
2021-11-29,71700.0,73000.0,71400.0,72300.0,16682559,0.0,0.0,73500.0,72057.14285714286,71547.61904761905,0.023461160188676004,1600.0,-600.0,51.412872178919024,491.8884010275797,219.74656011551468,272.141840912065,75055.04706076045,68204.95293923955,0.09563163648640098,0.5978088750481639,72766.66666666667,73680.0,72670.0,71630.0,0.9812703583061889,1.0093536227837498,2050.0,0.0,0.0,0.022130013831258646,0.008368200836820083,0.0100585693882661,0.02015334306678002,15985111.8,13562465.05,0.2830524920240678,1.2300536029768423,27.81845376854152,1474.796407684355,-472329069.0,40.90909090909091,47.97979797979798,-0.018995929443690662,-0.014705882352941124,-0.006640106241699861,-0.011233937265543928,-0.013831258644536652,71300.0
2021-11-30,73200.0,73900.0,70500.0,71300.0,30364841,-0.013831258644536604,-0.0139278017444687,73514.28571428571,72135.71428571429,71614.28571428571,0.023875751592999084,3400.0,1900.0,46.70879388053585,358.8033012873784,247.55790834988744,111.24539293749098,75047.8119459569,68192.1880540431,0.09572219899349062,0.45332299364067513,71966.66666666667,72880.0,72670.0,71620.0,0.9783205268935236,0.9955319743088523,1260.0,-0.013831258644536604,0.013831258644536604,0.047685834502103785,-0.025956284153005466,0.007509267997260096,0.02072280424347065,17652241.0,14240078.6,0.8201548695257124,2.132350659918408,28.40344755741117,1612.3109499926154,-502693910.0,25.757575757575758,35.858585858585855,0.0,-0.018995929443690662,-0.014705882352941124,-0.010942396029409088,0.043478260869565216,74400.0
2021-12-01,72000.0,74800.0,71600.0,74400.0,21954856,0.04347826086956519,0.0425596144187959,73442.85714285714,72457.14285714286,71752.38095238095,0.02105135827695409,3200.0,-2400.0,59.178099565553474,497.7388692825043,297.5941005364108,200.14476874609352,75410.98285915423,68229.01714084577,0.09999952267207551,0.859233126583018,72666.66666666667,72800.0,73040.0,71820.0,1.021978021978022,1.035923141186299,980.0,0.04347826086956519,0.04347826086956519,0.043010752688172046,0.03333333333333333,0.025765688905062575,0.024484766735320507,18912751.2,14699300.0,-0.2769645656962274,1.4935987427972761,28.121710123907825,1747.1458821360002,-480739054.0,71.42857142857143,46.03174603174603,-0.013831258644536604,0.0,-0.018995929443690662,0.009882334075009528,0.01881720430107527,75800.0
2021-12-02,73900.0,75800.0,73800.0,75800.0,23652940,0.018817204301075252,0.018642350809279774,73514.28571428571,72828.57142857143,72009.52380952382,0.022279580574890018,2000.0,-1900.0,63.34894613768283,712.6001961244765,380.5953196540239,332.0048764704526,76033.73241380883,68126.26758619117,0.10970400704242037,0.9704415487258957,73833.33333333333,73220.0,73600.0,72080.0,1.0352362742420105,1.0516093229744727,1140.0,0.018817204301075252,0.018817204301075252,0.026385224274406333,0.02571041948579161,0.025607223230130476,0.024390550027481837,21131487.6,15290997.65,0.0773443469636057,1.5468539425221872,28.214851549703436,1765.2068905548574,-457086114.0,93.44262295081967,63.54292337898895,0.04347826086956519,-0.013831258644536604,0.0,0.01615473550870128,-0.002638522427440633,75600.0
2021-12-03,75600.0,76000.0,74100.0,75600.0,18330240,-0.0026385224274406704,-0.0026420094628386965,73628.57142857143,73128.57142857143,72247.61904761905,0.022101893277351133,1900.0,0.0,62.368590684078086,856.8636266003741,475.848981043294,381.01464555708014,76496.01901638343,68203.98098361657,0.11461006265054413,0.8919422447361288,75266.66666666667,73880.0,74040.0,72350.0,1.0232809962100704,1.0449205252246025,1530.0,-0.0026385224274406704,0.0026385224274406704,0.02513227513227513,0.0,0.022487291953570413,0.024491863296166066,22197087.2,15574122.5,-0.22503333623642563,1.1769677553261828,27.957274275188208,1774.8349698009392,-475416354.0,90.1639344262295,85.01170960187353,0.018817204301075252,0.04347826086956519,-0.013831258644536604,0.01988564758106659,0.009259259259259259,76300.0
2021-12-06,75100.0,76700.0,74900.0,76300.0,16391250,0.0092592592592593,0.009216655104924048,74000.0,73485.71428571429,72538.09523809524,0.020979645211054474,1800.0,-1200.0,64.44267308794305,1015.9661590062751,583.8724166358902,432.0937423703849,77049.46187934758,68220.53812065242,0.12155192068142306,0.9151128835369685,75900.0,74680.0,74180.0,72635.0,1.0216925549009106,1.0504577682935223,2045.0,0.0092592592592593,0.0092592592592593,0.023591087811271297,0.015978695073235686,0.021917889652767773,0.018672114980903695,22138825.4,15837585.95,-0.10578093903844143,1.0349588663163656,27.85468643110112,1776.6324719580152,-459025104.0,93.93939393939394,92.51531710548103,-0.0026385224274406704,0.018817204301075252,0.04347826086956519,0.008479313710964628,0.014416775884665793,77400.0
2021-12-07,76100.0,77700.0,75600.0,77400.0,19232453,0.014416775884665833,0.01431384230527015,74728.57142857143,73964.28571428571,72861.90476190476,0.018193036298722383,2100.0,-1300.0,67.47625291438301,1216.7904660592612,710.4560265205645,506.33443953869676,77755.63994058469,68204.36005941531,0.13087530667538202,0.9627652058143701,76433.33333333333,75900.0,74390.0,72980.0,1.0197628458498025,1.060564538229652,2920.0,0.014416775884665833,0.014416775884665833,0.027131782945736434,0.017082785808147174,0.017000797148826047,0.019068470464394912,19912347.8,16241229.15,0.1733365667658049,1.18417472116019,28.02885173011067,1799.7301525324428,-439792651.0,96.05263157894737,93.3853199815236,0.0092592592592593,-0.0026385224274406704,0.018817204301075252,0.0070125042388281544,0.0,77400.0
2021-12-08,78300.0,78600.0,77100.0,77400.0,21558340,0.0,0.0,75457.14285714286,74478.57142857143,73190.47619047618,0.018193036298722383,1500.0,900.0,67.47625291438301,1360.2648893508158,840.4177990866147,519.8470902642011,78314.63037505536,68365.36962494464,0.1356594048283437,0.908070519204637,77033.33333333333,76500.0,74650.0,73340.0,1.011764705882353,1.0553586037632943,3160.0,0.0,0.0,0.01937984496124031,-0.011494252873563218,0.009178052537676784,0.01881262621242482,19833044.6,16848045.7,0.12093553536826529,1.2795751141629441,28.14301536618513,1778.3208559229827,-439792651.0,85.88235294117646,91.95812615317259,0.014416775884665833,0.0092592592592593,-0.0026385224274406704,0.007892011714641711,0.0103359173126615,78200.0
2021-12-09,77400.0,78200.0,77000.0,78200.0,21604528,0.010335917312661591,0.010282866955584056,76442.85714285714,74978.57142857143,73571.42857142857,0.014957900085001632,1200.0,-800.0,69.65956019686752,1520.9896951849223,976.5321783062761,544.4575168786462,78903.11155974511,68606.88844025489,0.13960034058016713,0.9317117013117014,77666.66666666667,76980.0,75100.0,73755.0,1.0158482722785138,1.0602671005355568,3225.0,0.010335917312661591,0.010335917312661591,0.015345268542199489,0.0103359173126615,0.007254513661755725,0.01774446505527344,19423362.2,17353816.0,0.002142465514506142,1.244943936250102,28.1554384068488,1737.0122233570555,-418188123.0,95.06172839506173,92.3322376383952,0.0,0.014416775884665833,0.0092592592592593,0.008250897732442475,-0.016624040920716114,76900.0
2021-12-10,77400.0,77600.0,76800.0,76900.0,9155219,-0.01662404092071612,-0.016763771039667114,76800.0,75121.42857142857,73904.76190476191,0.012076623737958267,800.0,500.0,62.336467602010046,1525.876768756556,1086.4010963963322,439.4756723602238,79176.07481339651,68963.92518660349,0.13787160289986525,0.7771208906472634,77500.0,77240.0,75560.0,74070.0,0.9955981356809943,1.0382071013905765,3170.0,-0.01662404092071612,0.01662404092071612,0.010403120936280884,-0.006459948320413436,0.012412688454267582,0.01738416657352506,17588358.0,17307204.45,-0.5762361019875093,0.5289831195124063,27.280095812654245,1712.9399216886945,-427343342.0,79.01234567901234,86.65214233841685,0.010335917312661591,0.0,0.014416775884665833,-0.002096041202684843,-0.0013003901170351106,76800.0
2021-12-13,77200.0,78300.0,76500.0,76800.0,15038750,-0.0013003901170350884,-0.0013012363579717858,76942.85714285714,75228.57142857143,74200.0,0.010493872318118345,1800.0,400.0,61.79828266926076,1504.3395555291208,1169.98878822289,334.35076730623086,79422.6433238913,69257.3566761087,0.13674047145255047,0.742000062097276,77300.0,77340.0,76010.0,74340.0,0.9930178432893716,1.033091202582728,3000.0,-0.0013003901170350884,0.0013003901170350884,0.0234375,-0.0051813471502590676,0.01207683041788083,0.017441475495434275,17317858.0,17438106.45,0.642642300528256,0.8624072827586163,27.7751006804665,1719.1584987109309,-442382092.0,77.77777777777777,83.95061728395062,-0.01662404092071612,0.010335917312661591,0.0,-0.002529504575029873,0.0026041666666666665,77000.0
2021-12-14,76500.0,77200.0,76200.0,77000.0,10976660,0.0026041666666667407,0.0026007817000574403,77142.85714285714,75385.71428571429,74466.66666666667,0.010303339006671942,1000.0,-500.0,62.49568794574617,1486.2766157580045,1233.246353729913,253.03026202809156,79628.5250731756,69621.4749268244,0.1340978244067161,0.7373326769893306,76900.0,77260.0,76580.0,74625.0,0.996634739839503,1.031825795644891,2635.0,0.0026041666666667407,0.0026041666666667407,0.012987012987012988,0.006535947712418301,0.009832266760421027,0.016065135756690975,15666699.4,17440977.5,-0.2701082204305544,0.6293603669863114,27.462842459172336,1667.790034517293,-431405432.0,80.24691358024691,79.01234567901234,-0.0013003901170350884,-0.01662404092071612,0.010335917312661591,-0.00510675479036149,0.007792207792207792,77600.0
2021-12-15,76400.0,77600.0,76300.0,77600.0,9584939,0.007792207792207684,0.007762005335489109,77328.57142857143,75664.28571428571,74766.66666666667,0.010161845632981288,1300.0,-1200.0,64.58451041315294,1503.050362481401,1287.2071554802105,215.84320700119042,79781.87128497426,70158.12871502574,0.12836791476521967,0.7732824554360528,77133.33333333333,77300.0,76900.0,74970.0,1.0038809831824063,1.035080698946245,2330.0,0.007792207792207684,0.007792207792207684,0.01675257731958763,0.015706806282722512,0.010616076342144478,0.010137925808004579,13272019.2,17368844.15,-0.12678911435719065,0.5518466811736578,27.335026276503697,1641.5193177660578,-421820493.0,87.65432098765432,81.89300411522633,0.0026041666666667407,-0.0013003901170350884,-0.01662404092071612,0.003031994780613112,0.002577319587628866,77800.0
2021-12-16,78500.0,78500.0,77400.0,77800.0,11996128,0.002577319587628857,0.0025740039951728426,77385.71428571429,76057.14285714286,75104.76190476191,0.008739728280791842,1100.0,700.0,65.27870256638441,1515.017823732138,1332.769289130596,182.2485346015419,79759.32027223695,70940.67972776305,0.11703570729228789,0.7778205991778706,77466.66666666667,77220.0,77100.0,75350.0,1.0075110075110074,1.0325149303251493,1870.0,0.002577319587628857,0.002577319587628857,0.014138817480719794,-0.008917197452229299,0.009317866630837775,0.008754344566158569,11350339.2,17461402.7,0.2515601820731461,0.6870082665237427,27.561991199185073,1602.8393664970538,-409824365.0,90.12345679012346,86.00823045267491,0.007792207792207684,0.0026041666666667407,-0.0013003901170350884,0.00432456468216776,0.002570694087403599,78000.0
2021-12-17,76800.0,78000.0,76800.0,78000.0,13108479,0.0025706940874035134,0.0025673955052457334,77471.42857142857,76464.28571428571,75476.19047619047,0.00875752843789721,1200.0,-1200.0,65.99648843357122,1523.0832953817735,1370.8320903808317,152.2512050009418,79789.75609030608,71590.24390969392,0.10833019131473326,0.7817240768861862,77800.0,77440.0,77340.0,75690.0,1.0072314049586777,1.0305192231470472,1750.0,0.0025706940874035134,0.0025706940874035134,0.015384615384615385,0.015625,0.0032351178188769537,0.008557983323452284,12140991.2,17519090.25,0.09272583620314823,0.7482397095362872,27.653233936375308,1574.0651260329787,-396715886.0,92.5925925925926,90.12345679012346,0.002577319587628857,0.007792207792207684,0.0026041666666667407,0.004313407155746685,-0.011538461538461539,77100.0
2021-12-20,77600.0,77800.0,76800.0,77100.0,11264375,-0.011538461538461497,-0.01160554612030789,77314.28571428571,76878.57142857143,75757.14285714286,0.008840874041285848,1000.0,500.0,59.98680134388756,1440.2504507154663,1384.7157624477586,55.53468826770768,79928.46345827567,71671.53654172433,0.10893043425529472,0.657443563826888,77633.33333333333,77500.0,77420.0,75800.0,0.9948387096774194,1.017150395778364,1700.0,-0.011538461538461497,0.011538461538461497,0.01297016861219196,-0.006443298969072165,0.0072573727296702095,0.009397835006721885,11386116.2,16706977.85,-0.1406802421547153,0.6742317552064032,27.490014208281778,1547.3461884591945,-407980261.0,78.57142857142857,87.09582598471486,0.0025706940874035134,0.002577319587628857,0.007792207792207684,-0.0021301492878097092,0.01297016861219196,78100.0
2021-12-21,77900.0,78300.0,77500.0,78100.0,14245298,0.012970168612191912,0.01288677627635643,77485.71428571429,77142.85714285714,75909.52380952382,0.007620469389866477,800.0,-200.0,63.918316860965334,1438.7118920656212,1395.5149883713311,43.196903694290086,80185.31940401508,71694.68059598492,0.1118072005271289,0.7543978196266155,77733.33333333333,77720.0,77490.0,75940.0,1.0048893463715902,1.0284435080326573,1780.0,0.012970168612191912,0.012970168612191912,0.010243277848911651,0.0025673940949935813,0.009138113168628142,0.009178361438313657,12039843.8,16317783.0,0.26463279143316876,0.8729922441057097,27.73768278114493,1522.535746426395,-393734963.0,89.58333333333333,86.9157848324515,-0.011538461538461497,0.0025706940874035134,0.002577319587628857,0.0013341337203779762,0.016645326504481434,79400.0
2021-12-22,78900.0,79400.0,78800.0,79400.0,17105892,0.016645326504481472,0.016508311407449794,77857.14285714286,77400.0,76104.76190476191,0.009084406671976561,600.0,-500.0,68.2814466397545,1524.814595208154,1421.3749097386958,103.43968546945825,80647.3582436641,71692.6417563359,0.11756224875053435,0.8607037704176079,78200.0,78080.0,77690.0,76170.0,1.016905737704918,1.0424051463830906,1910.0,0.016645326504481472,0.016645326504481472,0.007556675062972292,0.0063371356147021544,0.01099771275434963,0.010415208972431384,13544034.4,16390462.35,0.20080969875112475,1.0436491439181397,27.937187170764712,1506.6403359673668,-376629071.0,100.0,89.38492063492062,0.012970168612191912,-0.011538461538461497,0.0025706940874035134,0.006025677859403962,0.006297229219143577,79900.0
2021-12-23,79800.0,80000.0,79300.0,79900.0,13577498,0.006297229219143663,0.00627748451913903,78271.42857142857,77707.14285714286,76347.61904761905,0.009045216396833113,700.0,-100.0,69.7943489266205,1614.7832133943593,1460.0565704698286,154.72664292453078,81093.75517795503,71866.24482204497,0.12065259356576953,0.8706308492853169,79133.33333333333,78500.0,77860.0,76480.0,1.0178343949044586,1.0447175732217573,2020.0,0.006297229219143663,0.006297229219143663,0.008760951188986232,0.0012531328320802004,0.010948580804939744,0.01015715275914081,13860308.4,16441374.35,-0.206267758500989,0.8258128372340114,27.71245555334389,1449.023169112555,-363051573.0,98.03921568627452,95.87418300653594,0.016645326504481472,0.012970168612191912,-0.011538461538461497,0.011970908111939016,0.007509386733416771,80500.0
2021-12-24,80200.0,80800.0,80200.0,80500.0,12086380,0.007509386733416834,0.007481331652288766,78685.71428571429,78007.14285714286,76671.42857142857,0.009033001818083034,600.0,-300.0,71.54812571706793,1714.7326069773699,1510.991777771337,203.7408292060329,81395.85583902845,72384.14416097155,0.1172026489537897,0.9005898245491127,79933.33333333333,79000.0,78220.0,76890.0,1.018987341772152,1.04695018858109,2110.0,0.007509386733416834,0.007509386733416834,0.007453416149068323,0.003740648379052369,0.010853119671484623,0.007775606487067341,13655888.6,16395581.25,-0.10982273759127048,0.7371730111733611,27.60360222015414,1409.8072284616583,-350965193.0,94.23076923076923,97.42332830568125,0.006297229219143663,0.016645326504481472,0.012970168612191912,0.010150647485680656,-0.0037267080745341614,80200.0
2021-12-27,80600.0,80600.0,79800.0,80200.0,10783368,-0.003726708074534124,-0.003733669552048838,79028.57142857143,78207.14285714286,77047.61904761905,0.009637804947388636,800.0,400.0,69.37907692176574,1749.5678001608758,1558.7069822492447,190.8608179116311,81470.32524045891,73099.67475954109,0.10830886305127553,0.8482405586812143,80200.0,79620.0,78560.0,77285.0,1.0072846018588295,1.0377175389791033,2335.0,-0.003726708074534124,0.003726708074534124,0.00997506234413965,-0.004962779156327543,0.0077472818218780656,0.008014800273557438,13559687.2,16100621.7,-0.10780829330204744,0.6697485476601193,27.48579429893138,1366.2495692858256,-361748561.0,86.95652173913044,93.07550221872474,0.007509386733416834,0.006297229219143663,0.016645326504481472,0.0033599692926754576,0.0012468827930174563,80300.0
2021-12-28,80200.0,80400.0,79700.0,80300.0,18226325,0.0012468827930174342,0.0012461060802471558,79357.14285714286,78414.28571428571,77428.57142857143,0.009691105405734961,700.0,-100.0,69.70872612241502,1764.8994438213558,1599.945474563667,164.95396925768887,81057.19014633755,74412.80985366245,0.08547475773686382,0.8860405164989886,80333.33333333333,80060.0,78890.0,77735.0,1.0029977516862354,1.0329967196243648,2325.0,0.0012468827930174342,0.0012468827930174342,0.008717310087173101,0.0012468827930174563,0.00761689046309753,0.008059397851283604,14355892.6,15493695.9,0.6902256326594809,1.1763703842928788,28.011902435483808,1318.6603143368382,-343522236.0,89.1304347826087,90.10590858416946,-0.003726708074534124,0.007509386733416834,0.006297229219143663,0.0016765204839667147,-0.0186799501867995,78800.0
2021-12-29,80200.0,80200.0,78500.0,78800.0,19794795,-0.018679950186799466,-0.01885662408888251,79600.0,78457.14285714286,77785.71428571429,0.011811603500552869,1700.0,1400.0,59.381962478482464,1637.1404815174901,1607.3844759544318,29.756005563058352,80909.72859204239,75000.27140795761,0.07580600582496028,0.6429911366945403,79766.66666666667,79940.0,79010.0,77955.0,0.9857393044783588,1.010839586941184,1985.0,-0.018679950186799466,0.018679950186799466,0.021573604060913704,-0.017456359102244388,0.010602072942722736,0.010681849709571027,14893673.2,15385692.85,0.08605519763309388,1.2865715696384774,28.075597858164812,1353.0417204556356,-363317031.0,56.52173913043478,77.53623188405798,0.0012468827930174342,-0.003726708074534124,0.007509386733416834,-0.0070532584894387185,-0.006345177664974619,78300.0
2021-12-30,78900.0,79500.0,78100.0,78300.0,14236700,-0.006345177664974666,-0.006365393867076071,79628.57142857143,78557.14285714286,77971.42857142857,0.011391156115513619,1400.0,600.0,56.383539779578626,1478.5015169601247,1581.6078841555704,-103.10636719544573,80857.04879323377,75302.95120676623,0.07113342195783225,0.5396103951316998,79133.33333333333,79620.0,79060.0,78080.0,0.9834212509419744,1.0028176229508197,1540.0,-0.006345177664974666,0.006345177664974666,0.017879948914431672,-0.0076045627376425855,0.0097605230691724,0.010959005437072619,15025513.6,14914880.85,-0.280785681286419,0.9545299183533202,27.739636577498633,1356.3958832802332,-377553731.0,45.65217391304348,63.76811594202899,-0.018679950186799466,0.0012468827930174342,-0.003726708074534124,-0.007926081686252232,0.005108556832694764,78700.0
2022-01-04,78800.0,79200.0,78300.0,78700.0,12427416,0.005108556832694733,0.005095552426600095,79528.57142857143,78692.85714285714,78109.52380952382,0.009324906219775629,900.0,100.0,58.20185827103887,1369.2715416863066,1539.1406156617177,-169.86907397541108,80764.2187268843,75705.7812731157,0.06465696240517153,0.5919256201642998,78600.0,79260.0,79130.0,78235.0,0.9929346454706031,1.0059436313670351,1025.0,0.005108556832694733,0.005108556832694733,0.011435832274459974,-0.0012690355329949238,0.00908876404985745,0.011036382719470973,15093720.8,14619739.65,-0.12708591176325978,0.8500435915765435,27.60881399213126,1323.7961773316451,-365126315.0,54.34782608695652,52.17391304347826,-0.006345177664974666,-0.018679950186799466,0.0012468827930174342,-0.0066388570063598,-0.016518424396442185,77400.0
2022-01-05,78800.0,79000.0,76400.0,77400.0,25470640,-0.016518424396442133,-0.016656374827676058,79171.42857142857,78721.42857142857,78195.23809523809,0.01021917962218221,2600.0,1400.0,50.79091305079604,1164.384563432628,1464.1894052158998,-299.80484178327174,80686.40080998701,75893.59919001299,0.06121856712190603,0.31430485328436697,78133.33333333333,78700.0,79160.0,78290.0,0.9834815756035579,0.9886320091965768,410.0,-0.016518424396442133,0.016518424396442133,0.03359173126614987,-0.017766497461928935,0.010512749149817641,0.011751629543635296,18031175.2,15073709.15,1.0495523767772803,1.6897393830900604,28.30977903381937,1414.9535932365277,-390596955.0,24.444444444444443,41.48148148148148,0.005108556832694733,-0.006345177664974666,-0.018679950186799466,-0.005918348409574022,-0.006459948320413436,76900.0
2022-01-06,76700.0,77600.0,76600.0,76900.0,12931954,-0.006459948320413411,-0.0064809040840831155,78657.14285714286,78671.42857142857,78223.80952380953,0.008736505302205651,1000.0,-200.0,48.2463537069087,950.705197981064,1361.4925637689325,-410.78736578786857,80710.42537468618,75819.57462531382,0.0624909058886138,0.22090745149498378,77666.66666666667,78020.0,79040.0,78265.0,0.9856447064855165,0.9825592538171597,-245.0,-0.006459948320413411,0.006459948320413411,0.013003901170351105,0.002607561929595828,0.009511745485396685,0.01103617950322193,16972301.0,14758684.2,-0.4922799741192212,0.8762267573961642,27.625473016248137,1385.31405086249,-403528909.0,11.363636363636363,30.05196896501244,-0.016518424396442133,0.005108556832694733,-0.006345177664974666,-0.00595660529472027,0.018205461638491547,78300.0
2022-01-07,78100.0,78400.0,77400.0,78300.0,15163757,0.01820546163849146,0.018041726485159042,78385.71428571429,78707.14285714286,78266.66666666667,0.012822039354518285,1000.0,-200.0,55.03854128824456,884.1392541317473,1266.0219018414955,-381.8826477097482,80721.28923803737,75898.71076196263,0.061583175534091865,0.4979264204720336,77533.33333333333,77920.0,78930.0,78310.0,1.004876796714579,0.9998723023879453,-390.0,0.01820546163849146,0.01820546163849146,0.01277139208173691,0.002560819462227913,0.013277460676555651,0.011328235050896807,16046093.4,14438955.05,0.17258049324951208,1.0501976734112763,27.802721612674134,1393.505904372312,-388365152.0,43.18181818181818,26.32996632996633,-0.006459948320413411,-0.016518424396442133,0.005108556832694733,-0.0015909703594546947,-0.0038314176245210726,78000.0
2022-01-10,78100.0,78100.0,77100.0,78000.0,9947422,-0.003831417624521105,-0.003838776307165713,78057.14285714286,78707.14285714286,78295.23809523809,0.012656257311862528,1000.0,100.0,53.42062667049078,797.979164174234,1172.4133543080432,-374.4341901338091,80714.86623798701,75885.13376201299,0.06168240710056213,0.43788475831893797,77733.33333333333,77860.0,78740.0,78300.0,1.0017980991523248,0.9961685823754789,-440.0,-0.003831417624521105,0.003831417624521105,0.01282051282051282,-0.0012804097311139564,0.01308014850877706,0.01101845272629417,15188237.8,13856099.75,-0.3440001709338919,0.717909237049192,27.377288085759375,1379.6840540600042,-398312574.0,36.36363636363637,30.3030303030303,0.01820546163849146,-0.006459948320413411,-0.016518424396442133,0.0026380318978523145,0.011538461538461539,78900.0
2022-01-11,78400.0,79000.0,78000.0,78900.0,13221123,0.011538461538461497,0.011472401162236781,78071.42857142857,78835.71428571429,78328.57142857143,0.011955097570055428,1000.0,-500.0,57.460663580172,793.1759123366064,1096.565865913756,-303.3899535771495,80735.08706025031,76064.91293974969,0.05956854745536512,0.6070623893454323,78400.0,77900.0,78580.0,78400.0,1.012836970474968,1.0063775510204083,-500.0,0.011538461538461497,0.011538461538461497,0.012674271229404309,0.006377551020408163,0.014072332241873198,0.011482877288237225,15346979.2,14059394.95,0.3291004443161254,0.9403763851160608,27.673262842664865,1352.5637644842895,-385091451.0,56.81818181818182,45.45454545454546,-0.003831417624521105,0.01820546163849146,-0.006459948320413411,0.008637501850810617,0.0,78900.0
2022-01-12,79500.0,79600.0,78600.0,78900.0,11000502,0.0,0.0,78157.14285714286,78892.85714285714,78423.80952380953,0.01161129534223217,1000.0,600.0,57.460663580172,780.3736391038547,1033.3274205517757,-252.95378144792107,80723.08357300692,76286.91642699308,0.0565080841476829,0.589040828940571,78600.0,78200.0,78450.0,78505.0,1.0089514066496164,1.0050315266543532,-305.0,0.0,0.0,0.012674271229404309,-0.007547169811320755,0.010551128196643854,0.01147914574759672,12452951.6,13857482.55,-0.16796008932070294,0.7938311998812512,27.489387972920092,1327.3806384496975,-385091451.0,56.81818181818182,50.0,0.011538461538461497,-0.003831417624521105,0.01820546163849146,0.0025690146379801306,-0.012674271229404309,77900.0
2022-01-13,79300.0,79300.0,77900.0,77900.0,13889401,-0.012674271229404344,-0.012755274975126013,78042.85714285714,78785.71428571429,78476.19047619047,0.012510509141071763,1400.0,1400.0,51.68402882517272,681.6781413961144,962.9975647206435,-281.3194233245291,80674.04777426721,76425.95222573279,0.054081420095918736,0.3469902589116084,78566.66666666667,78400.0,78210.0,78550.0,0.9936224489795918,0.991725015913431,-150.0,-0.012674271229404344,0.012674271229404344,0.01797175866495507,-0.017654476670870115,0.012296764521174466,0.011934209685571212,12644441.0,14003119.6,0.26261519701555436,0.9918790524362872,27.709817821110363,1332.5677357032905,-398980852.0,34.09090909090909,49.24242424242424,0.0,0.011538461538461497,-0.003831417624521105,-0.00037860323031428206,-0.007702182284980745,77300.0
2022-01-14,77700.0,78100.0,77100.0,77300.0,10096725,-0.007702182284980763,-0.007731997283326321,78028.57142857143,78600.0,78490.47619047618,0.01107625278866088,1000.0,400.0,48.531466915042834,548.720949272989,880.1422416311127,-331.42129235812376,80691.28823383366,76378.71176616634,0.05491279643047467,0.21362826624428266,78033.33333333333,78200.0,78060.0,78535.0,0.9884910485933504,0.9842745272808302,-335.0,-0.007702182284980763,0.007702182284980763,0.0129366106080207,-0.005148005148005148,0.00916070181414689,0.01077689439941403,11631034.6,14028708.9,-0.2730626036356787,0.7197187618598315,27.383170906379732,1308.8128974387696,-409077577.0,20.454545454545453,37.121212121212125,-0.012674271229404344,0.0,0.011538461538461497,-0.006792151171461702,0.00258732212160414,77500.0
2022-01-17,77600.0,77800.0,76900.0,77500.0,8785122,0.002587322121604174,0.0025839807659250678,78114.28571428571,78385.71428571429,78485.71428571429,0.01074231966988593,900.0,100.0,49.63428951478575,454.2533947688353,794.9644722586573,-340.71107748982206,80701.83891537222,76338.16108462778,0.05557409361620539,0.2662522212768427,77566.66666666667,78100.0,77980.0,78520.0,0.9923175416133163,0.9870096790626592,-420.0,0.002587322121604174,0.002587322121604174,0.011612903225806452,-0.001288659793814433,0.00938052395734823,0.010734663505539649,11398574.6,13868158.6,-0.12990380544186353,0.6334742955708627,27.246603382157726,1279.6119761931432,-400292455.0,26.19047619047619,26.91197691197691,-0.007702182284980763,-0.012674271229404344,0.0,-0.005929710464260311,-0.0064516129032258064,77000.0
2022-01-18,77600.0,77800.0,76600.0,77000.0,9592788,-0.006451612903225823,-0.006472514505617479,77928.57142857143,78157.14285714286,78447.61904761905,0.007930536627568327,1200.0,600.0,46.9271376234137,335.1776367411512,703.0071051551562,-367.82946841400496,80745.82258118987,76194.17741881013,0.058004908402953324,0.177039850964253,77266.66666666667,77720.0,77810.0,78470.0,0.9907359752959342,0.9812667261373773,-750.0,-0.006451612903225823,0.006451612903225823,0.015584415584415584,-0.007731958762886598,0.006139128015376326,0.01062870905075825,10672907.6,13692374.05,0.09193566122360064,0.7005934810844581,27.32808282494555,1273.9254064650615,-409885243.0,15.0,20.548340548340548,0.002587322121604174,-0.007702182284980763,-0.012674271229404344,-0.003855491022200804,-0.00909090909090909,76300.0
2022-01-19,76500.0,76900.0,76100.0,76300.0,10598290,-0.009090909090909038,-0.009132483563272474,77685.71428571429,77871.42857142857,78366.66666666667,0.008333675073682009,800.0,200.0,43.361419381052144,182.22451991899288,598.8505881079235,-416.6260681889306,80831.84139885718,76028.15860114282,0.061248027511339655,0.05659020595334251,76933.33333333333,77200.0,77700.0,78430.0,0.9883419689119171,0.9728420247354329,-1230.0,-0.009090909090909038,0.009090909090909038,0.010484927916120577,-0.00261437908496732,0.0056728104269326745,0.009733365448086957,10592465.2,13659069.8,0.10481853659228157,0.7759159412158505,27.41863144258777,1247.2164488604142,-420483533.0,4.878048780487805,15.35617499032133,-0.006451612903225823,0.002587322121604174,-0.007702182284980763,-0.004318399957510229,0.002621231979030144,76500.0
2022-01-20,76200.0,76700.0,75900.0,76500.0,9708168,0.002621231979030192,0.00261780254207888,77342.85714285714,77707.14285714286,78338.09523809524,0.006123573480371056,800.0,-300.0,44.65536238074301,76.26724013047351,494.3339185124335,-418.06667838196,80900.1289957055,75799.8710042945,0.06509582631028711,0.13727325105603252,76600.0,76920.0,77660.0,78350.0,0.9945397815912637,0.9763880025526483,-1430.0,0.002621231979030192,0.002621231979030192,0.01045751633986928,0.003937007874015748,0.00574665335869498,0.00963065985192709,9756218.6,13432213.3,-0.08398732248315532,0.722752668020839,27.333524170810072,1215.272416798956,-410775365.0,16.216216216216218,12.03142166556801,-0.009090909090909038,-0.006451612903225823,0.002587322121604174,-0.004307096671701556,-0.011764705882352941,75600.0
2022-01-21,75800.0,75800.0,74700.0,75600.0,15774888,-0.0117647058823529,-0.011834457647002796,76871.42857142857,77514.28571428571,78219.04761904762,0.006332276347751056,1100.0,200.0,40.20421874888439,-79.41173679933127,379.5847874500806,-458.9965242494119,80936.89717035723,75383.10282964277,0.0710567341442485,0.03905387147074822,76133.33333333333,76580.0,77390.0,78160.0,0.9872029250457038,0.9672466734902764,-1580.0,-0.0117647058823529,0.0117647058823529,0.01455026455026455,-0.002638522427440633,0.006681524114470935,0.007624055432706598,10891851.2,13365663.1,0.6249088396492521,1.1802547978334124,27.80714142869329,1257.0386727418877,-426550253.0,18.367346938775512,13.153870645159847,0.002621231979030192,-0.009090909090909038,-0.006451612903225823,-0.006078127664743915,-0.006613756613756613,75100.0
2022-01-24,75400.0,75800.0,74700.0,75100.0,13691134,-0.006613756613756627,-0.006635724415398268,76471.42857142857,77257.14285714286,78014.28571428571,0.005646155472623989,1100.0,300.0,37.94152905916039,-240.36350804861286,255.59512835034195,-495.9586363989548,80886.90517472175,74953.09482527825,0.07615259688710846,0.02475730872246753,75733.33333333333,76100.0,77100.0,77920.0,0.9868593955321945,0.9638090349075975,-1820.0,-0.006613756613756627,0.006613756613756627,0.014647137150466045,-0.003978779840848806,0.00541650195771588,0.007688928164607791,11873053.6,13371344.9,-0.13209310899703375,1.0239160011495927,27.658834865772807,1245.8216246888958,-440241387.0,8.16326530612245,14.248942820371395,-0.0117647058823529,0.002621231979030192,-0.009090909090909038,-0.005252410172359778,-0.014647137150466045,74000.0
2022-01-25,74800.0,75000.0,73200.0,74000.0,17766704,-0.01464713715046606,-0.014755465565919322,76000.0,77014.28571428571,77733.33333333333,0.006692174048756308,1800.0,800.0,33.47762025485386,-451.47542560234433,114.18101755980472,-565.656443162149,80787.40875894862,74402.59124105138,0.08228387805782886,-0.06305446317343988,74900.0,75500.0,76610.0,77595.0,0.9801324503311258,0.9536696952123204,-2095.0,-0.01464713715046606,0.01464713715046606,0.024324324324324326,-0.0106951871657754,0.006599788172557561,0.006220525727264383,13507836.8,13655361.1,0.2976795055836865,1.301079031882943,27.904657073966145,1292.548651496832,-458008091.0,12.5,13.010204081632653,-0.006613756613756627,-0.0117647058823529,0.002621231979030192,-0.011008533215525196,0.0,74000.0
2022-01-26,74000.0,74000.0,74000.0,74000.0,0,0.0,0.0,75500.0,76807.14285714286,77423.80952380953,0.006176164227354076,0.0,0.0,33.47762025485386,-611.7314815136342,-31.001482254883058,-580.7299992587511,80613.52108774758,73956.47891225242,0.08613627709769235,0.006537601325071884,74366.66666666667,75040.0,76120.0,77285.0,0.9861407249466951,0.9574949860904445,-2245.0,0.0,0.0,0.0,0.0,0.007393822593626322,0.006220525727264383,11388178.8,13116192.7,-1.0,0.0,0.0,1200.2237478184868,-458008091.0,12.5,11.054421768707483,-0.01464713715046606,-0.006613756613756627,-0.0117647058823529,-0.007086964588074229,-0.03648648648648649,71300.0
2022-01-27,73800.0,74000.0,71300.0,71300.0,22274777,-0.03648648648648645,-0.03716876578391946,74685.71428571429,76307.14285714286,77000.0,0.01309314087849004,2700.0,2500.0,25.078374136023115,-945.7015369254514,-213.94149318899673,-731.7600437364547,80816.68173937668,72853.31826062332,0.10364239576694692,-0.1950580636897517,73100.0,74000.0,75460.0,76835.0,0.9635135135135136,0.927962517082059,-2835.0,-0.03648648648648645,0.03648648648648645,0.037868162692847124,-0.03387533875338753,0.013798246085674737,0.011346265551583055,13901500.6,13318615.3,inf,1.6724544179904346,28.093617126450706,1307.3506229743093,-480282868.0,0.0,8.333333333333334,0.0,-0.01464713715046606,-0.006613756613756627,-0.017044541212317504,0.028050490883590462,73300.0
2022-01-28,71300.0,73700.0,71200.0,73300.0,21367447,0.028050490883590573,0.027664281472355664,74257.14285714286,75971.42857142857,76666.66666666667,0.019687714037523233,2500.0,-2000.0,37.57266085170814,-1037.037602710494,-378.5607150932962,-658.4768876171977,80725.72480582866,72394.27519417134,0.10882248709061296,0.10871155057594994,72866.66666666667,73540.0,75060.0,76560.0,0.9967364699483274,0.9574190177638453,-3020.0,0.028050490883590573,0.028050490883590573,0.034106412005457026,0.028050490883590462,0.02345204197171833,0.016276559275224645,15020012.4,13397247.9,-0.040733516658775115,1.594913161232166,28.079695041492133,1392.5398641904303,-458915421.0,25.0,12.5,-0.03648648648648645,0.0,-0.01464713715046606,-0.0028119985342986245,0.0,73300.0
2022-02-03,74900.0,74900.0,73300.0,73300.0,17744721,0.0,0.0,73800.0,75571.42857142857,76404.76190476191,0.019526916765894416,1600.0,1600.0,37.57266085170814,-1096.7791060724558,-522.2043932891281,-574.5747127833276,80633.2054384634,71986.7945615366,0.11330639335508834,0.1518786762687538,72633.33333333333,73180.0,74640.0,76310.0,1.0016397922929763,0.9605556283580133,-3130.0,0.0,0.0,0.021828103683492497,-0.021361815754339118,0.023590602780035386,0.01615952218751094,15830729.8,13572648.95,-0.1695441668815184,1.3073881941078276,27.89391450907584,1407.3584453196852,-458915421.0,25.0,16.666666666666668,0.028050490883590573,-0.03648648648648645,0.0,-0.0028119985342986245,0.009549795361527967,74000.0
2022-02-04,74300.0,74600.0,73400.0,74000.0,12730034,0.009549795361528002,0.00950448431156398,73571.42857142857,75221.42857142857,76200.0,0.020139316616322678,1200.0,300.0,41.53061032761077,-1075.2457641928195,-632.8126674698665,-442.433096722953,80362.00607098162,71787.99392901838,0.11270472746583285,0.25798961260569464,73533.33333333333,73180.0,74340.0,76075.0,1.0112052473353375,0.9727242852448242,-2895.0,0.009549795361528002,0.009549795361528002,0.016216216216216217,-0.004037685060565276,0.023500235192469625,0.016826509315340393,14823395.8,13587779.85,-0.2826016255764179,0.9368737307000158,27.571295013573636,1399.6899849397078,-446185387.0,34.5679012345679,28.189300411522634,0.0,0.028050490883590573,-0.03648648648648645,0.012533428748372858,-0.013513513513513514,73000.0
2022-02-07,73500.0,73600.0,72400.0,73000.0,14240838,-0.013513513513513487,-0.013605652055778598,73271.42857142857,74871.42857142857,75928.57142857143,0.020514607815112215,1200.0,500.0,37.839728993102355,-1125.893479082646,-731.4288297924224,-394.46464929022363,80304.23411505036,71405.76588494964,0.11730892136445491,0.17915826340285956,73433.33333333333,72980.0,74010.0,75855.0,1.000274047684297,0.9623624019510909,-2875.0,-0.013513513513513487,0.013513513513513487,0.01643835616438356,-0.006802721088435374,0.02429586792864854,0.017036718515739555,17671563.4,13026289.75,0.11868028003695819,1.0932382338570352,27.669839030662708,1413.9978431583,-460426225.0,26.08695652173913,28.55161925210234,0.009549795361528002,0.0,0.028050490883590573,-0.0013212393839951615,0.0,73000.0
2022-02-08,73000.0,73000.0,73000.0,73000.0,0,0.0,0.0,73128.57142857143,74564.28571428571,75719.04761904762,0.01998263323152066,0.0,0.0,37.83972899310235,-1152.744042268896,-815.6918722877172,-337.05216998117885,80255.83335321551,71064.16664678449,0.12148647510482444,0.21060743552212227,73333.33333333333,73320.0,73660.0,75660.0,0.9956355701036552,0.964842717420037,-2340.0,0.0,0.0,0.0,0.0,0.015367247261729835,0.016938615225614295,13216608.0,12379692.05,-1.0,0.0,0.0,1312.9979972184215,-460426225.0,27.272727272727273,29.309195009678103,-0.013513513513513487,0.009549795361528002,0.0,-0.0013212393839951615,0.0,73000.0
2022-02-09,73000.0,73000.0,73000.0,73000.0,0,0.0,0.0,72985.71428571429,74242.85714285714,75533.33333333333,0.01998263323152066,0.0,0.0,37.839728993102355,-1160.644124055616,-884.682322641297,-275.961801414319,79960.9955967429,70829.0044032571,0.12112197351927576,0.23773518291296133,73000.0,73260.0,73400.0,75395.0,0.9964509964509964,0.968233967769746,-2135.0,0.0,0.0,0.0,0.0,0.008226047450162465,0.0167891635926305,8943118.6,11621504.2,,0.0,0.0,1219.2124259885343,-460426225.0,27.272727272727273,26.877470355731223,0.0,-0.013513513513513487,0.009549795361528002,-0.004504504504504496,0.03287671232876712,75400.0
2022-02-10,75600.0,75800.0,74700.0,75400.0,17746033,0.03287671232876721,0.03234783386551934,73571.42857142857,74128.57142857143,75395.23809523809,0.01653565602297871,1100.0,200.0,50.915598092161936,-962.1539417055465,-900.176646454147,-61.97729525139948,79663.6959790137,70866.3040209863,0.11688556378167021,0.515345456999539,73800.0,73680.0,73430.0,75265.0,1.023344191096634,1.0017936623928785,-1585.0,0.03287671232876721,0.03287671232876721,0.014588859416445624,-0.0026455026455026454,0.017230058081896912,0.020231783262144133,8943381.0,12011434.75,inf,1.4774282481116587,27.922235109946474,1332.1258241322105,-442680192.0,73.6842105263158,42.74322169059011,0.0,0.0,-0.013513513513513487,0.01095890410958907,-0.006631299734748011,74900.0
2022-02-11,75000.0,75500.0,74600.0,74900.0,12205407,-0.006631299734747964,-0.006653384490736548,73800.0,74028.57142857143,75247.61904761905,0.014716707612902965,900.0,100.0,48.62090731577098,-835.5630131782236,-887.2539197989623,51.6909066207387,79117.95214043214,71012.04785956786,0.10798513662644754,0.47964446725709337,74433.33333333333,73860.0,73520.0,75065.0,1.0140806932033577,0.9978019050156531,-1205.0,-0.006631299734747964,0.006631299734747964,0.012016021361815754,-0.0013333333333333333,0.017853901158859212,0.01971347363818885,8838455.6,11960648.95,-0.3122177221241502,1.0204636095435273,27.541298777748544,1301.2596938370525,-454885599.0,67.27272727272727,56.07655502392345,0.03287671232876721,0.0,0.0,0.008748470864673083,-0.01602136181575434,73700.0
2022-02-14,74400.0,74500.0,73100.0,73700.0,13993255,-0.01602136181575431,-0.016151091327882845,73857.14285714286,73828.57142857143,75000.0,0.01644549360646519,1400.0,700.0,43.548203672099085,-822.5864963755739,-874.3204351142847,51.733938738710776,78470.75905832424,71139.24094167576,0.09800839672011875,0.34928087438115235,74666.66666666667,74000.0,73490.0,74805.0,0.995945945945946,0.9852282601430385,-805.0,-0.01602136181575431,0.01602136181575431,0.018995929443690638,-0.009408602150537635,0.018443360196074527,0.020474836607892462,8788939.0,12110286.6,0.14647999857767946,1.1554850402962387,27.661844063947616,1336.88400142012,-468878854.0,54.34782608695652,65.10158796199985,-0.006631299734747964,0.03287671232876721,0.0,0.003408016926088312,0.0,73700.0
2022-02-15,74100.0,74200.0,73100.0,73700.0,9320365,0.0,0.0,73814.28571428571,73692.85714285714,74752.38095238095,0.01599095545464818,1100.0,400.0,43.548203672099085,-803.045504619935,-860.0654490154147,57.0199443954798,77985.0628778522,71204.9371221478,0.09089249622232572,0.3679965487001474,74100.0,74140.0,73730.0,74595.0,0.9940652818991098,0.9880018768013942,-455.0,0.0,0.0,0.014925373134328358,-0.005398110661268556,0.018443360196074527,0.0160708735878736,10653012.0,11881834.8,-0.33393874405919133,0.7844213588965232,27.25547042716393,1319.9637156043973,-468878854.0,54.34782608695652,58.65612648221344,-0.01602136181575431,-0.006631299734747964,0.03287671232876721,-0.007550887183500758,0.014925373134328358,74800.0
2022-02-16,74600.0,74900.0,74200.0,74800.0,10767386,0.014925373134328401,0.014815085785140682,74071.42857142857,73671.42857142857,74604.76190476191,0.015738659565215772,700.0,-200.0,49.184495593922094,-690.8348073228553,-826.2193206769028,135.3845133540475,77615.65698936468,71324.34301063532,0.08448118676956308,0.5524532714653433,74066.66666666667,74500.0,73880.0,74470.0,1.0040268456375838,1.0044313146233383,30.0,0.014925373134328401,0.014925373134328401,0.009358288770053475,0.002680965147453083,0.019221111067806152,0.014272091544223615,12806489.2,11915367.85,0.1552536837344889,0.9036553579837655,27.414605472402332,1311.3948787755119,-458111468.0,78.26086956521739,62.31884057971015,0.0,-0.01602136181575431,-0.006631299734747964,-0.00036532956047530263,0.00267379679144385,75000.0
2022-02-17,75000.0,75600.0,74500.0,75000.0,13605382,0.002673796791443861,0.002670228555878892,74357.14285714286,73742.85714285714,74495.23809523809,0.01567248309318524,1100.0,0.0,50.15886938105219,-579.093266052223,-776.794109751967,197.70084369974393,77165.5822467229,71524.4177532771,0.07587819615906653,0.6161107783261794,74500.0,74420.0,74050.0,74345.0,1.0077936038699273,1.0088102764140157,75.0,0.002673796791443861,0.002673796791443861,0.014666666666666666,0.0,0.01146152877634571,0.014253024588785034,11978359.0,12156380.85,0.2635733501148747,1.1191967550111759,27.651219400237267,1296.2952445772612,-444506086.0,82.6086956521739,71.73913043478261,0.014925373134328401,0.0,-0.01602136181575431,0.0058663899752574205,-0.009333333333333334,74300.0
2022-02-18,74600.0,74800.0,73700.0,74300.0,10122226,-0.009333333333333305,-0.009377161812596931,74542.85714285714,73764.28571428571,74342.85714285714,0.01643950957727811,1100.0,300.0,46.778033859695846,-540.7875768396043,-729.5928031694945,188.80522632989016,76738.90656629595,71681.09343370405,0.06815541210877099,0.5177942517132655,74700.0,74300.0,74080.0,74210.0,1.0,1.0012127745586847,90.0,-0.009333333333333305,0.009333333333333305,0.014804845222072678,-0.004021447721179625,0.011849909954567086,0.0144479989600526,11561722.8,12182852.75,-0.256013098345934,0.8308584374870656,27.346110388817323,1296.5598699645998,-454628312.0,67.3913043478261,76.08695652173914,0.002673796791443861,0.014925373134328401,0.0,0.002755278864146319,0.0,74300.0
2022-02-21,74300.0,74300.0,74300.0,74300.0,0,0.0,0.0,74385.71428571429,73978.57142857143,74214.28571428571,0.009906384873189284,0.0,0.0,46.778033859695846,-504.6131755836832,-684.5968776523322,179.983702068649,76441.3876599688,71778.6123400312,0.06291695209739019,0.5407482640623017,74533.33333333333,74420.0,74210.0,74110.0,0.9983875302338081,1.0025637565780596,310.0,0.0,0.0,0.0,0.0,0.008708648756802023,0.01359892093041756,8763071.8,11652938.25,-1.0,0.0,0.0,1203.9484506814142,-454628312.0,67.3913043478261,72.46376811594203,-0.009333333333333305,0.002673796791443861,0.014925373134328401,-0.002219845513963148,0.0,74300.0
2022-02-22,74300.0,74300.0,74300.0,74300.0,0,0.0,0.0,74300.0,74050.0,74119.04761904762,0.009713946466646547,0.0,0.0,46.778033859695846,-470.520830718393,-641.7816682655445,171.26083754715148,76046.82038396453,71953.17961603547,0.055319469836879145,0.5732843981695462,74300.0,74540.0,74340.0,74000.0,0.9967802522135766,1.0040540540540541,540.0,0.0,0.0,0.0,0.0,0.008708648756802023,0.01359892093041756,6898998.8,11167529.85,,0.0,0.0,1117.952132775599,-454628312.0,55.88235294117647,63.55498721227622,0.0,-0.009333333333333305,0.002673796791443861,-0.0031111111111111014,0.0,74300.0
2022-02-23,74300.0,74300.0,74300.0,74300.0,0,0.0,0.0,74385.71428571429,74121.42857142857,74014.28571428571,0.007131576696911585,0.0,0.0,46.778033859695846,-438.4482433656085,-601.1149832855573,162.66673991994878,75845.93804465987,72024.06195534013,0.051692379648606644,0.5955028345947677,74300.0,74440.0,74470.0,73935.0,0.9981192907039226,1.0049367687833908,505.0,0.0,0.0,0.0,0.0,0.004620346713248209,0.01359892093041756,4745521.6,10378785.45,,0.0,0.0,1038.0984090059135,-454628312.0,55.88235294117647,59.71867007672635,0.0,0.0,-0.009333333333333305,0.0,-0.03768506056527591,71500.0
2022-02-24,72300.0,72300.0,71300.0,71500.0,15759283,-0.037685060565275874,-0.038413502023751475,74071.42857142857,73942.85714285714,73819.04761904762,0.016628004285095588,1000.0,800.0,34.3289887786096,-631.6854100451455,-607.2290686374749,-24.456341407670607,75871.07879666293,71638.92120333707,0.05738129744865917,-0.03282514893966876,73366.66666666667,73740.0,74080.0,73755.0,0.9696229997287767,0.9694258016405667,-15.0,-0.037685060565275874,0.037685060565275874,0.013986013986013986,-0.011065006915629323,0.016318157279229382,0.014010713749002117,5176301.8,10482192.9,inf,1.503433790080318,27.75039287511821,1178.2342369340624,-470387595.0,4.444444444444445,38.7363834422658,0.0,0.0,0.0,-0.012561686855091958,0.005594405594405594,71900.0
2022-02-25,72100.0,72600.0,71900.0,71900.0,13168484,0.005594405594405494,0.005578815027038934,73657.14285714286,73864.28571428571,73666.66666666667,0.015157059851983784,700.0,200.0,36.91200677599047,-743.9745245656377,-634.5781598231075,-109.39636474253018,75917.85314664312,71382.14685335688,0.061584606833485836,0.11417254847599898,72566.66666666667,73260.0,73780.0,73650.0,0.9814359814359814,0.9762389680923286,-390.0,0.005594405594405494,0.005594405594405494,0.009735744089012517,-0.0027739251040221915,0.017645814917929808,0.014400619022882168,5785553.4,10252281.9,-0.16439827877956126,1.2844441977351402,27.57636850070527,1172.646077153058,-457219111.0,13.333333333333334,24.553376906318082,-0.037685060565275874,0.0,0.0,-0.010696884990290126,0.0,71900.0
2022-02-28,71900.0,71900.0,71900.0,71900.0,0,0.0,0.0,73214.28571428571,73785.71428571429,73566.66666666667,0.014944914861839156,0.0,0.0,36.91200677599047,-823.4719843800995,-672.3569247345059,-151.11505964559353,75935.7497172495,71154.2502827505,0.06501460921203361,0.15596566045137322,71766.66666666667,72780.0,73600.0,73545.0,0.9879087661445453,0.977632741858726,-765.0,0.0,0.0,0.0,0.0,0.017645814917929808,0.01379100363070344,5785553.4,10252281.9,-1.0,0.0,0.0,1088.885643070697,-457219111.0,13.333333333333334,10.370370370370372,0.005594405594405494,-0.037685060565275874,0.0,-0.010696884990290126,-0.0027816411682892906,71700.0
2022-03-02,72300.0,72400.0,71500.0,71700.0,12481430,-0.0027816411682892728,-0.002785517121426312,72842.85714285714,73692.85714285714,73457.14285714286,0.014906499862125609,900.0,600.0,36.08888041818784,-892.3264388286916,-716.3508275533432,-175.97561127534846,75882.23519465994,71247.76480534006,0.06299830611459084,0.09758077119278014,71833.33333333333,72260.0,73400.0,73565.0,0.9922502075837254,0.9746482702372052,-1305.0,-0.0027816411682892728,0.0027816411682892728,0.012552301255230125,-0.008298755186721992,0.017435475930906635,0.013765639130269238,8281839.4,9762614.55,inf,1.2784925530015931,27.51999852426355,1075.3938114227901,-469700541.0,8.88888888888889,11.851851851851853,0.0,0.005594405594405494,-0.037685060565275874,0.0009375881420387403,0.016736401673640166,72900.0
2022-03-03,72300.0,73100.0,72200.0,72900.0,13232638,0.01673640167364021,0.01659789140903783,72642.85714285714,73514.28571428571,73533.33333333333,0.01702095176474016,900.0,-600.0,44.13804676019072,-840.3767784812517,-741.1560177389249,-99.22076074232677,75878.71174876377,71211.28825123623,0.06346350530325034,0.3618081259732114,72166.66666666667,71980.0,73210.0,73545.0,1.0127813281467075,0.9912298592698348,-1565.0,0.01673640167364021,0.01673640167364021,0.012345679012345678,0.008298755186721992,0.020454361996410958,0.014032045835010432,10928367.0,9355874.1,0.060186052399444634,1.4143668307806752,27.595040829526003,1098.5799677497337,-456467903.0,37.2093023255814,19.810508182601207,-0.0027816411682892728,0.0,0.005594405594405494,0.004651586835116979,0.0,72900.0
2022-03-04,72900.0,72900.0,72900.0,72900.0,0,0.0,0.0,72442.85714285714,73371.42857142857,73514.28571428571,0.01702095176474016,0.0,0.0,44.138046760190726,-790.0985342947242,-750.9445210500849,-39.15401324463937,75874.35601478635,71175.64398521365,0.0639063179812675,0.36698482561468265,72500.0,72260.0,73000.0,73525.0,1.0088569056185994,0.9914994899693982,-1265.0,0.0,0.0,0.0,0.0,0.007789545292988725,0.013948162347533488,7776510.4,8468638.05,-1.0,0.0,0.0,1020.1099700533241,-456467903.0,37.2093023255814,27.76916451335056,0.01673640167364021,-0.0027816411682892728,0.0,0.004651586835116979,-0.038408779149519894,70100.0
2022-03-07,70000.0,70600.0,69900.0,70100.0,18617138,-0.0384087791495199,-0.03916584497406807,71842.85714285714,73114.28571428571,73361.90476190476,0.021757137926179903,700.0,-100.0,32.91878219295256,-965.0645989999321,-793.7685366400543,-171.29606235987774,76119.52929438156,70540.47070561844,0.07608152991631142,-0.07895072235046996,71966.66666666667,71900.0,72580.0,73330.0,0.9749652294853964,0.9559525432974226,-1430.0,-0.0384087791495199,0.0384087791495199,0.009985734664764621,0.0014285714285714286,0.020269923401170457,0.017934479940628443,8866241.2,8762993.25,inf,2.12451812626924,27.89727118532991,1161.5306864780866,-475085041.0,3.508771929824561,25.975792193662453,0.0,0.01673640167364021,-0.0027816411682892728,-0.00722412582529323,-0.008559201141226819,69500.0
2022-03-08,68800.0,70000.0,68700.0,69500.0,15828269,-0.008559201141226769,-0.008596041469797908,71557.14285714286,72814.28571428571,73147.61904761905,0.01735531818351643,1300.0,-700.0,31.094814459723523,-1139.011634321665,-862.8171561763766,-276.1944781452885,76428.80351788047,69881.19648211953,0.08950320601135865,-0.0582192058927109,70833.33333333333,71420.0,72100.0,73155.0,0.9731167740128815,0.9500375914154877,-1735.0,-0.008559201141226769,0.008559201141226769,0.01870503597122302,0.010174418604651164,0.020114449858145214,0.017838624204045393,12031895.0,8842364.8,-0.14980116707519708,1.7900493089812353,27.72639010809521,1178.564208872509,-490913310.0,11.594202898550725,17.437425717985562,-0.0384087791495199,0.0,0.01673640167364021,-0.01565599343024889,0.0,69500.0
2022-03-10,69500.0,69500.0,69500.0,69500.0,0,0.0,0.0,71214.28571428571,72435.71428571429,72980.95238095238,0.016962958067475137,0.0,0.0,31.094814459723523,-1262.314734538726,-942.7166718488465,-319.5980626898795,76640.08340428442,69319.91659571558,0.10030373812782739,0.024600997353450962,69700.0,70980.0,71620.0,72980.0,0.979149056072133,0.9523157029323103,-2000.0,0.0,0.0,0.0,0.0,0.02028430250081046,0.017838624204045393,9535609.0,8842364.8,-1.0,0.0,0.0,1094.3810510959013,-490913310.0,11.594202898550725,8.89905924230867,-0.008559201141226769,-0.0384087791495199,0.0,-0.01565599343024889,0.007194244604316547,70000.0
2022-03-11,70500.0,70700.0,69700.0,70000.0,15787655,0.007194244604316502,0.007168489478612497,70942.85714285714,72078.57142857143,72838.09523809524,0.017512049347436925,1000.0,500.0,34.597153321042896,-1304.6483346000896,-1015.1030043990952,-289.5453302009944,76724.9900344447,68935.0099655553,0.10696114333227226,0.13671280606967318,69666.66666666667,70400.0,71190.0,72830.0,0.9943181818181818,0.9611423863792393,-2430.0,0.007194244604316502,0.007194244604316502,0.014285714285714285,-0.0070921985815602835,0.017915505751084086,0.018270208602043092,10046612.4,9631747.55,inf,1.639126743931323,27.730989384518992,1101.9252617319084,-475125655.0,21.311475409836067,14.833293735645839,0.0,-0.008559201141226769,-0.0384087791495199,-0.00045498551230342227,0.002857142857142857,70200.0
2022-03-14,70000.0,70200.0,69600.0,70200.0,9040993,0.0028571428571428914,0.0028530689824064807,70728.57142857143,71785.71428571429,72704.76190476191,0.017696586615215,600.0,-200.0,35.99848577595456,-1306.9934818322072,-1073.4810998857176,-233.51238194648954,76436.78160748736,68703.21839251264,0.10656694522495123,0.19354359250456452,69900.0,69860.0,71060.0,72570.0,1.0048668766103637,0.9673418768085986,-2710.0,0.0028571428571428914,0.0028571428571428914,0.008547008547008548,0.002857142857142857,0.018274625135968968,0.014519695252656471,11854811.0,9196495.55,-0.42733781552738515,0.9830911080036351,27.176383161484047,1066.0734573224863,-466084662.0,26.785714285714285,19.897130864700358,0.007194244604316502,0.0,-0.008559201141226769,0.003350462487153131,0.0,70200.0
2022-03-15,70200.0,70200.0,70200.0,70200.0,0,0.0,0.0,70342.85714285714,71492.85714285714,72457.14285714286,0.015620000718167378,0.0,0.0,35.99848577595456,-1293.9363352837972,-1117.5721469653336,-176.36418831846368,76176.75124540638,68493.24875459362,0.10622108924881132,0.22213193103628995,70133.33333333333,69880.0,70890.0,72335.0,1.0045792787635948,0.9704845510472109,-2455.0,0.0,0.0,0.0,0.0,0.005760534283076095,0.014312134536309171,8131383.4,8586225.2,-1.0,0.0,0.0,989.925353228023,-466084662.0,26.785714285714285,24.960967993754878,0.0028571428571428914,0.007194244604316502,0.0,0.003350462487153131,0.002849002849002849,70400.0
2022-03-16,70200.0,70500.0,69700.0,70400.0,10175750,0.002849002849002913,0.0028449521322313448,69985.71428571429,71214.28571428571,72242.85714285714,0.015819402727296795,800.0,-200.0,37.550315772182785,-1253.0062479847984,-1144.6589671692266,-108.34728081557182,76048.19817088221,68291.80182911779,0.10747396898662084,0.27180124351441276,70266.66666666667,70060.0,70740.0,72170.0,1.0048529831572937,0.9754745739226826,-2110.0,0.002849002849002913,0.002849002849002913,0.011363636363636364,0.002849002849002849,0.002947593252724722,0.014391060325080028,7000879.6,8395349.95,inf,1.212069783940335,27.297466538797718,976.3592565688785,-455908912.0,30.357142857142858,27.976190476190478,0.0,0.0028571428571428914,0.007194244604316502,0.0019020485687152682,0.0,70400.0
2022-03-17,70400.0,70400.0,70400.0,70400.0,0,0.0,0.0,70028.57142857143,70935.71428571429,72085.71428571429,0.004811577240477155,0.0,0.0,37.550315772182785,-1206.65924228917,-1157.0590221932152,-49.60022009595468,75889.91007821186,68120.08992178814,0.10790667532009894,0.29343151222450614,70333.33333333333,70240.0,70610.0,72005.0,1.0022779043280183,0.977709881258246,-1765.0,0.0,0.0,0.0,0.0,0.002947593252724722,0.014401395032999214,7000879.6,7929331.7,-1.0,0.0,0.0,906.6193096711015,-455908912.0,38.63636363636363,31.926406926406923,0.002849002849002913,0.0,0.0028571428571428914,0.0009496676163343043,0.004261363636363636,70700.0
2022-03-18,70600.0,70900.0,70200.0,70700.0,14410038,0.0042613636363635354,0.004252309738530255,70200.0,70878.57142857143,71942.85714285714,0.002703031516126363,700.0,-100.0,40.07787714482276,-1132.6647592821682,-1152.180169611006,19.51541032883779,75491.81170757844,68108.18829242156,0.10283598071249135,0.3510216545250732,70500.0,70380.0,70390.0,71800.0,1.0045467462347257,0.9846796657381616,-1420.0,0.0042613636363635354,0.0042613636363635354,0.009900990099009901,0.00141643059490085,0.0019084715142273737,0.013105764571591625,6725356.2,8111464.3,inf,1.7765026716569534,27.649636456915474,891.8607875517372,-441498874.0,45.45454545454545,38.14935064935065,0.0,0.002849002849002913,0.0,0.002370122161788816,-0.011315417256011316,69900.0
2022-03-21,70900.0,71000.0,69900.0,69900.0,11169002,-0.011315417256011262,-0.011379923662762446,70257.14285714286,70735.71428571429,71709.52380952382,0.005923129896567033,1100.0,1000.0,35.90461941752288,-1125.601677048413,-1146.8644710984875,21.26279405007449,75003.30807431103,68086.69192568897,0.09667504575612644,0.2621669376104212,70333.33333333333,70320.0,70090.0,71545.0,0.9940273037542662,0.9770074778111678,-1225.0,-0.011315417256011262,0.011315417256011262,0.015736766809728183,-0.014104372355430184,0.00613958904479457,0.013306766901685078,7150958.0,7989645.3,-0.22491515983510935,1.3979346492390594,27.38347374881319,906.7278741551845,-452667876.0,27.272727272727273,37.12121212121212,0.0042613636363635354,0.0,0.002849002849002913,-0.0023513512065492423,0.005722460658082976,70300.0
2022-03-22,69900.0,70500.0,69900.0,70300.0,9402666,0.005722460658083017,0.005706149576854689,70300.0,70621.42857142857,71485.71428571429,0.00568281024276335,600.0,-400.0,39.307600183159664,-1075.3317217137082,-1132.5579212215316,57.22619950782337,74588.43872099427,68101.56127900573,0.09092266370437355,0.3389055428678395,70300.0,70340.0,70110.0,71345.0,0.9994313335228888,0.9853528628495339,-1005.0,0.005722460658083017,0.005722460658083017,0.008534850640113799,0.005722460658082976,0.006830094332851397,0.005956656770290311,9031491.2,7953667.3,-0.1581462694697342,1.1821799486131386,27.217030901850073,884.8187402869571,-443265210.0,36.36363636363637,36.36363636363637,-0.011315417256011262,0.0042613636363635354,0.0,-0.00044386432052156977,0.002844950213371266,70500.0
2022-03-23,70600.0,71200.0,70300.0,70500.0,12398025,0.002844950213371167,0.0028409110016036497,70342.85714285714,70535.71428571429,71304.76190476191,0.005682012563467809,900.0,100.0,40.994464711983476,-1007.7375205629942,-1107.5938410898243,99.85632052683013,74101.16610815564,68208.83389184436,0.08280981261065667,0.38883858276238814,70233.33333333333,70360.0,70210.0,71155.0,1.0019897669130187,0.9907947438690183,-795.0,0.002844950213371167,0.002844950213371167,0.01276595744680851,-0.00141643059490085,0.006829716966765698,0.005102285016500326,9475946.2,8573568.55,0.3185648623486148,1.4460752168360511,27.49641573249774,885.903115980746,-430867185.0,40.90909090909091,34.848484848484844,0.005722460658083017,-0.011315417256011262,0.0042613636363635354,-0.0009160021281856926,-0.009929078014184398,69800.0
2022-03-24,69600.0,70300.0,69600.0,69800.0,37943357,-0.009929078014184411,-0.009978700049896195,70285.71428571429,70314.28571428571,71090.47619047618,0.006966816320926625,700.0,-200.0,37.10709716197967,-999.1353684299538,-1085.9021465578503,86.76677812789649,73532.10441151465,68327.89558848535,0.0733710534756704,0.28286805191221326,70200.0,70240.0,70240.0,70930.0,0.9937357630979499,0.9840688002255745,-690.0,-0.009929078014184411,0.009929078014184411,0.01002865329512894,0.0028735632183908046,0.008238020157181643,0.0062507847285274065,17064617.6,10470736.4,2.0604355935723633,3.623752480293554,28.604994289121088,886.9100362678355,-468810542.0,26.19047619047619,34.487734487734485,0.002844950213371167,0.005722460658083017,-0.011315417256011262,-0.0004538890475767425,0.0,69800.0
2022-03-25,70100.0,70200.0,69600.0,69800.0,12986010,0.0,0.0,70200.0,70092.85714285714,70876.19047619047,0.006798582480186021,600.0,300.0,37.10709716197967,-981.0096325031482,-1064.9236437469099,83.9140112437617,72811.10641006795,68598.89358993205,0.05957446885136696,0.2851485576242082,70033.33333333333,70060.0,70220.0,70705.0,0.9962888952326577,0.9872003394385122,-645.0,0.0,0.0,0.008595988538681949,-0.0042796005706134095,0.007670134643842696,0.005784756582526969,16779812.0,11120036.9,-0.6577527391685454,1.1678027795033665,27.532772470861904,866.4164622487044,-468810542.0,44.0,37.033189033189025,-0.009929078014184411,0.002844950213371167,0.005722460658083017,-0.002361375933604415,-0.0014326647564469914,69700.0
2022-03-28,69500.0,69900.0,69200.0,69700.0,12619289,-0.0014326647564469885,-0.0014336920018485856,70100.0,70064.28571428571,70657.14285714286,0.006777168546535192,700.0,-200.0,36.53312798579067,-963.6061683724256,-1044.660148672013,81.05398029958747,72731.87455810208,68498.12544189792,0.05995537939820371,0.28387949430022913,69766.66666666667,70020.0,70170.0,70615.0,0.9954298771779492,0.9870424130850386,-595.0,-0.0014326647564469885,0.0014326647564469885,0.010043041606886656,0.0028776978417266188,0.005914341849763227,0.005685214599611479,17069869.4,10963037.2,-0.028239697951872866,1.1510759992677941,27.50269267109577,854.5295720880827,-481429831.0,40.0,36.73015873015873,0.0,-0.009929078014184411,0.002844950213371167,-0.0037872475902104665,0.007173601147776184,70200.0
2022-03-29,70000.0,70300.0,69800.0,70200.0,13686208,0.007173601147776099,0.007147993265287151,70028.57142857143,70114.28571428571,70595.23809523809,0.007253291676813409,500.0,-200.0,41.412783271521505,-899.1036689153552,-1015.5488527206816,116.44518380532634,72564.54378695953,68495.45621304047,0.057693004025507824,0.4189007378177004,69900.0,70000.0,70170.0,70530.0,1.002857142857143,0.9953211399404509,-530.0,0.007173601147776099,0.007173601147776099,0.007122507122507123,0.002857142857142857,0.006321245546321527,0.006211563047057646,17926577.8,10988923.4,0.08454668087877226,1.2454548550224673,27.591002758406603,836.3488883675054,-467743623.0,50.0,44.666666666666664,-0.0014326647564469885,0.0,-0.009929078014184411,0.00191364546377637,-0.004273504273504274,69900.0
2022-03-30,70300.0,70500.0,69800.0,69900.0,12670187,-0.004273504273504258,-0.004282661792000848,70028.57142857143,70142.85714285714,70500.0,0.00593991926852666,700.0,400.0,39.45278517269759,-862.2529508915468,-984.8896723548546,122.63672146330782,72375.68348158928,68484.31651841072,0.05525155421238903,0.3638010742715759,69933.33333333333,69880.0,70120.0,70430.0,1.0002862049227246,0.9924747976714469,-550.0,-0.004273504273504258,0.004273504273504258,0.010014306151645207,-0.005689900426742532,0.006245851032166955,0.006258974220439927,17981010.2,11622432.75,-0.07423685216533316,1.0901493063059453,27.50958323968531,826.6096820555408,-480413810.0,35.0,41.666666666666664,0.007173601147776099,-0.0014326647564469885,0.0,0.0004891440392749505,-0.004291845493562232,69600.0
2022-03-31,69900.0,70200.0,69600.0,69600.0,12510366,-0.0042918454935622075,-0.0043010818993905854,69928.57142857143,70114.28571428571,70390.47619047618,0.00552763700108358,600.0,300.0,37.53943841297977,-847.4866851932165,-957.409074922527,109.92238972931045,72207.74715299436,68442.25284700564,0.05354417783133616,0.3074621972347838,69900.0,69840.0,70040.0,70325.0,0.9965635738831615,0.9896907216494846,-485.0,-0.0042918454935622075,0.0042918454935622075,0.008620689655172414,-0.004291845493562232,0.004706389169644841,0.006352484836085925,12894412.0,11623879.55,-0.012613941688469188,1.0762642494863084,27.49258798493351,810.4232761944309,-492924176.0,20.0,35.0,-0.004273504273504258,0.007173601147776099,-0.0014326647564469885,-0.0004639162064301224,-0.007183908045977011,69100.0
2022-04-01,69500.0,69500.0,69000.0,69100.0,15916846,-0.007183908045977017,-0.0072098365667497555,69728.57142857143,70035.71428571429,70266.66666666667,0.005538822525566763,500.0,400.0,34.53343652529912,-866.1457455697964,-939.156409051981,73.01066348218455,71655.76850378628,68614.23149621372,0.04336689252972932,0.15971152170000133,69533.33333333333,69700.0,69880.0,70135.0,0.9913916786226685,0.9852427461324589,-435.0,-0.007183908045977017,0.007183908045977017,0.00723589001447178,-0.0057553956834532375,0.005517497021408206,0.006305263981842222,13480579.2,11758089.95,0.27229259319831245,1.3536931651045927,27.72619861293181,795.393042180543,-508841022.0,4.545454545454546,19.848484848484848,-0.0042918454935622075,-0.004273504273504258,0.007173601147776099,-0.005249752604347828,0.002894356005788712,69300.0
2022-04-04,68900.0,69300.0,68600.0,69300.0,11107905,0.0028943560057888007,0.0028901754222334236,69657.14285714286,69971.42857142857,70095.23809523809,0.004880937743880455,700.0,-400.0,36.716355590483644,-854.9396447757317,-922.3130561967312,67.37341142099945,70799.73602230022,69110.26397769978,0.024150840463161113,0.1123049196976153,69333.33333333333,69620.0,69820.0,69955.0,0.995403619649526,0.9906368379672646,-335.0,0.0028943560057888007,0.0028943560057888007,0.010101010101010102,0.005805515239477504,0.005951338631103619,0.005601834450864216,13178302.4,12313485.2,-0.3021290147558128,0.9020926910278823,27.36936776015688,788.5792534533614,-497733117.0,26.923076923076923,17.156177156177154,-0.007183908045977017,-0.0042918454935622075,-0.004273504273504258,-0.0028604658445834743,-0.001443001443001443,69200.0
2022-04-05,69400.0,69600.0,69100.0,69200.0,8467248,-0.0014430014430014682,-0.0014440435722336913,69571.42857142857,69885.71428571429,69919.04761904762,0.004860771177125993,500.0,200.0,36.06875984389995,-844.3942422188265,-906.7292934011502,62.335051182323696,70815.88717782655,69004.11282217345,0.02591581112363169,0.10811897034271363,69200.0,69420.0,69710.0,69910.0,0.996830884471334,0.9898440852524675,-490.0,-0.0014430014430014682,0.0014430014430014682,0.0072254335260115606,-0.002881844380403458,0.0038034475713271004,0.005104245407573734,12134510.4,11805990.7,-0.23772772633543404,0.7171992774820668,27.09647224398836,767.9664496352641,-506200365.0,23.076923076923077,18.18181818181818,0.0028943560057888007,-0.007183908045977017,-0.0042918454935622075,-0.001910851161063228,-0.010115606936416185,68500.0
2022-04-06,68600.0,68800.0,68500.0,68500.0,15517308,-0.010115606936416222,-0.010167117355444313,69400.0,69750.0,69842.85714285714,0.0059250779732740065,300.0,100.0,31.83581064247278,-882.3499041219184,-901.853415545304,19.50351142338559,70952.36585350236,68767.63414649764,0.03127299895512044,-0.12250206542045926,69000.0,69140.0,69510.0,69860.0,0.9907434191495517,0.9805324935585457,-720.0,-0.010115606936416222,0.010115606936416222,0.004379562043795621,-0.0014577259475218659,0.005042062040028776,0.005491109867517161,12703934.6,11790442.65,0.8326270826129103,1.3160920637699722,27.69205562831754,763.1117032327453,-521717673.0,0.0,16.666666666666664,-0.0014430014430014682,0.0028943560057888007,-0.007183908045977017,-0.002888084124542963,-0.0072992700729927005,68000.0
2022-04-07,68500.0,68500.0,68000.0,68000.0,20683327,-0.007299270072992692,-0.007326040092072898,69085.71428571429,69557.14285714286,69771.42857142857,0.004310253850130067,500.0,500.0,29.199793254617376,-941.9180163921701,-909.8663357146772,-32.05168067749287,71152.71034175756,68417.28965824244,0.03919783167607813,-0.15255045074317844,68566.66666666667,68820.0,69330.0,69785.0,0.988084859052601,0.97442143727162,-965.0,-0.007299270072992692,0.007299270072992692,0.007352941176470588,-0.0072992700729927005,0.005256239727086886,0.0051684418758058265,14338526.8,12824609.0,0.3329197951087908,1.6127842182167114,27.972101458901015,744.318010144692,-542401000.0,0.0,7.69230769230769,-0.010115606936416222,-0.0014430014430014682,0.0028943560057888007,-0.006285959484136794,-0.0029411764705882353,67800.0
2022-04-08,68100.0,68300.0,67700.0,67800.0,15453191,-0.002941176470588225,-0.002945510229756803,68785.71428571429,69407.14285714286,69690.47619047618,0.004353420749838162,600.0,300.0,28.194167677369293,-993.8084973287769,-926.6547680374972,-67.15372929127966,71299.64571036697,68050.35428963303,0.0466349683636015,-0.07704888765455328,68100.0,68560.0,69130.0,69675.0,0.9889148191365228,0.9730893433799784,-1115.0,-0.002941176470588225,0.002941176470588225,0.008849557522123894,-0.004405286343612335,0.00508029004940614,0.005087272077598373,14245795.8,12807885.8,-0.2528672490649111,1.2065372256832583,27.677643551128423,734.0095808486427,-557854191.0,2.857142857142857,0.95238095238095,-0.007299270072992692,-0.010115606936416222,-0.0014430014430014682,-0.006785351159999046,0.0014749262536873156,67900.0
2022-04-11,67800.0,68100.0,67400.0,67900.0,12263735,0.001474926253687281,0.0014738396183005232,68542.85714285714,69235.71428571429,69590.47619047618,0.004881125231444744,700.0,-100.0,29.501515071866848,-1015.1607715973078,-944.3559687494594,-70.80480284784835,71345.79187801441,67774.20812198559,0.051345367395468945,0.03522019546708762,67900.0,68280.0,68950.0,69560.0,0.9944346807264206,0.9761357101782634,-1280.0,0.001474926253687281,0.001474926253687281,0.010309278350515464,0.0014749262536873156,0.004634085284785895,0.0052600586490973555,14476961.8,12969022.9,-0.2063946533761215,0.9456174990638655,27.44794840489007,731.5803250737397,-545590456.0,13.157894736842104,5.338345864661651,-0.002941176470588225,-0.007299270072992692,-0.010115606936416222,-0.002921840096631212,-0.013254786450662739,67000.0
2022-04-12,67600.0,67700.0,67000.0,67000.0,13924389,-0.013254786450662692,-0.013343415173684335,68242.85714285714,68985.71428571429,69438.09523809524,0.006059528935295813,700.0,600.0,25.076407812353352,-1092.1158494817937,-973.9079448959263,-118.20790458586737,71491.58715862107,67308.41284137893,0.060276286991961685,-0.07372698768677134,67566.66666666667,67840.0,68630.0,69400.0,0.9876179245283019,0.9654178674351584,-1560.0,-0.013254786450662692,0.013254786450662692,0.010447761194029851,-0.008875739644970414,0.00582187143574602,0.005002899863158489,15568390.0,13665242.35,0.13541176484977857,1.0189639263880308,27.56160036327172,743.6103018541869,-559514845.0,0.0,5.338345864661652,0.001474926253687281,-0.002941176470588225,-0.007299270072992692,-0.004907012222521212,0.025373134328358207,68700.0
2022-04-13,67300.0,69000.0,67200.0,68700.0,17378619,0.025373134328358304,0.025056579837337688,68157.14285714286,68907.14285714286,69366.66666666667,0.012682345783549875,1800.0,-1400.0,42.59256148086768,-1004.3499891407846,-979.996353744898,-24.353635395886613,71373.38465025961,67256.61534974039,0.05939218496024276,0.3506110119111039,67866.66666666667,67880.0,68510.0,69315.0,1.0120801414260459,0.9911274615884008,-1435.0,0.025373134328358304,0.025373134328358304,0.026200873362445413,0.020802377414561663,0.014843704802157092,0.010740490212621436,15940652.2,14025385.8,0.2480704898433963,1.2390831345259679,27.808255693707306,833.3524231503164,-542136226.0,48.57142857142857,20.57644110275689,-0.013254786450662692,0.001474926253687281,-0.002941176470588225,0.004531091377127631,-0.017467248908296942,67500.0
2022-04-14,68700.0,68700.0,67500.0,67500.0,16409494,-0.017467248908296984,-0.01762160134981956,67914.28571428571,68742.85714285714,69228.57142857143,0.014117993077668473,1200.0,1200.0,36.16525895116609,-1019.8684747523512,-987.9707779463886,-31.897696805962596,71313.38640080627,67026.61359919373,0.06197445137505469,0.11042955218624957,67733.33333333333,67780.0,68300.0,69170.0,0.995868987902036,0.9758565852248084,-1390.0,-0.017467248908296984,0.017467248908296984,0.017777777777777778,-0.017467248908296942,0.016778906125710938,0.01184770639739601,15085885.6,14845860.5,-0.05576536317413949,1.105324544845346,27.7332535045956,859.5415357824367,-558545720.0,14.285714285714286,20.95238095238095,0.025373134328358304,-0.013254786450662692,0.001474926253687281,-0.0017829670102004573,-0.013333333333333334,66600.0
2022-04-15,67200.0,67300.0,66500.0,66600.0,13176415,-0.013333333333333308,-0.013423020332140661,67642.85714285714,68521.42857142857,69047.61904761905,0.014422555266721244,800.0,600.0,32.2362304274546,-1092.1992714593944,-1008.8164766489898,-83.38279481040456,71270.39413230505,66659.60586769495,0.06685693126383102,-0.012927478833163744,67600.0,67540.0,68050.0,68965.0,0.9860823215872075,0.9657072428043211,-1425.0,-0.013333333333333308,0.013333333333333308,0.012012012012012012,-0.008928571428571428,0.017644581240946075,0.012242233321003156,14630530.4,14784179.35,-0.19702490521645577,0.8912510250357589,27.500398903533817,869.5742832265483,-571722135.0,2.5,21.78571428571428,-0.017467248908296984,0.025373134328358304,-0.013254786450662692,-0.001809149304423996,0.0015015015015015015,66700.0
2022-04-18,66500.0,67100.0,66100.0,66700.0,10119203,0.0015015015015014122,0.001500375375234492,67457.14285714286,68271.42857142857,68857.14285714286,0.014470939589795565,1000.0,-200.0,33.10583934647454,-1128.4447757573944,-1032.7421364706709,-95.70263928672352,71275.43571695003,66334.56428304997,0.07180977303829748,0.07396179435933506,66933.33333333333,67300.0,67790.0,68805.0,0.9910846953937593,0.9694062931473003,-1505.0,0.0015015015015014122,0.0015015015015014122,0.014992503748125937,0.0030075187969924814,0.01764643634080772,0.012167689187841632,14201624.0,14731689.4,-0.23202153241226842,0.6869003768162529,27.237905695686745,878.8904058532235,-561602932.0,13.636363636363637,10.14069264069264,-0.013333333333333308,-0.017467248908296984,0.025373134328358304,-0.009766360246709627,0.008995502248875561,67300.0
2022-04-19,67100.0,68000.0,67000.0,67300.0,12959434,0.008995502248875464,0.00895528372910399,67385.71428571429,68085.71428571429,68733.33333333333,0.015129279938140847,1000.0,-200.0,38.228009030761385,-1096.1192332471983,-1045.4175558259763,-50.70167742122203,71107.47458273289,66202.52541726711,0.07144343697423022,0.22374841118841063,66866.66666666667,67360.0,67600.0,68655.0,0.9991092636579573,0.9802636370257083,-1295.0,0.008995502248875464,0.008995502248875464,0.014858841010401188,0.0029806259314456036,0.017354480660902272,0.012818014407995577,14008633.0,14909527.8,0.2806773418815691,0.8692048583859242,27.494250090729174,908.9696625779933,-548643498.0,29.26829268292683,15.134885439763487,0.0015015015015014122,-0.013333333333333308,-0.017467248908296984,-0.0009454431943188105,0.0014858841010401188,67400.0
2022-04-20,67000.0,67400.0,66500.0,67400.0,16693293,0.0014858841010401136,0.001484781267579224,67314.28571428571,67928.57142857143,68595.23809523809,0.015129585606044712,900.0,-400.0,39.06546633987653,-1050.3243582520663,-1046.3989163111944,-3.925441940871906,70851.25946093473,66148.74053906527,0.06864991126816726,0.26608281257851873,67133.33333333333,67100.0,67490.0,68500.0,1.0044709388971684,0.983941605839416,-1400.0,0.0014858841010401136,0.0014858841010401136,0.013353115727002967,0.005970149253731343,0.01115171350958839,0.01259602384481281,13871567.8,15124291.2,0.2881189872952785,1.1037405177705122,27.74891787685219,908.328972393851,-531950205.0,37.142857142857146,26.682504487382534,0.008995502248875464,0.0015015015015014122,-0.013333333333333308,0.00399429595047233,0.004451038575667656,67700.0
2022-04-21,67600.0,68300.0,67500.0,67700.0,12847448,0.004451038575667754,0.004441161999968057,67414.28571428571,67828.57142857143,68461.90476190476,0.014186113693267055,800.0,-100.0,41.62242139019281,-978.5440503982973,-1032.827943128615,54.2838927303178,70688.67551506846,66101.32448493154,0.0670714384112424,0.34849644262360807,67466.66666666667,67140.0,67460.0,68395.0,1.008340780458743,0.9898384384823452,-1255.0,0.004451038575667754,0.004451038575667754,0.011816838995568686,0.0014792899408284023,0.00838224620408388,0.012547718550439112,13159158.6,13869495.75,-0.23038264529353192,0.926309667746933,27.49149720926179,907.7340457942903,-519102757.0,45.714285714285715,37.375145180023225,0.0014858841010401136,0.008995502248875464,0.0015015015015014122,0.004977474975194444,-0.0103397341211226,67000.0
2022-04-22,67200.0,67300.0,66700.0,67000.0,11791478,-0.010339734121122546,-0.010393560527263195,67171.42857142857,67664.28571428571,68328.57142857143,0.010111139272722704,600.0,200.0,37.652227270338585,-966.9948741550616,-1019.6613293339044,52.66645517884285,70529.31886853912,65980.68113146088,0.06664182458542588,0.22409321811454422,67366.66666666667,67220.0,67380.0,68255.0,0.9967271645343647,0.9816130686396601,-1035.0,-0.010339734121122546,0.010339734121122546,0.008955223880597015,-0.002976190476190476,0.007153241033885221,0.01292842007187388,12882171.2,13809769.15,-0.08219297715779816,0.8538504787388137,27.395335523505935,914.3244710946982,-530894235.0,25.714285714285715,36.19047619047619,0.004451038575667754,0.0014858841010401136,0.008995502248875464,-0.0014676038148048927,-0.010447761194029851,66300.0
2022-04-25,66500.0,66700.0,66300.0,66300.0,11016474,-0.010447761194029903,-0.010502722199149288,67000.0,67457.14285714286,68161.90476190476,0.00872660305088603,400.0,200.0,34.14476351001734,-1002.7669454840943,-1016.2824525639423,13.515507079848021,70412.20749759143,65757.79250240857,0.06836182705710302,0.11649315717498188,67000.0,67140.0,67220.0,68085.0,0.9874888293118856,0.9737827715355806,-945.0,-0.010447761194029903,0.010447761194029903,0.006033182503770739,-0.0030075187969924814,0.008833856780633123,0.013210105675616481,13061625.4,13729628.4,-0.06572577246041589,0.802386902183019,27.3168475229627,899.0155803022197,-541910709.0,6.896551724137931,26.108374384236452,-0.010339734121122546,0.004451038575667754,0.0014858841010401136,-0.005445485579828231,-0.0030165912518853697,66100.0
2022-04-26,66400.0,66700.0,66100.0,66100.0,12946923,-0.003016591251885359,-0.0030211503341762112,66928.57142857143,67285.71428571429,67990.47619047618,0.007345346303244842,600.0,300.0,33.19334801663753,-1035.3203695112898,-1020.0900359534119,-15.230333557877884,70144.22985628866,65615.77014371134,0.06671272410986026,0.10693036639892375,66466.66666666667,66900.0,67130.0,67880.0,0.9880418535127056,0.9737772539776075,-980.0,-0.003016591251885359,0.003016591251885359,0.009077155824508321,-0.004518072289156626,0.006770120481035743,0.012652006571357115,13059123.2,13692664.15,0.1752329284306393,0.9455371765618015,27.47529273754034,877.6573245663469,-554857632.0,0.0,10.870279146141213,-0.010447761194029903,-0.010339734121122546,0.004451038575667754,-0.007934695522345936,-0.01664145234493192,65000.0
2022-04-27,65400.0,65500.0,64900.0,65000.0,18122084,-0.016641452344931973,-0.016781476962003543,66685.71428571429,67071.42857142857,67742.85714285714,0.009273460087633658,600.0,400.0,28.491126316292366,-1136.7759539256367,-1043.427219547857,-93.34873437777969,70035.24121594905,65234.758784050944,0.07097630563906417,-0.04890316491755616,65800.0,66420.0,66760.0,67635.0,0.9786208973200843,0.9610408812005619,-1215.0,-0.016641452344931973,0.016641452344931973,0.009230769230769232,-0.0061162079510703364,0.00810546895778784,0.009367447364578585,13344881.4,13965259.0,0.3997213082985045,1.2976547015705187,27.794784411881995,900.6818013830364,-572979716.0,2.4390243902439024,3.111858704793942,-0.003016591251885359,-0.010447761194029903,-0.010339734121122546,-0.010035268263615746,-0.003076923076923077,64800.0
2022-04-28,65400.0,65500.0,64500.0,64800.0,16895527,-0.003076923076923088,-0.003081666537408112,66328.57142857143,66857.14285714286,67500.0,0.007481012525126679,1000.0,600.0,27.722170706842647,-1219.2636516414204,-1078.5945059665696,-140.66914567485082,69924.38519677965,64865.61480322035,0.0750615089184554,-0.012970504315413927,65300.0,65840.0,66490.0,67395.0,0.9842041312272175,0.961495659915424,-1555.0,-0.003076923076923088,0.003076923076923088,0.015432098765432098,-0.009174311926605505,0.005760427299666077,0.00837422781134274,14154497.2,14184517.05,-0.06768299937247835,1.1911245860852202,27.721620352645875,907.7759584271053,-589875243.0,6.666666666666667,3.0352303523035205,-0.016641452344931973,-0.003016591251885359,-0.010447761194029903,-0.00757832222458014,0.040123456790123455,67400.0
2022-04-29,65100.0,67600.0,65000.0,67400.0,26190390,0.04012345679012341,0.039339414560032294,66328.57142857143,66821.42857142857,67395.23809523809,0.01864532434185648,2600.0,-2300.0,47.54304357452737,-1062.5886153601605,-1075.3933278452878,12.804712485127311,69709.03489367213,64910.965106327865,0.07128316427491105,0.5187575429264064,65733.33333333333,65920.0,66570.0,67310.0,1.0224514563106797,1.0013370970138167,-1390.0,0.04012345679012341,0.04012345679012341,0.03857566765578635,0.03533026113671275,0.02238815518143777,0.015669024862562025,17034279.6,14698194.25,0.5501375008900284,1.7818780698179981,28.199303404453826,1042.934818539455,-563684853.0,64.44444444444444,24.516711833785,-0.003076923076923088,-0.016641452344931973,-0.003016591251885359,0.006801693789422784,-0.001483679525222552,67300.0
2022-05-02,66600.0,67600.0,66500.0,67300.0,14106184,-0.0014836795252225476,-0.001484781267579225,66271.42857142857,66842.85714285714,67309.52380952382,0.018544328369929898,1100.0,-700.0,47.009081057076145,-935.7054545658902,-1047.4557531894084,111.75029862351812,69418.97690059726,65001.023099402744,0.06573357835433,0.5203714217146549,66500.0,66120.0,66630.0,67210.0,1.0178463399879008,1.0013390864454694,-1090.0,-0.0014836795252225476,0.0014836795252225476,0.01634472511144131,0.010510510510510511,0.021546494519325082,0.015693250668140132,17652221.6,14848108.2,-0.4613984747840716,0.9500324088424948,27.57903935639377,1047.010902929494,-577791037.0,62.22222222222222,44.444444444444436,0.04012345679012341,-0.003076923076923088,-0.016641452344931973,0.011854284729325926,0.0029717682020802376,67500.0
2022-05-03,67400.0,68400.0,67300.0,67500.0,14168875,0.002971768202080227,0.002967361227802008,66342.85714285714,66757.14285714286,67223.80952380953,0.018079691738517294,1100.0,-100.0,48.260663114939625,-809.6778447747638,-999.9001715064794,190.2223267317156,69133.2723656767,65116.727634323295,0.059836793018300326,0.5933638301281013,67400.0,66400.0,66650.0,67125.0,1.016566265060241,1.005586592178771,-725.0,0.002971768202080227,0.002971768202080227,0.016296296296296295,0.001483679525222552,0.021280670271483133,0.015466430492418087,17896612.0,15133189.55,0.004444221059359599,0.9362781688015003,27.586441092292752,1050.7958384345302,-563622162.0,71.42857142857143,66.03174603174602,-0.0014836795252225476,0.04012345679012341,-0.003076923076923088,0.013870515155660365,0.005925925925925926,67900.0
2022-05-04,68000.0,68400.0,67500.0,67900.0,11505248,0.00592592592592589,0.005908436686166268,66571.42857142857,66785.71428571429,67161.90476190476,0.017380625798360996,900.0,100.0,50.76529495527358,-669.802334599095,-933.8806041250026,264.07826952590756,69033.50186321502,65156.49813678498,0.05778379501348884,0.7076345695806819,67566.66666666667,66980.0,66700.0,67095.0,1.0137354434159451,1.0119979134063641,-115.0,0.00592592592592589,0.00592592592592589,0.013254786450662739,-0.0014705882352941176,0.01781965542847726,0.015564405516810376,16573244.8,14932586.55,-0.18799142486612386,0.7704792442672967,27.384105150612633,1040.024707117778,-552116914.0,87.17948717948718,73.6100936100936,0.002971768202080227,-0.0014836795252225476,0.04012345679012341,0.0024713382009278564,-0.020618556701030927,66500.0
2022-05-06,67000.0,67100.0,66500.0,66500.0,14356156,-0.020618556701030966,-0.020834086902842025,66628.57142857143,66778.57142857143,67066.66666666667,0.01963620319096384,600.0,500.0,42.93181073671181,-664.2610963178886,-879.9567025635798,215.69560624569124,68926.88503227638,65113.114967723624,0.05690495470833708,0.36365197922308895,67300.0,67320.0,66580.0,67020.0,0.9878193701723114,0.9922411220531184,300.0,-0.020618556701030966,0.020618556701030966,0.009022556390977444,-0.007462686567164179,0.02200136575786178,0.016882499901811544,16065370.6,14616228.0,0.24779196415409732,0.9822066267712847,27.584646624372226,1065.7372280379368,-566473070.0,51.282051282051285,69.96336996336997,0.00592592592592589,0.002971768202080227,-0.0014836795252225476,-0.003906954191008283,-0.012030075187969926,65700.0
2022-05-10,65900.0,66300.0,65300.0,65700.0,17235605,-0.012030075187969946,-0.01210302217124365,66728.57142857143,66707.14285714286,66957.14285714286,0.019005072107895527,1000.0,200.0,39.2086124427408,-716.1674071081943,-847.1988434725027,131.03143636430843,68871.66203412684,64958.33796587316,0.05848201551600815,0.18952226321951612,66700.0,66980.0,66450.0,66915.0,0.9808898178560764,0.9818426361802286,65.0,-0.012030075187969946,0.012030075187969946,0.015220700152207,-0.0030349013657056147,0.011052598300914217,0.016987194447851923,14274413.6,14705348.7,0.20057242342588077,1.1720636723153666,27.7553420647787,1075.327426035227,-583708675.0,30.76923076923077,56.41025641025641,-0.020618556701030966,0.00592592592592589,0.002971768202080227,-0.008907568654358341,0.0,65700.0
2022-05-11,65500.0,66300.0,65200.0,65700.0,12330920,0.0,0.0,66857.14285714286,66592.85714285714,66857.14285714286,0.01891591879010932,1100.0,-200.0,39.208612442740815,-748.6732926890982,-827.4937333158219,78.82044062672378,68775.81335066562,64834.186649334384,0.05900197142925278,0.2196588911814503,65966.66666666667,66660.0,66390.0,66805.0,0.9855985598559855,0.9834593219070429,-145.0,0.0,0.0,0.0167427701674277,0.0030534351145038168,0.011191226305492229,0.016717381928550146,13919360.8,14708707.95,-0.2845670343454726,0.8383414805649194,27.420474691591668,1077.0897527469967,-583708675.0,30.76923076923077,37.60683760683761,-0.012030075187969946,-0.020618556701030966,0.00592592592592589,-0.010882877296333637,-0.0121765601217656,64900.0
2022-05-12,65200.0,65500.0,64900.0,64900.0,16414188,-0.0121765601217656,-0.012251301780520517,66500.0,66414.28571428571,66714.28571428571,0.009767840871917878,600.0,300.0,35.62544858308733,-829.4266413044534,-827.8803149135483,-1.546326390905051,68843.28817720116,64556.71182279884,0.06426651206000482,0.08008446574119764,65433.333333333336,66140.0,66270.0,66700.0,0.9812518899304505,0.9730134932533733,-560.0,-0.0121765601217656,0.0121765601217656,0.009244992295839754,-0.004601226993865031,0.010613696617490596,0.017099843928555077,14368423.4,14833197.9,0.3311405799405074,1.1065845754002919,27.69425954343646,1057.2976275507826,-600122863.0,10.256410256410257,23.93162393162393,0.0,-0.012030075187969946,-0.020618556701030966,-0.008068878436578516,0.02465331278890601,66500.0
2022-05-13,65300.0,66700.0,65200.0,66500.0,14551536,0.024653312788905923,0.02435432395176406,66385.71428571429,66328.57142857143,66690.47619047618,0.014983635529102235,1500.0,-1200.0,46.212626522587485,-755.6074512873893,-813.4257421883166,57.81829090092731,68515.89008813664,64664.109911863365,0.05784322234980144,0.47663418059150986,65700.0,65860.0,66420.0,66590.0,1.0097175827512905,0.9986484457125695,-730.0,0.024653312788905923,0.024653312788905923,0.022556390977443608,0.018376722817764167,0.01763888527557919,0.018050597535084187,14977681.0,14691843.75,-0.11347816900842123,0.9904499562895229,27.59816433966526,1110.347797011441,-585571327.0,51.282051282051285,30.769230769230763,-0.0121765601217656,0.0,-0.012030075187969946,0.004158917555713441,-0.0030075187969924814,66300.0
2022-05-16,67100.0,67400.0,66100.0,66300.0,11937555,-0.003007518796992459,-0.0030120504699916095,66214.28571428571,66278.57142857143,66576.19047619047,0.014842427996854868,1300.0,800.0,45.21167895610893,-705.1154083818546,-791.7636754270242,86.64826704516952,68410.76132401184,64649.23867598816,0.056538744145854115,0.43885454867037865,65900.0,65820.0,66570.0,66530.0,1.0072926162260711,0.9965429129715918,-710.0,-0.003007518796992459,0.003007518796992459,0.0196078431372549,-0.011922503725782414,0.015070755990975248,0.01804825853969804,14493960.8,14468246.8,-0.1796360879016483,0.8250864921657266,27.39714504726557,1123.894382939195,-597508882.0,46.15384615384615,35.89743589743589,0.024653312788905923,-0.0121765601217656,0.0,0.003156411290049288,0.0196078431372549,67600.0
2022-05-17,66600.0,67900.0,66600.0,67600.0,15680447,0.019607843137254832,0.019418085857101516,66171.42857142857,66371.42857142857,66580.95238095238,0.016867637792255363,1300.0,-1000.0,52.42488823477821,-553.8169085740083,-744.174322056421,190.35741348241277,68520.8082960739,64639.1917039261,0.058300038932829604,0.7627771125214633,66800.0,66200.0,66590.0,66580.0,1.0211480362537764,1.0153199158906578,-380.0,0.019607843137254832,0.019607843137254832,0.019230769230769232,0.015015015015015015,0.015656243548638787,0.014000347530317581,14182929.2,14593448.4,0.31353924652074894,1.0744853834546741,27.68928834216526,1157.9019270149668,-581828435.0,79.48717948717949,58.97435897435897,-0.003007518796992459,0.024653312788905923,-0.0121765601217656,0.013751212376389432,0.0073964497041420114,68100.0
2022-05-18,68300.0,68700.0,67600.0,68100.0,16486319,0.007396449704142105,0.007369230106548368,66400.0,66514.28571428571,66652.38095238095,0.014430285294806151,1100.0,200.0,54.88509669168852,-389.0808542109007,-673.155628487317,284.0747742764163,68706.56842439402,64593.43157560598,0.0617124808520336,0.8525289950970757,67333.33333333333,66680.0,66670.0,66650.0,1.0212957408518297,1.021755438859715,30.0,0.007396449704142105,0.007396449704142105,0.016152716593245228,-0.0029282576866764276,0.015315114819569667,0.014149533815366473,15014009.0,14911804.2,0.05139343285303033,1.1055884840548,27.746773935557904,1153.7660750853265,-565342116.0,85.71428571428571,70.45177045177046,0.019607843137254832,-0.003007518796992459,0.024653312788905923,0.007998924681468159,-0.00881057268722467,67500.0
2022-05-19,66500.0,67600.0,66500.0,67500.0,17073727,-0.008810572687224627,-0.0088496152769825,66657.14285714286,66692.85714285714,66690.47619047618,0.013890158855506221,1100.0,-1000.0,51.44700009011501,-303.4434229667386,-599.2131873832013,295.76976441646275,68731.76507507965,64588.234924920354,0.06215916816920629,0.7027256878938621,67733.33333333333,67200.0,66670.0,66660.0,1.0044642857142858,1.0126012601260126,540.0,-0.008810572687224627,0.008810572687224627,0.016296296296296295,0.015037593984962405,0.014284561553479921,0.014479013816473079,15145916.8,15117518.85,0.035630027539804265,1.1294000800931696,27.772934284062668,1185.6399268649461,-582415843.0,71.42857142857143,78.87667887667887,0.007396449704142105,0.019607843137254832,-0.003007518796992459,0.0060645733847241035,0.007407407407407408,68000.0
2022-05-20,67800.0,68400.0,67700.0,68000.0,12109671,0.007407407407407307,0.00738010729762246,66985.71428571429,66921.42857142857,66723.80952380953,0.01382818071994613,700.0,-200.0,54.03122331509447,-193.00448483566288,-517.9714468736937,324.96696203803083,68823.34429821836,64556.65570178163,0.06397793666871693,0.8070296719320066,67866.66666666667,67500.0,66680.0,66690.0,1.0074074074074073,1.0196431249062827,810.0,0.007407407407407307,0.007407407407407307,0.010294117647058823,0.0029498525073746312,0.010938713295105765,0.014552707214895228,14657543.8,14888337.75,-0.2907423786265295,0.8133662201477126,27.43677793168963,1165.2370749460213,-570306172.0,81.57894736842105,79.57393483709272,-0.008810572687224627,0.007396449704142105,0.019607843137254832,0.0019977614747749284,-0.0014705882352941176,67900.0
2022-05-23,68800.0,68800.0,67600.0,67900.0,13684088,-0.0014705882352941124,-0.0014716706114562507,67414.28571428571,66957.14285714286,66747.61904761905,0.012088613318373617,1200.0,900.0,53.41884036341204,-112.25597792571352,-436.8283530840977,324.5723751583842,68855.04304511992,64544.95695488007,0.0646189818626664,0.7784167125379219,67800.0,67820.0,66820.0,66700.0,1.001179593040401,1.0179910044977512,1120.0,-0.0014705882352941124,0.0014705882352941124,0.017673048600883652,-0.01308139534883721,0.010693185919308387,0.012636501911554611,15006850.4,14930169.75,0.1300131935871751,0.9165393447720177,27.557535569474986,1167.7201410213056,-583990260.0,76.92307692307692,76.6435319066898,0.007407407407407307,-0.008810572687224627,0.007396449704142105,-0.0009579178383704775,-0.020618556701030927,66500.0
2022-05-24,67500.0,67700.0,66500.0,66500.0,15482576,-0.020618556701030966,-0.020834086902842025,67414.28571428571,66900.0,66690.47619047618,0.012970779496555701,1200.0,1000.0,45.62281737058991,-159.3931194871402,-381.34130636470627,221.94818687756606,68826.98806492577,64523.01193507424,0.0645515730011478,0.4593399231965442,67466.66666666667,67600.0,66900.0,66675.0,0.9837278106508875,0.9973753280839895,925.0,-0.020618556701030966,0.020618556701030966,0.01804511278195489,-0.014814814814814815,0.01186039110726482,0.01393320089849146,14967276.2,15114724.65,0.13142914602712286,1.024337284238916,27.660183047195186,1184.3115595197837,-599472836.0,41.02564102564103,66.50922177237966,-0.0014705882352941124,0.007407407407407307,-0.008810572687224627,-0.004893912509639257,-0.0015037593984962407,66400.0
2022-05-25,66700.0,67100.0,65900.0,66400.0,15150490,-0.0015037593984962294,-0.0015048911794202768,67428.57142857143,66821.42857142857,66661.90476190476,0.012924875690934883,1200.0,300.0,45.11632948438124,-202.48469057386683,-345.5699832065384,143.08529263267155,68828.78178461628,64531.21821538372,0.06445056342580323,0.43484680436035966,66933.33333333333,67260.0,66970.0,66680.0,0.9872137972048766,0.9958008398320336,580.0,-0.0015037593984962294,0.0015037593984962294,0.018072289156626505,-0.004497751124437781,0.01045327674535824,0.013956862405509793,14700110.4,15321425.45,-0.02144901468592819,0.9888433716198385,27.636995768096465,1185.4321624112279,-614623326.0,38.46153846153846,52.136752136752136,-0.020618556701030966,-0.0014705882352941124,0.007407407407407307,-0.007864301444940436,-0.007530120481927711,65900.0
2022-05-26,66300.0,67200.0,65500.0,65900.0,15970890,-0.0075301204819276935,-0.007558614973926615,67185.71428571429,66678.57142857143,66642.85714285714,0.009916640037901695,1700.0,400.0,42.571489415535446,-273.82441503698647,-331.22086957262803,57.39645453564157,68831.9679144617,64508.0320855383,0.0648557946441187,0.32192150150578885,66266.66666666667,66940.0,67070.0,66670.0,0.9844636988347775,0.9884505774711264,270.0,-0.0075301204819276935,0.0075301204819276935,0.025796661608497723,-0.006033182503770739,0.010351752263148323,0.013534956263418156,14479543.0,15472623.8,0.05415006379331633,1.0322030837458867,27.68217196862271,1222.187007953283,-630594216.0,25.641025641025642,35.04273504273504,-0.0015037593984962294,-0.020618556701030966,-0.0014705882352941124,-0.00988414552715163,0.009104704097116844,66500.0
2022-05-27,66700.0,66900.0,66200.0,66500.0,11405555,0.009104704097116834,0.00906350615334691,66957.14285714286,66678.57142857143,66661.90476190476,0.010245318236152729,700.0,200.0,46.4732744661924,-278.73360753616726,-320.7234171653359,41.98980962916863,68762.26756308046,64727.732436919534,0.06044700166545696,0.43927429249249667,66266.66666666667,66640.0,67070.0,66745.0,0.9978991596638656,0.9963293130571579,-105.0,0.009104704097116834,0.009104704097116834,0.010526315789473684,-0.0029985007496251873,0.010864919054298872,0.01130304818113954,14338719.8,15136797.35,-0.2858535122338204,0.75349855958797,27.354568302029055,1206.3165073851912,-619188661.0,41.02564102564103,35.04273504273504,-0.0075301204819276935,-0.0015037593984962294,-0.020618556701030966,2.360807223097024e-05,0.01804511278195489,67700.0
2022-05-30,67500.0,67800.0,66900.0,67700.0,14255484,0.018045112781954975,0.01788423225642094,66985.71428571429,66821.42857142857,66790.47619047618,0.0125885581774794,900.0,-200.0,53.306241141705186,-183.67689388127474,-293.3141125085237,109.63721862724896,68727.50402792361,65052.49597207639,0.0549410682590406,0.720407680116844,66700.0,66600.0,67210.0,66890.0,1.0165165165165164,1.0121094333981162,-290.0,0.018045112781954975,0.018045112781954975,0.013293943870014771,0.002962962962962963,0.014927809602961863,0.0125594913846653,14452999.0,15004795.2,0.24987201411943571,0.9500618842168536,27.59549369165287,1213.0081854291063,-604933177.0,71.7948717948718,46.15384615384615,0.009104704097116834,-0.0075301204819276935,-0.0015037593984962294,0.006539898799048038,-0.004431314623338257,67400.0
2022-05-31,67500.0,67500.0,66700.0,67400.0,24365002,-0.004431314623338234,-0.0044411619999679365,66900.0,66942.85714285714,66914.28571428571,0.012289006904199271,800.0,100.0,51.53504767976544,-131.04070063163817,-260.8594301331466,129.81872950150841,68727.50402792361,65052.49597207639,0.0549410682590406,0.6387752059994943,67200.0,66780.0,67190.0,66890.0,1.0092842168313867,1.0076244580654807,-110.0,-0.004431314623338234,0.004431314623338234,0.011869436201780416,-0.0014814814814814814,0.01060269435321148,0.011060599416948293,16229484.2,14913525.8,0.7091669423500457,1.6337519595802086,28.127058613245705,1197.793315041313,-629298179.0,64.1025641025641,58.97435897435897,0.018045112781954975,0.009104704097116834,-0.0075301204819276935,0.007572834085244525,-0.010385756676557863,66700.0
2022-06-02,66600.0,67000.0,66400.0,66700.0,14959443,-0.010385756676557834,-0.010440064996683285,66728.57142857143,67071.42857142857,66880.95238095238,0.01277202184197022,600.0,-100.0,47.563808610913775,-144.1486324089201,-237.5172705883013,93.36863817938121,68688.89094952846,65031.10905047155,0.05470807506815606,0.4562576434529198,67266.66666666667,66840.0,67050.0,66860.0,0.9979054458408139,0.9976069398743643,-20.0,-0.010385756676557834,0.010385756676557834,0.008995502248875561,0.0015015015015015015,0.012125509225931625,0.01112550670739202,16191274.8,14956188.75,-0.38602742573138304,1.0002175855128868,27.62881352910185,1183.6652211097905,-644257622.0,41.666666666666664,59.18803418803418,-0.004431314623338234,0.018045112781954975,0.009104704097116834,0.0010760138273529691,0.0014992503748125937,66800.0
2022-06-03,67200.0,67300.0,66800.0,66800.0,8222883,0.0014992503748125774,0.0014981276210219918,66771.42857142857,67092.85714285714,66857.14285714286,0.009911770902197595,500.0,400.0,48.17816835757266,-144.79845209300402,-218.97350688924186,74.17505479623784,68628.94304963315,65021.05695036685,0.05399006508441894,0.49307073468724966,66966.66666666667,67020.0,66980.0,66825.0,0.996717397791704,0.9996258885147774,195.0,0.0014992503748125774,0.0014992503748125774,0.0074850299401197605,-0.005952380952380952,0.011180397492009778,0.010901694969722991,14641673.4,14658889.15,-0.4503215794866159,0.5609485763796774,27.031889794994566,1141.974848173377,-636034739.0,39.39393939393939,48.38772338772338,-0.010385756676557834,-0.004431314623338234,0.018045112781954975,-0.004439273641694497,-0.019461077844311378,65500.0
2022-06-07,66200.0,66400.0,65400.0,65500.0,19355755,-0.019461077844311392,-0.019652937901393823,66642.85714285714,67035.71428571429,66761.90476190476,0.012581211744409708,1000.0,700.0,41.38916110836376,-247.36114897263178,-224.65103530591986,-22.71011366671192,68527.05783026942,64882.94216973059,0.05463032247266069,0.16932992466495198,66333.33333333333,66820.0,66730.0,66705.0,0.9802454354983537,0.9819353871523874,115.0,-0.019461077844311392,0.019461077844311392,0.015267175572519083,-0.010574018126888218,0.014059614139381095,0.011870520478364588,16231713.4,15051414.5,1.3538891408281013,1.2859758131038117,27.86830577086549,1160.405216160993,-655390494.0,2.9411764705882355,28.00059417706476,0.0014992503748125774,-0.010385756676557834,-0.004431314623338234,-0.009449194715352216,-0.0030534351145038168,65300.0
2022-06-08,65400.0,65700.0,65300.0,65300.0,12483180,-0.003053435114503844,-0.0030581063588208846,66557.14285714286,66871.42857142857,66638.09523809524,0.012359848920612967,400.0,100.0,40.444902172296274,-340.85202374758956,-247.8912329942538,-92.96079075333574,68571.51853980555,64718.481460194445,0.057814345856569915,0.15092471932926452,65866.66666666667,66340.0,66470.0,66645.0,0.9843231835996382,0.9798184409933228,-305.0,-0.003053435114503844,0.003053435114503844,0.006125574272588055,-0.0015290519877675841,0.00807796430527899,0.011848389539795976,15877252.6,14957765.7,-0.35506623223945544,0.8345618089204326,27.426640011405645,1106.0905578637794,-667873674.0,0.0,14.11170528817587,-0.019461077844311392,0.0014992503748125774,-0.010385756676557834,-0.007005087528000886,-0.0015313935681470138,65200.0
2022-06-09,65100.0,65200.0,64500.0,65200.0,25790725,-0.0015313935681470214,-0.0015325673497781163,66371.42857142857,66664.28571428571,66576.19047619047,0.011496861827215358,700.0,-100.0,39.95408432195584,-418.19271453995316,-281.9515293033937,-136.24118523655943,68610.08066485648,64629.91933514353,0.059744240914334196,0.14323054208900213,65333.333333333336,65900.0,66340.0,66620.0,0.9893778452200304,0.978685079555689,-720.0,-0.0015313935681470214,0.0015313935681470214,0.010736196319018405,0.0015360983102918587,0.008420289686352132,0.010277204661666952,16162397.2,15385521.7,1.0660380608146323,1.6762983734246724,28.150740237048932,1084.226946587795,-693664399.0,16.27906976744186,6.406748746010027,-0.003053435114503844,-0.019461077844311392,0.0014992503748125774,-0.008015302175654085,-0.02147239263803681,63800.0
2022-06-10,64000.0,64400.0,63800.0,63800.0,22193552,-0.021472392638036797,-0.02170627858186306,65814.28571428571,66400.0,66485.71428571429,0.009102652830712342,600.0,200.0,33.774512695585244,-585.7024555933458,-342.70171456138416,-243.00074103196164,68852.75021268082,64197.24978731918,0.06998121646541364,-0.08532912705905804,64766.666666666664,65320.0,66080.0,66525.0,0.9767299448867116,0.9590379556557685,-1205.0,-0.021472392638036797,0.021472392638036797,0.009404388714733543,-0.003125,0.010795580682983474,0.011984460907548095,17609219.0,15878653.3,-0.13947545096153757,1.3976973727362634,27.978820823536743,1106.7821646886669,-715857951.0,0.0,5.426356589147282,-0.0015313935681470214,-0.003053435114503844,-0.019461077844311392,-0.00868574044022922,-0.02664576802507837,62100.0
2022-06-13,62400.0,62800.0,62100.0,62100.0,22157816,-0.026645768025078342,-0.027007201411311087,65057.142857142855,65978.57142857143,66314.28571428571,0.011191680455801663,700.0,300.0,28.09259851156102,-845.8801449589009,-443.33740064088755,-402.5427443180134,69368.65724008638,63401.34275991363,0.0898895003415343,-0.21807846129737624,63700.0,64380.0,65700.0,66385.0,0.9645852749301025,0.9354522859079611,-2005.0,-0.026645768025078342,0.026645768025078342,0.011272141706924315,-0.004807692307692308,0.011401011618348802,0.013982011076268543,20396205.6,16165834.7,-0.0016101974122934015,1.3706570932585376,27.950202126952018,1149.154867210905,-738015767.0,0.0,5.426356589147282,-0.021472392638036797,-0.0015313935681470214,-0.003053435114503844,-0.01654985141042072,-0.00322061191626409,61900.0
2022-06-14,61200.0,62200.0,61100.0,61900.0,24606419,-0.0032206119162641045,-0.003225809248882677,64371.42857142857,65550.0,66171.42857142857,0.011649818813399783,1100.0,-700.0,27.50632019739713,-1056.037820160309,-565.8774845447718,-490.16033561553706,69748.25391312869,62561.74608687131,0.10863136310569693,-0.09208173188839851,62600.0,63660.0,65240.0,66155.0,0.9723531259817781,0.9356813543949815,-2495.0,-0.0032206119162641045,0.0032206119162641045,0.017770597738287562,0.011437908496732025,0.01191230180317417,0.013029721683001233,21446338.4,16668578.85,0.11050741643490491,1.4762157722882296,28.05179336049768,1145.643805267269,-762622186.0,11.940298507462687,3.980099502487558,-0.026645768025078342,-0.021472392638036797,-0.0015313935681470214,-0.017112924193126416,-0.01938610662358643,60700.0
2022-06-15,61300.0,61500.0,60200.0,60700.0,26811224,-0.01938610662358642,-0.019576481625097827,63500.0,65135.71428571428,65895.23809523809,0.01066266677699044,1300.0,600.0,24.237867137671543,-1304.3831460855072,-713.5786168529189,-590.8045292325883,70215.6887641678,61534.311235832196,0.13178561712843428,-0.09610355420082162,61566.666666666664,62740.0,64540.0,65875.0,0.9674848581447243,0.9214421252371916,-3135.0,-0.01938610662358642,0.01938610662358642,0.0214168039538715,-0.009787928221859706,0.011351271357103806,0.01005037206257569,24311947.2,17412262.3,0.08960283899904331,1.5397898066352929,28.118030140824697,1185.240676319607,-789433410.0,6.578947368421052,6.173081958627908,-0.0032206119162641045,-0.026645768025078342,-0.021472392638036797,-0.016417495521642955,0.0032948929159802307,60900.0
2022-06-16,61300.0,61800.0,60500.0,60900.0,23394895,0.0032948929159801743,0.0032894766503987053,62842.857142857145,64742.857142857145,65638.09523809524,0.011966929402260138,1300.0,400.0,25.81995387535727,-1468.1365137353205,-864.4901962293993,-603.6463175059212,70330.9563928196,60749.0436071804,0.14619946270429052,0.015754306702294843,61166.666666666664,61880.0,63890.0,65540.0,0.9841628959276018,0.9292035398230089,-3660.0,0.0032948929159801743,0.0032948929159801743,0.021346469622331693,-0.0065252854812398045,0.01283306062071431,0.010859522961893322,23832781.2,17797984.7,-0.12742159776069906,1.3144687667924562,27.985016847832583,1193.4377708682066,-766038515.0,9.210526315789474,9.243257397224399,-0.01938610662358642,-0.0032206119162641045,-0.026645768025078342,-0.006437275207956783,-0.0180623973727422,59800.0
2022-06-17,59400.0,59900.0,59400.0,59800.0,29053450,-0.01806239737274218,-0.018227513759265266,62057.142857142855,64307.142857142855,65266.666666666664,0.011787454034299745,500.0,-400.0,22.97787962241459,-1667.4516990594275,-1025.082496795405,-642.3692022640225,70396.1229204136,59853.8770795864,0.16187709544456363,-0.005110588426779569,60466.666666666664,61080.0,63200.0,65125.0,0.9790438768827767,0.9182341650671785,-4045.0,-0.01806239737274218,0.01806239737274218,0.008361204013377926,0.006734006734006734,0.012385324913760584,0.011154307145292431,25204760.8,18426341.25,0.24187135697766537,1.576734610838709,28.183408734907307,1215.335072949049,-795091965.0,4.761904761904762,6.850459482038424,0.0032948929159801743,-0.01938610662358642,-0.0032206119162641045,-0.011384537026782807,-0.01839464882943144,58700.0
2022-06-20,59800.0,59900.0,58100.0,58700.0,34111306,-0.018394648829431426,-0.018565934122535276,61128.57142857143,63750.0,64819.04761904762,0.010850195403442038,1800.0,1100.0,20.542744291816632,-1892.3573092243605,-1198.537459281196,-693.8198499431644,70556.34880943976,58813.65119056024,0.18153664093498528,-0.009678456709769455,59800.0,60400.0,62390.0,64685.0,0.9718543046357616,0.9074746850119811,-4285.0,-0.018394648829431426,0.018394648829431426,0.030664395229982964,-0.01839464882943144,0.010483673997256667,0.010469225741892825,27595458.8,19278220.2,0.1740879654567702,1.7694219510989921,28.32533444737067,1257.0968534526883,-829203271.0,6.185567010309279,6.7193326960011674,-0.01806239737274218,0.0032948929159801743,-0.01938610662358642,-0.01105405109539781,-0.0034071550255536627,58500.0
2022-06-21,58700.0,59200.0,58200.0,58500.0,25148109,-0.0034071550255536653,-0.0034129725962399574,60371.42857142857,63092.857142857145,64390.47619047619,0.0111649915940322,1000.0,200.0,20.12513142507416,-2062.954498849598,-1371.4208671948766,-691.5336316547216,70475.99847128212,57944.00152871788,0.19517204395832788,0.04436631079869633,59000.0,59720.0,61690.0,64210.0,0.9795713328868051,0.9110730415823081,-4490.0,-0.0034071550255536653,0.0034071550255536653,0.017094017094017096,-0.0034071550255536627,0.01044865741386029,0.010563614728656925,27703796.8,19930142.1,-0.26276323163938664,1.2618128297238782,28.017075296037024,1238.732792491782,-854351380.0,4.25531914893617,5.067596973716731,-0.018394648829431426,-0.01806239737274218,0.0032948929159801743,-0.01328806707590909,-0.015384615384615385,57600.0
2022-06-22,59000.0,59100.0,57600.0,57600.0,23334687,-0.01538461538461533,-0.015504186535965199,59728.57142857143,62392.857142857145,63895.23809523809,0.009354707611731367,1500.0,1400.0,18.32026767427378,-2244.898684466527,-1546.1164306492067,-698.7822538173202,70364.16707495689,57025.83292504312,0.20940943794510977,0.04304638559085673,58266.666666666664,59100.0,60920.0,63695.0,0.9746192893401016,0.904309600439595,-4595.0,-0.01538461538461533,0.01538461538461533,0.026041666666666668,-0.023728813559322035,0.009796972518945981,0.010222777757068084,27008489.4,20412672.05,-0.07210967631800869,1.1431471069952353,27.9267293706332,1257.394735885226,-877686067.0,0.0,3.4802953864151447,-0.0034071550255536653,-0.018394648829431426,-0.01806239737274218,-0.012395473079866806,-0.003472222222222222,57400.0
2022-06-23,57700.0,58000.0,56800.0,57400.0,28338608,-0.00347222222222221,-0.0034782643763248086,59085.71428571428,61728.57142857143,63395.23809523809,0.00932130920575421,1200.0,300.0,17.935332758655278,-2377.8190728049667,-1712.456959080359,-665.3621137246078,70331.70011536872,56148.299884631284,0.22427894103000368,0.088251060747486,57833.333333333336,58400.0,60140.0,63240.0,0.9828767123287672,0.9076533839342188,-4840.0,-0.00347222222222221,0.00347222222222221,0.020905923344947737,-0.005199306759098787,0.007670277816155756,0.01000925684476714,27997232.0,21055473.65,0.21444131648305365,1.3459021853920632,28.117535255474138,1253.2951118934243,-906024675.0,5.714285714285714,3.323201621073956,-0.01538461538461533,-0.0034071550255536653,-0.018394648829431426,-0.007421330877463735,0.017421602787456445,58400.0
2022-06-24,57900.0,59100.0,57700.0,58400.0,23256103,0.017421602787456525,0.017271586508660716,58757.142857142855,61128.57142857143,63009.52380952381,0.013146817142659044,1400.0,-500.0,26.276315291419195,-2375.0892451749023,-1844.983416299268,-530.1058288756344,70082.09914320461,55597.90085679539,0.2304932890898985,0.19345904328262792,57800.0,58120.0,59600.0,62840.0,1.0048176187198898,0.9293443666454487,-4720.0,0.017421602787456525,0.017421602787456525,0.023972602739726026,0.008635578583765112,0.014091085648668194,0.013225164532169141,26837762.6,21460754.3,-0.17934914093169285,1.0836572971715164,27.937149318992663,1285.2026039010368,-882768572.0,16.666666666666668,7.460317460317455,-0.00347222222222221,-0.01538461538461533,-0.0034071550255536653,-0.0004784116064603383,0.00684931506849315,58800.0
2022-06-27,59000.0,59900.0,58300.0,58800.0,18122236,0.006849315068493178,0.006825965070399891,58457.142857142855,60650.0,62647.619047619046,0.013601775515650446,1600.0,200.0,29.36876382682935,-2313.975115320296,-1938.7817561034738,-375.1933592168223,69791.3130596985,55178.6869403015,0.23385814386487955,0.24782082495709098,58200.0,58140.0,59270.0,62485.0,1.0113519091847265,0.9410258462030887,-4345.0,0.006849315068493178,0.006849315068493178,0.027210884353741496,-0.003389830508474576,0.012348797855277274,0.012398051765753404,23639948.6,21568321.6,-0.22075353725428548,0.8402246746914233,27.694547384412164,1307.68813219382,-864646336.0,22.471910112359552,14.950954164437306,0.017421602787456525,-0.00347222222222221,-0.01538461538461533,0.006932898544575831,0.01020408163265306,59400.0
2022-06-28,59200.0,59500.0,58700.0,59400.0,13540538,0.010204081632652962,0.010152371464017908,58400.0,60228.57142857143,62338.09523809524,0.013231010267049778,800.0,-200.0,33.85099939227284,-2191.860339903491,-1989.3974728634773,-202.46286704001363,69303.66528939117,54956.33471060883,0.2309243614804818,0.30972070135211893,58866.666666666664,58320.0,59020.0,62130.0,1.0185185185185186,0.9560598744567842,-3810.0,0.010204081632652962,0.010204081632652962,0.013468013468013467,0.0033783783783783786,0.012791657087114236,0.013347831371864044,21318434.4,21675070.75,-0.2528218923978255,0.6247055964050313,27.413248064132127,1271.4246941799756,-851105798.0,30.952380952380953,23.36365257713572,0.006849315068493178,0.017421602787456525,-0.00347222222222221,0.011491666496200889,-0.02356902356902357,58000.0
2022-06-29,58500.0,58800.0,58000.0,58000.0,14677138,-0.023569023569023573,-0.02385121582217991,58300.0,59714.28571428572,61933.333333333336,0.014493785885078245,800.0,500.0,29.1954169592139,-2182.888816828745,-2028.095741656531,-154.793075172214,68539.23099791679,54750.76900208321,0.22367526962176304,0.23564854433355958,58733.333333333336,58400.0,58750.0,61645.0,0.9931506849315068,0.9408711168789033,-3245.0,-0.023569023569023573,0.023569023569023573,0.013793103448275862,-0.008547008547008548,0.015898519608035334,0.01393502385150578,19586924.6,21696153.45,0.08394053471139773,0.676485720559835,27.469999892545307,1280.6086445956917,-865782936.0,15.789473684210526,23.071254916317002,0.010204081632652962,0.006849315068493178,0.017421602787456525,-0.002171875622625811,-0.017241379310344827,57000.0
2022-06-30,57200.0,57600.0,57000.0,57000.0,18915142,-0.017241379310344862,-0.01739174271186922,58085.71428571428,59228.57142857143,61423.80952380953,0.015681273686392452,600.0,200.0,26.402231292488622,-2230.7556996980566,-2068.627733264836,-162.12796643322054,67755.35285240339,54494.64714759661,0.21694406061033586,0.18893058244217292,58133.333333333336,58320.0,58360.0,61125.0,0.977366255144033,0.9325153374233128,-2805.0,-0.017241379310344862,0.017241379310344862,0.010526315789473684,-0.0034965034965034965,0.018022799504050956,0.014177616689878075,17702231.4,21423660.45,0.28874866476011873,0.8829089708616998,27.706279870108066,1260.5651699817136,-884698078.0,3.3333333333333335,16.691729323308262,-0.023569023569023573,0.010204081632652962,0.006849315068493178,-0.01020210708223849,-0.014035087719298246,56200.0
2022-07-01,56900.0,57500.0,55900.0,56200.0,24982097,-0.01403508771929829,-0.014134510934904806,57885.71428571428,58807.142857142855,60890.47619047619,0.015517279637934317,1600.0,700.0,24.391738380551885,-2306.6541896988274,-2116.2330245516346,-190.42116514719282,67031.50142084422,54168.49857915578,0.21226077296515575,0.1579336835921558,57066.666666666664,57880.0,58000.0,60600.0,0.9709744298548721,0.9273927392739274,-2720.0,-0.01403508771929829,0.01403508771929829,0.028469750889679714,-0.012302284710017574,0.015125604504038052,0.01386664819204548,18047430.2,21924793.15,0.32074593994589096,1.139445048766629,27.97034204217856,1284.8105149830196,-909680175.0,4.761904761904762,7.961570593149534,-0.017241379310344862,-0.023569023569023573,0.010204081632652962,-0.018281830199555576,0.01601423487544484,57100.0
2022-07-04,56100.0,57400.0,55700.0,57100.0,17807126,0.016014234875444844,0.015887359762319146,57842.857142857145,58464.28571428572,60433.333333333336,0.017163892150857146,1700.0,-1000.0,30.777953660776674,-2268.0372893894746,-2146.5938775192026,-121.44341187027203,66019.2446818508,54210.7553181492,0.19643166204277812,0.24467521567425216,56766.666666666664,57540.0,57840.0,60115.0,0.9923531456378172,0.9498461282541795,-2575.0,0.016014234875444844,0.016014234875444844,0.0297723292469352,0.017825311942959002,0.017652363164305972,0.014720506252990418,17984408.2,22404005.3,-0.287204512895775,0.7948188621433686,27.647668667872544,1314.4669067699467,-891873049.0,22.950819672131146,10.348685922456406,-0.01403508771929829,-0.017241379310344862,-0.023569023569023573,-0.005087410718066103,0.0017513134851138354,57200.0
2022-07-05,57600.0,58200.0,57200.0,57200.0,14216539,0.0017513134851139256,0.0017497817237877723,57671.42857142857,58214.28571428572,59976.19047619047,0.01535519429288177,1000.0,400.0,31.470571361853345,-2203.9580963905246,-2158.066721293467,-45.89137509705779,65160.672794484824,54239.327205515176,0.1829371120430427,0.2710904778505542,56833.333333333336,57100.0,57710.0,59700.0,1.001751313485114,0.9581239530988275,-2600.0,0.0017513134851139256,0.0017513134851139256,0.017482517482517484,-0.006944444444444444,0.016080159468282222,0.014781749618370333,18119608.4,22147044.5,-0.20163764775966653,0.6419158547317679,27.42422574049231,1299.147842000665,-877656510.0,24.59016393442623,17.434296122820708,0.016014234875444844,-0.01403508771929829,-0.017241379310344862,0.00124348688042016,-0.013986013986013986,56400.0
2022-07-06,57300.0,57300.0,56400.0,56400.0,16820461,-0.013986013986013957,-0.014084739881738972,57328.57142857143,57892.857142857145,59542.857142857145,0.01516558840238123,900.0,900.0,28.973003263485154,-2192.4549326860433,-2164.944363571982,-27.510569114061127,64222.46255250426,54287.53744749574,0.16766391199069303,0.21262994236758737,56900.0,56780.0,57590.0,59255.0,0.9933075026417753,0.9518184119483588,-2475.0,-0.013986013986013957,0.013986013986013957,0.015957446808510637,-0.015706806282722512,0.01412589812640082,0.01464859105596285,18548273.0,22363908.55,0.18316145722949861,0.7521252808914746,27.578331057468493,1270.6372818577602,-894476971.0,16.666666666666668,21.402550091074676,0.0017513134851139256,0.016014234875444844,-0.01403508771929829,0.0012598447915149376,0.031914893617021274,58200.0
2022-07-07,56400.0,58700.0,56300.0,58200.0,21322833,0.03191489361702127,0.031416196233378914,57157.142857142855,57778.57142857143,59204.76190476191,0.02021740867412036,2400.0,-1800.0,40.42860003919352,-2014.8674975023532,-2134.9289903580566,120.06149285570336,63022.472397888574,54787.527602111426,0.13980043792168997,0.414389225734516,57266.666666666664,57020.0,57670.0,58905.0,1.0206944931602946,0.9880315762668704,-1885.0,0.03191489361702127,0.03191489361702127,0.041237113402061855,0.031914893617021274,0.019854786088335484,0.018118455592703794,19029811.2,22140513.95,0.2676723307405189,0.9630685650817966,27.84692966207945,1351.3060474393487,-873154138.0,59.523809523809526,33.5935467083008,-0.013986013986013957,0.0017513134851139256,0.016014234875444844,0.006560064372040412,0.00859106529209622,58700.0
2022-07-08,58600.0,59300.0,58200.0,58700.0,15339271,0.00859106529209619,0.008554372096658595,57257.142857142855,57778.57142857143,58895.23809523809,0.01823778789506442,1100.0,-100.0,43.170492045132406,-1812.8845497373259,-2070.5201022339106,257.63555249658475,62062.36142961465,55237.63857038535,0.11636356111217895,0.5073263048231158,57766.666666666664,57520.0,57700.0,58650.0,1.0205146036161334,1.000852514919011,-1130.0,0.00859106529209619,0.00859106529209619,0.018739352640545145,0.0017064846416382253,0.016994537792695486,0.017461277595322466,17101246.0,21797799.9,-0.2806175896045333,0.7037073039651126,27.52612183577527,1333.3556154793953,-857814867.0,71.42857142857143,49.206349206349195,0.03191489361702127,-0.013986013986013957,0.0017513134851139256,0.0088399816410345,0.0017035775127768314,58800.0
2022-07-11,59300.0,59600.0,58700.0,58800.0,13042624,0.0017035775127767216,0.0017021280705303626,57514.28571428572,57800.0,58657.142857142855,0.016220341713005668,900.0,500.0,43.72834139869134,-1625.9989405226952,-1981.6158698916677,355.6169293689725,61489.75062456029,55480.24937543971,0.10275286396718107,0.5524169955112491,58566.666666666664,57860.0,57700.0,58485.0,1.0162461113031456,1.0053859964093357,-625.0,0.0017035775127767216,0.0017035775127767216,0.015306122448979591,-0.008431703204047217,0.016690165833679577,0.017333621154984127,16148345.6,21342040.3,-0.14972334734812365,0.6111235765963763,27.365630455101233,1302.4016429451528,-844772243.0,73.80952380952381,68.25396825396824,0.00859106529209619,0.03191489361702127,-0.013986013986013957,0.014069845473964726,-0.011904761904761904,58100.0
2022-07-12,58600.0,58700.0,58100.0,58100.0,9336061,-0.011904761904761862,-0.01197619104671565,57785.71428571428,57835.71428571428,58466.666666666664,0.015824052247864737,600.0,500.0,40.71544016060823,-1516.8891448072754,-1888.6705248747894,371.78138006751396,60835.18233908425,55754.81766091575,0.08714923540901441,0.46161692863546583,58533.333333333336,58040.0,57570.0,58295.0,1.0010337698139213,0.9966549446779313,-255.0,-0.011904761904761862,0.011904761904761862,0.010327022375215147,-0.008532423208191127,0.018569737262226774,0.01731655863873169,15172250.0,20578522.4,-0.2841884424483907,0.45367985215498274,27.019315929616504,1259.3729541633563,-854108304.0,57.142857142857146,67.46031746031746,0.0017035775127767216,0.00859106529209619,0.03191489361702127,-0.0005367063666296504,-0.0017211703958691911,58000.0
2022-07-13,58300.0,58600.0,58000.0,58000.0,10841315,-0.0017211703958691649,-0.0017226533114461818,57914.28571428572,57878.57142857143,58280.95238095238,0.015143485627803103,600.0,300.0,40.28838070069703,-1422.094984120762,-1795.355416723984,373.26043260322194,60435.17494989674,55884.82505010326,0.07823847833207496,0.46483786884009476,58300.0,58360.0,57570.0,58160.0,0.9938313913639479,0.9972489683631361,200.0,-0.0017211703958691649,0.0017211703958691649,0.010344827586206896,-0.005145797598627788,0.016405413073200505,0.015596356285405084,13976420.8,19780026.95,0.16123009479051187,0.5480940459487089,27.167073146111562,1212.274886008831,-864949619.0,54.76190476190476,61.9047619047619,-0.011904761904761862,0.0017035775127767216,0.00859106529209619,-0.003974118262618102,-0.008620689655172414,57500.0
2022-07-14,57500.0,58200.0,57400.0,57500.0,15067012,-0.008620689655172376,-0.008658062743114541,57957.142857142855,57814.28571428572,58128.57142857143,0.015699689045220677,800.0,0.0,38.134592422146106,-1371.5058840487472,-1710.5855101889367,339.0796261401895,59878.357682444774,56101.642317555226,0.06512701094825914,0.37025763059739336,57866.666666666664,58220.0,57620.0,57990.0,0.9876331157677773,0.9915502672874633,230.0,-0.008620689655172376,0.008620689655172376,0.01391304347826087,0.0,0.008172219584386567,0.01474585777442749,12725256.6,19363632.8,0.38977716264124784,0.7781087441402008,27.48755850301226,1182.826679865343,-880016631.0,42.857142857142854,51.58730158730159,-0.0017211703958691649,-0.011904761904761862,0.0017035775127767216,-0.007415540651934467,0.043478260869565216,60000.0
2022-07-15,58400.0,60000.0,58100.0,60000.0,18685583,0.04347826086956519,0.0425596144187959,58471.42857142857,57900.0,58085.71428571428,0.02061065049643083,1900.0,-1600.0,51.96254484395924,-1116.810653119981,-1591.8305387751457,475.01988565516467,59930.36674999332,56069.63325000668,0.06656437068942489,1.0180362747148746,58500.0,58480.0,58000.0,58000.0,1.0259917920656634,1.0344827586206897,480.0,0.04347826086956519,0.04347826086956519,0.03166666666666667,0.0273972602739726,0.02240010372603804,0.018879439960755827,13394519.0,18845239.45,0.24016513692296781,0.9915280222135888,27.745362663118623,1276.91048844639,-861331048.0,100.0,65.87301587301586,-0.008620689655172376,-0.0017211703958691649,-0.011904761904761862,0.011045466939507883,0.03166666666666667,61900.0
2022-07-18,60600.0,62000.0,60500.0,61900.0,20832517,0.03166666666666673,0.031175617468449796,59000.0,58078.57142857143,58185.71428571428,0.020566883050206992,1500.0,-1300.0,59.39146362874172,-752.9689690234227,-1424.058224824801,671.0892558013784,60751.80895982258,55568.19104017742,0.08912685556473789,1.2215037948352532,59800.0,59100.0,58480.0,58160.0,1.0473773265651438,1.0643053645116918,940.0,0.03166666666666673,0.03166666666666673,0.024232633279483037,0.02145214521452145,0.025261100891663203,0.020328655094009402,14952497.6,18181300.0,0.1148978867825532,1.1458210909010906,27.88530109994427,1328.559739271648,-840498531.0,98.41269841269842,80.42328042328042,0.04347826086956519,-0.008620689655172376,-0.0017211703958691649,0.02217474596035318,-0.01615508885298869,60900.0
2022-07-19,61400.0,61500.0,60200.0,60900.0,15248261,-0.016155088852988664,-0.01628700497469905,59314.28571428572,58285.71428571428,58290.47619047619,0.022654537586245485,1300.0,500.0,54.60505725946939,-539.0990573349627,-1247.0663913268336,707.9673339918709,61145.84239475673,55414.15760524327,0.098347371130979,0.9571081795693799,60933.333333333336,59660.0,58850.0,58280.0,1.0207844451894066,1.044955387783116,1380.0,-0.016155088852988664,0.016155088852988664,0.021346469622331693,-0.008143322475570033,0.026258700436856578,0.021710048356529295,16134937.6,17686307.6,-0.2680547914589485,0.8621506164463633,27.55696447542764,1355.0911864665302,-855746792.0,82.53968253968254,93.65079365079366,0.03166666666666673,0.04347826086956519,-0.008620689655172376,0.019663279561081087,-0.006568144499178982,60500.0
2022-07-20,61800.0,62100.0,60500.0,60500.0,16782238,-0.006568144499178974,-0.0065898096790555525,59557.142857142855,58535.71428571428,58385.71428571428,0.023084059262284295,1600.0,1300.0,52.77298795403834,-397.3024136208187,-1077.1135957856307,679.811182164812,61435.770141028916,55414.229858971084,0.10306444641947507,0.8445962167159794,61100.0,60160.0,59260.0,58425.0,1.0056515957446808,1.035515618314078,1735.0,-0.006568144499178974,0.006568144499178974,0.026446280991735537,-0.021035598705501618,0.02686947643057357,0.02104910210420323,17323122.2,17358685.15,0.10060012745059921,0.9667920038287002,27.646230267193026,1372.5846731474924,-872529030.0,75.0,85.31746031746032,-0.016155088852988664,0.03166666666666673,0.04347826086956519,0.0029811444381663645,0.021487603305785124,61800.0
2022-07-21,61100.0,61900.0,60700.0,61800.0,12291374,0.02148760330578514,0.021259999426849325,60085.71428571428,58935.71428571428,58585.71428571428,0.022647085712997905,1200.0,-700.0,57.73602397660031,-177.97681055565772,-897.2862387396361,719.3094281839784,61967.3168833948,55322.6831166052,0.1133026475708006,0.9748192467384639,61066.666666666664,61020.0,59620.0,58645.0,1.0127826941986233,1.0537982777730412,2375.0,0.02148760330578514,0.02148760330578514,0.019417475728155338,0.011456628477905073,0.025330143153799868,0.01991878282523016,16767994.6,16556323.45,-0.2675962526571247,0.7423975520362283,27.35606691695029,1374.5429107798143,-860237656.0,95.3125,84.28406084656085,-0.006568144499178974,-0.016155088852988664,0.03166666666666673,-0.00041187668212749884,-0.008090614886731391,61300.0
2022-07-22,61800.0,62200.0,61200.0,61300.0,10261310,-0.008090614886731351,-0.008123521521479332,60557.142857142855,59235.71428571428,58771.42857142857,0.023264497662800122,1000.0,500.0,55.32772125299324,-43.998325982596725,-726.6286561882282,682.6303302056315,62314.291642153534,55265.708357846466,0.11989425555888872,0.8560999279937931,61200.0,61280.0,59880.0,58790.0,1.0003263707571801,1.0426943357713896,2490.0,-0.008090614886731351,0.008090614886731351,0.01631321370309951,-0.008090614886731391,0.020822232422421857,0.020388873376414447,15083140.0,15906583.8,-0.16516168168017664,0.6450982894265455,27.167426191794245,1347.7898457241133,-870498966.0,84.7457627118644,85.0194209039548,0.02148760330578514,-0.006568144499178974,-0.016155088852988664,0.0022762813066249388,-0.0032626427406199023,61100.0
2022-07-25,60900.0,61900.0,60800.0,61100.0,9193681,-0.0032626427406199365,-0.003267976764616111,61071.42857142857,59514.28571428572,58900.0,0.022707444509905007,1100.0,-200.0,54.35111977989461,45.51756165705592,-572.1994126191714,617.7169742762273,62577.644250329664,55232.355749670336,0.12469719889074489,0.7988310125331323,61400.0,61120.0,60110.0,58905.0,0.99967277486911,1.0372633902045667,2215.0,-0.0032626427406199365,0.0032626427406199365,0.01800327332242226,0.003284072249589491,0.014232457466674411,0.020525327181662754,12755372.8,15460156.05,-0.1040441230213296,0.5946693532889663,27.054294103366615,1330.090571029534,-879692647.0,81.35593220338983,87.1380649717514,-0.008090614886731351,0.02148760330578514,-0.006568144499178974,0.003378115226144618,0.009819967266775777,61700.0
2022-07-26,60800.0,61900.0,60800.0,61700.0,6597211,0.009819967266775809,0.009772064733792522,61314.28571428572,59892.857142857145,59038.09523809524,0.017287991358874787,1100.0,-900.0,56.81389387726338,162.9956210709497,-425.1604058811472,588.1560269520969,62896.29774534054,55143.70225465946,0.13135539631787665,0.8456906791050125,61366.666666666664,61280.0,60470.0,59020.0,1.0068537859007833,1.0454083361572348,2260.0,0.009819967266775809,0.009819967266775809,0.017828200972447326,0.014802631578947368,0.012664461702680563,0.01978768214253361,11025162.8,15112989.7,-0.2824189788616769,0.43652587151568034,26.732196751824716,1313.6555302417103,-873095436.0,91.52542372881356,85.87570621468926,-0.0032626427406199365,-0.008090614886731351,0.02148760330578514,-0.0005110967868584929,0.0016207455429497568,61800.0
2022-07-27,61300.0,61900.0,61200.0,61800.0,7320997,0.0016207455429497752,0.001619433552302976,61300.0,60150.0,59152.380952380954,0.012483945322411327,700.0,-500.0,57.228071578058795,261.15654373345023,-287.8970159582277,549.053559691678,63245.05690301043,55174.94309698957,0.1362964669147249,0.8209372336320315,61533.333333333336,61540.0,60850.0,59210.0,1.0042248943776406,1.0437426110454315,2330.0,0.0016207455429497752,0.0016207455429497752,0.011326860841423949,0.008156606851549755,0.011659566096205602,0.01966682556026292,9132914.6,14745182.65,0.1097109066240265,0.4965009368669977,26.837915722296604,1269.8229923673025,-865774439.0,91.66666666666667,88.18267419962335,0.009819967266775809,-0.0032626427406199365,-0.008090614886731351,0.002726023356368549,0.0016181229773462784,61900.0
2022-07-28,62300.0,62600.0,61600.0,61900.0,10745302,0.0016181229773462036,0.001616815226905256,61442.857142857145,60378.57142857143,59338.09523809524,0.010286877791865743,1000.0,400.0,57.66531539540768,343.06431455184065,-161.70474985621405,504.7690644080547,63519.98527219517,55390.01472780483,0.13674157841040008,0.8007390969807443,61800.0,61560.0,61290.0,59455.0,1.0055230669265758,1.0411235388108653,2105.0,0.0016181229773462036,0.0016181229773462036,0.01615508885298869,-0.006420545746388443,0.006655786631418794,0.01904672704461983,8823700.2,14336690.65,0.4677375226352367,0.7494966769056985,27.223254652433827,1250.5499214839238,-855029137.0,86.53846153846153,89.91018397798058,0.0016207455429497752,0.009819967266775809,-0.0032626427406199365,0.004352945262357262,-0.008077544426494346,61400.0
2022-07-29,62400.0,62600.0,61300.0,61400.0,15093120,-0.008077544426494332,-0.008110344537453625,61571.42857142857,60564.28571428572,59547.619047619046,0.010519954358176898,1300.0,1000.0,54.65672451208415,363.44146474230365,-56.67550693651053,420.1169716788142,63562.774476377,55867.225523623,0.1288712878297581,0.7189577391223,61700.0,61580.0,61430.0,59715.0,0.9970769730431959,1.028217365820983,1865.0,-0.008077544426494332,0.008077544426494332,0.021172638436482084,-0.016025641025641024,0.006651648408561783,0.014733804332791138,9790062.2,13842241.8,0.4046250165886449,1.0903667352494881,27.554914682951896,1254.082069949358,-870122257.0,76.92307692307692,85.04273504273503,0.0016181229773462036,0.0016207455429497752,0.009819967266775809,-0.0016128919687327843,-0.0016286644951140066,61300.0
2022-08-01,61000.0,61700.0,60300.0,61300.0,13154816,-0.0016286644951140072,-0.0016299922109310643,61500.0,60792.857142857145,59790.47619047619,0.0062770530656802445,1400.0,-300.0,54.049354073202224,367.28747740157996,28.11708993110757,339.1703874704724,63627.559569868754,56222.440430131246,0.12357311872736768,0.6856823602771556,61533.333333333336,61620.0,61370.0,59925.0,0.9948068808828302,1.0229453483521067,1695.0,-0.0016286644951140072,0.0016286644951140072,0.022838499184339316,0.004918032786885246,0.00646776904784768,0.010556686751734995,10582289.2,13609626.3,-0.12842301657973965,0.9665817201755201,27.415833607207095,1264.5047792386895,-883277073.0,75.0,79.48717948717949,-0.008077544426494332,0.0016181229773462036,0.0016207455429497752,-0.0026960286480873785,0.0065252854812398045,61700.0
2022-08-02,61200.0,61900.0,61000.0,61700.0,13614895,0.006525285481239873,0.0065040879691764825,61557.142857142855,61057.142857142855,60009.52380952381,0.006001444168179249,900.0,-500.0,56.14848407175673,398.0239548138197,102.09846290765002,295.9254919061697,63699.054729599105,56600.945270400895,0.1180068073017159,0.7183680047355997,61466.666666666664,61620.0,61450.0,60150.0,1.0012982797792924,1.025768911055694,1470.0,0.006525285481239873,0.006525285481239873,0.014586709886547812,0.008169934640522876,0.0053787333353138385,0.009279856343799424,11985826.0,13579544.1,0.0349741874002647,1.0026032464521397,27.456714181872666,1238.468723578783,-869662178.0,82.6923076923077,78.20512820512819,-0.0016286644951140072,-0.008077544426494332,0.0016181229773462036,-0.0010603078134561554,-0.006482982171799027,61300.0
2022-08-03,61600.0,61600.0,61000.0,61300.0,10053861,-0.00648298217179899,-0.006504087969176377,61585.71428571428,61328.57142857143,60204.76190476191,0.006483891860699257,600.0,300.0,53.51570943793184,385.6605231018766,158.81087494649535,226.84964815538126,63503.20645524498,57286.79354475502,0.10292926418561077,0.6455823499872164,61433.333333333336,61520.0,61530.0,60395.0,0.9964239271781534,1.0149846841625962,1125.0,-0.00648298217179899,0.00648298217179899,0.009787928221859706,-0.00487012987012987,0.005961943449489363,0.009271823672168583,12532398.8,13241214.1,-0.2615542756664667,0.7592854344074084,27.147002419721865,1200.0066718945843,-879716039.0,71.11111111111111,76.26780626780628,0.006525285481239873,-0.0016286644951140072,-0.008077544426494332,-0.0005287870618910414,0.0032626427406199023,61500.0
2022-08-04,61700.0,61800.0,61200.0,61500.0,9125439,0.0032626427406199365,0.003257331870306505,61557.142857142855,61435.71428571428,60447.619047619046,0.005281758439608712,600.0,200.0,54.66045121096942,387.53349799307034,204.55539955581037,182.97809843725997,63524.633642051645,57595.366357948355,0.09790731975071484,0.6585356090321977,61500.0,61440.0,61500.0,60560.0,1.0009765625,1.0155217965653898,880.0,0.0032626427406199365,0.0032626427406199365,0.00975609756097561,-0.0032414910858995136,0.0062240919987169305,0.00613484904021902,12208426.2,12631344.4,-0.09234482155661394,0.7224440020810453,27.053369019661034,1157.1490524735427,-870590600.0,54.166666666666664,69.32336182336182,-0.00648298217179899,0.006525285481239873,-0.0016286644951140072,0.0011016486833536066,0.0,61500.0
2022-08-05,61700.0,61900.0,61200.0,61500.0,9567620,0.0,0.0,61514.28571428572,61407.142857142855,60604.76190476191,0.005210284018480878,700.0,200.0,54.66045121096942,384.584592303916,240.56123810543153,144.02335419848447,63557.30826588963,57842.69173411037,0.09414524764051503,0.6399918954406059,61433.333333333336,61460.0,61520.0,60700.0,1.0006508298080052,1.013179571663921,760.0,0.0,0.0,0.011382113821138212,-0.0032414910858995136,0.004933148339848968,0.005520886561988716,11103326.2,12342761.85,0.04845586058928242,0.7751603827631172,27.100687492461105,1124.4955487254326,-870590600.0,54.166666666666664,59.81481481481481,0.0032626427406199365,-0.00648298217179899,0.006525285481239873,-0.0010734464770596845,-0.011382113821138212,60800.0
2022-08-08,61400.0,61400.0,60600.0,60800.0,11313150,-0.011382113821138184,-0.011447385840350835,61357.142857142855,61400.0,60704.76190476191,0.006439012881573667,800.0,600.0,49.69299645552063,322.05100987163314,256.8591924586719,65.19181741296126,63513.70789259294,58086.29210740706,0.08926670699318875,0.5,61266.666666666664,61360.0,61490.0,60800.0,0.9908735332464146,1.0,560.0,-0.011382113821138184,0.011382113821138184,0.013157894736842105,-0.009771986970684038,0.007275947245915529,0.006600924174941287,10734993.0,12256288.15,0.18244140130983455,0.9230486311632613,27.256821391858885,1108.4601523879016,-881903750.0,21.73913043478261,43.35748792270531,0.0,0.0032626427406199365,-0.00648298217179899,-0.0027064903601727495,-0.013157894736842105,60000.0
2022-08-09,60600.0,60700.0,59600.0,60000.0,18251170,-0.013157894736842146,-0.01324522675002068,61157.142857142855,61364.28571428572,60761.90476190476,0.007397647224557296,1100.0,600.0,44.69396134337724,205.56970158567856,246.60129428407322,-41.03159269839466,63329.38093287004,58460.61906712996,0.07995339298366162,0.3161750308024244,60766.666666666664,61020.0,61320.0,60895.0,0.983284169124877,0.9853025699975367,125.0,-0.013157894736842146,0.013157894736842146,0.018333333333333333,-0.009900990099009901,0.007092764276713669,0.006619315611128192,11662248.0,12702043.6,0.6132703977230038,1.4368687885782412,27.721839586732035,1114.998712931623,-900154920.0,13.333333333333334,29.7463768115942,-0.011382113821138184,0.0,0.0032626427406199365,-0.00818000285266011,-0.015,59100.0
2022-08-10,58900.0,59200.0,58600.0,59100.0,18084349,-0.015000000000000013,-0.015113637810048184,60842.857142857145,61171.42857142857,60809.52380952381,0.008556530963814184,600.0,-200.0,39.83849317452487,40.17187085925252,205.3154095991091,-165.14353873985658,63147.12731107189,58752.87268892811,0.07209605614673963,0.07899572075833439,59966.666666666664,60580.0,61050.0,60950.0,0.9755694948827996,0.9696472518457753,-370.0,-0.015000000000000013,0.015000000000000013,0.01015228426395939,0.003395585738539898,0.008293342095723024,0.007431161118677259,13268345.6,13064195.3,-0.009140290732046252,1.3842681148528144,27.69754362943323,1135.3559477222213,-918239269.0,12.5,15.85748792270531,-0.013157894736842146,-0.011382113821138184,0.0,-0.013180002852660114,0.01353637901861252,59900.0
2022-08-11,59600.0,60000.0,59300.0,59900.0,15141941,0.013536379018612488,0.013445580709351118,60585.71428571428,61071.42857142857,60900.0,0.010355105108084668,700.0,-300.0,45.50565790862078,-26.053459434777324,159.04163579233185,-185.09509522710917,62648.9403508633,59491.0596491367,0.051709197670322476,0.129498353322754,59666.666666666664,60260.0,60850.0,61070.0,0.994025887819449,0.9808416571147863,-810.0,0.013536379018612488,0.013536379018612488,0.011686143572621035,0.0050335570469798654,0.011996650741296086,0.009243983501394574,14471646.0,13067941.75,-0.16270466799772554,1.1587089451175432,27.533410785295473,1118.5448085992055,-903097328.0,32.5,19.44444444444444,-0.015000000000000013,-0.013157894736842146,-0.011382113821138184,-0.004873838572743224,0.005008347245409015,60200.0
2022-08-12,59500.0,60700.0,59400.0,60200.0,10786658,0.005008347245408995,0.00499584719337167,60428.57142857143,61007.142857142855,61028.57142857143,0.010835227185462981,1300.0,-700.0,47.50275684461819,-53.71087252059078,116.49113412974732,-170.2020066503381,62632.722566470395,59527.277433529605,0.05084225823413211,0.21662677576703504,59733.333333333336,60000.0,60730.0,61080.0,1.0033333333333334,0.9855926653569089,-1080.0,0.005008347245408995,0.005008347245408995,0.02159468438538206,0.011764705882352941,0.012726345039805105,0.009407935321938529,14715453.6,12672995.5,-0.28763042994289834,0.8511529890466701,27.199248189323523,1131.5058936992623,-892310670.0,40.0,28.33333333333333,0.013536379018612488,-0.015000000000000013,-0.013157894736842146,0.0011815754213404899,0.013289036544850499,61000.0
2022-08-16,60500.0,61600.0,60300.0,61000.0,15036727,0.013289036544850585,0.013201511858535981,60357.142857142855,60957.142857142855,61076.19047619047,0.012284155231957576,1300.0,-500.0,52.50171510207428,-10.950032373912109,91.00290082901545,-101.95293320292755,62539.06466826435,59530.93533173565,0.049285317220098275,0.48836486198416285,60366.666666666664,60040.0,60700.0,61035.0,1.015989340439707,0.9994265585319898,-995.0,0.013289036544850585,0.013289036544850585,0.021311475409836064,0.008264462809917356,0.013967313485829412,0.010572051217453018,15460169.0,12383206.0,0.3940116577349537,1.2142838453951263,27.544635376279057,1150.684044149315,-877273943.0,60.0,44.166666666666664,0.005008347245408995,0.013536379018612488,-0.015000000000000013,0.010611254269624023,-0.009836065573770493,60400.0
2022-08-17,61100.0,61200.0,60300.0,60400.0,9061518,-0.00983606557377048,-0.009884759232541973,60200.0,60857.142857142855,61004.76190476191,0.012689220960114631,900.0,700.0,48.75213529438228,-25.186410807436914,67.76503850172497,-92.95144930916189,62539.91227818876,59480.08772181124,0.050152836524791466,0.30064216468601446,60533.333333333336,60120.0,60570.0,61010.0,1.004657351962741,0.9900016390755614,-890.0,-0.00983606557377048,0.00983606557377048,0.014900662251655629,-0.011456628477905073,0.01319914982119291,0.01064013165713484,13622238.6,12073868.85,-0.39737430891709347,0.7505065785106653,27.02829159757789,1132.7780409957925,-886335461.0,45.0,48.333333333333336,0.013289036544850585,0.005008347245408995,0.013536379018612488,0.0028204394054963666,0.018211920529801324,61500.0
2022-08-18,60300.0,61900.0,60000.0,61500.0,16372754,0.01821192052980125,0.01804806987170285,60300.0,60828.57142857143,61033.333333333336,0.014074806323848698,1900.0,-1200.0,55.08533769439522,51.69604381937097,64.55123956525418,-12.855195745883208,62585.08843574642,59534.91156425358,0.04995376468216235,0.64425392970233,60966.666666666664,60600.0,60590.0,61060.0,1.0148514851485149,1.0072060268588274,-460.0,0.01821192052980125,0.01821192052980125,0.030894308943089432,0.01990049751243781,0.01106769120629835,0.012247989008495334,13279919.6,12053394.65,0.8068445044196788,1.3583521053963001,27.637921623568513,1187.579609496093,-869962707.0,72.5,59.166666666666664,-0.00983606557377048,0.013289036544850585,0.005008347245408995,0.007221630500293785,-0.00975609756097561,60900.0
2022-08-19,61400.0,61600.0,60600.0,60900.0,6923679,-0.009756097560975618,-0.009804000096620856,60428.57142857143,60792.857142857145,61052.380952380954,0.013517498212190518,1000.0,500.0,51.357198116993295,63.479208625918545,64.33683337738705,-0.8576247514685065,62500.75693981751,59529.24306018249,0.04870136654322744,0.4612991880037508,60933.333333333336,60800.0,60530.0,61015.0,1.0016447368421053,0.9981152175694501,-215.0,-0.009756097560975618,0.009756097560975618,0.016420361247947456,-0.008143322475570033,0.012923310104408049,0.012596055591658743,11636267.2,11785009.9,-0.5771219063084927,0.5874987852152759,26.767446287418647,1174.1810659606579,-876886386.0,69.6969696969697,62.398989898989896,0.01821192052980125,-0.00983606557377048,0.013289036544850585,-0.0004600808683149493,-0.014778325123152709,60000.0
2022-08-22,60300.0,60400.0,59800.0,60000.0,8259865,-0.014778325123152691,-0.014888612493750637,60557.142857142855,60700.0,60966.666666666664,0.013469847902402588,600.0,300.0,46.295766552187985,0.19275132475740975,51.50801696686113,-51.31526564210372,62495.7922513119,59404.2077486881,0.050723289624672596,0.19271420554937277,60800.0,60760.0,60380.0,60950.0,0.9874917709019092,0.9844134536505332,-190.0,-0.014778325123152691,0.014778325123152691,0.01,-0.004975124378109453,0.015140625968468406,0.013323529464362726,11130908.6,11684937.65,0.19298786093347187,0.7068813927304096,26.92901864274419,1168.8824183920397,-885146251.0,42.42424242424242,61.54040404040404,-0.009756097560975618,0.01821192052980125,-0.00983606557377048,-0.0021075007181090197,-0.015,59100.0
2022-08-23,59000.0,59600.0,59000.0,59100.0,9041629,-0.015000000000000013,-0.015113637810048184,60442.857142857145,60514.28571428572,60861.90476190476,0.013802564430047081,600.0,-100.0,41.853648896161154,-121.18772378383437,16.968868816722026,-138.1565926005564,62600.18795983239,59099.81204016761,0.057524665894244424,5.3697041889345546e-05,60000.0,60380.0,60210.0,60850.0,0.9788009274594236,0.971240755957272,-470.0,-0.015000000000000013,0.015000000000000013,0.01015228426395939,0.001694915254237288,0.013899921760992955,0.013640293560069867,9931889.0,11677335.05,0.09464609893745246,0.7742887363671217,27.004336118645554,1156.8193885068938,-894187880.0,15.151515151515152,42.42424242424242,-0.014778325123152691,-0.009756097560975618,0.01821192052980125,-0.013178140894709442,-0.001692047377326565,59000.0
2022-08-24,59200.0,59500.0,59000.0,59000.0,8888486,-0.0016920473773265332,-0.0016934805063330315,60271.42857142857,60350.0,60761.90476190476,0.013471475841663976,500.0,200.0,41.37856925278454,-222.8825379141199,-31.001412529446355,-191.88112538467354,62600.428891596974,58829.571108403026,0.062107515164192495,0.04519631908595053,59366.666666666664,60100.0,60110.0,60715.0,0.9816971713810316,0.9717532734909001,-615.0,-0.0016920473773265332,0.0016920473773265332,0.00847457627118644,-0.0033783783783783786,0.013849038854256347,0.013140806792223207,9897282.6,11791898.8,-0.016937545214474103,0.7537790266653238,26.98556001216449,1109.9037178992587,-903076366.0,12.121212121212121,23.23232323232323,-0.015000000000000013,-0.014778325123152691,-0.009756097560975618,-0.010490124166826412,0.011864406779661017,59700.0
2022-08-25,59200.0,59700.0,59000.0,59700.0,5767902,0.011864406779660941,0.011794576492836877,60085.71428571428,60221.42857142857,60666.666666666664,0.013199365168078417,700.0,-500.0,45.99934454853072,-244.17753430776793,-73.63663688511068,-170.54089742265725,62474.798563978424,58745.201436021576,0.06153435287835089,0.2560058181140553,59266.666666666664,59740.0,60170.0,60610.0,0.9993304318714429,0.9849859759115658,-870.0,0.011864406779660941,0.011864406779660941,0.011725293132328308,0.008445945945945946,0.011289169074742053,0.01283994802910335,7776312.2,11714244.05,-0.351081612774099,0.49238362931323765,26.56490626689492,1080.6248809064546,-897308464.0,33.333333333333336,20.202020202020197,-0.0016920473773265332,-0.015000000000000013,-0.014778325123152691,-0.001609213532555202,0.005025125628140704,60000.0
2022-08-26,60300.0,60900.0,59900.0,60000.0,9499995,0.005025125628140614,0.0050125418235441935,60028.57142857143,60114.28571428572,60580.95238095238,0.013119593647253024,1000.0,300.0,47.89494242707115,-234.14737439614692,-105.73878438731793,-128.40859000882898,62294.739779916155,58735.260220083845,0.058819789470913174,0.3553159271339482,59566.666666666664,59560.0,60180.0,60515.0,1.007387508394896,0.9914897132942245,-955.0,0.005025125628140614,0.005025125628140614,0.016666666666666666,-0.004975124378109453,0.01193479968435727,0.01218841814866608,8291575.4,11651978.7,0.6470451474383581,0.8153117375678004,27.068901671460832,1089.151675127422,-887808469.0,42.42424242424242,29.292929292929287,0.011864406779660941,-0.0016920473773265332,-0.015000000000000013,0.005065828343491674,-0.023333333333333334,58600.0
2022-08-29,58700.0,58900.0,58600.0,58600.0,9841329,-0.023333333333333317,-0.023609865639133736,59614.28571428572,59957.142857142855,60423.80952380953,0.012499588587855024,300.0,100.0,40.7125806203081,-335.3015525349547,-151.6513380168453,-183.65021451810938,62296.485171205706,58453.514828794294,0.06365168269004409,0.03811769494785865,59433.333333333336,59280.0,60020.0,60375.0,0.9885290148448043,0.9706004140786749,-1095.0,-0.023333333333333317,0.023333333333333317,0.005119453924914676,-0.0017035775127768314,0.014415876744451307,0.014100025961648097,8607868.2,11389389.15,0.03592991364732301,0.8640787377082466,27.080591296450972,1111.355126904035,-897649798.0,0.0,25.25252525252525,0.005025125628140614,0.011864406779660941,-0.0016920473773265332,-0.0021479336418439208,0.0034129692832764505,58800.0
2022-08-30,58700.0,59000.0,58300.0,58800.0,9690044,0.0034129692832765013,0.0034071583216143558,59314.28571428572,59871.42857142857,60300.0,0.012976378604538583,700.0,-100.0,42.04954885157925,-394.777885235897,-200.27664746065565,-194.50123777524132,62242.089619629885,58257.910380370115,0.06612745625327421,0.13606055026043493,59133.333333333336,59220.0,59800.0,60250.0,0.9929078014184397,0.9759336099585062,-1030.0,0.0034129692832765013,0.0034129692832765013,0.011904761904761904,0.0017035775127768314,0.013421165622490563,0.013179220219141053,8737551.2,11216150.55,-0.015372415656462635,0.863936691719959,27.068506658508788,1081.972617839461,-887959754.0,13.88888888888889,18.771043771043765,-0.023333333333333317,0.005025125628140614,0.011864406779660941,-0.004965079473972067,0.015306122448979591,59700.0
2022-08-31,58200.0,59900.0,58200.0,59700.0,14203512,0.015306122448979664,0.015190165493975238,59271.42857142857,59914.28571428572,60223.80952380953,0.014093224006500432,1700.0,-1500.0,47.75867834216473,-365.0823865231214,-233.23779527314883,-131.84459124997255,62033.44589013282,58266.55410986718,0.06262496725296153,0.38053811305185237,59033.333333333336,59360.0,59730.0,60150.0,1.0057277628032344,0.9925187032418953,-790.0,0.015306122448979664,0.015306122448979664,0.02847571189279732,0.02577319587628866,0.015217175092063922,0.014212554946586846,9800556.4,11245581.4,0.46578405629530684,1.2630304734622257,27.4660871153175,1126.117430850928,-873756242.0,40.54054054054054,18.14314314314314,0.0034129692832765013,-0.023333333333333317,0.005025125628140614,-0.0015380805336923837,-0.021775544388609715,58400.0
2022-09-01,58700.0,58900.0,58300.0,58400.0,14905777,-0.021775544388609736,-0.02201613056437505,59171.42857142857,59807.142857142855,60066.666666666664,0.015445117635442627,600.0,300.0,41.41227477553492,-441.3599030698315,-274.8622168324854,-166.4976862373461,61960.801087724016,58049.198912275984,0.0651879372626953,0.08968219977120637,58966.666666666664,59100.0,59420.0,60005.0,0.988155668358714,0.9732522289809182,-905.0,-0.021775544388609736,0.021775544388609736,0.010273972602739725,-0.005110732538330494,0.017309727516069223,0.013802913805351166,11628131.4,11488177.2,0.04944305323922693,1.2974884301053435,27.49233058271071,1145.6804715044332,-888662019.0,5.405405405405405,19.94494494494494,0.015306122448979664,0.0034129692832765013,-0.023333333333333317,-0.0010188175521178566,-0.015410958904109588,57500.0
2022-09-02,58300.0,58600.0,57500.0,57500.0,15040310,-0.015410958904109595,-0.015530942030876623,58957.142857142855,59614.28571428572,59885.71428571428,0.01630537645111383,1100.0,800.0,37.6792452806285,-567.886619417608,-333.4670973495099,-234.4195220680981,61928.031596067376,57681.968403932624,0.0709984648797718,-0.04285579269514767,58533.333333333336,58600.0,59080.0,59805.0,0.9812286689419796,0.9614580720675528,-1205.0,-0.015410958904109595,0.015410958904109595,0.019130434782608695,-0.0137221269296741,0.01697484698918822,0.014128111523509686,12736194.4,11783920.75,0.009025561029123219,1.276341747291537,27.485784714762275,1142.4175806826881,-903702329.0,0.0,15.315315315315312,-0.021775544388609736,0.015306122448979664,0.0034129692832765013,-0.007293460281246555,-0.006956521739130435,57100.0
2022-09-05,57400.0,57800.0,56800.0,57100.0,11425977,-0.006956521739130417,-0.006980831141340205,58585.71428571428,59335.71428571428,59676.19047619047,0.014811626125884988,1000.0,300.0,36.120798961252284,-692.4544271611012,-405.26456331182817,-287.189863849273,61873.897689191166,57296.102310808834,0.07682798319010375,-0.04283771872698492,57666.666666666664,58300.0,58790.0,59585.0,0.9794168096054888,0.9582948728706889,-1285.0,-0.006956521739130417,0.006956521739130417,0.017513134851138354,-0.005226480836236934,0.014804692240458547,0.013778038853668748,13053124.0,11876838.6,-0.24030974095613722,0.9620385849143391,27.20395940095724,1132.2448963482104,-915128306.0,5.882352941176471,3.7625861155272875,-0.015410958904109595,-0.021775544388609736,0.015306122448979664,-0.01471434167728325,0.0,57100.0
2022-09-06,57200.0,57600.0,56900.0,57100.0,7503086,0.0,0.0,58171.42857142857,59100.0,59466.666666666664,0.014281805535494716,700.0,100.0,36.120798961252284,-782.1590693856488,-480.6434645265923,-301.51560485905645,61866.61925037521,56933.38074962479,0.08305115321128653,0.03377482162069899,57233.333333333336,57960.0,58590.0,59400.0,0.9851621808143547,0.9612794612794613,-1440.0,0.0,0.0,0.012259194395796848,-0.0017482517482517483,0.014387748058503055,0.013361173171570286,12615732.4,11686335.4,-0.34333090290659607,0.6420392486767066,26.783384356190446,1101.370260894767,-915128306.0,5.882352941176471,3.921568627450976,-0.006956521739130417,-0.015410958904109595,-0.021775544388609736,-0.007455826881080004,-0.01926444833625219,56000.0
2022-09-07,56700.0,56700.0,55900.0,56000.0,17384854,-0.019264448336252182,-0.019452425926815294,57800.0,58707.142857142855,59238.09523809524,0.013547249828049486,800.0,700.0,31.911250307268077,-931.2762783150101,-570.7700272842759,-360.50625103073423,62076.401260348095,56323.598739651905,0.09717571825500321,-0.056250625410438,56733.333333333336,57220.0,58290.0,59200.0,0.9786787836420832,0.9459459459459459,-1980.0,-0.019264448336252182,0.019264448336252182,0.014285714285714285,-0.012345679012345678,0.009042712762029437,0.014244376538872535,13252000.8,11643019.6,1.3170271538937444,1.4931568095960261,27.60421689506286,1108.4152422594266,-932513160.0,1.7543859649122806,4.506363949088403,0.0,-0.006956521739130417,-0.015410958904109595,-0.008740323358460866,-0.007142857142857143,55600.0
2022-09-08,56200.0,56400.0,55600.0,55600.0,18000016,-0.0071428571428571175,-0.007168489478612516,57342.857142857145,58328.57142857143,59028.57142857143,0.0128312035666285,800.0,600.0,30.51843836474471,-1069.4019972389797,-670.4964212752167,-398.905575963763,62322.12793679359,55727.87206320641,0.11171970984476384,-0.019391431824565555,56233.333333333336,56660.0,57880.0,59025.0,0.9812919166960818,0.9419737399407031,-2365.0,-0.0071428571428571175,0.0071428571428571175,0.014388489208633094,-0.010676156583629894,0.007619617356835574,0.012935190763541653,13870848.6,11638802.95,0.03538493909698648,1.5465521735635193,27.631821684988605,1086.3855820980389,-950513176.0,0.0,2.5455796353629125,-0.019264448336252182,0.0,-0.006956521739130417,-0.0088024351597031,0.044964028776978415,58100.0
2022-09-13,57000.0,58500.0,56800.0,58100.0,17166581,0.04496402877697836,0.0439824626013288,57114.28571428572,58192.857142857145,58980.95238095238,0.02248504380178993,1700.0,-1100.0,46.295441526401696,-966.0030363134429,-729.5977442828619,-236.405292030581,62229.8284836768,55640.1715163232,0.11181228416651565,0.3732862720871895,56566.666666666664,56780.0,57690.0,58935.0,1.0232476224022544,0.9858318486468143,-2155.0,0.04496402877697836,0.04496402877697836,0.029259896729776247,0.01929824561403509,0.0248263142712861,0.020825015274410077,14296102.8,11740034.95,-0.04630190328719708,1.4622257150946558,27.628396029503147,1215.9294690910363,-933346595.0,47.16981132075472,16.308065761888994,-0.0071428571428571175,-0.019264448336252182,0.0,0.00618557443262302,-0.022375215146299483,56800.0
2022-09-14,56200.0,57200.0,56100.0,56800.0,12524961,-0.022375215146299476,-0.02262933813075987,56885.71428571428,58028.57142857143,58833.333333333336,0.022568513412047724,1100.0,-600.0,41.072724660484084,-977.6875764850265,-779.2157107232949,-198.47186576173158,62135.00702794919,55394.99297205081,0.11469435983831165,0.2084575812894083,56833.333333333336,56720.0,57510.0,58765.0,1.001410437235543,0.9665617289202757,-2045.0,-0.022375215146299476,0.022375215146299476,0.01936619718309859,0.010676156583629894,0.027118431640510744,0.020723128512024524,14515899.6,11826950.1,-0.2703869803777468,1.0590186729544078,27.29052569586855,1271.934507013105,-945871556.0,22.641509433962263,23.270440251572325,0.04496402877697836,-0.0071428571428571175,-0.019264448336252182,0.005148652162607255,-0.014084507042253521,56000.0
2022-09-15,57000.0,57100.0,56000.0,56000.0,11664819,-0.014084507042253502,-0.014184634991956413,56671.42857142857,57814.28571428572,58633.333333333336,0.02245902648614154,1100.0,1000.0,38.21559349298373,-1039.5180558048014,-831.2761797395963,-208.24187606520513,61928.456343727325,55101.543656272675,0.11666944693590788,0.13160507316555498,56966.666666666664,56500.0,57230.0,58515.0,0.9911504424778761,0.9570195676322311,-2015.0,-0.014084507042253502,0.014084507042253502,0.019642857142857142,-0.017543859649122806,0.027743573036519854,0.020866793346542196,15348246.2,11658354.7,-0.06867422581196059,1.0005544778972972,27.205194916533745,1259.6534707978835,-957536375.0,7.547169811320755,25.786163522012572,-0.022375215146299476,0.04496402877697836,-0.0071428571428571175,0.00283476886280846,0.0035714285714285713,56200.0
2022-09-16,55600.0,56400.0,55500.0,56200.0,13456503,0.0035714285714285587,0.0035650661644961446,56542.857142857145,57564.28571428572,58404.76190476191,0.02256170549423759,900.0,-600.0,39.351445658159626,-1060.159963467835,-877.0529364852441,-183.10702698259092,61746.832437281315,54863.167562718685,0.1180630284634702,0.194203590912937,56333.333333333336,56540.0,56880.0,58305.0,0.9939865581888928,0.9638967498499271,-1765.0,0.0035714285714285587,0.0035714285714285587,0.01601423487544484,0.01079136690647482,0.026361412748662508,0.019927143151299773,14562576.0,11878103.95,0.15359723969999028,1.1328830810577306,27.35164507747325,1233.9639371694632,-944079872.0,12.962962962962964,14.38388073608199,-0.014084507042253502,-0.022375215146299476,0.04496402877697836,-0.010962764539041473,0.0035587188612099642,56400.0
2022-09-19,56300.0,57000.0,56000.0,56400.0,12278653,0.003558718861210064,0.0035524016043679218,56442.857142857145,57307.142857142855,58214.28571428572,0.02266099922645356,1000.0,-100.0,40.52887211291328,-1048.2963872668552,-911.3016266415664,-136.9947606252888,61241.76572151822,54858.23427848178,0.1099660885966656,0.2415223822857605,56200.0,56700.0,56680.0,58050.0,0.9947089947089947,0.9715762273901809,-1350.0,0.003558718861210064,0.003558718861210064,0.01773049645390071,0.0017761989342806395,0.025967863922500504,0.019276955508336777,13418303.4,11673398.9,-0.08753017035703847,1.051849003463764,27.26359722160067,1217.2522273716443,-931801219.0,20.454545454545453,13.654892742943053,0.0035714285714285587,-0.014084507042253502,-0.022375215146299476,-0.0023181198698716265,-0.010638297872340425,55800.0
2022-09-20,56400.0,57000.0,55800.0,55800.0,14041465,-0.010638297872340385,-0.010695289116747919,56414.28571428572,57107.142857142855,57942.857142857145,0.02174482639106915,1200.0,600.0,38.136855686358686,-1074.9184128955458,-944.0249838923623,-130.89342900318343,60839.5637488906,54750.4362511094,0.10535734056200707,0.17236685375253635,56133.333333333336,56240.0,56510.0,57795.0,0.9921763869132291,0.9654814430314042,-1555.0,-0.010638297872340385,0.010638297872340385,0.021505376344086023,-0.010638297872340425,0.011381238800932326,0.019001288071243922,12793280.2,12029288.2,0.1435672137652233,1.1672731392369502,27.38705444421843,1216.019925416527,-945842684.0,6.818181818181818,13.411896745230074,0.003558718861210064,0.0035714285714285587,-0.014084507042253502,-0.0011693834799005876,-0.008960573476702509,55300.0
2022-09-21,55400.0,55500.0,55000.0,55300.0,11863700,-0.008960573476702538,-0.009000960858976169,56371.42857142857,56857.142857142855,57676.19047619047,0.02184911127304284,500.0,100.0,36.21848152777783,-1123.4123826855794,-979.9024636510059,-143.5099190345735,60613.48808310929,54506.51191689071,0.10609757064313026,0.1299314196604462,55833.333333333336,55940.0,56330.0,57560.0,0.9885591705398641,0.9607366226546212,-1620.0,-0.008960573476702538,0.008960573476702538,0.009041591320072333,-0.0018050541516245488,0.008310285259551863,0.01906004412722456,12661028.0,12209479.95,-0.1550952838610501,0.9716793875401712,27.20952206341089,1186.3042164582037,-957706384.0,6.122448979591836,11.131725417439698,-0.010638297872340385,0.003558718861210064,0.0035714285714285587,-0.0053467174959442865,-0.0162748643761302,54400.0
2022-09-22,54600.0,54700.0,54300.0,54400.0,12786510,-0.016274864376130238,-0.016408754666392213,55842.857142857145,56478.57142857143,57409.52380952381,0.009871891199552436,400.0,200.0,33.000617511941854,-1220.398685140055,-1028.0017079488157,-192.39697719123933,60595.20038014829,54054.79961985171,0.11409334078144939,0.05277969849245745,55166.666666666664,55620.0,56060.0,57325.0,0.9780654440848615,0.9489751417357174,-1705.0,-0.016274864376130238,0.016274864376130238,0.007352941176470588,-0.003663003663003663,0.008923526173846069,0.019462478130124188,12885366.2,12396724.0,0.07778433372388038,1.031442661787098,27.26802069973562,1172.9967724254748,-970492894.0,2.1739130434782608,5.038181280417301,-0.008960573476702538,-0.010638297872340385,0.003558718861210064,-0.011957911908391053,0.001838235294117647,54500.0
2022-09-23,54400.0,54900.0,54200.0,54500.0,10555964,0.0018382352941177516,0.001836547807301552,55514.28571428572,56200.0,57190.47619047619,0.008664767950513384,700.0,-100.0,33.705404291906845,-1274.5002191412495,-1077.3014101873025,-197.19880895394704,60501.54763538537,53698.45236461463,0.11914352488214944,0.11782102167952704,54733.333333333336,55280.0,55910.0,57100.0,0.98589001447178,0.9544658493870403,-1820.0,0.0018382352941177516,0.0018382352941177516,0.012844036697247707,0.001838235294117647,0.00849431008193014,0.018837592269770064,12305258.4,12480097.9,-0.17444525519473253,0.8458238136096673,27.07815754686989,1139.2112886807981,-959936930.0,6.818181818181818,5.038181280417301,-0.016274864376130238,-0.008960573476702538,-0.010638297872340385,-0.0077990675195716746,-0.011009174311926606,53900.0
2022-09-26,53700.0,54200.0,53600.0,53900.0,15008449,-0.011009174311926606,-0.01107022375424692,55214.28571428572,55942.857142857145,56947.619047619046,0.008238237138534242,600.0,-200.0,31.560227877746314,-1350.2264897217683,-1131.8864260941957,-218.3400636275726,60266.7401741504,53353.2598258496,0.12169477817815173,0.07908320362619937,54266.666666666664,54780.0,55740.0,56810.0,0.9839357429718876,0.9487766238338321,-2030.0,-0.011009174311926606,0.011009174311926606,0.011131725417439703,0.0037243947858473,0.006654189518644942,0.01898136058273589,12851217.6,12942125.25,0.42179804705662116,1.159658766244748,27.41900962405635,1122.1247680607412,-974945379.0,6.122448979591836,5.038181280417301,0.0018382352941177516,-0.016274864376130238,-0.008960573476702538,-0.008481934464646365,0.0055658627087198514,54200.0
2022-09-27,53800.0,54200.0,53500.0,54200.0,16631289,0.005565862708719838,0.0055504305306490415,54928.57142857143,55735.71428571428,56685.71428571428,0.008625801026738477,700.0,-400.0,33.827964705154045,-1370.237368498856,-1179.5566145751277,-190.6807539237284,59819.50554509486,53220.49445490514,0.11675532714419168,0.14843217138262108,54200.0,54460.0,55350.0,56520.0,0.995225853837679,0.9589525831564049,-2060.0,0.005565862708719838,0.005565862708719838,0.012915129151291513,0.007434944237918215,0.009142864591954472,0.009802947907001558,13369182.4,13298689.95,0.1081284281940127,1.2505960408528811,27.52723254611732,1091.9729989135453,-958314090.0,14.0,8.980210265924548,-0.011009174311926606,0.0018382352941177516,-0.016274864376130238,-0.0012016921030296723,-0.023985239852398525,52900.0
2022-09-28,53900.0,54400.0,52500.0,52900.0,19991129,-0.023985239852398532,-0.024277569581346838,54428.57142857143,55435.71428571428,56347.619047619046,0.010201610378502483,1900.0,1000.0,29.29769252004965,-1474.003870463821,-1238.4460657528664,-235.55780471095454,59755.33192215049,52714.66807784951,0.1252007440971101,0.026323074961249433,53666.666666666664,53980.0,54960.0,56235.0,0.9799925898480919,0.9406952965235174,-2255.0,-0.023985239852398532,0.023985239852398532,0.035916824196597356,-0.01855287569573284,0.012358114583525702,0.010094584403096475,14994668.2,13806179.95,0.20201921811352075,1.4479840964263255,27.6869578009682,1149.6892132768635,-978305219.0,6.666666666666667,8.929705215419496,0.005565862708719838,-0.011009174311926606,0.0018382352941177516,-0.009809517151868433,-0.005671077504725898,52600.0
2022-09-29,53300.0,53700.0,52600.0,52600.0,13882080,-0.005671077504725952,-0.005687219120589576,53971.42857142857,55192.857142857145,56061.90476190476,0.010250851414826425,1100.0,700.0,28.354010861417365,-1562.4362709154157,-1303.2441067853763,-259.1921641300394,59583.51566104504,52266.48433895496,0.13083650106553574,0.04558073436670426,53233.333333333336,53620.0,54620.0,55925.0,0.9809772472957852,0.9405453732677693,-2305.0,-0.005671077504725952,0.005671077504725952,0.02091254752851711,-0.013133208255159476,0.01163774725663405,0.009788354639161107,15213782.2,14015781.75,-0.30558799355454114,0.9904606284269516,27.31658075645061,1146.1399837570877,-992187299.0,1.6666666666666667,7.44444444444444,-0.023985239852398532,0.005565862708719838,-0.011009174311926606,-0.008030151549468215,0.009505703422053232,53100.0
2022-09-30,52300.0,53600.0,51800.0,53100.0,22503249,0.009505703422053147,0.009460808504228889,53657.142857142855,55014.28571428572,55790.47619047619,0.012259660413258655,1800.0,-800.0,32.26970275509218,-1574.029333708946,-1357.4011521700904,-216.62818153885564,59001.788887841816,52188.211112158184,0.12255738421950953,0.13381939971329276,52866.666666666664,53340.0,54310.0,55595.0,0.9955005624296963,0.9551218634769314,-2255.0,0.009505703422053147,0.009505703422053147,0.03389830508474576,0.015296367112810707,0.013406921628590276,0.010593392246506352,17603239.2,14430768.6,0.6210286210711939,1.5593936555811727,27.80910246398084,1192.8442706315814,-969684050.0,19.402985074626866,9.245439469320063,-0.005671077504725952,-0.023985239852398532,0.005565862708719838,-0.006716871311690446,0.03954802259887006,55200.0
2022-10-04,55300.0,55400.0,54500.0,55200.0,19148435,0.039548022598870025,0.03878602503515645,53771.42857142857,54807.142857142855,55576.19047619047,0.0197563960188801,900.0,100.0,45.69416997691679,-1397.6531939180131,-1365.451560519675,-32.20163339833812,58577.426149533174,52292.573850466826,0.11337336157781812,0.4626085087099166,53633.333333333336,53600.0,54190.0,55435.0,1.0298507462686568,0.9957608009380355,-1835.0,0.039548022598870025,0.039548022598870025,0.016304347826086956,-0.0018083182640144665,0.023281984365809447,0.01774957711098881,18431236.4,14642901.5,-0.14908131710225492,1.3076940386439122,27.68644977927994,1271.9268227293255,-950535615.0,62.96296296296296,28.01087156808549,0.009505703422053147,-0.005671077504725952,-0.023985239852398532,0.014460882838732406,0.014492753623188406,56000.0
2022-10-05,56900.0,57200.0,55400.0,56000.0,22458970,0.01449275362318847,0.01438873745209967,53985.71428571428,54750.0,55461.90476190476,0.0202924020815796,1800.0,900.0,49.7779634670604,-1179.721424065654,-1328.305533228871,148.5841091632169,58363.43662809025,52356.56337190975,0.10850565852927192,0.6065446152607767,54766.666666666664,53960.0,54210.0,55360.0,1.0378057820607858,1.0115606936416186,-1400.0,0.01449275362318847,0.01449275362318847,0.03214285714285714,-0.015817223198594025,0.023675877108806562,0.018166117104978924,19596772.6,15013834.5,0.17288801930810527,1.4958850119201728,27.86030761663565,1323.932049677231,-928076645.0,77.77777777777777,53.381241938455865,0.039548022598870025,0.009505703422053147,-0.005671077504725952,0.02118215988137055,0.005357142857142857,56300.0
2022-10-06,56700.0,57300.0,56300.0,56300.0,14944446,0.005357142857142838,0.005342844410495446,54328.57142857143,54771.42857142857,55404.76190476191,0.019195825752801668,1000.0,400.0,51.25821228032432,-971.6014172119249,-1256.9647100254817,285.3632928135569,58246.179474296856,52393.820525703144,0.10579101497819436,0.6674538435882318,55833.333333333336,54640.0,54310.0,55320.0,1.030380673499268,1.0177151120751988,-680.0,0.005357142857142838,0.005357142857142838,0.017761989342806393,-0.007054673721340388,0.016775231346542265,0.017899465580529343,18587436.0,15189757.95,-0.3345889860487814,0.9838501738600779,27.458300097888134,1322.2226175574287,-913132199.0,81.81818181818181,74.18630751964083,0.01449275362318847,0.039548022598870025,0.009505703422053147,0.019799306359733777,-0.0017761989342806395,56200.0
2022-10-07,55900.0,56900.0,55200.0,56200.0,16886813,-0.001776198934280604,-0.001777778245999272,54614.28571428572,54771.42857142857,55361.90476190476,0.019436962450120224,1700.0,-300.0,50.721555776831714,-805.4492589394868,-1166.661619808283,361.21236086879617,58112.25219182341,52437.74780817659,0.10265950942825554,0.6630098308965499,56166.666666666664,55360.0,54490.0,55275.0,1.0151734104046244,1.0167345092718227,85.0,-0.001776198934280604,0.001776198934280604,0.030249110320284697,0.005366726296958855,0.015772444800261663,0.016814742761749307,19188382.6,15658944.3,0.12997249948241651,1.0784132490975142,27.57871561532888,1349.2067163033266,-930019012.0,80.0,79.86531986531986,0.005357142857142838,0.01449275362318847,0.039548022598870025,0.006024565848683568,-0.014234875444839857,55400.0
2022-10-11,54400.0,55700.0,54000.0,55400.0,21437877,-0.014234875444839812,-0.014337163146407218,54971.42857142857,54700.0,55280.95238095238,0.01715564506833515,1700.0,-1000.0,46.52499119116903,-729.9118214446789,-1079.311660135562,349.39983869088314,58062.5950924982,52427.4049075018,0.1020036235857798,0.527505726499291,55966.666666666664,55820.0,54580.0,55245.0,0.9924758151200287,1.0028056837722872,575.0,-0.014234875444839812,0.014234875444839812,0.030685920577617327,0.01838235294117647,0.020199553718049507,0.017722881437790602,18975308.2,15861595.45,0.2695040206816999,1.351558679426539,27.80300474147785,1409.9776651388033,-951456889.0,65.45454545454545,75.75757575757575,-0.001776198934280604,0.005357142857142838,0.01449275362318847,-0.003551310507325859,0.007220216606498195,55800.0
2022-10-12,55700.0,57000.0,55200.0,55800.0,18408910,0.0072202166064982976,0.007194275634027231,55428.57142857143,54700.0,55271.42857142857,0.016287301020576444,1800.0,-100.0,48.80573922552512,-630.5031530775814,-989.5499587239659,359.04680564638454,58079.31174662289,52430.68825337711,0.10222827786165549,0.5964836832640151,55800.0,55940.0,54770.0,55255.0,0.9974973185555953,1.0098633607818297,685.0,0.0072202166064982976,0.0072202166064982976,0.03225806451612903,0.0017953321364452424,0.010865041522879188,0.01719086469874318,18827403.2,15882040.15,-0.14129043654835782,1.1591023461806322,27.657874492874093,1437.8364033431744,-933047979.0,72.72727272727273,72.72727272727273,-0.014234875444839812,-0.001776198934280604,0.005357142857142838,-0.002930285924207373,-0.010752688172043012,55200.0
2022-10-13,55400.0,56100.0,55200.0,55200.0,13784602,-0.010752688172043001,-0.010810916104215617,55728.57142857143,54692.857142857145,55252.380952380954,0.017806261907926238,900.0,200.0,45.65989444628683,-593.2968954899407,-910.2993460771609,317.0024505872202,57596.934278438006,52623.065721561994,0.09025346682772659,0.5180945674319402,55466.666666666664,55780.0,54870.0,55110.0,0.9896020078881319,1.0016330974414807,670.0,-0.010752688172043001,0.010752688172043001,0.016304347826086956,-0.0036101083032490976,0.009512972267300265,0.017749212210185817,17092529.6,15712941.2,-0.2511994463550531,0.8772770052751169,27.357780962327453,1399.4195173900905,-946832581.0,61.81818181818182,66.66666666666667,0.0072202166064982976,-0.014234875444839812,-0.001776198934280604,-0.005922449003461505,0.019927536231884056,56300.0
2022-10-14,56200.0,56500.0,55800.0,56300.0,12924326,0.019927536231884035,0.01973158186259505,55885.71428571428,54828.57142857143,55166.666666666664,0.012560825306757532,700.0,-100.0,51.79453084448817,-469.63618774475617,-822.1667144106799,352.53052666592373,57509.67577865284,52660.32422134716,0.088033975806584,0.7505489621946608,55766.666666666664,55780.0,55210.0,55085.0,1.0093223377554679,1.0220568212762096,695.0,0.019927536231884035,0.019927536231884035,0.012433392539964476,0.0017793594306049821,0.01387998201474976,0.01595564418680762,16688505.6,15732909.45,-0.06240847577608699,0.82148353049855,27.313071644126286,1392.3181232907984,-933908255.0,81.81818181818181,72.12121212121212,-0.010752688172043001,0.0072202166064982976,-0.014234875444839812,0.005465021555446444,0.0053285968028419185,56600.0
2022-10-17,55800.0,57000.0,55700.0,56600.0,13641878,0.005328596802841812,0.005314450063492446,55971.42857142857,54978.57142857143,55157.142857142855,0.011599191941916095,1300.0,-800.0,53.341605919289556,-343.46741457977623,-726.4268544444992,382.959439864723,57601.405141227515,52628.594858772485,0.09022607788179315,0.7986238998980812,56033.333333333336,55860.0,55610.0,55115.0,1.0132474042248478,1.026943663249569,745.0,0.005328596802841812,0.005328596802841812,0.022968197879858657,0.014336917562724014,0.014005960968786516,0.015403551319744555,16039518.6,15831762.4,0.055519490919681225,0.8616777876858486,27.372419148379144,1385.7239716271702,-920266377.0,87.27272727272727,76.96969696969695,0.019927536231884035,-0.010752688172043001,0.0072202166064982976,0.004834481620894282,-0.0017667844522968198,56500.0
2022-10-18,56700.0,57100.0,55800.0,56500.0,14820702,-0.0017667844522968323,-0.0017683470567420034,56000.0,55164.28571428572,55180.95238095238,0.011519965266385265,1300.0,200.0,52.734072993497435,-248.68028558065998,-630.8775406717314,382.1972550910714,57647.392134313115,52612.607865686885,0.09132567147879975,0.7721069914627767,56466.666666666664,56080.0,55950.0,55130.0,1.0074893009985735,1.024850353709414,950.0,-0.0017667844522968323,0.0017667844522968323,0.023008849557522124,-0.003527336860670194,0.01136572274624149,0.015647871116739306,14716083.6,15899972.35,0.08641214941227293,0.9321212435944897,27.453531462267147,1379.600830796658,-935087079.0,85.45454545454545,84.84848484848484,0.005328596802841812,0.019927536231884035,-0.010752688172043001,0.007829782860809672,-0.012389380530973451,55800.0
2022-10-19,56700.0,56900.0,55700.0,55800.0,12660652,-0.012389380530973493,-0.012466768765130047,55942.857142857145,55278.57142857143,55161.90476190476,0.012536780164214384,1200.0,900.0,48.56437800618597,-227.4233578966814,-550.1867041167213,322.7633462200399,57567.4726042326,52632.5273957674,0.08956343391043921,0.6418455464914279,56300.0,56080.0,56010.0,55100.0,0.9950071326676176,1.012704174228675,980.0,-0.012389380530973493,0.012389380530973493,0.021505376344086023,-0.015873015873015872,0.013207148667149128,0.011457097705788365,13566432.0,15919072.3,-0.1457454579411961,0.7953134304189321,27.283538622514893,1366.7722000254682,-947747731.0,72.72727272727273,81.81818181818181,-0.0017667844522968323,0.005328596802841812,0.019927536231884035,-0.0029425227268095044,-0.005376344086021506,55500.0
2022-10-20,55200.0,56000.0,55100.0,55500.0,17107653,-0.005376344086021501,-0.005390848634876423,55957.142857142855,55464.28571428572,55119.04761904762,0.011353092190173884,900.0,-300.0,46.85447321546173,-232.10897457849933,-486.57115820907694,254.4621836305776,57538.16122584856,52631.83877415144,0.089068211885216,0.5845847381792955,55933.333333333336,56140.0,55960.0,55085.0,0.9885999287495547,1.007533811382409,1055.0,-0.005376344086021501,0.005376344086021501,0.016216216216216217,0.005434782608695652,0.012293006374298882,0.010573023881730814,14231042.2,16072381.7,0.35124581261691734,1.0644130608222178,27.579174764950235,1333.4313285950777,-964855384.0,67.27272727272727,75.15151515151516,-0.012389380530973493,-0.0017667844522968323,0.005328596802841812,-0.006510836356430609,0.007207207207207207,55900.0
2022-10-21,55100.0,56300.0,55100.0,55900.0,11456060,0.007207207207207134,0.007181359408664576,55971.42857142857,55700.0,55123.80952380953,0.011351777879653161,1200.0,-800.0,49.41202711650899,-201.2260933511061,-429.5021452374828,228.2760518863767,57593.773041139604,52636.226958860396,0.08994912605060706,0.6583444686083685,55733.333333333336,56060.0,55920.0,55115.0,0.9971459150909739,1.0142429465662706,945.0,0.007207207207207134,0.007207207207207134,0.02146690518783542,0.014519056261343012,0.008001099240902936,0.01070894447309218,13937389.0,16051999.7,-0.3303546664174215,0.7136842894408976,27.185349064743768,1323.9005194097151,-953399324.0,74.54545454545455,71.51515151515152,-0.005376344086021501,-0.012389380530973493,-0.0017667844522968323,-0.00351950580326262,0.028622540250447227,57500.0
2022-10-24,57000.0,57500.0,56700.0,57500.0,16944503,0.028622540250447193,0.028220567642251247,56300.0,56014.28571428572,55228.57142857143,0.014230820486925418,800.0,-500.0,58.09831537691418,-47.10160129715223,-353.02203644941676,305.92043515226453,57940.7775331513,52599.2224668487,0.09664474518369084,0.9174814211067562,56300.0,56240.0,56050.0,55270.0,1.0224039829302987,1.0403473855617875,970.0,0.028622540250447193,0.028622540250447193,0.01391304347826087,0.008771929824561403,0.015839799582634463,0.014126506437716907,14597914.0,16259899.35,0.4790864398405734,1.0421038061345687,27.604994259193724,1343.6219108804498,-936454821.0,100.0,80.60606060606061,0.007207207207207134,-0.005376344086021501,-0.012389380530973493,0.010151134457210942,0.0034782608695652175,57700.0
2022-10-25,57000.0,58600.0,57000.0,57700.0,17405678,0.003478260869565153,0.003472225710749057,56500.0,56192.857142857145,55385.71428571428,0.012843232242075427,1600.0,-700.0,59.04496434383353,90.14239220719173,-264.3891507180951,354.53154292528683,58283.695664813466,52576.304335186534,0.10296574652042091,0.8977298679725156,57033.333333333336,56480.0,56280.0,55430.0,1.0216005665722379,1.0409525527692585,1050.0,0.003478260869565153,0.003478260869565153,0.02772963604852686,0.012280701754385965,0.015595510355347791,0.012866190572327725,15114909.2,16602385.05,0.027216791191810197,1.0483841898366282,27.63531948528963,1361.9346315318462,-919049143.0,80.43478260869566,84.99341238471673,0.028622540250447193,0.007207207207207134,-0.005376344086021501,0.013102669442406492,0.029462738301559793,59400.0
2022-10-26,58000.0,59600.0,57700.0,59400.0,20824967,0.029462738301559765,0.02903705285454534,56900.0,56435.71428571428,55619.04761904762,0.016112735209111242,1900.0,-1400.0,66.06325400377112,332.25500942903454,-145.06031868866916,477.3153281177037,58968.49828445462,52441.50171554538,0.11717074892575595,1.0661103021871963,58200.0,57200.0,56640.0,55705.0,1.0384615384615385,1.0663315680818597,1495.0,0.029462738301559765,0.029462738301559765,0.03198653198653199,0.02413793103448276,0.015624339298028667,0.015171936759385352,16747772.2,16893210.95,0.196446757201874,1.2327417837637316,27.843712666733616,1400.3678721367144,-898224176.0,96.42857142857143,92.28778467908903,0.003478260869565153,0.028622540250447193,0.007207207207207134,0.020521179807190704,0.0016835016835016834,59500.0
2022-10-27,59700.0,60100.0,58900.0,59500.0,21756712,0.0016835016835017313,0.00168208618298488,57328.57142857143,56664.28571428572,55885.71428571428,0.015854134923450617,1200.0,200.0,66.4277063540323,526.1352079996577,-10.821213351003777,536.9564213506615,59563.034196448556,52376.965803551444,0.12839143099691105,0.9912282776892493,58866.666666666664,58000.0,57070.0,55970.0,1.0258620689655173,1.0630695015186706,2030.0,0.0016835016835017313,0.0016835016835017313,0.020168067226890758,-0.0033500837520938024,0.013796909526119238,0.0140826774821455,17677584.0,17149482.1,0.044741727561921296,1.2686512556551197,27.889164457128132,1386.0558812698064,-876467464.0,90.1639344262295,89.00909615449886,0.029462738301559765,0.003478260869565153,0.028622540250447193,0.01154150028487555,-0.03697478991596639,57300.0
2022-10-28,58900.0,59200.0,57200.0,57300.0,20924937,-0.036974789915966366,-0.037675688830890175,57542.857142857145,56742.857142857145,56033.333333333336,0.022561040325201617,2000.0,1600.0,52.95425684842829,496.54123015044024,90.65127534928503,405.8899548011552,59520.813082338944,52859.186917661056,0.11855536865417134,0.6666259817888883,58733.333333333336,58280.0,57170.0,56190.0,0.98318462594372,1.0197544046983449,2090.0,-0.036974789915966366,0.036974789915966366,0.034904013961605584,-0.027164685908319185,0.027070851889213356,0.01914296154165482,19571359.4,17196172.5,-0.038230730819987846,1.2168368862315146,27.812508066286256,1451.3376040362486,-897392401.0,54.09836065573771,80.23028883684621,0.0016835016835017313,0.029462738301559765,0.003478260869565153,-0.0019428499769682899,0.03664921465968586,59400.0
2022-10-31,58100.0,59900.0,58000.0,59400.0,18999514,0.03664921465968596,0.03599360264790545,58100.0,57028.57142857143,56342.857142857145,0.02504049426550002,1900.0,-1300.0,61.0710353181582,635.2178431728462,199.56458891399728,435.6532542588489,59702.3144464846,53357.6855535154,0.11223472303147346,0.9523511222508841,58733.333333333336,58660.0,57450.0,56530.0,1.0126150698943062,1.0507695029188042,2130.0,0.03664921465968596,0.03664921465968596,0.03198653198653199,0.022375215146299483,0.02897413583647798,0.02209576446942673,19982361.6,17452044.2,-0.0920157131177981,1.0886698304373994,27.751973463207822,1533.3849180336595,-878392887.0,86.0,76.75409836065573,-0.036974789915966366,0.0016835016835017313,0.029462738301559765,0.0004526421424071077,0.010101010101010102,60000.0
2022-11-01,59900.0,60300.0,59500.0,60000.0,17201647,0.010101010101010166,0.010050335853501506,58685.71428571428,57328.57142857143,56695.23809523809,0.0250158358411309,800.0,-100.0,63.03344199849478,784.4919092938289,316.55005298996366,467.9418563038653,59976.69732820529,53773.30267179471,0.10907067527754877,1.0037564387058022,58900.0,59120.0,57800.0,56875.0,1.0148849797023005,1.054945054945055,2245.0,0.010101010101010166,0.010101010101010166,0.013333333333333334,0.001669449081803005,0.028932252165757056,0.022006909810136577,19941555.4,17186964.1,-0.09462699940640584,1.000854304455084,27.662615534218546,1488.1431381741124,-861191240.0,94.23076923076923,78.10970996216898,0.03664921465968596,-0.036974789915966366,0.0016835016835017313,0.003258478281576586,-0.006666666666666667,59600.0
2022-11-02,59700.0,60000.0,59300.0,59600.0,13202919,-0.00666666666666671,-0.006688988150796652,58985.71428571428,57642.857142857145,57004.76190476191,0.02427265412804532,700.0,100.0,60.8318315545826,860.5956145533637,425.3591653026437,435.23644925072,60318.254321498534,53871.745678501466,0.11290846208944862,0.8885824310064667,59666.666666666664,59160.0,58180.0,57095.0,1.0074374577417173,1.0438742446799194,2065.0,-0.00666666666666671,0.00666666666666671,0.01174496644295302,-0.0016750418760469012,0.02671617432305702,0.02153786534175977,18417145.8,16889688.3,-0.23246192646552977,0.781714781556981,27.391359352527907,1431.8471997331044,-874394159.0,86.53846153846153,88.92307692307692,0.010101010101010166,0.03664921465968596,-0.036974789915966366,0.013361186031343139,-0.006711409395973154,59200.0
2022-11-03,58600.0,59800.0,58100.0,59200.0,17492162,-0.006711409395973145,-0.006734032181344068,59200.0,57850.0,57195.23809523809,0.024691366769911054,1700.0,-600.0,58.62662619306269,878.5048353173552,515.988299305586,362.5165360117692,60565.891118718086,53944.108881281914,0.11565421775279314,0.7937275691435403,59600.0,59100.0,58550.0,57255.0,1.0016920473773265,1.0339708322417256,1845.0,-0.006711409395973145,0.006711409395973145,0.028716216216216218,0.010238907849829351,0.02692221241529986,0.02162581590988592,17564235.8,16641347.9,0.32487081076540725,1.0511265136161236,27.665940273721755,1451.0009711807397,-891886321.0,78.84615384615384,86.53846153846153,-0.00666666666666671,0.010101010101010166,0.03664921465968596,-0.0010923553205432295,0.0033783783783783786,59400.0
2022-11-04,59100.0,59500.0,58400.0,59400.0,12445841,0.0033783783783782884,0.003372684478639156,59200.0,58050.0,57357.142857142855,0.02206165745377358,1100.0,-300.0,59.418759283244846,898.4792409265501,592.4864876297788,305.9927532967713,60821.3741636204,53998.6258363796,0.11884250700645879,0.7916713184413736,59400.0,59520.0,58900.0,57410.0,0.9979838709677419,1.0346629507054521,2110.0,0.0033783783783782884,0.0033783783783782884,0.018518518518518517,0.005076142131979695,0.01786040308297658,0.021649427777230293,15868416.6,16516417.65,-0.288490410733676,0.7535436111958576,27.32894657419297,1425.9294732392584,-879440480.0,82.6923076923077,82.6923076923077,-0.006711409395973145,-0.00666666666666671,0.010101010101010166,-0.003333232561420522,0.013468013468013467,60200.0
2022-11-07,59700.0,60300.0,59400.0,60200.0,12437246,0.013468013468013407,0.01337812594617605,59300.0,58314.28571428572,57542.857142857145,0.022645465843189275,900.0,-500.0,62.51068728200373,967.7072881596614,667.5306477357553,300.17664042390606,61187.64991962246,54032.35008037754,0.12420239262705993,0.8619694573516733,59600.0,59680.0,59170.0,57610.0,1.0087131367292226,1.0449574726609963,2070.0,0.013468013468013407,0.013468013468013407,0.014950166112956811,0.008375209380234505,0.009320587050103432,0.020408242322229285,14555963.0,16293939.3,-0.000690592142387203,0.7633050406662556,27.341633869428147,1388.363082293597,-867003234.0,98.07692307692308,86.53846153846155,0.0033783783783782884,-0.006711409395973145,-0.00666666666666671,0.0033783274834728503,0.026578073089700997,61800.0
2022-11-08,60500.0,61900.0,60500.0,61800.0,18273898,0.02657807308970095,0.026231012148869685,59942.857142857145,58742.857142857145,57809.52380952381,0.016065047390229237,1400.0,-1300.0,67.7955594742586,1138.5531110555748,761.7351403997193,376.81797065585556,61807.655287196365,54052.344712803635,0.13387382313814483,0.9990128974045679,60466.666666666664,60040.0,59580.0,57930.0,1.0293137908061292,1.0668047643707923,2110.0,0.02657807308970095,0.02657807308970095,0.022653721682847898,0.021487603305785124,0.0142137711398262,0.021520670182812233,14770413.2,16135740.35,0.46928813661802615,1.1325106628900359,27.752642904271017,1410.6228621297687,-848729336.0,98.52941176470588,93.09954751131221,0.013468013468013407,0.0033783783783782884,-0.006711409395973145,0.014474821645364214,0.003236245954692557,62000.0
2022-11-09,62000.0,62200.0,61300.0,62000.0,14045592,0.003236245954692629,0.00323102058144654,60314.28571428572,59207.142857142855,58123.80952380953,0.011674552148735518,900.0,0.0,68.39531352925178,1275.3861277283795,864.4653378654514,410.92078986292813,62382.92040397716,54097.07959602284,0.14227061826844634,0.9537861741671939,61333.333333333336,60520.0,59840.0,58240.0,1.024454725710509,1.0645604395604396,2280.0,0.003236245954692629,0.003236245954692629,0.014516129032258065,0.0,0.012604778482568763,0.0200392374315561,14938947.8,15917574.45,-0.2313850060890129,0.8823952445845165,27.49270883189196,1374.149800549071,-834683744.0,97.1830985915493,97.92981114439276,0.02657807308970095,0.013468013468013407,0.0033783783783782884,0.014427444170802328,-0.025806451612903226,60400.0
2022-11-10,61400.0,61500.0,60400.0,60400.0,21087633,-0.02580645161290318,-0.026145280104322245,60371.42857142857,59528.57142857143,58342.857142857145,0.01661431629143168,1100.0,1000.0,58.93875598613738,1240.4218401902326,939.6566383304078,300.76520185982486,62489.45979722696,54510.54020277304,0.1363917879393833,0.7381274779759246,61400.0,60760.0,59930.0,58500.0,0.9940750493745886,1.0324786324786326,2260.0,-0.02580645161290318,0.02580645161290318,0.018211920529801324,-0.016286644951140065,0.019291584973286435,0.022230352340513418,15658042.0,16282726.0,0.5013701807656097,1.2950922959705886,27.872941696794104,1390.2819576527088,-855771377.0,67.27272727272727,87.66174587632747,0.003236245954692629,0.02657807308970095,0.013468013468013407,0.001335955810496799,0.041390728476821195,62900.0
2022-11-11,63100.0,63200.0,62300.0,62900.0,20037163,0.041390728476821126,0.040557058765625514,60842.857142857145,59914.28571428572,58709.52380952381,0.021785956985392454,900.0,200.0,66.6887644337942,1398.3225056211304,1031.3898117885524,366.932693832578,63132.80202463044,54527.19797536956,0.14627917812784078,0.9729476253732088,61766.666666666664,61460.0,60490.0,58830.0,1.0234298730881874,1.069182389937107,2630.0,0.041390728476821126,0.041390728476821126,0.014308426073131956,-0.003169572107765452,0.025418322390617278,0.02084133860967607,17176306.4,16638367.85,-0.049814505022920286,1.2042745526869694,27.862400699982462,1490.9761035346583,-835734214.0,95.16129032258064,86.5390387289524,-0.02580645161290318,0.003236245954692629,0.02657807308970095,0.006273507606203525,-0.01589825119236884,61900.0
2022-11-14,62900.0,62900.0,61700.0,61900.0,15973416,-0.015898251192368873,-0.016025984015844458,61228.57142857143,60214.28571428572,58976.19047619047,0.023057859259067292,1200.0,1000.0,61.67435956843342,1426.3264741995154,1110.377144270745,315.94932992877034,63471.72071424853,54718.27928575147,0.14812490783479237,0.8204453954382158,61733.333333333336,61800.0,60740.0,59095.0,1.0016181229773462,1.0474659446653694,2705.0,-0.015898251192368873,0.015898251192368873,0.01938610662358643,-0.01589825119236884,0.02817238421324847,0.019853927786516002,17883540.4,16754944.75,-0.20281049767374748,0.9533553370863846,27.61971185705582,1470.1920961393257,-851707630.0,78.33333333333333,80.25578364288042,0.041390728476821126,-0.02580645161290318,0.003236245954692629,-0.00010465810948364258,0.008077544426494346,62400.0
2022-11-15,62200.0,62500.0,61600.0,62400.0,12310986,0.008077544426494443,0.008045095684831659,61657.142857142855,60428.57142857143,59252.380952380954,0.023024193726123684,900.0,-200.0,63.16569023608927,1471.8985125535328,1182.6814179273026,289.21709462623016,63825.21790837188,54954.78209162812,0.1493590809352376,0.8393294379424232,62400.0,61920.0,60980.0,59390.0,1.0077519379844961,1.0506819329853512,2530.0,0.008077544426494443,0.008077544426494443,0.014423076923076924,0.003215434083601286,0.0259009679397757,0.019798549089803028,16690958.0,16629458.95,-0.22928282841941883,0.7403118788780558,27.36732314679355,1429.464089272231,-839396644.0,86.66666666666667,86.7204301075269,-0.015898251192368873,0.041390728476821126,-0.02580645161290318,0.011190007236982233,0.004807692307692308,62700.0
2022-11-16,62400.0,62700.0,61700.0,62700.0,12909260,0.004807692307692291,0.0047961722634930135,62014.28571428572,60657.142857142855,59547.619047619046,0.022858260857885372,1000.0,-300.0,64.06910766477489,1514.7609527163222,1249.0973248851064,265.66362783121576,64066.65824574151,55403.34175425849,0.14502915361987154,0.8422476834264239,62333.333333333336,62060.0,61290.0,59735.0,1.0103126007089913,1.049635891855696,2325.0,0.004807692307692291,0.004807692307692291,0.01594896331738437,0.004807692307692308,0.025926207981786336,0.019434078047692344,16463691.6,16641889.35,0.04859675740026015,0.7757087989531669,27.419572167895176,1398.788082895643,-826487384.0,91.66666666666667,85.55555555555554,0.008077544426494443,-0.015898251192368873,0.041390728476821126,-0.0010043381527273798,-0.02073365231259968,61400.0
2022-11-17,62000.0,62000.0,61300.0,61400.0,13298296,-0.020733652312599715,-0.020951612485778266,61957.142857142855,60950.0,59814.28571428572,0.02279033252853314,700.0,600.0,57.48907525900532,1427.376699821456,1284.7531998723764,142.6234999490796,63929.31168014984,56130.68831985016,0.12991209995501715,0.6756720303963178,62166.666666666664,62260.0,61510.0,60030.0,0.9861869579184067,1.0228219223721473,2230.0,-0.020733652312599715,0.020733652312599715,0.011400651465798045,-0.00967741935483871,0.024606549837530522,0.020847650332827657,14905824.2,16451421.5,0.030136196807562854,0.8083372005270183,27.42831157881958,1398.8746484030971,-839785680.0,65.38461538461539,81.23931623931624,0.004807692307692291,0.008077544426494443,-0.015898251192368873,-0.0026161385261376604,0.006514657980456026,61800.0
2022-11-18,61800.0,62400.0,61400.0,61800.0,12236503,0.006514657980456029,0.0064935293105483115,61928.57142857143,61121.42857142857,60114.28571428572,0.022922530097638817,1000.0,0.0,58.88817113481754,1374.555684592473,1302.7136968163957,71.8419877760773,63775.62923323685,56874.37076676315,0.11440130072894643,0.7137291346448693,61966.666666666664,62040.0,61750.0,60325.0,0.9961315280464217,1.0244508910070451,1715.0,0.006514657980456029,0.006514657980456029,0.016181229773462782,0.0,0.013730000925848586,0.0208633546972144,13345692.2,16490443.65,-0.07984428982480163,0.7420360094435664,27.35159273506041,1370.3836020885901,-827549177.0,72.54901960784314,76.53343388637506,-0.020733652312599715,0.004807692307692291,0.008077544426494443,-0.0031371006748171317,-0.006472491909385114,61400.0
2022-11-21,61400.0,61800.0,60800.0,61400.0,9378097,-0.006472491909385147,-0.006493529310548343,62071.42857142857,61221.42857142857,60376.19047619047,0.020306878430453226,1000.0,0.0,56.87243612374788,1285.5984141470544,1299.2906402825276,-13.69222613547322,63730.90248012106,57309.09751987894,0.10611045869534243,0.6370331247130901,61533.333333333336,61940.0,61870.0,60520.0,0.9912818856958346,1.014540647719762,1420.0,-0.006472491909385147,0.006472491909385147,0.016286644951140065,0.0,0.012148985362494348,0.02082813937292542,12026628.4,16112123.35,-0.23359664113186585,0.5820522097728354,27.079052536071938,1343.9276305108335,-836927274.0,64.70588235294117,67.5465057817999,0.006514657980456029,-0.020733652312599715,0.004807692307692291,-0.006897162080509611,-0.013029315960912053,60600.0
2022-11-22,60900.0,61200.0,60300.0,60600.0,9411289,-0.013029315960912058,-0.013114942077828018,61742.857142857145,61292.857142857145,60523.80952380953,0.011843604999086245,900.0,300.0,52.967369425967306,1137.4341889929856,1266.9193500246195,-129.48516103163388,63588.78629790122,57741.21370209878,0.09639120738156172,0.48888427652071237,61266.666666666664,61580.0,61750.0,60665.0,0.9840857421240663,0.9989285419929119,915.0,-0.013029315960912058,0.013029315960912058,0.01485148514851485,-0.0049261083743842365,0.011617891948592777,0.019386840840445244,11446689.0,15712403.9,0.003539310800474871,0.598971937069413,27.069470656173667,1326.5042283314883,-846338563.0,49.01960784313726,62.091503267973856,-0.006472491909385147,0.006514657980456029,-0.020733652312599715,-0.004329049963280392,0.006600660066006601,61000.0
2022-11-23,61200.0,61300.0,60700.0,61000.0,8765050,0.0066006600660066805,0.0065789710980425605,61614.28571428572,61421.42857142857,60680.95238095238,0.01151570213556908,600.0,200.0,54.64429293698573,1040.2977255361766,1221.595025126931,-181.2972995907544,63610.015844542424,57879.984155457576,0.09432927301152108,0.5445023716859629,61000.0,61240.0,61650.0,60745.0,0.9960809928151535,1.0041978763684254,495.0,0.0066006600660066805,0.0066006600660066805,0.009836065573770493,-0.0032679738562091504,0.012046261081299482,0.019512569808737553,10617847.0,15109408.05,-0.06866636440555596,0.5801054529068728,27.00491192398508,1281.7539263078106,-837573513.0,54.166666666666664,55.964052287581694,-0.013029315960912058,-0.006472491909385147,0.006514657980456029,-0.004300382601430175,0.006557377049180328,61400.0
2022-11-24,61200.0,61700.0,60900.0,61400.0,8125010,0.006557377049180246,0.006535970979785449,61471.42857142857,61564.28571428572,60776.19047619047,0.011306511390202277,800.0,-200.0,56.321424504122675,984.2472458986667,1174.1254692812781,-189.8782233826114,63656.79175472364,58023.20824527636,0.09259670462602376,0.5994038695016952,61000.0,61240.0,61750.0,60840.0,1.0026126714565644,1.0092044707429322,400.0,0.006557377049180246,0.006557377049180246,0.013029315960912053,0.0032679738562091504,0.009228475783031407,0.017616656964307507,9583189.8,14427822.95,-0.0730218310220706,0.5631487181508559,26.93562263108579,1247.3429315715384,-829448503.0,52.63157894736842,51.93928448572411,0.0066006600660066805,-0.013029315960912058,-0.006472491909385147,4.290705142495632e-05,-0.006514657980456026,61000.0
2022-11-25,61400.0,61700.0,60800.0,61000.0,6677933,-0.006514657980456029,-0.006535970979785533,61228.57142857143,61621.42857142857,60847.619047619046,0.010924636786134539,900.0,400.0,54.16450158016196,897.2077277108838,1118.7419209671993,-221.53419325631558,63295.984020432115,58754.015979567885,0.07442798919892225,0.49449577809111067,61133.333333333336,61080.0,61560.0,61025.0,0.9986902423051736,0.9995903318312167,55.0,-0.006514657980456029,0.006514657980456029,0.014754098360655738,-0.006514657980456026,0.008769222652139957,0.010870763980287109,8471475.8,13715472.75,-0.178101565413458,0.48689047193068863,26.732948209649315,1222.5327221735713,-836126436.0,24.137931034482758,43.64539221617261,0.006557377049180246,0.0066006600660066805,-0.013029315960912058,0.002214459711576966,-0.014754098360655738,60100.0
2022-11-28,60500.0,60500.0,59800.0,60100.0,8589032,-0.014754098360655776,-0.014864022632149393,61042.857142857145,61500.0,60980.95238095238,0.009491843834308455,700.0,400.0,49.56507234422371,746.9949117209035,1044.39251911794,-297.3976073970366,63245.50247143236,58874.49752856764,0.07158540685988729,0.28037087293458324,60833.333333333336,60820.0,61380.0,61060.0,0.9881617888852351,0.9842777595807403,-240.0,-0.014754098360655776,0.014754098360655776,0.011647254575707155,-0.006611570247933884,0.01033289590312723,0.010725076101188339,8313662.8,13194948.65,0.2861812180505554,0.6509333403127718,26.969761718962314,1220.9232420183164,-844715468.0,8.823529411764707,28.531013131205295,-0.006514657980456029,0.006557377049180246,0.0066006600660066805,-0.00490379309731052,0.008319467554076539,60600.0
2022-11-29,59900.0,60600.0,59800.0,60600.0,7014160,0.008319467554076532,0.008285051534106865,60871.42857142857,61400.0,61038.09523809524,0.009811066203720277,800.0,-700.0,52.00350567555653,660.6800853843524,967.6500323712227,-306.96994698687024,63230.241009548394,58949.758990451606,0.0700684566884398,0.38552691079791207,60566.666666666664,60820.0,61200.0,61090.0,0.996382768826044,0.9919790473072516,-270.0,0.008319467554076532,0.008319467554076532,0.013201320132013201,0.011686143572621035,0.010196775462379617,0.01075281273421014,7834237.0,12685574.3,-0.18335849720899866,0.5529241194858635,26.77549169300166,1190.8572961598652,-837701308.0,23.529411764705884,18.83029073698445,-0.014754098360655776,-0.006514657980456029,0.006557377049180246,-0.004316429595678424,0.026402640264026403,62200.0
2022-11-30,60400.0,62200.0,60200.0,62200.0,19768903,0.0264026402640265,0.026060106669865087,60985.71428571428,61528.57142857143,61142.857142857145,0.01440771318169978,2000.0,-1800.0,58.8583263851572,713.160719047919,916.752169706562,-203.591450658643,63293.99944171059,59146.00055828941,0.06775561717447212,0.7362585013985626,60966.666666666664,61060.0,61150.0,61220.0,1.018670160497871,1.0160078405749755,-160.0,0.0264026402640265,0.0264026402640265,0.03215434083601286,0.029801324503311258,0.015726971123428704,0.014110405947249199,10035007.6,13013873.5,1.8184277233481985,1.5190637130443907,27.83773098422206,1248.6532035770178,-817932405.0,70.58823529411765,34.313725490196084,0.008319467554076532,-0.014754098360655776,-0.006514657980456029,0.006656003152482419,0.006430868167202572,62600.0
2022-12-01,63100.0,63200.0,62300.0,62600.0,16631445,0.006430868167202508,0.006410278360919019,61271.42857142857,61507.142857142855,61285.71428571428,0.012831632682260013,900.0,500.0,60.381702302432444,778.0596688521618,889.0136695356821,-110.95400068352023,63319.16671403267,59460.83328596733,0.06284954272789275,0.8136069037472284,61800.0,61300.0,61270.0,61390.0,1.0212071778140293,1.0197100504968235,-90.0,0.006430868167202508,0.006430868167202508,0.01437699680511182,-0.00792393026941363,0.01572193346526901,0.01232989761227639,11736294.6,12970837.65,-0.1587067324878877,1.2822182690722368,27.671326295643997,1230.8922604643737,-801300960.0,82.3529411764706,58.82352941176472,0.0264026402640265,0.008319467554076532,-0.014754098360655776,0.013717658661768514,-0.03514376996805112,60400.0
2022-12-02,62500.0,62500.0,60400.0,60400.0,15331184,-0.03514376996805113,-0.035776173165283594,61185.71428571428,61400.0,61342.857142857145,0.01983774232591154,2100.0,2100.0,49.520917953502746,644.5410720452055,840.1191500375868,-195.57807799238128,63196.07217211864,59683.92782788136,0.05716380768615371,0.2038846077877098,61733.333333333336,61180.0,61130.0,61440.0,0.9872507355344884,0.9830729166666666,-260.0,-0.03514376996805113,0.03514376996805113,0.0347682119205298,-0.0336,0.02369146669300218,0.016847128202748887,13466944.8,13115104.8,-0.0781808796529706,1.1689715205325695,27.55414386597092,1300.1142418597756,-816632144.0,17.647058823529413,56.86274509803922,0.006430868167202508,0.0264026402640265,0.008319467554076532,-0.0007700871789407074,-0.0016556291390728477,60300.0
2022-12-05,60900.0,61100.0,60000.0,60300.0,13767787,-0.0016556291390728006,-0.001657001207629458,61028.57142857143,61250.0,61385.71428571428,0.019529955081883738,1100.0,600.0,49.08870338511961,524.6100794238591,777.0173359148414,-252.40725649098226,63186.71724093599,59703.28275906401,0.05669191117050995,0.17130141073166344,61100.0,61220.0,61020.0,61445.0,0.9849722312969618,0.9813654487753275,-225.0,-0.0016556291390728006,0.0016556291390728006,0.01824212271973466,-0.009852216748768473,0.022592609232697413,0.016778860192903707,14502695.8,13181631.85,-0.1019749681433606,1.0444675709859095,27.444929528813727,1285.8203674412202,-830399931.0,14.705882352941176,38.235294117647065,-0.03514376996805113,0.006430868167202508,0.0264026402640265,-0.010122843646640475,-0.01824212271973466,59200.0
2022-12-06,59800.0,60100.0,59200.0,59200.0,13888300,-0.018242122719734688,-0.01841056184317979,60771.42857142857,61000.0,61338.09523809524,0.020425751702244734,900.0,600.0,44.4888953668649,336.91930082395265,688.9977288966637,-352.07842807271106,63314.23669644851,59315.76330355149,0.06521199368665129,-0.028951875422538187,59966.666666666664,60940.0,60880.0,61315.0,0.971447325237939,0.965505993639403,-375.0,-0.018242122719734688,0.018242122719734688,0.015202702702702704,-0.010033444816053512,0.023507536149258285,0.01724517666277723,15877523.8,12962351.95,0.008753258602853142,1.0714336451881328,27.435234137904764,1272.5474840525617,-844288231.0,0.0,10.784313725490195,-0.0016556291390728006,-0.03514376996805113,0.006430868167202508,-0.018347173942286205,-0.005067567567567568,58900.0
2022-12-07,58800.0,59600.0,58500.0,58900.0,12100662,-0.0050675675675675436,-0.005080451232418952,60600.0,60821.42857142857,61200.0,0.019908924643082512,1100.0,-100.0,43.297290902861675,162.0969608858577,583.6175752945026,-421.52061440864486,63401.61595847025,58918.38404152975,0.07330333415533836,-0.0041006224684219765,59466.666666666664,60280.0,60670.0,61160.0,0.9771068347710683,0.9630477436232832,-880.0,-0.0050675675675675436,0.0050675675675675436,0.01867572156196944,0.0017006802721088435,0.01628931195866901,0.016976203445450175,14343875.6,12865105.45,-0.1287153935326858,0.9405800867337625,27.292367089455276,1260.2226637630931,-856388893.0,8.51063829787234,7.738840216937838,-0.018242122719734688,-0.0016556291390728006,-0.03514376996805113,-0.00832177314212501,0.0050933786078098476,59200.0
2022-12-08,58700.0,59200.0,58600.0,59200.0,12986815,0.005093378607809784,0.005080451232418914,60400.0,60635.71428571428,61066.666666666664,0.019644452195051846,600.0,-500.0,44.88700560236748,47.21225625189982,476.33651148598204,-429.1242552340822,63486.80583736267,58713.19416263733,0.07812785065016924,0.1019785165894709,59100.0,59600.0,60450.0,61100.0,0.9932885906040269,0.9689034369885434,-1500.0,0.005093378607809784,0.005093378607809784,0.010135135135135136,0.008517887563884156,0.015944260540695622,0.016887189431827165,13614949.6,12460064.55,0.07323177855889207,1.04227509800501,27.368121990849918,1213.0639020657295,-843402078.0,14.893617021276595,7.801418439716312,-0.0050675675675675436,-0.018242122719734688,-0.0016556291390728006,-0.006072103893164149,0.02027027027027027,60400.0
2022-12-09,59300.0,60600.0,59300.0,60400.0,10529632,0.020270270270270174,0.020067563050809173,60142.857142857145,60564.28571428572,61066.666666666664,0.01822935384266096,1300.0,-1100.0,50.8257886411291,52.39133659564686,391.547476507915,-339.15613991226815,63222.688871521874,58727.311128478126,0.0737249322352398,0.3720908379969251,59500.0,59600.0,60390.0,60975.0,1.0134228187919463,0.990569905699057,-1375.0,0.020270270270270174,0.020270270270270174,0.02152317880794702,0.01854974704890388,0.014124367414345902,0.018413440882390848,12654639.2,11984688.0,-0.18920597544509565,0.8785904147024937,27.17844831965567,1226.416480489606,-832872446.0,40.42553191489362,21.27659574468085,0.005093378607809784,-0.0050675675675675436,-0.018242122719734688,0.006765360436837471,-0.014900662251655629,59500.0
2022-12-12,59900.0,60000.0,59400.0,59500.0,9036472,-0.01490066225165565,-0.015012792389185209,59700.0,60485.71428571428,60904.76190476191,0.01794825562955482,600.0,400.0,46.75638883392919,-15.942903438117355,310.0494005187086,-325.99230395682594,63150.510492473964,58559.489507526036,0.07544196836657512,0.20485867861582682,59700.0,59440.0,60330.0,60855.0,1.0010094212651413,0.977733957768466,-1415.0,-0.01490066225165565,0.01490066225165565,0.010084033613445379,-0.00667779632721202,0.01568680832255123,0.018425805437608852,11708376.2,11637840.8,-0.14180552558721904,0.7764732440746225,27.01051098224382,1210.2438747403485,-841908918.0,21.27659574468085,25.531914893617024,0.020270270270270174,0.005093378607809784,-0.0050675675675675436,0.003487662208808103,0.0033613445378151263,59700.0
2022-12-13,59600.0,60300.0,59400.0,59700.0,9040873,0.003361344537815114,0.003355707846972315,59600.0,60392.857142857145,60800.0,0.012995227905917903,900.0,-100.0,47.75740964426658,-53.34502422311198,237.37051557034448,-290.71553979345646,62949.562147244724,58490.437852755276,0.07343748838091975,0.2712555352492622,59866.666666666664,59540.0,60240.0,60720.0,1.002687269062815,0.983201581027668,-1180.0,0.003361344537815114,0.003361344537815114,0.01507537688442211,0.0016778523489932886,0.01304318590707781,0.01821720053831729,10738890.8,11474335.15,0.0004870263527625429,0.7879212940716657,27.014353597884707,1188.0835979731808,-832868045.0,25.53191489361702,29.078014184397162,-0.01490066225165565,0.020270270270270174,0.005093378607809784,0.0029103175188098795,0.01340033500837521,60500.0
2022-12-14,59800.0,60600.0,59800.0,60500.0,8207485,0.01340033500837512,0.013311344638239287,59628.57142857143,60328.57142857143,60709.52380952381,0.014174790415732769,800.0,-700.0,51.67143952668795,-18.22309578716522,186.25179329884253,-204.47488908600775,62636.04099298821,58583.95900701179,0.06685500719314331,0.47285346141053125,59900.0,59860.0,60070.0,60610.0,1.0106916137654527,0.9981851179673321,-750.0,0.01340033500837512,0.01340033500837512,0.013223140495867768,0.011705685618729096,0.013242802043060348,0.016388958610795028,9960255.4,11239246.4,-0.09218003615358827,0.7302522524997761,26.93095574478045,1167.5061981179535,-824660560.0,42.5531914893617,29.787234042553195,0.003361344537815114,-0.01490066225165565,0.020270270270270174,0.0006203390981781945,-0.019834710743801654,59300.0
2022-12-15,59800.0,60200.0,59300.0,59300.0,8716039,-0.01983471074380161,-0.020034059033115965,59642.857142857145,60207.142857142855,60547.619047619046,0.014543740055188204,900.0,500.0,46.09302723647167,-86.22474050786695,131.75648653750065,-217.9812270453676,62575.82490555797,58434.17509444203,0.06845136453377317,0.20905314187456153,59833.333333333336,59880.0,59740.0,60505.0,0.990313961255845,0.9800842905544996,-625.0,-0.01983471074380161,0.01983471074380161,0.01517706576728499,-0.008361204013377926,0.01743661453004585,0.01687038731333631,9106100.2,11010133.55,0.061962221070157364,0.7916378997964106,26.97104003455399,1169.8271839666713,-833376599.0,17.02127659574468,28.36879432624114,0.01340033500837512,0.003361344537815114,-0.01490066225165565,-0.0010243437325371252,0.003372681281618887,59500.0
2022-12-16,58300.0,59500.0,58300.0,59500.0,13033596,0.003372681281618828,0.0033670065479042485,59728.57142857143,60164.28571428572,60457.142857142855,0.014378109853874744,1200.0,-1200.0,47.11774310758336,-122.56534830319288,80.89211956936195,-203.45746787255484,62412.921285250944,58367.078714749056,0.06699524044546927,0.2800210995630522,59766.666666666664,59700.0,59650.0,60390.0,0.9966499162479062,0.9852624606722967,-690.0,0.003372681281618828,0.003372681281618828,0.020168067226890758,0.02058319039451115,0.013919861430975157,0.013314733749386014,9606893.0,11049988.2,0.4953576963113635,1.179512209795844,27.376772481072102,1171.9823851119093,-820343003.0,24.489795918367346,28.02142133449124,-0.01983471074380161,0.01340033500837512,0.003361344537815114,-0.0010205648179358873,0.0,59500.0
2022-12-19,59500.0,59900.0,59100.0,59500.0,7696187,0.0,0.0,59771.42857142857,60085.71428571428,60347.619047619046,0.01429215313185854,800.0,0.0,47.117743107583365,-149.64057836159918,34.785579983169725,-184.4261583447689,62296.552029381535,58293.447970618465,0.0663919737749908,0.30140411332558537,59433.333333333336,59700.0,59570.0,60295.0,0.9966499162479062,0.9868148271000912,-595.0,0.0,0.0,0.013445378151260505,0.0,0.012202872476610543,0.013321773613124631,9338836.0,10965892.7,-0.40951161904972355,0.7018295008485721,26.849967160905184,1145.4122147467729,-820343003.0,24.489795918367346,22.000289477493126,0.003372681281618828,-0.01983471074380161,0.01340033500837512,-0.005487343154060927,-0.015126050420168067,58600.0
2022-12-20,59000.0,59100.0,58500.0,58600.0,9284761,-0.015126050420168013,-0.01524161596861709,59514.28571428572,59828.57142857143,60214.28571428572,0.012437057532867446,600.0,400.0,42.86523092013065,-240.9429315029629,-20.360122314056802,-220.58280918890608,62327.924851244934,58062.075148755066,0.07086717671716701,0.12610028218550712,59200.0,59480.0,59510.0,60195.0,0.9852051109616677,0.9735027826231415,-715.0,-0.015126050420168013,0.015126050420168013,0.010238907849829351,-0.006779661016949152,0.013665634784447857,0.012910365105201747,9387613.6,10959566.3,0.20641052510808278,0.847183250307998,27.022374987563023,1135.025627979146,-829627764.0,6.122448979591836,18.367346938775512,0.0,0.003372681281618828,-0.01983471074380161,-0.0039177897128497285,-0.010238907849829351,58000.0
2022-12-21,58700.0,59100.0,58000.0,58000.0,10356971,-0.010238907849829393,-0.010291686036547636,59300.0,59500.0,60090.47619047619,0.011876046901279361,1100.0,700.0,40.25671865165352,-357.59357363362506,-87.80681257797045,-269.7867610556546,62354.226345726005,57735.773654273995,0.07691652413110184,0.057211010565301285,58700.0,58980.0,59420.0,60045.0,0.9833841980332316,0.9659422100091598,-1065.0,-0.010238907849829393,0.010238907849829393,0.01896551724137931,-0.01192504258943782,0.00985550587284633,0.013194377163289939,9817510.8,11039162.35,0.11548062464935827,0.938202616433121,27.121368667058697,1132.5237974092072,-839984735.0,0.0,10.204081632653063,-0.015126050420168013,0.0,0.003372681281618828,-0.008454986089999136,0.01896551724137931,59100.0
2022-12-22,58100.0,59100.0,58100.0,59100.0,10720630,0.018965517241379404,0.01878791386563327,59214.28571428572,59407.142857142855,60000.0,0.01452886492886801,1000.0,-1000.0,46.664796651385956,-357.1620986803464,-141.67786979844564,-215.48422888190075,62183.511879152036,57676.488120847964,0.07520480157357037,0.315842994288471,58566.666666666664,58940.0,59410.0,59930.0,1.002714625042416,0.9861505089270816,-990.0,0.018965517241379404,0.018965517241379404,0.01692047377326565,0.01721170395869191,0.013255811967001442,0.014612939851443851,10218429.0,11168943.35,0.03511248607338957,0.9598607195012767,27.174666683932603,1130.2006690228354,-829264105.0,35.483870967741936,13.868773315777927,-0.010238907849829393,-0.015126050420168013,0.0,-0.0021331470095393343,-0.01692047377326565,58100.0
2022-12-23,58200.0,58400.0,57700.0,58100.0,9829407,-0.016920473773265665,-0.017065260554186983,58871.42857142857,59250.0,59842.857142857145,0.013910854682946398,700.0,100.0,42.23020250491548,-432.5259049285669,-199.84747682446988,-232.678428104097,62120.33498104445,57449.66501895555,0.07812444529712967,0.13923805071287776,58400.0,58660.0,59180.0,59785.0,0.9904534606205251,0.9718156728276324,-1125.0,-0.016920473773265665,0.016920473773265665,0.012048192771084338,-0.001718213058419244,0.014755187451725002,0.013554475776931885,9577591.2,11326517.05,-0.08313158834881906,0.8678225580387043,27.070810107611365,1149.4720498069187,-839093512.0,13.793103448275861,16.425658138672603,0.018965517241379404,-0.010238907849829393,-0.015126050420168013,-0.0027312881272385514,-0.0034423407917383822,57900.0
2022-12-26,58000.0,58100.0,57700.0,57900.0,6756411,-0.0034423407917383297,-0.0034482792789159327,58671.42857142857,59157.142857142855,59695.23809523809,0.01241044972544608,400.0,100.0,41.38316453548666,-502.596967887388,-260.3973750370535,-242.1995928503345,62150.883680629144,57199.116319370856,0.08297892519913343,0.14154212617352102,58366.666666666664,58340.0,59020.0,59675.0,0.9924580047994515,0.9702555509007121,-1335.0,-0.0034423407917383297,0.0034423407917383297,0.0069084628670120895,-0.0017241379310344827,0.01456221100529028,0.012983352666064159,9389636.0,11234886.0,-0.31263289840373887,0.6013777976919392,26.692475053436606,1095.9383319635674,-845849923.0,6.896551724137931,18.724508713385244,-0.016920473773265665,0.018965517241379404,-0.010238907849829393,-0.0004657657745415304,0.0034542314335060447,58100.0
2022-12-27,58000.0,58400.0,57900.0,58100.0,10667027,0.003454231433505983,0.0034482792789159236,58471.42857142857,59100.0,59600.0,0.012417885734353028,500.0,-100.0,42.6225478843254,-535.8139321099661,-315.4806864516361,-220.33324565833004,62081.0700878244,57018.9299121756,0.08500655206799,0.2135598877772767,58033.333333333336,58240.0,58860.0,59550.0,0.9975961538461539,0.9756507136859782,-1310.0,0.003454231433505983,0.003454231433505983,0.008605851979345954,0.0017241379310344827,0.01379511686221411,0.012988160586621767,9666089.2,11417529.35,0.5788007863938414,0.9342675348585813,27.152588895616933,1053.371308251884,-835182896.0,13.793103448275861,11.49425287356322,-0.0034423407917383297,-0.016920473773265665,0.018965517241379404,-0.005636194377166004,-0.025817555938037865,56600.0
2022-12-28,57600.0,57600.0,56400.0,56600.0,14665410,-0.025817555938037917,-0.026156678648728348,58057.142857142855,58914.28571428572,59409.52380952381,0.014909232735263941,1200.0,1000.0,36.4053529902993,-675.3905971605927,-387.46266859342745,-287.9279285671653,61805.72371066879,56734.27628933121,0.08556516654863472,-0.02647691638609065,57533.333333333336,57960.0,58470.0,59270.0,0.9765355417529331,0.9549519149654125,-1310.0,-0.025817555938037917,0.025817555938037917,0.02120141342756184,-0.017361111111111112,0.017488621061629624,0.013517769409541166,10527777.0,11162354.7,0.3748357438300287,1.3138276281437287,27.444766481917828,1099.5590719481781,-849848306.0,4.761904761904762,8.48385331143952,0.003454231433505983,-0.0034423407917383297,-0.016920473773265665,-0.008601888432090088,-0.022968197879858657,55300.0
2022-12-29,56000.0,56200.0,55300.0,55300.0,11295935,-0.02296819787985871,-0.023236076680848188,57585.71428571428,58550.0,59080.95238095238,0.01590627535209144,900.0,700.0,32.04296272525575,-880.7524789277668,-486.1206306602953,-394.63184826747147,61522.73304899399,56287.26695100601,0.08887982510802113,-0.18857288587646845,56666.666666666664,57200.0,58070.0,58905.0,0.9667832167832168,0.9387997623291741,-1705.0,-0.02296819787985871,0.02296819787985871,0.0162748643761302,-0.0125,0.012659176361955795,0.013890875148465131,10642838.0,10895579.2,-0.22975661778293277,1.0367447927871518,27.16048167196134,1113.876281094737,-861144241.0,0.0,6.185002736726877,-0.025817555938037917,0.003454231433505983,-0.0034423407917383297,-0.015110507461463548,0.003616636528028933,55500.0
2023-01-02,55500.0,56100.0,55200.0,55500.0,10031448,0.003616636528029016,0.0036101122240997934,57228.57142857143,58264.28571428572,58742.857142857145,0.01647110597786504,900.0,0.0,33.36586379637454,-1015.6570589000257,-592.0279163082414,-423.62914259178433,61587.474212211586,55732.525787788414,0.09981159946169743,-0.03971440411301703,55800.0,56680.0,57670.0,58660.0,0.9791813690896259,0.9461302420729628,-1980.0,0.003616636528029016,0.003616636528029016,0.016216216216216217,0.0,0.014344953550387066,0.01391106599981193,10683246.2,10630592.4,-0.11194177374427172,0.9436396037534088,27.045373816153845,1098.5994038736842,-851112793.0,5.555555555555555,3.4391534391534413,-0.02296819787985871,-0.025817555938037917,0.003454231433505983,-0.01505637242995587,-0.0018018018018018018,55400.0
2023-01-03,55400.0,56000.0,54500.0,55400.0,13547030,-0.0018018018018017834,-0.0018034269991506827,56700.0,57957.142857142855,58504.76190476191,0.012637663460350201,1500.0,0.0,33.01974803696859,-1117.7542989478097,-697.1731928361551,-420.58110611165466,61575.4629907334,55254.5370092666,0.1082072409734966,0.023012924239249916,55400.0,56180.0,57260.0,58415.0,0.9861160555357779,0.9483865445519131,-2235.0,-0.0018018018018017834,0.0018018018018017834,0.02707581227436823,0.0,0.01452241501799463,0.01382391329323706,12041370.0,10619554.55,0.3504560857016854,1.2756683847911492,27.344012765809566,1127.270875025564,-864659823.0,14.754098360655737,6.7698846387371,0.003616636528029016,-0.02296819787985871,-0.025817555938037917,-0.007051121051210492,0.04332129963898917,57800.0
2023-01-04,55700.0,58000.0,55600.0,57800.0,20188071,0.04332129963898912,0.04240918192509361,56657.142857142855,57764.28571428572,58385.71428571428,0.02257898629367723,2400.0,-2100.0,47.181088742799716,-993.5540819032176,-756.4493706495676,-237.10471125364995,61494.252208650534,55195.747791349466,0.10795277088526983,0.4134715221437386,56233.333333333336,56120.0,57180.0,58345.0,1.029935851746258,0.9906590110549319,-2225.0,0.04332129963898912,0.04332129963898912,0.04152249134948097,0.03770197486535009,0.027769056141468493,0.020676764029163065,13945578.8,10934543.1,0.4902211776308165,1.8462656203714631,27.785346498038187,1232.4658125237381,-844471752.0,57.89473684210526,26.06813025277219,-0.0018018018018017834,0.003616636528029016,-0.02296819787985871,0.015045378121738784,0.006920415224913495,58200.0
2023-01-05,58200.0,58800.0,57600.0,58200.0,15682826,0.006920415224913601,0.006896579059060459,56700.0,57685.71428571428,58338.09523809524,0.02271031000967603,1200.0,0.0,49.11218889506434,-853.0148339975858,-775.7624633191713,-77.25237067841454,61448.82311166492,55171.17688833508,0.10765985634247706,0.4824775089123049,57133.333333333336,56440.0,57200.0,58310.0,1.0311835577604536,0.9981135311267364,-1870.0,0.006920415224913601,0.006920415224913601,0.020618556701030927,0.0,0.0239753277955141,0.020553383713218205,14149062.0,11113651.3,-0.22316371881196573,1.411131731296986,27.539717419959597,1230.1468259148999,-828788926.0,68.51851851851852,47.055784573759844,0.04332129963898912,-0.0018018018018017834,0.003616636528029016,0.016146637687366978,0.013745704467353952,59000.0
2023-01-06,58300.0,59400.0,57900.0,59000.0,17334989,0.013745704467353903,0.013652089168327263,56828.57142857143,57650.0,58342.857142857145,0.02323466326999162,1500.0,-700.0,52.82689528298402,-669.3671060487613,-754.4833918650893,85.11628581632795,61428.14052719835,55171.85947280165,0.10731185342018364,0.611887556507402,58333.333333333336,57180.0,57190.0,58300.0,1.0318293109478838,1.012006861063465,-1120.0,0.013745704467353903,0.013745704467353903,0.025423728813559324,0.012006861063464836,0.01777576132195081,0.020094402458825524,15356872.8,11331060.0,0.10534855133889764,1.5298647258067648,27.653530225435524,1249.4220526352642,-811453937.0,83.33333333333333,69.91552956465237,0.006920415224913601,0.04332129963898912,-0.0018018018018017834,0.021329139777085542,0.0288135593220339,60700.0
2023-01-09,59700.0,60700.0,59600.0,60700.0,18640107,0.028813559322034,0.028406254159733225,57414.28571428572,57735.71428571428,58414.28571428572,0.02120102977455264,1100.0,-1000.0,59.57929607804068,-382.24290772932727,-680.0352950379369,297.7923873086096,61488.09412337477,55141.90587662523,0.1088260009731552,0.8758161446316336,59300.0,58220.0,57450.0,58315.0,1.0425970456887668,1.0408985681214096,-95.0,0.028813559322034,0.028813559322034,0.018121911037891267,0.01675041876046901,0.01796433406508414,0.02099692195551292,17078604.6,11736583.75,0.07528807777149438,1.5882055116762577,27.754525084597066,1281.6061917327452,-792813830.0,100.0,83.95061728395062,0.013745704467353903,0.006920415224913601,0.04332129963898912,0.016493226338100502,-0.004942339373970346,60400.0
2023-01-10,60200.0,61100.0,59900.0,60400.0,14859797,-0.0049423393739703725,-0.004954593124683341,58142.857142857145,57864.28571428572,58414.28571428572,0.01716829147728725,1200.0,-200.0,58.00146773849299,-176.8636308952482,-579.4009622093992,402.53733131415095,61627.96250703316,55092.03749296684,0.11199323190655107,0.8121210839490363,60033.333333333336,59220.0,57700.0,58360.0,1.0199257007767646,1.0349554489376285,860.0,-0.0049423393739703725,0.0049423393739703725,0.019867549668874173,0.0033222591362126247,0.018870554845375222,0.021065878585738898,17341158.0,12027750.0,-0.2028051663008158,1.2354594167653967,27.52291432025014,1275.7771780375492,-807673627.0,89.39393939393939,90.90909090909092,0.028813559322034,0.013745704467353903,0.006920415224913601,0.012538974805139177,0.0016556291390728477,60500.0
2023-01-11,61000.0,61200.0,60300.0,60500.0,12310751,0.0016556291390728006,0.001654260096026468,58857.142857142855,58042.857142857145,58461.90476190476,0.0173539385753575,900.0,500.0,58.39697343151957,-5.961193137547525,-464.71300839502885,458.7518152574813,61755.43549609095,55044.56450390905,0.11491217452366259,0.812925103529256,60533.333333333336,59760.0,57940.0,58400.0,1.0123828647925033,1.0359589041095891,1360.0,0.0016556291390728006,0.0016556291390728006,0.01487603305785124,-0.00819672131147541,0.012917696121949056,0.02108284655173357,15765694.0,12191243.9,-0.17153975925781495,1.0098026994603888,27.33638214763117,1248.935951034867,-795362876.0,89.55223880597015,92.98205939996986,-0.0049423393739703725,0.028813559322034,0.013745704467353903,0.008508949695712142,0.0,60500.0
2023-01-12,61100.0,61200.0,59900.0,60500.0,16102561,0.0,0.0,59585.71428571428,58142.857142857145,58500.0,0.01712109425188331,1300.0,600.0,58.39697343151957,128.0046620075227,-346.16947431451854,474.17413632204125,61755.43549609095,55044.56450390905,0.11491217452366259,0.812925103529256,60466.666666666664,60220.0,58330.0,58400.0,1.0046496180670874,1.0359589041095891,1820.0,0.0,0.0,0.021487603305785124,-0.009819967266775777,0.01358185118001031,0.018401400593534463,15849641.0,12585997.7,0.3080080167326915,1.2794028239811295,27.60488752964761,1252.583383103805,-795362876.0,89.55223880597015,89.49947233529322,0.0016556291390728006,-0.0049423393739703725,0.028813559322034,-0.0010955700782991906,0.0049586776859504135,60800.0
2023-01-13,60500.0,61200.0,60400.0,60800.0,12510328,0.0049586776859504855,0.004946423935325617,60014.28571428572,58335.71428571428,58514.28571428572,0.011006277998216487,800.0,-300.0,59.71684809316935,255.4365466709569,-225.84827011742345,481.28481678838034,61978.90759311068,54971.09240688932,0.11984292751126732,0.8317724480764525,60600.0,60580.0,58880.0,58475.0,1.0036315615714757,1.039760581445062,2105.0,0.0049586776859504855,0.0049586776859504855,0.013157894736842105,0.0049586776859504135,0.013191891856407881,0.015219658077311795,14884708.8,12775712.15,-0.2230845764223467,0.9792274476065117,27.357410169079735,1220.2559985963906,-782852548.0,94.02985074626865,91.04477611940298,0.0,0.0016556291390728006,-0.0049423393739703725,0.0022047689416744287,0.004934210526315789,61100.0
2023-01-16,61300.0,61600.0,60800.0,61100.0,10039972,0.004934210526315708,0.004922077205428235,60428.57142857143,58564.28571428572,58600.0,0.011041454082031704,800.0,200.0,61.04768762574245,376.29700848223,-105.41921439749278,481.7162228797228,62226.49761498603,54883.50238501397,0.12540338536371037,0.8465888129154734,60800.0,60660.0,59440.0,58555.0,1.0072535443455324,1.04346341046879,2105.0,0.004934210526315708,0.004934210526315708,0.01309328968903437,-0.0032626427406199023,0.004104096330224844,0.015167441175299575,13164681.8,12626030.95,-0.19746532624884017,0.7951803729738205,27.142352028540664,1190.2377129823626,-772812576.0,92.95774647887323,92.179945343704,0.0049586776859504855,0.0,0.0016556291390728006,0.003297629404088731,-0.0016366612111292963,61000.0
2023-01-17,61200.0,61500.0,60600.0,61000.0,9831456,-0.0016366612111292644,-0.0016380020042383583,60714.28571428572,58771.42857142857,58671.42857142857,0.011006189847448809,900.0,200.0,60.33217930144728,458.7227605169028,7.4091805853863235,451.3135799315165,62441.39565541433,54818.60434458567,0.13001520229965308,0.8109097315353845,60966.666666666664,60780.0,60000.0,58630.0,1.0036196117143796,1.0404229916425038,2150.0,-0.0016366612111292644,0.0016366612111292644,0.014754098360655738,-0.0032679738562091504,0.0029455775006129443,0.015153537057258205,12159013.6,12732794.4,-0.020768583816767605,0.7721365547220334,27.11972674231818,1169.5064477693368,-782644032.0,91.54929577464789,92.84563099992994,0.004934210526315708,0.0049586776859504855,0.0,0.0027520756670456428,-0.009836065573770493,60400.0
2023-01-18,60700.0,61000.0,59900.0,60400.0,11584041,-0.00983606557377048,-0.009884759232541973,60671.42857142857,59042.857142857145,58714.28571428572,0.005367544174085015,1100.0,300.0,56.08474967489238,470.2104835011487,99.96944116853881,370.2410423326099,62612.55700022568,54827.44299977432,0.13258027929923974,0.7157964546058797,60833.333333333336,60760.0,60260.0,58720.0,0.9940750493745886,1.0286103542234333,2040.0,-0.00983606557377048,0.00983606557377048,0.018211920529801324,-0.004942339373970346,0.006079938030513984,0.010768029792167804,12013671.6,12847758.4,0.1782630161799026,0.9016390750311742,27.27388331689035,1164.5417015000985,-794228073.0,83.09859154929578,89.2018779342723,-0.0016366612111292644,0.004934210526315708,0.0049586776859504855,-0.0021795054195280126,0.018211920529801324,61500.0
2023-01-19,60500.0,61500.0,60400.0,61500.0,12808490,0.01821192052980125,0.01804806987170285,60828.57142857143,59485.71428571428,58852.380952380954,0.008475667241226385,1100.0,-1000.0,61.44390493852635,561.6015999873634,192.29587293230375,369.3057270550597,62962.056351764375,54827.943648235625,0.13811210974664656,0.8202561969506392,60966.666666666664,60960.0,60590.0,58895.0,1.0088582677165354,1.0442312590202902,2065.0,0.01821192052980125,0.01821192052980125,0.01788617886178862,0.01652892561983471,0.010304253771385935,0.01161338501930324,11354857.4,12970334.35,0.10570136966884003,0.9875219600641983,27.392411244061936,1159.9315799643773,-781419583.0,98.59154929577464,91.07981220657278,-0.00983606557377048,-0.0016366612111292644,0.004934210526315708,0.0022463979149671687,0.004878048780487805,61800.0
2023-01-20,62100.0,62300.0,61100.0,61800.0,9646327,0.004878048780487809,0.004866189651172906,61014.28571428572,59935.71428571428,59033.333333333336,0.0085041993898019,1200.0,300.0,62.77802122780331,650.7359322772681,283.98388480129665,366.7520474759715,63299.89461228329,54760.10538771671,0.14466862992658963,0.8243639775126398,61233.333333333336,61160.0,60870.0,59030.0,1.0104643557880968,1.0469252922242926,2130.0,0.004878048780487809,0.004878048780487809,0.019417475728155338,-0.004830917874396135,0.010301123349829255,0.011254492698599785,10782057.2,12916619.2,-0.24688023334522646,0.7468151573284749,27.11374642254612,1162.7936099669218,-771773256.0,93.58974358974359,91.75996147827134,0.01821192052980125,-0.00983606557377048,-0.0016366612111292644,0.00441796791217286,0.024271844660194174,63300.0
2023-01-25,63500.0,63700.0,63000.0,63300.0,39217,0.024271844660194164,0.023981964686485405,61414.28571428572,60500.0,59233.333333333336,0.011410723627305582,700.0,200.0,68.62395091966253,832.8128486607893,393.7496775731952,439.0631710875941,63937.98768002778,54642.01231997222,0.15678825029609642,0.9313694738511048,62200.0,61600.0,61130.0,59290.0,1.0275974025974026,1.0676336650362623,2310.0,0.024271844660194164,0.024271844660194164,0.011058451816745656,-0.0031496062992125984,0.014021531501461048,0.010217287564094351,8781906.2,12427109.7,-0.9959345147640133,0.003155761954849405,21.63250621377388,1215.451209254999,-771734039.0,95.06172839506173,95.74767376019332,0.004878048780487809,0.01821192052980125,-0.00983606557377048,0.015787271323494407,0.007898894154818325,63800.0
2023-01-26,63800.0,63900.0,63300.0,63800.0,54188,0.00789889415481837,0.007867861200613738,61842.857142857145,60928.57142857143,59504.76190476191,0.011399424349178002,600.0,0.0,70.29849292329205,1005.8609985491858,516.1719417683934,489.6890567807924,64596.261003191816,54573.738996808184,0.16820545450001897,0.9205528306463528,62966.666666666664,62160.0,61470.0,59585.0,1.0263835263835264,1.0707392800201394,2575.0,0.00789889415481837,0.00789889415481837,0.009404388714733543,0.0,0.013143942874484765,0.009728962741725562,6826452.6,12091998.55,0.3817477114516663,0.004481310494368195,21.96372323032276,1171.4904085939277,-771679851.0,98.41269841269842,95.68805679916791,0.024271844660194164,0.004878048780487809,0.01821192052980125,0.012349595865166782,0.012539184952978056,64600.0
2023-01-27,64400.0,65000.0,63900.0,64600.0,44282,0.012539184952978122,0.012461220437812033,62342.857142857145,61385.71428571428,59823.80952380953,0.01153885230159038,1100.0,-200.0,72.79983977803064,1193.7948937774272,651.6965321702002,542.098361607227,65341.2545802784,54478.7454197216,0.18131379002765483,0.9317602803070589,63900.0,63000.0,61880.0,59910.0,1.0253968253968253,1.0782840928058754,3090.0,0.012539184952978122,0.012539184952978122,0.017027863777089782,0.003105590062111801,0.007823848802954935,0.009854878896492687,4518500.8,11560861.3,-0.18280800177160994,0.0038303374507226377,21.774303243041174,1173.5268079800758,-771635569.0,94.36619718309859,95.94687466361957,0.00789889415481837,0.024271844660194164,0.004878048780487809,0.014903307922663553,-0.020123839009287926,63300.0
2023-01-30,64900.0,64900.0,63100.0,63300.0,59628,-0.020123839009287936,-0.020329081638425672,62671.42857142857,61692.857142857145,60071.42857142857,0.015583216877594862,1800.0,1600.0,63.448856503852596,1223.7283456653313,766.1028948692264,457.62545079610493,65643.04058017988,54846.95941982012,0.17920294066494735,0.7829730487037391,63900.0,63360.0,62160.0,60245.0,0.9990530303030303,1.0507096024566354,3115.0,-0.020123839009287936,0.020123839009287936,0.02843601895734597,-0.02465331278890601,0.016308612407989538,0.012931701325798706,1968728.4,10830572.2,0.34655164626710633,0.005505526291584115,22.05152114978753,1218.274893124356,-771695197.0,68.51851851851852,87.09913803810518,0.012539184952978122,0.00789889415481837,0.024271844660194164,0.00010474669950285194,-0.030015797788309637,61400.0
2023-01-31,63500.0,63700.0,61000.0,61400.0,163847,-0.03001579778830965,-0.03047549399703374,62814.28571428572,61742.857142857145,60300.0,0.020187618948872204,2700.0,2100.0,52.77850200098608,1081.6679065955686,829.2158972144948,252.45200938107382,65436.71668914881,55663.28331085119,0.16141095587609608,0.5869704603386836,63100.0,63280.0,62220.0,60550.0,0.9702907711757269,1.014037985136251,2730.0,-0.03001579778830965,0.03001579778830965,0.043973941368078175,-0.03307086614173228,0.022960655413044456,0.016936274427293237,72232.4,10273967.8,1.7478198161937346,0.015947782121723215,23.03185345876462,1324.1124007583305,-771859044.0,29.41176470588235,64.09882680249983,-0.020123839009287936,0.012539184952978122,0.00789889415481837,-0.012533483948206489,-0.006514657980456026,61000.0
2023-02-01,62600.0,62700.0,61000.0,61000.0,98585,-0.006514657980456029,-0.006535970979785533,62742.857142857145,61785.71428571428,60571.42857142857,0.01911031985269815,1700.0,1600.0,50.84006272714817,926.1314610953777,848.5990099906714,77.5324511047063,65095.27670741606,56554.72329258394,0.14041189337989504,0.5204904754410976,61900.0,62820.0,62210.0,60825.0,0.971028334925183,1.0028771064529387,1995.0,-0.006514657980456029,0.006514657980456029,0.027868852459016394,-0.025559105431309903,0.018066949207059386,0.017035875437117865,84106.0,9777324.65,-0.398310619053141,0.010083024091871593,22.517303542522104,1350.9615149898782,-771957629.0,21.568627450980394,39.83297022512709,-0.03001579778830965,-0.020123839009287936,0.012539184952978122,-0.018884764926017872,0.040983606557377046,63500.0
2023-02-02,63200.0,63900.0,62600.0,63500.0,65992,0.040983606557376984,0.04016604172533465,62985.71428571428,62000.0,60952.380952380954,0.024782985305447407,1300.0,-300.0,60.58396242343199,993.1484173434292,877.508891461223,115.63952588220616,64815.40902753677,57644.59097246323,0.11711282141227407,0.8165608139219089,61966.666666666664,62760.0,62460.0,61230.0,1.0117909496494581,1.0370733300669606,1530.0,0.040983606557376984,0.040983606557376984,0.02047244094488189,0.004746835443037975,0.028210298142409357,0.021370037570723494,86466.8,9103272.75,-0.3306081046812396,0.007249260986934616,22.156083986659986,1461.6071210620298,-771891637.0,70.58823529411765,40.52287581699347,-0.006514657980456029,-0.03001579778830965,-0.020123839009287936,0.0014843835962037681,0.0,63500.0
2023-02-03,63900.0,64000.0,63000.0,63500.0,47567,0.0,0.0,63014.28571428572,62214.28571428572,61338.09523809524,0.023143828377347755,1000.0,400.0,60.58396242343199,1034.3366489640612,908.8744429617907,125.46220600227048,64849.84001036663,58180.15998963337,0.10842363684846389,0.79761547687887,62666.666666666664,62540.0,62770.0,61515.0,1.0153501758874321,1.032268552385597,1025.0,0.0,0.0,0.015748031496062992,-0.006259780907668232,0.027289648653521983,0.020871255962674445,87123.8,8096247.55,-0.2792005091526245,0.005875190908657431,21.828689707692597,1428.6351838433134,-771891637.0,70.58823529411765,54.24836601307191,0.040983606557376984,-0.006514657980456029,-0.03001579778830965,0.011489649525640319,-0.029921259842519685,61600.0
2023-02-06,62800.0,63000.0,61600.0,61600.0,144104,-0.0299212598425197,-0.030378035359171884,62700.0,62271.42857142857,61519.04761904762,0.02549591397588828,1400.0,1200.0,51.573783125407374,903.2523671971576,907.750027808864,-4.497660611706465,64632.45206648314,58737.54793351686,0.09556462888816222,0.485580766356377,62866.666666666664,62200.0,62780.0,61685.0,0.9903536977491961,0.9986220312879954,515.0,-0.0299212598425197,0.0299212598425197,0.022727272727272728,-0.01910828025477707,0.029105848925637424,0.022983666299388802,104019.0,7319311.45,2.029495238295457,0.01968819075187735,22.906707689737658,1462.3040992830768,-772035741.0,33.333333333333336,58.16993464052289,0.0,0.040983606557376984,-0.006514657980456029,0.0036874489049524284,0.006493506493506494,62000.0
2023-02-07,61900.0,62500.0,61600.0,62000.0,32873,0.006493506493506551,0.00647251450561752,62328.57142857143,62335.71428571428,61700.0,0.024905469208666233,900.0,-100.0,53.15337587874022,822.1663644772561,890.6332951425425,-68.46693066528633,64498.81206860531,59171.18793139469,0.08615871492214144,0.5309706532875627,62366.666666666664,62320.0,62800.0,61835.0,0.9948652118100129,1.0026683916875556,485.0,0.006493506493506551,0.006493506493506551,0.014516129032258065,0.0016155088852988692,0.025666917392749143,0.023024282987156194,77824.2,6454205.65,-0.7718800310886582,0.005093268139046669,21.435296595645426,1422.139520762857,-772002868.0,41.1764705882353,48.36601307189543,-0.0299212598425197,0.0,0.040983606557376984,-0.007809251116337716,0.017741935483870968,63100.0
2023-02-08,62800.0,63300.0,62400.0,63100.0,42558,0.01774193548387104,0.01758638450207599,62300.0,62485.71428571428,61895.23809523809,0.025355322653342862,900.0,-300.0,57.280158560031715,837.0173154576405,879.9100992055621,-42.89278374792161,64619.76028348259,59290.23971651741,0.08602244479001173,0.7148410885394152,62233.333333333336,62740.0,62780.0,61955.0,1.0057379662097545,1.018481155677508,785.0,0.01774193548387104,0.01774193548387104,0.014263074484944533,0.004777070063694267,0.02589735952272055,0.022360125266976397,66618.8,5524328.2,0.2946186840264047,0.007703742149135889,21.71109917933183,1413.415269279796,-771960310.0,62.745098039215684,45.75163398692811,0.006493506493506551,-0.0299212598425197,0.0,-0.0018952726217140354,0.003169572107765452,63300.0
2023-02-09,63000.0,63300.0,62300.0,63300.0,48035,0.0031695721077653616,0.00316455960296294,62571.42857142857,62692.857142857145,62019.04761904762,0.02163085861892176,1000.0,-300.0,58.00452413059245,855.0684330011645,874.9417659646826,-19.873332963518124,64723.77791101322,59476.22208898678,0.08450170405839671,0.7286778913266708,62800.0,62700.0,62730.0,62100.0,1.0095693779904307,1.0193236714975846,600.0,0.0031695721077653616,0.0031695721077653616,0.01579778830963665,0.004761904761904762,0.01775530611298112,0.022221923909052716,63027.4,4783740.1,0.12869495746980597,0.01004130638284467,21.835325799304986,1383.8856071883818,-771912275.0,63.04347826086956,55.655015629440186,0.01774193548387104,0.006493506493506551,-0.0299212598425197,0.009135004695047652,-0.00631911532385466,62900.0
2023-02-10,62600.0,63000.0,62400.0,62900.0,44786,-0.006319115323854652,-0.006339165443735654,62842.857142857145,62792.857142857145,62138.09523809524,0.02161446735609985,600.0,-300.0,55.96077962179813,827.5578449455061,865.4649817608473,-37.90713681534123,64753.64725663572,59686.35274336428,0.08144157044794982,0.6341938973981193,63100.0,62580.0,62560.0,62220.0,1.0051134547778844,1.010928961748634,360.0,-0.006319115323854652,0.006319115323854652,0.009538950715421303,0.004792332268370607,0.017934522412054836,0.02178215436961339,62471.2,4170441.85,-0.06763818049339021,0.010738910074960042,21.75895231260829,1349.3223495320688,-771957061.0,47.5,57.76285876669508,0.0031695721077653616,0.01774193548387104,0.006493506493506551,0.00486413075592725,0.0,62900.0
2023-02-13,62900.0,63000.0,62300.0,62900.0,59395,0.0,0.0,62757.142857142855,62871.42857142857,62252.380952380954,0.014783566185171909,700.0,0.0,55.96077962179813,796.5731067828601,851.68660676525,-55.11349998238984,64755.214929959606,59924.785070040394,0.07748523997303837,0.6159317113051644,63033.333333333336,62840.0,62520.0,62340.0,1.0009548058561426,1.0089829964709656,500.0,0.0,0.0,0.011128775834658187,0.0,0.00891622512338174,0.02087881864712856,45529.4,3368283.55,0.3261956861519224,0.01763361044826526,22.04126676967984,1302.9421817083496,-771957061.0,47.5,52.68115942028985,-0.006319115323854652,0.0031695721077653616,0.01774193548387104,-0.00104984773869643,0.0047694753577106515,63200.0
2023-02-14,63600.0,63900.0,63200.0,63200.0,70606,0.004769475357710551,0.004758137446416798,62714.28571428572,62864.28571428572,62380.95238095238,0.014964597202806431,700.0,400.0,57.270337880462854,787.1511825040579,838.7795219130116,-51.62833940895371,64790.03275332858,60129.96724667142,0.07460879773706634,0.6587960510303704,63000.0,63080.0,62700.0,62460.0,1.0019023462270134,1.0118475824527697,620.0,0.004769475357710551,0.004769475357710551,0.011075949367088608,-0.006289308176100629,0.00883919102823802,0.01811877830329125,53076.0,2746297.45,0.18875326205909593,0.02570952392647781,22.218929986064985,1281.3034544434674,-771886455.0,55.0,50.0,0.0,-0.006319115323854652,0.0031695721077653616,-0.0005165466553813669,-0.015822784810126583,62200.0
2023-02-15,63900.0,63900.0,62000.0,62200.0,58370,-0.015822784810126556,-0.015949301407677953,62800.0,62750.0,62447.619047619046,0.010527515644224389,1900.0,1700.0,51.74663001210421,691.0268693795952,809.2289914063284,-118.20212202673326,64760.25230091005,60269.74769908995,0.0718308342289066,0.42985198147390297,62766.666666666664,62900.0,62820.0,62515.0,0.9888712241653418,0.9949612093097656,385.0,-0.015822784810126556,0.015822784810126556,0.03054662379421222,-0.026604068857589983,0.008407461200820773,0.018886991072287078,56238.4,2247217.35,-0.17329971957057477,0.02597434556118926,22.01266761720054,1325.4960648403628,-771944825.0,30.0,44.166666666666664,0.004769475357710551,0.0,-0.006319115323854652,-0.003684436484138668,0.024115755627009645,63700.0
2023-02-16,62500.0,63700.0,62400.0,63700.0,41448,0.02411575562700974,0.023829562832983993,63042.857142857145,62685.71428571428,62571.42857142857,0.013538945228297837,1300.0,-1200.0,58.25122986998046,727.4989674230528,792.8829866096734,-65.38401918662055,64835.598797873965,60464.401202126035,0.06977170942933647,0.740208770480059,63033.333333333336,62980.0,62840.0,62650.0,1.0114322006986345,1.0167597765363128,330.0,0.02411575562700974,0.02411575562700974,0.02040816326530612,0.0192,0.01487880035554532,0.015474324098107794,54921.0,1757716.95,-0.2899091999314717,0.023580588444572944,21.694134750433633,1337.9606316374798,-771903377.0,69.23076923076923,51.41025641025641,-0.015822784810126556,0.004769475357710551,0.0,0.004354148724864578,-0.01726844583987441,62600.0
2023-02-17,62900.0,63300.0,62400.0,62600.0,28613,-0.017268445839874413,-0.01741928447206482,62971.42857142857,62635.71428571428,62647.619047619046,0.014079877327767531,900.0,300.0,52.6465715745454,660.0340987400268,766.3132090357441,-106.27911029571726,64673.27770565392,60846.72229434608,0.060971246196746966,0.45818693764967194,62833.333333333336,62920.0,62750.0,62760.0,0.9949141767323586,0.9974506054811982,160.0,-0.017268445839874413,0.017268445839874413,0.01437699680511182,-0.0047694753577106515,0.016950952914842582,0.01645894115060186,51686.4,1179945.55,-0.30966512256321177,0.024249424051813236,21.306136996634482,1335.2491579490884,-771931990.0,53.333333333333336,50.85470085470086,0.02411575562700974,-0.015822784810126556,0.004769475357710551,-0.0029918250076637434,0.001597444089456869,62700.0
2023-02-20,62900.0,63000.0,61800.0,62700.0,29846,0.0015974440894568342,0.0015961695328221347,62885.71428571428,62728.57142857143,62757.142857142855,0.014012343603167901,1200.0,200.0,53.08846312757898,607.6324597577259,734.5770591801404,-126.94459942241451,64639.89010657373,61000.10989342627,0.05793983147321649,0.46703097633023527,63000.0,62880.0,62860.0,62820.0,0.9971374045801527,0.9980897803247374,60.0,0.0015974440894568342,0.0015974440894568342,0.019138755980861243,-0.003179650238473768,0.01698578980134731,0.013030763681632019,45776.6,541013.35,0.04309230070247794,0.05516684569798509,21.3499228336468,1325.588503809868,-771902144.0,56.666666666666664,59.743589743589745,-0.017268445839874413,0.02411575562700974,-0.015822784810126556,0.002814917958864053,-0.009569377990430622,62100.0
2023-02-21,62700.0,62800.0,62000.0,62100.0,60971,-0.009569377990430672,-0.00961545869944198,62771.42857142857,62807.142857142855,62785.71428571428,0.014258904080270687,800.0,600.0,50.06939738425805,511.78921030141646,690.0194894043957,-178.23027910297924,64624.177994147525,61045.822005852475,0.05694845210941434,0.294598412677717,62466.666666666664,62660.0,62870.0,62835.0,0.991062879029684,0.9883026975411793,-175.0,-0.009569377990430672,0.009569377990430672,0.01288244766505636,-0.009569377990430622,0.017079309845756077,0.013379805876845365,43849.6,61745.55,1.0428533136768747,0.9874557761652458,22.05465488846198,1288.046467823449,-771963115.0,20.833333333333332,43.611111111111114,0.0015974440894568342,-0.017268445839874413,0.02411575562700974,-0.008413459913616084,-0.01610305958132045,61100.0
2023-02-22,61500.0,61800.0,61000.0,61100.0,39178,-0.01610305958132041,-0.0162341227618834,62514.28571428572,62635.71428571428,62752.380952380954,0.015201008541072343,800.0,400.0,45.43206401222073,351.0939098977324,622.2343735030631,-271.14046360533075,64658.4996903637,60791.5003096363,0.06165004991195537,0.07977753808320238,61966.666666666664,62440.0,62670.0,62725.0,0.978539397821909,0.9740932642487047,-285.0,-0.01610305958132041,0.01610305958132041,0.01309328968903437,-0.0065040650406504065,0.017130700691364575,0.012725740320554506,40011.2,61743.6,-0.3574322218759738,0.6345273032346672,21.59613778932078,1274.6145772646312,-772002293.0,3.3333333333333335,26.944444444444443,-0.009569377990430672,0.0015974440894568342,-0.017268445839874413,-0.008024997827431416,0.014729950900163666,62000.0
2023-02-23,61700.0,62500.0,61500.0,62000.0,37145,0.014729950900163713,0.014622518867541963,62342.857142857145,62528.57142857143,62690.47619047619,0.016560653167391443,1000.0,-300.0,49.92703083625954,292.9868351096884,556.3848658243882,-263.39803071469976,64524.88999958497,60745.11000041503,0.06034613234086283,0.33200080424272077,61733.333333333336,62100.0,62540.0,62635.0,0.998389694041868,0.9898618982996727,-535.0,0.014729950900163713,0.014729950900163713,0.016129032258064516,0.004862236628849271,0.013480990993529621,0.013839279894362915,39150.6,60891.45,-0.05189136760426771,0.6100199617516089,21.557474116047352,1283.5706788885861,-771965148.0,34.48275862068966,19.549808429118773,-0.01610305958132041,-0.009569377990430672,0.0015974440894568342,-0.00364749555719579,-0.01129032258064516,61300.0
2023-02-24,62300.0,62600.0,61300.0,61300.0,50792,-0.011290322580645107,-0.011354542102925785,62214.28571428572,62507.142857142855,62571.42857142857,0.016032398867272583,1300.0,1000.0,46.70456370013307,188.28201201239426,482.7642950619894,-294.48228304959514,64207.63299377562,60732.36700622438,0.055630958660977226,0.16333512191842067,61466.666666666664,61840.0,62380.0,62470.0,0.991267787839586,0.9812710100848407,-630.0,-0.011290322580645107,0.011290322580645107,0.021207177814029365,-0.016051364365971106,0.012376515352051596,0.014099031302374967,43586.4,61216.95,0.36739803472876575,0.8297048448183061,21.859029263095767,1284.7442018251159,-772015940.0,10.344827586206897,16.053639846743298,0.014729950900163713,-0.01610305958132041,-0.009569377990430672,-0.004221143753933935,-0.013050570962479609,60500.0
2023-02-27,60800.0,60800.0,60200.0,60500.0,11155697,-0.013050570962479635,-0.013136477905369964,61757.142857142855,62400.0,62376.19047619047,0.011531077289241224,600.0,300.0,43.26747353803264,40.2849909303186,394.26843423565526,-353.98344330533666,64229.69526642254,60430.30473357746,0.06095604897874343,0.018343801675567577,61266.666666666664,61400.0,62140.0,62330.0,0.9853420195439739,0.9706401411840205,-930.0,-0.013050570962479635,0.013050570962479635,0.009917355371900827,-0.004934210526315789,0.012416303587129732,0.014443341473539933,2268756.6,616020.4,218.63492282249172,18.109298003767407,27.237859511108585,1271.5481874090362,-783171637.0,8.108108108108109,17.64523143833489,-0.011290322580645107,0.014729950900163713,-0.01610305958132041,-0.0032036475476536763,0.001652892561983471,60600.0
2023-02-28,60800.0,61400.0,60500.0,60600.0,13715861,0.0016528925619834212,0.0016515280384729392,61471.42857142857,62221.42857142857,62247.619047619046,0.010999786662722687,900.0,200.0,43.82398895409695,-68.14897135256615,301.784953118011,-369.93392447057715,64302.48733242298,60277.51266757702,0.06461670677229017,0.08012158069951972,60800.0,61100.0,61880.0,62290.0,0.9918166939443536,0.9728688393000482,-1190.0,0.0016528925619834212,0.0016528925619834212,0.01485148514851485,-0.003289473684210526,0.012855090645419086,0.014270736160473377,4999734.6,1293621.1,0.22949386309075992,10.602688066853577,27.446113630422307,1245.0090311655335,-769455776.0,10.81081081081081,9.754582168375272,-0.013050570962479635,-0.011290322580645107,0.014729950900163713,-0.007562666993713774,0.0033003300330033004,60800.0
2023-03-02,60900.0,61800.0,60500.0,60800.0,13095682,0.0033003300330032292,0.0032948958968524846,61200.0,62042.857142857145,62219.04761904762,0.011177564559000878,1300.0,100.0,44.986321606353904,-136.37331249894487,214.15329999461983,-350.5266124935647,64321.25864164988,60238.74135835012,0.06555101610950166,0.13747857086749057,60633.333333333336,61040.0,61740.0,62280.0,0.9960681520314548,0.9762363519588954,-1240.0,0.0033003300330032292,0.0033003300330032292,0.02138157894736842,-0.0016420361247947454,0.011446021152371238,0.013798911487665115,7611035.4,1943475.95,-0.045216191677649675,6.738278392382473,27.403138183470226,1248.9369575108526,-756360094.0,16.216216216216218,11.711711711711713,0.0016528925619834212,-0.013050570962479635,-0.011290322580645107,-0.0026991161224976614,-0.004934210526315789,60500.0
2023-03-03,61000.0,61200.0,60500.0,60500.0,10711405,-0.004934210526315819,-0.004946423935325574,60971.42857142857,61871.42857142857,62195.23809523809,0.01095120381129969,700.0,500.0,43.53133994808925,-212.20294373900106,128.88205124789567,-341.08499498689673,64233.73102143107,60026.26897856893,0.06772029684310546,0.11259305885711893,60633.333333333336,60740.0,61420.0,62130.0,0.9960487323016134,0.9737646869467246,-1390.0,-0.004934210526315819,0.004934210526315819,0.011570247933884297,-0.00819672131147541,0.00737307039835635,0.01024652942494941,9745887.4,2475746.6,-0.18206589011553576,4.326535276267773,27.197218263647958,1209.727174831506,-767071499.0,8.108108108108109,11.711711711711713,0.0033003300330032292,0.0016528925619834212,-0.013050570962479635,6.3373562236105725e-06,0.01652892561983471,61500.0
2023-03-06,61100.0,61600.0,60800.0,61500.0,13630602,0.016528925619834656,0.016393809775676352,61028.57142857143,61771.42857142857,62100.0,0.011662160471362388,800.0,-400.0,49.40547571910916,-189.4232765482884,65.22098568865886,-254.64426223694727,64047.91972090198,60012.08027909802,0.06506270259235779,0.36867663898861674,60933.333333333336,60780.0,61310.0,62030.0,1.0118460019743336,0.9914557472190876,-1250.0,0.016528925619834656,0.016528925619834656,0.013008130081300813,0.006546644844517185,0.010943572719360107,0.01130387612643283,12461849.4,3154898.35,0.2725316613460138,4.320456790628453,27.454620423771235,1201.8895194863987,-753440897.0,35.13513513513514,19.819819819819823,-0.004934210526315819,0.0033003300330032292,0.0016528925619834212,0.004965015042174022,-0.013008130081300813,60700.0
2023-03-07,61400.0,61400.0,60700.0,60700.0,11473280,-0.013008130081300862,-0.013093476747019658,60842.857142857145,61592.857142857145,61966.666666666664,0.010920855335937268,700.0,700.0,45.34187830581102,-233.23495294817985,5.529797961291109,-238.76475090947096,64081.88992758947,59888.11007241053,0.0676579794333943,0.19359383554357554,60900.0,60820.0,61110.0,61985.0,0.9980269648142058,0.979269178026942,-1165.0,-0.013008130081300862,0.013008130081300862,0.011532125205930808,-0.011400651465798045,0.010930249864997101,0.011762765258701053,12525366.0,3721357.15,-0.15827048577898462,3.0830902645288965,27.269230388657583,1173.1831252373702,-764914177.0,13.513513513513514,18.91891891891892,0.016528925619834656,-0.004934210526315819,0.0033003300330032292,-0.00047113832926067484,-0.006589785831960461,60300.0
2023-03-08,60100.0,60500.0,59900.0,60300.0,14161857,-0.00658978583196046,-0.006611594332312818,60700.0,61457.142857142855,61904.76190476191,0.010455305528992409,600.0,-200.0,43.418922432510314,-296.8112241680501,-54.938406464577135,-241.87281770347298,64128.050835668015,59671.949164331985,0.07198871843838497,0.14094176524471275,60833.333333333336,60760.0,60930.0,61900.0,0.9924292297564187,0.9741518578352181,-1140.0,-0.00658978583196046,0.00658978583196046,0.009950248756218905,0.0033277870216306157,0.011365048622713574,0.011619642775302029,12614565.2,4427806.35,0.2343337737769844,3.19839123045659,27.47315016441546,1146.5271877204152,-779076034.0,10.526315789473685,19.724988146040776,-0.013008130081300862,0.016528925619834656,-0.004934210526315819,-0.001022996764475555,-0.003316749585406302,60100.0
2023-03-09,60500.0,60800.0,59900.0,60100.0,14334499,-0.0033167495854062867,-0.003322262191977848,60642.857142857145,61200.0,61814.28571428572,0.009369378297857363,900.0,400.0,42.44953488790759,-359.1936449338391,-115.78945415842952,-243.40419077540957,64040.94326700527,59459.05673299473,0.07420059164389539,0.13988632460617711,60366.666666666664,60620.0,60830.0,61750.0,0.9914219729462224,0.9732793522267207,-1130.0,-0.0033167495854062867,0.0033167495854062867,0.014975041597337771,-0.006611570247933884,0.011130600989664395,0.0106669023191667,12862328.6,5142403.4,0.012190632909229393,2.787509630224653,27.481944827788837,1128.9181028832427,-793410533.0,5.882352941176471,9.974060748054557,-0.00658978583196046,-0.013008130081300862,0.016528925619834656,-0.007638221832889203,-0.009983361064891847,59500.0
2023-03-10,59500.0,59700.0,59100.0,59500.0,11902471,-0.009983361064891838,-0.01003352898957781,60485.71428571428,60978.57142857143,61642.857142857145,0.009857342975254294,600.0,0.0,39.59359373224453,-451.8386339106437,-182.99929010887234,-268.83934380177135,63938.32315984115,59181.67684015885,0.07726845873428041,0.06692176345421706,59966.666666666664,60420.0,60580.0,61560.0,0.9847732538894406,0.9665367121507472,-1140.0,-0.009983361064891838,0.009983361064891838,0.010084033613445379,0.0,0.011650331974801186,0.009229748285394997,13100541.8,5735125.2,-0.16966257418553654,2.0753637601494734,27.285988175120046,1119.709666963011,-805313004.0,10.256410256410257,8.888359662353471,-0.0033167495854062867,-0.00658978583196046,-0.013008130081300862,-0.0066299654940861945,0.008403361344537815,60000.0
2023-03-13,59900.0,60200.0,59300.0,60000.0,12779724,0.008403361344537785,0.00836824967051658,60371.42857142857,60785.71428571428,61485.71428571428,0.01052814374281948,900.0,-100.0,43.03314658905947,-479.38854112711124,-242.27714031252015,-237.1114008145911,63802.9301761821,59027.0698238179,0.07776374423779524,0.20371830505899685,59866.666666666664,60120.0,60450.0,61415.0,0.998003992015968,0.9769600260522674,-1295.0,0.008403361344537785,0.008403361344537785,0.015,0.001669449081803005,0.008275321874947304,0.009610910057688899,12930366.2,6371872.1,0.07370343519425515,2.0056466607357044,27.36547025164187,1104.016119322796,-792533280.0,24.324324324324323,13.487695840637016,-0.009983361064891838,-0.0033167495854062867,-0.00658978583196046,-0.0016322497685867798,-0.016666666666666666,59000.0
2023-03-14,59400.0,59500.0,59000.0,59000.0,12147346,-0.01666666666666672,-0.01680711831638129,60157.142857142855,60564.28571428572,61300.0,0.011958827799706586,500.0,400.0,38.332083368808014,-575.2821887624959,-308.8781500025153,-266.4040387599806,63731.11214614793,58708.88785385207,0.08203567939065426,0.057964783969225775,59500.0,59780.0,60300.0,61220.0,0.9869521579123453,0.9637373407383208,-1440.0,-0.01666666666666672,0.01666666666666672,0.00847457627118644,-0.006734006734006734,0.009273177834112975,0.010123094836251843,13065179.4,6976269.65,-0.04948291528048654,1.7412380268299978,27.297913990565426,1096.5863965140247,-804680626.0,0.0,11.526911526911526,0.008403361344537785,-0.009983361064891838,-0.0033167495854062867,-0.006082222129006924,0.013559322033898305,59800.0
2023-03-15,60000.0,60300.0,59600.0,59800.0,10482149,0.013559322033898313,0.01346821705086661,59914.28571428572,60471.42857142857,61152.380952380954,0.011169220276076646,700.0,200.0,43.636812409278335,-580.0389532772533,-363.11031065746295,-216.92864261979037,63454.81972187984,58645.18027812016,0.07878197287075636,0.24010525848838263,59600.0,59680.0,60220.0,61050.0,1.0020107238605898,0.9795249795249795,-1370.0,0.013559322033898313,0.013559322033898313,0.011705685618729096,-0.0033333333333333335,0.01255094314874928,0.011293320660701813,12329237.8,7496846.8,-0.1370831949629162,1.3982077104736887,27.163945213028033,1111.1159396201658,-794198477.0,22.22222222222222,15.515515515515515,-0.01666666666666672,0.008403361344537785,-0.009983361064891838,0.0017653389039231266,0.0016722408026755853,59900.0
2023-03-16,59200.0,60200.0,59100.0,59900.0,10611939,0.0016722408026756952,0.0016708441648177223,59800.0,60321.42857142857,60995.23809523809,0.010543309427692093,1100.0,-700.0,44.28201195235433,-569.1784245833696,-404.3239334426443,-164.85449114072532,63328.214090760775,58541.785909239225,0.07854973630133012,0.283763599755719,59566.666666666664,59640.0,60130.0,60935.0,1.0043594902749833,0.9830146877820628,-1295.0,0.0016722408026756952,0.0016722408026756952,0.018363939899833055,0.011824324324324325,0.012578704138878554,0.011231668288797613,11584725.8,8024525.25,0.012382002965231731,1.322438233962813,27.177922030118786,1110.3219439330112,-783586538.0,25.0,15.74074074074074,0.013559322033898313,-0.01666666666666672,0.008403361344537785,-0.00047836794336423666,0.02337228714524207,61300.0
2023-03-17,60800.0,61300.0,60600.0,61300.0,14090110,0.023372287145241977,0.02310333782076196,59942.857142857145,60321.42857142857,60952.380952380954,0.013805300267807174,700.0,-500.0,52.48290431586423,-442.5021878621483,-411.95958432654515,-30.54260353560312,62836.229433057524,58793.770566942476,0.06647141110112716,0.6199764836360853,60333.333333333336,60000.0,60210.0,60815.0,1.0216666666666667,1.0079750061662418,-815.0,0.023372287145241977,0.023372287145241977,0.011419249592169658,0.008223684210526315,0.014976647983912303,0.01357407651480501,12022253.6,8726958.35,0.3277601765332425,1.614549930790033,27.48451881272514,1131.013233652082,-769496428.0,82.14285714285714,43.12169312169312,0.0016722408026756952,0.013559322033898313,-0.01666666666666672,0.012867949993938662,-0.01794453507340946,60200.0
2023-03-20,61100.0,61200.0,60200.0,60200.0,9618009,-0.01794453507340943,-0.018107490627390328,59957.142857142855,60300.0,60785.71428571428,0.015804080221047297,1000.0,900.0,46.67048029206836,-425.96095182287536,-414.75985782581125,-11.201093997064106,62547.99189080089,58842.00810919911,0.061059128125904645,0.3664322271302403,60466.666666666664,60040.0,60080.0,60695.0,1.0026648900732844,0.9918444682428537,-655.0,-0.01794453507340943,0.01794453507340943,0.016611295681063124,-0.014729950900163666,0.018231231983212803,0.013681243404586917,11389910.6,9206428.15,-0.31739290892689975,1.0447058124273745,27.084575467863424,1128.7980026769333,-779114437.0,42.857142857142854,50.0,0.023372287145241977,0.0016722408026756952,0.013559322033898313,0.002366664291502748,0.0016611295681063123,60300.0
2023-03-21,60500.0,60700.0,60100.0,60300.0,8318514,0.0016611295681063787,0.0016597514183644708,60071.42857142857,60278.57142857143,60676.19047619047,0.015141604815310981,600.0,200.0,47.24250604969172,-400.1698301189099,-411.841852284431,11.672022165521128,62174.83551786301,58975.16448213699,0.05282164318160985,0.41405366460192944,60600.0,60300.0,60040.0,60575.0,1.0,0.9954601733388362,-275.0,0.0016611295681063787,0.0016611295681063787,0.009950248756218905,-0.003305785123966942,0.015476115887374471,0.01315196165047066,10624144.2,9620861.55,-0.13511060345233616,0.8646329600284082,26.94108157379352,1091.026716771438,-770795923.0,46.42857142857143,57.14285714285714,-0.01794453507340943,0.023372287145241977,0.0016722408026756952,0.002362960546646309,0.013266998341625208,61100.0
2023-03-22,61000.0,61200.0,60500.0,61100.0,8978591,0.013266998341625147,0.01317976244440982,60228.57142857143,60300.0,60600.0,0.015586425887660588,700.0,-100.0,51.7054431713574,-311.5851070731369,-391.79050324217224,80.20539616903534,61980.11800932368,59069.88199067632,0.04808320559516509,0.6975784769055436,60533.333333333336,60560.0,60120.0,60525.0,1.0089167767503302,1.0095002065262288,35.0,0.013266998341625147,0.013266998341625147,0.011456628477905073,0.001639344262295082,0.015433660535371303,0.01363447264144293,10323432.6,10066742.55,0.07935035031497217,0.8919062899845391,27.03062066889751,1077.381951287764,-761817332.0,80.76923076923077,56.684981684981686,0.0016611295681063787,-0.01794453507340943,0.023372287145241977,-0.001005469054559301,0.019639934533551555,62300.0
2023-03-23,60600.0,62300.0,60600.0,62300.0,15381057,0.019639934533551617,0.01944955961585788,60700.0,60428.57142857143,60609.52380952381,0.01400855550871594,1700.0,-1700.0,57.51153139890019,-142.9037986233452,-342.0131623184069,199.1093636950617,62226.91800551903,58943.08199448097,0.05420212942210217,1.0222550682297524,61233.333333333336,61040.0,60340.0,60585.0,1.0206422018348624,1.028307336799538,455.0,0.019639934533551617,0.019639934533551617,0.027287319422150885,0.028052805280528052,0.016679603821553094,0.014646675136979368,11277256.2,10833836.5,0.713081373235511,1.4197239362067169,27.588363950074548,1121.8546690529238,-746436275.0,100.0,75.73260073260073,0.013266998341625147,0.0016611295681063787,-0.01794453507340943,0.011522687481094382,0.011235955056179775,63000.0
2023-03-24,62700.0,63300.0,62300.0,63000.0,18278602,0.011235955056179803,0.011173300598125255,61157.142857142855,60535.71428571428,60700.0,0.013879363856005713,1000.0,-300.0,60.49511189302309,46.72291083019081,-264.2659476886874,310.9888585188782,62503.60488347103,58766.39511652897,0.06163453066615093,1.132825061338513,62133.333333333336,61380.0,60690.0,60635.0,1.0263929618768328,1.0390038756493774,745.0,0.011235955056179803,0.011235955056179803,0.015873015873015872,0.004784688995215311,0.01464174253407628,0.013965584699752006,12114954.6,11745909.35,0.18838399727665012,1.5561674669317962,27.77213164941623,1113.150764120572,-728157673.0,93.02325581395348,91.26416219439476,0.019639934533551617,0.013266998341625147,0.0016611295681063787,0.014714295977118855,-0.014285714285714285,62100.0
2023-03-27,62600.0,62800.0,62000.0,62100.0,11039331,-0.014285714285714235,-0.014388737452099556,61471.42857142857,60635.71428571428,60704.76190476191,0.016136975612747417,800.0,500.0,55.13444478010875,122.96351896808483,-186.82005435733294,309.78357332541776,62635.53161426481,58714.46838573519,0.06462403343270896,0.8634218366160776,62466.666666666664,61760.0,60900.0,60675.0,1.0055051813471503,1.023485784919654,1085.0,-0.014285714285714235,0.014285714285714235,0.01288244766505636,-0.007987220447284345,0.013192301316522726,0.015280433031859915,12399219.0,12295336.3,-0.39605167835045596,0.8978470153760657,27.253476267074042,1105.068566683388,-739197004.0,72.09302325581395,88.3720930232558,0.011235955056179803,0.019639934533551617,0.013266998341625147,0.005530058434672395,0.01288244766505636,62900.0
2023-03-28,62400.0,62900.0,62100.0,62900.0,11614118,0.012882447665056418,0.012800174766961816,61700.0,60821.42857142857,60780.95238095238,0.014625930501383454,800.0,-500.0,58.64263829925961,245.11255931580672,-100.433531622705,345.5460909385117,62990.18612087189,58599.81387912811,0.07221600858201796,0.9794582062964049,62666.666666666664,62280.0,61290.0,60795.0,1.0099550417469492,1.0346245579406201,1485.0,0.012882447665056418,0.012882447665056418,0.012718600953895072,0.008012820512820512,0.01315951180746234,0.01371303489441631,13058339.8,12318257.35,0.05206719501390067,0.9428377464447112,27.31703342770396,1083.277954777432,-727582886.0,90.69767441860465,85.27131782945736,-0.014285714285714235,0.011235955056179803,0.019639934533551617,0.003277562811840662,-0.003179650238473768,62700.0
2023-03-29,62500.0,62700.0,62200.0,62700.0,11216008,-0.0031796502384737746,-0.003184716067519836,62057.142857142855,61007.142857142855,60885.71428571428,0.011719619906901194,500.0,-200.0,57.433542283370365,322.06565292935556,-15.93369471229289,337.99934764164846,63251.259460935136,58548.740539064864,0.07721705947241828,0.882773579416903,62566.666666666664,62600.0,61580.0,60900.0,1.0015974440894568,1.0295566502463054,1700.0,-0.0031796502384737746,0.0031796502384737746,0.007974481658692184,0.0032,0.013728245496414304,0.013777878017298534,13505823.2,12193264.7,-0.03427810876383386,0.9198527446057987,27.27896932814545,1055.9009580076154,-738798894.0,86.04651162790698,82.94573643410853,0.012882447665056418,-0.014285714285714235,0.011235955056179803,-0.0015276389530438639,0.007974481658692184,63200.0
2023-03-30,63700.0,63700.0,63100.0,63200.0,15684377,0.00797448165869219,0.007942853513936731,62471.42857142857,61271.42857142857,61009.52380952381,0.01158841045643546,600.0,500.0,59.67214538034524,418.5723142741117,70.96750708498803,347.6048071891237,63585.02795716889,58454.97204283111,0.0840717127882297,0.9249466353587318,62933.333333333336,62780.0,61910.0,61020.0,1.0066900286715514,1.0357259914782038,1760.0,0.00797448165869219,0.00797448165869219,0.00949367088607595,-0.007849293563579277,0.011480368487752258,0.013761408254917732,13566487.2,12322699.45,0.39839210171747386,1.272803663161646,27.622235259476827,1051.9080324356428,-723114517.0,89.36170212765957,88.70196272472374,-0.0031796502384737746,0.012882447665056418,-0.014285714285714235,0.005892426361758278,0.012658227848101266,64000.0
2023-03-31,64000.0,64000.0,63700.0,64000.0,14094479,0.012658227848101333,0.012578782206860185,62885.71428571428,61557.142857142855,61161.90476190476,0.011534593624628503,300.0,0.0,63.02293168149368,553.230555335962,167.42011673518283,385.81043860077915,64069.55259676776,58320.44740323224,0.09394730277858519,0.987902013543609,63300.0,62980.0,62180.0,61195.0,1.0161956176563989,1.0458370781926627,1785.0,0.012658227848101333,0.012658227848101333,0.0046875,0.0,0.011752161368315228,0.012578299488981363,12729662.6,12491853.15,-0.10136825963823748,1.1282936831514065,27.527932080727883,1033.9146015473827,-709020038.0,100.0,91.80273791852217,0.00797448165869219,-0.0031796502384737746,0.012882447665056418,0.005817686422773249,-0.0140625,63100.0
2023-04-03,64000.0,64000.0,63000.0,63100.0,11973133,-0.014062499999999978,-0.01416231381250436,63000.0,61850.0,61285.71428571428,0.012277987442127498,1000.0,900.0,57.258954749314974,580.6325327452796,250.0625999372022,330.5699328080774,64271.75262839541,58278.24737160459,0.09781322328503979,0.8044962708478853,63433.333333333336,63180.0,62470.0,61275.0,0.9987337765115543,1.0297837617299062,1905.0,-0.014062499999999978,0.014062499999999978,0.01584786053882726,-0.0140625,0.011669216755854585,0.011851261727258365,12916423.0,12408979.7,-0.15050900427039549,0.964876507937232,27.350651829494982,1031.492130008284,-720993171.0,81.63265306122449,90.33145172962803,0.012658227848101333,0.00797448165869219,-0.0031796502384737746,0.0021900698355978485,0.00792393026941363,63600.0
2023-04-04,63400.0,63800.0,62800.0,63600.0,11120514,0.007923930269413626,0.007892700798908983,63085.71428571428,62121.42857142857,61385.71428571428,0.011918948299727011,1000.0,-200.0,59.47635606742549,635.3704633907982,327.12417262792144,308.2462907628768,64576.013474723586,58263.986525276414,0.10276826684218776,0.845372416413864,63566.666666666664,63320.0,62800.0,61420.0,1.0044219835754895,1.0354933246499511,1900.0,0.007923930269413626,0.007923930269413626,0.015723270440251572,0.0031545741324921135,0.010826729747284353,0.01183364883532788,12817702.2,12391341.4,-0.07121101887033243,0.8974423059637433,27.28467081806967,1029.2426921505494,-709872657.0,91.83673469387755,91.15646258503402,-0.014062499999999978,0.012658227848101333,0.00797448165869219,0.002173219372504994,0.0047169811320754715,63900.0
2023-04-05,63700.0,64000.0,63400.0,63900.0,9176149,0.004716981132075526,0.004705891037412714,63342.857142857145,62407.142857142855,61538.09523809524,0.009692599397120614,600.0,-200.0,60.79074439446661,694.9472413792682,400.6887863781908,294.25845500107744,64894.652765028586,58305.347234971414,0.10696924561781124,0.8490504408254452,63533.333333333336,63560.0,63080.0,61600.0,1.0053492762743863,1.0373376623376624,1960.0,0.004716981132075526,0.004716981132075526,0.009389671361502348,0.0031397174254317113,0.01040194867360946,0.011506888299315059,12409730.4,12142056.0,-0.17484488576697088,0.7557327194010636,27.097192816039048,998.5824998540817,-700696508.0,97.43589743589743,90.30176173033315,0.007923930269413626,-0.014062499999999978,0.012658227848101333,-0.00047386286617027523,-0.025039123630672927,62300.0
2023-04-06,63500.0,63600.0,62300.0,62300.0,14992747,-0.025039123630672955,-0.02535793559008169,63257.142857142855,62478.57142857143,61633.333333333336,0.01382250206858755,1300.0,1200.0,51.24425308500947,606.0692498730423,441.76487907716114,164.30437079588114,64940.05621590398,58479.94378409602,0.10468501753051293,0.5913296798202753,63266.666666666664,63380.0,63080.0,61710.0,0.98295992426633,1.0095608491330417,1670.0,-0.025039123630672955,0.025039123630672955,0.02086677367576244,-0.01889763779527559,0.016061438428682646,0.013498564426314743,12271404.4,12174968.4,0.6338822527838204,1.2314403214385345,27.562793813569826,1041.5408927216472,-715689255.0,56.41025641025641,81.89429618001047,0.004716981132075526,0.007923930269413626,-0.014062499999999978,-0.004132737409727934,0.04333868378812199,65000.0
2023-04-07,63800.0,65200.0,63800.0,65000.0,27476120,0.043338683788122,0.04242584410222966,63585.71428571428,62821.42857142857,61866.666666666664,0.02146273726351544,1400.0,-1200.0,62.06921962840697,744.9133391502401,502.3945710917769,242.51876805846314,65356.25620816006,58613.74379183994,0.10877651716254134,0.9471626915661658,63733.333333333336,63580.0,63280.0,61985.0,1.0223340673167662,1.0486408001935952,1595.0,0.043338683788122,0.043338683788122,0.021538461538461538,0.018808777429467086,0.02612957389652085,0.019100728035553353,14947732.6,12953650.85,0.8326274698025653,2.1211101270341866,28.210970370632662,1174.2879718129582,-688213135.0,96.07843137254902,83.30819507290096,-0.025039123630672955,0.004716981132075526,0.007923930269413626,0.007672180429841524,0.010769230769230769,65700.0
2023-04-10,64800.0,66300.0,64700.0,65700.0,18777166,0.010769230769230864,0.01071165559492781,63942.857142857145,63207.142857142855,62161.90476190476,0.021548203611264225,1600.0,-900.0,64.28328872904252,901.0457357161285,582.1248040166472,318.92093169948134,65889.30496380971,58650.69503619028,0.11624554243808313,0.9738478843724666,64333.333333333336,64100.0,63640.0,62270.0,1.0249609984399375,1.0550827043520155,1830.0,0.010769230769230864,0.010769230769230864,0.0243531202435312,0.013888888888888888,0.024281033154984862,0.018158742340001633,16308539.2,13253522.95,-0.31660052438262754,1.4167679092448398,27.841006319612248,1204.6959738263183,-669435969.0,89.65517241379311,80.71462006553284,0.043338683788122,-0.025039123630672955,0.004716981132075526,0.00968959697555997,0.0030441400304414,65900.0
2023-04-11,66200.0,66200.0,65400.0,65900.0,16323183,0.003044140030441511,0.0030395160178968176,64214.28571428572,63550.0,62442.857142857145,0.021329551644232076,800.0,300.0,64.91345711383624,1029.0577759234075,671.5113983979993,357.54637752540816,66237.31388683281,58992.68611316719,0.11570115425482104,0.9534394454247942,65533.333333333336,64560.0,63940.0,62615.0,1.0207558859975217,1.0524634672203146,1945.0,0.003044140030441511,0.003044140030441511,0.012139605462822459,-0.004531722054380665,0.024399814398195753,0.01799808556963305,17349073.0,13462314.8,-0.13068974306346337,1.2125093821160682,27.70399064573927,1175.78911855301,-653112786.0,92.98245614035088,92.90535330889766,0.010769230769230864,0.043338683788122,-0.025039123630672955,0.019050684862598127,0.0015174506828528073,66000.0
2023-04-12,65800.0,66200.0,65300.0,66000.0,15021313,0.0015174506828528056,0.001516300517964008,64628.57142857143,63814.28571428572,62776.19047619047,0.019854710860728916,900.0,-200.0,65.24365473378785,1125.6021632547709,762.3295513693537,363.2726118854172,66593.85899371922,59256.141006280784,0.11661053615317332,0.9190676181973941,65866.66666666667,64980.0,64270.0,62925.0,1.0156971375807942,1.0488676996424315,2055.0,0.0015174506828528056,0.0015174506828528056,0.013636363636363636,0.00303951367781155,0.024528271888219464,0.017826753116619534,18518105.8,13689273.0,-0.07975589074753375,1.0973053864876534,27.62239063826684,1156.0898957992235,-638091473.0,93.02325581395348,91.8869614560325,0.003044140030441511,0.010769230769230864,0.043338683788122,0.005110273827508394,0.0015151515151515152,66100.0
2023-04-13,65600.0,66100.0,65400.0,66100.0,15091022,0.0015151515151514694,0.0015140048312150113,64985.71428571428,64035.71428571428,63076.19047619047,0.019922071840902056,700.0,-500.0,65.59237146418334,1196.3921856567904,849.142078226841,347.25010742994937,66875.28628139754,59594.71371860246,0.11513517138918437,0.8935130067435386,66000.0,65740.0,64560.0,63235.0,1.0054761180407668,1.0453071874752906,2505.0,0.0015151515151514694,0.0015151515151514694,0.01059001512859304,0.007621951219512195,0.017913991672548847,0.017835461910271935,18537760.8,13913227.15,0.00464067288924741,1.0846528873065944,27.628534581262947,1123.5120460992791,-623000451.0,95.34883720930233,93.78484972120224,0.0015174506828528056,0.003044140030441511,0.010769230769230864,0.002025580742815262,-0.015128593040847202,65100.0
2023-04-14,66600.0,66600.0,65000.0,65100.0,16176490,-0.015128593040847238,-0.015244197643117081,65157.142857142855,64250.0,63323.80952380953,0.0214261595464242,1600.0,1500.0,59.19623859973455,1158.4482751665491,911.0033176147826,247.4449575517665,67036.60410490008,59813.39589509992,0.11388582120299812,0.7318914187919197,65733.33333333333,65760.0,64670.0,63425.0,0.989963503649635,1.0264091446590462,2335.0,-0.015128593040847238,0.015128593040847238,0.02457757296466974,-0.02252252252252252,0.009462107444789866,0.0185954856857923,16277834.8,14017546.15,0.0719280642490614,1.1540172457359807,27.68274933977152,1157.5468999493305,-639176941.0,66.66666666666667,85.01291989664082,0.0015151515151514694,0.0015174506828528056,0.003044140030441511,-0.004031996947614321,0.0030721966205837174,65300.0
2023-04-17,65000.0,65600.0,64700.0,65300.0,13486618,0.003072196620583778,0.0030674870678618796,65585.71428571429,64421.42857142857,63514.28571428572,0.017579980422870976,900.0,-300.0,60.03560591818211,1131.4728663760034,955.0972273670269,176.37563900897646,67044.58334012346,60315.416659876544,0.10567158731543518,0.7407430335698799,65500.0,65680.0,64890.0,63680.0,0.9942143727161997,1.0254396984924623,2000.0,0.003072196620583778,0.003072196620583778,0.013782542113323124,0.004615384615384616,0.007826662696099279,0.01773486319421276,15219725.2,14210976.6,-0.16628279682428015,0.9490282321624539,27.503955807792686,1139.1506928100926,-625690323.0,70.45454545454545,77.49001644350481,-0.015128593040847238,0.0015151515151514694,0.0015174506828528056,-0.003513748301703997,0.004594180704441042,65600.0
2023-04-18,65900.0,66000.0,64800.0,65600.0,14802060,0.004594180704440953,0.004583659667657893,65671.42857142857,64628.57142857143,63771.42857142857,0.007951032961976488,1200.0,300.0,61.32090472894338,1121.3756330913748,988.3529085118965,133.02272457947822,67010.23803488913,60879.76196511087,0.09587107779776781,0.7699627208657974,65333.333333333336,65620.0,65090.0,63945.0,0.9996952148735142,1.0258816170146219,1675.0,0.004594180704440953,0.004594180704440953,0.018292682926829267,-0.004552352048558422,0.008063703574063628,0.017675255388124003,14915500.6,14535153.9,0.09753683243641964,1.0183627983464283,27.601607893170826,1143.497071895086,-610888263.0,76.74418604651163,71.28846605590792,0.003072196620583778,-0.015128593040847238,0.0015151515151514694,-0.002487405238607502,-0.001524390243902439,65500.0
2023-04-19,65500.0,65800.0,65300.0,65500.0,10255985,-0.0015243902439023849,-0.0015255533088370686,65642.85714285714,64792.857142857145,64019.04761904762,0.006802382608695307,500.0,0.0,60.621034300894934,1092.7082778616314,1009.2239823818435,83.48429547978787,66992.88743913644,61337.11256086356,0.08814423561556728,0.7360419268327869,65466.666666666664,65520.0,65250.0,64165.0,0.9996947496947497,1.0208057352139017,1355.0,-0.0015243902439023849,0.0015243902439023849,0.007633587786259542,0.0,0.007951008414695914,0.01772742608215376,13962435.0,14599023.6,-0.3071244813221944,0.7025117077007808,27.23317741720785,1097.5329953311514,-621144248.0,74.4186046511628,73.87244538407329,0.004594180704440953,0.003072196620583778,-0.015128593040847238,0.002047329027040782,-0.0030534351145038168,65300.0
2023-04-20,65100.0,65300.0,64600.0,65300.0,9501169,-0.003053435114503844,-0.0030581063588208846,65557.14285714286,64885.71428571428,64219.04761904762,0.006672389860583596,700.0,-200.0,59.16657949343,1041.8411673213923,1015.7474193697533,26.09374795163899,67042.8485835437,61587.1514164563,0.08482775662112112,0.680545211699471,65466.666666666664,65360.0,65550.0,64315.0,0.9990820073439413,1.0153152452771514,1045.0,-0.003053435114503844,0.003053435114503844,0.010719754977029096,0.0030721966205837174,0.007779362596262696,0.015082583842485134,12844464.4,14305029.2,-0.07359761154096855,0.6641838242455318,27.15367271689813,1083.4234956646405,-630645417.0,69.76744186046511,73.64341085271319,-0.0015243902439023849,0.004594180704440953,0.003072196620583778,5.4517820115747755e-06,0.006125574272588055,65700.0
2023-04-21,65800.0,65900.0,65400.0,65700.0,10538622,0.006125574272588086,0.0061068892081794805,65514.28571428572,65071.42857142857,64380.95238095238,0.0072007585496591765,500.0,100.0,61.17301514012006,1022.0240161309412,1017.0027387219909,5.0212774089502545,67171.06790182096,61728.932098179044,0.08443965560344327,0.7296892332535118,65500.0,65480.0,65620.0,64450.0,1.0033598045204644,1.0193948797517456,1030.0,0.006125574272588086,0.006125574272588086,0.0076103500761035,-0.001519756838905775,0.003960263745426629,0.006883803740202096,11716890.8,13918030.2,0.10919214256687781,0.7571920629975354,27.263411556966464,1048.8932459743091,-620106795.0,79.06976744186046,74.4186046511628,-0.003053435114503844,-0.0015243902439023849,0.004594180704440953,0.0005159163047272856,-0.0076103500761035,65200.0
2023-04-24,65300.0,65700.0,64800.0,65200.0,12986581,-0.007610350076103556,-0.007639456557957614,65385.71428571428,65185.71428571428,64485.71428571428,0.007564065358162138,900.0,100.0,57.37770440383944,954.9647208548704,1004.5951351485668,-49.63041429369639,67106.76779603296,62103.23220396704,0.07744811689599752,0.6189159123687434,65400.0,65460.0,65570.0,64605.0,0.9960281087687137,1.0092098134819287,855.0,-0.007610350076103556,0.007610350076103556,0.013803680981595092,-0.0015313935681470138,0.0056516051852792785,0.006453459739599877,11616883.4,14015392.7,0.2322845434630827,0.9265941581501317,27.464641899455426,1038.2580141190015,-633093376.0,67.44186046511628,72.09302325581395,0.006125574272588086,-0.003053435114503844,-0.0015243902439023849,-0.0015127369726731048,-0.024539877300613498,63600.0
2023-04-25,65300.0,65400.0,63400.0,63600.0,16193271,-0.024539877300613466,-0.024845998586530776,65171.42857142857,65164.28571428572,64557.142857142855,0.010625819912631274,2000.0,1700.0,47.270859278802604,763.907270472133,956.4575622132801,-192.55029174114713,67059.56933967145,62220.43066032855,0.07486291273735918,0.2850857210520735,64833.333333333336,65060.0,65340.0,64640.0,0.9775591761450968,0.9839108910891089,420.0,-0.024539877300613466,0.024539877300613466,0.031446540880503145,-0.026033690658499236,0.011423556368128232,0.009721600849232105,11895125.6,14244350.35,0.24692334341117195,1.1368206062131854,27.66047509287126,1106.9538702533584,-649286647.0,30.232558139534884,58.914728682170534,-0.007610350076103556,0.006125574272588086,-0.003053435114503844,-0.008674884368042979,0.007861635220125786,64100.0
2023-04-26,63600.0,64300.0,63300.0,64100.0,12664541,0.007861635220125729,0.00783089358054784,65000.0,65292.857142857145,64614.28571428572,0.011238668600142745,1000.0,-500.0,50.221709234762216,645.3989287708755,894.2458355247992,-248.8469067539237,66968.92382388377,62451.07617611622,0.06981683893938419,0.3649799533852316,64300.0,64780.0,65150.0,64710.0,0.9895029330040136,0.9905733271519085,70.0,0.007861635220125729,0.007861635220125729,0.015600624024960999,0.007861635220125786,0.013026385388359304,0.010276799668894243,12376836.8,14316777.0,-0.2179133542568391,0.8845944167461713,27.422516242060425,1099.3143080924042,-636622106.0,24.242424242424242,40.6389476156918,-0.024539877300613466,-0.007610350076103556,0.006125574272588086,-0.008096197385530432,0.0078003120124804995,64600.0
2023-04-27,64100.0,65000.0,63300.0,64600.0,14779601,0.007800312012480548,0.007770046861931858,64857.142857142855,65264.28571428572,64704.76190476191,0.0116379051604364,1700.0,-500.0,53.05118360503138,585.0815792468638,832.4129842692122,-247.33140502234835,66925.84052971133,62634.15947028867,0.0662500935384789,0.4580583930847326,64100.0,64640.0,65000.0,64780.0,0.9993811881188119,0.9972213646187095,-140.0,0.007800312012480548,0.007800312012480548,0.02631578947368421,0.0078003120124804995,0.014131690518206237,0.010755742562124063,13432523.2,14271538.2,0.16700644737144432,1.0355997225302596,27.584728166951212,1142.2204289429467,-621842505.0,39.39393939393939,31.289640591966172,0.007861635220125729,-0.024539877300613466,-0.007610350076103556,-0.002959310022669063,0.01393188854489164,65500.0
2023-04-28,65200.0,65900.0,65000.0,65500.0,19699481,0.01393188854489158,0.013835731852650008,64857.142857142855,65250.0,64814.28571428572,0.013136812468343582,900.0,-300.0,57.71082201087657,602.9516720215397,786.5207218196776,-183.56904979813794,66990.88389197644,62719.11610802356,0.06586643718992949,0.6509913536084468,64733.333333333336,64600.0,65040.0,64855.0,1.0139318885448916,1.0099452625086731,-255.0,0.01393188854489158,0.01393188854489158,0.013740458015267175,0.004601226993865031,0.015617007338651305,0.010812302343029767,15264695.0,14551788.3,0.3328831407559649,1.3537498343073064,27.88590826980763,1153.490398304165,-602143024.0,66.66666666666667,43.43434343434344,0.007800312012480548,0.007861635220125729,-0.024539877300613466,0.00986461192583262,0.0030534351145038168,65700.0
2023-05-02,66000.0,66300.0,65100.0,65700.0,14396948,0.003053435114503733,0.0030487828493585096,64914.28571428572,65235.71428571428,64895.23809523809,0.013102610333820753,1200.0,300.0,58.69196934565334,626.035628787773,754.4237032132968,-128.38807442552377,66983.18338550536,62986.816614494644,0.061496757267226455,0.6789125075272235,65266.666666666664,64700.0,65080.0,64985.0,1.0154559505409582,1.0110025390474724,-285.0,0.003053435114503733,0.003053435114503733,0.0182648401826484,-0.004545454545454545,0.015125564220981689,0.010811840002531768,15546768.4,14672979.05,-0.2691712030382932,0.9811877977158292,27.575381002112145,1156.8125127110104,-587746076.0,72.72727272727273,59.595959595959606,0.01393188854489158,0.007800312012480548,0.007861635220125729,0.008261878557291954,-0.0045662100456621,65400.0
2023-05-03,65100.0,65600.0,64900.0,65400.0,8876749,-0.004566210045662156,-0.004576667027411867,64871.42857142857,65192.857142857145,65004.76190476191,0.013013183250614103,700.0,-300.0,56.57175118562448,613.0554168093149,726.1500459325005,-113.09462912318554,66970.0072906412,63179.9927093588,0.05824071580918014,0.585751648979154,65533.333333333336,65060.0,65060.0,65075.0,1.0052259452812788,1.0049942374183634,-15.0,-0.004566210045662156,0.004566210045662156,0.010703363914373088,0.004608294930875576,0.006877721984459691,0.010829889594937973,14083464.0,14560790.8,-0.3834284183008788,0.6096337157731845,27.087223481779475,1131.325904660224,-596622825.0,63.63636363636363,67.67676767676768,0.003053435114503733,0.01393188854489158,0.007800312012480548,0.004139704537911053,-0.0045871559633027525,65100.0
2023-05-04,65600.0,65700.0,64700.0,65100.0,9791064,-0.004587155963302725,-0.0045977092486294314,64857.142857142855,65121.42857142857,65076.19047619047,0.01278991115476754,1000.0,500.0,54.453336180034576,571.9677246118517,695.3135816683707,-123.34585705651898,66947.55852900175,63322.44147099825,0.055655439594741625,0.4903451393596443,65400.0,65260.0,65020.0,65135.0,0.9975482684646031,0.999462654486835,125.0,-0.004587155963302725,0.004587155963302725,0.015360983102918587,-0.007621951219512195,0.008020046056098944,0.010912858146292087,13508768.6,14591536.55,0.10300110997843914,0.6710097984848621,27.180660519128335,1121.9454828987793,-606413889.0,54.54545454545455,63.63636363636363,-0.004566210045662156,0.003053435114503733,0.01393188854489158,-0.0020333102981537157,0.01228878648233487,65900.0
2023-05-08,66300.0,66300.0,65400.0,65900.0,9405365,0.01228878648233489,0.012213892293937998,65185.71428571428,65178.57142857143,65171.42857142857,0.007454237825467476,900.0,400.0,58.87578171299535,597.0760258860682,675.6660705119103,-78.5900446258421,66572.022379738,64057.977620262,0.038491077998560885,0.7326927544925373,65466.666666666664,65520.0,65080.0,65315.0,1.0057997557997558,1.0089565949628723,205.0,0.01228878648233489,0.01228878648233489,0.013657056145675266,-0.006033182503770739,0.008879170326608687,0.011581121816615279,12433921.4,14312167.45,-0.0393929607650404,0.657158675152309,27.152684549600497,1127.5208055488667,-597008524.0,86.66666666666667,68.28282828282829,-0.004587155963302725,-0.004566210045662156,0.003053435114503733,0.0010451401577900032,-0.009104704097116844,65300.0
2023-05-09,65800.0,65800.0,65100.0,65300.0,9366861,-0.009104704097116834,-0.009146405226076147,65357.142857142855,65178.57142857143,65314.28571428572,0.009008067880889805,700.0,500.0,54.59425359171941,562.0802388400989,652.9489041775481,-90.86866533744922,66578.32519380088,64081.67480619913,0.038215986340146106,0.4879839002893708,65433.333333333336,65480.0,65040.0,65330.0,0.9972510690287111,0.9995407928975968,150.0,-0.009104704097116834,0.009104704097116834,0.010719754977029096,-0.007598784194528876,0.008417618656870216,0.011827471830910936,10367397.4,13406704.5,-0.004093833678969427,0.6986699080299711,27.13943590801776,1104.1264622953763,-606375385.0,66.66666666666667,69.2929292929293,0.01228878648233489,-0.004587155963302725,-0.004566210045662156,-0.0004676911926948894,-0.010719754977029096,64600.0
2023-05-10,65500.0,65500.0,64300.0,64600.0,13057727,-0.01071975497702915,-0.010777625493829266,65357.142857142855,65107.142857142855,65295.23809523809,0.009931435520511418,1200.0,900.0,50.02369428226418,472.4159585181551,616.8423150456696,-144.42635652751449,66551.30222456335,63998.697775436645,0.0391053917905278,0.23556419983874605,65266.666666666664,65260.0,64980.0,65275.0,0.9898866074164879,0.9896591344312524,-15.0,-0.01071975497702915,0.01071975497702915,0.018575851393188854,-0.013740458015267175,0.009151646420196037,0.012072133226564799,10099553.2,13120732.55,0.39403445828864125,0.9951980158302974,27.4608603135582,1110.974572131421,-619433112.0,43.333333333333336,65.55555555555556,-0.009104704097116834,0.01228878648233489,-0.004587155963302725,-0.002511890863937031,-0.006191950464396285,64200.0
2023-05-11,64700.0,65100.0,64200.0,64200.0,11648905,-0.006191950464396245,-0.006211200092640636,65171.42857142857,65014.28571428572,65223.80952380953,0.007974340571851394,900.0,500.0,47.572782902494744,364.8736766873626,566.4485873740082,-201.57491068664558,66516.49121647025,63863.50878352974,0.040696156357424705,0.1268350714623094,64700.0,65020.0,65040.0,65190.0,0.9873884958474316,0.9848136217211229,-170.0,-0.006191950464396245,0.006191950464396245,0.014018691588785047,-0.0077279752704791345,0.009234704664342541,0.009101823476756676,10653984.4,12887018.65,-0.10789182527709451,0.9039255173266937,27.340481231821595,1095.9049598363194,-631082017.0,30.0,46.66666666666668,-0.01071975497702915,-0.009104704097116834,0.01228878648233489,-0.008672136512847409,-0.001557632398753894,64100.0
2023-05-12,63700.0,64600.0,63600.0,64100.0,8693913,-0.0015576323987538387,-0.0015588467692910788,64942.857142857145,64928.57142857143,65138.09523809524,0.007585639748531211,1000.0,-400.0,46.953421997923755,268.48159061837214,506.855188022881,-238.37359740450887,66449.09709673005,63740.90290326994,0.041603720615409984,0.13259650936303838,64300.0,64820.0,65040.0,65095.0,0.9888923171860536,0.9847146478224134,-275.0,-0.0015576323987538387,0.0015576323987538387,0.015600624024960999,0.006279434850863423,0.009258262783191517,0.008792266867093624,10434554.2,12570648.65,-0.2536712248919534,0.6916041679360754,27.04633332649005,1089.0546055622967,-639775930.0,26.666666666666668,33.333333333333336,-0.006191950464396245,-0.01071975497702915,-0.009104704097116834,-0.006156445946726412,0.0062402496099844,64500.0
2023-05-15,64100.0,64600.0,63900.0,64500.0,8172021,0.006240249609984483,0.0062208598751025326,64814.28571428572,64842.857142857145,65066.666666666664,0.008390561006858296,700.0,-400.0,49.770437893543814,221.8099381071297,449.84613803973076,-228.03619993260105,66306.71448694897,63723.28551305103,0.03973589131581854,0.30065254156263677,64266.666666666664,64540.0,65030.0,65015.0,0.9993802293151534,0.9920787510574482,-475.0,0.006240249609984483,0.006240249609984483,0.010852713178294573,0.0062402496099844,0.006828063943914181,0.008651887083536662,10187885.4,12224698.6,-0.060029586217391406,0.6684844565411208,26.990647307452477,1061.2649908792755,-631603909.0,40.0,32.22222222222223,-0.0015576323987538387,-0.006191950464396245,-0.01071975497702915,-0.0005031110843885337,0.013953488372093023,65400.0
2023-05-16,65800.0,65900.0,65300.0,65400.0,12334657,0.013953488372093092,0.01385703466142628,64857.142857142855,64857.142857142855,65033.333333333336,0.010146417879040042,600.0,400.0,55.4969350345039,254.5109518022291,410.77910079223045,-156.26814899000135,66332.7905272526,63727.2094727474,0.040067369744813064,0.6420028746986203,64666.666666666664,64560.0,65020.0,65030.0,1.013011152416357,1.005689681685376,-470.0,0.013953488372093092,0.013953488372093092,0.009174311926605505,-0.0060790273556231,0.009858060886729967,0.00865578717102223,10781444.6,12032606.95,0.5093765667024106,1.025102627490047,27.4162010379524,1085.460348673613,-619269252.0,70.0,45.555555555555564,0.006240249609984483,-0.0015576323987538387,-0.006191950464396245,0.0062120351944412455,-0.0061162079510703364,65000.0
2023-05-17,65900.0,65900.0,64800.0,65000.0,10745504,-0.006116207951070374,-0.006134988567515944,64728.57142857143,64957.142857142855,65028.57142857143,0.008964411210175926,1100.0,900.0,52.62531778882863,245.32216251146747,377.68771313607783,-132.36555062461036,66311.59473033836,63718.405269661635,0.039886018006255845,0.4942156173980123,64966.666666666664,64640.0,64950.0,65015.0,1.005569306930693,0.999769284011382,-375.0,-0.006116207951070374,0.006116207951070374,0.016923076923076923,-0.013657056145675266,0.008715022071359513,0.008767332870793232,10319000.0,11895551.25,-0.12883641596195172,0.9033212311199114,27.272140541375382,1086.4988951969265,-630014756.0,56.666666666666664,55.555555555555564,0.013953488372093092,0.006240249609984483,-0.0015576323987538387,0.004692510010335734,0.018461538461538463,66200.0
2023-05-18,66000.0,66200.0,65700.0,66200.0,14431704,0.01846153846153853,0.018293193047325483,64857.142857142855,65107.142857142855,65071.42857142857,0.011055874381143844,500.0,-200.0,59.41070987768798,331.0537701895155,368.3609245467654,-37.307154357249885,66423.74847902924,63666.25152097077,0.042393680652755256,0.9188581229889095,65533.333333333336,65040.0,65030.0,65045.0,1.0178351783517836,1.0177569375048043,-5.0,0.01846153846153853,0.01846153846153853,0.0075528700906344415,0.0030303030303030303,0.010275374655159292,0.010574939246559235,10875559.8,11877033.45,0.34304579850326244,1.2150933194517526,27.58537375302253,1094.6061169685747,-615583052.0,96.66666666666667,74.44444444444444,-0.006116207951070374,0.013953488372093092,0.006240249609984483,0.00876627296085375,0.03323262839879154,68400.0
2023-05-19,67800.0,68400.0,67500.0,68400.0,20349345,0.0332326283987916,0.03269236168554231,65400.0,65378.57142857143,65204.76190476191,0.014411041493312762,900.0,-600.0,68.35843625683299,569.9482916445195,408.6783979663162,161.2698936782033,67224.33682456809,63155.6631754319,0.062412542554627824,1.2889548970538622,66533.33333333333,65900.0,65360.0,65190.0,1.0379362670713201,1.0492406810860562,710.0,0.0332326283987916,0.0332326283987916,0.013157894736842105,0.008849557522123894,0.014586820446139336,0.01434102891988638,13206646.2,12381701.45,0.41004451033640943,1.6435015076219595,27.96168738621405,1173.5628228993908,-595233707.0,100.0,84.44444444444444,0.01846153846153853,-0.006116207951070374,0.013953488372093092,0.01519265296975325,0.0014619883040935672,68500.0
2023-05-22,68400.0,69000.0,68000.0,68500.0,14470308,0.0014619883040936088,0.0014609206396748698,66014.28571428571,65592.85714285714,65347.619047619046,0.013391054181775877,1000.0,-100.0,68.69623637498809,758.5984347600388,478.6624053250607,279.9360294349781,67866.89031189473,62833.10968810527,0.0770280126058066,1.1257722049135817,67700.0,66700.0,65620.0,65350.0,1.0269865067466266,1.0482019892884469,1350.0,0.0014619883040936088,0.0014619883040936088,0.014598540145985401,0.0014619883040935672,0.015292493281084174,0.014140990368730106,14466303.6,12630158.4,-0.28890546599902844,1.1456948948478745,27.62219840805057,1161.165478406577,-580763399.0,90.74074074074075,95.80246913580248,0.0332326283987916,0.01846153846153853,-0.006116207951070374,0.017718718388141246,-0.00145985401459854,68400.0
2023-05-23,68500.0,68700.0,68100.0,68400.0,8561643,-0.0014598540145985828,-0.001460920639674871,66628.57142857143,65785.71428571429,65495.23809523809,0.013377911034377143,600.0,100.0,67.91540929915362,889.7790490555635,560.8857340711613,328.8933149844022,68346.92794789659,62623.0720521034,0.08740712981283025,1.0092720804069186,68433.33333333333,67300.0,65930.0,65485.0,1.0163447251114412,1.0445140108421775,1815.0,-0.0014598540145985828,0.0014598540145985828,0.008771929824561403,-0.00145985401459854,0.01636615101897501,0.013550158817598187,13711700.8,12531309.45,-0.40833028571333796,0.683220140254377,27.09593077256463,1121.0822299489644,-589325042.0,88.88888888888889,93.20987654320987,0.0014619883040936088,0.0332326283987916,0.01846153846153853,0.011078254229428874,0.0014619883040935672,68500.0
2023-05-24,68100.0,68700.0,68000.0,68500.0,8192896,0.0014619883040936088,0.0014609206396748698,67200.0,66007.14285714286,65628.57142857143,0.013676689873302525,700.0,-400.0,68.30339820486623,990.3931594118185,646.7872191392928,343.6059402725257,68807.94736798313,62492.05263201687,0.0962055557649087,0.9512424793545873,68466.66666666667,68000.0,66320.0,65650.0,1.0073529411764706,1.0434120335110435,2350.0,0.0014619883040936088,0.0014619883040936088,0.010218978102189781,0.005873715124816446,0.01488691739810722,0.012514861268607234,13201179.2,12291625.2,-0.043069653803598174,0.6665429401475731,27.053367019532516,1091.0049278097526,-581132146.0,90.74074074074075,90.12345679012346,-0.0014598540145985828,0.0014619883040936088,0.0332326283987916,0.0004880408645295449,0.004379562043795621,68800.0
2023-05-25,69900.0,70000.0,68700.0,68800.0,14231160,0.004379562043795637,0.004369999671118388,67685.71428571429,66271.42857142857,65800.0,0.013537753070273516,1300.0,1100.0,69.49518121914423,1081.8669705523353,733.8031694219013,348.06380113043394,69210.33491123552,62609.66508876449,0.10014671252421536,0.9378343528351328,68566.66666666667,68520.0,66780.0,65910.0,1.0040863981319323,1.043847671066606,2610.0,0.004379562043795637,0.004379562043795637,0.0188953488372093,-0.015736766809728183,0.014357946399415369,0.011801546507512051,13161070.4,12193519.65,0.7370121627322013,1.1671084648639574,27.609903508585973,1120.2188615376276,-566900986.0,81.25,86.95987654320987,0.0014619883040936088,-0.0014598540145985828,0.0014619883040936088,0.0014605654444302212,0.02180232558139535,70300.0
2023-05-26,69800.0,70400.0,69500.0,70300.0,19549511,0.021802325581395277,0.02156805387732117,68442.85714285714,66585.71428571429,66119.04761904762,0.01301523885648695,900.0,-500.0,74.63132290664946,1260.863637735907,839.2152630847025,421.64837465120456,69942.25172372059,62497.74827627941,0.11242077087649019,1.0480553577287113,69200.0,68900.0,67400.0,66220.0,1.0203193033381712,1.0616128057988523,2680.0,0.021802325581395277,0.021802325581395277,0.012802275960170697,0.0071633237822349575,0.009328284697571694,0.012222591573406811,13001103.6,12537768.15,0.37371170024087985,1.559249681930033,27.948987909094583,1154.4889428563686,-547351475.0,98.52941176470588,90.1733841684822,0.004379562043795637,0.0014619883040936088,-0.0014598540145985828,0.009214625309761507,0.02844950213371266,72300.0
2023-05-30,71300.0,72300.0,71200.0,72300.0,27476897,0.028449502133712556,0.02805233034809968,69314.28571428571,67085.71428571429,66509.52380952382,0.014355623874284051,1100.0,-1000.0,79.57045517917575,1546.2785349568148,980.6279174591251,565.6506174976897,71128.37787150544,62081.622128494564,0.13582697609805378,1.1295074346844953,70466.66666666667,69660.0,68180.0,66605.0,1.0378983634797587,1.085504091284438,3055.0,0.028449502133712556,0.028449502133712556,0.015214384508990318,0.014025245441795231,0.013334169731038709,0.013542880787207055,15602421.4,13172632.95,0.40550303278685584,2.085907737981874,28.31743550860384,1214.8825897951995,-519874578.0,100.0,93.25980392156862,0.021802325581395277,0.004379562043795637,0.0014619883040936088,0.018210463252967823,-0.012448132780082987,71400.0
2023-05-31,72400.0,72500.0,71000.0,71400.0,25666087,-0.012448132780082943,-0.012526259819180256,69742.85714285714,67571.42857142857,66833.33333333333,0.013971985989697308,1500.0,1000.0,72.71012634898423,1680.477915571988,1120.5979170816977,559.8799984902903,71867.6850480728,61932.314951927205,0.1485107637689925,0.9529272645561296,71333.33333333333,70260.0,68780.0,66900.0,1.0162254483347566,1.0672645739910314,3360.0,-0.012448132780082943,0.012448132780082943,0.02100840336134454,-0.013812154696132596,0.016431738103891133,0.015462449241123182,19023310.2,13470963.25,-0.0659030020747976,1.9052896607078191,28.236734254807452,1235.2481190955423,-545540665.0,87.64044943820225,95.38995373430271,0.028449502133712556,0.021802325581395277,0.004379562043795637,0.012601231645008296,-0.0070028011204481795,70900.0
2023-06-01,70900.0,71600.0,70600.0,70900.0,14669296,-0.007002801120448154,-0.007027435807456862,70085.71428571429,68050.0,67090.47619047618,0.01478940773162377,1000.0,0.0,69.14350769625467,1726.5830950787786,1241.794952681114,484.7881423976646,72400.08838816611,61919.911611833886,0.15604789720566153,0.8568642094326291,71533.33333333333,70740.0,69370.0,67160.0,1.0022618037885214,1.0556879094699225,3580.0,-0.007002801120448154,0.007002801120448154,0.014104372355430184,0.0,0.017750763888290024,0.015560491148426968,20318590.2,13484580.65,-0.428456079027551,1.0878570406266213,27.670292872395443,1218.444682017289,-560209961.0,82.02247191011236,89.88764044943821,-0.012448132780082943,0.028449502133712556,0.021802325581395277,0.0029995227443938197,0.018335684062059238,72200.0
2023-06-02,71700.0,72200.0,71600.0,72200.0,12161798,0.01833568406205921,0.0181696123606987,70628.57142857143,68628.57142857143,67400.0,0.0152324380977389,600.0,-500.0,72.8697689518752,1846.7329297911783,1362.7825481031268,483.9503816880515,73127.37669087973,61872.62330912028,0.16673708713717697,0.9176013316841999,71500.0,71420.0,69970.0,67500.0,1.010921310557267,1.0696296296296297,3920.0,0.01833568406205921,0.01833568406205921,0.008310249307479225,0.00697350069735007,0.018316846471177272,0.015551887526366095,19904717.8,13648833.1,-0.17093512872056027,0.8910503858384787,27.501005610295973,1224.2700618731972,-548048163.0,96.51162790697674,88.72484975176378,-0.007002801120448154,-0.012448132780082943,0.028449502133712556,-0.00037174994615729595,-0.006925207756232687,71700.0
2023-06-05,72700.0,72700.0,71400.0,71700.0,12686829,-0.006925207756232732,-0.006949298293205917,71085.71428571429,69142.85714285714,67700.0,0.0161148799279546,1300.0,1000.0,69.39850075289665,1879.9359862776182,1466.213235738025,413.7227505395931,73636.02228180756,62023.977718192444,0.1711933445911118,0.8332746424454966,71600.0,71700.0,70300.0,67830.0,1.0,1.0570544007076514,3870.0,-0.006925207756232732,0.006925207756232732,0.01813110181311018,-0.013755158184319119,0.01812608202005359,0.013611777361337807,18532181.4,13793621.35,0.04317050817650481,0.9197605674451836,27.536320953257032,1229.679343167969,-560734992.0,87.34177215189874,88.62529065632928,0.01833568406205921,-0.007002801120448154,-0.012448132780082943,0.0014692250617927745,-0.009762900976290097,71000.0
2023-06-07,71300.0,71600.0,70800.0,71000.0,14796613,-0.009762900976290068,-0.009810870564259222,71400.0,69542.85714285714,67980.95238095238,0.017279813348401722,800.0,300.0,64.74819845715558,1828.6855492082832,1538.707698432077,289.9778507762062,73981.3949735592,62188.605026440804,0.17320687298404053,0.7471849335968445,71633.33333333333,71440.0,70550.0,68085.0,0.9938409854423292,1.0428141293970772,3355.0,-0.009762900976290068,0.009762900976290068,0.011267605633802818,-0.004207573632538569,0.012450636187813148,0.014360377169107808,15996124.6,14063183.75,0.1662971889981335,1.0521524331216963,27.68034401721693,1206.130818655971,-575531605.0,78.48101265822785,87.44480423903444,-0.006925207756232732,0.01833568406205921,-0.007002801120448154,0.0005491917765121368,-0.0014084507042253522,70900.0
2023-06-08,70400.0,70900.0,70000.0,70900.0,19165568,-0.0014084507042253502,-0.0014094435032336043,71485.71428571429,69964.28571428571,68219.04761904762,0.015596871674616085,900.0,-500.0,64.08751840316347,1759.715143536203,1582.9091874529022,176.80595608330077,74236.34880943969,62493.65119056031,0.17176475709616584,0.7158788450725617,71200.0,71340.0,70800.0,68365.0,0.9938323521166246,1.0370803773860893,2975.0,-0.0014084507042253502,0.0014084507042253502,0.012693935119887164,0.007102272727272727,0.011416474290866847,0.01435834077723982,14696020.8,14553119.1,0.2952672344677798,1.3169388547091598,27.93765160623834,1191.407188751973,-594697173.0,74.28571428571429,80.0361663652803,-0.009762900976290068,-0.006925207756232732,0.01833568406205921,-0.00603218647891605,0.015514809590973202,72000.0
2023-06-09,71100.0,72300.0,70800.0,72000.0,15050209,0.015514809590973178,0.015395685477973473,71442.85714285714,70378.57142857143,68538.09523809524,0.012366059589922297,1500.0,-900.0,67.96035020122542,1773.37405483544,1621.00216092941,152.37189390602998,74539.63517145459,62930.364828545404,0.16889896476189983,0.7812407587694975,71300.0,71560.0,71150.0,68735.0,1.0061486864169928,1.0475012730050193,2825.0,0.015514809590973178,0.015514809590973178,0.020833333333333332,0.012658227848101266,0.012966551289140748,0.014797234193959667,14772203.4,14652743.2,-0.21472669111606812,1.0271256920683631,27.711323834105038,1213.4495324125464,-579646964.0,86.53846153846153,79.76839616080123,-0.0014084507042253502,-0.009762900976290068,-0.006925207756232732,0.00144781930348592,-0.013888888888888888,71000.0
2023-06-12,72100.0,72400.0,70800.0,71000.0,12064287,-0.01388888888888884,-0.01398624197473984,71385.71428571429,70564.28571428571,68842.85714285714,0.012610745340985635,1600.0,1100.0,61.47040145981785,1684.0940103566682,1633.6205308148617,50.473479541806455,74548.33247857793,63601.667521422074,0.1584750627166971,0.6758526462200366,71300.0,71320.0,71370.0,69075.0,0.9955131800336512,1.0278682591386175,2245.0,-0.01388888888888884,0.01388888888888884,0.022535211267605635,-0.015256588072122053,0.011452190123209601,0.01597591513711768,14752701.2,14673512.3,-0.19839737773741217,0.8221812714873997,27.47619531475932,1241.0602800973645,-591711251.0,63.829787234042556,74.88465435273946,0.015514809590973178,-0.0014084507042253502,-0.009762900976290068,7.248999928632927e-05,0.014084507042253521,72000.0
2023-06-13,71700.0,72200.0,71600.0,72000.0,13227285,0.014084507042253502,0.01398624197473987,71542.85714285714,70814.28571428571,69214.28571428571,0.013360784121510936,600.0,-300.0,65.06335453038847,1674.725382798002,1641.84150121149,32.88388158651219,74558.31478668767,64381.68521331233,0.14648955769937147,0.7486088327926494,71666.66666666667,71380.0,71540.0,69470.0,1.0086859064163631,1.0364185979559521,1910.0,0.014084507042253502,0.014084507042253502,0.008333333333333333,0.0041841004184100415,0.01346440879125212,0.015145832591189208,14860792.4,14900180.9,0.09640006077441621,0.8877264704886905,27.582213697611316,1238.1274029475528,-578483966.0,85.1063829787234,78.49154391707583,-0.01388888888888884,0.015514809590973178,-0.0014084507042253502,0.005236809248112613,-0.001388888888888889,71900.0
2023-06-14,72100.0,72200.0,71100.0,71900.0,12541046,-0.001388888888888884,-0.0013898542890543016,71500.0,71064.28571428571,69585.71428571429,0.011359610392469494,1100.0,200.0,64.41645245000512,1640.3228924566356,1641.5377794605192,-1.2148870038836321,74461.41468429459,65218.5853157054,0.13234291764875702,0.7228754765289407,71633.33333333333,71560.0,71500.0,69840.0,1.004751257685858,1.029495990836197,1720.0,-0.001388888888888884,0.001388888888888884,0.015299026425591099,-0.0027739251040221915,0.012273417071531076,0.012096695794472206,14409679.0,15118632.15,-0.05188056354724346,0.8295093018715982,27.527549046478768,1228.2611598798705,-591025012.0,82.97872340425532,77.30496453900709,0.014084507042253502,-0.01388888888888884,0.015514809590973178,-0.00039775691184140705,-0.005563282336578581,71500.0
2023-06-15,72100.0,72300.0,71300.0,71500.0,13614994,-0.0055632823365785455,-0.005578815027038998,71471.42857142857,71278.57142857143,69919.04761904762,0.011243049705006256,1000.0,600.0,61.77081632292336,1562.7674040985003,1625.7837043881157,-63.0163002896154,74315.8133751739,65974.1866248261,0.11891976263950084,0.6624383397331349,71800.0,71680.0,71510.0,70145.0,0.9974888392857143,1.019317128804619,1535.0,-0.0055632823365785455,0.0055632823365785455,0.013986013986013986,-0.008321775312066574,0.012742856833216826,0.011522722394723042,13299564.2,15182649.0,0.08563464323470305,0.8967469379026018,27.604134972082612,1211.9567913170226,-604640006.0,70.0,79.36170212765957,-0.001388888888888884,0.014084507042253502,-0.01388888888888884,0.0023774452722620243,0.004195804195804196,71800.0
2023-06-16,71800.0,71900.0,70900.0,71800.0,15373696,0.00419580419580412,0.004187026354216453,71585.71428571429,71492.85714285714,70223.80952380953,0.010511065069379176,1000.0,0.0,62.99825953394245,1508.1268658794725,1602.2523366863873,-94.12547080691479,73936.48328144703,67033.51671855297,0.09793525662047324,0.6904978081552069,71733.33333333333,71640.0,71600.0,70485.0,1.0022333891680626,1.0186564517273178,1155.0,0.00419580419580412,0.00419580419580412,0.013927576601671309,0.0,0.010493414384524601,0.01128674518970141,13364261.6,15414058.6,0.12917390929441463,0.9973814424190655,27.72980831008912,1196.8170205086637,-589266310.0,71.875,74.95124113475178,-0.0055632823365785455,-0.001388888888888884,0.014084507042253502,-0.0009187890098877697,-0.008356545961002786,71200.0
2023-06-19,71300.0,71700.0,70900.0,71200.0,11100887,-0.00835654596100277,-0.008391657636248401,71628.57142857143,71557.14285714286,70519.04761904762,0.011155836340044741,800.0,100.0,58.92343318382684,1400.2674485753378,1561.8553590641775,-161.58791048883973,73544.2141624535,67925.7858375465,0.07942925461097051,0.5827633589163385,71500.0,71680.0,71500.0,70735.0,0.9933035714285714,1.006573831907825,945.0,-0.00835654596100277,0.00835654596100277,0.011235955056179775,-0.001402524544179523,0.008901165939525144,0.009884520425481687,13171581.6,15247517.75,-0.2779298484892637,0.7280455207209056,27.39578367040118,1175.615804758045,-600367197.0,44.44444444444444,62.106481481481474,0.00419580419580412,-0.0055632823365785455,-0.001388888888888884,-0.003241341367259065,0.0028089887640449437,71400.0
2023-06-20,70700.0,71400.0,70400.0,71400.0,11557883,0.002808988764045006,0.0028050509276086816,71542.85714285714,71492.85714285714,70766.66666666667,0.00922045078672853,1000.0,-700.0,59.855548222119545,1315.7591592507233,1512.6361191014867,-196.87695985076334,73481.57669371014,68288.42330628986,0.07326166872286502,0.5991690330671761,71466.66666666667,71560.0,71470.0,70885.0,0.9977641140301845,1.0072652888481344,675.0,0.002808988764045006,0.002808988764045006,0.014005602240896359,0.009900990099009901,0.005348250702666379,0.009752894865697305,12837701.2,14807944.65,0.041167521117907,0.7805190573831595,27.438931421278884,1163.0718187038988,-588809314.0,51.851851851851855,56.0570987654321,-0.00835654596100277,0.00419580419580412,-0.0055632823365785455,-0.00045058433371788126,-0.012605042016806723,70500.0
2023-06-21,70700.0,71200.0,70400.0,70500.0,10626603,-0.012605042016806678,-0.012685159527315687,71471.42857142857,71428.57142857143,70866.66666666667,0.008928116152586964,800.0,200.0,53.925395073158484,1162.7596828938258,1442.6608318599547,-279.90114896612886,73337.40078933992,68632.59921066008,0.06627881353356131,0.39691382476195963,71033.33333333333,71280.0,71420.0,70985.0,0.9890572390572391,0.9931675706135099,295.0,-0.012605042016806678,0.012605042016806678,0.011347517730496455,-0.002828854314002829,0.0072276822312018684,0.010092327397364464,12454812.6,14615759.4,-0.08057530950953562,0.7270647189225077,27.34223912078486,1151.4238316536203,-599435917.0,18.51851851851852,38.2716049382716,0.002808988764045006,-0.00835654596100277,0.00419580419580412,-0.006050866404588147,0.011347517730496455,71300.0
2023-06-22,70200.0,71500.0,70100.0,71300.0,11411007,0.01134751773049647,0.0112836176020273,71371.42857142857,71457.14285714286,71000.0,0.008200325622824613,1400.0,-1100.0,57.9166037808191,1093.4551395042945,1372.8196933888228,-279.3645538845283,73144.78743818188,69115.21256181812,0.05665084881714843,0.5421880732374939,71066.66666666667,71240.0,71460.0,71130.0,1.0008422234699608,1.002389990158864,110.0,0.01134751773049647,0.01134751773049647,0.019635343618513323,0.01566951566951567,0.009767530757837819,0.010770651027431933,12014015.2,14758227.6,0.07381512229260845,0.7731963017022451,27.424740580263414,1169.1792722497903,-588024910.0,48.148148148148145,39.50617283950617,-0.012605042016806678,0.002808988764045006,-0.00835654596100277,0.0005171548259115996,0.004207573632538569,71600.0
2023-06-23,72000.0,72200.0,71600.0,71600.0,12329484,0.004207573632538653,0.004198746546349761,71328.57142857143,71414.28571428571,71152.38095238095,0.008468646949350504,600.0,400.0,59.33905137825747,1050.6273047745635,1308.381215665971,-257.7539108914075,72881.41044715709,69688.58955284291,0.04478951945450207,0.5986588381957022,71133.33333333333,71200.0,71420.0,71285.0,1.0056179775280898,1.0044188819527249,-85.0,0.004207573632538653,0.004207573632538653,0.008379888268156424,-0.005555555555555556,0.009768953214528583,0.009557875778262075,11405172.8,14965057.0,0.08049044225457047,0.8238848672611137,27.506354378066277,1149.9521813748051,-575695426.0,59.25925925925926,41.97530864197531,0.01134751773049647,-0.012605042016806678,0.002808988764045006,0.0009833497820761483,0.0111731843575419,72400.0
2023-06-26,71700.0,72500.0,71500.0,72400.0,10541901,0.011173184357541999,0.011111225425070849,71457.14285714286,71464.28571428571,71338.09523809524,0.009154129067525055,1000.0,-700.0,62.93673210346728,1068.9174364846112,1260.488459829699,-191.57102334508772,72637.0876561448,70292.9123438552,0.03280172549205331,0.8988609534014639,71766.66666666667,71440.0,71560.0,71465.0,1.0134378499440089,1.0130833275029736,-25.0,0.011173184357541999,0.011173184357541999,0.013812154696132596,0.009762900976290097,0.009756374246958553,0.00892661618542055,11293375.6,14780594.05,-0.14498441297300035,0.7132257989319448,27.36083002372091,1139.2413112766046,-565153525.0,96.0,67.80246913580247,0.004207573632538653,0.01134751773049647,-0.012605042016806678,0.008909425240192373,0.0027624309392265192,72600.0
2023-06-27,72500.0,72600.0,72000.0,72600.0,9442997,0.0027624309392264568,0.0027586224390796607,71571.42857142857,71578.57142857143,71519.04761904762,0.009107513925406326,600.0,-100.0,63.79909339048889,1087.0203324228642,1225.7948343483322,-138.77450192546803,72721.74381862622,70438.25618137378,0.03190119638519741,0.9466851422183737,72200.0,71680.0,71620.0,71580.0,1.0128348214285714,1.0142497904442582,100.0,0.0027624309392264568,0.0027624309392264568,0.008264462809917356,0.001379310344827586,0.009757085349338402,0.007878730432932959,10870398.4,14275268.35,-0.10424154049634882,0.661493484288861,27.253504167363854,1100.7240747568471,-555710528.0,100.0,85.08641975308642,0.011173184357541999,0.004207573632538653,0.01134751773049647,0.006047729643102369,0.0013774104683195593,72700.0
2023-06-28,72600.0,72700.0,72000.0,72700.0,8783093,0.0013774104683195176,0.0013764627087232354,71785.71428571429,71707.14285714286,71633.33333333333,0.008006251585742254,700.0,-100.0,64.2470257186435,1096.7930248824705,1199.99447245516,-103.2014475726894,72806.9971438516,70393.0028561484,0.03371500401820093,0.9556763061136336,72566.66666666667,72120.0,71700.0,71600.0,1.0080421519689406,1.01536312849162,520.0,0.0013774104683195176,0.0013774104683195176,0.009628610729023384,0.0013774104683195593,0.004750527246788427,0.007839533805251247,10501696.4,13340578.15,-0.06988289840608863,0.658374239950013,27.18243584500351,1072.1009265599296,-546927435.0,100.0,98.66666666666667,0.0027624309392264568,0.011173184357541999,0.004207573632538653,0.005104341921695991,-0.0041265474552957355,72400.0
2023-06-29,73100.0,73400.0,72400.0,72400.0,12229967,-0.004126547455295726,-0.0041350851478029905,71928.57142857143,71735.71428571429,71638.09523809524,0.008448774663713028,1000.0,700.0,61.77741429518801,1068.0190030217054,1173.599378568469,-105.58037554676366,72904.04608326413,70395.95391673587,0.03500477552726101,0.7990320730669815,72566.66666666667,72340.0,71790.0,71650.0,1.0008294166436273,1.0104675505931613,690.0,-0.004126547455295726,0.004126547455295726,0.013812154696132596,-0.009575923392612859,0.005516000265438298,0.0077153213403959794,10665488.4,12668772.15,0.39244421071255875,0.965363245561252,27.509361387751742,1066.9508603770776,-559157402.0,69.6969696969697,89.8989898989899,0.0013774104683195176,0.0027624309392264568,0.011173184357541999,4.431317416749477e-06,-0.0027624309392265192,72200.0
2023-06-30,72500.0,72700.0,71700.0,72200.0,11694765,-0.002762430939226568,-0.002766253492890185,72171.42857142857,71821.42857142857,71676.19047619047,0.006076711994889505,1000.0,300.0,60.118302198494746,1017.349681016567,1142.3494390580886,-124.99975804152155,72939.78784414307,70490.21215585693,0.034157089706283644,0.6979934738572355,72433.33333333333,72460.0,71830.0,71715.0,0.9964118134142975,1.0067628808478004,745.0,-0.002762430939226568,0.002762430939226568,0.013850415512465374,-0.004137931034482759,0.006017367297131539,0.007736724057912559,10538544.6,12520045.6,-0.04376152445873316,0.9340832592494711,27.46184718862334,1062.1686560644291,-570852167.0,63.63636363636363,77.77777777777779,-0.004126547455295726,0.0013774104683195176,0.0027624309392264568,-0.0018371893087342588,0.0110803324099723,73000.0
2023-07-03,72700.0,73200.0,72600.0,73000.0,10722181,0.011080332409972193,0.01101939524961048,72414.28571428571,71892.85714285714,71776.19047619047,0.006020166384684691,600.0,-300.0,64.25373824391654,1029.8754295194813,1119.8546371503671,-89.97920763088587,73093.45944436626,70416.54055563374,0.03730637431165116,0.9650869345501477,72533.33333333333,72580.0,72010.0,71755.0,1.0057867181041609,1.0173507072677863,825.0,0.011080332409972193,0.011080332409972193,0.00821917808219178,0.0041265474552957355,0.005980796472195173,0.00768277167995394,10574600.6,12448064.75,-0.08316404818737277,0.8613532477006115,27.386039864537825,1057.7280377741126,-560129986.0,87.87878787878788,73.73737373737374,-0.002762430939226568,-0.004126547455295726,0.0013774104683195176,0.0013971180051499665,0.0,73000.0
2023-07-04,73400.0,73600.0,72900.0,73000.0,10214350,0.0,0.0,72614.28571428571,71971.42857142857,71814.28571428571,0.006131527120548199,700.0,400.0,64.25373824391654,1027.952578010154,1101.4742253223244,-73.52164731217044,73268.919742793,70371.080257207,0.04034864223873586,0.9071999176867372,72733.33333333333,72660.0,72170.0,71820.0,1.0046793283787503,1.016429963798385,840.0,0.0,0.0,0.009589041095890411,-0.005449591280653951,0.005981810280621253,0.007722537708349135,10728871.2,12324440.8,-0.047362658772501565,0.8287881102078075,27.33751887242728,1032.1760350759619,-560129986.0,82.85714285714286,78.12409812409813,0.011080332409972193,-0.002762430939226568,-0.004126547455295726,0.002772633823581875,-0.0136986301369863,72000.0
2023-07-05,73000.0,73300.0,71900.0,72000.0,12310610,-0.013698630136986356,-0.013793322132335873,72557.14285714286,72007.14285714286,71828.57142857143,0.0075449071369449346,1400.0,1000.0,55.857100139323805,934.9594313517155,1068.1712665282025,-133.21183517648706,73267.89315155364,70472.10684844636,0.038900602519928724,0.5464985467077781,72666.66666666667,72520.0,72320.0,71870.0,0.9928295642581357,1.0018088214832337,650.0,-0.013698630136986356,0.013698630136986356,0.019444444444444445,-0.0136986301369863,0.008902359135223789,0.007960285220925662,11434374.6,12200140.65,0.20522696011004116,1.0090547603645865,27.51039344814101,1058.449175427679,-572440596.0,54.285714285714285,75.00721500721501,0.0,0.011080332409972193,-0.002762430939226568,-0.000872765909004721,-0.005555555555555556,71600.0
2023-07-06,71900.0,72400.0,71500.0,71600.0,14777667,-0.005555555555555536,-0.00557104504945536,72414.28571428571,71992.85714285714,71857.14285714286,0.007548545950658457,900.0,300.0,52.88032632316227,819.5379126722983,1018.4445957570217,-198.90668308472345,73233.98853505908,70576.01146494092,0.036965121620445796,0.3852510793155782,72200.0,72360.0,72350.0,71905.0,0.9894969596462134,0.9957582921910855,455.0,-0.005555555555555536,0.005555555555555536,0.012569832402234637,-0.004172461752433936,0.00901389196815548,0.007572132311011379,11943914.6,11980745.6,0.20040087371787418,1.233451363828308,27.687477965530793,1047.1313771828447,-587218263.0,42.857142857142854,60.0,-0.013698630136986356,0.0,0.011080332409972193,-0.006418061897513964,-0.023743016759776536,69900.0
2023-07-07,71100.0,71400.0,69800.0,69900.0,17308877,-0.023743016759776525,-0.024029424726835346,72014.28571428571,71900.0,71809.52380952382,0.010988741477560144,1600.0,1200.0,42.51115654229974,584.1559488901694,931.5868663836513,-347.43091749348196,73401.31524888714,70198.68475111286,0.044604881584600055,-0.0932623202459458,71166.66666666667,71900.0,72180.0,71800.0,0.972183588317107,0.9735376044568245,100.0,-0.023743016759776525,0.023743016759776525,0.022889842632331903,-0.016877637130801686,0.013240883256710278,0.010587507083545881,13066737.0,12093679.0,0.17128617122039635,1.431233374062599,27.821550977476257,1100.9077073840701,-604527140.0,2.6315789473684212,33.258145363408524,-0.005555555555555536,-0.013698630136986356,0.0,-0.014332400817439472,-0.005722460658082976,69500.0
2023-07-10,70000.0,70400.0,69200.0,69500.0,11713926,-0.005722460658083017,-0.005738896669018167,71600.0,71764.28571428571,71690.47619047618,0.010969547158885574,1200.0,500.0,40.4988757592349,361.17400064045796,817.5042932350127,-456.33029259455475,73601.02603505741,69848.97396494259,0.05231163569347954,-0.09300882781509769,70333.33333333333,71200.0,71890.0,71725.0,0.976123595505618,0.9689787382363193,-525.0,-0.005722460658083017,0.005722460658083017,0.017266187050359712,-0.007142857142857143,0.009223244430255432,0.009479994743247526,13265086.0,12076160.95,-0.3232417100196622,0.9700041303275277,27.425370979938773,1107.985728285208,-616241066.0,6.818181818181818,17.4356345408977,-0.023743016759776525,-0.005555555555555536,-0.013698630136986356,-0.011673677657805026,0.02877697841726619,71500.0
2023-07-11,70200.0,71500.0,70100.0,71500.0,12177392,0.02877697841726623,0.028370697129215566,71500.0,71835.71428571429,71714.28571428571,0.017050924966286254,1400.0,-1300.0,52.584313599993415,341.9012605514872,722.3836866983077,-380.48242614682044,73573.92074201956,69826.07925798044,0.05227115040500864,0.4466359500924099,70300.0,70900.0,71780.0,71700.0,1.008462623413258,0.99721059972106,-800.0,0.02877697841726623,0.02877697841726623,0.019580419580419582,0.018518518518518517,0.019770978846993126,0.014030831285727541,13657694.4,12023666.3,0.0395653856785505,1.0127852600167389,27.492544404491316,1171.7010334076933,-604063674.0,52.27272727272727,20.574162679425836,-0.005722460658083017,-0.023743016759776525,-0.005555555555555536,-0.00022949966686443743,0.005594405594405594,71900.0
2023-07-12,71200.0,72000.0,71100.0,71900.0,10375581,0.005594405594405494,0.005578815027038934,71342.85714285714,71878.57142857143,71709.52380952382,0.016506197858445565,900.0,-700.0,54.571682761085476,354.8140566578222,648.8697606902106,-294.05570403238835,73573.92074201956,69826.07925798044,0.05227115040500864,0.55336404990759,70966.66666666667,70880.0,71700.0,71700.0,1.014390519187359,1.00278940027894,-820.0,0.005594405594405494,0.005594405594405494,0.012517385257301807,0.009831460674157303,0.019278673776981045,0.014187329241173939,13270688.6,11915393.05,-0.1479636197964227,0.8707711912197474,27.337997166223573,1152.2938167357152,-593688093.0,61.36363636363637,40.151515151515156,0.02877697841726623,-0.005722460658083017,-0.023743016759776525,0.009549641117862903,0.0,71900.0
2023-07-13,72400.0,72600.0,71900.0,71900.0,14417279,0.0,0.0,71185.71428571429,71900.0,71709.52380952382,0.016506197858445565,700.0,500.0,54.57168276108547,360.8874546709558,591.2732994863596,-230.38584481540386,73593.47130665106,69846.52869334894,0.05224404089936027,0.5480391664822881,71766.66666666667,70940.0,71650.0,71720.0,1.0135325627290668,1.0025097601784718,-780.0,0.0,0.0,0.009735744089012517,-0.006906077348066298,0.01904649362559563,0.014146747456404329,13198611.0,11955507.3,0.3895394388034752,1.205911103412567,27.6669695194706,1119.987115540307,-593688093.0,61.36363636363637,58.333333333333336,0.005594405594405494,0.02877697841726623,-0.005722460658083017,0.011457128003890574,0.02086230876216968,73400.0
2023-07-14,72500.0,73400.0,72400.0,73400.0,15882519,0.020862308762169768,0.02064767089346898,71385.71428571429,71971.42857142857,71800.0,0.017562982741167202,1000.0,-900.0,61.57591685261601,481.1912570496788,569.2568909990235,-88.06563394934471,73818.85845806162,69781.14154193838,0.05623561164517034,0.8962635403217476,72400.0,71640.0,71770.0,71800.0,1.0245672808486879,1.0222841225626742,-160.0,0.020862308762169768,0.020862308762169768,0.013623978201634877,0.012413793103448275,0.014466529667907888,0.01563990431310679,12913339.4,11980948.45,0.10163082784206368,1.325647887250529,27.784408843010794,1147.1308930017137,-577805574.0,95.45454545454545,72.72727272727273,0.0,0.005594405594405494,0.02877697841726623,0.008818904785525087,-0.0013623978201634877,73300.0
2023-07-17,73200.0,73500.0,72800.0,73300.0,10060049,-0.0013623978201634523,-0.0013633267278640533,71628.57142857143,72021.42857142857,71871.42857142857,0.017300728187927557,700.0,-100.0,60.901765654643306,561.9855038472451,567.8026135686679,-5.817109721422753,74009.10626107556,69800.89373892444,0.05852461612059138,0.8314946649336318,72866.66666666667,72400.0,71800.0,71905.0,1.0124309392265194,1.0194005980112648,495.0,-0.0013623978201634523,0.0013623978201634523,0.009549795361527967,0.001366120218579235,0.01337984147415228,0.015307384022190437,12582564.0,11928906.55,-0.3665961299967593,0.8433337085702963,27.32639848127545,1115.19297207302,-587865623.0,93.18181818181819,83.33333333333333,0.020862308762169768,0.0,0.005594405594405494,0.0064999703140021054,-0.017735334242837655,72000.0
2023-07-18,73200.0,73500.0,72000.0,72000.0,11697900,-0.017735334242837686,-0.01789448987655053,71928.57142857143,71971.42857142857,71909.52380952382,0.015770133276929433,1500.0,1200.0,52.80761937803919,515.1777427473717,557.2776394044087,-42.09989665703699,74025.85729080896,69844.14270919104,0.05813184933089471,0.5155438633439328,72900.0,72500.0,71700.0,71935.0,0.993103448275862,1.0009035935219295,565.0,-0.017735334242837686,0.017735334242837686,0.020833333333333332,-0.01639344262295082,0.013893348995913058,0.016364613264219657,12486665.6,11935907.4,0.16280745749846748,0.9800595470437379,27.459341294478126,1142.6791883535186,-599563523.0,63.63636363636363,84.09090909090908,-0.0013623978201634523,0.020862308762169768,0.0,0.0005881922330562098,-0.004166666666666667,71700.0
2023-07-19,72700.0,72800.0,71300.0,71700.0,10896412,-0.004166666666666652,-0.0041753714104806215,72242.85714285714,71921.42857142857,71923.80952380953,0.015615745346512826,1500.0,1000.0,51.11917188197862,448.702400087961,535.5625915411191,-86.86019145315811,73978.5905774504,70011.4094225496,0.0551035648989626,0.4256398968230692,72333.33333333333,72460.0,71670.0,71995.0,0.9895114545956389,0.9959024932286964,465.0,-0.004166666666666652,0.004166666666666652,0.02092050209205021,-0.013755158184319119,0.013854974190542413,0.015828305849638392,12590831.8,11949397.85,-0.06851554552526518,0.9118795889786195,27.38419014528668,1168.2021034711245,-610459935.0,56.81818181818182,71.2121212121212,-0.017735334242837686,-0.0013623978201634523,0.020862308762169768,-0.00775479957655593,-0.009762900976290097,71000.0
2023-07-20,71100.0,71500.0,70800.0,71000.0,9732730,-0.009762900976290068,-0.009810870564259222,72171.42857142857,71835.71428571429,71947.61904761905,0.01215300125039465,700.0,100.0,47.31750324378592,335.666705410782,495.5834143150517,-159.91670890426968,73990.0798622528,69969.9201377472,0.05585106591422047,0.25622859111138346,71566.66666666667,72280.0,71610.0,71980.0,0.9822910902047592,0.9863851069741595,300.0,-0.009762900976290068,0.009762900976290068,0.009859154929577466,-0.0014064697609001407,0.01444569210063274,0.016037904106135814,11653922.0,11865484.0,-0.10679497067475052,0.8202556254763818,27.2614401463727,1149.0448103660442,-620192665.0,40.90909090909091,53.78787878787879,-0.004166666666666652,-0.017735334242837686,-0.0013623978201634523,-0.010554967295264802,-0.009859154929577466,70300.0
2023-07-21,70400.0,70400.0,69400.0,70300.0,16528926,-0.009859154929577452,-0.009908078224696188,71942.85714285714,71642.85714285714,71900.0,0.012164871022334373,1000.0,100.0,43.80887590162914,187.4402585222706,433.95478315649547,-246.51452463422487,74056.59311089531,69773.40688910469,0.05955901024529815,0.12294424842335298,71000.0,71660.0,71650.0,71915.0,0.9810214903711973,0.9775429326287979,-255.0,-0.009859154929577452,0.009859154929577452,0.01422475106685633,-0.0014204545454545455,0.006293387259532055,0.014334426574674514,11783203.4,12075456.1,0.6982825990241175,1.3688034524840846,27.781149572709232,1181.2558953398982,-636721591.0,25.0,40.909090909090914,-0.009762900976290068,-0.004166666666666652,-0.017735334242837686,-0.007929574190844724,0.001422475106685633,70400.0
2023-07-24,70100.0,70900.0,69900.0,70400.0,13418597,0.0014224751066855834,0.0014214643473774466,71728.57142857143,71457.14285714286,71842.85714285714,0.012239119182070827,1000.0,-300.0,44.442663133782055,77.14956356947368,362.5937392390911,-285.44417566961744,74046.14320472772,69583.85679527228,0.062135854758134636,0.18289798767697624,70566.66666666667,71080.0,71740.0,71815.0,0.9904333145751266,0.9802965954187843,-735.0,0.0014224751066855834,0.0014224751066855834,0.014204545454545454,0.0042796005706134095,0.007155704499488378,0.014157790214616292,12454913.0,12219290.9,-0.18817490017197724,1.0981485840557246,27.5741006807352,1168.3090456727625,-623302994.0,27.906976744186046,31.272022551092316,-0.009859154929577452,-0.009762900976290068,-0.004166666666666652,-0.006066526933060645,-0.005681818181818182,70000.0
2023-07-25,70000.0,70500.0,69800.0,70000.0,14314945,-0.005681818181818232,-0.005698021114637779,71242.85714285714,71314.28571428571,71728.57142857143,0.006416929823208903,700.0,0.0,42.38338015410549,-42.04855428323208,281.6652805346265,-323.7138348178586,74023.93813063751,69346.06186936249,0.06525599862279458,0.13979380687151252,70233.33333333333,70680.0,71590.0,71685.0,0.9903791737408036,0.9764943851572854,-1005.0,-0.005681818181818232,0.005681818181818232,0.01,0.0,0.004659559487617503,0.010457918149288006,12978322.0,12462888.3,0.06679893583509511,1.1486057369221547,27.63306517541582,1134.8583995532795,-637617939.0,18.6046511627907,23.83720930232558,0.0014224751066855834,-0.009859154929577452,-0.009762900976290068,-0.0047061660015700335,-0.002857142857142857,69800.0
2023-07-26,69800.0,70600.0,68100.0,69800.0,30016221,-0.0028571428571428914,-0.002861232281032235,70742.85714285714,71185.71428571429,71595.23809523809,0.0062285791312146396,2500.0,0.0,41.35165611430334,-150.91262320731767,195.14969978623768,-346.0623229935553,73971.72020551245,69108.27979448755,0.06798211365704364,0.14222857628611935,70066.66666666667,70300.0,71380.0,71540.0,0.9928876244665719,0.9756779424098406,-1240.0,-0.0028571428571428914,0.0028571428571428914,0.03581661891117478,0.0,0.004795753487689317,0.010105359052977448,16802283.8,13524544.7,1.0968450105815983,2.219388649733991,28.370637782251798,1232.3685138709025,-667634160.0,31.48148148148148,25.997703129486073,-0.005681818181818232,0.0014224751066855834,-0.009859154929577452,-0.00237216197742518,0.027220630372492838,71700.0
2023-07-27,69900.0,71700.0,69300.0,71700.0,24261179,0.027220630372492893,0.02685673783724794,70700.0,71314.28571428571,71547.61904761905,0.01273659695748271,2400.0,-1800.0,53.04541760204889,-82.91823135915911,139.53611355715833,-222.45434491631744,73904.53942949204,69105.46057050796,0.06711529066476583,0.540632797611765,70500.0,70440.0,71360.0,71505.0,1.0178875638841567,1.0027270820222363,-1065.0,0.027220630372492893,0.027220630372492893,0.03347280334728033,0.02575107296137339,0.014659838423164626,0.013922708284729534,19707973.6,14126105.3,-0.19173106434684095,1.7174711985192408,28.184634085403673,1315.7707628801236,-643372981.0,66.66666666666667,38.917599770312954,-0.0028571428571428914,-0.005681818181818232,0.0014224751066855834,0.006227223111177256,-0.015341701534170154,70600.0
2023-07-28,71800.0,72400.0,70100.0,70600.0,19420683,-0.015341701534170138,-0.015460603106378265,70542.85714285714,71392.85714285714,71461.90476190476,0.013923991814741915,2300.0,1200.0,47.180225292662065,-116.45062257375685,88.3387663309753,-204.78938890473216,73833.64670455657,69016.35329544343,0.06744548000158393,0.32874200719447494,70700.0,70500.0,71080.0,71425.0,1.001418439716312,0.9884494224711236,-925.0,-0.015341701534170138,0.015341701534170138,0.032577903682719546,-0.016713091922005572,0.015923756701382335,0.012471000790393039,20286325.0,14512401.2,-0.19951610760548777,1.3382129347416334,27.94663461361898,1386.072851245829,-662793664.0,46.2962962962963,48.148148148148145,0.027220630372492893,-0.0028571428571428914,-0.005681818181818232,0.003007261993726621,-0.0113314447592068,69800.0
2023-07-31,70900.0,71000.0,69800.0,69800.0,13035420,-0.011331444759206777,-0.011396134730869582,70371.42857142857,71271.42857142857,71347.61904761905,0.014080260257628313,1200.0,1100.0,43.42006118176213,-205.2130302481528,29.628407015149676,-234.84143726330245,73658.21409076024,68871.78590923976,0.06716379964246809,0.19392625472662617,70700.0,70380.0,70730.0,71265.0,0.9917590224495595,0.9794429242966393,-885.0,-0.011331444759206777,0.011331444759206777,0.017191977077363897,-0.015514809590973202,0.016825618462093853,0.012650551401078474,20209689.6,14628063.15,-0.32878673731505736,0.8911241267098303,27.536570114525833,1372.7819332996985,-675829084.0,31.48148148148148,48.148148148148145,-0.015341701534170138,0.027220630372492893,-0.0028571428571428914,0.0001824946930386595,0.01862464183381089,71100.0
2023-08-01,70100.0,71200.0,70000.0,71100.0,12299254,0.018624641833810962,0.018453327040868477,70485.71428571429,71214.28571428571,71257.14285714286,0.015572918846791566,1200.0,-1000.0,50.34544618323591,-168.71391340903938,-10.040057069688132,-158.67385633935123,73419.77191826492,68920.22808173508,0.06322247908570791,0.48444286742320397,70500.0,70600.0,70640.0,71170.0,1.0070821529745042,0.9990164395110299,-570.0,0.018624641833810962,0.018624641833810962,0.016877637130801686,0.014265335235378032,0.018751913092349793,0.01370397738692925,19806551.4,14732308.35,-0.056474283145460547,0.8348490750941959,27.496891783889307,1374.7260809211487,-663529830.0,55.55555555555556,44.444444444444436,-0.011331444759206777,-0.015341701534170138,0.027220630372492893,-0.0026828348198553176,-0.016877637130801686,69900.0
2023-08-02,70700.0,71000.0,69800.0,69900.0,13835020,-0.016877637130801704,-0.017021687569430635,70414.28571428571,71071.42857142857,71109.52380952382,0.017097008361754113,1200.0,800.0,44.88413542104842,-233.9215692939615,-54.81635951454281,-179.10520977941871,73347.45020698619,68782.54979301381,0.06423556482054997,0.24479180390570338,70266.66666666667,70620.0,70460.0,71065.0,0.989804587935429,0.9836065573770492,-445.0,-0.016877637130801704,0.016877637130801704,0.017167381974248927,-0.011315417256011316,0.020829133125102064,0.014574329943550948,16570311.2,14808528.85,0.12486659760014707,0.934260259080361,27.597534545034016,1369.3885037124953,-677364850.0,33.333333333333336,40.12345679012345,0.018624641833810962,-0.011331444759206777,-0.015341701534170138,-0.0031948133520658395,-0.015736766809728183,68800.0
2023-08-03,69900.0,70200.0,68500.0,68800.0,20087090,-0.01573676680972813,-0.015861904300466544,70242.85714285714,70742.85714285714,70957.14285714286,0.017969986974691966,1700.0,1100.0,40.54259037421065,-370.09370345684874,-117.87182830300401,-252.22187515384473,73404.28257874452,68445.71742125548,0.06991279742670478,0.07144860811386877,69933.33333333333,70040.0,70240.0,70925.0,0.9822958309537407,0.9700387733521325,-885.0,-0.01573676680972813,0.01573676680972813,0.024709302325581394,-0.015736766809728183,0.015103416588342833,0.015023158522414199,15735493.4,15074000.0,0.4519017681217663,1.3325653443014462,27.95454690203859,1393.0036105901743,-697451940.0,12.962962962962964,33.95061728395061,-0.016877637130801704,0.018624641833810962,-0.011331444759206777,-0.004663254035572957,-0.007267441860465116,68300.0
2023-08-04,68800.0,69100.0,68200.0,68300.0,12360193,-0.007267441860465129,-0.007293978362553611,70028.57142857143,70385.71428571429,70800.0,0.01806392060482853,900.0,500.0,38.70971303502365,-512.4497207815439,-196.787406798712,-315.66231398283185,73555.97185914121,68134.02814085879,0.07653248243746798,0.03061113647889108,69000.0,69580.0,70040.0,70845.0,0.9816039091693015,0.9640765050462277,-1265.0,-0.007267441860465129,0.007267441860465129,0.013177159590043924,-0.007267441860465116,0.014561860239546132,0.014914443443622197,14323395.4,14826565.8,-0.3846698053326788,0.8336517819925636,27.461656670318707,1357.7890669765904,-709812133.0,3.7037037037037037,16.66666666666666,-0.01573676680972813,-0.016877637130801704,0.018624641833810962,-0.013293948600331654,0.0029282576866764276,68500.0
2023-08-07,67700.0,69200.0,67600.0,68500.0,10968505,0.002928257686676483,0.002923978691435282,69571.42857142857,70135.71428571429,70733.33333333333,0.013004630520238232,1600.0,-800.0,39.88051074802999,-602.1879141751851,-277.86750827400664,-324.3204059011785,73643.80399650964,67946.19600349036,0.0804803728090865,0.09719938563484208,68533.33333333333,69320.0,69850.0,70795.0,0.9881708020773226,0.967582456388163,-1475.0,0.002928257686676483,0.002928257686676483,0.02335766423357664,0.011816838995568686,0.014778177307305152,0.014969116992543047,13910012.4,14789294.75,-0.11259435835670206,0.7416516598940596,27.34512756645027,1375.089847906834,-698843628.0,17.307692307692307,11.324786324786322,-0.007267441860465129,-0.01573676680972813,-0.016877637130801704,-0.006691983661172259,-0.013138686131386862,67600.0
2023-08-08,69000.0,69100.0,67400.0,67600.0,14664709,-0.013138686131386912,-0.01322576221926125,69142.85714285714,69842.85714285714,70642.85714285714,0.01277401468676936,1700.0,1400.0,36.50143913829409,-737.427947014352,-369.77959602207574,-367.6483509922762,73762.27766016885,67437.72233983115,0.08958293654869272,0.025658350974814136,68133.33333333333,68620.0,69610.0,70600.0,0.9851355290002914,0.9575070821529745,-1980.0,-0.013138686131386912,0.013138686131386912,0.02514792899408284,-0.020289855072463767,0.008134321644355274,0.015319552195290548,14383103.4,14913660.6,0.3369833901703103,0.9833071432509334,27.622317679064878,1398.2977159134887,-713508337.0,4.0,8.337132003798667,0.002928257686676483,-0.007267441860465129,-0.01573676680972813,-0.005825956768391853,0.019230769230769232,68900.0
2023-08-09,68000.0,69600.0,67900.0,68900.0,17259673,0.019230769230769162,0.01904819497069441,69014.28571428571,69692.85714285714,70519.04761904762,0.01558476198171809,1700.0,-900.0,43.89605488247773,-731.2777967086877,-442.0792361593982,-289.1985605492895,73637.14523309578,67262.85476690422,0.09047963756127136,0.2568356810501491,68333.33333333333,68420.0,69520.0,70450.0,1.007015492546039,0.9779985805535841,-2030.0,0.019230769230769162,0.019230769230769162,0.02467343976777939,0.013235294117647059,0.01425108838093248,0.016912466528546603,15068034.0,15257865.2,0.17695298283791372,1.1311984195534772,27.80429475490386,1441.2764504910967,-696248664.0,30.0,17.1025641025641,-0.013138686131386912,0.002928257686676483,-0.007267441860465129,0.003006780262019578,-0.013062409288824383,68000.0
2023-08-10,68300.0,68500.0,67800.0,68000.0,10227311,-0.013062409288824406,-0.01314847284350621,68571.42857142857,69528.57142857143,70333.33333333333,0.013101019433394975,700.0,300.0,40.3893261138166,-789.9205245694029,-511.6474938413992,-278.27303072800373,73544.20083078949,66965.79916921051,0.09363606379017826,0.1572115665769873,68166.66666666667,68260.0,69150.0,70255.0,0.9961910342806914,0.9679026403814676,-1995.0,-0.013062409288824406,0.013062409288824406,0.010294117647058823,-0.004392386530014641,0.013682867885046808,0.01393436384719349,13096078.2,15048366.8,-0.4074446833378593,0.6796293003703232,27.26783523318528,1416.8995611703042,-706475975.0,12.0,15.333333333333329,0.019230769230769162,-0.013138686131386912,0.002928257686676483,-0.002323442063147385,-0.007352941176470588,67500.0
2023-08-11,68400.0,68800.0,67500.0,67500.0,9781038,-0.007352941176470562,-0.007380107297622534,68228.57142857143,69321.42857142857,70123.80952380953,0.012275134471056945,1300.0,900.0,38.546947609520934,-866.7497783113358,-582.6679507353865,-284.0818275759493,73117.21396170788,66802.78603829212,0.09025768901394737,0.1104160139547091,68133.33333333333,68100.0,68840.0,69960.0,0.9911894273127754,0.9648370497427101,-1860.0,-0.007352941176470562,0.007352941176470562,0.01925925925925926,-0.013157894736842105,0.013690738500910059,0.013510709377509074,12580247.2,14743292.75,-0.04363541892878786,0.6634228978462088,27.215839048210544,1408.5495925152825,-716257013.0,2.0,14.666666666666663,-0.013062409288824406,0.019230769230769162,-0.013138686131386912,-0.00039486041150860185,-0.002962962962962963,67300.0
2023-08-14,67500.0,67900.0,66900.0,67300.0,9352343,-0.002962962962962945,-0.0029673612278020007,68014.28571428571,69128.57142857143,69833.33333333333,0.011300761301212449,1000.0,200.0,37.80410654452762,-933.0205636839528,-652.7384733250998,-280.282090358853,72614.6751535763,66705.3248464237,0.08483132798094468,0.10063291608495703,67600.0,67860.0,68590.0,69660.0,0.9917477158856469,0.9661211599196096,-1800.0,-0.002962962962962945,0.002962962962962945,0.014858841010401188,-0.002962962962962963,0.013380547789262063,0.013290945373628842,12257014.8,14707907.45,-0.043829192770746817,0.6358717602618583,27.168052973742583,1379.3674787641908,-725609356.0,7.2727272727272725,7.090909090909086,-0.007352941176470562,-0.013062409288824406,0.019230769230769162,-0.007792771142752637,-0.004457652303120356,67000.0
2023-08-16,66700.0,67100.0,66300.0,67000.0,13174578,-0.004457652303120341,-0.004467617259716045,67828.57142857143,68928.57142857143,69533.33333333333,0.01117780810413992,800.0,-300.0,36.66278681110759,-998.2410301304772,-721.8389846861753,-276.40204544430185,72377.11804175154,66442.88195824846,0.08549540532348487,0.09388201512580635,67266.66666666667,67740.0,68180.0,69410.0,0.9890758783584293,0.9652787782740239,-1670.0,-0.004457652303120341,0.004457652303120341,0.011940298507462687,0.004497751124437781,0.012332423705349732,0.010776214622085048,11958988.6,14781741.35,0.4086927735648702,0.8912737469865146,27.506247519892423,1352.2698017096056,-738783934.0,11.475409836065573,6.916045702930944,-0.002962962962962945,-0.007352941176470562,-0.013062409288824406,-0.004924518814184616,-0.004477611940298508,66700.0
2023-08-17,66300.0,66800.0,66000.0,66700.0,10778652,-0.004477611940298498,-0.004487666469388017,67571.42857142857,68571.42857142857,69280.95238095238,0.010898836990525471,800.0,-400.0,35.508315612904,-1061.8953439546167,-789.8502565398636,-272.0450874147531,72157.12142598671,66162.87857401329,0.08667210601465332,0.08960621704038584,67000.0,67300.0,67860.0,69160.0,0.9910846953937593,0.9644303065355697,-1860.0,-0.004477611940298498,0.004477611940298498,0.01199400299850075,0.006033182503770739,0.004017388525149614,0.010058327387472185,10662784.4,14775853.35,-0.18185979087907023,0.7294774619565374,27.30103830114909,1327.1076730160623,-749562586.0,10.9375,9.89521236959761,-0.004457652303120341,-0.002962962962962945,-0.007352941176470562,-0.003966075735460595,-0.005997001499250375,66300.0
2023-08-18,66000.0,66700.0,65800.0,66300.0,11745006,-0.005997001499250421,-0.006015055729761257,67385.71428571429,68264.28571428571,69023.80952380953,0.01017677853051047,900.0,-300.0,33.97226491102934,-1131.5744178173481,-858.1950887953606,-273.3793290219876,72049.01563443814,65800.98436556186,0.09064971010339179,0.07986765958165384,66666.66666666667,66960.0,67610.0,68925.0,0.9901433691756273,0.9619151251360174,-1965.0,-0.005997001499250421,0.005997001499250421,0.013574660633484163,0.004545454545454545,0.001675901004747444,0.00930678780883271,10966323.4,14876467.15,0.08965443916363558,0.7895023651499139,27.38088386310594,1296.5999820863435,-761307592.0,9.25925925925926,10.557389698441606,-0.004477611940298498,-0.004457652303120341,-0.002962962962962945,-0.004977421914223086,0.004524886877828055,66600.0
2023-08-21,66600.0,67100.0,66300.0,66600.0,9720067,0.004524886877828038,0.004514680354526613,67057.14285714286,68035.71428571429,68814.28571428571,0.005293746593795402,800.0,0.0,36.20138108908254,-1149.339225911317,-916.4239162185519,-232.91530969276516,71957.97582667368,65522.02417332633,0.09362746077025522,0.16749284095585334,66533.33333333333,66780.0,67440.0,68740.0,0.9973045822102425,0.9688681990107652,-1960.0,0.004524886877828038,0.004524886877828038,0.012012012012012012,0.0,0.004164860213260361,0.009542418275462419,10954129.2,14536024.2,-0.17240851132813384,0.6686881410117631,27.196162925947007,1261.128554794462,-751587525.0,14.814814814814815,11.67052469135802,-0.005997001499250421,-0.004477611940298498,-0.004457652303120341,-0.0019832421872402937,0.0,66600.0
2023-08-22,67200.0,67700.0,66300.0,66600.0,10500242,0.0,0.0,66857.14285714286,67714.28571428571,68638.09523809524,0.004043696784216874,1400.0,600.0,36.20138108908254,-1150.1596399346745,-963.1710609617764,-186.98857897289804,71803.8236616412,65296.1763383588,0.09493285664890454,0.20035253861660787,66500.0,66640.0,67250.0,68550.0,0.9993997599039616,0.9715536105032823,-1910.0,0.0,0.0,0.021021021021021023,-0.008928571428571428,0.004321330640419211,0.009402031047270982,11183709.0,14390106.45,0.08026436443287888,0.7296848036867719,27.273368719011117,1271.0479437377146,-751587525.0,15.384615384615385,13.152896486229816,0.004524886877828038,-0.005997001499250421,-0.004477611940298498,-0.0004907048738074608,0.0075075075075075074,67100.0
2023-08-23,66700.0,67100.0,66400.0,67100.0,9549352,0.007507507507507505,0.007479466431292653,66800.0,67514.28571428571,68480.95238095238,0.005104950075516401,700.0,-400.0,40.10962324691282,-1097.8091422044236,-990.0986772103059,-107.71046499411761,71645.19167724175,65164.80832275825,0.09473552159174768,0.29862302450099304,66766.66666666667,66660.0,67200.0,68405.0,1.0066006600660067,0.9809224471895329,-1745.0,0.007507507507507505,0.007507507507507505,0.010432190760059613,0.005997001499250375,0.005752498796334704,0.00913508668363669,10458663.8,14151826.8,-0.09055886521472556,0.6747787501186773,27.185923179712958,1230.2588048993064,-742038173.0,29.545454545454547,19.914961581628244,0.0,0.004524886877828038,-0.005997001499250421,0.004010798128445181,0.01639344262295082,68200.0
2023-08-24,68300.0,68700.0,67900.0,68200.0,15044463,0.016393442622950838,0.016260520871780326,66928.57142857143,67471.42857142857,68395.23809523809,0.008080825693498472,800.0,100.0,47.700242796419396,-956.53386173537,-983.3857141153188,26.85185237994881,71498.492182373,65151.507817627,0.09289402656049751,0.4803056077002007,67300.0,66960.0,67130.0,68325.0,1.0185185185185186,0.9981705085986096,-1365.0,0.016393442622950838,0.016393442622950838,0.011730205278592375,-0.0014641288433382138,0.008380568682794437,0.008466709633230459,11311826.0,13403238.9,0.5754433389825824,1.1224498132313376,27.656720418320567,1256.6688902636415,-726993710.0,63.1578947368421,36.029321555637345,0.007507507507507505,0.0,0.004524886877828038,0.007966983376819448,-0.016129032258064516,67100.0
2023-08-25,67100.0,67400.0,66900.0,67100.0,7032462,-0.016129032258064502,-0.01626052087178029,66942.85714285714,67385.71428571429,68266.66666666667,0.010497111640164918,500.0,0.0,41.97149966014172,-922.6967176444014,-971.2479148211354,48.551197176734036,70881.79215700048,65308.207842999516,0.08185012576548892,0.3214793310831348,67466.66666666667,67120.0,67040.0,68095.0,0.9997020262216925,0.9853880607974154,-975.0,-0.016129032258064502,0.016129032258064502,0.007451564828614009,0.0,0.011994640797384007,0.00899186496635286,10369317.2,12541803.05,-0.5325548010587018,0.5607217695863913,26.879986738809617,1259.7639695305243,-734026172.0,34.21052631578947,42.304625199362036,0.016393442622950838,0.007507507507507505,0.0,0.002590639290797947,-0.004470938897168405,66800.0
2023-08-28,66800.0,67000.0,66500.0,66800.0,5824628,-0.0044709388971684305,-0.004480963435036092,66957.14285714286,67264.28571428571,68033.33333333333,0.010496611651367362,500.0,0.0,40.54144945399058,-909.6026962894393,-958.9188711147963,49.31617482535694,70483.02453951072,65326.97546048928,0.0759303302999991,0.2856886187340721,67366.66666666667,67160.0,66970.0,67905.0,0.9946396664681358,0.9837272660334291,-745.0,-0.0044709388971684305,0.0044709388971684305,0.0074850299401197605,0.0,0.012278673724920258,0.008820688118079963,9590229.4,11862000.3,-0.1717512302234978,0.49103252846823814,26.687064052243095,1212.6379717069156,-739850800.0,26.31578947368421,41.22807017543859,-0.016129032258064502,0.016393442622950838,0.007507507507507505,-0.0014021761774273649,0.0,66800.0
2023-08-29,66900.0,67200.0,66600.0,66800.0,9114352,0.0,0.0,67028.57142857143,67207.14285714286,67852.38095238095,0.010141900536864652,600.0,100.0,40.54144945399058,-888.9780049567489,-944.9306978831869,55.952692926437976,70215.18826836346,65294.811731636546,0.07262012451814501,0.3059091630748895,66900.0,67200.0,66920.0,67755.0,0.9940476190476191,0.9859050992546675,-555.0,0.0,0.0,0.008982035928143712,-0.0014947683109118087,0.012278673724920258,0.008797416383705561,9313051.4,11665946.9,0.5647955543255294,0.7812783718396661,27.13481923148691,1168.878116584993,-739850800.0,26.31578947368421,28.94736842105263,-0.0044709388971684305,-0.016129032258064502,0.016393442622950838,-0.006866657051744311,0.004491017964071856,67100.0
2023-08-30,67300.0,67700.0,67100.0,67100.0,9181223,0.004491017964071808,0.0044809634350360195,67100.0,67078.57142857143,67723.80952380953,0.01014000155110495,600.0,200.0,42.8016634676201,-838.7566313490097,-923.6958845763515,84.93925322734185,69457.32544672748,65652.67455327252,0.05631930861453577,0.38040952698637237,66900.0,67200.0,66930.0,67555.0,0.9985119047619048,0.9932647472429872,-355.0,0.004491017964071808,0.004491017964071808,0.00894187779433681,-0.0029717682020802376,0.011927206218789656,0.008828993207214919,9239425.6,11510045.35,0.007336890214466152,0.7976704453210517,27.14661030108536,1149.6725368289221,-730669577.0,43.333333333333336,31.98830409356725,0.0,-0.0044709388971684305,-0.016129032258064502,6.693022301125969e-06,-0.0029806259314456036,66900.0
2023-08-31,67100.0,67200.0,66400.0,66900.0,15964630,-0.0029806259314456574,-0.0029850768434533967,67142.85714285714,67000.0,67523.80952380953,0.010254548570115537,800.0,200.0,41.664571506096586,-805.8053371395363,-900.1177750889885,94.31243794945226,68972.39811219391,65837.60188780609,0.04650687967343414,0.33890499928791457,66933.33333333333,66940.0,66950.0,67405.0,0.9994024499551838,0.9925079741858912,-465.0,-0.0029806259314456574,0.0029806259314456574,0.01195814648729447,-0.0029806259314456036,0.007686122938209329,0.008753536075499915,9423459.0,11616525.85,0.7388347935781541,1.3743033163396268,27.696840454282878,1124.6959270554278,-746634207.0,36.666666666666664,35.43859649122807,0.004491017964071808,0.0,-0.0044709388971684305,0.0005034640108753837,0.061285500747384154,71000.0
2023-09-01,66800.0,71000.0,66700.0,71000.0,29738235,0.06128550074738426,0.05948090990713275,67700.0,67250.0,67576.19047619047,0.02469780024377604,4300.0,-4200.0,63.23028244251185,-443.74030222170404,-808.8422805155317,365.10197829382764,69686.85344082533,65343.146559174675,0.06433691596905367,1.3023101224260456,68333.33333333333,67720.0,67420.0,67515.0,1.0484347312463083,1.0516181589276457,205.0,0.06128550074738426,0.06128550074738426,0.06056338028169014,0.06287425149700598,0.02794903943201603,0.020848500887700645,13964613.6,12099083.1,0.862757545899905,2.4578916232090346,28.378379305579173,1351.503360837183,-716895972.0,100.0,60.0,-0.0029806259314456574,0.004491017964071808,0.0,0.02093196426000347,0.0028169014084507044,71200.0
2023-09-04,72900.0,72900.0,70700.0,71200.0,26286495,0.0028169014084507005,0.0028129413766146577,68128.57142857143,67528.57142857143,67690.47619047618,0.024476616571180273,2200.0,1700.0,63.93076787264945,-139.05982982485148,-674.8857903773958,535.8259605525443,70372.46634711184,64947.53365288816,0.0801793185667112,1.152542658044273,69700.0,68600.0,67880.0,67660.0,1.0379008746355685,1.0523204256577003,940.0,0.0028169014084507005,0.0028169014084507005,0.03089887640449438,-0.023319615912208505,0.027073479442324747,0.02087857142235378,18056987.0,12795398.2,-0.11607077555207967,2.0543710003491724,28.257813964564434,1412.110263634527,-690609477.0,76.05633802816901,70.90766823161188,0.06128550074738426,-0.0029806259314456574,0.004491017964071808,0.020373925408129767,-0.007022471910112359,70700.0
2023-09-05,70900.0,71500.0,70200.0,70700.0,12330239,-0.0070224719101124045,-0.007047245515403056,68642.85714285714,67792.85714285714,67804.76190476191,0.02328963519235717,1300.0,200.0,60.81172853050287,61.34862951541436,-527.6389063988338,588.9875359142482,70787.21377223625,64752.78622776375,0.08904275556252776,0.9855472997904929,70966.66666666667,69380.0,68290.0,67770.0,1.0190256558085904,1.0432344695292903,1610.0,-0.0070224719101124045,0.0070224719101124045,0.018387553041018388,-0.0028208744710860366,0.02808758999759306,0.02125089621522612,18700164.4,12863484.9,-0.5309287525780824,0.9585457670183917,27.493766110455674,1404.1023876606323,-702939716.0,69.01408450704226,81.69014084507042,0.0028169014084507005,0.06128550074738426,-0.0029806259314456574,0.01902664341524085,-0.009900990099009901,70000.0
2023-09-06,70700.0,70800.0,69700.0,70000.0,11414620,-0.00990099009900991,-0.009950330853168092,69100.0,68028.57142857143,67876.19047619047,0.023842424120258367,1100.0,700.0,56.64508913682619,161.8242186906573,-389.7462813809356,551.570500071593,71065.49830320974,64714.50169679027,0.09354833711031767,0.8322313222254359,70633.33333333333,69960.0,68580.0,67890.0,1.0005717552887363,1.0310796877301518,2070.0,-0.00990099009900991,0.00990099009900991,0.015714285714285715,-0.009900990099009901,0.029704284990218557,0.021835886824150597,19146843.8,12700980.45,-0.0742580091107723,0.8987195945176029,27.406656068893355,1382.3807885420158,-714354336.0,59.15492957746479,68.07511737089202,-0.0070224719101124045,0.0028169014084507005,0.06128550074738426,-0.004702186866890538,0.005714285714285714,70400.0
2023-09-07,70000.0,70600.0,69600.0,70400.0,13741241,0.005714285714285783,0.005698021114637796,69614.28571428571,68321.42857142857,68009.52380952382,0.023672834095263585,1000.0,-400.0,58.39916064938949,270.6090909084014,-257.67520692306823,528.2842978314696,71307.40694867187,64622.593051328135,0.0983567115036229,0.864258457661412,70366.66666666667,70660.0,68800.0,67965.0,0.9963204075856212,1.0358272640329582,2695.0,0.005714285714285783,0.005714285714285783,0.014204545454545454,0.005714285714285714,0.029087396948246993,0.021444411366018976,18702166.0,12525058.85,0.20382816072720766,1.097099915023553,27.597860703059915,1355.0678750747288,-700613095.0,62.121212121212125,63.4300754019064,-0.00990099009900991,-0.0070224719101124045,0.0028169014084507005,-0.0037363920982788437,-0.0014204545454545455,70300.0
2023-09-08,70200.0,70300.0,69600.0,70300.0,10688118,-0.0014204545454545858,-0.0014214643473775366,70071.42857142857,68585.71428571429,68076.19047619047,0.023902241464956817,700.0,-100.0,57.76989321842045,344.7783316384448,-137.18449921076564,481.96283084921043,71581.93931234852,64578.06068765148,0.10287718308896947,0.8169672290110579,70233.33333333333,70520.0,69120.0,68080.0,0.9968803176403858,1.0326086956521738,2440.0,-0.0014204545454545858,0.0014204545454545858,0.00995732574679943,0.0014245014245014246,0.006532466432627792,0.020438422640301702,14892142.6,12548099.2,-0.2221868461516685,0.8517718763332697,27.34517029291687,1315.4201697122483,-711301213.0,60.60606060606061,60.62740076824584,0.005714285714285783,-0.00990099009900991,-0.0070224719101124045,-0.0018690529767262376,0.007112375533428165,70800.0
2023-09-11,70400.0,70800.0,70000.0,70800.0,11785462,0.007112375533428139,0.007087201883054831,70628.57142857143,68885.71428571429,68209.52380952382,0.023525368222787873,800.0,-400.0,60.08574804539726,438.84507771882636,-21.978583824847234,460.8236615436736,71937.65273354128,64552.34726645872,0.10821753193761545,0.8459572540889507,70500.0,70440.0,69520.0,68245.0,1.0051107325383304,1.0374386401934208,2195.0,0.007112375533428139,0.007112375533428139,0.011299435028248588,0.005681818181818182,0.007525179956544081,0.020177971718601497,11991936.0,12648320.4,0.10266952516804184,0.9317807920172547,27.449991575642887,1278.6044433042305,-699515751.0,67.6923076923077,63.473193473193476,-0.0014204545454545858,0.005714285714285783,-0.00990099009900991,0.003802068900753112,-0.00423728813559322,70500.0
2023-09-12,70800.0,71000.0,70400.0,70500.0,11688599,-0.004237288135593209,-0.004246290881451097,70557.14285714286,69128.57142857143,68352.38095238095,0.006483284095630329,600.0,300.0,58.029507262477345,483.61138786477386,79.139410513077,404.47197735169686,72201.1060381179,64608.89396188211,0.11098913933536712,0.7759406585279024,70533.33333333333,70400.0,69890.0,68405.0,1.0014204545454546,1.0306264161976464,1995.0,-0.004237288135593209,0.004237288135593209,0.00851063829787234,-0.00423728813559322,0.0070666118257242845,0.020361844646137068,11863608.0,12765133.2,-0.008218854721181112,0.9156660425603707,27.437492469045473,1230.1326973539283,-711204350.0,63.07692307692308,63.7917637917638,0.007112375533428139,-0.0014204545454545858,0.005714285714285783,0.00048487761746011476,0.005673758865248227,70900.0
2023-09-13,71100.0,71600.0,70300.0,70900.0,15955797,0.005673758865248235,0.005657723719858855,70514.28571428571,69321.42857142857,68523.80952380953,0.006842064503104332,1300.0,200.0,59.99529658246042,545.0822988011641,172.32798817069443,372.7543106304697,72491.69155482526,64708.30844517474,0.11346039518440985,0.7955013221883245,70733.33333333333,70580.0,70270.0,68600.0,1.004533862283933,1.033527696793003,1980.0,0.005673758865248235,0.005673758865248235,0.018335684062059238,-0.0028129395218002813,0.005060037444270653,0.02035821346309131,12771843.4,12904194.15,0.3650735216427563,1.2364814737385208,27.754358481960768,1235.123218971505,-695248553.0,69.23076923076923,66.66666666666667,-0.004237288135593209,0.007112375533428139,-0.0014204545454545858,0.0028496154210277216,0.011283497884344146,71700.0
2023-09-14,71200.0,71800.0,70800.0,71700.0,21041407,0.01128349788434413,0.011220314067492842,70657.14285714286,69650.0,68747.61904761905,0.007432819132035144,1000.0,-500.0,63.66117811141972,650.8491686367779,268.03222426391113,382.81694437286677,72868.11686712796,64831.88313287205,0.11672089664859711,0.8546437416138547,71033.33333333333,70840.0,70750.0,68850.0,1.0121400338791644,1.0413943355119826,1990.0,0.01128349788434413,0.01128349788434413,0.01394700139470014,0.007022471910112359,0.0063692133739612355,0.020181042853608208,14231876.6,13417331.9,0.31873117964586783,1.5682258705995042,28.042248842809858,1218.328703330683,-674207146.0,81.53846153846153,71.28205128205128,0.005673758865248235,-0.004237288135593209,0.007112375533428139,0.004239989537999718,0.0041841004184100415,72000.0
2023-09-15,71700.0,72300.0,71400.0,72000.0,17823512,0.004184100418409997,0.004175371410480592,70942.85714285714,70021.42857142857,69000.0,0.005239517267256775,900.0,-300.0,64.9579766039187,750.229489235775,364.47167725828393,385.75781197749103,73199.88169051672,65070.118309483274,0.11759258524674109,0.8524087806397889,71533.33333333333,71180.0,70850.0,69135.0,1.0115200899128969,1.0414406595790844,2045.0,0.004184100418409997,0.004184100418409997,0.0125,0.0041841004184100415,0.005705219869428389,0.006793231166587238,15658955.4,13721257.2,-0.15293155063252184,1.2989707677806668,27.88045044051823,1195.590938807063,-656383634.0,86.15384615384616,78.97435897435898,0.01128349788434413,0.005673758865248235,-0.004237288135593209,0.0070471190560007875,-0.025,70200.0
2023-09-18,71300.0,71700.0,70200.0,70200.0,16040727,-0.025000000000000022,-0.025317807984289897,70914.28571428571,70264.28571428571,69185.71428571429,0.012148073511904497,1500.0,1100.0,52.786108593077046,675.9521963804582,426.7677810827188,249.1844152977394,73223.03490799514,65406.96509200486,0.11276159295953664,0.6132282618803441,71300.0,71060.0,70750.0,69315.0,0.9878975513650436,1.0127677991776671,1745.0,-0.025000000000000022,0.025000000000000022,0.021367521367521368,-0.015427769985974754,0.014202652495009188,0.010718828926010808,16510008.4,14037290.2,-0.10002433863763771,1.1427224750258422,27.74974507357985,1238.7630146065585,-672424361.0,58.46153846153846,75.38461538461537,0.004184100418409997,0.01128349788434413,0.005673758865248235,-0.0031774672324152986,-0.005698005698005698,69800.0
2023-09-19,70400.0,70800.0,69600.0,69800.0,11820188,-0.005698005698005715,-0.005714301263438664,70842.85714285714,70457.14285714286,69338.09523809524,0.012315063799820005,1200.0,600.0,50.52060149087152,578.1457453242328,457.0433739310216,121.10237139321123,73171.29971443748,65778.70028556252,0.10640661286613838,0.5439628851971302,70666.66666666667,70920.0,70660.0,69475.0,0.9842075578116187,1.0046779417056495,1445.0,-0.005698005698005715,0.005698005698005715,0.017191977077363897,-0.008522727272727272,0.014284755188553511,0.010649060569360548,16536326.2,14103287.5,-0.2631139473915366,0.8381157939239344,27.438708763812762,1235.9942278489473,-684244549.0,52.30769230769231,65.64102564102565,-0.025000000000000022,0.004184100418409997,0.01128349788434413,-0.008837968426531914,-0.0028653295128939827,69600.0
2023-09-20,70000.0,70300.0,69500.0,69600.0,10873015,-0.002865329512893977,-0.00286944242795282,70671.42857142857,70650.0,69480.95238095238,0.011786310374619491,800.0,400.0,49.37944122888268,478.97378799728176,461.4294567442737,17.544331253008068,73123.15647948692,66076.84352051308,0.10124012872088849,0.5,69866.66666666667,70660.0,70620.0,69600.0,0.9849985847721483,1.0,1060.0,-0.002865329512893977,0.002865329512893977,0.011494252873563218,-0.005714285714285714,0.013647438075693389,0.010236887157383051,15519769.8,14169470.65,-0.080131805010208,0.767355059943612,27.352314435866827,1204.851783002594,-695117564.0,46.774193548387096,52.51447477253928,-0.005698005698005715,-0.025000000000000022,0.004184100418409997,-0.011187778403633239,-0.010057471264367816,68900.0
2023-09-21,69200.0,69800.0,68800.0,68900.0,10796336,-0.010057471264367845,-0.010108389320761106,70442.85714285714,70500.0,69566.66666666667,0.012138855218730352,1000.0,300.0,45.50515705241103,339.9761144448712,437.13878828439323,-97.16267383952203,73113.21793451808,66156.78206548192,0.0998985548795312,0.39434244578152955,69433.33333333333,70100.0,70470.0,69635.0,0.9828815977175464,0.9894449630214691,465.0,-0.010057471264367845,0.010057471264367845,0.01451378809869376,-0.004335260115606936,0.010877569234138388,0.010382675569085493,13470755.6,13957064.3,-0.007052229763317763,0.7735391747102576,27.33512883227684,1190.219512788123,-705913900.0,2.4390243902439024,33.840303415441106,-0.002865329512893977,-0.005698005698005715,-0.025000000000000022,-0.0062069354917558455,-0.001451378809869376,68800.0
2023-09-22,68300.0,68900.0,68300.0,68800.0,9897840,-0.0014513788098693414,-0.0014524330803148745,70142.85714285714,70328.57142857143,69595.23809523809,0.011549552156805755,600.0,-500.0,44.96242969134511,219.2232236052805,393.55567534857073,-174.33245174329022,73015.67499675161,66424.32500324839,0.09454030398025266,0.3604231301771563,69100.0,69460.0,70320.0,69720.0,0.9904981284192341,0.9868043602983362,-260.0,-0.0014513788098693414,0.0014513788098693414,0.00872093023255814,0.007320644216691069,0.009521505048569657,0.01038245446287106,11885621.2,14100333.2,-0.0832223080126443,0.7019578799740704,27.246786133404424,1148.0609761604,-715811740.0,12.5,20.571072646210332,-0.010057471264367845,-0.002865329512893977,-0.005698005698005715,-0.004791393195710388,0.00872093023255814,69400.0
2023-09-25,68500.0,69700.0,68500.0,69400.0,13582516,0.008720930232558155,0.008683122573460857,69814.28571428571,70235.71428571429,69704.76190476191,0.011008623747419146,1200.0,-900.0,48.900417646035834,169.98123535653576,348.84078735016374,-178.85955199362797,72852.80570554711,66847.19429445289,0.08597868877729747,0.42507007710010836,69033.33333333333,69300.0,70180.0,69850.0,1.0014430014430014,0.9935576234788833,-550.0,0.008720930232558155,0.008720930232558155,0.01729106628242075,0.013138686131386862,0.006968160386764567,0.010552209361964018,11393979.0,14488227.6,0.3722707176515281,0.9374863768705567,27.571936081889458,1151.7709064346573,-702229224.0,27.5,14.146341463414634,-0.0014513788098693414,-0.010057471264367845,-0.002865329512893977,-0.0009293066138930106,-0.011527377521613832,68600.0
2023-09-26,70000.0,70000.0,68400.0,68600.0,13143470,-0.011527377521613813,-0.011594332780919257,69328.57142857143,70135.71428571429,69790.47619047618,0.010501637729708304,1600.0,1400.0,44.344476716792784,65.64655812055571,292.20194150424214,-226.55538338368643,72651.69009252494,67228.30990747506,0.07754332549399301,0.25292161820153164,68933.33333333333,69060.0,69990.0,69940.0,0.9933391253982045,0.9808407206176722,-880.0,-0.011527377521613813,0.011527377521613813,0.023323615160349854,-0.02,0.008083464767288679,0.010971675848626062,11658635.4,14689683.5,-0.03232434992161981,0.8947415374878567,27.527483429020705,1183.787270260753,-715372694.0,7.5,15.833333333333334,0.008720930232558155,-0.0014513788098693414,-0.010057471264367845,-0.001419275366308333,-0.0029154518950437317,68400.0
2023-09-27,68600.0,69100.0,68200.0,68400.0,14886491,-0.002915451895043719,-0.0029197101033347503,69071.42857142857,69992.85714285714,69866.66666666667,0.006672536989097151,900.0,200.0,43.259375004356414,-32.7996597494639,227.20162125350095,-260.00128100296484,72482.24379948934,67527.75620051066,0.07077333903262169,0.176051263034576,68800.0,68820.0,69740.0,70005.0,0.993897122929381,0.9770730662095565,-1185.0,-0.002915451895043719,0.002915451895043719,0.013157894736842105,-0.0029154518950437317,0.008082610981017518,0.010574599995402143,12461330.6,14974946.9,0.13261497914934184,0.9940930742131713,27.64909281898148,1163.5167509564135,-730259185.0,4.878048780487805,13.292682926829267,-0.011527377521613813,0.008720930232558155,-0.0014513788098693414,-0.0019072997280331256,-0.013157894736842105,67500.0
2023-10-04,67400.0,67700.0,66700.0,67500.0,23361149,-0.013157894736842146,-0.01324522675002068,68742.85714285714,69792.85714285714,69885.71428571429,0.0075930439655579034,1000.0,-100.0,38.673317082972595,-181.3509739239962,145.49110221800152,-326.8420761419977,72364.01605607965,67705.98394392035,0.06651006085756123,-0.04422123741539917,68166.66666666667,68540.0,69320.0,70035.0,0.9848263787569302,0.9638038123795245,-1495.0,-0.013157894736842146,0.013157894736842146,0.014814814814814815,0.001483679525222552,0.0088034126029741,0.00954398288611424,14974293.2,15344772.85,0.5692851324062871,1.5224173878859342,28.086467778219767,1201.8369830309553,-753620334.0,14.285714285714286,8.887921022067363,-0.002915451895043719,-0.011527377521613813,0.008720930232558155,-0.009200241384499893,-0.011851851851851851,66700.0
2023-10-05,67300.0,67400.0,66700.0,66700.0,16108313,-0.011851851851851891,-0.011922644956906146,68328.57142857143,69500.0,69876.19047619047,0.007973543304108209,700.0,600.0,35.11023973138056,-359.4883172353875,44.49521832732371,-403.9835355627112,72535.72419342244,67104.27580657756,0.07779215678666411,-0.07443241245865888,67533.33333333333,68120.0,68790.0,69820.0,0.9791544333529066,0.9553136637066743,-1700.0,-0.011851851851851891,0.011851851851851891,0.010494752623688156,-0.008915304606240713,0.009248576812710742,0.008977416314487877,16216387.8,14663276.75,-0.3104657223837749,1.098547976324596,27.70280626400781,1173.134341385887,-769728647.0,0.0,6.3879210220673635,-0.013157894736842146,-0.002915451895043719,-0.011527377521613813,-0.009308399494579253,-0.010494752623688156,66000.0
2023-10-06,67100.0,67300.0,66000.0,66000.0,14386527,-0.010494752623688153,-0.010550210895152486,67914.28571428571,69178.57142857143,69638.09523809524,0.00801240063819195,1300.0,1100.0,32.30555666745134,-550.7983347330883,-74.5634922847587,-476.2348424483296,72684.36941006174,66435.63058993826,0.08983235796612257,-0.06971496208728532,66733.33333333333,67440.0,68370.0,69560.0,0.9786476868327402,0.948821161587119,-2120.0,-0.010494752623688153,0.010494752623688153,0.019696969696969695,-0.01639344262295082,0.004067234431992375,0.00674418523168739,16377190.0,14068278.35,-0.10688803973451477,1.0226217197358767,27.57921272258557,1182.196174144038,-784115174.0,0.0,4.761904761904762,-0.011851851851851891,-0.013157894736842146,-0.002915451895043719,-0.011834833070794063,0.006060606060606061,66400.0
2023-10-10,66200.0,67600.0,66200.0,66400.0,19889202,0.0060606060606061,0.006042314455962662,67571.42857142857,68857.14285714286,69409.52380952382,0.009161953257478763,1400.0,-200.0,35.477377468516295,-662.4993645705108,-192.1506667419091,-470.3486978286017,72720.74942946446,65969.25057053554,0.0973610045270591,0.06380056317343324,66366.66666666667,67000.0,68030.0,69345.0,0.991044776119403,0.9575311846564281,-2345.0,0.0060606060606061,0.0060606060606061,0.02108433734939759,0.0030211480362537764,0.008055150247804437,0.007774250525971777,17726336.4,14446226.5,0.38248807373732374,1.376774896890894,27.909139864826933,1212.039304562321,-764225972.0,6.349206349206349,2.1164021164021163,-0.010494752623688153,-0.011851851851851891,-0.013157894736842146,-0.005428666138311315,0.02710843373493976,68200.0
2023-10-11,68600.0,69400.0,67900.0,68200.0,25209349,0.027108433734939652,0.026747508367028144,67400.0,68607.14285714286,69290.47619047618,0.01460777465955271,1500.0,400.0,47.417169874303596,-598.8748225391901,-273.4954979013653,-325.37932463782477,72653.12641876344,65856.87358123656,0.09813374972964947,0.344767399739073,66866.66666666667,66960.0,67890.0,69255.0,1.0185185185185186,0.9847664428561115,-2295.0,0.027108433734939652,0.027108433734939652,0.021994134897360705,-0.0058309037900874635,0.017278915403624202,0.01281381648902852,19790908.0,15135962.95,0.2674892134938345,1.6655266059567093,28.172925319576738,1339.7507828078694,-739016623.0,34.92063492063492,13.756613756613755,0.0060606060606061,-0.010494752623688153,-0.011851851851851891,0.007558095723952533,0.010263929618768328,68900.0
2023-10-12,68600.0,69700.0,68200.0,68900.0,19311380,0.01026392961876832,0.010211613170196462,67442.85714285714,68385.71428571429,69238.09523809524,0.014668064887591752,1500.0,-300.0,51.19917527510343,-486.3612944800261,-316.0686572170975,-170.29263726292862,72537.69344389287,65822.30655610713,0.09707121838371995,0.4583047105581844,67833.33333333333,67240.0,67890.0,69180.0,1.0246876859012493,0.9959525874530211,-1940.0,0.01026392961876832,0.01026392961876832,0.02177068214804064,0.004373177842565598,0.016113857734004332,0.012996440456186809,18980954.2,15414469.9,-0.2339595917371765,1.2528085704718266,27.916616574415542,1351.1971554644501,-719705243.0,50.87719298245614,30.715678084099135,0.027108433734939652,0.0060606060606061,-0.010494752623688153,0.014477656471438024,-0.013062409288824383,68000.0
2023-10-13,68000.0,68500.0,67700.0,68000.0,9724086,-0.013062409288824406,-0.01314847284350621,67385.71428571429,68228.57142857143,69123.80952380953,0.015562114046246179,800.0,0.0,46.562141233147344,-464.4619628726505,-345.7473183482081,-118.71464452444235,72418.72534418278,65711.27465581722,0.09711794234946146,0.3412213448177411,68366.66666666667,67500.0,67810.0,69065.0,1.0074074074074073,0.9845797437196844,-1565.0,-0.013062409288824406,0.013062409288824406,0.011764705882352941,0.0,0.01642180867698458,0.01365023127940172,17704108.8,15366268.3,-0.49645825414859013,0.6328202664533717,27.217379442635877,1340.3973586455609,-729429329.0,41.666666666666664,42.488164856585904,0.01026392961876832,0.027108433734939652,0.0060606060606061,0.008103318021627856,-0.010294117647058823,67300.0
2023-10-16,67900.0,68500.0,66800.0,67300.0,12599299,-0.010294117647058787,-0.010347468525424541,67357.14285714286,68050.0,68980.95238095238,0.015211655491151862,1700.0,600.0,43.27896356806858,-497.85180890250194,-376.1682164590669,-121.68359244343503,72227.7584662391,65552.2415337609,0.09690110222787347,0.2618161984933005,68066.66666666667,67760.0,67600.0,68890.0,0.9932113341204251,0.9769197271011758,-1130.0,-0.010294117647058787,0.010294117647058787,0.02526002971768202,-0.008836524300441826,0.016377797949089546,0.013455405763546337,17346663.2,15406960.15,0.2956795116785269,0.8177667026678199,27.46606725108739,1366.0832615994493,-742028628.0,30.232558139534884,40.92547259621923,-0.013062409288824406,0.01026392961876832,0.027108433734939652,-0.004364199105704958,0.031203566121842496,69400.0
2023-10-17,67700.0,69900.0,67400.0,69400.0,17299253,0.031203566121842385,0.03072663086207659,67742.85714285714,68035.71428571429,68914.28571428571,0.018104559405626622,2500.0,-1700.0,53.80297650974248,-350.8170522717264,-371.0979836215988,20.28093134987239,72096.43333036634,65573.56666963366,0.09476090158687715,0.5866183580604629,68233.33333333333,68360.0,67680.0,68835.0,1.0152135751901696,1.0082080337037844,-475.0,0.031203566121842385,0.031203566121842385,0.03602305475504323,0.025110782865583457,0.020503136899339327,0.016809066603142075,16828673.4,15687492.85,0.3730329758822297,1.1027417296958322,27.813816025840737,1454.220171485203,-724729375.0,85.0,52.29974160206718,-0.010294117647058787,-0.013062409288824406,0.01026392961876832,0.002615679728653064,0.01585014409221902,70500.0
2023-10-18,68900.0,70500.0,68800.0,70500.0,16493184,0.015850144092218965,0.015725842305464095,68385.71428571429,68150.0,68914.28571428571,0.016862694799471497,1700.0,-1600.0,58.18000401921081,-143.87167824737844,-325.6527225467548,181.78104429937633,72027.65589423147,65602.34410576853,0.09337080270962649,0.7622440833183417,69066.66666666667,68820.0,67890.0,68815.0,1.024411508282476,1.0244859405652837,5.0,0.015850144092218965,0.015850144092218965,0.024113475177304965,0.023222060957910014,0.018548327514925377,0.017327401551297365,15085440.4,15714362.2,-0.04659559577514705,1.0495611460451129,27.781825751417383,1471.7758735219743,-708236191.0,100.0,71.74418604651163,0.031203566121842385,-0.010294117647058787,-0.013062409288824406,0.012253197522334188,-0.014184397163120567,69500.0
2023-10-19,69700.0,70000.0,69400.0,69500.0,13985012,-0.014184397163120588,-0.014285957247476541,68828.57142857143,68200.0,68847.61904761905,0.01913869018964374,600.0,200.0,53.241373555675615,-59.86750568416028,-272.4956791742359,212.6281734900756,71640.4278805838,65769.5721194162,0.08545019665479359,0.6354146707637544,69800.0,68940.0,68090.0,68705.0,1.0081230055120394,1.011571210246707,235.0,-0.014184397163120588,0.014184397163120588,0.008633093525179856,-0.0028694404591104736,0.02052183900124162,0.01743751995916763,14020166.8,15361542.45,-0.15207324431716762,0.9103911306771151,27.60257877423395,1445.2204539846905,-722221203.0,77.77777777777777,87.5925925925926,0.015850144092218965,0.031203566121842385,-0.010294117647058787,0.010956437683646921,-0.010071942446043165,68800.0
2023-10-20,68900.0,69200.0,68100.0,68800.0,15204495,-0.010071942446043147,-0.010123007631448452,68914.28571428571,68157.14285714286,68709.52380952382,0.017660034176112078,1100.0,100.0,50.03933167380968,-49.210475833388045,-227.83863850606633,178.6281626726783,71040.02663207035,66049.97336792965,0.07279966830754547,0.551101658940691,69600.0,69100.0,68300.0,68545.0,0.9956584659913169,1.0037201838208476,555.0,-0.010071942446043147,0.010071942446043147,0.015988372093023256,-0.001451378809869376,0.020013953540016723,0.0172767409547316,15116248.6,15230591.6,0.0871992816309346,0.9982865668855568,27.676060689705476,1441.9904215572126,-737425698.0,62.22222222222222,80.0,-0.014184397163120588,0.015850144092218965,0.031203566121842385,-0.0028020651723149235,-0.005813953488372093,68400.0
2023-10-23,68700.0,69100.0,68200.0,68400.0,11625959,-0.005813953488372103,-0.00583092031079321,68842.85714285714,68142.85714285714,68538.09523809524,0.017341499917566037,900.0,300.0,48.25344968014646,-72.2089797869703,-196.71270676224714,124.50372697527683,70825.40969143873,66084.59030856127,0.06925453776754754,0.4883986299502055,68900.0,69320.0,68540.0,68455.0,0.986728216964801,0.9991965524797312,865.0,-0.005813953488372103,0.005813953488372103,0.013157894736842105,-0.004366812227074236,0.019388434166765646,0.01692313098490335,14921580.6,15009853.2,-0.23536039835588096,0.7745551435506378,27.401879104270755,1403.2768200174116,-749051657.0,53.333333333333336,64.44444444444444,-0.010071942446043147,-0.014184397163120588,0.015850144092218965,-0.010023431032511946,0.0014619883040935672,68500.0
2023-10-24,68700.0,68800.0,67700.0,68500.0,12791710,0.0014619883040936088,0.0014609206396748698,68914.28571428571,68150.0,68457.14285714286,0.016500144331693244,1100.0,200.0,48.74593609599715,-81.42764835701382,-173.6556950812005,92.22804672418667,70674.87014487715,66105.12985512285,0.06681883739953637,0.5240713898438886,68566.66666666667,69140.0,68750.0,68390.0,0.9907434191495517,1.0016084222839596,750.0,0.0014619883040936088,0.0014619883040936088,0.016058394160583942,-0.002911208151382824,0.011803109201946202,0.016914516520563066,14020072.0,15058429.3,0.10027138406388669,0.8494717307601265,27.498896887071396,1381.614190016168,-736259947.0,55.55555555555556,57.03703703703704,-0.005813953488372103,-0.010071942446043147,-0.014184397163120588,-0.004807969210107214,-0.0072992700729927005,68000.0
2023-10-25,68800.0,68800.0,67900.0,68000.0,10610703,-0.007299270072992692,-0.007326040092072898,69014.28571428571,68185.71428571429,68371.42857142857,0.016188992522088396,900.0,800.0,46.36963630225406,-127.60834141494706,-164.44622434794982,36.83788293300276,70527.53775260175,66092.46224739825,0.06492571373449728,0.43010265560613603,68300.0,68640.0,68730.0,68310.0,0.9906759906759907,0.9954618650270824,330.0,-0.007299270072992692,0.007299270072992692,0.013235294117647059,-0.011627906976744186,0.005787684544024767,0.014900836430311211,12843575.8,15045313.7,-0.1705015983007745,0.7052497017725858,27.304636750801752,1347.2131764435846,-746870650.0,44.44444444444444,51.11111111111111,0.0014619883040936088,-0.005813953488372103,-0.010071942446043147,-0.003883745085757062,-0.01911764705882353,66700.0
2023-10-26,67000.0,67900.0,66700.0,66700.0,15517624,-0.019117647058823573,-0.01930275225452871,68628.57142857143,68185.71428571429,68233.33333333333,0.011484165781725468,1200.0,300.0,40.80051709476369,-266.039273680668,-184.76483421449348,-81.2744394661745,70510.61623131679,65889.38376868321,0.06776000678348351,0.17541126482410907,67733.33333333333,68080.0,68510.0,68200.0,0.9797297297297297,0.9780058651026393,-120.0,-0.019117647058823573,0.019117647058823573,0.017991004497751123,-0.004477611940298508,0.007459099624226927,0.015494388897007176,13150098.2,15281378.1,0.462450131720773,1.0154597248006056,27.665447200120628,1343.8408066976144,-762388274.0,15.555555555555555,38.51851851851852,-0.007299270072992692,0.0014619883040936088,-0.005813953488372103,-0.008318309609240885,0.008995502248875561,67300.0
2023-10-27,67100.0,67300.0,66700.0,67300.0,11334726,0.008995502248875464,0.00895528372910399,68171.42857142857,68278.57142857143,68157.14285714286,0.009494737503453147,600.0,-200.0,44.135410941684576,-323.6015223369468,-212.53217183898414,-111.06935049796266,70450.94066992337,65799.05933007663,0.06828449673169515,0.32265239808821483,67333.33333333333,67780.0,68440.0,68125.0,0.9929182649749189,0.9878899082568807,-345.0,0.008995502248875464,0.008995502248875464,0.008915304606240713,0.0029806259314456036,0.010497693585136957,0.015493828107385716,12376144.4,15353222.4,-0.26955789107920125,0.7382636494603243,27.360297184349978,1290.7093205049277,-751053548.0,25.58139534883721,28.527131782945734,-0.019117647058823573,-0.007299270072992692,0.0014619883040936088,-0.0058071382943136,0.0,67300.0
2023-10-30,66800.0,67800.0,66700.0,67300.0,10139270,0.0,0.0,67857.14285714286,68342.85714285714,68085.71428571429,0.00910367427981745,1100.0,-500.0,44.135410941684576,-365.0123835652339,-243.02821418423412,-121.98416938099979,70292.58257912687,65747.41742087313,0.06682101085348052,0.3415899147927499,67100.0,67560.0,68440.0,68020.0,0.9961515689757253,0.9894148779770656,-460.0,0.0,0.0,0.01634472511144131,0.0074850299401197605,0.010616962652165897,0.015140263452352382,12078806.6,15181060.1,-0.10546845155321793,0.6678894578646718,27.248842077059585,1277.0872261831473,-751053548.0,15.789473684210526,18.975474862867763,0.008995502248875464,-0.019117647058823573,-0.007299270072992692,-0.0033740482699827026,-0.005943536404160475,66900.0
2023-10-31,67600.0,68300.0,66900.0,66900.0,14488892,-0.005943536404160454,-0.005961269516499334,67585.71428571429,68250.0,67966.66666666667,0.008813783183474016,1400.0,700.0,42.29330813055226,-425.2059371365176,-279.46375877469086,-145.74217836182675,70243.13207685656,65626.86792314344,0.06795119089884637,0.2757927264263052,67166.66666666667,67240.0,68190.0,67935.0,0.9949434860202261,0.984764848752484,-695.0,-0.005943536404160454,0.005943536404160454,0.02092675635276532,-0.010355029585798817,0.010317754947560247,0.01051099010357544,12418243.0,15248331.2,0.4289876884627788,0.9501952580883081,27.599847090961863,1285.8667100272082,-765542440.0,5.2631578947368425,15.544675642594859,0.0,0.008995502248875464,-0.019117647058823573,0.0010173219482383367,0.025411061285500747,68600.0
2023-11-01,67500.0,68900.0,67300.0,68600.0,13775256,0.025411061285500747,0.025093567597656775,67614.28571428571,68228.57142857143,67966.66666666667,0.013979774423209003,1600.0,-1100.0,51.54889551971106,-331.90794136315526,-289.95259529238376,-41.9553460707715,70263.3251667855,65626.6748332145,0.06824122942925875,0.6412657744013105,67600.0,67360.0,68000.0,67945.0,1.0184085510688836,1.0096401501214218,-585.0,0.025411061285500747,0.025411061285500747,0.023323615160349854,0.016296296296296295,0.016658210623312554,0.01268750955015576,13051153.6,15192769.45,-0.049254007828894,0.9066981530480607,27.574432310937613,1336.8762307395505,-751767184.0,50.0,23.68421052631579,-0.005943536404160454,0.0,0.008995502248875464,0.006489174960446764,0.016034985422740525,69700.0
2023-11-02,70000.0,70000.0,69400.0,69700.0,16350031,0.016034985422740622,0.015907783034638755,67785.71428571429,68350.0,68028.57142857143,0.015174870889292133,600.0,300.0,56.41965735987908,-167.27950659641647,-265.4179775531903,98.13847095677386,70490.2455836394,65619.7544163606,0.07156698504560702,0.8377482770221479,68400.0,67960.0,68020.0,68055.0,1.0256032960565038,1.0241716258908236,-95.0,0.016034985422740622,0.016034985422740622,0.00860832137733142,-0.004285714285714286,0.01248071366777031,0.013224124582970207,13217635.0,14842213.55,0.18691304176125656,1.1015897962201198,27.761695948079698,1341.3850714010111,-735417153.0,78.94736842105263,44.73684210526316,0.025411061285500747,-0.005943536404160454,0.0,0.011834170101360305,-0.0014347202295552368,69600.0
2023-11-03,69700.0,70200.0,69500.0,69600.0,10322234,-0.0014347202295552641,-0.0014357504261042647,68014.28571428571,68514.28571428571,68128.57142857143,0.014696186326552573,700.0,100.0,55.869784596471675,-44.36800349887926,-221.20798274232814,176.83997924344888,70640.87991036955,65759.12008963045,0.07158005602256742,0.7867818269248732,69300.0,68420.0,68100.0,68200.0,1.0172464191756796,1.0205278592375366,220.0,-0.0014347202295552641,0.0014347202295552641,0.010057471264367816,-0.0014347202295552368,0.013305111575774823,0.012739849497126452,13015136.6,14552909.6,-0.3686719003774366,0.7092900515234425,27.30033061378294,1295.5718520152247,-745739387.0,76.3157894736842,68.42105263157895,0.016034985422740622,0.025411061285500747,-0.005943536404160454,0.013337108826228702,0.01867816091954023,70900.0
2023-11-06,69800.0,70900.0,69300.0,70900.0,22228489,0.018678160919540332,0.018505866197707953,68614.28571428571,68621.42857142857,68328.57142857143,0.01162105650018119,1600.0,-1100.0,61.16821414301058,156.13950466584356,-145.7384852606938,301.87798992653734,70939.18270550185,65950.81729449815,0.0728813706041888,0.9921451813823785,70066.66666666667,69140.0,68350.0,68445.0,1.025455597338733,1.0358682153553949,695.0,0.018678160919540332,0.018678160919540332,0.022566995768688293,0.015759312320916905,0.013533970836105537,0.013563004997024545,15432980.4,14945007.7,1.1534571876591833,1.4873521276272077,28.08591102494101,1317.3167197284229,-723510898.0,100.0,85.0877192982456,-0.0014347202295552641,0.016034985422740622,0.025411061285500747,0.011092808704241897,0.0,70900.0
2023-11-07,70600.0,70900.0,70000.0,70900.0,17228731,0.0,0.0,69128.57142857143,68650.0,68561.90476190476,0.012075355296140006,900.0,-300.0,61.16821414301058,311.4529141434323,-54.30020537986859,365.7531195233009,71199.07305673823,66140.92694326177,0.07365874637361955,0.9408729898210325,70466.66666666667,69940.0,68590.0,68670.0,1.0137260509007722,1.0324741517402067,1270.0,0.0,0.0,0.012693935119887164,0.00424929178470255,0.011883641323506512,0.01359738979792747,15980948.2,14811984.15,-0.22492567983365852,1.163161587639155,27.831114667703407,1287.508382604964,-723510898.0,100.0,92.10526315789474,0.018678160919540332,-0.0014347202295552641,0.016034985422740622,0.005747813563328356,-0.014104372355430184,69900.0
2023-11-08,71300.0,71400.0,69700.0,69900.0,12901310,-0.014104372355430161,-0.01420478429831722,69500.0,68678.57142857143,68728.57142857143,0.014487498902587347,1700.0,1400.0,55.25026170419632,349.81580858719826,26.522997413544786,323.2928111736535,71331.39078435078,66178.60921564922,0.07494409961023277,0.7222100791065607,70566.66666666667,70200.0,68780.0,68755.0,0.9957264957264957,1.0166533343029598,1445.0,-0.014104372355430161,0.014104372355430161,0.024320457796852647,-0.019635343618513323,0.013541208651962509,0.014349221946963238,15806159.0,14196582.2,-0.2511746802477791,0.908761687725092,27.527660342786618,1316.9720695617523,-736412208.0,68.08510638297872,89.36170212765957,0.0,0.018678160919540332,-0.0014347202295552641,0.0015245961880367236,0.005722460658082976,70300.0
2023-11-09,69900.0,70800.0,69600.0,70300.0,12301373,0.005722460658083017,0.005706149576854689,69985.71428571429,68785.71428571429,68828.57142857143,0.013604794979950804,1200.0,-400.0,57.040653227919776,407.79453433559684,102.77730479795521,305.01722953764164,71492.44506183316,66157.55493816684,0.07751384124469775,0.7764817954650448,70366.66666666667,70320.0,69140.0,68825.0,0.9997155858930603,1.0214311660007265,1495.0,0.005722460658083017,0.005722460658083017,0.017069701280227598,0.005722460658082976,0.011904900816258402,0.012096718583804062,14996427.4,13846081.85,-0.04650202188769981,0.8884371140706495,27.4857485179291,1308.616921735913,-724110835.0,76.59574468085107,81.56028368794325,-0.014104372355430161,0.0,0.018678160919540332,-0.0027939705657823812,0.002844950213371266,70500.0
2023-11-10,70000.0,70500.0,69500.0,70500.0,9684347,0.002844950213371167,0.0028409110016036497,70257.14285714286,68935.71428571429,68904.76190476191,0.011055657793963362,1000.0,-500.0,57.94662171342447,464.526646710161,175.12717318039637,289.39947352976463,71688.03617676365,66211.96382323635,0.07942091883288324,0.7830495837042035,70233.33333333333,70500.0,69460.0,68950.0,1.0,1.0224800580130529,1550.0,0.002844950213371167,0.002844950213371167,0.014184397163120567,0.007142857142857143,0.011769760915750186,0.012046231701278637,14868850.0,13844094.9,-0.2127425938551737,0.6995290822515237,27.24938941750065,1286.5728558976334,-714426488.0,80.85106382978724,75.177304964539,0.005722460658083017,-0.014104372355430161,0.0,-0.0018456538279919925,-0.0014184397163120568,70400.0
2023-11-13,71300.0,71300.0,70300.0,70400.0,9246919,-0.0014184397163120588,-0.0014194466542262543,70357.14285714286,69071.42857142857,69019.04761904762,0.009786764375962544,1000.0,900.0,57.29599131932509,495.703923964189,239.24252333715492,256.4614006270341,71800.39568426236,66409.60431573764,0.0780087022433213,0.74022447011419,70400.0,70400.0,69770.0,69105.0,1.0,1.0187395991606976,1295.0,-0.0014184397163120588,0.0014184397163120588,0.014204545454545454,-0.012622720897615708,0.007617579459676013,0.012116144780377215,12272536.0,13676475.9,-0.045168559119164176,0.6761185460064314,27.201749515071374,1266.1033661906595,-723673407.0,78.72340425531915,78.72340425531915,0.002844950213371167,0.005722460658083017,-0.014104372355430161,0.0023829903850473753,0.005681818181818182,70800.0
2023-11-14,71000.0,71100.0,70600.0,70800.0,9567984,0.005681818181818121,0.0056657375356773,70528.57142857143,69271.42857142857,69185.71428571429,0.009808530684013331,500.0,200.0,59.266172300981495,546.3903500297165,300.6720886756673,245.71826135404922,71973.40179952455,66376.59820047545,0.08090789445679948,0.7903442958541707,70566.66666666667,70380.0,70160.0,69175.0,1.0059676044330776,1.023491145645103,1205.0,0.005681818181818121,0.005681818181818121,0.007062146892655367,-0.0028169014084507044,0.008272609074221345,0.011538269412805412,10740386.6,13289912.45,0.03472129473611707,0.7199433431933557,27.241547362613638,1225.6674114627554,-714105423.0,87.23404255319149,82.2695035460993,-0.0014184397163120588,0.002844950213371167,0.005722460658083017,0.0023694428929590763,0.01977401129943503,72200.0
2023-11-15,71600.0,72200.0,71500.0,72200.0,20148677,0.019774011299435124,0.019581045199106563,70714.28571428571,69664.28571428571,69319.04761904762,0.010105917744898036,700.0,-600.0,65.30031691007063,691.5561784282909,378.84890662619205,312.70727180209883,72318.9988042191,66201.0011957809,0.08833378008140619,0.9805493869342204,71133.33333333333,70840.0,70520.0,69260.0,1.0191981931112366,1.042448743863702,1580.0,0.019774011299435124,0.019774011299435124,0.009695290858725761,0.008379888268156424,0.007961347950289148,0.010567392550983696,12189860.0,13472687.1,1.1058435089356338,1.4955202960217193,28.00584451151478,1238.1197392154156,-693956746.0,100.0,88.65248226950355,0.005681818181818121,-0.0014184397163120588,0.002844950213371167,0.008012463254980395,0.008310249307479225,72800.0
2023-11-16,72500.0,73000.0,72300.0,72800.0,15860451,0.008310249307479145,0.008275909303859661,70985.71428571429,70057.14285714286,69428.57142857143,0.01023491457435969,700.0,-300.0,67.52092559519386,845.272355339679,472.13359636888947,373.1387589707896,72870.13386799763,65979.86613200237,0.09924764473885869,0.9898213145432292,71933.33333333333,71340.0,70830.0,69425.0,1.0204653770675638,1.0486136118113072,1915.0,0.008310249307479145,0.008310249307479145,0.009615384615384616,0.004137931034482759,0.007980552441585404,0.009949852017255467,12901675.6,13566459.05,-0.21282915994931084,1.1690929034278845,27.774810444270095,1206.8254721286003,-678096295.0,96.82539682539682,94.68647979286277,0.019774011299435124,0.005681818181818121,-0.0014184397163120588,0.01125535959624413,-0.004120879120879121,72500.0
2023-11-17,72300.0,73000.0,72300.0,72500.0,11494644,-0.004120879120879106,-0.004129393342011178,71357.14285714286,70428.57142857143,69571.42857142857,0.007672099282458168,700.0,-200.0,65.27173444232952,932.1409001524153,564.1350571255947,368.00584302682057,73302.32489874576,65917.67510125424,0.10608604794557572,0.8913523429346233,72500.0,71740.0,71120.0,69610.0,1.0105938109841093,1.041517023416176,2130.0,-0.004120879120879106,0.004120879120879106,0.009655172413793104,0.0027662517289073307,0.009380810795970817,0.010159095248555518,13263735.0,13380966.5,-0.27526373619514355,0.8590294281059593,27.448733586556855,1170.623652690843,-689590939.0,91.80327868852459,96.20955850464047,0.008310249307479145,0.019774011299435124,0.005681818181818121,0.007987793828678388,0.002758620689655172,72700.0
2023-11-20,72100.0,73000.0,72100.0,72700.0,10610157,0.0027586206896552667,0.0027548226788446837,71700.0,70842.85714285714,69757.14285714286,0.007721689950179309,900.0,-600.0,66.08288287786277,1005.5320289925585,652.4144514989874,353.11757749357105,73716.08292327376,65933.91707672624,0.11145242888002176,0.8694344295265135,72666.66666666667,72200.0,71300.0,69825.0,1.0069252077562327,1.0411743644826352,2375.0,0.0027586206896552667,0.0027586206896552667,0.012379642365887207,0.008321775312066574,0.008759922122368476,0.008781102448005555,13536382.6,13330176.4,-0.07694775062194181,0.7959502321364629,27.371418971364573,1151.2933917843543,-678980782.0,94.73684210526316,94.4551725397282,-0.004120879120879106,0.008310249307479145,0.019774011299435124,0.0023159969587517684,0.001375515818431912,72800.0
2023-11-21,73100.0,73400.0,72700.0,72800.0,9712881,0.0013755158184318717,0.0013745706631665632,72028.57142857143,71142.85714285714,69966.66666666667,0.007803018684116824,700.0,300.0,66.50415514042615,1059.5503546765249,733.8416321344951,325.7087225420298,74094.57506372388,65985.42493627612,0.11577884248212111,0.8403562588708257,72666.66666666667,72600.0,71490.0,70040.0,1.002754820936639,1.0394060536836094,2560.0,0.0013755158184318717,0.0013755158184318717,0.009615384615384616,-0.004103967168262654,0.009064509632926808,0.008747518636037656,13565362.0,13176234.95,-0.08456764588874599,0.73715147284923,27.28443473487407,1119.0581495140434,-669267901.0,85.36585365853658,90.63532481744146,0.0027586206896552667,-0.004120879120879106,0.008310249307479145,4.419129069344052e-06,0.0,72800.0
2023-11-22,72200.0,73000.0,71900.0,72800.0,11105143,0.0,0.0,72371.42857142857,71364.28571428571,70171.42857142857,0.007637629128549767,1100.0,-600.0,66.50415514042615,1089.7977567972848,805.0328570670531,284.7648997302317,74393.95570940553,66166.04429059447,0.11707329850328783,0.8062745661357812,72766.66666666667,72720.0,71780.0,70280.0,1.001100110011001,1.0358565737051793,2440.0,0.0,0.0,0.01510989010989011,0.008310249307479225,0.004519064267583723,0.006617973302629579,11756655.2,13200956.95,0.1433418158834645,0.8412377255726147,27.418390126496167,1117.6968531201833,-669267901.0,85.36585365853658,88.48951647411211,0.0013755158184318717,0.0027586206896552667,-0.004120879120879106,0.0013780455026957128,-0.005494505494505495,72400.0
2023-11-23,73000.0,73200.0,72200.0,72400.0,6775614,-0.005494505494505475,-0.0055096558109695845,72600.0,71564.28571428571,70380.95238095238,0.008538653158034626,1000.0,600.0,62.880954238207146,1069.1676843073074,857.859822515104,211.3078617922033,74416.05590441769,66713.94409558231,0.10914917889655472,0.7382463466571599,72666.66666666667,72640.0,71990.0,70565.0,0.9966960352422908,1.026004393112733,2075.0,-0.005494505494505475,0.005494505494505475,0.013812154696132596,-0.00821917808219178,0.0035589482670955993,0.007233083136924624,9939687.8,12763856.45,-0.3898670192720616,0.5308437952543724,26.918802126305753,1109.2899350401701,-676043515.0,75.60975609756098,82.11382113821138,0.0,0.0013755158184318717,0.0027586206896552667,-0.0013729965586912012,-0.009668508287292817,71700.0
2023-11-24,72400.0,72600.0,71700.0,71700.0,6676685,-0.00966850828729282,-0.00971555178609601,72528.57142857143,71621.42857142857,70619.04761904762,0.005956373988123173,900.0,700.0,57.02580716497972,984.9798191449954,883.2838218410823,101.69599730391315,74342.21653455158,67227.78346544842,0.10050763677478512,0.6286117939563867,72300.0,72480.0,72110.0,70785.0,0.9892384105960265,1.012926467471922,1695.0,-0.00966850828729282,0.00966850828729282,0.012552301255230125,-0.009668508287292817,0.005216427135095376,0.008266017436725876,8976096.0,12530954.4,-0.014600743194638888,0.5328153616136373,26.8943781914411,1094.3406539658722,-682720200.0,56.41025641025641,72.46195538878466,-0.005494505494505475,0.0,0.0013755158184318717,-0.005054337927266099,-0.005578800557880056,71300.0
2023-11-27,71500.0,72100.0,71100.0,71300.0,9113857,-0.00557880055788007,-0.0055944201853244365,72314.28571428571,71650.0,70809.52380952382,0.004484301475116824,1000.0,200.0,53.935241690498486,875.8869923751481,881.8044559478956,-5.917463572747465,74144.79679559881,67825.20320440119,0.08902716899623338,0.5498449774426561,71800.0,72200.0,72200.0,70985.0,0.9875346260387812,1.0044375572304007,1215.0,-0.00557880055788007,0.00557880055788007,0.014025245441795231,-0.002797202797202797,0.004518683405571687,0.008541620078643924,8676836.0,12479683.75,0.3650272552921099,0.7302955092912511,27.199958166939773,1087.6020358254527,-691834057.0,46.15384615384615,59.39128622055452,-0.00966850828729282,-0.005494505494505475,0.0,-0.006913938113226122,0.019635343618513323,72700.0
2023-11-28,71400.0,72700.0,71300.0,72700.0,13283081,0.019635343618513268,0.019445057119223376,72342.85714285714,71850.0,71066.66666666667,0.009509209396073878,1400.0,-1300.0,61.7490307004809,892.1146979842306,883.8665043551626,8.248193629067941,73870.44134772422,68679.55865227578,0.0728289399571861,0.7745197847081949,71900.0,72180.0,72390.0,71275.0,1.0072042116929898,1.0199929849175728,905.0,0.019635343618513268,0.019635343618513268,0.01925722145804677,0.018207282913165267,0.011619966892389769,0.010295863017903455,9390876.0,12419393.2,0.45745988772920176,1.0695434781789501,27.59609834163872,1109.9161761236346,-678550976.0,82.05128205128206,61.53846153846154,-0.00557880055788007,-0.00966850828729282,-0.005494505494505475,0.0014626782577801256,0.0,72700.0
2023-11-29,72400.0,72800.0,72200.0,72700.0,9283933,0.0,0.0,72342.85714285714,72021.42857142857,71342.85714285714,0.009452032248424379,600.0,-300.0,61.7490307004809,894.6621630855661,886.0256361012434,8.6365269843227,73821.02991280213,69138.97008719787,0.06550167635148654,0.760569075458695,72233.33333333333,72160.0,72440.0,71480.0,1.0074833702882484,1.0170677112479014,680.0,0.0,0.0,0.008253094910591471,0.004143646408839779,0.011619966892389769,0.008371079428242414,9026634.0,12194827.05,-0.30107081331507346,0.7613009157026134,27.237892493156583,1073.4935921148037,-678550976.0,82.05128205128206,70.08547008547009,0.019635343618513268,-0.00557880055788007,-0.00966850828729282,0.0046855143535443995,0.001375515818431912,72800.0
2023-11-30,72700.0,72800.0,72200.0,72800.0,15783714,0.0013755158184318717,0.0013745706631665632,72342.85714285714,72185.71428571429,71542.85714285714,0.009452032248424379,600.0,-100.0,62.27908027186689,894.439668072795,887.7084424955538,6.7312255772412755,73888.67536073447,69381.32463926553,0.06292106821342842,0.7584666851973584,72733.33333333333,72240.0,72440.0,71635.0,1.0077519379844961,1.0162629999302017,605.0,0.0013755158184318717,0.0013755158184318717,0.008241758241758242,0.001375515818431912,0.011240530768886299,0.007949193730707156,10828254.0,12166511.2,0.7001107181622273,1.2973081387538608,27.769960441091275,1039.6726212494607,-662767262.0,80.64516129032258,81.58257513096223,0.0,0.019635343618513268,-0.00557880055788007,0.007003619812315047,-0.01098901098901099,72000.0
2023-12-01,72400.0,72500.0,71700.0,72000.0,9871284,-0.01098901098901095,-0.011049836186584935,72228.57142857143,72300.0,71652.38095238095,0.01033361556922111,800.0,400.0,55.636886629835864,820.2546401502914,874.2176820265013,-53.9630418762099,73798.1915179322,69711.8084820678,0.056949105091831785,0.5599552214879865,72500.0,72300.0,72390.0,71755.0,0.995850622406639,1.0034143962093234,545.0,-0.01098901098901095,0.01098901098901095,0.011111111111111112,-0.0055248618784530384,0.011569053613567455,0.00861622823581397,11467173.8,12143963.7,-0.37459054313832596,0.812855196528626,27.28956189213355,1043.9817197316422,-672638546.0,50.0,70.89881444720154,0.0013755158184318717,0.0,0.019635343618513268,-0.003204498390193026,0.008333333333333333,72600.0
2023-12-04,72800.0,72900.0,72400.0,72600.0,10229267,0.008333333333333304,0.008298802814695064,72257.14285714286,72428.57142857143,71795.23809523809,0.010767010107781286,500.0,200.0,59.15533085910135,800.6480839129799,859.503762403797,-58.85567849081713,73874.85419107857,69805.14580892143,0.05664961556454821,0.686745567159572,72466.66666666667,72560.0,72380.0,71840.0,1.0005512679162072,1.0105790645879733,720.0,0.008333333333333304,0.008333333333333304,0.006887052341597796,-0.0027472527472527475,0.011294456938031838,0.009032189574581871,11690255.8,11544002.6,0.03626508972895515,0.8861109404116039,27.333483684171007,1033.697311179382,-662409279.0,65.21739130434783,65.28751753155679,-0.01098901098901095,0.0013755158184318717,0.0,-0.0004267206124152582,-0.01928374655647383,71200.0
2023-12-05,72300.0,72400.0,71200.0,71200.0,12129682,-0.019283746556473802,-0.019472103412820296,72185.71428571429,72357.14285714286,71809.52380952382,0.012743842881479957,1200.0,1100.0,49.325206063197584,664.4817155343189,820.4993530299015,-156.01763749558256,73864.94893886505,69845.05106113495,0.05594458113882275,0.33706053737617464,71933.33333333333,72260.0,72220.0,71855.0,0.9853307500691946,0.9908844200125252,405.0,-0.019283746556473802,0.019283746556473802,0.016853932584269662,-0.015214384508990318,0.010947406842456611,0.010838904089211496,11459576.0,11289050.15,0.185782128866125,1.0744643560645357,27.484414161984407,1059.8617889522834,-674538961.0,4.3478260869565215,39.85507246376812,0.008333333333333304,-0.01098901098901095,0.0013755158184318717,-0.007313141404050483,0.007022471910112359,71700.0
2023-12-06,71800.0,72100.0,71600.0,71700.0,8123087,0.0070224719101124045,0.006997929187644637,72242.85714285714,72278.57142857143,71847.61904761905,0.012875243986529764,500.0,100.0,52.369436443063144,590.1122620691749,774.4219348377562,-184.30967276858132,73735.58943544254,70154.41056455746,0.04977661923531976,0.4315867738437067,71833.33333333333,72060.0,72110.0,71945.0,0.9950041631973355,0.9965946208909584,115.0,0.0070224719101124045,0.0070224719101124045,0.00697350069735007,-0.001392757660167131,0.012006235289449873,0.011215842480739119,11227406.8,11050139.0,-0.3303132761435955,0.7351117483680522,27.09046683889386,1048.443089741406,-666415874.0,26.08695652173913,31.88405797101449,-0.019283746556473802,0.008333333333333304,-0.01098901098901095,-0.0013093137710093645,-0.002789400278940028,71500.0
2023-12-07,71800.0,71900.0,71100.0,71500.0,8862017,-0.002789400278940035,-0.002793297905612711,72071.42857142857,72207.14285714286,71923.80952380953,0.009909763057493347,800.0,300.0,51.04840730855281,509.16625423100777,721.3707987164066,-212.20454448539886,73636.88621894468,70373.11378105532,0.04532702503839125,0.3452710752326296,71466.66666666667,71800.0,72020.0,72005.0,0.9958217270194986,0.992986598152906,-205.0,-0.002789400278940035,0.002789400278940035,0.011188811188811189,-0.004178272980501393,0.011794687040310193,0.011140219092571202,9843067.4,10878171.2,0.0909666485167524,0.8146605561787813,27.174737677726274,1030.697154759877,-675277891.0,17.391304347826086,15.942028985507244,0.0070224719101124045,-0.019283746556473802,0.008333333333333304,-0.0050168916417671445,0.015384615384615385,72600.0
2023-12-08,72100.0,72800.0,71900.0,72600.0,10859463,0.01538461538461533,0.01526747213078838,72057.14285714286,72200.0,72033.33333333333,0.011983459648458627,900.0,-500.0,57.41157600809901,527.6938406343834,682.635407100002,-154.94156646561862,73598.05772383879,70621.94227616121,0.041271882508356464,0.664644150609941,71933.33333333333,71920.0,72110.0,72110.0,1.0094549499443826,1.0067951740396617,-190.0,0.01538461538461533,0.01538461538461533,0.012396694214876033,0.006934812760055479,0.01341701582763872,0.01181910726737023,10040703.2,10936927.0,0.2253940609682874,0.9929172060854022,27.39326762454784,1049.9330722770287,-664418428.0,65.21739130434783,36.23188405797101,-0.002789400278940035,0.0070224719101124045,-0.019283746556473802,0.006539229005262566,0.005509641873278237,73000.0
2023-12-11,72800.0,73000.0,72200.0,73000.0,9861960,0.005509641873278293,0.00549451931764078,72085.71428571429,72214.28571428571,72152.38095238095,0.012173164119687049,800.0,-200.0,59.474516974268354,568.1049827950483,659.7293222390113,-91.62433944396298,73541.65886063754,70938.34113936246,0.036037067016543314,0.7919351694144181,72366.66666666667,72000.0,72280.0,72240.0,1.0138888888888888,1.0105204872646734,-240.0,0.005509641873278293,0.005509641873278293,0.010958904109589041,0.0027472527472527475,0.013126040912129162,0.011619355701606892,9967241.8,10967679.05,-0.09185564700574977,0.8991838615117024,27.302410209917483,1032.0807099715266,-654556468.0,90.47619047619048,57.69496204278814,0.01538461538461533,-0.002789400278940035,0.0070224719101124045,0.006034952326317862,0.00684931506849315,73500.0
2023-12-12,73300.0,73500.0,73100.0,73500.0,13758646,0.006849315068493178,0.006825965070399891,72300.0,72264.28571428571,72300.0,0.011209737458049217,400.0,-200.0,61.955274848300114,633.1780430884974,654.4190664089085,-21.24102332041116,73605.96025845567,71144.03974154433,0.03401617294523442,0.9569603251901059,73033.33333333333,72460.0,72360.0,72375.0,1.01435274634281,1.0155440414507773,85.0,0.006849315068493178,0.006849315068493178,0.005442176870748299,0.002728512960436562,0.006452719870306299,0.010121397605147603,10293034.6,11177212.15,0.3951228761828278,1.2309550731753802,27.642218669666885,994.0749449735604,-640797822.0,100.0,85.2311939268461,0.005509641873278293,0.01538461538461533,-0.002789400278940035,0.009247857442128934,-0.009523809523809525,72800.0
2023-12-13,73300.0,73500.0,72800.0,72800.0,13116766,-0.00952380952380949,-0.009569451016150672,72328.57142857143,72292.85714285714,72395.23809523809,0.01180613405454304,700.0,500.0,56.72037926279328,621.105049949867,647.7562631171002,-26.65121316723321,73647.19669601134,71162.80330398866,0.034312456211900697,0.658992533657647,73100.0,72680.0,72370.0,72405.0,1.0016510731975785,1.0054554243491471,275.0,-0.00952380952380949,0.00952380952380949,0.009615384615384616,-0.0068212824010914054,0.009550132790328054,0.010673723719311494,11291770.4,10825616.6,-0.046652846508297374,1.2116414689949393,27.584873051378988,973.0695917611632,-653914588.0,70.83333333333333,87.10317460317462,0.006849315068493178,0.005509641873278293,0.01538461538461533,0.0009450491393206603,0.004120879120879121,73100.0
2023-12-14,74100.0,74300.0,72500.0,73100.0,27567593,0.004120879120879106,0.0041124115530925195,72600.0,72392.85714285714,72438.09523809524,0.007916848452718249,1800.0,1000.0,58.34482999828408,628.4996558959538,643.9049416728709,-15.40528577691714,73689.2310146004,71150.7689853996,0.035051947379188125,0.767878736092061,73133.33333333333,73000.0,72400.0,72420.0,1.0013698630136987,1.0093896713615023,580.0,0.004120879120879106,0.004120879120879106,0.024623803009575923,-0.01349527665317139,0.008969662720471954,0.010742719207162106,15032885.6,11410973.7,1.10170654870263,2.41588436927166,28.331735119885327,1032.1360494925088,-626346995.0,62.5,77.77777777777779,-0.00952380952380949,0.006849315068493178,0.005509641873278293,0.0004821282218542648,0.0027359781121751026,73300.0
2023-12-15,73800.0,74000.0,73200.0,73300.0,15419815,0.002735978112175186,0.0027322421368730716,72828.57142857143,72535.71428571429,72461.90476190476,0.007789421740346644,800.0,500.0,59.437872989087836,643.0851772964961,643.740988797596,-0.6558115010998335,73788.86972154707,71131.13027845293,0.03667871160770286,0.8160580703961217,73066.66666666667,73140.0,72530.0,72460.0,1.0021875854525568,1.0115926028153464,680.0,0.002735978112175186,0.002735978112175186,0.010914051841746248,-0.006775067750677507,0.006588862732923103,0.009965622635746062,15944956.0,11607232.25,-0.4406542856316835,1.3284661379977125,27.753479816497148,1022.6977602430441,-610927180.0,68.75,67.36111111111111,0.004120879120879106,-0.00952380952380949,0.006849315068493178,-0.0008889840969183993,-0.005457025920873124,72900.0
2023-12-18,73300.0,73400.0,72800.0,72900.0,9690551,-0.00545702592087316,-0.0054719698779933795,73028.57142857143,72550.0,72480.95238095238,0.008185925735737959,600.0,400.0,56.25829433758618,615.2751421852881,638.0478194751345,-22.772677289846342,73809.44214625358,71130.55785374642,0.036965424210116817,0.6605145848227597,73100.0,73120.0,72560.0,72470.0,0.9969912472647703,1.0059334897198842,650.0,-0.00545702592087316,0.00545702592087316,0.00823045267489712,-0.005457025920873124,0.006919853040128132,0.009920664215894147,15910674.2,11561251.95,-0.3715520581796863,0.8381921821191692,27.283505762993588,992.5050630828267,-620617731.0,56.25,62.5,0.002735978112175186,0.004120879120879106,-0.00952380952380949,0.0004666104373937108,0.006858710562414266,73400.0
2023-12-19,73000.0,73400.0,72800.0,73400.0,8907632,0.006858710562414272,0.006835296605857438,73142.85714285714,72600.0,72514.28571428571,0.006483846644722253,600.0,-400.0,59.196602460536255,626.3610104920517,635.710457678518,-9.34944718646625,73896.23554037741,71103.76445962259,0.03851684249317001,0.8222951908804453,73200.0,73100.0,72780.0,72500.0,1.0041039671682626,1.0124137931034483,600.0,0.006858710562414272,0.006858710562414272,0.008174386920980926,0.005479452054794521,0.006922265359696772,0.007216677247613975,14940471.4,11520989.5,-0.08079200037232148,0.7731655340888905,27.20609820992924,964.4689871483391,-611710099.0,71.875,65.625,-0.00545702592087316,0.002735978112175186,0.004120879120879106,0.0013792209179054327,0.01907356948228883,74800.0
2023-12-20,74200.0,74900.0,73800.0,74800.0,16870156,0.019073569482288777,0.018893949359961613,73400.0,72742.85714285714,72609.52380952382,0.009232445999525198,1100.0,-600.0,66.06943060167302,739.5894143165351,656.4862490061214,83.10316531041371,74332.6584381119,70867.3415618881,0.04773163741355104,1.1348625763763815,73700.0,73500.0,73090.0,72600.0,1.017687074829932,1.0303030303030303,900.0,0.019073569482288777,0.019073569482288777,0.014705882352941176,0.008086253369272238,0.0088836993137703,0.00878550423374583,15691149.4,11809240.15,0.8938990744116955,1.4285555874651257,27.863629865627107,1002.7212023520292,-594839943.0,97.36842105263158,75.16447368421053,0.006858710562414272,-0.00545702592087316,0.002735978112175186,0.006825084707943296,0.00267379679144385,75000.0
2023-12-21,74600.0,75000.0,74300.0,75000.0,13478766,0.002673796791443861,0.002670228555878892,73614.28571428571,72957.14285714286,72714.28571428571,0.00911427077821702,700.0,-400.0,66.92648070365755,835.8271732751309,692.3544338599233,143.47273941520757,74763.50876436254,70696.49123563746,0.05591939404269338,1.0581485656177119,74400.0,73880.0,73440.0,72730.0,1.0151597184623715,1.0312113295751408,1150.0,0.002673796791443861,0.002673796791443861,0.009333333333333334,0.005361930294906166,0.008961722982183984,0.00846118970166467,12873384.0,12144397.75,-0.20102896499593725,1.109875209744345,27.641869508750847,981.0982593268843,-581361177.0,100.0,89.74780701754385,0.019073569482288777,0.006858710562414272,-0.00545702592087316,0.009535358945382303,0.012,75900.0
2023-12-22,75800.0,76300.0,75400.0,75900.0,14515608,0.01200000000000001,0.011928570865273812,74057.14285714286,73192.85714285714,72880.95238095238,0.007735432660320624,900.0,-100.0,70.53344338234014,973.4969026782928,748.5829276235972,224.91397505469558,75356.95763523664,70523.04236476336,0.06627248794177795,1.112340066877132,75233.33333333333,74400.0,73770.0,72940.0,1.0201612903225807,1.0405812996983823,1460.0,0.01200000000000001,0.01200000000000001,0.011857707509881422,0.0013192612137203166,0.009282781486558735,0.008049421631480062,12692542.6,12536343.9,0.0769241041798634,1.157882083946341,27.727907005650607,1003.8769550892498,-566845569.0,92.3076923076923,96.5587044534413,0.002673796791443861,0.019073569482288777,0.006858710562414272,0.011249122091244216,0.00922266139657444,76600.0
2023-12-26,76100.0,76700.0,75700.0,76600.0,13164909,0.00922266139657446,0.009180392344961394,74557.14285714286,73578.57142857143,73114.28571428571,0.007771074081360541,1000.0,-500.0,72.99986536491184,1126.1042758269032,824.0871972642584,302.01707856264477,75997.82916356236,70412.17083643764,0.07630159588996273,1.1078066006138283,75833.33333333333,75140.0,74130.0,73205.0,1.0194303965930263,1.0463766136192882,1935.0,0.00922266139657446,0.00922266139657446,0.013054830287206266,0.006570302233902759,0.006133290412157683,0.008186453802373293,13387414.2,12738896.5,-0.09305149326159812,1.0334418683753337,27.639417794350955,1003.600029725732,-553680660.0,98.21428571428571,96.84065934065934,0.01200000000000001,0.002673796791443861,0.019073569482288777,0.007965486062672777,0.018276762402088774,78000.0
2023-12-27,76700.0,78000.0,76500.0,78000.0,20651042,0.018276762402088753,0.018111749943046103,75228.57142857143,74028.57142857143,73433.33333333333,0.00859854155832944,1500.0,-1300.0,77.12399940778526,1344.5162715891784,928.1730121292424,416.343259459936,76975.84474391313,69964.15525608687,0.09543608939466794,1.1460639775713142,76833.33333333333,76060.0,74580.0,73470.0,1.0255061793321063,1.0616578195181707,2590.0,0.018276762402088753,0.018276762402088753,0.019230769230769232,0.01694915254237288,0.006778899438358004,0.009227137977369307,15736096.2,13107294.55,0.5686429735290992,1.575538103704246,28.107740441819026,1039.0571704596084,-533029618.0,100.0,96.84065934065934,0.00922266139657446,0.01200000000000001,0.002673796791443861,0.013166474599554409,0.00641025641025641,78500.0
2023-12-28,77700.0,78500.0,77500.0,78500.0,17797536,0.0064102564102563875,0.006389798098770988,76028.57142857143,74528.57142857143,73709.52380952382,0.006106980685611203,1000.0,-800.0,78.39334818237879,1540.2006982224266,1050.5785493478793,489.6221488745473,77899.87032596332,69620.12967403668,0.11225244918555635,1.0724816995200248,77700.0,76800.0,75150.0,73760.0,1.0221354166666667,1.0642624728850325,3040.0,0.0064102564102563875,0.0064102564102563875,0.012738853503184714,0.010296010296010296,0.005900577433109265,0.0074543780151717694,15921572.2,13532974.7,-0.1381773374922195,1.315123717773595,27.96542448248534,1036.2673725696363,-515232082.0,100.0,99.40476190476191,0.018276762402088753,0.00922266139657446,0.01200000000000001,0.011303226736306534,0.014012738853503185,79600.0
2024-01-02,78200.0,79800.0,78200.0,79600.0,17142847,0.014012738853503182,0.013915468061974579,76914.28571428571,75028.57142857143,74038.09523809524,0.005969557984930123,1600.0,-1400.0,80.90381684499698,1763.711850733118,1193.2052096249272,570.5066411081907,78961.88181025044,69238.11818974956,0.13122488016870296,1.0656246094263535,78700.0,77720.0,75800.0,74100.0,1.0241893978383942,1.0742240215924426,3620.0,0.014012738853503182,0.014012738853503182,0.020100502512562814,0.017902813299232736,0.0045389013896939565,0.007597593263501065,16654388.4,13600931.35,-0.036785372986462894,1.260417140477663,27.941860931857374,1076.5339888146623,-498089235.0,97.36842105263158,99.12280701754385,0.0064102564102563875,0.018276762402088753,0.00922266139657446,0.01289991922194944,-0.032663316582914576,77000.0
2024-01-03,78500.0,78800.0,77000.0,77000.0,21753644,-0.03266331658291455,-0.03320867099665346,77228.57142857143,75314.28571428571,74238.09523809524,0.01721908824580422,1800.0,1500.0,62.437568914161126,1711.3207383043627,1296.8283153608145,414.49242294354826,79271.06107514072,69428.93892485928,0.13237555010465965,0.7692508749166683,78366.66666666667,77940.0,76170.0,74350.0,0.9879394405953298,1.0356422326832548,3590.0,-0.03266331658291455,0.03266331658291455,0.023376623376623377,-0.01910828025477707,0.02047480142186767,0.015133153840514777,18101995.6,14195049.35,0.2689633174699628,1.5324810406523877,28.146852542531974,1185.352989613615,-519842879.0,61.64383561643836,86.33741888968997,0.014012738853503182,0.0064102564102563875,0.018276762402088753,-0.004080107106384993,-0.005194805194805195,76600.0
2024-01-04,76100.0,77300.0,76100.0,76600.0,15324439,-0.0051948051948051965,-0.005208345107138235,77457.14285714286,75535.71428571429,74457.14285714286,0.017584855588161884,1200.0,-500.0,60.162437932553324,1618.8625079022895,1361.2351538691096,257.6273540331799,79496.6628836229,69603.3371163771,0.13270725375245893,0.7072104010551242,77733.33333333333,77940.0,76540.0,74550.0,0.9828072876571722,1.027498323272971,3390.0,-0.0051948051948051965,0.0051948051948051965,0.015665796344647518,0.006570302233902759,0.020403583400582834,0.015113156472533662,18533901.6,14449807.95,-0.29554611631963823,1.06052890481496,27.791311787994488,1186.399204641214,-535167318.0,56.16438356164384,71.72554674357126,-0.03266331658291455,0.014012738853503182,0.0064102564102563875,-0.007948460974738855,0.0,76600.0
2024-01-05,76700.0,77100.0,76400.0,76600.0,11304316,0.0,0.0,77557.14285714286,75807.14285714286,74647.61904761905,0.017149769704383214,700.0,100.0,60.162437932553324,1527.975147810619,1394.5831526574116,133.39199515320752,79582.83860517542,70057.16139482458,0.12731458447408234,0.6868633547718589,76733.33333333333,77660.0,76860.0,74820.0,0.9863507597218646,1.0237904303662122,2840.0,0.0,0.0,0.009138381201044387,-0.001303780964797914,0.017822245658991948,0.01517830348984854,16664556.4,14408539.65,-0.2623341056726448,0.7845566778171027,27.48704751339191,1151.6564043096987,-535167318.0,56.16438356164384,57.99086757990869,-0.0051948051948051965,-0.03266331658291455,0.014012738853503182,-0.012619373925906582,-0.0013054830287206266,76500.0
2024-01-08,77000.0,77500.0,76400.0,76500.0,11088724,-0.0013054830287205776,-0.0013063359140554128,77542.85714285714,76050.0,74900.0,0.01680233451597293,1100.0,500.0,59.533466434462305,1431.3770719802706,1401.9419365219835,29.43513545828705,79641.15131472678,70478.84868527322,0.12206638195381783,0.6571657320476305,76566.66666666667,77260.0,77030.0,75060.0,0.990163085684701,1.0191846522781776,2200.0,-0.0013054830287205776,0.0013054830287205776,0.01437908496732026,-0.006493506493506494,0.01706916939752716,0.014330886476953174,15322794.0,14556821.5,-0.019071653694040402,0.7617544805368397,27.466485313911246,1147.9666611447203,-546256042.0,52.857142857142854,55.06196999347685,0.0,-0.0051948051948051965,-0.03266331658291455,-0.002166762741175258,-0.023529411764705882,74700.0
2024-01-09,77400.0,77700.0,74300.0,74700.0,26019249,-0.02352941176470591,-0.02381064869371856,77071.42857142857,76150.0,75042.85714285714,0.01666386042351786,3400.0,2700.0,49.501595719541974,1195.793085822821,1360.712166382151,-164.91908055933004,79490.63412030059,70949.36587969941,0.11355049508908766,0.43911911143029503,75933.33333333333,76280.0,77000.0,75220.0,0.9792868379653906,0.9930869449614464,1060.0,-0.02352941176470591,0.02352941176470591,0.04551539491298527,-0.03488372093023256,0.014689561683224522,0.016495770160335318,17098074.4,15414683.1,1.3464601517721966,1.6879522485934206,28.29558253934,1308.826185348669,-572275291.0,27.142857142857142,45.38812785388129,-0.0013054830287205776,0.0,-0.0051948051948051965,-0.008278298264475495,-0.014725568942436412,73600.0
2024-01-10,75000.0,75200.0,73200.0,73600.0,20259529,-0.014725568942436373,-0.014835066403941029,76371.42857142857,76200.0,75142.85714285714,0.01591042114702853,2000.0,1400.0,44.55996323693039,909.8421783111553,1270.538168767952,-360.6959904567966,79433.55111590319,71106.44888409681,0.11062976261201511,0.299450042342313,74933.33333333333,75600.0,76770.0,75270.0,0.9735449735449735,0.9778132057924804,330.0,-0.014725568942436373,0.014725568942436373,0.02717391304347826,-0.018666666666666668,0.009981972077331437,0.016450604571281495,16799251.4,15884686.4,-0.22136380646497522,1.2754125885670617,28.03053611345334,1358.1957435380498,-592534820.0,11.428571428571429,30.47619047619048,-0.02352941176470591,-0.0013054830287205776,0.0,-0.01318682124528762,-0.005434782608695652,73200.0
2024-01-11,72900.0,73600.0,72700.0,73200.0,57691266,-0.005434782608695676,-0.005449604767564703,75457.14285714286,76185.71428571429,75171.42857142857,0.012548046048866038,900.0,-300.0,42.88350214309054,643.529163271407,1145.136367668643,-501.60720439723605,79421.49731377455,71138.50268622545,0.11002915286329848,0.24888309198198041,73833.33333333333,74920.0,76430.0,75280.0,0.9770421783235451,0.9723698193411264,-360.0,-0.005434782608695676,0.005434782608695676,0.012295081967213115,0.00411522633744856,0.009959948643091571,0.015888951953100975,25272616.8,18276151.7,1.8476114128813164,3.1566418875807427,29.07156705081972,1325.4674761424749,-650226086.0,7.042253521126761,15.204560697518447,-0.014725568942436373,-0.02352941176470591,-0.0013054830287205776,-0.014563254438612653,-0.001366120218579235,73100.0
2024-01-12,73000.0,74100.0,72800.0,73100.0,13038939,-0.001366120218579181,-0.0013670542115330011,74900.0,76064.28571428571,75176.19047619047,0.008770040804090159,1300.0,-100.0,42.45348409336356,419.5684915078309,1000.0227924364807,-580.4543009286498,79441.36215528936,71078.63784471064,0.11111778249506671,0.24171096406136067,73300.0,74220.0,75940.0,75260.0,0.9849097278361627,0.9712994950837098,-1040.0,-0.001366120218579181,0.001366120218579181,0.017783857729138167,0.0013698630136986301,0.009665761340226571,0.013856046681667589,25619541.4,18240166.35,-0.7739876431208842,0.7148475923850333,27.58303439186071,1323.6483707037266,-663265025.0,5.633802816901408,8.034875922199872,-0.005434782608695676,-0.014725568942436373,-0.02352941176470591,-0.0071754905899037436,0.01094391244870041,73900.0
2024-01-15,73200.0,74000.0,73200.0,73900.0,2957915,0.010943912448700521,0.01088446119842338,74514.28571428571,75985.71428571429,75195.23809523809,0.011216186499305933,800.0,-700.0,47.02967125527104,303.1369852371281,860.6456309966102,-557.5086457594821,79387.64300579285,71242.35699420715,0.10814958522984404,0.32627988777959055,73400.0,73700.0,75480.0,75315.0,1.0027137042062415,0.9812122419172807,-1615.0,0.010943912448700521,0.010943912448700521,0.010825439783491205,0.009562841530054645,0.013123668032806136,0.014385096325893718,23993379.6,17732223.8,-0.7731475697524162,0.1668101549677035,26.11046329314869,1293.3877727963177,-660307110.0,16.901408450704224,9.85915492957747,-0.001366120218579181,-0.005434782608695676,-0.014725568942436373,0.001381003207141888,-0.017591339648173207,72600.0
2024-01-16,73500.0,73700.0,72500.0,72600.0,14760415,-0.017591339648173165,-0.017747906123405644,73942.85714285714,75750.0,75185.71428571429,0.011852172530908511,1200.0,900.0,41.284420539474766,104.75746339841862,709.467997476972,-604.7105340785533,79425.54553137878,71154.45446862122,0.10985643595108999,0.17477083983365557,73200.0,73280.0,74780.0,75290.0,0.9907205240174672,0.9642714835967592,-2010.0,-0.017591339648173165,0.017591339648173165,0.01652892561983471,-0.012244897959183673,0.011387671632196113,0.012914273320605529,21741612.8,17091864.9,3.9901417045452625,0.8635930067525868,27.700179694086323,1301.0029318822951,-675067525.0,1.36986301369863,7.968358093768092,0.010943912448700521,-0.001366120218579181,-0.005434782608695676,-0.0026711824726839417,-0.02203856749311295,71000.0
2024-01-17,73100.0,73300.0,71000.0,71000.0,22683660,-0.02203856749311295,-0.022285044789434983,73157.14285714286,75350.0,75085.71428571429,0.012605697629941725,2300.0,2100.0,35.531231817858554,-179.4972327817377,531.67495142523,-711.1721842069677,79656.95211228813,70693.04788771187,0.1192404951722814,0.03424312716846741,72500.0,72760.0,74180.0,75175.0,0.9758108851017042,0.9444629198536748,-2415.0,-0.02203856749311295,0.02203856749311295,0.0323943661971831,-0.028727770177838577,0.013176324172441689,0.011063510653698214,22226439.0,17455057.15,0.5367901241259139,1.2995465901410699,28.107590555489622,1372.359865319274,-697751185.0,0.0,6.090423821467623,-0.017591339648173165,0.010943912448700521,-0.001366120218579181,-0.009561998230861865,0.009859154929577466,71700.0
2024-01-18,71600.0,72000.0,70700.0,71700.0,17853397,0.009859154929577452,0.00981087056425924,72728.57142857143,74900.0,75009.52380952382,0.013152719884812739,1300.0,-100.0,39.50330135883785,-344.31789522738836,356.4763820947063,-700.7942773220947,79754.54398848147,70475.45601151853,0.12353175766442041,0.13196814078297647,71766.66666666667,72460.0,73690.0,75115.0,0.9895114545956389,0.9545363775544166,-2655.0,0.009859154929577452,0.009859154929577452,0.01813110181311018,0.0013966480446927375,0.015267948464546027,0.012430958888728387,14258865.2,17863199.45,-0.21294019571797496,0.999451248919465,27.87795038279537,1367.1913035107543,-679897788.0,10.989010989010989,4.1196246675698776,-0.02203856749311295,-0.017591339648173165,0.010943912448700521,-0.009923584070569555,0.04184100418410042,74700.0
2024-01-19,73500.0,74700.0,73000.0,74700.0,23363427,0.04184100418410042,0.04098934453319695,72885.71428571429,74628.57142857143,75095.23809523809,0.02123907397311272,1700.0,-1200.0,52.89756224334272,-230.21080289587553,239.13894509658996,-469.3497479924655,79754.34493440855,70605.65506559145,0.12169047444555874,0.44753347125296505,72466.66666666667,72780.0,73500.0,75180.0,1.0263808738664468,0.9936153232242618,-2400.0,0.04184100418410042,0.04184100418410042,0.022757697456492636,0.0163265306122449,0.025772393765955345,0.019753675665807026,16323762.8,18585989.2,0.30862641994685935,1.2570451186961844,28.18791778005296,1483.820496117129,-656534361.0,43.956043956043956,18.31501831501832,0.009859154929577452,-0.02203856749311295,-0.017591339648173165,0.009887197206854973,0.00535475234270415,75100.0
2024-01-22,75900.0,76000.0,75000.0,75100.0,19673375,0.0053547523427042165,0.005340466631317504,73157.14285714286,74307.14285714286,75176.19047619047,0.02098827070719863,1000.0,800.0,54.34887814161797,-106.2783424891968,170.05548757943262,-276.3338300686294,79766.0646001724,70623.9353998276,0.12157895073269219,0.48960854764594475,73833.33333333333,73020.0,73360.0,75195.0,1.0284853464804162,0.9987366181262052,-2175.0,0.0053547523427042165,0.0053547523427042165,0.013315579227696404,-0.010540184453227932,0.0255488427937582,0.019903941838206218,19666854.8,18726150.15,-0.15794138419847392,1.0505829998377965,28.021352594487745,1470.6904606801913,-636860986.0,54.32098765432099,36.42201419979198,0.04184100418410042,0.009859154929577452,-0.02203856749311295,0.01901830381879403,0.0013315579227696406,75200.0
2024-01-23,75700.0,75800.0,74300.0,75200.0,14786224,0.0013315579227697327,0.0013306721857051724,73457.14285714286,74178.57142857143,75195.23809523809,0.02090516643557493,1500.0,500.0,54.724461966479886,0.008096205376205035,136.04600930462135,-136.03791309924515,79775.14338137412,70634.85661862588,0.12153828552288058,0.4994529712108839,75000.0,73540.0,73410.0,75205.0,1.0225727495240686,0.9999335150588392,-1665.0,0.0013315579227697327,0.0013315579227697327,0.0199468085106383,-0.0066050198150594455,0.02291169706207827,0.01836302440724227,19672016.6,18791523.05,-0.2484144687934836,0.7868560712538945,27.73711300438897,1472.783999203035,-622074762.0,64.28571428571429,54.187581965359755,0.0053547523427042165,0.04184100418410042,0.009859154929577452,0.016175771483191454,-0.015957446808510637,74000.0
2024-01-24,75200.0,75200.0,73500.0,74000.0,12860661,-0.015957446808510634,-0.01608613775162438,73471.42857142857,73992.85714285714,75147.61904761905,0.021896669487912135,1700.0,1200.0,49.46524027283828,-12.445640956473653,106.34767925240236,-118.79332020887601,79698.26879403525,70521.73120596475,0.12217464502823187,0.3790393447041507,74766.66666666667,74140.0,73450.0,75110.0,0.9981116806042623,0.9852216748768473,-970.0,-0.015957446808510634,0.015957446808510634,0.022972972972972974,-0.015957446808510637,0.021052996838925104,0.018482621984337325,17707416.8,18708775.7,-0.13022682464434465,0.6874132870169586,27.581504047329144,1489.0137135456753,-634935423.0,47.142857142857146,55.24985302763081,0.0013315579227697327,0.0053547523427042165,0.04184100418410042,-0.003090378847678895,0.0013513513513513514,74100.0
2024-01-25,74200.0,74800.0,73700.0,74100.0,11737747,0.0013513513513514486,0.0013504390978715467,73685.71428571429,73814.28571428571,75061.90476190476,0.02042928768683462,1100.0,100.0,49.897359933013824,-14.083803793197148,82.26138264328246,-96.34518643647961,79538.43710549362,70431.56289450638,0.121449279335697,0.4028206627766674,74433.33333333333,74620.0,73540.0,74985.0,0.9930313588850174,0.9881976395279056,-365.0,0.0013513513513514486,0.0013513513513514486,0.014844804318488529,-0.0013477088948787063,0.02125707229266455,0.01835673635871231,16484286.8,18637417.6,-0.08731386357202009,0.6297947093271119,27.49149125722604,1461.2270197209843,-623197676.0,48.57142857142857,53.33333333333334,-0.015957446808510634,0.0013315579227697327,0.0053547523427042165,-0.004424845844796484,-0.009446693657219974,73400.0
2024-01-26,73700.0,74500.0,73300.0,73400.0,11160062,-0.009446693657219951,-0.009491596681571284,74028.57142857143,73592.85714285714,74909.52380952382,0.01825498871695903,1200.0,300.0,46.87570833785188,-71.04722135707561,51.59966184321085,-122.64688320028647,79128.35232131116,70381.64767868884,0.11700494472105309,0.34508451406977414,73833.33333333333,74360.0,73570.0,74755.0,0.9870898332436794,0.9818741221322989,-395.0,-0.009446693657219951,0.009446693657219951,0.01634877384196185,-0.004070556309362279,0.008885856483846972,0.018665948017731204,14043613.8,18162868.6,-0.04921600371860124,0.6144437999182574,27.43153128506139,1442.5679468837714,-634357738.0,38.57142857142857,44.761904761904766,0.0013513513513514486,-0.015957446808510634,0.0013315579227697327,-0.008017596371459712,0.013623978201634877,74400.0
2024-01-29,73800.0,75200.0,73500.0,74400.0,13976521,0.013623978201634968,0.013532006218576373,74414.28571428571,73571.42857142857,74738.09523809524,0.0184797506115653,1700.0,-600.0,51.403233156196656,-35.09494484607421,34.26074050535384,-69.35568535142805,78552.893690162,70547.106309838,0.10738816070186462,0.4812635543670997,73966.66666666667,74220.0,73620.0,74550.0,1.0024252223120453,0.9979879275653923,-330.0,0.013623978201634968,0.013623978201634968,0.0228494623655914,0.008130081300813009,0.011363759350696893,0.018849864697358547,12904243.0,17971817.85,0.25236947608355575,0.7776910002456985,27.670100629114543,1468.0988078206447,-620381217.0,69.81132075471699,52.31805929919138,-0.009446693657219951,0.0013513513513514486,-0.015957446808510634,0.001842878631922155,-0.0013440860215053765,74300.0
2024-01-30,75000.0,75300.0,73700.0,74300.0,12244418,-0.0013440860215053752,-0.0013449901153326995,74357.14285714286,73621.42857142857,74538.09523809524,0.009676217801938865,1600.0,700.0,50.93574028459681,-14.504472424683627,24.507697919346345,-39.01217034402997,77505.50993020179,71064.49006979821,0.08670687030226268,0.5023288237460986,74033.33333333333,74040.0,73790.0,74285.0,1.0035116153430579,1.0002019250185097,-245.0,-0.0013440860215053752,0.0013440860215053752,0.021534320323014805,-0.009333333333333334,0.011240611738263477,0.017753716311958753,12395881.8,17726896.4,-0.12392948144963967,0.6907254221895267,27.53644694834187,1477.5203215477413,-632625635.0,67.9245283018868,58.76909254267745,0.013623978201634968,-0.009446693657219951,0.0013513513513514486,0.0009443995076365471,-0.021534320323014805,72700.0
2024-01-31,73400.0,74000.0,72500.0,72700.0,15703560,-0.021534320323014833,-0.02176956718423983,74014.28571428571,73585.71428571429,74209.52380952382,0.011976277375811603,1500.0,700.0,44.035116198433975,-125.84237041448068,-5.562315747419063,-120.28005466706162,77095.57519542318,71044.42480457682,0.08169502350271857,0.2735967689594341,73800.0,73780.0,73960.0,74070.0,0.9853618866901599,0.9815039827190496,-290.0,-0.021534320323014833,0.021534320323014833,0.02063273727647868,-0.009536784741144414,0.013057656428790282,0.01767696139905786,12964461.6,17424392.2,0.2825076700256395,0.9012400444016636,27.763494659729123,1500.554584294331,-648329195.0,37.735849056603776,58.49056603773585,-0.0013440860215053752,0.013623978201634968,-0.009446693657219951,-0.003084809380961747,0.012379642365887207,73600.0
2024-02-01,73000.0,74200.0,72900.0,73600.0,19881033,0.012379642365887289,0.012303641195356952,73785.71428571429,73621.42857142857,74047.61904761905,0.013508157512393176,1300.0,-600.0,48.279689887289905,-139.84394439037715,-32.41864147601068,-107.42530291436647,76705.37534086088,71134.62465913912,0.07536188692805398,0.4425571133438164,73533.33333333333,73680.0,74150.0,73920.0,0.998914223669924,0.9956709956709957,-240.0,0.012379642365887289,0.012379642365887289,0.017663043478260868,0.00821917808219178,0.014879933188351575,0.017810888100158108,14593118.8,17652221.9,0.26602076217112547,1.1262623545424615,28.01167702433101,1500.5149711304502,-628448162.0,54.716981132075475,53.45911949685535,-0.021534320323014833,-0.0013440860215053752,0.013623978201634968,-0.0034995879928776397,0.021739130434782608,75200.0
2024-02-02,74000.0,75200.0,73700.0,75200.0,14955881,0.021739130434782705,0.021506205220963682,73957.14285714286,73714.28571428571,73980.95238095238,0.014875497347331788,1500.0,-1200.0,54.83749690541728,-21.584847711754264,-30.251882723159397,8.667035011405133,76413.30378921259,71286.69621078741,0.06941919537474846,0.7633320337763598,73833.33333333333,74040.0,74200.0,73850.0,1.015667206915181,1.018280297901151,190.0,0.021739130434782705,0.021739130434782705,0.0199468085106383,0.016216216216216217,0.016980463120610034,0.013529895040953671,15352282.6,17834800.15,-0.2477311918349514,0.8385785584482707,27.7485216683134,1507.6210446211323,-613492281.0,84.90566037735849,59.119496855345915,0.012379642365887289,-0.021534320323014833,-0.0013440860215053752,0.004194817492551721,-0.011968085106382979,74300.0
2024-02-05,74200.0,74800.0,73500.0,74300.0,19026021,-0.01196808510638303,-0.012040279232080712,73985.71428571429,73835.71428571429,73871.42857142857,0.015846953068553504,1300.0,-100.0,50.92598915310482,-0.48059991271293256,-24.297626161070106,23.817026248357173,75994.72603073774,71485.27396926226,0.06115340468504865,0.6241836019910518,74366.66666666667,74020.0,74120.0,73740.0,1.0037827614158337,1.007594250067806,280.0,-0.01196808510638303,0.01196808510638303,0.017496635262449527,0.0013477088948787063,0.017567783030323105,0.013976380946402411,16362182.6,18231665.0,0.27214311213094033,1.0435701292229755,27.977184357207246,1521.3623985767656,-632518302.0,67.9245283018868,69.18238993710692,0.021739130434782705,0.012379642365887289,-0.021534320323014833,0.007383562564762321,0.0013458950201884253,74400.0
2024-02-06,74300.0,74700.0,73300.0,74400.0,14559254,0.0013458950201883368,0.0013449901153326123,74128.57142857143,74078.57142857143,73771.42857142857,0.01523894520070486,1400.0,-100.0,51.34129618279391,24.036752065600012,-14.630750515736086,38.667502581336095,75956.70928119942,71493.29071880058,0.06054145218581004,0.6512293750997048,74633.33333333333,74040.0,74040.0,73725.0,1.0048622366288493,1.0091556459816886,315.0,0.0013458950201883368,0.0013458950201883368,0.01881720430107527,0.0013458950201884253,0.017563091190920713,0.013976645432427595,16825149.8,17658665.25,-0.23477147428776624,0.8244821334953388,27.710948583978563,1512.6936558212824,-617959048.0,69.81132075471699,74.21383647798741,-0.01196808510638303,0.021739130434782705,0.012379642365887289,0.0037056467828626705,0.008064516129032258,75000.0
2024-02-07,74600.0,75500.0,74300.0,75000.0,16566445,0.008064516129032251,0.008032171697264253,74214.28571428571,74314.28571428571,73785.71428571429,0.014672514370585876,1200.0,-400.0,53.86415055685406,90.83482837834163,6.462365263079457,84.37246311526216,76096.92139424119,71493.07860575881,0.062386920366994725,0.7617378688548181,74566.66666666667,74500.0,74140.0,73795.0,1.0067114093959733,1.0163290195812724,705.0,0.008064516129032251,0.008064516129032251,0.016,0.005361930294906166,0.012616533399078535,0.01315693538777186,16997726.8,17474011.05,0.13786358834044665,0.9480619505502715,27.84813321454679,1490.3583946911908,-601392603.0,71.42857142857143,69.7214734950584,0.0013458950201883368,-0.01196808510638303,0.021739130434782705,-0.0008525579857208143,-0.012,74100.0
2024-02-08,75000.0,75200.0,73600.0,74100.0,20810708,-0.01200000000000001,-0.012072581234269249,74185.71428571429,74271.42857142857,73809.52380952382,0.015512430119685646,1600.0,900.0,49.701436935994934,70.33947701791476,19.237787614046518,51.10168940386824,76128.09274747655,71551.90725252345,0.061974343106082026,0.5568158787021952,74500.0,74600.0,74140.0,73840.0,0.9932975871313673,1.0035211267605635,760.0,-0.01200000000000001,0.01200000000000001,0.021592442645074223,-0.012,0.014285990021231685,0.013825261171453376,17183661.8,15629983.15,0.25619636560529435,1.3314606804294604,28.064149031180662,1498.1899379275344,-622203311.0,45.714285714285715,62.31805929919138,0.008064516129032251,0.0013458950201883368,-0.01196808510638303,-0.0008631962835931409,0.014844804318488529,75200.0
2024-02-13,74800.0,75200.0,74400.0,75200.0,21966745,0.014844804318488558,0.014735698653752965,74542.85714285714,74278.57142857143,73904.76190476191,0.013068899279897676,800.0,-400.0,54.345471464557235,141.22956382080156,43.63614285539752,97.59342096540404,76282.31740069274,71607.68259930726,0.06321772670749189,0.7684701700393874,74766.66666666667,74600.0,74320.0,73945.0,1.0080428954423593,1.0169720738386638,655.0,0.014844804318488558,0.014844804318488558,0.010638297872340425,0.0053475935828877,0.011983683087846548,0.014095638012515104,18585834.6,16076373.45,0.05555010430207363,1.3663992733386023,28.132946786745908,1469.7477995041393,-600236566.0,81.81818181818181,66.32034632034633,-0.01200000000000001,0.008064516129032251,0.0013458950201883368,0.0036364401491735996,-0.015957446808510637,74000.0
2024-02-14,73700.0,74300.0,73700.0,74000.0,12434945,-0.015957446808510634,-0.01608613775162438,74600.0,74192.85714285714,73947.61904761905,0.014670066432255095,600.0,-300.0,49.027424308794195,99.43428067410423,54.79577041913887,44.63851025496536,76287.33991852682,71612.66008147318,0.06321406135299042,0.5106959196657014,74433.33333333333,74540.0,74280.0,73950.0,0.9927555674805474,1.0006761325219744,590.0,-0.015957446808510634,0.015957446808510634,0.008108108108108109,0.004070556309362279,0.013068233185106668,0.014600257415150659,17267619.4,16550224.95,-0.4339195452034428,0.7513459809499448,27.547841584397656,1471.9086709681294,-612671511.0,50.0,59.17748917748918,0.014844804318488558,-0.01200000000000001,0.008064516129032251,-0.004370880830007362,-0.010810810810810811,73200.0
2024-02-15,74200.0,74400.0,73000.0,73200.0,14120600,-0.010810810810810811,-0.010869672236903879,74314.28571428571,74135.71428571429,73914.28571428571,0.011883409286419731,1400.0,1000.0,45.80907090990045,1.7378704517759616,44.184190425666294,-42.44631997389033,76259.0579771388,71700.9420228612,0.061612813656090844,0.3288766657487064,74133.33333333333,74300.0,74170.0,73980.0,0.9851951547779273,0.9894566098945661,320.0,-0.010810810810810811,0.010810810810810811,0.01912568306010929,-0.013477088948787063,0.013698696991314603,0.014967466204141815,17179888.6,16518234.2,0.13555789752186276,0.8548492429051527,27.664095981994787,1466.7723373275487,-626792111.0,23.333333333333332,51.717171717171716,-0.015957446808510634,0.014844804318488558,-0.01200000000000001,-0.003974484433610963,-0.00546448087431694,72800.0
2024-02-16,73300.0,73400.0,72500.0,72800.0,13444781,-0.005464480874316946,-0.005479465764625596,74100.0,74042.85714285714,73923.80952380953,0.01137781973410743,900.0,500.0,44.245149212357674,-106.7335377902491,14.000644782483214,-120.73418257273232,75963.03432281893,72176.96567718107,0.05111473802670259,0.16455970061101843,73333.33333333333,73860.0,74180.0,74070.0,0.9856485242350392,0.9828540569731335,-210.0,-0.005464480874316946,0.005464480874316946,0.012362637362637362,-0.0068212824010914054,0.012175922660079986,0.013338326119903866,16555555.8,16056290.25,-0.04786050167839895,0.8373528872897649,27.609572793155124,1426.2885989470094,-640236892.0,10.0,27.777777777777775,-0.010810810810810811,-0.015957446808510634,0.014844804318488558,-0.010744246164546131,0.013736263736263736,73800.0
2024-02-19,72800.0,73900.0,72800.0,73800.0,12726404,0.013736263736263687,0.013642776403786479,74014.28571428571,74071.42857142857,74057.14285714286,0.012981402775265723,1100.0,-1000.0,48.93848779571113,-110.7298429623188,-10.945452766477189,-99.78439019584161,75714.48043183475,72635.51956816525,0.04150941508148959,0.378205662038498,73266.66666666667,73800.0,74200.0,74175.0,1.0,0.9949443882709808,-375.0,0.013736263736263687,0.013736263736263687,0.014905149051490514,0.013736263736263736,0.014210563918674474,0.013481898213583214,14938695.0,15799940.6,-0.053431662442102956,0.8054716357604534,27.568303458892355,1402.9822704507947,-627510488.0,43.333333333333336,25.555555555555557,-0.005464480874316946,-0.010810810810810811,-0.015957446808510634,-0.0008463426496213566,-0.006775067750677507,73300.0
2024-02-20,73700.0,73700.0,72800.0,73300.0,14681477,-0.006775067750677488,-0.006798122713820985,73771.42857142857,73992.85714285714,74133.33333333333,0.012430273655899831,900.0,400.0,46.816453366664255,-152.48501262177888,-39.25336473753753,-113.23164788424134,75671.05437829967,72538.94562170033,0.04226582223330864,0.2429846590403768,73300.0,73420.0,74010.0,74105.0,0.9983655679651321,0.9891370352877673,-685.0,-0.006775067750677488,0.006775067750677488,0.01227830832196453,-0.005427408412483039,0.011271985213024518,0.011293999487705923,13481641.4,15365843.1,0.1536233644633629,0.9554618581260927,27.70441307704418,1374.197822561452,-642191965.0,26.666666666666668,26.66666666666667,0.013736263736263687,-0.005464480874316946,-0.010810810810810811,0.0004989050370897511,-0.004092769440654843,73000.0
2024-02-21,73400.0,73700.0,72900.0,73000.0,11503495,-0.004092769440654842,-0.004101167744214678,73614.28571428571,73900.0,74052.38095238095,0.01184119509512218,800.0,400.0,45.54049769506923,-207.3930798749352,-72.88130776501707,-134.51177210991813,75566.75998229065,72433.24001770935,0.04234486438623375,0.18087007221809082,73366.66666666667,73220.0,73880.0,74000.0,0.9969953564599836,0.9864864864864865,-780.0,-0.004092769440654842,0.004092769440654842,0.010958904109589041,-0.005449591280653951,0.009514759865444068,0.010825153256434161,13295351.4,14957349.1,-0.21646200855676856,0.769086482042463,27.456376180336463,1333.1836923784913,-653695460.0,16.666666666666668,28.888888888888896,-0.006775067750677488,0.013736263736263687,-0.005464480874316946,0.0009561421816437857,0.0013698630136986301,73100.0
2024-02-22,73800.0,73900.0,72700.0,73100.0,15208934,0.00136986301369868,0.0013689256073417405,73314.28571428571,73928.57142857143,73957.14285714286,0.009516421743268973,1200.0,700.0,46.06814757382182,-240.0715590063337,-106.31935801328041,-133.7522009930533,75403.53710943034,72386.46289056966,0.04082920656148159,0.2364996873360939,73133.33333333333,73200.0,73750.0,73895.0,0.9986338797814208,0.9892414913052304,-695.0,0.00136986301369868,0.00136986301369868,0.016415868673050615,-0.009485094850948509,0.008407936920350413,0.010825907892103243,13513018.2,14978484.6,0.322114192252007,1.0153853614804265,27.736977222048058,1323.6705714943134,-638486526.0,20.0,21.11111111111111,-0.004092769440654842,-0.006775067750677488,0.013736263736263687,-0.00316599139254455,-0.0027359781121751026,72900.0
2024-02-23,73600.0,74200.0,72900.0,72900.0,16225166,-0.002735978112175075,-0.0027397277411203274,73157.14285714286,73878.57142857143,73847.61904761905,0.007902233403622637,1300.0,700.0,45.12643604092225,-278.8929137787345,-140.83406916637122,-138.0588446123633,75411.3219375994,72268.6780624006,0.04256018249185791,0.20088879385337918,73000.0,73220.0,73540.0,73840.0,0.9956296093963398,0.9872697724810401,-620.0,-0.002735978112175075,0.002735978112175075,0.01783264746227709,-0.009510869565217392,0.008066101275135887,0.010266888834589108,14069095.2,15146709.85,0.06681809520640969,1.0712006871908226,27.798917969624494,1321.9798163875769,-654711692.0,13.333333333333334,16.666666666666668,0.00136986301369868,-0.004092769440654842,-0.006775067750677488,-0.0018196281797104124,-0.0013717421124828531,72800.0
2024-02-26,72300.0,73200.0,72200.0,72800.0,14669352,-0.00137174211248281,-0.0013726838119721356,73100.0,73707.14285714286,73790.47619047618,0.006906024518559275,1000.0,-500.0,44.635133885704526,-314.1074462781544,-175.48874458872785,-138.61870168942653,75407.40216923019,72142.59783076981,0.04425353220549483,0.20136035764403837,72933.33333333333,73020.0,73410.0,73775.0,0.9969871268145714,0.986784140969163,-755.0,-0.00137174211248281,0.00137174211248281,0.013736263736263736,0.006915629322268326,0.0030361611459489906,0.009744182679766837,14457684.8,15293290.1,-0.09588894190666519,0.9592018397663169,27.696742211550134,1298.9812580741784,-669381044.0,18.181818181818183,17.171717171717173,-0.002735978112175075,0.00136986301369868,-0.004092769440654842,-0.0009126190703197349,0.0013736263736263737,72900.0
2024-02-27,73100.0,73400.0,72700.0,72900.0,13201981,0.0013736263736263687,0.0013726838119721742,73114.28571428571,73607.14285714286,73733.33333333333,0.00660856520345852,700.0,200.0,45.27674844696163,-330.1403997032903,-206.41907561164032,-123.72132409164999,75421.43178458724,72078.56821541276,0.04532696364982353,0.24572698454160785,72866.66666666667,72940.0,73180.0,73750.0,0.9994516040581299,0.9884745762711864,-810.0,0.0013736263736263687,0.0013736263736263687,0.009602194787379973,-0.0027359781121751026,0.0024456910082659208,0.00796811583040614,14161785.6,15395386.05,-0.1000297081970628,0.8575284151448739,27.592721370051724,1256.1968824974515,-656179063.0,21.21212121212121,17.575757575757574,-0.00137174211248281,-0.002735978112175075,0.00136986301369868,-0.0009113646170105053,0.00411522633744856,73200.0
2024-02-28,72900.0,73900.0,72800.0,73200.0,11795859,0.004115226337448652,0.004106781952653502,73028.57142857143,73521.42857142857,73723.80952380953,0.0037311380247470006,1100.0,-300.0,47.251690867809636,-315.0079227605602,-228.1368450414243,-86.87107771913588,75349.29598260736,72030.70401739264,0.04503449538899074,0.35234701791116557,72966.66666666667,72980.0,73100.0,73690.0,1.0030145245272677,0.9933505224589496,-710.0,0.004115226337448652,0.004115226337448652,0.015027322404371584,0.00411522633744856,0.002671709158206795,0.006805082957610232,14220258.4,15286352.95,-0.10650840960913366,0.7716594689775236,27.484209795591948,1245.0399623190622,-644383204.0,30.303030303030305,23.23232323232323,0.0013736263736263687,-0.00137174211248281,-0.002735978112175075,0.001372370199530737,0.00273224043715847,73400.0
2024-02-29,72600.0,73400.0,72000.0,73400.0,21176403,0.002732240437158362,0.002728514653203914,73042.85714285714,73407.14285714286,73676.19047619047,0.003000363627155116,1400.0,-800.0,48.58390805346595,-283.60774369990395,-239.23102477312023,-44.376718926783724,75283.32391887566,72006.67608112434,0.0444924684330411,0.4252284614851568,73166.66666666667,73040.0,73120.0,73645.0,1.0049288061336255,0.9966732296829384,-605.0,0.002732240437158362,0.002732240437158362,0.01907356948228883,0.011019283746556474,0.002840350344630863,0.0059432040364872105,15413752.2,15732952.2,0.7952404314090225,1.345990423844293,28.072077268289704,1256.1085364391292,-623206801.0,43.75,31.755050505050505,0.004115226337448652,0.0013736263736263687,-0.00137174211248281,0.002740364382744461,0.020435967302452316,74900.0
2024-03-04,74300.0,75000.0,74000.0,74900.0,23210474,0.02043596730245234,0.02022995490270392,73314.28571428571,73464.28571428571,73704.76190476191,0.007663714846110692,1000.0,-600.0,57.295309279546814,-136.1163470717438,-218.60808923284497,82.49174216110117,75421.35435670431,72088.64564329569,0.045186207218610504,0.8435643791469913,73833.33333333333,73440.0,73330.0,73755.0,1.019880174291939,1.0155243712290691,-315.0,0.02043596730245234,0.02043596730245234,0.01335113484646195,0.008075370121130552,0.00861539017798738,0.008324155581043961,16810813.8,16108297.9,0.09605365934904064,1.4409017106642905,28.184023369779773,1280.6722124077628,-599996327.0,90.625,54.89267676767677,0.002732240437158362,0.004115226337448652,0.0013736263736263687,0.00909447802568645,-0.01602136181575434,73700.0
2024-03-05,74600.0,74800.0,73700.0,73700.0,19505125,-0.01602136181575431,-0.016151091327882845,73400.0,73357.14285714286,73752.38095238095,0.010771474674089876,1100.0,900.0,49.99721547530579,-114.73572182664066,-197.83361575160413,83.09789392496347,75424.99565354326,72095.00434645674,0.04514630297026186,0.4819819349461019,74000.0,73620.0,73320.0,73760.0,1.0010866612333604,0.9991865509761388,-140.0,-0.01602136181575431,0.01602136181575431,0.014925373134328358,-0.012064343163538873,0.012929304825171864,0.009276025621155065,17777968.4,16089502.5,-0.15964124644761668,1.2122888821453615,27.99394588769366,1274.9099115214942,-619501452.0,56.666666666666664,63.68055555555555,0.02043596730245234,0.002732240437158362,0.004115226337448652,0.0023822819746187975,-0.010854816824966078,72900.0
2024-03-06,73200.0,73500.0,72700.0,72900.0,21547905,-0.01085481682496603,-0.010914160180678405,73400.0,73278.57142857143,73719.04761904762,0.011671237372355758,800.0,300.0,45.80806691148258,-160.49465393573337,-190.36582338843,29.87116945269662,75205.6678732288,72084.3321267712,0.04238353922815665,0.26132013326490094,73833.33333333333,73620.0,73280.0,73645.0,0.9902200488997555,0.9898839025052617,-25.0,-0.01085481682496603,0.01085481682496603,0.010973936899862825,-0.004098360655737705,0.014287292400404012,0.009683155271331964,19447153.2,16419103.7,0.10473042341435912,1.312367921764207,28.082633072008395,1255.2734892699589,-641049357.0,30.0,59.09722222222222,-0.01602136181575431,0.02043596730245234,0.002732240437158362,-0.0021467371127559995,-0.009602194787379973,72200.0
2024-03-07,73100.0,73300.0,72200.0,72200.0,14516963,-0.009602194787380003,-0.00964859311583195,73314.28571428571,73207.14285714286,73576.19047619047,0.012238827537550115,1100.0,900.0,42.45600660452768,-250.3571260561148,-202.36408392196697,-47.99304213414783,75194.8493332602,71885.1506667398,0.04500542108404117,0.0951293048050223,72933.33333333333,73420.0,73200.0,73540.0,0.9833832743121765,0.9817786238781615,-120.0,-0.009602194787380003,0.009602194787380003,0.015235457063711912,-0.012311901504787962,0.014631942990696771,0.010059397109772076,19991374.0,16193650.8,-0.3262935306239748,0.8964601731439089,27.678023710586224,1244.1825257506762,-655566320.0,6.666666666666667,31.11111111111111,-0.01085481682496603,-0.01602136181575431,0.02043596730245234,-0.01215945780936678,0.015235457063711912,73300.0
2024-03-08,72800.0,73400.0,72600.0,73300.0,19271349,0.015235457063711877,0.01512056299382523,73371.42857142857,73242.85714285714,73528.57142857143,0.01372945404354634,800.0,-500.0,48.79683491831283,-230.1598363948142,-207.92323441653642,-22.236601978277776,75091.92579987939,71878.07420012061,0.043734797574454407,0.442436670064702,72800.0,73400.0,73220.0,73485.0,0.9986376021798365,0.9974824794175682,-85.0,0.015235457063711877,0.015235457063711877,0.010914051841746248,0.006868131868131868,0.01670576925525329,0.011308906140266167,19610363.2,16429255.55,0.327505553330955,1.1729897889378196,27.976445931005166,1241.0266310541995,-636294971.0,43.333333333333336,26.666666666666668,-0.009602194787380003,-0.01085481682496603,-0.01602136181575431,-0.0017405181828780518,-0.01227830832196453,72400.0
2024-03-11,72900.0,73100.0,72300.0,72400.0,9740504,-0.012278308321964526,-0.012354309500935124,73257.14285714286,73142.85714285714,73433.33333333333,0.014455545111719306,800.0,500.0,44.47837025530285,-283.5077167297568,-223.0401308791805,-60.467585850576285,74863.53710943038,71846.46289056962,0.04112976918902282,0.18346817786915337,72633.33333333333,72900.0,73170.0,73355.0,0.9931412894375857,0.9869811192147775,-455.0,-0.012278308321964526,0.012278308321964526,0.011049723756906077,-0.006858710562414266,0.012498547253226121,0.011979139706172849,16916369.2,16087958.5,-0.49456034447821995,0.6054530784623792,27.281764998035076,1223.8104431217566,-646035475.0,13.333333333333334,21.11111111111111,0.015235457063711877,-0.009602194787380003,-0.01085481682496603,-0.0022150153485442172,0.012430939226519336,73300.0
2024-03-12,72600.0,73500.0,72100.0,73300.0,13011654,0.012430939226519389,0.012354309500935178,73242.85714285714,73142.85714285714,73352.38095238095,0.015362003433404653,1400.0,-700.0,49.309502783367584,-250.278760106361,-228.48785672461662,-21.790903381744386,74782.22078846625,71847.77921153375,0.04002511869238899,0.49488829489129577,73000.0,72820.0,73220.0,73315.0,1.0065915957154628,0.9997954033963036,-495.0,0.012430939226519389,0.012430939226519389,0.019099590723055934,0.009641873278236915,0.013622542465517449,0.012659242170368798,15617675.0,15698005.8,0.3358296449547169,0.8288730534167594,27.583671863258402,1236.3954114702026,-633023821.0,43.333333333333336,33.333333333333336,-0.012278308321964526,0.015235457063711877,-0.009602194787380003,0.005129362656088913,0.010914051841746248,74100.0
2024-03-13,73700.0,74100.0,73500.0,74100.0,15243134,0.01091405184174632,0.010854923409435465,73128.57142857143,73221.42857142857,73352.38095238095,0.013591158373307577,600.0,-400.0,53.20711583666689,-157.57483386174135,-214.3052521520416,56.730418290300236,74493.56564905505,72026.43435094495,0.03367637589557866,0.8404764070090104,73266.66666666667,73060.0,73340.0,73260.0,1.0142348754448398,1.0114660114660114,-200.0,0.01091405184174632,0.01091405184174632,0.008097165991902834,0.005427408412483039,0.013161927070438565,0.013063934096776477,14356720.8,15361825.25,0.17149856582414502,0.9922736232141425,27.752810541410824,1205.2243106509025,-617780687.0,70.0,42.22222222222222,0.012430939226519389,-0.012278308321964526,0.015235457063711877,0.0036888942487670606,0.002699055330634278,74300.0
2024-03-14,74400.0,74500.0,73600.0,74300.0,22545539,0.0026990553306343035,0.0026954194216723027,73214.28571428571,73307.14285714286,73309.52380952382,0.011984757732707237,900.0,100.0,54.15614164698849,-67.1934120591468,-184.88288413346262,117.68947207431583,74552.95066209113,71997.04933790887,0.03488094608232349,0.9010326964903244,73900.0,73480.0,73450.0,73275.0,1.0111594991834514,1.0139883998635277,205.0,0.0026990553306343035,0.0026990553306343035,0.012113055181695828,-0.0013440860215053765,0.01113094583366373,0.01304263082212908,15962436.0,15867354.95,0.47906191731962733,1.4208756954794157,28.14691400799806,1183.422574175838,-595235148.0,76.66666666666667,63.333333333333336,0.01091405184174632,0.012430939226519389,-0.012278308321964526,0.008681348799633337,-0.026917900403768506,72300.0
2024-03-15,73400.0,73700.0,72300.0,72300.0,22580555,-0.026917900403768513,-0.027286822558994485,73128.57142857143,73264.28571428571,73228.57142857143,0.01574215459709542,1400.0,1100.0,44.44801811655812,-155.16017945529893,-178.9383431978299,23.778163742530978,74580.39955101101,71879.60044898899,0.03688104741256345,0.1556574684493445,73566.66666666667,73280.0,73340.0,73230.0,0.9866266375545851,0.9873002867677182,50.0,-0.026917900403768513,0.026917900403768513,0.019363762102351315,-0.014986376021798364,0.016745626443624945,0.015822752094697762,16624277.2,16290352.7,0.0015531232143086715,1.3861305163761126,28.121179103804888,1241.7495331632783,-617815703.0,10.0,52.22222222222222,0.0026990553306343035,0.01091405184174632,0.012430939226519389,-0.0044349310771292965,0.006915629322268326,72800.0
2024-03-18,72600.0,73000.0,72500.0,72800.0,11520348,0.006915629322268302,0.006891826037921258,73214.28571428571,73264.28571428571,73209.52380952382,0.01549875032172694,500.0,-200.0,47.00567136488933,-182.42576440151606,-179.63582743856716,-2.7899369629489,74580.39955101101,71879.60044898899,0.03688104741256345,0.34078786175614856,73133.33333333333,73360.0,73130.0,73230.0,0.9923664122137404,0.9941280895807729,130.0,0.006915629322268302,0.006915629322268302,0.006868131868131868,0.0027548209366391185,0.01617118083666591,0.014249390588539402,16980246.0,16194131.05,-0.48981112288869777,0.7113903156909428,27.45509665529506,1203.05313793733,-606295355.0,26.666666666666668,37.77777777777778,-0.026917900403768513,0.0026990553306343035,0.01091405184174632,-0.005767738583621969,0.0,72800.0
2024-03-19,72300.0,73000.0,71700.0,72800.0,15376066,0.0,0.0,73142.85714285714,73257.14285714286,73209.52380952382,0.014234510711645732,1300.0,-500.0,47.00567136488933,-201.708763839124,-184.05041471867852,-17.65834912044548,74515.50700012046,71844.49299987954,0.036499234766888725,0.35773193252984625,72633.33333333333,73260.0,73040.0,73180.0,0.9937209937209938,0.9948073244055753,80.0,0.0,0.0,0.017857142857142856,0.006915629322268326,0.01492176627665818,0.013470566232410806,17453128.4,16326614.15,0.33468763269998436,0.9417792237100182,27.743793936772416,1209.9779137989492,-606295355.0,33.333333333333336,23.33333333333333,0.006915629322268302,-0.026917900403768513,0.0026990553306343035,-0.0066674236938334035,0.05631868131868132,76900.0
2024-03-20,73700.0,77200.0,73400.0,76900.0,50106297,0.05631868131868134,0.054789921308958024,73785.71428571429,73521.42857142857,73357.14285714286,0.02433205326620191,3800.0,-3200.0,63.14335316345407,112.54767550565884,-124.73079667381106,237.2784721794699,75494.82404057402,71225.17595942598,0.058201309721211056,1.3291081449148727,74166.66666666667,73820.0,73440.0,73360.0,1.04172311026822,1.0482551799345692,460.0,0.05631868131868134,0.05631868131868134,0.0494148244473342,0.04341926729986431,0.030195350409990922,0.022085139015684457,24425761.0,18097855.15,2.2587202084070137,2.768631784523925,28.97991840227369,1437.8366342418815,-556189058.0,94.54545454545455,51.51515151515151,0.0,0.006915629322268302,-0.026917900403768513,0.021078103546983213,0.031209362808842653,79300.0
2024-03-21,79200.0,79300.0,77700.0,79300.0,44569799,0.031209362808842567,0.030732252129203927,74642.85714285714,73942.85714285714,73642.85714285714,0.025752870237260174,1600.0,-100.0,69.0791066286373,548.9303823939408,10.001439139739318,538.9289432542015,77072.13501583197,70277.86498416803,0.09221947786445793,1.3279035089546507,76333.33333333333,74820.0,74150.0,73675.0,1.0598770382250735,1.0763488293179504,1145.0,0.031209362808842567,0.031209362808842567,0.0201765447667087,0.0012626262626262627,0.03164755708734386,0.02273098132816706,28830613.0,19751170.35,-0.11049505414459182,2.2565649635035423,28.893560442775865,1506.5625889388898,-511619259.0,100.0,75.95959595959596,0.05631868131868134,0.0,0.006915629322268302,0.029176014709174636,-0.005044136191677175,78900.0
2024-03-22,79600.0,79900.0,77800.0,78900.0,26724761,-0.0050441361916772065,-0.005056900788973774,75328.57142857143,74228.57142857143,73923.80952380953,0.02648434102879236,2100.0,700.0,67.1383801759603,852.6612167663261,178.5333946650567,674.1278221012694,78071.618534692,69858.381465308,0.11104221009104294,1.1008593150678572,78366.66666666667,76140.0,74710.0,73965.0,1.0362490149724193,1.0667207462989252,2175.0,-0.0050441361916772065,0.0050441361916772065,0.026615969581749048,-0.008793969849246231,0.025596054280197872,0.02307952702094123,29659454.2,20326961.7,-0.4003840807090021,1.314744495238558,28.37703757873251,1548.950975443255,-538344020.0,87.8048780487805,94.11677753141169,0.031209362808842567,0.05631868131868134,0.0,0.027494635978615567,-0.008871989860583017,78200.0
2024-03-25,79600.0,79800.0,77800.0,78200.0,18703996,-0.008871989860583018,-0.008911580300563163,75885.71428571429,74550.0,74166.66666666667,0.027293392995579816,2000.0,1400.0,63.762362253909735,1025.0695774083142,347.8406312137082,677.228946194606,78713.93624068501,69746.06375931499,0.12081196930311228,0.9426913973461744,78800.0,77220.0,75290.0,74230.0,1.0126910126910127,1.0534824195069379,2990.0,-0.008871989860583018,0.008871989860583018,0.02557544757033248,-0.017587939698492462,0.02813463528229825,0.022776282956210238,31096183.8,20450903.2,-0.30012485425033364,0.9145804376992015,28.01127267537005,1581.168762911594,-557048016.0,79.26829268292683,89.02439024390243,-0.0050441361916772065,0.031209362808842567,0.05631868131868134,0.005764412252194114,0.021739130434782608,79900.0
2024-03-26,79700.0,80100.0,79200.0,79900.0,30551494,0.021739130434782705,0.021506205220963682,76971.42857142857,75050.0,74500.0,0.022855404175471085,900.0,-200.0,67.97418117854248,1284.0781838667463,535.0881417443159,748.9900421224304,79675.45546509419,69494.54453490581,0.13650078340401384,1.02205544635893,79000.0,78640.0,75950.0,74585.0,1.0160223804679553,1.0712609774083262,4055.0,0.021739130434782705,0.021739130434782705,0.011264080100125156,0.002509410288582183,0.026945310390136,0.0231659293063797,34131269.4,21245010.3,0.6334206872157158,1.4380550335623983,28.52345527757791,1603.9424227036232,-526496522.0,97.61904761904762,88.23073945025165,-0.008871989860583018,-0.0050441361916772065,0.031209362808842567,0.0026076681275074933,-0.0012515644555694619,79800.0
2024-03-27,79200.0,80000.0,79200.0,79800.0,17424595,-0.0012515644555695093,-0.0012523483164659486,77971.42857142857,75592.85714285714,74833.33333333333,0.02349252045329835,800.0,-600.0,67.47735596114629,1464.3945771448198,720.9494288244167,743.4451483204031,80456.24360855133,69403.75639144867,0.14750416678370032,0.9406248027560838,79300.0,79220.0,76520.0,74930.0,1.007321383489018,1.0649939943947684,4290.0,-0.0012515644555695093,0.0012515644555695093,0.010025062656641603,0.007575757575757576,0.017796476024168142,0.023366755635290913,27594929.0,21456141.0,-0.4296647162328625,0.8121029312773439,27.96067205531165,1546.5179639390788,-543921117.0,96.42857142857143,91.10530391018195,0.021739130434782705,-0.008871989860583018,-0.0050441361916772065,0.0038718587062100593,0.012531328320802004,80800.0
2024-03-28,79400.0,81000.0,79200.0,80800.0,25084812,0.012531328320801949,0.012453461071286557,79114.28571428571,76128.57142857143,75209.52380952382,0.022794958924235886,1800.0,-1400.0,69.8505017495296,1668.7519271245692,910.5099284844473,758.2419986401219,81356.10357346402,69263.89642653598,0.16056575683080646,0.9540114086115956,80166.66666666667,79520.0,77170.0,75310.0,1.0160965794768613,1.0728986854335414,4210.0,0.012531328320801949,0.012531328320801949,0.022277227722772276,0.017632241813602016,0.012868204596909252,0.023340744004012794,23697931.6,22120588.65,0.4396209495830463,1.134002914520089,28.33750536586345,1564.623823657716,-518836305.0,97.84946236559139,97.29902713773681,-0.0012515644555695093,0.021739130434782705,-0.008871989860583018,0.011006298100005049,0.019801980198019802,82400.0
2024-03-29,81200.0,82500.0,80900.0,82400.0,27126366,0.01980198019801982,0.019608471388376337,79900.0,76842.85714285714,75647.61904761905,0.015118496806835576,1600.0,-1200.0,73.21785443427646,1937.479173665677,1115.9037775206934,821.5753961449836,82506.66389293347,69013.33610706653,0.17810622737416773,0.9920950639733814,81000.0,80220.0,78180.0,75760.0,1.0271752680129644,1.0876451953537487,4460.0,0.01980198019801982,0.01980198019801982,0.019417475728155338,0.014778325123152709,0.013376473066587116,0.019840834122329863,23778252.6,22418086.8,0.08138605942113508,1.2100214546408126,28.435357443901918,1574.2935505393077,-491709939.0,99.07407407407408,97.78403595607897,0.012531328320801949,-0.0012515644555695093,0.021739130434782705,0.01036058135441742,-0.0048543689320388345,82000.0
2024-04-01,83200.0,83300.0,82000.0,82000.0,20116513,-0.004854368932038833,-0.004866189651172899,80285.71428571429,77464.28571428571,76057.14285714286,0.012729189782837285,1300.0,1200.0,71.0804659061593,2094.0320970393077,1311.5294414244163,782.5026556148914,83397.06882113806,68832.93117886194,0.19134385656278163,0.9040747309965875,81733.33333333333,80980.0,79100.0,76115.0,1.0125957026426278,1.0773172173684555,4865.0,-0.004854368932038833,0.004854368932038833,0.015853658536585366,-0.014423076923076924,0.012111116601899704,0.020598587086195056,24060756.0,22263388.75,-0.2584147467449197,0.9035692286512312,28.131526104283708,1554.7011540722144,-511826452.0,88.79310344827586,95.2388799626471,0.01980198019801982,0.012531328320801949,-0.0012515644555695093,0.009159646528927645,0.036585365853658534,85000.0
2024-04-02,82900.0,85000.0,82900.0,85000.0,37077944,0.03658536585365857,0.03593200922606337,81157.14285714286,78242.85714285714,76538.09523809524,0.01635856763656395,2100.0,-2100.0,76.59820944354746,2432.1401470096607,1535.6515825414654,896.4885644681954,84870.00674763563,68489.99325236437,0.21361519946884805,1.0079360894544984,83133.33333333333,82000.0,80320.0,76680.0,1.0365853658536586,1.1085028690662493,5320.0,0.03658536585365857,0.03658536585365857,0.024705882352941175,0.025331724969843185,0.016760704260269148,0.021431435848989527,25366046.0,23142029.7,0.8431595972920356,1.602190666966433,28.77893938491673,1657.936785924199,-474748508.0,100.0,95.95572584078332,-0.004854368932038833,0.01980198019801982,0.012531328320801949,0.01717765903987985,-0.010588235294117647,84100.0
2024-04-03,84300.0,85000.0,83500.0,84100.0,30493347,-0.010588235294117676,-0.010644689511414113,82000.0,78942.85714285714,77033.33333333333,0.016713049258718967,1500.0,200.0,72.15070166991048,2597.5280477327615,1748.0268755797247,849.5011721530368,85861.97925744377,68618.02074255623,0.2232516638385234,0.8978204884961553,83700.0,82860.0,81040.0,77240.0,1.014965001206855,1.0888140859658209,5620.0,-0.010588235294117676,0.010588235294117676,0.0178359096313912,-0.002372479240806643,0.019048485586822813,0.017457477194694634,27979796.4,23589301.8,-0.17758797521243352,1.292676962571228,28.57278093259747,1646.6555869296135,-505241855.0,93.23308270676692,94.00872871834758,0.03658536585365857,-0.004854368932038833,0.01980198019801982,0.007047587209167354,0.014268727705112961,85300.0
2024-04-04,85200.0,85500.0,84300.0,85300.0,25248934,0.014268727705113005,0.014167887518731107,82771.42857142857,79871.42857142857,77623.80952380953,0.01611924331230072,1200.0,-100.0,74.2938788123074,2793.230499322264,1957.0676003282329,836.1628989940314,86887.27153551439,68902.72846448561,0.23088186752716833,0.9117424596640814,84800.0,83760.0,81640.0,77895.0,1.018385864374403,1.095063868027473,5865.0,0.014268727705113005,0.014268727705113005,0.01406799531066823,0.0011737089201877935,0.019106112801806078,0.015821698245999435,28012620.8,24125900.35,-0.17198548260379554,1.046548880402716,28.398224228452897,1629.0373307203554,-479992921.0,98.55072463768116,97.26126911481602,-0.010588235294117676,0.03658536585365857,-0.004854368932038833,0.013421952754884633,-0.009378663540445486,84500.0
2024-04-05,84500.0,85000.0,83800.0,84500.0,18883752,-0.009378663540445475,-0.00942292013450526,83442.85714285714,80707.14285714286,78209.52380952382,0.01726912414150422,1200.0,0.0,70.40401274376275,2850.9092804898683,2135.83593636056,715.0733441293082,87635.40820099211,69274.59179900789,0.23402990761562964,0.8292337261945895,84633.33333333333,84180.0,82200.0,78455.0,1.0038013779995247,1.0770505385252693,5725.0,-0.009378663540445475,0.009378663540445475,0.014201183431952662,0.0,0.02018773721470811,0.016254905511396054,26364098.0,24106520.5,-0.25209705883028566,0.7833462319873165,28.098319241097126,1619.8203785260444,-498876673.0,92.7536231884058,94.84581017761793,0.014268727705113005,-0.010588235294117676,0.03658536585365857,-0.0018993903764833824,0.0,84500.0
2024-04-08,85200.0,86000.0,84500.0,84500.0,18953232,0.0,0.0,83971.42857142857,81542.85714285714,78742.85714285714,0.017395959975605113,1500.0,700.0,70.40401274376275,2863.610214105618,2281.390791909572,582.2194221960463,88154.68323570951,69965.31676429049,0.23007040818895805,0.7990758368933784,84766.66666666667,84680.0,82830.0,79060.0,0.9978743504959848,1.068808499873514,5620.0,0.0,0.0,0.01775147928994083,-0.008215962441314555,0.01969360227225428,0.015517870519333638,26131441.8,24567156.9,0.003679353552196618,0.7714865858165297,28.101991842385612,1611.2617800598985,-498876673.0,88.0952380952381,93.13319530710835,-0.009378663540445475,0.014268727705113005,-0.010588235294117676,0.0016300213882225096,-0.010650887573964497,83600.0
2024-04-09,84500.0,84900.0,83100.0,83600.0,23725956,-0.010650887573964485,-0.010708014272472212,84142.85714285714,82021.42857142857,79276.19047619047,0.01733213885594211,1800.0,900.0,65.90204483541967,2769.1324815925473,2378.939129846167,390.19335174638036,88460.44048607495,70689.55951392505,0.22332241246811058,0.7264941173320493,84200.0,84400.0,83200.0,79575.0,0.990521327014218,1.0505812126924285,4825.0,-0.010650887573964485,0.010650887573964485,0.0215311004784689,-0.010650887573964497,0.01076626338135513,0.01568436443998534,23461044.2,25102872.0,0.2518158380586488,0.9451490650153497,28.315878995769157,1624.7430814841914,-522602629.0,71.08433734939759,83.97773287768048,0.0,-0.009378663540445475,0.014268727705113005,-0.006676517038136653,0.005980861244019139,84100.0
2024-04-11,83200.0,84700.0,82500.0,84100.0,25538009,0.005980861244019087,0.00596304688824638,84442.85714285714,82364.28571428571,79790.47619047618,0.01709195165898706,2200.0,-900.0,67.1584809106725,2703.4404406596004,2443.839392008854,259.60104865074663,88786.96998689919,71363.03001310081,0.21759525412174058,0.7310040097734887,84066.66666666667,84400.0,83630.0,80075.0,0.9964454976303317,1.0502653762098033,4325.0,0.005980861244019087,0.005980861244019087,0.026159334126040427,0.010817307692307692,0.0104971227502021,0.01554834058489223,22469976.6,25617615.75,0.07637428814248826,0.9968924996464591,28.395440295344216,1665.8328613781778,-497064620.0,76.82926829268293,78.6696145791062,-0.010650887573964485,0.0,-0.009378663540445475,-0.0015566754433151326,-0.0047562425683709865,83700.0
2024-04-12,84700.0,84900.0,83200.0,83700.0,17061770,-0.0047562425683710385,-0.004767589483472786,84257.14285714286,82707.14285714286,80247.61904761905,0.009503027882525128,1700.0,1000.0,65.09207862810796,2589.255047442508,2472.9225230955844,116.33252434692349,88954.1366350755,72135.8633649245,0.20880592550935498,0.6875935745198932,83800.0,84080.0,83920.0,80545.0,0.9954804947668887,1.0391706499472344,3535.0,-0.0047562425683710385,0.0047562425683710385,0.02031063321385902,-0.011806375442739079,0.006875103339263866,0.01562446355450288,20832543.8,25343427.3,-0.3319068060474095,0.6732226781339871,27.98734510258968,1668.2733712797365,-514126390.0,71.95121951219512,73.2882750514252,0.005980861244019087,-0.010650887573964485,0.0,-0.0031420896327721457,-0.017921146953405017,82200.0
2024-04-15,82900.0,83200.0,81200.0,82200.0,26663772,-0.017921146953404965,-0.01808367543329535,83985.71428571429,82992.85714285714,80623.80952380953,0.010915524099616037,2000.0,700.0,57.89772974544059,2350.6282573442877,2448.463669945325,-97.8354126010372,88519.76920555852,73560.23079444148,0.18459450161792995,0.5775424995157575,83333.33333333333,83620.0,83900.0,81040.0,0.9830184166467353,1.0143139190523198,2580.0,-0.017921146953404965,0.017921146953404965,0.024330900243309004,-0.008443908323281062,0.00926586785027132,0.0158413985888986,22388547.8,25547588.15,0.5627787738317889,1.0436903806123086,28.415726929122798,1727.682416188327,-540790162.0,44.11764705882353,64.29937828790052,-0.0047562425683710385,0.005980861244019087,-0.010650887573964485,-0.005565509425918973,-0.0267639902676399,80000.0
2024-04-16,81200.0,81300.0,79400.0,80000.0,31949845,-0.02676399026763987,-0.027128667388252585,83228.57142857143,83000.0,80990.47619047618,0.011082085941584033,1900.0,1200.0,49.29253652581154,1961.383584106734,2351.047652777607,-389.6640686708729,87829.20965921205,74970.79034078795,0.15796583929267938,0.39112192056188283,81966.66666666667,82720.0,83700.0,81400.0,0.9671179883945842,0.9828009828009828,1320.0,-0.02676399026763987,0.02676399026763987,0.02375,-0.014778325123152709,0.01248703106658659,0.017942909078515906,24987870.4,26569063.0,0.19824925745689703,1.202520578162655,28.569459801102255,1804.2765293177322,-572740007.0,11.764705882352942,42.61119081779052,-0.017921146953404965,-0.0047562425683710385,0.005980861244019087,-0.01648045992980529,-0.01375,78900.0
2024-04-17,80700.0,80800.0,78900.0,78900.0,22611631,-0.01375000000000004,-0.013845406822053095,82428.57142857143,82935.71428571429,81280.95238095238,0.01122445600212689,1900.0,1800.0,45.639962252416424,1546.318571352458,2190.101836492577,-643.783265140119,86871.07353697892,76538.92646302108,0.12645672937957084,0.22851722106530994,80366.66666666667,81780.0,83090.0,81705.0,0.9647835656639765,0.965669175693042,75.0,-0.01375000000000004,0.01375000000000004,0.024081115335868188,-0.022304832713754646,0.012553137469519476,0.011836575331212611,24765005.4,26930841.25,-0.2922772864782286,0.83961844303694,28.209911484709895,1811.1139200807515,-595351638.0,0.0,18.62745098039215,-0.02676399026763987,-0.017921146953404965,-0.0047562425683710385,-0.019478379073681624,0.008871989860583017,79600.0
2024-04-18,78800.0,80100.0,78300.0,79600.0,21370190,0.008871989860582907,0.008832864998508664,81728.57142857143,82850.0,81604.76190476191,0.012883151485164529,1800.0,-800.0,48.2670534102932,1259.3437770708697,2003.9502246082357,-744.606447537366,86602.75020063875,77077.24979936125,0.11639174488364495,0.26484175049747677,79500.0,80880.0,82640.0,81840.0,0.9841740850642928,0.9726295210166178,-960.0,0.008871989860582907,0.008871989860582907,0.022613065326633167,0.01015228426395939,0.01358083213742083,0.012806115155520445,23931441.6,25494035.9,-0.0549027622111824,0.8382427201336138,28.162276890057516,1810.320068646412,-573981448.0,16.883116883116884,9.549274255156604,-0.01375000000000004,-0.02676399026763987,-0.017921146953404965,-0.010547333469019001,-0.02512562814070352,77600.0
2024-04-19,78300.0,78700.0,76300.0,77600.0,31317563,-0.025125628140703515,-0.025446665661164262,80871.42857142857,82507.14285714286,81638.09523809524,0.014411426470052224,2400.0,700.0,42.018837040730176,860.610319704123,1775.2822436274132,-914.6719239232903,86762.98310069456,76747.01689930544,0.12251197115025529,0.08516233816526456,78700.0,79660.0,81870.0,81755.0,0.9741400954054733,0.9491774203412635,-2095.0,-0.025125628140703515,0.025125628140703515,0.030927835051546393,-0.008939974457215836,0.014325396500187685,0.012120856748206649,26782600.2,24831424.1,0.46547892180649764,1.2612068834183376,28.519012322525008,1916.7257780288112,-605299011.0,13.402061855670103,10.095059579595658,0.008871989860582907,-0.01375000000000004,-0.02676399026763987,-0.010001212760040215,-0.019329896907216496,76100.0
2024-04-22,77400.0,77500.0,75100.0,76100.0,30469477,-0.019329896907216537,-0.019519162321532956,79728.57142857143,82085.71428571429,81485.71428571429,0.012626551372459187,2400.0,1300.0,38.041363536485505,418.74666712673206,1503.975128327277,-1085.2284612005449,87093.48423139872,76136.51576860128,0.1342518956417011,-0.003332652523849625,77766.66666666667,78440.0,81030.0,81615.0,0.9701682814890362,0.9324266372603075,-3175.0,-0.019329896907216537,0.019329896907216537,0.03153745072273324,-0.016795865633074936,0.014412332453206222,0.012525280452281178,27543741.2,25018659.9,-0.027080204165311317,1.21787006665373,28.472039530240767,1958.388222455325,-635768488.0,9.174311926605505,13.153163555130826,-0.025125628140703515,0.008871989860582907,-0.01375000000000004,-0.011861178395779048,-0.00788436268068331,75500.0
2024-04-23,76400.0,76800.0,75500.0,75500.0,18717699,-0.007884362680683266,-0.007915608612661086,78557.14285714286,81407.14285714286,81323.80952380953,0.012282671605602912,1300.0,900.0,36.55095057809815,19.921906080300687,1207.1644838778818,-1187.2425777975811,87425.93182463087,75534.06817536913,0.14594825293644745,-0.002864830641683862,76400.0,77540.0,80130.0,81480.0,0.9736909981944802,0.9266077565046638,-3940.0,-0.007884362680683266,0.007884362680683266,0.017218543046357615,-0.011780104712041885,0.013039386638070128,0.012040539043481253,24897312.0,25019345.05,-0.3856901777473897,0.7481290562400233,27.976868040030006,1911.3604922799448,-654486187.0,3.669724770642202,8.748699517639265,-0.019329896907216537,-0.025125628140703515,0.008871989860582907,-0.017446629242867773,0.04105960264900662,78600.0
2024-04-24,77500.0,78800.0,77200.0,78600.0,22166150,0.041059602649006655,0.04023904318018187,78042.85714285714,81014.28571428571,81342.85714285714,0.023907938650677897,1600.0,-1100.0,47.90695200689098,-45.48121902535786,956.6353432972339,-1002.1165623225918,87461.23414766756,75368.76585233244,0.148528751401279,0.267210470910564,76733.33333333333,77480.0,79630.0,81415.0,1.0144553433144037,0.9654240619050544,-3935.0,0.041059602649006655,0.041059602649006655,0.020356234096692113,0.014193548387096775,0.026601449562934067,0.020442879458148176,24808215.8,24600077.85,0.18423477159238422,0.9010601566043418,28.186203886833525,2010.549028545663,-632320037.0,32.11009174311926,14.98470948012232,-0.007884362680683266,-0.019329896907216537,-0.025125628140703515,0.004615114353702284,-0.029262086513994912,76300.0
2024-04-25,77300.0,77500.0,76300.0,76300.0,15549134,-0.029262086513994867,-0.029698761144749494,77514.28571428571,80371.42857142857,81171.42857142857,0.024295953768555072,1200.0,1000.0,41.91316143580092,-279.680462694756,709.372182098836,-989.052644793592,87673.2687934223,74806.7312065777,0.15837687822309962,0.11605832442047959,76800.0,76820.0,78850.0,81240.0,0.9932309294454569,0.9391925160019695,-4420.0,-0.029262086513994867,0.029262086513994867,0.015727391874180863,-0.0129366106080207,0.028637951990101124,0.021179827421260785,23644004.6,24506304.8,-0.2985189579606743,0.6344952503814447,27.801943720993762,2031.2240979352587,-647869171.0,11.009174311926605,15.596330275229354,0.041059602649006655,-0.007884362680683266,-0.019329896907216537,0.0013043844847761739,0.005242463958060288,76700.0
2024-04-26,77800.0,77900.0,76500.0,76700.0,12755629,0.005242463958060384,0.005228770082799276,77200.0,79814.28571428571,81023.80952380953,0.024438687169950176,1400.0,1100.0,43.24312079481068,-428.0738249691203,481.8829806852447,-909.9568056543651,87781.00076458562,74288.99923541438,0.16649597740693833,0.17869852440890738,77200.0,76640.0,78150.0,81035.0,1.0007828810020878,0.9465045967791695,-4395.0,0.005242463958060384,0.005242463958060384,0.018252933507170794,-0.014138817480719794,0.027316428215795323,0.021658534271019485,19931617.8,23889845.65,-0.1796566291087336,0.5339351784384593,27.609140209693035,2000.4223766541688,-635113542.0,14.678899082568808,19.266055045871553,-0.029262086513994867,0.041059602649006655,-0.007884362680683266,0.00567999336435739,0.0,76700.0
2024-04-29,77400.0,77600.0,76200.0,76700.0,14664474,0.0,0.0,76785.71428571429,79257.14285714286,80828.57142857143,0.0238850130818266,1400.0,700.0,43.24312079481068,-539.4580965519417,277.61476523780743,-817.0728617897491,87730.72534309937,73769.27465690063,0.17289722212010833,0.20991553162856283,76566.66666666667,76760.0,77600.0,80750.0,0.9992183428869202,0.9498452012383901,-3990.0,0.0,0.0,0.018252933507170794,-0.00904392764857881,0.025568741727148712,0.021532180975052863,16770617.2,23266751.05,0.14964726553273078,0.6302759662699017,27.748595379394423,1957.5350640360139,-635113542.0,16.3265306122449,14.004868002246766,0.005242463958060384,-0.029262086513994867,0.041059602649006655,-0.008006540851978161,0.010430247718383311,77500.0
2024-04-30,77000.0,78500.0,76600.0,77500.0,19007007,0.010430247718383301,0.010376227986090798,76771.42857142857,78821.42857142857,80595.23809523809,0.02265546354225921,1900.0,-500.0,46.105357755625164,-556.7596415635344,110.73988387753906,-667.4995254410735,87625.14825642102,73424.85174357898,0.17634643294432825,0.286976279173865,76966.66666666667,77160.0,77350.0,80525.0,1.0044064282011405,0.9624340266997827,-3365.0,0.010430247718383301,0.010430247718383301,0.024516129032258065,0.006493506493506494,0.025137181074369633,0.020882799323210112,16828478.8,23211275.75,0.29612606630145755,0.8188695530877919,28.018351473960394,1953.4254166048702,-616106535.0,24.489795918367346,18.498408537727013,0.0,0.005242463958060384,-0.029262086513994867,0.005224237225481228,0.0064516129032258064,78000.0
2024-05-02,77600.0,78600.0,77300.0,78000.0,18900640,0.006451612903225712,0.006430890330290331,77042.85714285714,78385.71428571429,80404.76190476191,0.021029101850814944,1300.0,-400.0,47.87465468477851,-524.08410399071,-16.224913696110747,-507.8591902945992,87032.30497928653,73317.69502071347,0.17105843415744396,0.34140999951366485,77400.0,77040.0,77260.0,80175.0,1.0124610591900312,0.9728718428437793,-3135.0,0.006451612903225712,0.006451612903225712,0.016666666666666666,0.005154639175257732,0.015999820178190852,0.020700945345767812,16175376.8,22302410.55,-0.005596199338486096,0.8474707232936307,28.01917044756282,1906.7521725616652,-597205895.0,29.591836734693878,23.469387755102037,0.010430247718383301,0.0,0.005242463958060384,0.005627286873869671,-0.005128205128205128,77600.0
2024-05-03,79000.0,79000.0,77500.0,77600.0,13151889,-0.00512820512820511,-0.005141399500418652,77342.85714285714,77950.0,80052.38095238095,0.020802522621949877,1500.0,1400.0,46.55784600598325,-524.419975077617,-117.86392597241199,-406.556049105205,86538.0883902495,73161.9116097505,0.1675163028240325,0.3317905006099909,77700.0,77300.0,77060.0,79850.0,1.0038809831824063,0.9718221665623044,-2550.0,-0.00512820512820511,0.00512820512820511,0.019329896907216496,-0.017721518987341773,0.006050241264336788,0.020434226868310583,15695927.8,21435337.65,-0.30415642010006005,0.6135610837928649,27.651398662633753,1877.6984459501177,-610357784.0,30.864197530864196,28.315276727975135,0.006451612903225712,0.010430247718383301,0.0,0.003917885164467967,0.04768041237113402,81300.0
2024-05-07,79600.0,81300.0,79400.0,81300.0,26238868,0.04768041237113407,0.04657858936459189,77728.57142857143,77885.71428571429,79919.04761904762,0.022698825588299512,1900.0,-1700.0,58.05153653600581,-223.55013077160402,-139.0011669322504,-84.5489638393536,85875.0766218071,73424.9233781929,0.1563107751866188,0.6325284892253276,78966.66666666667,78220.0,77430.0,79650.0,1.0393761186397341,1.0207156308851224,-1430.0,0.04768041237113407,0.04768041237113407,0.023370233702337023,0.02135678391959799,0.02087852906488479,0.02406688159584997,18392575.6,21484834.35,0.9950645872999688,1.2212739261822607,28.388653676402065,2007.8628426679666,-584118916.0,100.0,53.48534475518602,-0.00512820512820511,0.006451612903225712,0.010430247718383301,0.01633460671538489,0.0,81300.0
2024-05-08,80800.0,81400.0,80500.0,81300.0,13089576,0.0,0.0,78442.85714285714,77978.57142857143,79728.57142857143,0.017305173068829366,900.0,-500.0,58.05153653600581,14.721686058139312,-108.25659633417247,122.97828239231178,85343.61786464269,73636.38213535731,0.14727935248817928,0.6546052408829804,80066.66666666667,79140.0,77950.0,79490.0,1.0272934040940107,1.0227701597685244,-350.0,0.0,0.0,0.01107011070110701,0.006188118811881188,0.02087852906488479,0.022635975240209542,18077596.0,21195125.55,-0.5011379301881469,0.6175748272460693,27.693228041760047,1928.7297824773975,-584118916.0,98.41269841269842,76.42563198118752,0.04768041237113407,-0.00512820512820511,0.006451612903225712,0.014184069080976322,-0.01968019680196802,79700.0
2024-05-09,81100.0,81500.0,79700.0,79700.0,18759935,-0.019680196801967975,-0.019876430757595508,78871.42857142857,78035.71428571429,79500.0,0.020533690965170576,1800.0,1400.0,52.399672058006075,73.59878829159425,-71.88551940901912,145.48430770061339,84611.65724576398,73888.34275423602,0.13530996203820783,0.5419646369931168,80766.66666666667,79580.0,78370.0,79250.0,1.0015079165619503,1.0056782334384857,330.0,-0.019680196801967975,0.019680196801967975,0.02258469259723965,-0.01726263871763255,0.025281805165618912,0.02376863873700413,18028181.6,21185460.7,0.43319653745850895,0.8855098912245982,28.033258901496563,1919.5347980147262,-602878851.0,71.875,90.09589947089948,0.0,0.04768041237113407,-0.00512820512820511,0.009333405189722033,-0.006273525721455458,79200.0
2024-05-10,80400.0,81100.0,78900.0,79200.0,16976124,-0.006273525721455453,-0.006293286975789179,79228.57142857143,78007.14285714286,79247.61904761905,0.020947278722987676,2200.0,1200.0,50.73725608943462,79.0027995765995,-41.707855611895404,120.71065518849491,83985.84715791684,74074.15284208316,0.12541685835548122,0.5171514571155034,80066.66666666667,79820.0,78430.0,79030.0,0.9922325231771486,1.0021510818676451,790.0,-0.006273525721455453,0.006273525721455453,0.027777777777777776,-0.014925373134328358,0.02584224034339694,0.02041677814206979,17643278.4,20847969.1,-0.09508620365688902,0.8142819052816036,27.92705002204227,1939.5680267279602,-619854975.0,64.0625,78.11673280423281,-0.019680196801967975,0.0,0.04768041237113407,-0.008651240841141142,-0.010101010101010102,78400.0
2024-05-13,79400.0,79900.0,77600.0,78400.0,18652344,-0.010101010101010055,-0.010152371464017962,79357.14285714286,78064.28571428571,79000.0,0.021432295182880035,2300.0,1000.0,48.10742468306711,18.5187309300818,-29.662538303499964,48.181269233581766,83091.31120061973,74398.68879938027,0.11038951554053548,0.4603111714652638,79100.0,79980.0,78640.0,78745.0,0.9802450612653163,0.9956187694456791,1235.0,-0.010101010101010055,0.010101010101010055,0.029336734693877552,-0.012594458438287154,0.02633955255015492,0.018025888647715267,18743369.4,20503685.85,0.09873985369098381,0.9097068759468921,28.011061586141867,1965.313167675963,-638507319.0,51.5625,62.5,-0.006273525721455453,-0.019680196801967975,0.0,-0.012018244208144494,-0.0012755102040816326,78300.0
2024-05-14,78600.0,78800.0,77900.0,78300.0,11763992,-0.0012755102040816757,-0.0012763243596047896,79400.0,78221.42857142857,78723.80952380953,0.02134350570595129,900.0,300.0,47.774084247557816,-37.057319786486914,-31.141494600097356,-5.915825186389558,82143.28512924972,74806.71487075028,0.09348926739088173,0.47614689237150537,78633.33333333333,79380.0,78800.0,78475.0,0.9863945578231292,0.9977699904428162,905.0,-0.0012755102040816757,0.0012755102040816757,0.011494252873563218,-0.003816793893129771,0.00793119153337312,0.018048084794051084,15848394.2,20238796.95,-0.3693022174585672,0.58125945079952,27.54885678059497,1889.2193699848228,-650271311.0,46.666666666666664,54.09722222222222,-0.010101010101010055,-0.006273525721455453,-0.019680196801967975,-0.005883348675515728,-0.001277139208173691,78200.0
2024-05-16,80200.0,80300.0,78100.0,78200.0,20989778,-0.0012771392081737387,-0.0012779554454920687,79485.71428571429,78414.28571428571,78461.90476190476,0.021221454877279656,2200.0,2000.0,47.42023014861858,-88.15471200275351,-42.54413808062859,-45.61057392212492,81497.20911471438,75052.79088528562,0.0823304788173588,0.4883620216239988,78300.0,78760.0,78950.0,78275.0,0.9928897917724734,0.9990418396678378,485.0,-0.0012771392081737387,0.0012771392081737387,0.028132992327365727,-0.02493765586034913,0.007646072480284637,0.018069969535181522,17428434.6,19955097.25,0.7842393976466493,1.0518504488871885,28.126571041809914,1911.4179864144783,-671261089.0,37.735849056603776,45.32167190775681,-0.0012755102040816757,-0.010101010101010055,-0.006273525721455453,-0.0042178865044218234,-0.010230179028132993,77400.0
2024-05-17,78600.0,78800.0,77200.0,77400.0,15918201,-0.010230179028132946,-0.01028286695558392,78928.57142857143,78328.57142857143,78233.33333333333,0.007088902219556127,1600.0,1200.0,44.57573595130269,-191.00133311802347,-72.23557708810758,-118.76575602991589,81282.86719386224,75007.13280613776,0.08030884109955193,0.38128879363389867,77966.66666666667,78300.0,78940.0,78145.0,0.9885057471264368,0.9904664405912087,155.0,-0.010230179028132946,0.010230179028132946,0.020671834625323,-0.015267175572519083,0.004451733529551864,0.018190208008557442,16860087.8,19153515.05,-0.24162127870051797,0.8310851015307501,27.839715789061312,1889.17384452773,-687179290.0,22.641509433962263,35.68134171907756,-0.0012771392081737387,-0.0012755102040816757,-0.010101010101010055,-0.004260942813462787,0.01937984496124031,78900.0
2024-05-20,78100.0,79100.0,77900.0,78900.0,19456783,0.019379844961240345,0.01919444725614716,78585.71428571429,78514.28571428571,78180.95238095238,0.01215802303478958,1200.0,-800.0,50.56362774847843,-149.74439714715118,-87.7373410999163,-62.00705604723487,81282.86719386224,75007.13280613776,0.08030884109955193,0.6203046453777269,78166.66666666667,78240.0,79030.0,78145.0,1.008435582822086,1.0096615266491777,95.0,0.019379844961240345,0.019379844961240345,0.015209125475285171,0.010243277848911651,0.012073398189468936,0.019133345768312736,17356219.6,18995772.65,0.22229785891006149,1.024269102315246,28.05964281442746,1875.6614270614634,-667722507.0,50.943396226415096,37.10691823899371,-0.010230179028132946,-0.0012771392081737387,-0.0012755102040816757,0.0026241755749778863,-0.0063371356147021544,78400.0
2024-05-21,78500.0,79000.0,78200.0,78400.0,13690583,-0.006337135614702172,-0.006357300495466412,78400.0,78635.71428571429,78157.14285714286,0.01018070570425344,800.0,100.0,48.67584950225825,-155.6001379432273,-101.30990046857852,-54.29023747464879,81150.78744070427,75019.21255929573,0.0785243629558627,0.5513734246245784,78233.33333333333,78240.0,79110.0,78085.0,1.0020449897750512,1.004034065441506,155.0,-0.006337135614702172,0.006337135614702172,0.01020408163265306,-0.0012738853503184713,0.011441577084139103,0.019182297965650696,16363867.4,18611792.3,-0.29635937246152155,0.735586491581469,27.701797988526383,1798.8284679856447,-681413090.0,41.509433962264154,38.36477987421384,0.019379844961240345,-0.010230179028132946,-0.0012771392081737387,0.0009375101061350755,-0.008928571428571428,77700.0
2024-05-22,78100.0,78700.0,77300.0,77700.0,19521506,-0.008928571428571397,-0.008968669982760375,78185.71428571429,78707.14285714286,78066.66666666667,0.010401271442824817,1400.0,400.0,46.081932056125154,-214.25520394650812,-123.89896116416446,-90.35624278234366,81152.78167340548,75027.21832659452,0.07844235301333025,0.43633238644033634,78333.33333333333,78120.0,78750.0,78090.0,0.9946236559139785,0.9950057625816365,30.0,-0.008928571428571397,0.008928571428571397,0.018018018018018018,-0.005121638924455826,0.012153321467162297,0.010176502665272914,17915370.2,18021989.45,0.42590757457151396,1.0832048289763037,28.047637823968927,1770.3407202723845,-700934596.0,22.448979591836736,38.30060326017199,-0.006337135614702172,0.019379844961240345,-0.010230179028132946,0.0013713793059889252,0.007722007722007722,78300.0
2024-05-23,77700.0,79100.0,77100.0,78300.0,18728087,0.007722007722007707,0.007692345623155645,78171.42857142857,78764.28571428571,78100.0,0.010465961569802859,2000.0,-600.0,48.60983566930017,-209.90512512918212,-141.10019395716802,-68.80493117201411,81116.37843187331,75283.62156812669,0.07458768367962426,0.5171445514249956,78133.33333333333,78140.0,78450.0,78200.0,1.002047606859483,1.0012787723785166,-60.0,0.007722007722007707,0.007722007722007707,0.02554278416347382,0.007722007722007722,0.012837710141714056,0.01082583455945678,17463032.0,17434919.95,-0.04064332946443783,1.0741710919068488,28.013837815572334,1786.7449545386428,-682206509.0,27.272727272727273,30.410380275609384,-0.008928571428571397,-0.006337135614702172,0.019379844961240345,-0.002514566440421954,-0.03065134099616858,75900.0
2024-05-24,76800.0,77000.0,75700.0,75900.0,27891278,-0.03065134099616862,-0.031130918595173213,77828.57142857143,78614.28571428571,78090.47619047618,0.01574011957556918,1300.0,900.0,40.44205481047475,-395.5578539745329,-191.99172596064102,-203.5661280138919,81062.97842337759,75377.02157662241,0.07269185434358441,0.09197720585516517,77300.0,77840.0,78070.0,78220.0,0.975077081192189,0.9703400664791614,-380.0,-0.03065134099616862,0.03065134099616862,0.017127799736495388,-0.01171875,0.018866563406856503,0.012969008488536889,19857647.4,17893598.9,0.48927533281963065,1.5587293621519593,28.380996544813613,1844.8346006430256,-710097787.0,3.4482758620689653,17.72332757554432,0.007722007722007707,-0.008928571428571397,-0.006337135614702172,-0.010619301567577436,0.017127799736495388,77200.0
2024-05-27,75300.0,78200.0,74000.0,77200.0,43825202,0.017127799736495364,0.01698277262914622,77685.71428571429,78585.71428571429,78171.42857142857,0.01773919480614005,4200.0,-1900.0,45.75857880511693,-432.80078564566793,-240.1535378976464,-192.64724774802153,81022.37294162693,75277.62705837307,0.07350922435385629,0.3346315016701987,77133.33333333333,77500.0,77870.0,78150.0,0.9961290322580645,0.9878438899552143,-650.0,0.017127799736495364,0.017127799736495364,0.054404145077720206,0.025232403718459494,0.018190715917404416,0.014672434934778471,24731331.2,18976551.5,0.571286980826049,2.309439731449626,28.849874334015414,2013.0607005970953,-666272585.0,42.666666666666664,24.46255660048763,-0.03065134099616862,0.007722007722007707,-0.008928571428571397,-0.0019338445125551829,0.0051813471502590676,77600.0
2024-05-28,76500.0,78000.0,76200.0,77600.0,18539072,0.005181347150259086,0.005167970158442598,77714.28571428571,78321.42857142857,78123.80952380953,0.017472628503072744,1800.0,-1100.0,47.31691303190463,-425.13868612139777,-277.1505675423967,-147.98811857900108,80967.43432925169,75462.56567074831,0.07038123964077699,0.38828071328277575,76900.0,77340.0,77790.0,78215.0,1.0033617791569693,0.9921370581090584,-875.0,0.005181347150259086,0.005181347150259086,0.023195876288659795,0.01437908496732026,0.01857973104498964,0.014583420216365621,25701029.0,19126048.4,-0.5769769184406726,0.9693101058972537,27.994713769083816,1997.842079125874,-647733513.0,48.0,31.371647509578537,0.017127799736495364,-0.03065134099616862,0.007722007722007707,-0.002780731369804723,-0.030927835051546393,75200.0
2024-05-29,77700.0,78200.0,75200.0,75200.0,30244875,-0.030927835051546393,-0.03141619623337893,77185.71428571429,77885.71428571429,78071.42857142857,0.01880471607704776,3000.0,2500.0,39.90841797782536,-605.7437228346244,-342.8691986008422,-262.87452423378215,81137.12142598633,75142.87857401367,0.07671157988191281,0.009529381340887004,76666.66666666667,76840.0,77480.0,78140.0,0.9786569495054659,0.9623752239570003,-1300.0,-0.030927835051546393,0.030927835051546393,0.0398936170212766,-0.032175032175032175,0.02278605626178146,0.017403626587432972,27845702.8,20000510.7,0.6314125647713111,1.5122051358418562,28.45274381653845,2069.4247877597404,-677978388.0,16.0,35.55555555555555,0.005181347150259086,0.017127799736495364,-0.03065134099616862,-0.002872896054930648,-0.022606382978723406,73500.0
2024-05-30,74800.0,75200.0,73500.0,73500.0,28551273,-0.022606382978723416,-0.02286582473700316,76485.71428571429,77442.85714285714,77919.04761904762,0.01974275222854011,1700.0,1300.0,35.65046243612598,-875.9528687172424,-449.48593262412226,-426.4669360931201,81581.52014688551,74378.47985311449,0.09237035513940775,-0.1219595916843858,75433.33333333333,75880.0,77010.0,77980.0,0.9686346863468634,0.9425493716337523,-2100.0,-0.022606382978723416,0.022606382978723416,0.02312925170068027,-0.017379679144385027,0.02214471744834854,0.01832964354201094,29810340.0,20694850.65,-0.05599632995672821,1.3796317491182282,28.372252766714993,2043.037302919759,-706529661.0,0.0,21.333333333333325,-0.030927835051546393,0.005181347150259086,0.017127799736495364,-0.01611762362667024,0.0,73500.0
2024-05-31,74500.0,74700.0,73500.0,73500.0,26198776,0.0,0.0,75885.71428571429,77035.71428571429,77766.66666666667,0.02005038665928991,1200.0,1000.0,35.65046243612598,-1077.6728221156663,-575.1233105224311,-502.54951159323525,81900.60291960459,73659.39708039541,0.1059553334945895,-0.01934147544732485,74066.66666666667,75400.0,76620.0,77780.0,0.9748010610079576,0.9449730007714066,-2380.0,0.0,0.0,0.0163265306122449,-0.013422818791946308,0.019954864074191597,0.0183544598326137,29471839.6,21054439.1,-0.08239552050796473,1.2443350248166904,28.28626393528422,1982.8203527112048,-706529661.0,0.0,5.333333333333326,-0.022606382978723416,-0.030927835051546393,0.005181347150259086,-0.01784473934342327,0.029931972789115645,75700.0
2024-06-03,74400.0,76400.0,74200.0,75700.0,15706268,0.029931972789115635,0.02949275422461209,75514.28571428571,76842.85714285714,77680.95238095238,0.024155716033994874,2200.0,-1300.0,44.53260089170225,-1047.93577338662,-669.685803095269,-378.249970291351,81886.8853358985,73443.1146641015,0.1087204103752915,0.2672840634382357,74233.33333333333,75100.0,76300.0,77665.0,1.007989347536618,0.9746990278761347,-2565.0,0.029931972789115635,0.029931972789115635,0.02906208718626156,0.01747311827956989,0.024096073271392213,0.020129557823728623,23848052.8,20894720.5,-0.4004961147803241,0.7516859581825945,27.804103865740352,2048.3331846604046,-690823393.0,32.35294117647059,10.784313725490188,0.0,-0.022606382978723416,-0.030927835051546393,0.0024418632701307397,-0.005284015852047556,75300.0
2024-06-04,74900.0,76100.0,74900.0,75300.0,14098053,-0.005284015852047519,-0.005298025637555161,75428.57142857143,76628.57142857143,77552.38095238095,0.021267498807003064,1200.0,-400.0,43.36070130768716,-1044.6040597284155,-744.6694544218983,-299.93460530651714,81902.61566852576,73197.38433147424,0.11225314425598347,0.24153472631755699,74833.33333333333,74640.0,75990.0,77550.0,1.0088424437299035,0.9709864603481625,-2910.0,-0.005284015852047519,0.005284015852047519,0.01593625498007968,0.0053404539385847796,0.023582515424252905,0.020118426217046712,22959849.0,20942028.7,-0.1023931974164709,0.6731942354753816,27.690782674496315,1987.7379571846616,-704921446.0,26.470588235294116,19.607843137254893,0.029931972789115635,0.0,-0.022606382978723416,0.008215985645689372,0.027888446215139442,77400.0
2024-06-05,78000.0,78000.0,76800.0,77400.0,23177968,0.027888446215139417,0.027506645789833514,75457.14285714286,76571.42857142857,77542.85714285714,0.023058194898241024,1200.0,600.0,50.6963040304515,-862.5680554693681,-768.2491746313924,-94.31888083797571,81333.61388187569,73376.38611812431,0.10286636628209393,0.505655235885668,76133.33333333333,75080.0,75960.0,77355.0,1.0309003729355355,1.0005817335660268,-2275.0,0.027888446215139417,0.027888446215139417,0.015503875968992248,-0.007692307692307693,0.022547153815567603,0.022331514803179905,21546467.6,20788983.7,0.6440545371761619,1.1149158772970706,28.215454789834343,2038.6138173857573,-681743478.0,69.64285714285714,42.822128851540604,-0.005284015852047519,0.029931972789115635,0.0,0.017512134384069178,-0.0012919896640826874,77300.0
2024-06-07,78400.0,78600.0,77100.0,77300.0,21189349,-0.0012919896640827266,-0.0012928250023051934,75414.28571428571,76564.28571428571,77352.38095238095,0.022963226093486225,1500.0,1100.0,50.36181284387045,-718.0946269989654,-758.218265104907,40.12363810594161,80674.25530400086,73635.74469599914,0.09122559274190563,0.5206009492740065,76666.66666666667,75840.0,75860.0,77155.0,1.0192510548523206,1.0018793338085672,-1315.0,-0.0012919896640827266,0.0012919896640827266,0.019404915912031046,-0.01403061224489796,0.017161588689654377,0.022159188382529737,20074082.8,21193972.35,-0.08579781454526125,0.9997818554292867,28.124458442309976,2000.1414018582032,-702932827.0,67.85714285714286,54.65686274509803,0.027888446215139417,-0.005284015852047519,0.029931972789115635,0.007104146899669724,-0.02069857697283312,75700.0
2024-06-10,76100.0,76600.0,75600.0,75700.0,14598755,-0.02069857697283317,-0.02091579514997324,75485.71428571429,76335.71428571429,77085.71428571429,0.020857537694642287,1000.0,400.0,45.220772376300346,-724.35510751931,-751.4456335877877,27.090526068477743,80316.37503192734,73593.62496807266,0.08735949663900562,0.31332044355663424,76800.0,76280.0,75840.0,76955.0,0.9923964341898269,0.9836917679163147,-675.0,-0.02069857697283317,0.02069857697283317,0.013210039630118891,-0.005256241787122208,0.022051643652891206,0.020868505923609487,17754078.6,20985913.35,-0.3110333403824723,0.6956454435184256,27.730980248496376,1978.702730296903,-717531582.0,39.285714285714285,58.92857142857142,-0.0012919896640827266,0.027888446215139417,-0.005284015852047519,0.00196595985940784,-0.0066050198150594455,75200.0
2024-06-11,75900.0,76000.0,75100.0,75200.0,16971175,-0.006605019815059454,-0.006626929487608961,75728.57142857143,76107.14285714286,76871.42857142857,0.018542172609221554,900.0,700.0,43.71883122773111,-760.8913232259074,-753.3347715154116,-7.556551710495796,80028.80351788033,73481.19648211967,0.08530528350935641,0.2625086552221056,76066.66666666667,76180.0,75640.0,76755.0,0.9871357311630349,0.9797407335027034,-575.0,-0.006605019815059454,0.006605019815059454,0.011968085106382979,-0.00922266139657444,0.0178341952321437,0.02002822152013872,18007060.0,20985665.9,0.16250837828294262,0.8087031920202257,27.87493338458716,1901.6525352756955,-734502757.0,30.357142857142858,45.833333333333336,-0.02069857697283317,-0.0012919896640827266,0.027888446215139417,-0.009531862150658451,0.017287234042553192,76500.0
2024-06-12,75300.0,77100.0,75200.0,76500.0,19246725,0.017287234042553168,0.01713950987669599,76157.14285714286,76021.42857142857,76742.85714285714,0.0191602699478882,1900.0,-1200.0,48.50752169543946,-677.1417335575679,-738.0961639238428,60.95443036627489,79841.79029379462,73478.20970620538,0.083010443354934,0.47485692248291084,75800.0,76420.0,75530.0,76660.0,1.0010468463752944,0.997912861987999,-240.0,0.017287234042553168,0.017287234042553168,0.02483660130718954,0.01593625498007968,0.019334946365100067,0.020887581854311665,19036794.4,21015384.95,0.13408323230418628,0.9158397548173393,28.017897494169517,1901.5344970417175,-715256032.0,53.57142857142857,41.07142857142856,-0.006605019815059454,-0.02069857697283317,-0.0012919896640827266,-0.0033387875817798194,0.027450980392156862,78600.0
2024-06-13,78400.0,79000.0,77800.0,78600.0,33763804,0.027450980392156765,0.027080958602670614,76571.42857142857,76042.85714285714,76752.38095238095,0.01867702475874107,1200.0,-200.0,55.14662479863051,-436.2878757426952,-677.7345062876134,241.4466305449182,79891.97798693471,73458.02201306529,0.08391204400220961,0.7991938408994572,76766.66666666667,76660.0,75870.0,76675.0,1.0253065483955126,1.0251059667427453,-15.0,0.027450980392156765,0.027450980392156765,0.015267175572519083,0.002551020408163265,0.019196448307203337,0.01979483745693454,21153961.6,22115375.55,0.7542622965725339,1.5267117632103697,28.607026877487165,1944.282032967309,-681492228.0,92.72727272727273,58.88528138528138,0.017287234042553168,-0.006605019815059454,-0.02069857697283317,0.012711064873216826,0.01272264631043257,79600.0
2024-06-14,79700.0,80500.0,79000.0,79600.0,22926612,0.012722646310432628,0.012642393415176527,77185.71428571429,76307.14285714286,76814.28571428571,0.018193728372786794,1500.0,100.0,57.92838801177317,-162.84068941201258,-574.7557429124932,411.91505350048067,80156.72899522273,73333.27100477727,0.08891078233690089,0.9184095518720437,78233.33333333333,77120.0,76480.0,76745.0,1.0321576763485478,1.0372011205941756,375.0,0.012722646310432628,0.012722646310432628,0.018844221105527637,-0.0012547051442910915,0.0193935284054574,0.017406841148743687,21501414.2,22212217.25,-0.3209707057889567,1.0321622439560822,28.23257826171639,1941.1190306125013,-658565616.0,87.14285714285714,77.8138528138528,0.027450980392156765,0.017287234042553168,-0.006605019815059454,0.019153620248380854,-0.018844221105527637,78100.0
2024-06-17,79200.0,79500.0,78000.0,78100.0,16123051,-0.018844221105527637,-0.019024036004697046,77285.71428571429,76371.42857142857,76809.52380952382,0.018350128963004666,1500.0,1100.0,52.65333468492583,-66.40382616819988,-473.0853595636346,406.6815333954347,80234.12034654591,73325.87965345409,0.08997448154586901,0.6910761449467139,78766.66666666667,77600.0,76940.0,76780.0,1.0064432989690721,1.0171919770773639,820.0,-0.018844221105527637,0.018844221105527637,0.019206145966709345,-0.013888888888888888,0.018762014214536778,0.01930275602887743,21806273.4,22222459.75,-0.2967538771101461,0.7255295399961293,27.861505880952475,1916.7533855687511,-674688667.0,65.71428571428571,81.86147186147186,0.012722646310432628,0.027450980392156765,0.017287234042553168,0.007109801865687253,0.02176696542893726,79800.0
2024-06-18,78700.0,80200.0,78600.0,79800.0,18207598,0.02176696542893719,0.021533447610122734,77642.85714285714,76528.57142857143,76923.80952380953,0.019787326615769048,1600.0,-1100.0,57.38918137086189,145.52139518997865,-349.36400861291196,494.8854038028906,80416.14407807248,73233.85592192752,0.0934889444340379,0.9142134004265304,79166.66666666667,78520.0,77350.0,76825.0,1.0163015792154866,1.0387243735763099,1695.0,0.02176696542893719,0.02176696542893719,0.020050125313283207,0.01397712833545108,0.018124155258359902,0.01833859011150489,22053558.0,22160000.5,0.1292898595929517,0.8216424904864059,28.004628320895673,1929.8424294566976,-656481069.0,90.0,80.95238095238095,-0.018844221105527637,0.012722646310432628,0.027450980392156765,0.005215130211280727,0.017543859649122806,81200.0
2024-06-19,81100.0,82500.0,80500.0,81200.0,24168863,0.01754385964912286,0.01739174271186924,78428.57142857143,76957.14285714286,77033.33333333333,0.01661434636404394,2000.0,-100.0,60.86118160480359,421.58222223482153,-195.17476244336527,616.7569846781868,81004.94528363172,72925.05471636828,0.1049813625318449,1.0241407621482603,79700.0,79460.0,77940.0,76965.0,1.0218978102189782,1.055025011368804,2495.0,0.01754385964912286,0.01754385964912286,0.024630541871921183,0.0012330456226880395,0.018142953196842223,0.01827614465991567,23037985.6,22683914.5,0.32740535022796524,1.0654626211009568,28.305246235936107,1984.853684495505,-632312206.0,85.55555555555556,80.42328042328042,0.02176696542893719,-0.018844221105527637,0.012722646310432628,0.006822201324177472,0.0049261083743842365,81600.0
2024-06-20,81500.0,82200.0,81200.0,81600.0,20288913,0.0049261083743843415,0.004914014802429163,79342.85714285714,77535.71428571429,77185.71428571429,0.015199516617856904,1000.0,-100.0,61.81844213240897,664.9736710906436,-23.145075736563484,688.1187468272071,81695.42779274008,72624.57220725992,0.11755904076568387,0.9894797363004173,80866.66666666667,80060.0,78360.0,77160.0,1.01923557332001,1.0575427682737168,2900.0,0.0049261083743843415,0.0049261083743843415,0.012254901960784314,0.001226993865030675,0.016064468744620492,0.01684756238207766,20343007.4,22722284.85,-0.1605350653028237,0.8929081355126133,28.135169678130943,1914.506992745826,-612023293.0,90.0,88.51851851851852,0.01754385964912286,0.02176696542893719,-0.018844221105527637,0.014745644484148132,-0.0196078431372549,80000.0
2024-06-21,80700.0,80800.0,80000.0,80000.0,17907523,-0.019607843137254943,-0.019802627296179754,79842.85714285714,78000.0,77295.23809523809,0.018937071304718063,800.0,700.0,55.92617738955073,720.4516020051524,125.5742598117797,594.8773421933727,81931.58780597987,72558.41219402013,0.12134346057297872,0.793923864659566,80933.33333333333,80140.0,78630.0,77245.0,0.9982530571499876,1.0356657388827757,2895.0,-0.019607843137254943,0.019607843137254943,0.01,-0.008674101610904586,0.019613347357752844,0.018566908187925918,19339189.6,22681256.65,-0.11737395689951458,0.7895295783798646,27.99051337550469,1892.0422075496956,-629930816.0,69.87951807228916,81.81169120928156,0.0049261083743843415,0.01754385964912286,0.02176696542893719,0.0009540416287507533,0.0075,80600.0
2024-06-24,79700.0,80900.0,79500.0,80600.0,15454227,0.007500000000000062,0.0074720148387010564,80128.57142857143,78350.0,77404.76190476191,0.01668249546621038,1400.0,-900.0,57.55982112658437,803.5701905905298,261.17344596752974,542.3967446230001,82350.36149096068,72609.63850903932,0.1257191918162283,0.8203047664727425,80733.33333333333,80640.0,79120.0,77480.0,0.9995039682539683,1.0402684563758389,3160.0,0.007500000000000062,0.007500000000000062,0.017369727047146403,0.011292346298619825,0.016125415984461672,0.016492995995490055,19205424.8,22059404.1,-0.13699806500318334,0.7005731854742169,27.85064704461703,1856.8963355818603,-614476589.0,75.0,78.29317269076306,-0.019607843137254943,0.0049261083743843415,0.01754385964912286,-0.002393911587623513,0.0024813895781637717,80800.0
2024-06-25,80600.0,81800.0,80100.0,80800.0,19088458,0.002481389578163684,0.0024783160144670005,80300.0,78742.85714285714,77638.09523809524,0.01619854280898032,1700.0,-200.0,58.11710535299865,875.4885128088063,384.036459335785,491.45205347302124,82748.02515717063,72571.97484282937,0.13103335454984888,0.8085676567041684,80466.66666666667,80840.0,79680.0,77660.0,0.9995051954477981,1.0404326551635334,3180.0,0.002481389578163684,0.002481389578163684,0.02103960396039604,0.0024813895781637717,0.01365592535383989,0.01593697038635522,19381596.8,20822566.9,0.2351609692286778,0.9167197344915242,28.064326661674254,1845.6894544688703,-595388131.0,77.02702702702703,73.96884836643873,0.007500000000000062,-0.019607843137254943,0.0049261083743843415,-0.003208817853030399,0.006188118811881188,81300.0
2024-06-26,80100.0,81400.0,79900.0,81300.0,17783242,0.006188118811881083,0.006169051026715108,80757.14285714286,79021.42857142857,77833.33333333333,0.013242146203314232,1500.0,-1200.0,59.54722558225144,961.7437394720328,499.57791536303455,462.1658241089982,83186.58462591305,72503.41537408695,0.13723642175895814,0.8234059031133883,80900.0,80860.0,80160.0,77845.0,1.0054415038337867,1.0443830689190057,3015.0,0.006188118811881083,0.006188118811881083,0.01845018450184502,0.0149812734082397,0.011280419659822204,0.01554763215662317,18104472.6,20784775.4,-0.06837723612876434,0.8555898082978564,27.9996684066723,1820.9973505782368,-577604889.0,83.78378378378379,78.6036036036036,0.002481389578163684,0.007500000000000062,-0.019607843137254943,0.005389836130014943,0.0036900369003690036,81600.0
2024-06-27,81300.0,81600.0,80500.0,81600.0,11739720,0.0036900369003689537,0.003683245416296368,81014.28571428571,79328.57142857143,78023.80952380953,0.011264122471752753,1100.0,-300.0,60.42048300183609,1042.2942020774353,608.1211727059148,434.17302937152056,83605.30765383926,72724.69234616074,0.1392006052284082,0.8156990577155959,81233.33333333333,80860.0,80460.0,78165.0,1.009151620084096,1.0439454999040492,2695.0,0.0036900369003689537,0.0036900369003689537,0.013480392156862746,0.0036900369003690036,0.01116659440804447,0.013639833801811524,16394634.0,19859517.65,-0.3398436573038819,0.5911382243465516,27.58807306294787,1769.4975398226486,-565865169.0,87.83783783783784,82.88288288288288,0.006188118811881083,0.002481389578163684,0.007500000000000062,0.004119848430137907,-0.0012254901960784314,81500.0
2024-06-28,81900.0,81900.0,80800.0,81500.0,9455929,-0.001225490196078427,-0.0012262417232442964,81057.14285714286,79742.85714285714,78323.80952380953,0.009393694617644928,1100.0,400.0,59.955872388027444,1085.548334294479,703.6066050236277,381.9417292708513,83730.58449334592,73399.41550665408,0.13149836424224312,0.7840917619081385,81466.66666666667,81160.0,80650.0,78565.0,1.0041892557910301,1.037357601985617,2595.0,-0.001225490196078427,0.001225490196078427,0.013496932515337423,-0.004884004884004884,0.0034048753781748355,0.013340066805833764,14704315.2,18904750.45,-0.1945353892597098,0.5001879831743561,27.370510809369843,1721.676286978174,-575321098.0,86.48648648648648,86.03603603603604,0.0036900369003689537,0.006188118811881083,0.002481389578163684,0.0028842218387238696,0.0036809815950920245,81800.0
2024-07-01,81500.0,82100.0,81300.0,81800.0,11317202,0.0036809815950920033,0.0036742233618843254,81085.71428571429,80214.28571428571,78719.04761904762,0.009308491549506852,800.0,-300.0,60.92658842417962,1130.9976021648763,789.0848044518775,341.9127977129988,83750.78830515801,74209.21169484199,0.12081003558262886,0.7955486409815242,81633.33333333333,81400.0,81020.0,78980.0,1.0049140049140048,1.0357052418333756,2420.0,0.0036809815950920033,0.0036809815950920033,0.009779951100244499,0.0036809815950920245,0.0027028166001848743,0.01105197156006434,13876910.2,18160671.75,0.19683660907352407,0.6231708912419498,27.55386694963404,1655.8422664797329,-564003896.0,90.41095890410959,88.24509440947797,-0.001225490196078427,0.0036900369003689537,0.006188118811881083,0.00204850943312751,0.0,81800.0
2024-07-02,82500.0,82600.0,81500.0,81800.0,14471904,0.0,0.0,81342.85714285714,80592.85714285714,79114.28571428571,0.003105721709917887,1100.0,700.0,60.92658842417962,1153.717141354893,862.0112718324807,291.7058695224124,83951.69047612982,74618.30952387018,0.11771937885173289,0.7694629109070181,81700.0,81600.0,81220.0,79285.0,1.0024509803921569,1.031721006495554,2315.0,0.0,0.0,0.013447432762836185,-0.008484848484848486,0.0030222867280876677,0.009324400807781838,12953599.4,18098953.55,0.27875282247325806,0.799598935928536,27.79975219512778,1616.1392474454665,-564003896.0,83.33333333333333,86.74359290797646,0.0036809815950920033,-0.001225490196078427,0.0036900369003689537,0.0008184971330045254,0.0,81800.0
2024-07-03,82300.0,82300.0,81000.0,81800.0,11440328,0.0,0.0,81514.28571428571,80821.42857142857,79404.76190476191,0.0026321140449726854,1300.0,500.0,60.92658842417962,1158.3695764313597,921.2829327522566,237.0866436791032,84005.64377657324,75214.35622342676,0.11042943792421155,0.7491102681786559,81800.0,81700.0,81280.0,79610.0,1.0012239902080784,1.0275091068961186,2090.0,0.0,0.0,0.01589242053789731,-0.006075334143377886,0.0022975160736367407,0.007690363805149141,11685016.6,17966067.3,-0.2094801071096104,0.6367741926470464,27.56468773742549,1593.5578726279332,-564003896.0,82.6086956521739,85.45099596320559,0.0,0.0036809815950920033,-0.001225490196078427,0.0012269938650306678,0.034229828850855744,84600.0
2024-07-04,82900.0,84700.0,82400.0,84600.0,43857229,0.03422982885085579,0.03365702300347627,82057.14285714286,81178.57142857143,79847.61904761905,0.012231772029541888,2300.0,-1700.0,69.53534547556075,1372.1756771159562,1011.4614816249965,360.7141954909597,84764.77786105288,75175.22213894712,0.11991441443173381,0.9828169452446027,82733.33333333333,82300.0,81580.0,79970.0,1.0279465370595382,1.057896711266725,2330.0,0.03422982885085579,0.03422982885085579,0.027186761229314422,0.020506634499396863,0.015145709710309712,0.013119460803506323,18108518.4,19000030.35,2.833563950264363,2.308271523366277,28.942139666258193,1686.8751674402238,-520146667.0,98.50746268656717,88.14983055735813,0.0,0.0,0.0036809815950920033,0.011409942950285265,0.02955082742316785,87100.0
2024-07-05,85600.0,87100.0,85200.0,87100.0,45791193,0.029550827423167947,0.02912261724627961,82885.71428571429,81821.42857142857,80309.52380952382,0.014894658499688573,1900.0,-1500.0,74.86100797490153,1723.4804491381801,1153.8652751276334,569.6151740105468,86043.96199655297,74876.03800344703,0.13880094448304675,1.0945599203664826,84500.0,83420.0,82290.0,80460.0,1.0441141213138336,1.082525478498633,2960.0,0.029550827423167947,0.029550827423167947,0.021814006888633754,0.017523364485981307,0.016943049410151966,0.012618565170175983,25375571.2,20230122.55,0.0440968124091925,2.263515353741641,29.01441450085825,1744.9555126230648,-474355474.0,100.0,93.70538611291369,0.03422982885085579,0.0,0.0,0.021260218758007914,0.003444316877152698,87400.0
2024-07-08,87900.0,88600.0,86900.0,87400.0,24035809,0.003444316877152742,0.0034383988030327085,83714.28571428571,82364.28571428571,80790.47619047618,0.014911816214596474,1700.0,500.0,75.41638643639106,2003.0100517295214,1323.694230448011,679.3158212815104,86970.31589208989,75119.68410791011,0.14622286117810812,1.0362583291537022,86366.66666666667,84540.0,82970.0,81045.0,1.0338301395788976,1.078413227219446,3495.0,0.003444316877152742,0.003444316877152742,0.019450800915331808,-0.005688282138794084,0.01697760657651498,0.01272293429885615,27919292.6,20701975.25,-0.47509974243300457,1.1610394037158362,28.373305879634774,1741.74440457856,-450319665.0,86.81318681318682,95.10688316658464,0.029550827423167947,0.03422982885085579,0.0,0.022408324383725493,0.004576659038901602,87800.0
2024-07-09,87800.0,88200.0,86900.0,87800.0,21336201,0.004576659038901587,0.004566217979581184,84614.28571428571,82835.71428571429,81366.66666666667,0.014347389739732364,1300.0,0.0,76.17225711383023,2231.0972326574556,1505.1748308899,725.9224017675556,87662.66275462789,75687.33724537211,0.14662167749318372,1.011468351759287,87433.33333333333,85740.0,83670.0,81675.0,1.0240261254956846,1.0749923477196204,4065.0,0.004576659038901587,0.004576659038901587,0.014806378132118452,0.0,0.016175960823313462,0.012635170611476133,29292152.0,20920226.55,-0.11231608638594193,1.0198838405982749,28.25873254512077,1710.1912328229487,-428983464.0,91.20879120879121,92.67399267399269,0.003444316877152742,0.029550827423167947,0.03422982885085579,0.012523934446407425,0.0,87800.0
2024-07-10,87600.0,88000.0,87100.0,87800.0,17813847,0.0,0.0,85471.42857142857,83278.57142857143,81966.66666666667,0.01470726554838059,900.0,-200.0,76.17225711383023,2384.3724059467786,1681.0143459012759,703.3580600455027,88303.6622597239,76176.3377402761,0.1474626035925074,0.958468806626209,87666.66666666667,86940.0,84320.0,82240.0,1.0098918794570968,1.0676070038910506,4700.0,0.0,0.0,0.010250569476082005,0.00228310502283105,0.016175960823313462,0.012904923920196504,30566855.8,20848582.65,-0.1650881522910288,0.8544392345059486,28.078303413810495,1652.3204304784524,-428983464.0,91.20879120879121,89.74358974358974,0.004576659038901587,0.003444316877152742,0.029550827423167947,0.0026736586386847763,-0.002277904328018223,87600.0
2024-07-11,88500.0,88800.0,86700.0,87600.0,24677608,-0.002277904328018221,-0.0022805026987252177,86300.0,83821.42857142857,82495.23809523809,0.014991112644923504,2100.0,900.0,74.83792817665034,2461.333041362086,1837.078084993438,624.254956368648,88948.93887088487,76431.06112911513,0.15138321129241433,0.8922390121782606,87733.33333333333,87540.0,84920.0,82690.0,1.0006854009595614,1.0593784012577094,4850.0,-0.002277904328018221,0.002277904328018221,0.023972602739726026,-0.010169491525423728,0.012865822114690617,0.013249239854797807,26730931.6,20394272.85,0.3853048137215953,1.2100263726735419,28.401943108645835,1684.2975425871343,-453661072.0,87.09677419354838,89.83811887037693,0.0,0.004576659038901587,0.003444316877152742,0.0007662515702944553,-0.0365296803652968,84400.0
2024-07-12,85900.0,86100.0,84100.0,84400.0,26344386,-0.0365296803652968,-0.03721359634043432,86671.42857142857,84092.85714285714,82771.42857142857,0.023323020453264603,2000.0,1500.0,57.486457435261954,2238.309800831499,1917.3244281610505,320.98537267044867,89056.76612560776,76803.23387439224,0.14775753347661294,0.6199654083298455,86600.0,87000.0,85210.0,82930.0,0.9701149425287356,1.0177257928373327,4070.0,-0.0365296803652968,0.0365296803652968,0.023696682464454975,-0.017462165308498253,0.01719631113368603,0.019138071296630633,22841570.2,20565161.55,0.06754212158650064,1.2810201337805682,28.430088435808234,1813.9905752594818,-480005458.0,50.561797752808985,76.28912105171618,-0.002277904328018221,0.0,0.004576659038901587,-0.012935861564438341,0.027251184834123223,86700.0
2024-07-15,84700.0,87300.0,84100.0,86700.0,25193080,0.027251184834123254,0.026886482184584767,86971.42857142857,84514.28571428571,83109.52380952382,0.022014570033095027,3200.0,-2000.0,63.95519784764363,2221.5444722011744,1978.1684369690752,243.37603523209918,89262.5061581813,77457.4938418187,0.14161483105041522,0.7829306662705058,86233.33333333333,86860.0,85700.0,83360.0,0.9981579553304167,1.040067178502879,3500.0,0.027251184834123254,0.027251184834123254,0.03690888119953864,0.023612750885478158,0.022877040467227088,0.020540005355357393,23073024.4,21018663.0,-0.0437021382847943,1.198605258574249,28.412289074365784,1912.9912484552333,-454812378.0,76.40449438202248,71.35435544279328,-0.0365296803652968,-0.002277904328018221,0.0,-0.003852133286397256,0.011534025374855825,87700.0
2024-07-16,86900.0,88000.0,86700.0,87700.0,16166688,0.011534025374855927,0.01146801559164129,87057.14285714286,84971.42857142857,83566.66666666667,0.01945246792386226,1300.0,-800.0,66.35239334807204,2262.8645768674323,2035.1076649487468,227.75691191868555,89711.50020875025,77798.49979124975,0.1422362893857143,0.8311508320107749,86266.66666666667,86840.0,86290.0,83755.0,1.0099032703823123,1.0471016655722047,3085.0,0.011534025374855927,0.011534025374855927,0.014823261117445839,0.009205983889528193,0.023533312090556972,0.020487890026149393,22039121.8,20916617.5,-0.3582885459022874,0.77291120325741,27.98014056518734,1869.2061592798595,-438645690.0,86.74698795180723,71.23776002887956,0.027251184834123254,-0.0365296803652968,-0.002277904328018221,0.00075184328122746,-0.011402508551881414,86700.0
2024-07-17,87100.0,88000.0,86400.0,86700.0,18186490,-0.011402508551881407,-0.011468015591641182,86957.14285714286,85335.71428571429,83895.23809523809,0.019948177658147177,1600.0,400.0,61.91773132706765,2189.678167966442,2066.021765552286,123.65640241415576,89997.66726883952,78062.33273116048,0.14203658857168913,0.7237055016406111,87033.33333333333,86620.0,86780.0,84030.0,1.0009235742322788,1.0317743662977508,2590.0,-0.011402508551881407,0.011402508551881407,0.01845444059976932,-0.004592422502870264,0.024078926589069585,0.021235428835970134,22113650.4,20617498.85,0.12493604132151259,0.8820900213121631,28.08639873147721,1849.9771479027268,-456832180.0,73.75,78.96716077794322,0.011534025374855927,0.027251184834123254,-0.0365296803652968,0.009127567219032592,0.002306805074971165,86900.0
2024-07-18,83800.0,86900.0,83800.0,86900.0,24721790,0.0023068050749712743,0.0023041484848502955,86828.57142857143,85721.42857142857,84166.66666666667,0.01985828672514877,3100.0,-3100.0,62.45815482884832,2123.3392075116426,2077.4852539441576,45.85395356748495,90279.0049957761,78310.9950042239,0.14197769727210613,0.7176635883358037,87100.0,86480.0,87010.0,84295.0,1.0048566142460684,1.030903375051901,2185.0,0.0023068050749712743,0.0023068050749712743,0.03567318757192175,0.03699284009546539,0.02416639877839283,0.018784464154582913,22122486.8,20839142.7,0.35934916523199356,1.186315116504289,28.3957089101894,1939.2644944811034,-432110390.0,75.64102564102564,78.71267119761096,-0.011402508551881407,0.011534025374855927,0.027251184834123254,0.0008127739659819314,-0.028768699654775604,84400.0
2024-07-19,85600.0,86100.0,84100.0,84400.0,18569122,-0.028768699654775576,-0.029190630669434895,86342.85714285714,85907.14285714286,84300.0,0.022399932612213524,2000.0,1200.0,52.44036692257299,1847.736441257759,2031.535491406878,-183.799050149119,90147.3408240175,78882.6591759825,0.1332861817196357,0.4897911007524957,86000.0,86480.0,86740.0,84515.0,0.9759481961147086,0.9986392947997397,1965.0,-0.028768699654775576,0.028768699654775576,0.023696682464454975,-0.014018691588785047,0.021438679237729304,0.018624524925414502,20567434.0,20872222.65,-0.2488763151859149,0.8896571443961672,28.08033333223577,2000.7456020181676,-450679512.0,43.58974358974359,64.32692307692308,0.0023068050749712743,-0.011402508551881407,0.011534025374855927,-0.012621467710561904,-0.016587677725118485,83000.0
2024-07-22,84400.0,84900.0,82600.0,83000.0,18987560,-0.016587677725118488,-0.01672679380531351,85685.71428571429,85992.85714285714,84442.85714285714,0.0227020588233006,2300.0,1400.0,47.81525866359949,1499.070610816576,1925.0425152888176,-425.9719044722417,90012.64378065137,79257.35621934863,0.1270784848030099,0.3479817493785392,84766.66666666667,85740.0,86300.0,84635.0,0.9680429204571962,0.9806817510486205,1105.0,-0.016587677725118488,0.016587677725118488,0.027710843373493974,-0.016587677725118485,0.015833268196634456,0.018930755972974642,19326330.0,21048889.3,0.02253407565527321,0.9020694502868615,28.08589047263421,2022.1209161597271,-469667072.0,25.641025641025642,48.29059829059829,-0.028768699654775576,0.0023068050749712743,-0.011402508551881407,-0.014349857434974264,0.010843373493975903,83900.0
2024-07-23,84200.0,84700.0,83400.0,83900.0,15766389,0.010843373493975905,0.010785005676562572,85614.28571428571,86142.85714285714,84600.0,0.01929755656207272,1300.0,300.0,50.81828412582645,1280.610822171031,1796.1561766652605,-515.5453544942295,89872.85042284858,79707.14957715142,0.11989268599713607,0.4124506993163477,83766.66666666667,84980.0,85910.0,84790.0,0.9872911273240762,0.989503479183866,190.0,0.010843373493975905,0.010843373493975905,0.015494636471990465,-0.0035629453681710215,0.015615397531180743,0.019380994451646896,19246270.2,20882785.85,-0.16964638953082967,0.7549945257902455,27.910771846101373,1999.1122792911751,-453900683.0,23.4375,30.889423076923077,-0.016587677725118488,-0.028768699654775576,0.0023068050749712743,-0.011504334628639387,-0.02264600715137068,82000.0
2024-07-24,82900.0,83300.0,81900.0,82000.0,16939083,-0.022646007151370662,-0.02290636620890736,84942.85714285714,85957.14285714286,84657.14285714286,0.016317026534917966,1400.0,900.0,44.938877774834104,943.2920610137371,1625.5833535349561,-682.291292521219,89815.46459180953,79834.53540819047,0.11766494764066099,0.21696022003277457,82966.66666666667,84040.0,85330.0,84825.0,0.9757258448357925,0.9666961391099322,-785.0,-0.022646007151370662,0.022646007151370662,0.01707317073170732,-0.010856453558504222,0.016858069066742806,0.020123369584794975,18996788.8,20840577.9,0.07437936486281038,0.8127933438928294,27.959608639738686,1999.1756879132342,-470839766.0,1.4492753623188406,16.842600334448157,0.010843373493975905,-0.016587677725118488,-0.028768699654775576,-0.009463437127504415,-0.01951219512195122,80400.0
2024-07-25,80400.0,81000.0,80100.0,80400.0,20323811,-0.019512195121951237,-0.019705071079332444,83900.0,85478.57142857143,84614.28571428571,0.014253757547689127,900.0,0.0,40.67155652269971,540.6258856225322,1408.5918599524716,-867.9659743299394,89944.01636667768,79585.98363332232,0.12219704752380532,0.07858793147624937,82100.0,82740.0,84610.0,84765.0,0.971718636693256,0.9485046894354981,-2025.0,-0.019512195121951237,0.019512195121951237,0.011194029850746268,0.0,0.01531535592520975,0.020444877485281537,18117193.0,21269782.45,0.1998176642737981,0.9555250998817809,28.12207316746967,1992.0917102051462,-491163577.0,3.4482758620689653,9.44501707479593,-0.022646007151370662,0.010843373493975905,-0.016587677725118488,-0.010438276259781998,0.006218905472636816,80900.0
2024-07-26,80700.0,81300.0,80400.0,80900.0,14508334,0.006218905472636926,0.006199647879525429,83071.42857142857,85014.28571428571,84580.95238095238,0.015916696552037035,900.0,-200.0,42.50881016748966,258.8717495112069,1178.6478378642187,-919.7760883530118,89999.88866279036,79470.11133720964,0.12426715437045745,0.13579476740848345,81100.0,82040.0,84260.0,84735.0,0.9861043393466602,0.9547412521390216,-2695.0,0.006218905472636926,0.006218905472636926,0.011124845488257108,0.0024783147459727386,0.015632238049146725,0.018249654165875737,17305035.4,21522402.7,-0.286141068719838,0.674103825777779,27.791202903948456,1914.0851594762073,-476655243.0,9.195402298850574,4.697651174412789,-0.019512195121951237,-0.022646007151370662,0.010843373493975905,-0.011979765600228323,0.003708281829419036,81200.0
2024-07-29,81600.0,82000.0,81100.0,81200.0,12797136,0.003708281829418958,0.003701423103186184,82257.14285714286,84542.85714285714,84566.66666666667,0.016102805162580048,900.0,400.0,43.636628272655635,59.10572549793869,954.7394153909627,-895.633689893024,90046.58462591289,79363.41537408711,0.12612206188331004,0.17191383779668304,80833.33333333333,81680.0,83710.0,84705.0,0.9941234084231146,0.9586210967475356,-3025.0,0.003708281829418958,0.003708281829418958,0.011083743842364532,-0.004901960784313725,0.015589147225864092,0.014985961744935675,16066950.6,21596399.4,-0.11794586476986257,0.5925587762560087,27.669402480004813,1855.9362195136212,-463858107.0,12.64367816091954,8.429118773946355,0.006218905472636926,-0.019512195121951237,-0.022646007151370662,-0.003195002606631784,-0.0024630541871921183,81000.0
2024-07-30,80400.0,81000.0,80000.0,81000.0,13169636,-0.0024630541871921707,-0.002466092495193554,81771.42857142857,84057.14285714286,84528.57142857143,0.01369781712332708,1000.0,-600.0,43.03057838756574,-114.03410215344047,740.9847118820821,-855.0188140355226,90109.1760287098,79220.8239712902,0.12860511495210064,0.16340177276849022,81033.33333333333,81100.0,83040.0,84665.0,0.998766954377312,0.9567117462942184,-3565.0,-0.0024630541871921707,0.0024630541871921707,0.012345679012345678,0.007462686567164179,0.0133353335799643,0.013721978009401118,15547600.0,21531286.0,0.02910807543187799,0.6116511572973393,27.69562886842051,1809.0836324055056,-477027743.0,11.363636363636363,11.067572274468821,0.003708281829418958,0.006218905472636926,-0.019512195121951237,0.0024880443716212377,0.03580246913580247,83900.0
2024-07-31,81200.0,83900.0,80900.0,83900.0,20744323,0.03580246913580254,0.035176458800721795,81900.0,83792.85714285714,84628.57142857143,0.01961416239307234,3000.0,-2700.0,53.18384163298481,-17.04639900676557,589.3784897043126,-606.4248887110782,90060.34871002694,79479.65128997306,0.12481653202847567,0.4177747963616212,82033.33333333333,81480.0,82760.0,84770.0,1.0297005400098183,0.9897369352365224,-3290.0,0.03580246913580254,0.03580246913580254,0.03575685339690107,0.0332512315270936,0.0200510657972518,0.019330054007004764,16308648.0,21996485.75,0.5751629733729922,0.9430744181488172,28.185164069302736,1894.1490872336838,-456283420.0,48.75,24.25243817485196,-0.0024630541871921707,0.003708281829418958,0.006218905472636926,0.01234923225934311,-0.009535160905840286,83100.0
2024-08-01,86000.0,86100.0,83100.0,83100.0,20900338,-0.009535160905840279,-0.009580911611757979,81785.71428571429,83700.0,84690.47619047618,0.01952465505289411,3000.0,2900.0,50.509519342044165,-4.682285156741273,470.5663347321019,-475.24861988884317,90037.76687632319,79352.23312367681,0.1261648710389797,0.3507327722768194,82666.66666666667,82020.0,82380.0,84695.0,1.0131675201170447,0.9811677194639589,-2675.0,-0.009535160905840279,0.009535160905840279,0.036101083032490974,-0.03372093023255814,0.017346951014612866,0.01932408343109603,16423953.4,20848641.2,0.0075208528135626285,1.0024796244275143,28.183075869897188,1973.1384381455634,-477183758.0,38.75,32.954545454545446,0.03580246913580254,-0.0024630541871921707,0.003708281829418958,0.00793475134759003,-0.0421179302045728,79600.0
2024-08-02,81000.0,81400.0,79500.0,79600.0,25800275,-0.04211793020457277,-0.043030609011065146,81442.85714285714,83192.85714285714,84452.38095238095,0.024156646560755533,1900.0,1400.0,40.83500102414521,-274.1442211983813,321.6242235460053,-595.7684447443866,89994.54148391138,78645.45851608862,0.13459538624078227,0.08410736679057886,82200.0,81760.0,81900.0,84320.0,0.9735812133072407,0.9440227703984819,-2560.0,-0.04211793020457277,0.04211793020457277,0.02386934673366834,-0.01728395061728395,0.027945530124566364,0.021537050786644963,18682341.6,19849095.3,0.23444295494168554,1.2998212064607297,28.35066508058273,2089.3428354208804,-502984033.0,1.1764705882352942,29.558823529411757,-0.009535160905840279,0.03580246913580254,-0.0024630541871921707,-0.0052835406582035045,-0.10301507537688442,71400.0
2024-08-05,76700.0,76900.0,70200.0,71400.0,54608790,-0.10301507537688437,-0.10871622350479856,80157.14285714286,82028.57142857143,83704.76190476191,0.046627744843517616,6700.0,5300.0,27.530456324903213,-1136.2680261176283,30.045773613278556,-1166.3137997309068,91435.23514296454,75604.76485703546,0.18954107143114307,-0.2656121252931364,78033.33333333333,79800.0,80740.0,83520.0,0.8947368421052632,0.8548850574712644,-3720.0,-0.10301507537688437,0.10301507537688437,0.0938375350140056,-0.06910039113428944,0.05201128563899508,0.03769999105250944,27044672.4,21377744.35,1.1165972068127181,2.5544692230356847,28.991758565096713,2611.5326328908177,-557592823.0,6.741573033707865,15.556014540647714,-0.04211793020457277,-0.009535160905840279,0.03580246913580254,-0.05155605549576581,0.015406162464985995,72500.0
2024-08-06,74900.0,75300.0,72300.0,72500.0,47295226,0.01540616246498594,0.015288692515090336,78957.14285714286,81014.28571428571,82995.23809523809,0.047498556627765934,3000.0,2400.0,30.78815842130352,-1711.0229385060084,-318.1679688105789,-1392.8549696954294,91804.68158788502,73705.31841211498,0.2187102069454418,-0.06659452050382443,74500.0,78100.0,79600.0,82755.0,0.9282970550576184,0.8760799951664552,-4655.0,0.01540616246498594,0.01540616246498594,0.041379310344827586,-0.03204272363150868,0.05444110730746983,0.038063587257069716,33869790.4,22675695.6,-0.13392649791361433,2.085723271042675,28.86326175897886,2703.566016255759,-510297597.0,13.77245508982036,7.230166237254501,-0.10301507537688437,-0.04211793020457277,-0.009535160905840279,-0.043242281038823736,0.030344827586206897,74700.0
2024-08-07,73000.0,76000.0,72800.0,74700.0,32710428,0.030344827586206824,0.02989353027814246,78028.57142857143,80142.85714285714,82371.42857142857,0.05023111132612319,3200.0,-1700.0,36.897790858999926,-1966.3320813914324,-647.8007913267496,-1318.5312900646827,91501.67958119018,72698.32041880982,0.2290299532567645,0.10645329719569029,72866.66666666667,76260.0,78870.0,82100.0,0.9795436664044059,0.9098660170523751,-5840.0,0.030344827586206824,0.030344827586206824,0.0428380187416332,0.023287671232876714,0.05306249436205894,0.040319376509008555,36263011.4,23420524.65,-0.3083778054047146,1.3966565006049085,28.524439855233865,2760.4541579517763,-477587169.0,28.30188679245283,16.271971638660347,0.01540616246498594,-0.10301507537688437,-0.04211793020457277,-0.019088028441897203,-0.01740294511378849,73400.0
2024-08-08,73200.0,73900.0,72500.0,73400.0,28414729,-0.01740294511378848,-0.01755615651830172,76942.85714285714,79357.14285714286,81685.71428571429,0.050081380518389264,1400.0,-200.0,34.93531340142596,-2247.655973037952,-967.7718276689902,-1279.884145368962,91179.5540460765,71600.4459539235,0.24055913616111327,0.09191195214851162,73533.33333333333,74320.0,78170.0,81390.0,0.9876210979547901,0.9018306917311709,-7070.0,-0.01740294511378848,0.01740294511378848,0.01907356948228883,0.00273224043715847,0.052724048817554624,0.04026093620874929,37765889.6,23607380.7,-0.1313250624540896,1.2036375132460164,28.366097410054707,2720.421718098078,-506001898.0,20.12578616352201,20.733376015265062,0.030344827586206824,0.01540616246498594,-0.10301507537688437,0.009449348312468095,0.017711171662125342,74700.0
2024-08-09,75700.0,75800.0,74200.0,74700.0,16388222,0.017711171662125436,0.017556156518301818,75628.57142857143,78764.28571428571,81071.42857142857,0.04757334203579987,1600.0,1000.0,38.460199433504606,-2338.7484126694035,-1241.967144669073,-1096.7812680003306,91022.30669382136,70787.69330617864,0.25010337293915974,0.19334724211783585,74266.66666666667,73340.0,77550.0,80905.0,1.0185437687482957,0.9233051109325753,-7565.0,0.017711171662125436,0.017711171662125436,0.0214190093708166,-0.013210039630118891,0.05417106766647891,0.0408808364343485,35883479.0,23109572.5,-0.4232490480553237,0.709152971133499,27.833308835176307,2697.534452519644,-489613676.0,28.30188679245283,25.576519916142555,-0.01740294511378848,0.030344827586206824,0.01540616246498594,0.010217684711514593,0.0107095046854083,75500.0
2024-08-12,75200.0,75900.0,74800.0,75500.0,9839259,0.010709504685408211,0.01065256411620731,74542.85714285714,78164.28571428571,80647.61904761905,0.04867232641453064,1100.0,-300.0,40.593087372105856,-2319.6470657975296,-1457.5031288947644,-862.1439369027653,90350.992941075,70339.007058925,0.24907568463687857,0.25789509204473454,74533.33333333333,74160.0,76980.0,80345.0,1.0180690399137,0.9396975542970938,-6185.0,0.010709504685408211,0.010709504685408211,0.01456953642384106,0.003989361702127659,0.01764130416631918,0.04114666014346336,26929572.8,22341881.45,-0.3996140032762554,0.4403952738725144,27.333778896553294,2590.5677059110985,-479774417.0,33.333333333333336,27.253668763102723,0.017711171662125436,-0.01740294511378848,0.030344827586206824,0.003672577077915055,0.007947019867549669,76100.0
2024-08-13,76500.0,76600.0,75500.0,76100.0,10716261,0.007947019867549754,0.007915608612661218,74042.85714285714,77742.85714285714,80142.85714285714,0.0473467866618384,1100.0,400.0,42.2108116219216,-2230.383650831849,-1612.0792332821813,-618.3044175496677,89310.07864377189,70219.92135622811,0.23932999796331456,0.3080162491698593,75433.33333333333,74880.0,76490.0,79765.0,1.016292735042735,0.954052529304833,-4885.0,0.007947019867549754,0.007947019867549754,0.01445466491458607,-0.00522875816993464,0.0175279659888823,0.041389874274999426,19613779.8,22069360.1,0.08913293165674374,0.4855718947646334,27.427076409304057,2484.0985840603057,-469058156.0,37.106918238993714,32.91404612159329,0.010709504685408211,0.017711171662125436,-0.01740294511378848,0.0121225654050278,0.01445466491458607,77200.0
2024-08-14,77400.0,77800.0,77000.0,77200.0,13246168,0.014454664914586024,0.014351192163090288,74871.42857142857,77514.28571428571,79642.85714285714,0.014459638928169155,800.0,200.0,45.159281962888095,-2047.2811616042309,-1699.1196189465913,-348.16154265763953,88313.22150430712,70266.77849569288,0.22760049197394674,0.3841877039701195,76266.66666666667,75380.0,75820.0,79290.0,1.0241443353674715,0.9736410644469669,-3910.0,0.014454664914586024,0.014454664914586024,0.010362694300518135,-0.002583979328165375,0.01396390507778255,0.03953682723018249,15720927.8,21822344.0,0.2360811294163141,0.6070002379212792,27.653373597034612,2428.0915423417127,-455811988.0,44.0251572327044,38.15513626834382,0.007947019867549754,0.010709504685408211,0.017711171662125436,0.011037063155847996,0.038860103626943004,80200.0
2024-08-16,79400.0,80200.0,78700.0,80200.0,22061478,0.03886010362694292,0.038124057841738244,75971.42857142857,77464.28571428571,79333.33333333333,0.017748840217854465,1500.0,-800.0,52.306293686416076,-1641.177716635546,-1687.5312384843824,46.35352184883641,87257.30785923255,70652.69214076745,0.21030480296960413,0.5749791516473038,77833.33333333333,76740.0,75530.0,78955.0,1.0450873077925462,1.0157684757140144,-2215.0,0.03886010362694292,0.03886010362694292,0.018703241895261846,0.010075566750629723,0.012267745430118717,0.04214284093911279,14450277.6,21689328.4,0.6654988823937609,1.0171581891857935,28.201622362493843,2468.942146460162,-433750510.0,62.893081761006286,48.00838574423479,0.014454664914586024,0.007947019867549754,0.010709504685408211,0.020420596136359565,-0.02369077306733167,78300.0
2024-08-19,80100.0,80100.0,78000.0,78300.0,14146565,-0.023690773067331694,-0.02397591187571142,76485.71428571429,77257.14285714286,78923.80952380953,0.02125377395660441,2100.0,1800.0,48.036474198712185,-1455.869573521777,-1641.1989054918613,185.32933197008424,86548.43422191359,70751.56577808641,0.20085020271871803,0.4778437098944907,78566.66666666667,77460.0,75400.0,78650.0,1.010844306738962,0.9955499046408137,-1190.0,-0.023690773067331694,0.023690773067331694,0.02681992337164751,-0.02247191011235955,0.022315603357186107,0.040602999948929054,14001946.2,21468200.55,-0.3587662168418635,0.6589543901014098,27.73328527837952,2449.731993141579,-447897075.0,50.943396226415096,52.62054507337526,0.03886010362694292,0.014454664914586024,0.007947019867549754,0.009874665158065751,0.007662835249042145,78900.0
2024-08-20,79500.0,79800.0,78700.0,78900.0,10683836,0.00766283524904221,0.007633624855071205,77271.42857142857,77107.14285714286,78661.90476190476,0.018398351107292533,1100.0,600.0,49.44007724363671,-1246.2307767970633,-1562.2052797529018,315.9745029558385,86076.36878113521,70813.63121886479,0.19456609805941014,0.5298111657979865,79133.33333333333,78140.0,76150.0,78445.0,1.0097261325825442,1.0058002422079164,-305.0,0.00766283524904221,0.00766283524904221,0.01394169835234474,-0.007547169811320755,0.022321243475626227,0.019006196112905972,14170861.6,21053014.35,-0.2447752510945237,0.5074729833165197,27.46017900987317,2381.8939936314664,-437213239.0,54.716981132075475,56.18448637316561,-0.023690773067331694,0.03886010362694292,0.014454664914586024,0.0076107219362178125,-0.0076045627376425855,78300.0
2024-08-21,77900.0,78600.0,77800.0,78300.0,7805598,-0.0076045627376425395,-0.007633624855071095,77785.71428571429,76707.14285714286,78438.09523809524,0.019193942785230952,800.0,-400.0,48.04256206349018,-1115.645044015051,-1472.8932326053318,357.24818859028073,85351.61768039818,70978.38231960182,0.18388326438682734,0.5093924573425005,78500.0,78580.0,76730.0,78165.0,0.9964367523542886,1.001727115716753,415.0,-0.0076045627376425395,0.0076045627376425395,0.010217113665389528,0.005134788189987163,0.023561826818757424,0.0196866571608427,13588729.0,20654974.8,-0.26940117762945814,0.3779040195197914,27.138654608530075,2290.3301369435044,-445018837.0,50.943396226415096,52.20125786163521,0.00766283524904221,-0.023690773067331694,0.03886010362694292,-0.007877500185310674,0.0,78300.0
2024-08-22,78700.0,78900.0,77800.0,78300.0,8149101,0.0,0.0,78185.71428571429,76364.28571428571,78171.42857142857,0.01925275171514136,1100.0,400.0,48.04256206349017,-1000.6203810774168,-1378.438662299749,377.8182812223322,84937.79759467191,71022.20240532809,0.17845082315136981,0.5229957824761278,78500.0,78800.0,77090.0,77980.0,0.9936548223350253,1.0041036163118748,820.0,0.0,0.0,0.0140485312899106,-0.005082592121982211,0.023138349238070163,0.018118712266478678,12569315.6,20215475.7,0.04400726248008158,0.4031120078960101,27.181721054364804,2205.306555733254,-445018837.0,72.32142857142857,59.327268643306375,-0.0076045627376425395,0.00766283524904221,-0.023690773067331694,1.9424170466556905e-05,-0.007662835249042145,77700.0
2024-08-23,77700.0,78400.0,77500.0,77700.0,9420306,-0.007662835249042099,-0.007692345623155614,78414.28571428571,76228.57142857143,77966.66666666667,0.019782627961595037,900.0,0.0,46.51758293180964,-946.9615097607311,-1292.1432317919455,345.18172203121435,84709.2399050212,70980.7600949788,0.17635660363597397,0.48943801484167737,78100.0,78300.0,77520.0,77845.0,0.9923371647509579,0.9981373241698247,455.0,-0.007662835249042099,0.007662835249042099,0.011583011583011582,0.0,0.011625839565782555,0.017016964467070798,10041081.2,19670300.45,0.15599328073121188,0.47891012259550925,27.318988666458488,2112.0703731808785,-454439143.0,75.0,66.08827493261455,0.0,-0.0076045627376425395,0.00766283524904221,-0.005089132662228213,-0.02059202059202059,76100.0
2024-08-26,78100.0,78200.0,76000.0,76100.0,15655938,-0.020592020592020588,-0.0208069925059616,78257.14285714286,76564.28571428571,77761.90476190476,0.02084671566340654,2200.0,2000.0,42.631420407997695,-1021.7648269939673,-1238.06755083235,216.3027238383827,84354.18318644648,70855.81681355352,0.1739368130003602,0.3885050265769716,77366.66666666667,77860.0,77660.0,77605.0,0.9773953249422039,0.9806069196572386,255.0,-0.020592020592020588,0.020592020592020588,0.02890932982917214,-0.02560819462227913,0.010491536020854435,0.01830940456242065,10342955.8,19727680.65,0.6619351855449283,0.7936025667568783,27.80616437175775,2118.351060810816,-470095081.0,48.10126582278481,65.14089813140446,-0.007662835249042099,0.0,-0.0076045627376425395,-0.00941828528035423,-0.003942181340341655,75800.0
2024-08-27,75700.0,76500.0,75600.0,75800.0,11130145,-0.003942181340341633,-0.003949972219314156,77628.57142857143,76800.0,77519.04761904762,0.011137510342989938,900.0,-100.0,41.9242003621214,-1092.6589948890178,-1208.9858396436837,116.3268447546659,83908.39934488767,70761.60065511233,0.16999804344443453,0.3832415376380704,76533.33333333333,77240.0,77690.0,77335.0,0.9813568099430346,0.9801512898428913,-95.0,-0.003942181340341633,0.003942181340341633,0.011873350923482849,0.001321003963011889,0.007734453003345974,0.018121017504475877,10432217.6,19644331.1,-0.2890783675816805,0.5665830484805868,27.461021322651163,2031.3259850386148,-481225226.0,42.857142857142854,55.319469559975886,-0.020592020592020588,-0.007662835249042099,0.0,-0.010732345727134773,0.0079155672823219,76400.0
2024-08-28,75800.0,76400.0,75400.0,76400.0,9794514,0.0079155672823219,0.007884403524148835,77357.14285714286,76921.42857142857,77290.47619047618,0.010001739224070518,1000.0,-600.0,43.9276934995091,-1087.8876564035018,-1184.7662029956473,96.87854659214554,83456.61811128317,70753.38188871683,0.16475243139311768,0.4445023309298444,76100.0,76860.0,77720.0,77105.0,0.9940150923757481,0.9908566240840413,-245.0,0.0079155672823219,0.0079155672823219,0.013089005235602094,0.0079155672823219,0.010524131783017292,0.01811959231802342,10830000.8,19475575.0,-0.1200012219068125,0.5029126996250431,27.341070966134147,1957.6598432501423,-471430712.0,50.64935064935065,47.20258644309277,-0.003942181340341633,-0.020592020592020588,-0.007662835249042099,-0.005539544883346774,-0.031413612565445025,74000.0
2024-08-29,73600.0,74700.0,73500.0,74000.0,16884479,-0.03141361256544506,-0.031917602968305085,76657.14285714286,76964.28571428571,76957.14285714286,0.013289133634822172,1200.0,-400.0,38.244341862718144,-1263.2048395683669,-1200.4539303101913,-62.750909258175625,82233.22252618095,70986.77747381905,0.14680126683673023,0.2679266659065866,75400.0,76000.0,77400.0,76610.0,0.9736842105263158,0.9659313405560632,-610.0,-0.03141361256544506,0.03141361256544506,0.016216216216216217,0.005434782608695652,0.015226407714092088,0.019921818083341977,12577076.4,19282582.8,0.7238710363781193,0.8756336832636341,27.8537257277237,2024.9698544465607,-488315191.0,7.462686567164179,33.6563933578859,0.0079155672823219,-0.003942181340341633,-0.020592020592020588,-0.009146742207821598,0.004054054054054054,74300.0
2024-08-30,74400.0,75000.0,74100.0,74300.0,16358520,0.004054054054054124,0.004045858519543796,76085.71428571429,76935.71428571429,76500.0,0.01421367431857195,900.0,100.0,39.30149718860796,-1362.234486326386,-1232.8100415134304,-129.4244448129557,80972.23632115415,71367.76367884585,0.12609259081407778,0.30529904455529056,74900.0,75320.0,76810.0,76170.0,0.9864577801380775,0.9754496520940003,-850.0,0.004054054054054124,0.004054054054054124,0.012113055181695828,-0.0013440860215053765,0.01672320562212546,0.013643836600495694,13964719.2,19055491.9,-0.03115044296006997,0.8584674741458656,27.826125651205707,1951.757721986092,-471956671.0,11.940298507462687,23.350778574659174,-0.03141361256544506,0.0079155672823219,-0.003942181340341633,-0.0064813304096896784,0.0013458950201884253,74400.0
2024-09-02,74500.0,74700.0,73500.0,74400.0,12641376,0.0013458950201883368,0.0013449901153326123,75528.57142857143,76857.14285714286,76085.71428571429,0.014340341138263935,1200.0,100.0,39.67221449422204,-1416.32056870003,-1269.5121469507503,-146.80842174927966,80488.16327224905,71331.83672775095,0.12062082129492943,0.33508670287569225,74233.33333333333,74980.0,76420.0,75910.0,0.9922646038943719,0.9801080226584112,-930.0,0.0013458950201883368,0.0013458950201883368,0.016129032258064516,-0.0013422818791946308,0.01570114704665079,0.012605921874332501,13361806.8,18397546.95,-0.22722984719889083,0.6871229101551498,27.569697022339824,1898.0607418442285,-459315295.0,13.432835820895523,10.945273631840797,0.004054054054054124,-0.03141361256544506,0.0079155672823219,-0.0086712211637342,-0.025537634408602152,72500.0
2024-09-03,74100.0,74300.0,72500.0,72500.0,16314599,-0.025537634408602128,-0.025869379978417067,74785.71428571429,76600.0,75747.61904761905,0.015975934478333294,1800.0,1600.0,35.26515455782585,-1594.1222506884951,-1334.4341676982995,-259.68808299019565,80336.81162015324,71593.18837984676,0.11510068110717407,0.10371119560287162,73733.33333333333,74320.0,75780.0,75965.0,0.9755113024757804,0.9543868886987429,-1645.0,-0.025537634408602128,0.025537634408602128,0.02482758620689655,-0.021592442645074223,0.018296676073637868,0.013249027344759497,14398697.6,16482837.4,0.29057145361391035,0.9897931165662047,27.798912749942467,1898.1992602839266,-475629894.0,0.0,8.457711442786069,0.0013458950201883368,0.004054054054054124,-0.03141361256544506,-0.006712561778119889,-0.034482758620689655,70000.0
2024-09-04,69800.0,71100.0,69800.0,70000.0,27366563,-0.03448275862068961,-0.03509131981127006,73914.28571428571,76085.71428571429,75680.95238095238,0.018339401598629693,1300.0,-200.0,30.469013018865013,-1914.6891268824402,-1450.4851595351277,-464.2039673473125,80740.01074112696,70939.98925887304,0.12921969254026783,-0.09591706105697789,72300.0,73040.0,74950.0,75840.0,0.9583789704271632,0.9229957805907173,-2800.0,-0.03448275862068961,0.03448275862068961,0.018571428571428572,0.0028653295128939827,0.018479187476024825,0.015600174762856708,17913107.4,15486404.25,0.6774278669061986,1.7671347433669116,28.281083018716053,1955.4707416922176,-502996457.0,1.9230769230769231,5.1186375813241485,-0.025537634408602128,0.0013458950201883368,0.004054054054054124,-0.019558166003034467,-0.014285714285714285,69000.0
2024-09-05,70100.0,71200.0,69000.0,69000.0,25686769,-0.014285714285714235,-0.014388737452099556,72942.85714285714,75285.71428571429,75514.28571428571,0.018003107626836184,2200.0,1100.0,28.782757907761805,-2223.7977720271883,-1605.14768203354,-618.6500899936484,81320.77013617085,69789.22986382915,0.15262444937253247,-0.06844097537621367,70500.0,72040.0,74020.0,75555.0,0.9578012215435869,0.91324200913242,-3515.0,-0.014285714285714235,0.014285714285714235,0.03188405797101449,-0.015691868758915834,0.016687930555580863,0.015124576485277746,19673565.4,15135221.3,-0.061381255658593314,1.697151861268127,28.203348375974844,1972.9371172856306,-528683226.0,0.0,0.6410256410256411,-0.03448275862068961,-0.025537634408602128,0.0013458950201883368,-0.024768702438335326,-0.0014492753623188406,68900.0
2024-09-06,69100.0,69700.0,68000.0,68900.0,19022299,-0.0014492753623188692,-0.0014503265776465246,71871.42857142857,74614.28571428571,75238.09523809524,0.0164391833033292,1700.0,200.0,28.612227728325223,-2448.6116931858705,-1773.8404842640061,-674.7712089218644,81762.51608298779,68897.48391701221,0.1707823200049857,0.00019557533594360225,69300.0,70960.0,73140.0,75330.0,0.9709695603156708,0.9146422408071153,-4370.0,-0.0014492753623188692,0.0014492753623188692,0.02467343976777939,-0.002894356005788712,0.01534495444547578,0.015467310695366141,20206321.2,14665599.8,-0.2594514709109581,1.297069281816895,27.901533937545018,1953.4416089080855,-547705525.0,7.627118644067797,3.183398522381573,-0.014285714285714235,-0.03448275862068961,-0.025537634408602128,-0.01673924942290757,-0.020319303338171262,67500.0
2024-09-09,66900.0,68200.0,66600.0,67500.0,23263298,-0.020319303338171224,-0.020528580141128707,70942.85714285714,73800.0,74957.14285714286,0.014954736686312226,1600.0,-600.0,26.265973516342427,-2708.5244611228845,-1960.777279635782,-747.7471814871026,82294.96811561243,67645.03188438757,0.19541064734193486,-0.009899830422363975,68466.66666666667,69580.0,72280.0,74970.0,0.970106352400115,0.9003601440576231,-5390.0,-0.020319303338171224,0.020319303338171224,0.023703703703703703,0.008968609865470852,0.01239171572626683,0.015450393423900387,22330705.6,15009353.6,0.2229488139157101,1.549920044524769,28.082270360343088,1978.1957797003652,-570968823.0,7.317073170731708,4.9813972715998345,-0.0014492753623188692,-0.014285714285714235,-0.03448275862068961,-0.012018097662068109,-0.01925925925925926,66200.0
2024-09-10,67000.0,67300.0,66000.0,66200.0,30651376,-0.01925925925925931,-0.019447134935521665,69785.71428571429,72935.71428571429,74552.38095238095,0.012959749209314805,1300.0,800.0,24.275351007352114,-2984.997148696086,-2165.6212534478427,-819.3758952482431,82804.26439352827,66205.73560647173,0.2227840921690697,-0.0003455490872301915,67533.33333333333,68320.0,71320.0,74505.0,0.9689695550351288,0.8885309710757667,-6185.0,-0.01925925925925931,0.01925925925925931,0.019637462235649546,-0.011940298507462687,0.01189916320746385,0.015342438160632037,25198061.0,16049959.45,0.31758515065232795,1.9097478778988441,28.338623855228494,1944.0389382931962,-601620199.0,1.550387596899225,5.49819313723291,-0.020319303338171224,-0.0014492753623188692,-0.014285714285714235,-0.013675945986583135,-0.019637462235649546,64900.0
2024-09-11,65100.0,65500.0,64200.0,64900.0,35809707,-0.01963746223564955,-0.019832839232918217,68428.57142857143,71978.57142857143,74047.61904761905,0.010301649122947532,1300.0,200.0,22.443575929204684,-3271.2934463822457,-2386.7556920347233,-884.5377543475224,83242.53221361239,64647.46778638761,0.2514715589590205,0.013580604391058628,66200.0,67300.0,70170.0,73945.0,0.9643387815750372,0.877679356278315,-6645.0,-0.01963746223564955,0.01963746223564955,0.020030816640986132,-0.0030721966205837174,0.007938422321214444,0.013458904763847186,26886689.8,17304631.75,0.16829035668741277,2.0693712248456255,28.47433246256171,1948.0361569865395,-637429906.0,4.929577464788732,4.5990127441398885,-0.01925925925925931,-0.020319303338171224,-0.0014492753623188692,-0.01973867494436003,0.02157164869029276,66300.0
2024-09-12,66000.0,66600.0,65200.0,66300.0,35884106,0.02157164869029282,0.021342273481772575,67542.85714285714,71164.28571428571,73580.95238095238,0.018015304724862558,1400.0,-300.0,28.68464571226005,-3346.6390534425445,-2578.7323643162877,-767.9066891262569,83160.50041857766,63639.49958142233,0.26595368987950047,0.13628914013024385,65800.0,66760.0,69400.0,73400.0,0.9931096464949072,0.9032697547683923,-6640.0,0.02157164869029282,0.02157164869029282,0.021116138763197588,0.004545454545454545,0.0182427847868222,0.0167796948979386,28926157.2,18436528.65,0.0020776210204680456,1.9463591374073559,28.49775020179409,1930.319288630358,-601545800.0,15.0,7.159988353895986,-0.01963746223564955,-0.01925925925925931,-0.020319303338171224,-0.005775024268205346,-0.02865761689291101,64400.0
2024-09-13,65000.0,65500.0,64300.0,64400.0,25045135,-0.02865761689291102,-0.0290762640815089,66742.85714285714,70328.57142857143,72971.42857142857,0.016880970107515127,1200.0,600.0,25.66601519927002,-3519.0991267411446,-2766.805716801259,-752.2934099398854,82607.87345810163,62612.126541898375,0.27538557934448776,0.08941268688757249,65200.0,65860.0,68410.0,72610.0,0.9778317643486183,0.8869301749070376,-6750.0,-0.02865761689291102,0.02865761689291102,0.018633540372670808,-0.009230769230769232,0.019854642124183836,0.01675069123003661,30130724.4,18585711.5,-0.3020549264902963,1.347547819194331,28.109059067149857,1935.2964822996182,-626590935.0,1.6260162601626016,7.185197908317112,0.02157164869029282,-0.01963746223564955,-0.01925925925925931,-0.008907810146089249,-0.020186335403726708,63100.0
2024-09-19,64000.0,64400.0,62200.0,63100.0,49402713,-0.02018633540372672,-0.02039286356314047,65900.0,69421.42857142857,72157.14285714286,0.017177737035026498,2200.0,900.0,23.819047530278112,-3717.8174277387297,-2957.0080589887534,-760.8093687499763,82326.13830016639,61373.86169983361,0.2916113653490993,0.08238428372690423,64600.0,64980.0,67280.0,71850.0,0.9710680209295168,0.8782185107863605,-6870.0,-0.02018633540372672,0.02018633540372672,0.03486529318541997,-0.0140625,0.019842909211679884,0.01591162228605268,35358607.4,20348518.9,0.9725472831350279,2.4278284450471728,28.76799194820812,1954.203876421074,-675993648.0,6.338028169014085,7.65468147639223,-0.02865761689291102,0.02157164869029282,-0.01963746223564955,-0.009090767868781638,-0.001584786053882726,63000.0
2024-09-20,63800.0,64700.0,63000.0,63000.0,32746056,-0.0015847860538826808,-0.0015860431556347402,65057.142857142855,68464.28571428571,71428.57142857143,0.017162902417079674,1700.0,800.0,23.67789609854485,-3839.117322506194,-3133.4299116922416,-705.6874108139523,81690.48677529013,60419.513224709866,0.29935927873591256,0.12131493507591422,63500.0,64340.0,66330.0,71055.0,0.979173142679515,0.8866371120962635,-6715.0,-0.0015847860538826808,0.0015847860538826808,0.026984126984126985,-0.012539184952978056,0.020074114721493844,0.016154889858155098,35777543.4,21451629.9,-0.33716077495582075,1.5265066641859228,28.3551830906868,1936.0464566767116,-708739704.0,6.25,4.738014809725563,-0.02018633540372672,-0.02865761689291102,0.02157164869029282,-0.016809579450173473,-0.006349206349206349,62600.0
2024-09-23,62300.0,63500.0,62200.0,62600.0,28542376,-0.006349206349206327,-0.006369448285479823,64357.142857142855,67650.0,70652.38095238095,0.01693150146349886,1300.0,-300.0,23.088507895844884,-3922.3110597455816,-3291.20614130291,-631.1049184426715,80971.32308593085,59568.67691406915,0.304577290050686,0.1416330981500861,62900.0,63880.0,65590.0,70270.0,0.9799624295554165,0.890849580190693,-6390.0,-0.006349206349206327,0.006349206349206327,0.020766773162939296,0.004815409309791332,0.019293849295764123,0.014526026232745728,34324077.2,22488468.8,-0.12837210075008731,1.2692005068837768,28.21142097521323,1890.6145669140894,-737282080.0,3.125,5.237676056338029,-0.0015847860538826808,-0.02018633540372672,-0.02865761689291102,-0.009373442602271909,0.009584664536741214,63200.0
2024-09-24,62800.0,63400.0,62400.0,63200.0,26957500,0.009584664536741228,0.00953902304675891,63928.57142857143,66857.14285714286,69933.33333333333,0.01796738138395647,1000.0,-400.0,26.061573382288017,-3894.9293888106768,-3411.9507908044634,-482.97859800621336,79958.48701596525,59071.51298403475,0.3004671514339423,0.19765845496115983,62933.333333333336,63260.0,65010.0,69515.0,0.9990515333544103,0.9091562972020427,-6255.0,0.009584664536741228,0.009584664536741228,0.015822784810126583,0.006369426751592357,0.015149222479119612,0.015831589210745876,32538756.0,23428888.75,-0.05552712219893674,1.15060941590753,28.1638316898739,1826.99924070594,-710324580.0,8.0,5.791666666666667,-0.006349206349206327,-0.0015847860538826808,-0.02018633540372672,0.00055022404455074,-0.015822784810126583,62200.0
2024-09-25,63800.0,64200.0,62200.0,62200.0,28652438,-0.015822784810126556,-0.015949301407677953,63542.857142857145,65985.71428571429,69166.66666666667,0.017546619233383954,2000.0,1600.0,24.370686938563296,-3908.861932792628,-3511.3330192020967,-397.5289135905314,78923.24733647342,58556.75266352659,0.2962830182273324,0.17888435859867433,62666.666666666664,62820.0,64340.0,68740.0,0.9901305316778096,0.9048588885656096,-5920.0,-0.015822784810126556,0.015822784810126556,0.03215434083601286,-0.025078369905956112,0.011794467216311626,0.015759667543083382,33260216.6,24390495.35,0.06287445052397289,1.1747378472163748,28.208859372218434,1839.356437798373,-738977018.0,0.0,3.708333333333334,0.009584664536741228,-0.006349206349206327,-0.0015847860538826808,-0.004195775540863885,0.04019292604501608,64700.0
2024-09-26,63900.0,64900.0,63700.0,64700.0,37566015,0.04019292604501601,0.039406201761721056,63314.28571428572,65428.57142857143,68547.61904761905,0.022793835931512994,1200.0,-800.0,35.6169899392828,-3675.802109042954,-3544.2268371702685,-131.57527187268533,77884.03759081634,58455.96240918366,0.28499450171090923,0.32139249680892007,63366.666666666664,63140.0,64060.0,68170.0,1.0247070003167564,0.9490978436262285,-5030.0,0.04019292604501601,0.04019292604501601,0.01854714064914992,0.012519561815336464,0.02159343094507479,0.021832610307517895,30892877.0,25485999.2,0.3110931432780695,1.4739863524754409,28.519126823742063,1900.830977955632,-701411003.0,27.77777777777778,11.925925925925926,-0.015822784810126556,0.009584664536741228,-0.006349206349206327,0.01131826859054356,-0.0077279752704791345,64200.0
2024-09-27,64700.0,65400.0,64200.0,64200.0,28433030,-0.007727975270479082,-0.007757990810939338,63285.71428571428,65014.28571428572,67980.95238095238,0.020066475024707087,1200.0,500.0,34.51163973038453,-3491.2019381958526,-3533.6218573753854,42.419919179532826,76755.58781530152,58424.41218469848,0.2712113571623471,0.31506914404657427,63700.0,63380.0,63860.0,67590.0,1.012937835279268,0.9498446515756769,-4210.0,-0.007727975270479082,0.007727975270479082,0.018691588785046728,-0.0077279752704791345,0.02224133343659,0.021234310352478886,30030271.8,26351143.45,-0.24311828124436408,1.079005548808547,28.232820545185714,1850.7716223873729,-729844033.0,22.22222222222222,16.666666666666668,0.04019292604501601,-0.015822784810126556,0.009584664536741228,0.0055473886548034574,-0.04205607476635514,61500.0
2024-09-30,64200.0,64300.0,61500.0,61500.0,32694163,-0.04205607476635509,-0.04296603588344325,63057.142857142855,64478.57142857143,67300.0,0.025011126482241814,2800.0,2700.0,29.235341876481044,-3522.171013022824,-3531.331688504873,9.1606754820491,75397.12500524092,58292.874994759084,0.25587927310168046,0.18750456776973703,63466.666666666664,63160.0,63520.0,66845.0,0.973717542748575,0.9200388959533249,-3685.0,-0.04205607476635509,0.04205607476635509,0.04552845528455285,-0.04205607476635514,0.03056149394754147,0.024181207453638092,30860629.2,27496125.9,0.14986559645595277,1.1890461630451001,28.32949957220024,1918.5736493597035,-762538196.0,0.0,16.666666666666668,-0.007727975270479082,0.04019292604501601,-0.015822784810126556,-0.003197041330606054,-0.0032520325203252032,61300.0
2024-10-02,60500.0,61900.0,59900.0,61300.0,28473536,-0.003252032520325243,-0.0032573318703065105,62814.28571428572,63935.71428571428,66580.95238095238,0.024995900115423388,2000.0,-800.0,28.883086023055043,-3522.2502481377014,-3529.515400431439,7.2651522937376285,74403.68177638328,58016.31822361671,0.24750586849065953,0.20037889351816607,62333.333333333336,62780.0,63020.0,66210.0,0.9764256132526282,0.9258420178220813,-3430.0,-0.003252032520325243,0.003252032520325243,0.03262642740619902,0.013223140495867768,0.029751030767340543,0.02234282714185246,31163836.4,28075578.75,-0.12909420559260076,1.0141744985399455,28.188020774380043,1924.3898172625818,-791011732.0,16.867469879518072,13.029897367246766,-0.04205607476635509,-0.007727975270479082,0.04019292604501601,-0.017678694185719806,-0.011419249592169658,60600.0
2024-10-04,61000.0,61700.0,60500.0,60600.0,24247578,-0.011419249592169667,-0.011484949866896957,62528.57142857143,63442.857142857145,65942.85714285714,0.025154141052024754,1200.0,400.0,27.628335209381234,-3538.013178804489,-3531.2149561060496,-6.798222698439531,73141.29140309418,57908.708596905824,0.2324697871986013,0.17667991287733675,61133.333333333336,62460.0,62640.0,65525.0,0.9702209414024976,0.9248378481495613,-3065.0,-0.011419249592169667,0.011419249592169667,0.019801980198019802,-0.006557377049180328,0.02944124843379571,0.021170680121826765,30282864.4,28470031.65,-0.14841704240737785,0.8516877781553152,28.015877466129226,1872.6476874581117,-815259310.0,9.45945945945946,8.77564311299251,-0.003252032520325243,-0.04205607476635509,-0.007727975270479082,-0.018909118959616666,0.006600660066006601,61000.0
2024-10-07,60200.0,61900.0,59500.0,61000.0,35066533,0.0066006600660066805,0.0065789710980425605,62214.28571428572,63071.42857142857,65309.52380952381,0.024899671754568888,2400.0,-800.0,29.51272713679937,-3478.1349828448074,-3520.5989614538016,42.46397860899424,71476.6471158104,58233.35288418961,0.20419850792723437,0.2089092840061284,60966.666666666664,61720.0,62430.0,64855.0,0.9883344134802333,0.9405597101225811,-3135.0,0.0066006600660066805,0.0066006600660066805,0.03934426229508197,0.013289036544850499,0.01832720723561783,0.02084908963140855,29782968.0,29591289.5,0.4461870377321808,1.1850288916946319,28.391386900961354,1910.3157097825322,-780192777.0,21.12676056338028,15.81789663411927,-0.011419249592169667,-0.003252032520325243,-0.04205607476635509,-0.00269020734882941,-0.011475409836065573,60300.0
2024-10-08,60000.0,61000.0,59900.0,60300.0,27411786,-0.011475409836065542,-0.011541760440171458,61942.857142857145,62742.857142857145,64638.09523809524,0.024632756629288793,1100.0,-300.0,28.132248018376984,-3447.425456291254,-3505.9642604212922,58.53880413003844,70105.29458573401,58384.70541426599,0.1824358186857813,0.1634128248771402,60633.333333333336,60940.0,62160.0,64245.0,0.9894978667541845,0.9385944431473267,-3305.0,-0.011475409836065542,0.011475409836065542,0.01824212271973466,0.005,0.018206992042967367,0.0209988902942221,29578719.2,30146148.85,-0.2182920963415459,0.9092964456718656,28.13357100757332,1852.436016226637,-807604563.0,11.267605633802816,13.951275218880852,0.0066006600660066805,-0.011419249592169667,-0.003252032520325243,-0.005431333120742843,-0.02321724709784411,58900.0
2024-10-10,60100.0,60200.0,58900.0,58900.0,45262214,-0.023217247097844118,-0.02349101307559874,61114.28571428572,62214.28571428572,63990.47619047619,0.01590053827022201,1300.0,1200.0,25.557398660285855,-3495.759297808654,-3503.9232678987646,8.163970090110524,69354.62708393099,58025.37291606901,0.17788120847640093,0.07720076458449202,60066.666666666664,60420.0,61790.0,63690.0,0.9748427672955975,0.9247919610613912,-3270.0,-0.023217247097844118,0.023217247097844118,0.022071307300509338,-0.019966722129783693,0.01106265878920446,0.021853282361573242,32092329.4,31040931.4,0.6511953653804243,1.45814613024144,28.611579483979632,1820.1191579247345,-852866777.0,0.0,10.798122065727698,-0.011475409836065542,0.0066006600660066805,-0.011419249592169667,-0.00936399895596766,0.006791171477079796,59300.0
2024-10-11,59100.0,60100.0,59000.0,59300.0,29623969,0.00679117147707986,0.0067682153461388105,60414.28571428572,61850.0,63480.95238095238,0.017617422564574426,1100.0,-200.0,27.5964304871912,-3461.881147455526,-3495.5148438101173,33.63369635459139,68610.44559729054,57799.55440270946,0.17104487294646126,0.13879018577512223,59500.0,60020.0,61400.0,63205.0,0.988003998667111,0.9382169132188909,-3185.0,0.00679117147707986,0.00679117147707986,0.01854974704890388,0.00338409475465313,0.01300666095617775,0.02165084510479571,32322416.0,31237791.4,-0.34550331541448676,0.9483374999424575,28.1944589401126,1775.8249323586822,-823242808.0,6.153846153846154,5.80715059588299,-0.023217247097844118,-0.011475409836065542,0.0066006600660066805,-0.0093004951522766,0.0,59300.0
2024-10-14,59500.0,61200.0,59400.0,59300.0,20886249,0.0,0.0,60100.0,61578.57142857143,63019.04761904762,0.01100814748910191,1800.0,200.0,27.5964304871912,-3395.886800056862,-3475.5892350594663,79.70243500260449,67687.96812719804,57762.03187280196,0.1582452970011331,0.15494438890002846,59166.666666666664,59760.0,61110.0,62725.0,0.9923025435073628,0.9453965723395775,-2965.0,0.0,0.0,0.03035413153456998,-0.0033613445378151263,0.012938984548449262,0.021441638665545125,31650150.2,31330988.9,-0.294954399932028,0.6666322938820486,27.844966142798725,1784.694580047348,-823242808.0,6.153846153846154,4.102564102564103,0.00679117147707986,-0.023217247097844118,-0.011475409836065542,-0.005475358540254753,0.02866779089376054,61000.0
2024-10-15,61100.0,61400.0,60100.0,61000.0,22715239,0.02866779089376048,0.028264558169631422,60057.142857142855,61435.71428571428,62642.857142857145,0.016839845979321068,1300.0,100.0,36.208780390194484,-3169.869726738172,-3414.445333395208,244.57560665703568,66873.54798554258,57926.45201445742,0.14338294825456988,0.3435246470447551,59866.666666666664,59760.0,60740.0,62400.0,1.0207496653279786,0.9775641025641025,-2640.0,0.02866779089376048,0.02866779089376048,0.021311475409836064,-0.0016366612111292963,0.019612307320041218,0.01893192011872218,29179891.4,31303585.95,0.0875690986926374,0.725643350774003,27.957175721958166,1807.2163957582518,-800527569.0,32.30769230769231,14.87179487179487,0.0,0.00679117147707986,-0.023217247097844118,0.011819654123613446,-0.02459016393442623,59500.0
2024-10-16,59400.0,60000.0,59200.0,59500.0,23303268,-0.024590163934426257,-0.0248975516217272,59900.0,61214.28571428572,62261.90476190476,0.018907521549424842,800.0,-100.0,32.5317582423835,-3076.325071269246,-3346.821280970016,270.49620970076967,66339.41593424788,57790.58406575212,0.1377399801578307,0.19995900732911095,59933.333333333336,59600.0,60270.0,62065.0,0.9983221476510067,0.9586723596229759,-2465.0,-0.024590163934426257,0.024590163934426257,0.013445378151260505,0.0016835016835016834,0.022255236086228092,0.01985993356971226,28358187.8,30936180.55,0.025886982743170694,0.7532690715434811,27.957835757745936,1806.7009389183768,-823830837.0,9.23076923076923,15.897435897435898,0.02866779089376048,0.0,0.00679117147707986,0.0013592089864447414,0.0033613445378151263,59700.0
2024-10-17,59400.0,60100.0,59100.0,59700.0,23372873,0.003361344537815114,0.003355707846972315,59714.28571428572,60964.28571428572,61952.380952380954,0.018684172285823943,1000.0,-300.0,33.501415318339355,-2952.022847511318,-3267.8615942782767,315.8387467669586,65984.88919520786,57625.110804792144,0.13526055158022346,0.2481990668062047,60066.666666666664,59760.0,60090.0,61805.0,0.998995983935743,0.9659412668877922,-2045.0,0.003361344537815114,0.003361344537815114,0.01675041876046901,0.005050505050505051,0.018996299971112393,0.01583874413836458,23980319.6,30314338.85,0.0029869201178134297,0.7710170792657746,27.964173933727764,1749.0794432813498,-800457964.0,12.307692307692308,17.94871794871795,-0.024590163934426257,0.02866779089376048,0.0,0.002479657165716446,-0.008375209380234505,59200.0
2024-10-18,59900.0,60100.0,59100.0,59200.0,14420260,-0.008375209380234505,-0.008410478508596404,59557.142857142855,60750.0,61680.95238095238,0.01848416181549436,1000.0,700.0,32.25340260817923,-2860.8798192393006,-3186.4652392704816,325.585420031181,65207.09854458053,57692.90145541947,0.1222814823297161,0.20056681062497814,59466.666666666664,59740.0,59880.0,61450.0,0.9909608302644795,0.9633848657445078,-1710.0,-0.008375209380234505,0.008375209380234505,0.016891891891891893,-0.011686143572621035,0.019415109180997796,0.01593563443995681,20939577.8,29241146.55,-0.3830343407077085,0.49314960941570873,27.472821541044976,1695.5737687612534,-814878224.0,4.615384615384615,8.717948717948717,0.003361344537815114,-0.024590163934426257,0.02866779089376048,-0.009868009592281882,-0.0033783783783783786,59000.0
2024-10-21,59000.0,59600.0,58500.0,59000.0,18514905,-0.0033783783783783994,-0.0033840979842405684,59571.42857142857,60342.857142857145,61333.333333333336,0.01611221079158216,1100.0,0.0,31.74399882892712,-2772.8232606872843,-3103.7368435538424,330.91358286655804,64818.73893713695,57541.26106286305,0.11895191033465022,0.20044567119793458,59300.0,59680.0,59720.0,61180.0,0.9886058981233244,0.9643674403399803,-1500.0,-0.0033783783783783994,0.0033783783783783994,0.01864406779661017,0.0,0.019465684062509606,0.015685002882174597,20465309.0,28914635.05,0.28395084415953664,0.6403298872001498,27.719379364230573,1653.0327852783068,-833393129.0,7.246376811594203,8.056484578223708,-0.008375209380234505,0.003361344537815114,-0.024590163934426257,-0.002797414406932597,-0.022033898305084745,57700.0
2024-10-22,58800.0,58900.0,57700.0,57700.0,27582527,-0.02203389830508473,-0.02228027039166556,59342.857142857145,59878.57142857143,61014.28571428572,0.01780335078665337,1200.0,1100.0,28.583864069876398,-2775.9376577113435,-3038.177006385343,262.2393486739993,64744.963802753045,57075.036197246955,0.12592230513062044,0.08148236005570589,58633.333333333336,59020.0,59390.0,60910.0,0.9776347001016604,0.9472992940403875,-1890.0,-0.02203389830508473,0.02203389830508473,0.02079722703639515,-0.01870748299319728,0.01201734447863314,0.016422906207783167,21438766.6,27823625.75,0.4897471523618404,0.9913347472336527,28.095705502994477,1627.8161577584278,-860975656.0,0.0,3.953920475659606,-0.0033783783783783994,-0.008375209380234505,0.003361344537815114,-0.01126249535456588,0.024263431542461005,59100.0
2024-10-23,57500.0,60000.0,57100.0,59100.0,27300780,0.024263431542461023,0.023973750897998653,59314.28571428572,59707.142857142855,60823.80952380953,0.020743444967000424,2900.0,-1600.0,35.975789344743276,-2635.062183497008,-2957.554041807676,322.49185831066825,64498.77422270755,56931.22577729245,0.12464050803615417,0.28658874645480875,58600.0,58940.0,59270.0,60715.0,1.002714625042416,0.9734003129374948,-1775.0,0.024263431542461023,0.024263431542461023,0.049069373942470386,0.02782608695652174,0.01702547499776967,0.018691874838825846,22238269.0,27551361.95,-0.010214691351521199,0.9909049160453572,28.109412034570415,1718.6864322042545,-833674876.0,41.666666666666664,16.304347826086957,-0.02203389830508473,-0.0033783783783783994,-0.008375209380234505,-0.0003829483803340361,-0.04230118443316413,56600.0
2024-10-24,58200.0,58500.0,56600.0,56600.0,31499922,-0.04230118443316411,-0.04322193920291524,58685.71428571428,59371.42857142857,60519.04761904762,0.02180193318294293,1900.0,1600.0,30.003626669910645,-2694.090661722279,-2904.861365790597,210.77070406831808,64508.26790050056,56321.73209949944,0.13550502029299225,0.033990922077997116,57800.0,58320.0,59040.0,60415.0,0.9705075445816187,0.9368534304394603,-2095.0,-0.04230118443316411,0.04230118443316411,0.03356890459363958,-0.027491408934707903,0.02453560414620553,0.021826977400101425,23863678.8,27699239.25,0.1538103306938483,1.1372125319290132,28.209259891794154,1774.4945441896648,-865174798.0,0.0,13.888888888888888,0.024263431542461023,-0.02203389830508473,-0.0033783783783783994,-0.013357217065262605,-0.012367491166077738,55900.0
2024-10-25,56000.0,56900.0,55800.0,55900.0,25829315,-0.012367491166077715,-0.012444605048083751,58171.42857142857,59035.71428571428,60200.0,0.020940949758724136,1100.0,100.0,28.573333947028672,-2765.4766129048003,-2876.9844152134383,111.50780230863802,64391.961720115985,55708.038279884015,0.14461154771410442,0.02210541369200021,57200.0,57660.0,58700.0,60050.0,0.9694762400277489,0.9308909242298085,-2390.0,-0.012367491166077715,0.012367491166077715,0.01967799642218247,-0.0017857142857142857,0.024519615326693382,0.021638000323302296,26145489.8,27642830.0,-0.18001971560437513,0.9343947417829506,27.99834030431335,1726.3163624618317,-891004113.0,1.639344262295082,14.435336976320583,-0.04230118443316411,0.024263431542461023,-0.02203389830508473,-0.010135081352260267,0.03935599284436494,58100.0
2024-10-28,55700.0,58500.0,55700.0,58100.0,27775009,0.03935599284436497,0.0386012836968121,57942.857142857145,58828.57142857143,59957.142857142855,0.02757103746848794,2800.0,-2400.0,38.49669817191313,-2614.3917984420405,-2824.465891859159,210.07409341711855,64146.51748009748,55543.48251990252,0.14375528381978372,0.2971646043432496,56866.666666666664,57480.0,58580.0,59845.0,1.0107863604732081,0.9708413401286657,-2365.0,0.03935599284436497,0.03935599284436497,0.04819277108433735,0.04308797127468582,0.033657139805070846,0.025937001413819605,27997510.6,27598958.55,0.0753289043863532,1.0063788801914773,28.10956816036294,1803.0080508574151,-863229104.0,42.10526315789474,14.58153580672994,-0.012367491166077715,-0.04230118443316411,0.024263431542461023,-0.00510422758495895,0.025817555938037865,59600.0
2024-10-29,58000.0,59600.0,57300.0,59600.0,28369314,0.025817555938037806,0.025489910213438473,58000.0,58778.57142857143,59833.333333333336,0.029549179286654546,2300.0,-1600.0,44.189995579491026,-2346.5687466727395,-2728.8864628218753,382.3177161491358,63234.11566053737,55945.88433946263,0.1223062816089065,0.5013720750013908,57866.666666666664,57860.0,58440.0,59590.0,1.0300725890079503,1.0001678133915086,-1730.0,0.025817555938037806,0.025817555938037806,0.03859060402684564,0.027586206896551724,0.033558652077698044,0.025578911481019408,28154868.0,27139123.5,0.021397112778613225,1.0453290431431952,28.156229479074383,1838.507475796171,-834859790.0,68.42105263157895,37.38855335058959,0.03935599284436497,-0.012367491166077715,-0.04230118443316411,0.017602019205441688,-0.008389261744966443,59100.0
2024-10-30,59100.0,59800.0,58600.0,59100.0,19838511,-0.008389261744966459,-0.008424649659251578,58014.28571428572,58792.857142857145,59566.666666666664,0.02973358105777805,1200.0,0.0,42.76879339568361,-2149.880387062338,-2613.085247669968,463.20486060763005,62264.54100949639,56405.45899050361,0.09874579959539523,0.4598913278158208,58933.333333333336,57860.0,58400.0,59335.0,1.0214310404424474,0.9960394370944636,-1475.0,-0.008389261744966459,0.008389261744966459,0.02030456852791878,0.0,0.03250872944243235,0.02448035542588689,26662414.2,26709397.55,-0.30070529728001183,0.7427539675075898,27.790121809996396,1792.8997989535876,-854698301.0,59.64912280701754,56.72514619883041,0.025817555938037806,0.03935599284436497,-0.012367491166077715,0.01892809567914544,0.001692047377326565,59200.0
2024-10-31,58500.0,61200.0,58300.0,59200.0,35809196,0.0016920473773265332,0.001690617477907452,58228.57142857143,58785.71428571428,59328.57142857143,0.02803949070126448,2900.0,-700.0,43.16250797163263,-1963.3025510477746,-2483.1287083455295,519.8261572977549,61966.55765411428,56473.44234588572,0.09275777285087065,0.4963590787963179,59300.0,58380.0,58350.0,59220.0,1.014045906132237,0.999662276258021,-840.0,0.0016920473773265332,0.0016920473773265332,0.048986486486486486,0.011965811965811967,0.022452354313794935,0.02445750233886893,27524269.0,26865149.2,0.8050344604995809,1.3329237717391869,28.38239211076604,1871.978384742617,-818889105.0,61.40350877192982,63.1578947368421,-0.008389261744966459,0.025817555938037806,0.03935599284436497,0.006373447190132627,-0.015202702702702704,58300.0
2024-11-01,59000.0,59600.0,58100.0,58300.0,19083180,-0.015202702702702742,-0.015319448533513344,58114.28571428572,58714.28571428572,59176.19047619047,0.027217587012102758,1500.0,700.0,40.464460781436934,-1866.5443883463668,-2359.811844345697,493.2674559993302,61661.56526568812,56478.43473431188,0.08774556511556192,0.3514411328561415,58866.666666666664,58860.0,58260.0,59070.0,0.9904858987427795,0.9869646182495344,-210.0,-0.015202702702702742,0.015202702702702742,0.025728987993138937,-0.011864406779661017,0.023158604413309643,0.02479255180716199,26175042.0,26395631.4,-0.4670871694522267,0.722967361940052,27.73767524910322,1845.4085001181443,-837972285.0,45.6140350877193,55.55555555555555,0.0016920473773265332,-0.008389261744966459,0.025817555938037806,-0.007299972356780889,0.00686106346483705,58700.0
2024-11-04,58600.0,59400.0,58400.0,58700.0,15586947,0.006861063464836947,0.006837633477603969,58414.28571428572,58550.0,59052.380952380954,0.020249833813764908,1000.0,-100.0,42.19395181849716,-1737.5567179866193,-2235.3608190738814,497.8041010872621,61467.831828728355,56482.168171271645,0.08453859529388232,0.44484184676423133,58733.333333333336,58980.0,58230.0,58975.0,0.9952526280094948,0.9953370072064434,5.0,0.006861063464836947,0.006861063464836947,0.017035775127768313,0.0017064846416382253,0.015769822510946406,0.024906269279731864,23737429.6,25962599.85,-0.1832101882390671,0.6003615620182198,27.542139397013234,1792.1650358239913,-822385338.0,54.54545454545455,53.854332801701226,-0.015202702702702742,0.0016920473773265332,-0.008389261744966459,-0.002216530620179754,-0.018739352640545145,57600.0
2024-11-05,57800.0,58100.0,57200.0,57600.0,17484474,-0.01873935264054516,-0.018917159132205225,58657.142857142855,58414.28571428572,58909.52380952381,0.021310059806847026,900.0,200.0,38.85148556622477,-1704.4460734826935,-2129.177869955644,424.73179647295046,61177.185312723304,56432.814687276696,0.08067971474273632,0.24601478359701967,58200.0,58580.0,58220.0,58805.0,0.9832707408671901,0.9795085451917354,-225.0,-0.01873935264054516,0.01873935264054516,0.015625,-0.0034602076124567475,0.010890465924772453,0.024605789576081102,21560461.6,25083496.9,0.12173820825848702,0.6970508964402009,27.638101691783863,1771.2961046937062,-839869812.0,34.54545454545455,44.901648059542794,0.006861063464836947,-0.015202702702702742,0.0016920473773265332,-0.009026997292803651,-0.005208333333333333,57300.0
2024-11-06,57600.0,58000.0,56300.0,57300.0,22092218,-0.00520833333333337,-0.0052219439811517126,58542.857142857145,58242.857142857145,58733.333333333336,0.015070235637259538,1700.0,300.0,37.96810268933856,-1683.0124223929233,-2039.9447804431,356.9323580501766,61008.474475168274,56301.525524831726,0.08024804279833855,0.21212774680653435,57866.666666666664,58220.0,58040.0,58655.0,0.9841978701477155,0.9768988151052767,-435.0,-0.00520833333333337,0.00520833333333337,0.029668411867364748,-0.005208333333333333,0.01086405514742208,0.02310938734051646,22011203.0,24817518.5,0.2635334640321465,0.8901864221436966,27.866791880483607,1766.203525787013,-861962030.0,29.09090909090909,39.3939393939394,-0.01873935264054516,0.006861063464836947,-0.015202702702702742,-0.005695540836347194,0.0,57300.0
2024-11-07,56900.0,58100.0,56800.0,57300.0,17043102,0.0,0.0,58214.28571428572,58107.142857142855,58590.47619047619,0.009301795337343221,1300.0,-400.0,37.968102689338565,-1647.0400470673994,-1961.36383376796,314.3237867005605,61001.06460624808,56148.93539375192,0.08283617947069845,0.23722876202134766,57400.0,57840.0,58110.0,58575.0,0.9906639004149378,0.9782330345710627,-735.0,0.0,0.0,0.02268760907504363,0.007029876977152899,0.010582607550919911,0.01849632536788165,18257984.2,23406562.9,-0.22854726492378452,0.7281334757611935,27.60731200775514,1732.9032739450836,-861962030.0,29.09090909090909,30.909090909090907,-0.00520833333333337,-0.01873935264054516,0.006861063464836947,-0.007982561991292844,-0.005235602094240838,57000.0
2024-11-08,58000.0,58300.0,57000.0,57000.0,13877396,-0.005235602094240788,-0.005249355886143678,57914.28571428572,57964.28571428572,58500.0,0.009219408006133271,1300.0,1000.0,36.99260634778185,-1624.0184989113113,-1893.8947667966304,269.87626788531907,60958.33628851918,55961.66371148082,0.08547164859798774,0.20780554909495916,57200.0,57580.0,58220.0,58460.0,0.9899270580062521,0.9750256585699624,-880.0,-0.005235602094240788,0.005235602094240788,0.02280701754385965,-0.017241379310344827,0.009395736432122851,0.018039108509848037,17216827.4,22619234.25,-0.18574705473217257,0.6135219188509885,27.396578434191124,1701.9816115204349,-875839426.0,23.636363636363637,27.27272727272727,0.0,-0.00520833333333337,-0.01873935264054516,-0.003481311809191386,-0.03508771929824561,55000.0
2024-11-11,56700.0,56800.0,55000.0,55000.0,29811326,-0.03508771929824561,-0.03571808260207923,57314.28571428572,57771.42857142857,58295.23809523809,0.01412029803999826,1800.0,1700.0,31.231644194313404,-1747.018499656122,-1864.5195133685288,117.5010137124068,61146.52410041149,55343.47589958851,0.09963169715551505,-0.05918887586351639,56433.333333333336,56840.0,57910.0,58245.0,0.9676284306826178,0.9442870632672332,-1405.0,-0.03508771929824561,0.03508771929824561,0.03272727272727273,-0.029982363315696647,0.014236372174487158,0.01622307092267034,20061703.2,23065488.1,1.1481930759920664,1.2924645631062972,28.125487410597735,1723.2686392689752,-905650752.0,0.0,17.575757575757574,-0.005235602094240788,0.0,-0.00520833333333337,-0.0134411071308288,-0.03636363636363636,53000.0
2024-11-12,54600.0,54600.0,53000.0,53000.0,37962881,-0.036363636363636376,-0.0370412716803491,56557.142857142855,57335.71428571428,57995.23809523809,0.017366419631627245,1600.0,1600.0,26.746010677556725,-1983.0211384202194,-1888.219838378867,-94.8013000413523,61300.26295747064,54389.73704252936,0.11946626181936683,-0.20110438187122737,55000.0,55920.0,57250.0,57845.0,0.9477825464949928,0.9162416803526666,-1925.0,-0.036363636363636376,0.036363636363636376,0.03018867924528302,-0.029304029304029304,0.0177948912613581,0.014804530078592303,24157384.6,23827870.2,0.2734381892304958,1.5932133539992173,28.33016661704049,1743.0351650354771,-943613633.0,0.0,7.878787878787879,-0.03508771929824561,-0.005235602094240788,0.0,-0.025562319252040926,-0.045283018867924525,50600.0
2024-11-13,52000.0,53000.0,50500.0,50600.0,52527995,-0.04528301886792452,-0.046340337258701965,55400.0,56907.142857142855,57500.0,0.018520838455258783,2500.0,1400.0,22.55891343680713,-2336.777950689291,-1977.9314608409518,-358.8464898483394,62045.31456076192,52754.68543923808,0.16185765020076384,-0.23192029420766144,52866.666666666664,54580.0,56400.0,57400.0,0.9270795163063393,0.8815331010452961,-2820.0,-0.04528301886792452,0.04528301886792452,0.04940711462450593,-0.026923076923076925,0.020347545200141176,0.018144782439778656,30244540.0,25289106.55,0.38366724590791734,2.0770996751563766,28.60856367881211,1797.1040818186575,-996141628.0,0.9345794392523364,0.3115264797507788,-0.036363636363636376,-0.03508771929824561,-0.005235602094240788,-0.038911458176602166,-0.01383399209486166,49900.0
2024-11-14,50200.0,51800.0,49900.0,49900.0,48510715,-0.013833992094861691,-0.01393057353594691,54300.0,56478.57142857143,57042.857142857145,0.018718686037618434,1900.0,300.0,21.501617306005215,-2643.1483540261615,-2110.9748394779936,-532.173514548168,62504.32042813399,51315.67957186601,0.19660236964097674,-0.1265282879352526,51166.666666666664,53100.0,55470.0,56910.0,0.9397363465160076,0.8768230539448252,-3810.0,-0.013833992094861691,0.013833992094861691,0.03807615230460922,-0.00597609561752988,0.016839397076058686,0.017171538622219484,36538062.6,26545998.65,-0.07647883761792162,1.8274209849701775,28.515071541081827,1804.4537902601821,-1044652343.0,0.0,0.3115264797507788,-0.04528301886792452,-0.036363636363636376,-0.03508771929824561,-0.03182688244214086,0.07214428857715431,53500.0
2024-11-15,50300.0,54200.0,50300.0,53500.0,46774485,0.07214428857715438,0.06966065114448795,53757.142857142855,56150.0,56747.619047619046,0.03915106461727363,3900.0,-3200.0,37.67881556223074,-2565.8813098709797,-2201.956133556591,-363.92517631438886,62308.169982733,50941.830017267,0.20073006561529363,0.22506541160174776,51333.333333333336,52400.0,54990.0,56625.0,1.0209923664122138,0.9448123620309051,-4225.0,0.07214428857715438,0.07214428857715438,0.07289719626168224,0.0636182902584493,0.04826364321457739,0.03299995094271547,43117480.4,28163709.9,-0.03579064955031064,1.660806945039581,28.548285352793314,1982.7070909558834,-997877858.0,31.858407079646017,10.930995506299451,-0.013833992094861691,-0.04528301886792452,-0.036363636363636376,0.004342425871456057,0.059813084112149535,56700.0
2024-11-18,57000.0,57500.0,55900.0,56700.0,48095234,0.059813084112149584,0.05809255683174557,53671.42857142857,55942.857142857145,56628.57142857143,0.0469545930385151,1600.0,300.0,47.94753050530279,-2220.8329839958897,-2205.7315036444506,-15.101480351439022,62082.828819606555,50937.171180393445,0.19723336823948168,0.5170469976873804,53366.666666666664,52740.0,54790.0,56510.0,1.075085324232082,1.0033622367722528,-3770.0,0.059813084112149584,0.059813084112149584,0.02821869488536155,-0.005263157894736842,0.05495575104420664,0.039308249101883734,46774262.0,29642726.35,0.02823652681584843,1.622496980612581,28.634223134643847,2126.799441601892,-949782624.0,60.176991150442475,30.678466076696164,0.07214428857715438,-0.013833992094861691,-0.04528301886792452,0.03937446019814742,-0.007054673721340388,56300.0
2024-11-19,56500.0,57500.0,55900.0,56300.0,31539632,-0.007054673721340388,-0.0070796755880616884,53571.42857142857,55742.857142857145,56500.0,0.046984014232665995,1600.0,200.0,46.90709858801133,-1957.0961704584697,-2156.0044370072546,198.90826654878492,61984.99299985373,50895.00700014627,0.19649160169573826,0.4873759984905578,55500.0,53400.0,54660.0,56440.0,1.054307116104869,0.9975194897236003,-3040.0,-0.007054673721340388,0.007054673721340388,0.028419182948490232,-0.0035398230088495575,0.0505186886519137,0.03895317900460781,45489612.2,29840581.6,-0.34422541742909496,1.0569375765786013,28.205205285835916,2089.1709100588996,-981322256.0,56.63716814159292,49.5575221238938,0.059813084112149584,0.07214428857715438,-0.013833992094861691,0.041634232989321195,-0.017761989342806393,55300.0
2024-11-20,56100.0,56500.0,54800.0,55300.0,20864667,-0.017761989342806372,-0.017921626617355562,53614.28571428572,55464.28571428572,56385.71428571428,0.04529160021659535,1700.0,800.0,44.3179792734649,-1807.933753351288,-2086.390300276061,278.4565469247732,61670.234991993144,50829.765008006856,0.19271946638197845,0.4123654231409381,56100.0,54340.0,54460.0,56250.0,1.0176665439823334,0.9831111111111112,-1910.0,-0.017761989342806372,0.017761989342806372,0.03074141048824593,-0.0142602495543672,0.04358271079816048,0.03928288658967268,39156946.6,29518775.95,-0.33846193893448095,0.70682697125861,27.774095899650533,2061.3729879118355,-1002186923.0,55.670103092783506,57.49475412827297,-0.007054673721340388,0.059813084112149584,0.07214428857715438,0.011665473682667607,0.019891500904159132,56400.0
2024-11-21,54900.0,56900.0,54700.0,56400.0,19096850,0.019891500904159143,0.019696249975724108,54100.0,55328.57142857143,56257.142857142855,0.0423788486368986,2200.0,-1500.0,47.735400326113805,-1582.7160903373733,-1985.6554582883239,402.93936795095055,61658.253748599855,50821.746251400145,0.19268327697723522,0.5147649046559831,56000.0,55640.0,54370.0,56240.0,1.0136592379583034,1.0028449502133712,-600.0,0.019891500904159143,0.019891500904159143,0.03900709219858156,0.0273224043715847,0.039736303923070794,0.03994223924839999,33274173.6,28898622.35,-0.08472778405713355,0.660822158534488,27.70525839543693,2071.2749173467046,-983090073.0,68.42105263157895,60.24277462198512,-0.017761989342806372,-0.007054673721340388,0.059813084112149584,-0.0016417207199958723,-0.0070921985815602835,56000.0
2024-11-22,56000.0,56700.0,55900.0,56000.0,15281543,-0.007092198581560294,-0.0071174677688639896,54871.42857142857,55135.71428571428,56228.57142857143,0.03596865470943996,800.0,0.0,46.61503034560436,-1420.1356866616552,-1872.5515039629902,452.415817301335,61662.11712027188,50827.88287972812,0.19262573100797878,0.47738649593866417,55900.0,56140.0,54270.0,56245.0,0.9975062344139651,0.9956440572495333,-105.0,-0.007092198581560294,0.007092198581560294,0.014285714285714285,0.0,0.03135261780207617,0.03996905500075268,26975585.2,28371233.75,-0.19978724239861545,0.5386280742902131,27.47526328799819,1980.4695661076544,-998371616.0,72.61904761904762,65.57006778113669,0.019891500904159143,-0.017761989342806372,-0.007054673721340388,-0.0016542290067358412,0.033928571428571426,57900.0
2024-11-25,57400.0,57900.0,56700.0,57900.0,36237325,0.03392857142857153,0.03336569384380043,56014.28571428572,55157.142857142855,56323.80952380953,0.03413665913715765,1200.0,-500.0,52.33741185937026,-1125.0070434779918,-1723.0426118659907,598.0355683879989,61638.419969651346,50831.580030348654,0.19217284501294019,0.6540690904419404,56766.666666666664,56380.0,54560.0,56235.0,1.0269599148634267,1.0296078954387837,145.0,0.03392857142857153,0.03392857142857153,0.02072538860103627,0.008710801393728223,0.021600668416153476,0.03939558522531707,24604003.4,28794349.55,1.3713132240638264,1.258487361802552,28.372072886510484,1974.7217399571077,-962134291.0,95.23809523809524,78.75939849624059,-0.007092198581560294,0.019891500904159143,-0.017761989342806372,0.015575957917056793,0.0069084628670120895,58300.0
2024-11-26,57900.0,58900.0,57500.0,58300.0,23209405,0.006908462867012188,0.006884708777497233,56700.0,55228.57142857143,56333.333333333336,0.02674167658945811,1400.0,-400.0,53.46824446048057,-849.0514735366232,-1548.2443842001173,699.1929106634941,61432.41889548759,50907.58110451241,0.18737471587992144,0.7023784159245121,57400.0,56780.0,55090.0,56170.0,1.026769989432899,1.037920598184084,610.0,0.006908462867012188,0.006908462867012188,0.024013722126929673,0.0069084628670120895,0.02063334930540923,0.03651629903526725,22937958.0,28536354.1,-0.3595166033916687,0.8133276212745061,27.93342551475941,1933.6701871030286,-938924886.0,93.33333333333333,87.06349206349205,0.03392857142857153,-0.007092198581560294,0.019891500904159143,0.011248278571341142,-0.03430531732418525,56300.0
2024-11-27,57700.0,57800.0,56000.0,56300.0,21808387,-0.03430531732418529,-0.03490755821080204,56642.857142857145,55157.142857142855,56176.19047619047,0.023028797987154737,1800.0,1400.0,47.41125475013655,-782.7153264482404,-1395.138572649742,612.4232462015016,61110.033153642915,50949.966846357085,0.18133261301598838,0.5265746297153968,57500.0,56980.0,55660.0,56030.0,0.9880659880659881,1.0048188470462251,950.0,-0.03430531732418529,0.03430531732418529,0.03197158081705151,-0.024263431542461005,0.026205739078649763,0.034788270944309585,23126702.0,28634847.9,-0.060364235963825896,0.7616030326461067,27.836254992670955,1959.8366023099552,-960733273.0,71.11111111111111,86.56084656084657,0.006908462867012188,0.03392857142857153,-0.007092198581560294,0.0021772389904661424,-0.014209591474245116,55500.0
2024-11-28,56000.0,56400.0,55200.0,55500.0,20001134,-0.014209591474245165,-0.014311514393255922,56528.57142857143,55050.0,56004.76190476191,0.02350372734856097,1200.0,500.0,45.205308031618834,-785.6403926730272,-1273.2389366543991,487.5985439813719,60703.622286854756,50986.377713145244,0.17400384230834473,0.4644961081937348,56700.0,56800.0,56220.0,55845.0,0.977112676056338,0.9938221864088101,955.0,-0.014209591474245165,0.014209591474245165,0.021621621621621623,-0.008928571428571428,0.02541805644558163,0.034818568697936626,23307558.8,27844444.8,-0.08286963176139528,0.7183168543550921,27.735437829646308,1905.5625592878157,-980734407.0,62.22222222222222,75.55555555555556,-0.03430531732418529,0.006908462867012188,0.03392857142857153,-0.013868815310472756,-0.023423423423423424,54200.0
2024-11-29,55100.0,55300.0,53800.0,54200.0,24513531,-0.023423423423423406,-0.023702112306788283,56371.42857142857,54992.857142857145,55766.666666666664,0.024244404036129652,1500.0,900.0,41.80165635611757,-882.6826480608506,-1195.1276789356896,312.44503087483895,60407.61001584273,50872.38998415727,0.1713734728915431,0.3489809364424846,55333.333333333336,56440.0,56290.0,55640.0,0.9603118355776046,0.97411933860532,800.0,-0.023423423423423406,0.023423423423423406,0.027675276752767528,-0.016333938294010888,0.027077854066006646,0.028842987386507302,25153956.4,28115962.35,0.22560705807980685,0.8718723796413107,27.915171996204105,1890.879519338686,-1005247938.0,47.77777777777778,60.370370370370374,-0.014209591474245165,-0.03430531732418529,0.006908462867012188,-0.02397944407395129,-0.01107011070110701,53600.0
2024-12-02,54300.0,54400.0,53100.0,53600.0,22044867,-0.011070110701106972,-0.011131840368844181,55971.42857142857,55035.71428571428,55542.857142857145,0.022173498469193368,1300.0,700.0,40.29371126690104,-996.5170914779665,-1155.405561444145,158.8884699661785,60006.81326913397,50763.18673086603,0.16689765348502195,0.3068939725539289,54433.333333333336,55580.0,55980.0,55385.0,0.9643756747031306,0.9677710571454365,195.0,-0.011070110701106972,0.011070110701106972,0.024253731343283583,-0.01289134438305709,0.015325280329144543,0.02045708712796791,22315464.8,28438858.35,-0.10070617733528475,0.7751670875353546,27.797894690701632,1848.6738393859227,-1027292805.0,41.111111111111114,50.370370370370374,-0.023423423423423406,-0.014209591474245165,-0.03430531732418529,-0.01623437519959185,0.0,53600.0
2024-12-03,53100.0,54400.0,53100.0,53600.0,23374603,0.0,0.0,55628.57142857143,55250.0,55300.0,0.022344418110112618,1300.0,-500.0,40.29371126690104,-1074.347301089918,-1139.1939093732994,64.84660828338156,59749.05867391661,50620.94132608339,0.16540939291171913,0.32636068976739896,53800.0,54640.0,55710.0,55185.0,0.9809663250366032,0.9712784271088158,-545.0,0.0,0.0,0.024253731343283583,0.009416195856873822,0.012960430963965272,0.020515964726300212,22348504.4,28733364.8,0.06031952925821682,0.81350037361444,27.85646499609727,1809.4828508583569,-1027292805.0,41.111111111111114,43.333333333333336,-0.011070110701106972,-0.023423423423423406,-0.014209591474245165,-0.011497844708176793,-0.009328358208955223,53100.0
2024-12-04,52000.0,53400.0,52000.0,53100.0,29004766,-0.009328358208955279,-0.00937213982886321,54942.857142857145,55478.57142857143,55085.71428571428,0.013990522636822897,1400.0,-1100.0,38.93622936304508,-1162.968151343266,-1143.9487577672928,-19.019393575973254,59515.75115511054,50434.24884488946,0.16519331169115203,0.2935363626027251,53433.333333333336,54000.0,55490.0,54975.0,0.9833333333333333,0.965893587994543,-975.0,-0.009328358208955279,0.009328358208955279,0.026365348399246705,0.021153846153846155,0.008464695061871402,0.02008886640574674,23787780.2,29078992.2,0.24086667910466764,0.9974474287317289,28.06290292650588,1794.51979008276,-1056297571.0,32.55813953488372,38.26012058570198,0.0,-0.011070110701106972,-0.023423423423423406,-0.006799489636687417,0.011299435028248588,53700.0
2024-12-05,53200.0,54400.0,53200.0,53700.0,23588277,0.011299435028248483,0.011236073266925752,54285.71428571428,55492.857142857145,54914.28571428572,0.015045180410191192,1200.0,-500.0,41.48387076817192,-1171.283995258651,-1149.4158052655646,-21.86818999308639,59231.91452772328,50358.08547227672,0.1619459632347215,0.3766034376864728,53466.666666666664,53640.0,55220.0,54795.0,1.0011185682326622,0.9800164248562825,-1155.0,0.011299435028248483,0.011299435028248483,0.0223463687150838,0.009398496240601503,0.012984197788135962,0.01912003793941272,24505208.8,29406250.95,-0.18674479221794105,0.8021517955521631,27.86742868979061,1759.1969479339914,-1032709294.0,24.63768115942029,32.76897726847171,-0.009328358208955279,0.0,-0.011070110701106972,0.0006570256064310683,0.0074487895716946,54100.0
2024-12-06,53900.0,54400.0,52700.0,54100.0,22861874,0.007448789571694592,0.007421184337616826,53971.42857142857,55307.142857142855,54761.90476190476,0.012468022831055069,1700.0,-200.0,43.18566113910631,-1132.5424599187536,-1146.0411361962024,13.498676277448794,58971.549429740495,50328.450570259505,0.1581536845284719,0.4363654160455794,53633.333333333336,53620.0,55030.0,54650.0,1.008951883625513,0.989935956084172,-1030.0,0.007448789571694592,0.007448789571694592,0.031423290203327174,0.0037105751391465678,0.009901801030541424,0.01947009054873563,24174877.4,29855474.85,-0.030795085202704686,0.7657514782418542,27.843570655059214,1754.9685945101348,-1009847420.0,30.434782608695652,29.210201100999885,0.011299435028248483,-0.009328358208955279,0.0,0.003139955463662599,-0.012939001848428836,53400.0
2024-12-09,53500.0,54600.0,53200.0,53400.0,26227680,-0.012939001848428888,-0.013023439886286736,53671.42857142857,55100.0,54590.47619047619,0.012328372018732069,1400.0,100.0,40.941681661055085,-1145.1233942260224,-1145.8575878021666,0.7341935761442073,58923.38948406941,50216.61051593059,0.15955248246543566,0.36562194764775324,53733.333333333336,53580.0,54580.0,54570.0,0.9966405375139977,0.9785596481583287,-990.0,-0.012939001848428888,0.012939001848428888,0.026217228464419477,-0.001869158878504673,0.010429775535404156,0.014534922083674481,25011440.0,29676292.55,0.14722353906770724,0.8837923388108667,27.967891924538677,1729.6136949022682,-1036075100.0,20.28985507246377,25.120772946859905,0.007448789571694592,0.011299435028248483,-0.009328358208955279,0.0019364075838380623,0.011235955056179775,54000.0
2024-12-10,54500.0,54500.0,53700.0,54000.0,20783970,0.011235955056179803,0.011173300598125255,53642.857142857145,55007.142857142855,54542.857142857145,0.010689390603746587,800.0,500.0,43.6447176728238,-1094.0671644755857,-1135.4995031368505,41.432338661264794,58920.110157708434,50319.889842291566,0.15745551657665446,0.42790882358111454,53833.333333333336,53660.0,54150.0,54620.0,1.0063361908311592,0.9886488465763457,-960.0,0.011235955056179803,0.011235955056179803,0.014814814814814815,-0.009174311926605505,0.011746643763537538,0.01508101443640607,24493313.4,28817347.0,-0.20755591039695465,0.721231208410684,27.746431900020763,1684.6412881235349,-1015291130.0,28.985507246376812,26.570048309178745,-0.012939001848428888,0.007448789571694592,0.011299435028248483,0.001915247593148502,0.0,54000.0
2024-12-11,53600.0,54200.0,53400.0,54000.0,14565947,0.0,0.0,53700.0,54835.71428571428,54590.47619047619,0.00962389362202137,800.0,-400.0,43.64471767282381,-1041.597842996176,-1116.7191711087157,75.12132811253969,58669.1751700595,50910.8248299405,0.14160157583717822,0.3981742296535834,53800.0,53840.0,53920.0,54790.0,1.0029717682020802,0.9855813104581128,-950.0,0.0,0.0,0.014814814814814815,0.007462686567164179,0.010231306558792395,0.011874217155452293,21605549.6,26919244.6,-0.29917397879230967,0.5410979103031739,27.390936290690597,1621.4526246861396,-1015291130.0,28.985507246376812,26.08695652173913,0.011235955056179803,-0.012939001848428888,0.007448789571694592,-0.0005676822640830285,0.03518518518518519,55900.0
2024-12-12,54000.0,56500.0,53900.0,55900.0,33476698,0.03518518518518521,0.03458033359677912,54028.57142857143,54828.57142857143,54842.857142857145,0.015849440843401265,2600.0,-1900.0,51.75434152387643,-837.0523877858577,-1060.785814444144,223.73342665828636,58235.52313446901,51944.47686553099,0.11419579359117847,0.6287544178461009,54633.333333333336,54280.0,53960.0,55090.0,1.0298452468680914,1.0147032129243057,-810.0,0.03518518518518521,0.03518518518518521,0.046511627906976744,0.03518518518518519,0.017692357139794467,0.016552863311269858,23583233.8,26167543.75,1.2982850342651941,1.2793213730654411,28.257679831820006,1691.348865779987,-981814432.0,56.52173913043478,38.16425120772947,0.0,0.011235955056179803,-0.012939001848428888,0.015473713413788337,0.0035778175313059034,56100.0
2024-12-13,55800.0,56300.0,55500.0,56100.0,15908823,0.003577817531305927,0.0035714323675971795,54457.142857142855,54700.0,55138.09523809524,0.014450107026694671,800.0,-300.0,52.52872847025623,-651.302502503866,-978.8891520560885,327.5866495522225,58303.12896430434,52136.87103569566,0.11166711207187041,0.642712161928419,55333.333333333336,54680.0,54150.0,55220.0,1.0259692757863936,1.0159362549800797,-540.0,0.003577817531305927,0.003577817531305927,0.0142602495543672,0.005376344086021506,0.017816947150395068,0.014188434405262962,22192623.6,24624260.65,-0.524779206121225,0.6460629712348338,27.51727551045953,1627.681089652845,-965905609.0,59.42028985507246,48.309178743961354,0.03518518518518521,0.0,0.011235955056179803,0.012921000905497046,-0.008912655971479501,55600.0
2024-12-16,56300.0,56600.0,55200.0,55600.0,15277277,-0.0089126559714795,-0.008952611272113938,54728.57142857143,54507.142857142855,55238.09523809524,0.01562861114362193,1400.0,700.0,50.35278324583652,-538.2357547472639,-890.7584725943236,352.52271784705977,58175.35056535312,52154.64943464688,0.10913987366457419,0.5722507213954622,55866.666666666664,55120.0,54350.0,55165.0,1.0087082728592163,1.007885434605275,-45.0,-0.0089126559714795,0.0089126559714795,0.025179856115107913,-0.012433392539964476,0.016724707158526142,0.013956076702493226,20002543.0,22983362.8,-0.03969784565457801,0.6647102572822807,27.4678155992555,1611.418154677642,-981182886.0,62.06896551724138,59.33699816758287,0.003577817531305927,0.03518518518518521,0.0,0.009950115581670546,-0.025179856115107913,54200.0
2024-12-17,54700.0,55200.0,54000.0,54200.0,20215230,-0.025179856115107868,-0.02550229281093612,54742.857142857145,54357.142857142855,55119.04761904762,0.019291778140746237,1200.0,500.0,44.76164965907082,-555.1978668496813,-823.6463514453952,268.4484845957139,58050.08889148023,52069.91110851977,0.10861201930549318,0.3561915663359657,55300.0,55160.0,54410.0,55060.0,0.9825960841189267,0.9843806756265892,100.0,-0.025179856115107868,0.025179856115107868,0.02214022140221402,-0.009140767824497258,0.02213535593062475,0.016709140876745146,19888795.0,22417142.7,0.3232220637224814,0.9017754970172894,27.722383026110766,1610.6025722006675,-1001398116.0,47.82608695652174,56.4384474429452,-0.0089126559714795,0.003577817531305927,0.03518518518518521,-0.01017156485176048,0.012915129151291513,54900.0
2024-12-18,54100.0,55400.0,54000.0,54900.0,13698937,0.012915129151291449,0.01283244006988436,54957.142857142855,54314.28571428572,55052.380952380954,0.01879251401045507,1400.0,-800.0,47.878039758762135,-506.3197738604067,-760.1810359283976,253.86126206799088,58028.680398825185,52051.319601174815,0.10860030518986864,0.47657829186837236,54900.0,55340.0,54590.0,55040.0,0.9920491507047343,0.9974563953488372,300.0,0.012915129151291449,0.012915129151291449,0.025500910746812388,0.014787430683918669,0.022744276102040304,0.016626471948124697,19715393.0,22058856.2,-0.32234572646465065,0.6210175575649294,27.34609742404607,1595.5595313291913,-987699179.0,63.04347826086956,57.646176911544224,-0.025179856115107868,-0.0089126559714795,0.003577817531305927,-0.0070591276450986395,-0.03278688524590164,53100.0
2024-12-19,53500.0,53800.0,53100.0,53100.0,22481925,-0.032786885245901676,-0.033336420267591836,54828.57142857143,54235.71428571428,54947.619047619046,0.023002554377259118,700.0,400.0,41.40867551566751,-605.8446893376386,-729.3137666102458,123.46907727260725,57911.53195533912,51838.46804466088,0.11067086853172178,0.20772578288217453,54066.666666666664,54780.0,54530.0,54875.0,0.9693318729463308,0.9676537585421412,-95.0,-0.032786885245901676,0.032786885245901676,0.013182674199623353,-0.007476635514018692,0.01910682399062225,0.019850125273563345,17516438.4,22228109.95,0.6411437617385933,1.0114186519038701,27.808154418227048,1610.1624219485348,-1010181104.0,23.91304347826087,44.92753623188406,0.012915129151291449,-0.025179856115107868,-0.0089126559714795,-0.015017204069906032,-0.0018832391713747645,53000.0
2024-12-20,52700.0,53100.0,51900.0,53000.0,24674774,-0.0018832391713747842,-0.001885014695771335,54685.71428571428,54192.857142857145,54785.71428571428,0.022980784770101067,1200.0,-300.0,41.076603751351634,-684.893045459823,-720.4296223801613,35.536576920338234,57823.30174195747,51626.69825804253,0.11323167627071605,0.22162169090248668,53666.666666666664,54160.0,54420.0,54725.0,0.9785819793205317,0.968478757423481,-565.0,-0.0018832391713747842,0.0018832391713747842,0.022641509433962263,0.0056925996204933585,0.018268817489395833,0.019629775756166874,19269628.6,22697771.5,0.09753831133232582,1.0871011720247514,27.899339176709017,1580.865106095068,-1034855878.0,23.404255319148938,36.78692568609312,-0.032786885245901676,0.012915129151291449,-0.025179856115107868,-0.00725166508866167,0.009433962264150943,53500.0
2024-12-23,53400.0,54000.0,53300.0,53500.0,13672650,0.009433962264151052,0.009389740349839137,54342.857142857145,54185.71428571428,54666.666666666664,0.017492289540245877,700.0,-100.0,43.515668292752025,-699.1344293679795,-716.1705837777249,17.03615440974545,57259.880836090524,51750.119163909476,0.101087270382186,0.31759646609139647,53200.0,53740.0,54430.0,54505.0,0.9955340528470413,0.9815613246491147,-765.0,0.009433962264151052,0.009433962264151052,0.013084112149532711,0.0018726591760299626,0.02053709117648961,0.01950369318804327,18948703.2,21569537.75,-0.4458855023353,0.6338870196696728,27.318344977955395,1539.3747413739918,-1021183228.0,34.04255319148936,27.11995066296639,-0.0018832391713747842,-0.032786885245901676,0.012915129151291449,-0.008412054051041803,0.016822429906542057,54400.0
2024-12-24,53700.0,54500.0,53600.0,54400.0,11634677,0.016822429906542036,0.01668249995993606,54100.0,54278.57142857143,54500.0,0.019327270111374507,900.0,-700.0,47.71132858135224,-630.5299930639158,-699.0424656349632,68.5124725710474,56407.51732945753,52212.48267054247,0.07724239843334667,0.5214539347866262,53633.333333333336,53780.0,54470.0,54310.0,1.0115284492376349,1.0016571533787517,-530.0,0.016822429906542036,0.016822429906542036,0.016544117647058824,0.01303538175046555,0.020082755488492275,0.019925324645376517,17232592.6,20990801.35,-0.14905471872680132,0.5542750277135083,27.17362002611305,1500.8479741329922,-1009548551.0,53.191489361702125,36.87943262411347,0.009433962264151052,-0.0018832391713747842,-0.032786885245901676,0.008124384333106102,-0.014705882352941176,53600.0
2024-12-26,54500.0,54600.0,53500.0,53600.0,10517075,-0.014705882352941124,-0.014815085785140587,53814.28571428572,54271.42857142857,54276.19047619047,0.019681402527650455,1100.0,900.0,44.54399606967302,-633.4122154118522,-685.916415590341,52.50420017848876,56071.11791772057,52278.88208227943,0.06999973854067634,0.34837440893675015,53833.333333333336,53520.0,54430.0,54175.0,1.0014947683109119,0.989386248269497,-655.0,-0.014705882352941124,0.014705882352941124,0.020522388059701493,-0.01651376146788991,0.01974765736612134,0.020533928232781554,16596220.2,20426235.75,-0.09605784500936299,0.5148807214760556,27.057815031848616,1472.215975980636,-1020065626.0,36.170212765957444,41.13475177304964,0.016822429906542036,0.009433962264151052,-0.0018832391713747842,0.0038501699392506548,0.0018656716417910447,53700.0
2024-12-27,53500.0,54100.0,53200.0,53700.0,10747196,0.001865671641791078,0.0018639334380627327,53742.857142857145,54242.857142857145,54152.380952380954,0.0175912154814426,900.0,-200.0,45.03518841305221,-620.4747860216376,-672.8280896766004,52.353303654962815,55884.736822867504,52285.263177132496,0.0665521613337341,0.39303991697336527,53900.0,53640.0,54210.0,54085.0,1.0011185682326622,0.9928815752981418,-445.0,0.001865671641791078,0.001865671641791078,0.01675977653631285,0.003738317757009346,0.01192353069174176,0.016371948743180258,14249274.4,19963538.85,0.02188070352260496,0.5383412270114624,27.08132372180339,1431.3434062677334,-1009318430.0,38.297872340425535,42.5531914893617,-0.014705882352941124,0.016822429906542036,0.009433962264151052,0.0013274063984639965,-0.00931098696461825,53200.0
2024-12-30,53300.0,54000.0,53100.0,53200.0,12624702,-0.009310986964618295,-0.009354605167220349,53500.0,54228.57142857143,54042.857142857145,0.016585475666561555,900.0,100.0,42.98508623645431,-643.1537255475705,-666.8932168507945,23.739491303223986,55876.36676926506,52193.63323073494,0.06815459495752987,0.27326624604687805,53500.0,53680.0,53920.0,54035.0,0.9910581222056631,0.9845470528361248,-355.0,-0.009310986964618295,0.009310986964618295,0.016917293233082706,-0.001876172607879925,0.012990972368365406,0.016225812316687974,11839260.0,19369097.4,0.17469728848343324,0.6517960924704731,27.23297960421795,1393.390305820038,-1021943132.0,27.659574468085108,34.04255319148936,0.001865671641791078,-0.014705882352941124,0.016822429906542036,-0.007383732558589447,0.0037593984962406013,53400.0
2025-01-02,52700.0,53600.0,52300.0,53400.0,16630538,0.003759398496240518,0.003752349618550372,53542.857142857145,54185.71428571428,54004.76190476191,0.01072413024915373,1300.0,-700.0,44.081621906271344,-637.638322320905,-661.0422379448166,23.403915623911644,55878.44629215443,52171.55370784557,0.06861439304597622,0.33139516838291966,53433.333333333336,53660.0,53700.0,54025.0,0.9951546775997018,0.988431281813975,-365.0,0.003759398496240518,0.003759398496240518,0.024344569288389514,0.013282732447817837,0.012278770558772129,0.016395353994807096,12430837.6,19098380.95,0.31730143016445056,0.8707826094546512,27.512317226767813,1386.7195696900353,-1005312594.0,31.914893617021278,32.6241134751773,-0.009310986964618295,0.001865671641791078,-0.014705882352941124,-0.0012286389421955664,0.018726591760299626,54400.0
2025-01-03,52800.0,55100.0,52800.0,54400.0,19318046,0.01872659176029967,0.018553407895747834,53742.857142857145,54214.28571428572,54042.857142857145,0.012504285512561117,2300.0,-1600.0,49.329066753709306,-546.2785240969315,-638.0894951752397,91.81097107830817,55914.35266057184,52215.64733942816,0.06841219497167644,0.5905722329608063,53666.666666666664,53660.0,53720.0,54065.0,1.013790532985464,1.0061962452603348,-405.0,0.01872659176029967,0.01872659176029967,0.042279411764705885,0.030303030303030304,0.012954092823359447,0.015938208510460877,13967511.4,18895553.1,0.16160078525421118,1.0223593825364128,27.68066967576241,1451.953886140747,-985994548.0,53.191489361702125,37.5886524822695,0.003759398496240518,-0.009310986964618295,0.001865671641791078,0.004391667763973965,0.027573529411764705,55900.0
2025-01-06,54400.0,56200.0,54300.0,55900.0,19034284,0.02757352941176472,0.027200226299156544,54085.71428571428,54214.28571428572,54152.380952380954,0.015339696571936089,1900.0,-1500.0,55.99913760827218,-348.81681866109284,-580.2349598724103,231.41814121131745,56167.24897824864,52242.75102175136,0.07240103231246701,0.9319023780338098,54566.666666666664,54120.0,53820.0,54205.0,1.032889874353289,1.0312701780278573,-85.0,0.02757352941176472,0.02757352941176472,0.03398926654740608,0.027573529411764705,0.014595367131067339,0.017776614937954953,15670953.2,18397029.0,-0.014688959742615748,1.0346390169847532,27.69307199131552,1483.9571799878368,-966960264.0,85.1063829787234,56.737588652482266,0.01872659176029967,0.003759398496240518,-0.009310986964618295,0.016686506556101637,-0.008944543828264758,55400.0
2025-01-07,56800.0,57300.0,55400.0,55400.0,17030235,-0.008944543828264706,-0.008984786407815297,54228.57142857143,54164.28571428572,54261.90476190476,0.015502457336132699,1900.0,1400.0,53.47237497028419,-230.02127373373514,-510.1922226446753,280.1709489109402,56306.66739162096,52273.33260837904,0.07429240713284074,0.7752065126386065,55233.333333333336,54460.0,54050.0,54290.0,1.0172603745868527,1.0204457542825567,170.0,-0.008944543828264706,0.008944543828264706,0.03429602888086643,-0.02464788732394366,0.01650392711679073,0.013740824456532845,16927561.0,18069126.9,-0.10528628237342685,0.9425045877562575,27.57283572445802,1513.67452427442,-983990499.0,64.81481481481481,67.70422905174678,0.02757352941176472,0.01872659176029967,0.003759398496240518,0.012451859114599895,0.03429602888086643,57300.0
2025-01-08,54800.0,57500.0,54700.0,57300.0,26593553,0.03429602888086647,0.033721029967455796,54757.142857142855,54285.71428571428,54433.333333333336,0.017177698333488502,2800.0,-2500.0,60.72461033372288,17.240435525403882,-404.7056910106595,421.9461265360634,56870.52625857008,52029.47374142992,0.08890821886391466,1.0887149519467791,56200.0,55280.0,54480.0,54450.0,1.0365412445730824,1.0523415977961432,830.0,0.03429602888086647,0.03429602888086647,0.04886561954624782,0.04562043795620438,0.017635024630841666,0.0164231871464385,19721331.2,18255710.85,0.5615493855487022,1.4567251430803636,28.05223527865839,1605.5549153976758,-957396946.0,96.42857142857143,82.11658974070322,-0.008944543828264706,0.02757352941176472,0.01872659176029967,0.017641671488122162,-0.020942408376963352,56100.0
2025-01-09,57600.0,57700.0,56100.0,56100.0,24490592,-0.020942408376963373,-0.021164811192043272,55100.0,54421.42857142857,54528.57142857143,0.020729832605619176,1600.0,1500.0,54.90389343870798,115.0410289845604,-300.75634701161556,415.79737599617596,57059.52281418073,52110.47718581927,0.09066676977853737,0.8061196266443776,56266.666666666664,55820.0,54740.0,54585.0,1.0050161232533141,1.0277548777136576,1235.0,-0.020942408376963373,0.020942408376963373,0.0285204991087344,-0.026041666666666668,0.023934844598552166,0.018761321996734796,21293342.0,18168856.45,-0.07907785018421565,1.347943502520215,27.94869069327959,1605.1581357264133,-981887538.0,72.41379310344827,77.88572644894484,0.03429602888086647,-0.008944543828264706,0.02757352941176472,0.0014696922252127969,-0.0142602495543672,55300.0
2025-01-10,56100.0,56500.0,55200.0,55300.0,16059223,-0.014260249554367221,-0.014362904000361536,55400.0,54450.0,54619.04761904762,0.021432536279695335,1300.0,800.0,51.36877191643836,126.53675287438091,-215.29772703441628,341.8344799087972,57128.11473333764,52171.88526666236,0.09069038365371063,0.6311480843190317,56233.333333333336,56000.0,54830.0,54650.0,0.9875,1.011893870082342,1350.0,-0.014260249554367221,0.014260249554367221,0.023508137432188065,-0.0142602495543672,0.025473735431214038,0.019140160247797248,20641577.4,17932619.1,-0.34426970977263427,0.895531372770863,27.512322071753058,1583.3611260316695,-997946761.0,58.62068965517241,75.82101806239737,-0.020942408376963373,0.03429602888086647,-0.008944543828264706,-0.00030220968348804167,-0.0216998191681736,54100.0
2025-01-13,54600.0,55000.0,54100.0,54100.0,16868600,-0.02169981916817365,-0.021938722675853332,55500.0,54521.42857142857,54623.80952380953,0.023851049253056957,900.0,500.0,46.52924254790353,38.37486415130843,-164.56320879727136,202.9380729485798,57127.99094428841,52182.00905571159,0.09049459131967465,0.3877877007027014,55166.666666666664,55640.0,54880.0,54655.0,0.9723220704529115,0.9898453938340499,985.0,-0.02169981916817365,0.02169981916817365,0.0166358595194085,-0.009157509157509158,0.023291365242166493,0.01992234195774128,20208440.6,18047751.75,0.05039951185683145,0.9346648953102982,27.539553928362295,1555.978188457979,-1014815361.0,37.93103448275862,56.32183908045977,-0.014260249554367221,-0.020942408376963373,0.03429602888086647,-0.018967492366501415,-0.0036968576709796672,53900.0
2025-01-14,54200.0,54600.0,53700.0,53900.0,17465926,-0.003696857670979714,-0.0037037079374844144,55428.57142857143,54585.71428571428,54619.04761904762,0.02271113419531176,900.0,300.0,45.7555276705112,-47.08957703230408,-141.06848244427792,93.97890541197384,56977.24341425484,52132.75658574516,0.08880005184693748,0.36479476089286844,54433.333333333336,55340.0,54900.0,54555.0,0.9739790386700398,0.9879937677573092,785.0,-0.003696857670979714,0.003696857670979714,0.016697588126159554,-0.005535055350553505,0.023261195752819343,0.01997636693417835,20295578.8,17247213.15,0.03541052606618211,1.0126810545041591,27.57064821204206,1509.1226035681234,-1032281287.0,29.62962962962963,42.06045125585356,-0.02169981916817365,-0.014260249554367221,-0.020942408376963373,-0.013218975464506863,-0.0037105751391465678,53700.0
2025-01-15,54100.0,54700.0,53500.0,53700.0,18625025,-0.0037105751391465214,-0.00371747640013242,55114.28571428572,54600.0,54514.28571428572,0.018932407775265177,1200.0,400.0,44.95056670691649,-129.46667964588414,-138.7481218845992,9.281442238715044,56771.2362894207,52098.7637105793,0.0858358148037367,0.3426957060532923,53900.0,54620.0,54950.0,54435.0,0.9831563529842549,0.9864976577569579,185.0,-0.0037105751391465214,0.0037105751391465214,0.0223463687150838,-0.0073937153419593345,0.008847366273326001,0.019746373319165067,18701873.2,17383023.25,0.06636344388496784,1.0714491220622397,27.631184945008833,1487.0424175989717,-1050906312.0,25.925925925925927,31.162196679438058,-0.003696857670979714,-0.02169981916817365,-0.014260249554367221,-0.009702417326099963,0.0111731843575419,54300.0
2025-01-16,54200.0,55000.0,54100.0,54300.0,18627298,0.011173184357541999,0.011111225425070849,54957.142857142855,54592.857142857145,54428.57142857143,0.019858643775827422,900.0,-100.0,47.911180156171504,-144.6684930366173,-139.93219611500282,-4.736296921614468,56641.192591895255,52098.807408104745,0.08354580069506179,0.48458959397591495,53966.666666666664,54260.0,55040.0,54370.0,1.0007371913011427,0.9987125252896818,-110.0,0.011173184357541999,0.011173184357541999,0.016574585635359115,0.0018450184501845018,0.012442037923910507,0.0199945093989478,17529214.4,17550524.3,0.00012204010464422765,1.0613527938877587,27.642418203092248,1473.682244913331,-1032279014.0,37.03703703703704,30.8641975308642,-0.0037105751391465214,-0.003696857670979714,-0.02169981916817365,0.0012552505158052545,-0.011049723756906077,53700.0
2025-01-17,53800.0,54100.0,53200.0,53700.0,18805344,-0.011049723756906049,-0.011111225425070722,54442.857142857145,54600.0,54338.09523809524,0.011608325492414405,900.0,100.0,45.28817948542514,-202.7933497611375,-152.50442684422978,-50.28892291690772,56635.001149162184,52054.998850837816,0.08427642466325087,0.35917037634763227,53900.0,53940.0,54970.0,54345.0,0.9955506117908788,0.9881313828319073,-405.0,-0.011049723756906049,0.011049723756906049,0.01675977653631285,-0.0018587360594795538,0.01201292728377366,0.019410858645626722,18078438.6,17480030.0,0.009558337446472276,1.075818748594825,27.640819923224385,1446.9906559909505,-1051084358.0,25.925925925925927,29.62962962962963,0.011173184357541999,-0.0037105751391465214,-0.003696857670979714,-0.0011957048461701907,-0.00558659217877095,53400.0
2025-01-20,53600.0,53900.0,53300.0,53400.0,11822531,-0.005586592178770999,-0.005602255548669898,54057.142857142855,54578.57142857143,54300.0,0.010375255402697644,600.0,200.0,43.99134816050673,-269.95335602950945,-175.99421268128572,-93.95914334822373,56581.61825295066,51958.38174704934,0.08518954313435277,0.3118201396598488,53800.0,53800.0,54720.0,54270.0,0.9925650557620818,0.9839690436705362,-470.0,-0.005586592178770999,0.005586592178770999,0.011235955056179775,-0.0037313432835820895,0.008253049359656666,0.016590820460787283,17069224.8,17386209.7,-0.37132067352769516,0.6799947316866884,27.17108370056544,1386.4913234201683,-1062906889.0,20.37037037037037,27.777777777777782,-0.011049723756906049,0.011173184357541999,-0.0037105751391465214,-0.00182104385937835,0.0018726591760299626,53500.0
2025-01-21,53700.0,54300.0,53300.0,53500.0,13535702,0.001872659176029856,0.0018709079358116025,53800.0,54600.0,54233.333333333336,0.010281178933586954,1000.0,200.0,44.561218085285596,-311.5179950599486,-203.0989691570183,-108.41902590293029,56565.63756248567,52014.36243751433,0.0838326602499785,0.3264222710542079,53533.333333333336,53720.0,54530.0,54290.0,0.9959046909903202,0.9854485172223245,-570.0,0.001872659176029856,0.001872659176029856,0.018691588785046728,-0.0037243947858473,0.008437425809693928,0.016617267160042658,16283180.0,16938898.55,0.14490729607729502,0.7990898558159202,27.308278278104847,1358.8848003187277,-1049371187.0,22.22222222222222,22.839506172839506,-0.005586592178770999,-0.011049723756906049,0.011173184357541999,-0.0049212189198823975,0.014953271028037384,54300.0
2025-01-22,53400.0,54400.0,53100.0,54300.0,18341991,0.01495327102803734,0.014842573037928849,53828.57142857143,54664.28571428572,54290.47619047619,0.009378149087349533,1300.0,-900.0,49.02925043629242,-276.71515674977854,-217.82220667557036,-58.89295007420819,56548.26720958432,52161.73279041568,0.08070158070405015,0.4874616280771316,53733.333333333336,53840.0,54230.0,54355.0,1.0085438335809807,0.9989881335663693,-515.0,0.01495327102803734,0.01495327102803734,0.02394106813996317,0.016853932584269662,0.010947956250692099,0.01231607091872984,16226573.2,16622259.4,0.3550823592304264,1.1034595573691985,27.626983085346804,1354.6787431531043,-1031029196.0,30.612244897959183,24.401612496850593,0.001872659176029856,-0.005586592178770999,-0.011049723756906049,0.003746446008432066,-0.011049723756906077,53700.0
2025-01-23,53700.0,54100.0,53500.0,53700.0,15588067,-0.011049723756906049,-0.011111225425070722,53800.0,54614.28571428572,54323.80952380953,0.010307043928624193,600.0,0.0,46.03274254105203,-294.1577745210234,-233.089320244661,-61.06845427636239,56543.62825021567,52186.37174978433,0.08014819277901843,0.34738102979841334,53833.333333333336,53720.0,53990.0,54365.0,0.9996276991809382,0.987767865354548,-645.0,-0.011049723756906049,0.011049723756906049,0.0111731843575419,0.0,0.01094213842887636,0.011272649526611963,15618727.0,16718030.25,-0.1501431333163341,0.9324105033246964,27.453184524107737,1315.0588329278826,-1046617263.0,13.043478260869565,21.95931512701699,0.01495327102803734,0.001872659176029856,-0.005586592178770999,0.0019254021490537159,0.0,53700.0
2025-01-24,53600.0,53800.0,53200.0,53700.0,11867631,0.0,0.0,53800.0,54457.142857142855,54333.333333333336,0.010210823746261893,600.0,-100.0,46.03274254105203,-304.4714177945498,-247.36573975463878,-57.105678039911,56528.65987891809,52131.34012108191,0.08093723095593938,0.35673091003279517,53900.0,53720.0,53830.0,54330.0,0.9996276991809382,0.988404196576477,-610.0,0.0,0.0,0.0111731843575419,0.0018656716417910447,0.009752004709150741,0.010763915183968744,14231184.4,16729677.95,-0.23867205600283858,0.7093759387041877,27.180493448395875,1263.9832020044626,-1046617263.0,13.043478260869565,18.899733806566104,-0.011049723756906049,0.01495327102803734,0.001872659176029856,0.0013011824237104304,-0.024208566108007448,52400.0
2025-01-31,52200.0,53000.0,51700.0,52400.0,42186279,-0.02420856610800748,-0.024506410187822555,53528.57142857143,54242.857142857145,54238.09523809524,0.012392467382321732,1300.0,-200.0,39.904407408113954,-412.78585149552237,-280.4497621028155,-132.33608939270687,56613.277057547246,51926.722942452754,0.0863562578790214,0.10098615014876523,53266.666666666664,53520.0,53660.0,54270.0,0.9790732436472347,0.9655426570849457,-750.0,-0.02420856610800748,0.02420856610800748,0.02480916030534351,0.0038314176245210726,0.014725045487228992,0.01126870055606822,20303934.0,18313138.15,2.554734639120478,2.3036073148391556,28.424267454265554,1316.5558304327153,-1088803542.0,11.666666666666666,12.584541062801932,0.0,-0.011049723756906049,0.01495327102803734,-0.01175276328830451,-0.026717557251908396,51000.0
2025-02-03,51100.0,51400.0,50800.0,51000.0,32344897,-0.026717557251908386,-0.027080958602670697,53142.857142857145,53792.857142857145,54114.28571428572,0.014901956307491662,600.0,100.0,34.56725167476149,-604.6243867142839,-345.2846870251092,-259.3396996891747,56891.25604188495,51378.74395811505,0.10182898464523704,-0.06870623635096514,52366.666666666664,53020.0,53370.0,54135.0,0.961901169370049,0.9420892213909671,-1115.0,-0.026717557251908386,0.026717557251908386,0.011764705882352941,-0.0019569471624266144,0.017344701753356385,0.013523211797347001,24065773.0,19393023.2,-0.2332839547190213,1.6678625434738819,28.131547734744228,1336.8018425446642,-1121148439.0,2.898550724637681,9.202898550724639,-0.02420856610800748,0.0,-0.011049723756906049,-0.016975374453305287,0.03333333333333333,52700.0
2025-02-04,51600.0,53600.0,51500.0,52700.0,27214851,0.03333333333333344,0.03278982282299097,53042.857142857145,53550.0,54066.666666666664,0.021336599507820447,2100.0,-1100.0,44.30790589745434,-612.4223913818132,-398.71222789645003,-213.71016348536318,56910.67660998025,51309.32339001975,0.1035178935494455,0.2482751141321625,52033.333333333336,52700.0,53270.0,54110.0,1.0,0.9739419700609869,-1410.0,0.03333333333333344,0.03333333333333344,0.03984819734345351,0.02131782945736434,0.024336245219642838,0.018283218814372948,25840345.0,20122530.65,-0.15860449331466409,1.3524566801939497,27.991644109443683,1427.0302823629027,-1093933588.0,33.333333333333336,15.96618357487923,-0.026717557251908386,-0.02420856610800748,0.0,-0.005864263342194143,0.003795066413662239,52900.0
2025-02-05,53600.0,53800.0,52800.0,52900.0,15974885,0.00379506641366234,0.0037878833169371563,52957.142857142855,53378.57142857143,54052.380952380954,0.021405033755535555,1000.0,700.0,45.33885551794635,-595.5983506924749,-438.089452455655,-157.5088982368199,56921.06473090813,51248.93526909187,0.10487435447566358,0.29108375294019595,52200.0,52540.0,53130.0,54085.0,1.0068519223448802,0.9780900434501248,-1545.0,0.00379506641366234,0.00379506641366234,0.01890359168241966,-0.013059701492537313,0.024430108182989536,0.017848452390400237,25917708.6,20089748.0,-0.41300854448918345,0.7951759773193771,27.46268697730149,1403.6709764798384,-1077958703.0,50.0,28.743961352657006,0.03333333333333344,-0.026717557251908386,-0.02420856610800748,0.003470280831695797,0.020793950850661626,54000.0
2025-02-06,53400.0,54000.0,53200.0,54000.0,16466025,0.020793950850661602,0.020580707700020663,52914.28571428572,53371.42857142857,54080.95238095238,0.022233994467933112,800.0,-600.0,50.739998657785065,-487.88038889094605,-448.0476397427133,-39.83274914823278,56897.35070680205,51232.64929319795,0.10477575906046603,0.48852543227717193,53200.0,52600.0,53160.0,54065.0,1.026615969581749,0.9987977434569499,-1465.0,0.020793950850661602,0.020793950850661602,0.014814814814814815,0.011235955056179775,0.026683305321761133,0.018953259798714067,26837387.4,19947146.95,0.030744509271897646,0.8254827139577473,27.513549050666985,1381.9801924455644,-1061492678.0,76.19047619047619,53.17460317460317,0.00379506641366234,0.03333333333333344,-0.026717557251908386,0.019307450199219128,-0.005555555555555556,53700.0
2025-02-07,53900.0,54200.0,53600.0,53700.0,14476866,-0.005555555555555536,-0.00557104504945536,52914.28571428572,53357.142857142855,54047.619047619046,0.021901541316750584,600.0,200.0,49.30897698357235,-421.85770783401676,-442.80965336097404,20.951945526957275,56655.07797158487,51254.92202841513,0.10008629308071057,0.45277914143895587,53533.333333333336,52860.0,53190.0,53955.0,1.0158910329171396,0.9952738393105366,-1095.0,-0.005555555555555536,0.005555555555555536,0.0111731843575419,-0.0037105751391465678,0.023297088956408512,0.018952115089112393,21295504.8,19719276.05,-0.12080383699162367,0.7341479455580723,27.379230765530245,1326.1244644137385,-1075969544.0,69.04761904761905,65.07936507936508,0.020793950850661602,0.00379506641366234,0.03333333333333344,0.0063444872362561355,0.035381750465549346,55600.0
2025-02-10,53000.0,55900.0,52900.0,55600.0,27577591,0.035381750465549366,0.0347701997417177,53185.71428571428,53492.857142857145,54033.333333333336,0.025541868637380113,3000.0,-2600.0,57.48678228619458,-213.7560892528345,-396.99894053934617,183.24285128651167,56688.987015968356,51241.012984031644,0.10095384104394908,0.8001115626497893,54433.333333333336,53780.0,53400.0,53965.0,1.0338415767943474,1.030297414991198,-185.0,0.035381750465549366,0.035381750465549366,0.0539568345323741,0.04905660377358491,0.018032422521465048,0.021909798125897485,20342043.6,20246643.85,0.904942064118021,1.3620820914474672,28.05845256085105,1445.6870026699,-1048391953.0,94.11764705882354,79.78524743230626,-0.005555555555555536,0.020793950850661602,0.00379506641366234,0.016873381920218478,0.0017985611510791368,55700.0
2025-02-11,55500.0,56300.0,55000.0,55700.0,24596196,0.0017985611510791255,0.0017969456767016347,53657.142857142855,53592.857142857145,54047.619047619046,0.022199258866079225,1300.0,-200.0,57.872001217697964,-40.30033578606526,-325.65921958869,285.35888380262475,56269.401061285396,51500.598938714604,0.08849962183484815,0.880598723400492,55000.0,54380.0,53540.0,53885.0,1.0242736300110336,1.0336828430917695,495.0,0.0017985611510791255,0.0017985611510791255,0.02333931777378815,0.0036036036036036037,0.01658885578121241,0.02157630082668476,19818312.6,20146776.0,-0.10810933413291968,1.2208502243733688,27.945837780715262,1435.2807881934787,-1023795757.0,89.0909090909091,84.08539173245056,0.035381750465549366,-0.005555555555555536,0.020793950850661602,0.010541585353690985,0.0017953321364452424,55800.0
2025-02-12,55100.0,55900.0,54500.0,55800.0,26428596,0.0017953321364452268,0.0017937224540269007,54342.857142857145,53742.857142857145,53976.19047619047,0.01634892287260804,1400.0,-700.0,58.279120603610295,104.03451762277837,-239.72047214639636,343.7549897691747,56198.85786328293,51541.14213671707,0.08646214454363951,0.9143662072358786,55700.0,54960.0,53750.0,53870.0,1.01528384279476,1.0358269909040283,1090.0,0.0017953321364452268,0.0017953321364452268,0.025089605734767026,0.012704174228675136,0.016835576090735733,0.021038660758457364,21909054.8,20243676.2,0.07449932501757583,1.3055235491269122,28.019486312086663,1432.7607318939445,-997367161.0,90.9090909090909,91.37254901960785,0.0017985611510791255,0.035381750465549366,-0.005555555555555536,0.012991881251024573,0.0,55800.0
2025-02-13,56100.0,56400.0,55600.0,55800.0,22448377,0.0,0.0,54785.71428571428,53914.28571428572,53961.90476190476,0.01424568385988226,800.0,300.0,58.279120603610295,215.93180143172503,-148.5900174307721,364.5218188624971,56298.04631227816,51491.95368772184,0.08917511131934905,0.8963718864398423,55766.666666666664,55320.0,53960.0,53895.0,1.0086767895878526,1.0353465070971333,1425.0,0.0,0.0,0.014336917562724014,-0.0053475935828877,0.016323373151754,0.021038660758457364,23105525.2,20563133.9,-0.1506027410612354,1.0916807286850376,27.856258023922766,1387.5635367586626,-997367161.0,89.28571428571429,89.76190476190476,0.0017953321364452268,0.0017985611510791255,0.035381750465549366,0.0011979644291747842,0.0035842293906810036,56000.0
2025-02-14,56000.0,57300.0,56000.0,56000.0,23979779,0.0035842293906809264,0.0035778213478839024,55228.57142857143,54092.857142857145,53995.23809523809,0.014256659324187713,1300.0,0.0,59.1938156007647,317.0942682172972,-55.453160301158235,372.54742851845543,56570.81994314862,51409.18005685138,0.09560362819591113,0.889411125974907,55866.666666666664,55780.0,54320.0,53990.0,1.0039440659734673,1.037229116503056,1790.0,0.0035842293906809264,0.0035842293906809264,0.023214285714285715,0.0,0.015074021076203023,0.01858469746802046,25006107.8,20918692.85,0.06821882936124957,1.1463325730699276,27.925828461225862,1395.5947127044724,-973387382.0,80.0,86.73160173160174,0.0,0.0017953321364452268,0.0017985611510791255,0.0017931871757087177,0.0,56000.0
2025-02-17,56100.0,56500.0,55700.0,56000.0,11916027,0.0,0.0,55514.28571428572,54214.28571428572,54085.71428571428,0.013356065686248333,800.0,100.0,59.1938156007647,392.73900124624925,34.18527200832327,358.55372923792595,56826.858823509225,51363.141176490775,0.10100226725239762,0.8486636980663813,55933.333333333336,55860.0,54820.0,54095.0,1.0025062656641603,1.03521582401331,1765.0,0.0,0.0,0.014285714285714285,-0.0017825311942959,0.0014999709149407037,0.014752898029595587,21873795.0,20641197.9,-0.5030801993629717,0.5772933847022512,27.226501828392554,1353.0522332255814,-973387382.0,80.0,83.09523809523809,0.0035842293906809264,0.0,0.0017953321364452268,0.0011947431302269755,0.01607142857142857,56900.0
2025-02-18,56200.0,57200.0,55900.0,56900.0,22131007,0.016071428571428514,0.015943650397135946,55971.42857142857,54442.857142857145,54228.57142857143,0.012934388479382861,1300.0,-700.0,63.38350216808989,519.3240313829374,131.2130238832461,388.11100749969125,57251.47160928806,51258.52839071194,0.11045881888445536,0.9413524212612898,56300.0,56100.0,55240.0,54255.0,1.014260249554367,1.0487512671643167,1845.0,0.016071428571428514,0.016071428571428514,0.022847100175746926,0.012455516014234875,0.006751513513465803,0.01248971751827679,21380757.2,20816497.0,0.8572471344685606,1.0631475122831666,27.86154083494812,1349.2627879951829,-951256375.0,93.84615384615384,84.61538461538463,0.0,0.0035842293906809264,0.0,0.006551885987369814,0.03163444639718805,58700.0
2025-02-19,57400.0,58900.0,57300.0,58700.0,25395151,0.03163444639718804,0.03114438570176552,56414.28571428572,54800.0,54466.666666666664,0.011710973171888293,1600.0,-1300.0,70.01453294295271,756.1718580554661,256.2047907176901,499.96706733777603,58071.41634496369,50878.58365503631,0.13203914988393542,1.087390278925375,57200.0,56680.0,55820.0,54475.0,1.0356386732533522,1.0775585130793943,2205.0,0.03163444639718804,0.03163444639718804,0.027257240204429302,0.02264808362369338,0.013654127164255042,0.014454304176745307,21174068.2,21154889.65,0.14749188773922484,1.2004388309347669,28.030263814069038,1395.7440174240985,-925861224.0,97.53086419753086,90.45900601456157,0.016071428571428514,0.0,0.0035842293906809264,0.015901958322872185,-0.005110732538330494,58400.0
2025-02-20,59100.0,59100.0,58100.0,58400.0,21589059,-0.005110732538330498,-0.005123836999869395,56800.0,55228.57142857143,54661.90476190476,0.012558852261391851,1000.0,700.0,67.81041871271232,909.1874275788941,386.80131808993093,522.3861094889633,58687.25110042044,50732.74889957956,0.1453939353105627,0.9638882367283679,58000.0,57200.0,56260.0,54710.0,1.020979020979021,1.0674465362822154,2490.0,-0.005110732538330498,0.005110732538330498,0.017123287671232876,-0.011844331641285956,0.014760491406374662,0.014733101062628484,21002204.6,21294075.4,-0.1498747536488364,1.0138528484782205,27.862768385365197,1367.4765876080914,-947450283.0,91.56626506024097,94.31442770130856,0.03163444639718804,0.016071428571428514,0.0,0.014198380810095354,-0.003424657534246575,58200.0
2025-02-21,58400.0,58500.0,57100.0,58200.0,22198428,-0.003424657534246589,-0.0034305350967892482,57142.857142857145,55742.857142857145,54876.19047619047,0.01304898611134707,1400.0,200.0,66.31166841716296,1002.7558945550481,509.9922333829544,492.76366117209375,59166.50890766605,50733.49109233395,0.15346711219894638,0.8853899127416952,58433.333333333336,57640.0,56710.0,54950.0,1.0097154753643303,1.0591446769790718,2690.0,-0.003424657534246589,0.003424657534246589,0.024054982817869417,-0.003424657534246575,0.0157322241282832,0.014529910701655616,20645934.4,21812870.25,0.028225824942161637,1.017675699968921,27.887172667244798,1369.799688493228,-969648711.0,88.15789473684211,92.41834133153797,-0.005110732538330498,0.03163444639718804,0.016071428571428514,0.007699685441536985,-0.015463917525773196,57300.0
2025-02-24,57300.0,57700.0,57200.0,57300.0,14138471,-0.015463917525773141,-0.015584731016698203,57357.142857142855,56071.42857142857,55061.90476190476,0.015369643091095049,500.0,0.0,59.89618730003525,992.842233131174,606.5622333325983,386.27999979857566,59423.333674654255,50856.666325345745,0.15536212095227622,0.7521400577290248,57966.666666666664,57900.0,56880.0,55140.0,0.9896373056994818,1.0391730141458106,2760.0,-0.015463917525773141,0.015463917525773141,0.008726003490401396,0.0,0.01886537409804026,0.012736334545144471,21090423.2,21843008.7,-0.3630868365994204,0.647276718797443,27.420465982333823,1343.385425029426,-983787182.0,71.42857142857143,83.71757707521817,-0.003424657534246589,-0.005110732538330498,0.03163444639718804,-0.007999769199450077,-0.0017452006980802793,57200.0
2025-02-25,56600.0,57800.0,56500.0,57200.0,14625181,-0.0017452006980802626,-0.0017467253349416486,57528.57142857143,56378.57142857143,55238.09523809524,0.015512956029286628,1300.0,-600.0,59.21072772284638,965.7834700995809,678.4064806859949,287.376989413586,59644.27323735285,50925.72676264715,0.15770184452755173,0.7196467043624543,57566.666666666664,57960.0,57030.0,55285.0,0.9868875086266391,1.0346386904223568,2675.0,-0.0017452006980802626,0.0017452006980802626,0.022727272727272728,0.01060070671378092,0.017845351367485933,0.012825203635091136,19589258.0,21657168.2,0.03442451450372541,0.6753044010620004,27.45256450444307,1340.2864660987527,-998412363.0,69.35483870967742,76.31376829169699,-0.015463917525773141,-0.003424657534246589,-0.005110732538330498,-0.006877925252699997,-0.01048951048951049,56600.0
2025-02-26,57000.0,57100.0,56100.0,56600.0,18117091,-0.010489510489510523,-0.010544913176614998,57614.28571428572,56564.28571428572,55347.619047619046,0.016345742012368974,1000.0,400.0,55.133769243545395,885.7142572389348,719.8680359965829,165.84622124235193,59760.11486416332,51099.88513583668,0.15623723125251016,0.6351003422199138,57033.333333333336,57540.0,57110.0,55430.0,0.983663538408064,1.021107703409706,2110.0,-0.010489510489510523,0.010489510489510523,0.0176678445229682,-0.007017543859649123,0.0056452489727929645,0.013495938942940343,18133646.0,21783619.4,0.23876012201148145,0.831684150706379,27.656130569044446,1323.1231470916991,-1016529454.0,59.67741935483871,66.82027649769586,-0.0017452006980802626,-0.015463917525773141,-0.003424657534246589,-0.009232876237787976,-0.00530035335689046,56300.0
2025-02-27,56500.0,57100.0,56200.0,56300.0,14975356,-0.005300353356890497,-0.00531445006349259,57528.57142857143,56750.0,55471.42857142857,0.015150988039166475,900.0,200.0,53.16271870538314,788.9567342599112,733.6857756492485,55.27095861066266,59827.08331299097,51292.91668700903,0.15360271105079099,0.5867102826123758,56700.0,57120.0,57160.0,55560.0,0.9856442577030813,1.0133189344852411,1560.0,-0.005300353356890497,0.005300353356890497,0.015985790408525755,-0.0035398230088495575,0.005627921942358047,0.013664667323036476,16810905.4,21939005.65,-0.17341277360697693,0.6825904618881394,27.46036628876711,1292.9000651565777,-1031504810.0,54.83870967741935,61.29032258064516,-0.010489510489510523,-0.0017452006980802626,-0.015463917525773141,-0.005845021514827094,-0.03197158081705151,54500.0
2025-02-28,55400.0,55700.0,54500.0,54500.0,28036698,-0.03197158081705154,-0.032493833476446334,56928.57142857143,56671.42857142857,55509.52380952381,0.010738539652607485,1200.0,900.0,43.18653626714144,560.568854612422,699.0623914418832,-138.49353682946116,59701.81740197003,51628.18259802997,0.14503969826533838,0.3557031587022661,55800.0,56380.0,57010.0,55665.0,0.9666548421426038,0.9790712296775352,715.0,-0.03197158081705154,0.03197158081705154,0.022018348623853212,-0.016245487364620937,0.011813649079566023,0.017103594507627072,17978559.4,21231526.6,0.8721890818488722,1.3205220014654997,28.05498083350599,1329.1214890739652,-1059541508.0,0.0,38.17204301075269,-0.005300353356890497,-0.010489510489510523,-0.0017452006980802626,-0.015920481554484184,0.0,54500.0
2025-03-04,53900.0,55000.0,53800.0,54500.0,18553933,0.0,0.0,56371.42857142857,56585.71428571428,55609.52380952381,0.011332664026844562,1200.0,-600.0,43.18653626714144,375.2442326138189,634.2987596762704,-259.0545270624515,59285.4546717005,52394.5453282995,0.12340453695202362,0.30554090422286057,55100.0,55820.0,56860.0,55840.0,0.9763525618058043,0.9760028653295129,-20.0,0.0,0.0,0.022018348623853212,0.011131725417439703,0.012972756978036428,0.017103594507627072,18861651.8,20541978.4,-0.33822688392192257,0.9032203538876276,27.64214832675999,1319.898525568682,-1059541508.0,13.20754716981132,22.682085615743556,-0.03197158081705154,-0.005300353356890497,-0.010489510489510523,-0.012423978057980678,-0.009174311926605505,54000.0
2025-03-05,55100.0,55400.0,54000.0,54000.0,16578817,-0.00917431192660545,-0.009216655104923952,55771.42857142857,56457.142857142855,55752.380952380954,0.010990233647859194,1400.0,1100.0,40.72457814922841,185.8845517589143,544.6159180927992,-358.7313663338849,59143.891948280696,52666.108051719304,0.11587127978823704,0.2059179450226438,54333.333333333336,55180.0,56570.0,55905.0,0.9786154403769481,0.9659243359270191,-725.0,-0.00917431192660545,0.00917431192660545,0.025925925925925925,-0.019963702359346643,0.012207963380401492,0.015862851546383408,19252379.0,20010176.7,-0.10645268579982481,0.8285192703970475,27.520375679648016,1325.6200594566335,-1076120325.0,3.7735849056603774,5.660377358490567,0.0,-0.03197158081705154,-0.005300353356890497,-0.013715297581218996,0.005555555555555556,54300.0
2025-03-06,54100.0,54500.0,54000.0,54300.0,12258101,0.005555555555555536,0.005540180375615351,55342.857142857145,56350.0,55828.57142857143,0.012253234088238387,500.0,-200.0,42.83045493570831,59.33910890383413,447.5605562550062,-388.22144735117206,58993.452025721934,52956.547974278066,0.10785000538533038,0.22253990029883208,54266.666666666664,54720.0,56130.0,55975.0,0.9923245614035088,0.9700759267530147,-1255.0,0.005555555555555536,0.005555555555555536,0.009208103130755065,0.0036968576709796672,0.01441265249578835,0.010330870732926073,18080581.0,19824337.5,-0.2606166652300945,0.6183359721352605,27.22397708843445,1266.6471980668741,-1063862224.0,9.433962264150944,8.80503144654088,-0.00917431192660545,0.0,-0.03197158081705154,-0.0012062521236833046,-0.011049723756906077,53700.0
2025-03-07,53500.0,54200.0,53400.0,53700.0,14274992,-0.011049723756906049,-0.011111225425070722,54842.857142857145,56185.71428571428,55866.666666666664,0.012005890693547024,800.0,-200.0,39.786040951247685,-88.34565810688946,340.37931338262706,-428.7249714895165,59022.43796929756,52897.56203070244,0.10945096387768276,0.1310129343585725,54000.0,54200.0,55660.0,55960.0,0.9907749077490775,0.959614010007148,-1760.0,-0.011049723756906049,0.011049723756906049,0.0148975791433892,0.003738317757009346,0.014354890411562762,0.010335392606474382,17940508.2,19714785.85,0.16453535502766692,0.7240754278850053,27.365188033584136,1240.4581124906688,-1078137216.0,5.2631578947368425,6.156901688182721,0.005555555555555536,-0.00917431192660545,0.0,-0.004889493375985321,0.0,53700.0
2025-03-10,53500.0,54800.0,53500.0,53700.0,12921670,0.0,0.0,54428.57142857143,56021.42857142857,55852.380952380954,0.012436513326341334,1300.0,-200.0,39.786040951247685,-203.04630852147966,231.69418900180574,-434.7404975232854,59022.43796929756,52897.56203070244,0.10945096387768276,0.1310129343585725,53900.0,54040.0,55210.0,55960.0,0.9937083641746854,0.959614010007148,-1920.0,0.0,0.0,0.024208566108007448,0.003738317757009346,0.006965912181986727,0.010569215788221861,14917502.6,19637026.05,-0.09480369586196613,0.658025811398259,27.26558458543011,1244.7111044556211,-1078137216.0,5.2631578947368425,6.653426017874875,-0.011049723756906049,0.005555555555555536,-0.00917431192660545,-0.0018313894004501712,-0.00186219739292365,53600.0
2025-03-11,52500.0,54100.0,52500.0,53600.0,17740891,-0.0018621973929237035,-0.0018639334380627533,54042.857142857145,55785.71428571428,55847.619047619046,0.01260544565061556,1600.0,-1100.0,39.24681160724199,-298.5747804016137,125.64039512112186,-424.21517552273554,59097.542927982926,52622.457072017074,0.11591632395212767,0.15096987896805444,53666.666666666664,53860.0,54840.0,55860.0,0.9951726698848867,0.9595417114214106,-2000.0,-0.0018621973929237035,0.0018621973929237035,0.029850746268656716,0.02095238095238095,0.006818058947233455,0.01037012188495475,14754894.2,19145191.05,0.3729565141347828,0.9266499850363206,27.580687106123538,1270.088882708791,-1095878107.0,16.666666666666668,9.064327485380117,0.0,-0.011049723756906049,0.005555555555555536,-0.004303973716609917,0.024253731343283583,54900.0
2025-03-12,53800.0,55300.0,53600.0,54900.0,17973221,0.02425373134328357,0.02396428043872863,54100.0,55514.28571428572,55814.28571428572,0.011613364337922531,1700.0,-1100.0,48.93596735907651,-266.3127594484249,47.24976420721251,-313.5625236556374,59085.513580950836,52554.486419049164,0.11700156148157777,0.359133949807044,54066.666666666664,54040.0,54610.0,55820.0,1.0159141376757956,0.9835184521676819,-1780.0,0.02425373134328357,0.02425373134328357,0.030965391621129327,0.020446096654275093,0.01311075571797853,0.014254972376170658,15033775.0,18814042.3,0.013095734594164465,0.9553088439691666,27.61766211337932,1300.796819658163,-1077904886.0,36.36363636363637,19.43115364167996,-0.0018621973929237035,0.0,-0.011049723756906049,0.007463844650119955,-0.0036429872495446266,54700.0
2025-03-13,55800.0,55900.0,54200.0,54700.0,24132151,-0.0036429872495445936,-0.0036496390875493927,54128.57142857143,55250.0,55766.666666666664,0.011749210661073008,1700.0,1100.0,47.6762014969789,-253.95576001844893,-12.991340637919784,-240.96441938052914,59068.76181121901,52461.23818878099,0.11848872271923286,0.3388200995024154,54400.0,54120.0,54420.0,55765.0,1.0107169253510717,0.9809019994620282,-1645.0,-0.0036429872495445936,0.0036429872495445936,0.031078610603290677,-0.01971326164874552,0.013371842052072832,0.014072103725805918,17408585.0,18699220.05,0.342672579389081,1.2905431849816644,27.908674564185826,1329.3113325397228,-1102037037.0,36.666666666666664,29.898989898989896,0.02425373134328357,-0.0018621973929237035,0.0,0.006249515566938424,0.0,54700.0
2025-03-14,54500.0,55100.0,54400.0,54700.0,10845154,0.0,0.0,54228.57142857143,55000.0,55714.28571428572,0.010966128304644175,700.0,-200.0,47.6762014969789,-241.38026747338154,-58.66912600501214,-182.7111414683694,59047.75846623948,52372.24153376052,0.11982618798203123,0.3487008556467049,54766.666666666664,54320.0,54260.0,55710.0,1.0069955817378498,0.9818704002872016,-1390.0,0.0,0.0,0.012797074954296161,0.003669724770642202,0.011561585300297298,0.014089000968139214,16722617.4,18119058.9,-0.5505931485345007,0.5985495195890114,27.10884789064626,1284.3605230725998,-1102037037.0,41.509433962264154,38.17991233085573,-0.0036429872495445936,0.02425373134328357,-0.0018621973929237035,0.006870248031246325,0.05301645338208409,57600.0
2025-03-17,55500.0,57800.0,55400.0,57600.0,35559021,0.05301645338208405,0.051658858273909994,54700.0,55021.42857142857,55800.0,0.021931408505540324,2400.0,-2100.0,63.48427519603203,2.562130018886819,-46.42287480023235,48.98500481911917,59232.09238690741,52347.90761309259,0.12339460071365516,0.7629214728350473,55666.666666666664,55100.0,54570.0,55790.0,1.0453720508166968,1.0324430901595267,-690.0,0.05301645338208405,0.05301645338208405,0.041666666666666664,0.03783783783783784,0.024421731619285916,0.01922629646367576,21250087.6,18698021.0,2.278793551479306,1.9017531855376566,28.347982283981832,1414.0490571388425,-1066478016.0,96.22641509433963,58.13417190775681,0.0,-0.0036429872495445936,0.02425373134328357,0.01645782204417982,0.0,57600.0
2025-03-18,58800.0,59000.0,57300.0,57600.0,28138594,0.0,0.0,55257.142857142855,55050.0,55876.19047619047,0.020645925545314924,1700.0,1200.0,63.48427519603203,193.65589295420796,1.5928787506557143,192.06301420355226,59405.74231021103,52334.25768978897,0.1265703350710948,0.7446445255645262,56633.333333333336,55900.0,54880.0,55870.0,1.0304114490161003,1.0309647395740111,30.0,0.0,0.0,0.029513888888888888,-0.02040816326530612,0.024125019832937165,0.01922629646367576,23329628.2,19509149.35,-0.20867917032923933,1.4423280838741437,28.113930490623453,1434.474124486068,-1066478016.0,78.46153846153847,72.06579583938075,0.05301645338208405,0.0,-0.0036429872495445936,0.01767215112736135,0.015625,58500.0
2025-03-19,57400.0,59200.0,57400.0,58500.0,29421759,0.015625,0.015504186535965254,55942.857142857145,55185.71428571428,55995.23809523809,0.020219611746052506,1800.0,-1100.0,67.06559710652508,412.9611956191511,83.8665421243548,329.0946534947963,59652.34633996585,52247.65366003415,0.13234482001665238,0.8443762098204352,57900.0,56620.0,55330.0,55950.0,1.0332038149063936,1.0455764075067024,670.0,0.015625,0.015625,0.03076923076923077,0.01916376306620209,0.0235753907199778,0.018684917976792406,25619335.8,19873686.95,0.04560160326418594,1.4804378812055305,28.174027093829796,1460.583115594206,-1037056257.0,89.55223880597015,88.08006412061609,0.0,0.05301645338208405,0.0,0.022880484460694683,0.02905982905982906,60200.0
2025-03-20,59200.0,60300.0,58500.0,60200.0,34989004,0.029059829059828957,0.028645598076964443,56885.71428571428,55464.28571428572,56152.380952380954,0.019961715242131948,1800.0,-1000.0,72.54334621810898,715.6880145661198,210.23083661270778,505.45717795341204,60011.75438500062,52038.24561499938,0.1423205492191207,1.023608880410042,58766.666666666664,57720.0,55920.0,56025.0,1.042966042966043,1.074520303435966,1695.0,0.029059829059828957,0.029059829059828957,0.029900332225913623,0.016891891891891893,0.022306111836457976,0.019763938575298654,27790706.4,20353379.6,0.18922203121845982,1.7190758826116523,28.37597202996032,1484.8271787660483,-1002067253.0,98.71794871794872,88.91057532848578,0.015625,0.0,0.05301645338208405,0.014894943019942986,0.024916943521594685,61700.0
2025-03-21,60900.0,61700.0,60400.0,61700.0,40155612,0.024916943521594792,0.02461157859656688,57857.142857142855,55978.57142857143,56295.23809523809,0.020003031225513945,1300.0,-800.0,76.29050180891298,1064.369277107864,381.05852471173904,683.310752396125,60813.00881746095,51566.99118253905,0.16454916595340624,1.0959322399720413,60133.333333333336,59120.0,56720.0,56190.0,1.0436400541271988,1.0980601530521445,2930.0,0.024916943521594792,0.024916943521594792,0.02106969205834684,0.013136288998357963,0.019449722529974223,0.018639083405008052,33652798.0,21281707.25,0.147663763163993,1.886860463227169,28.538311974323793,1485.9109517113307,-961911641.0,100.0,96.09006250797296,0.029059829059828957,0.015625,0.0,0.023200590860474584,-0.019448946515397084,60500.0
2025-03-24,61200.0,61600.0,60500.0,60500.0,14088094,-0.01944894651539708,-0.01964056587454635,58685.71428571428,56407.142857142855,56395.23809523809,0.02334571772194839,1100.0,700.0,68.26409568353031,1229.696542323094,550.78612823401,678.910414089084,61242.280308237634,51367.719691762366,0.17537626527795522,0.924829029152024,60800.0,59700.0,57400.0,56305.0,1.0134003350083751,1.0745049285143415,3395.0,-0.01944894651539708,0.01944894651539708,0.01818181818181818,-0.011437908496732025,0.019903948681868233,0.02112676343785836,29358612.6,20876190.55,-0.6491625130753829,0.6748402667746295,27.471239245501284,1465.488740874807,-975999735.0,86.95652173913044,95.22482348569305,0.024916943521594792,0.029059829059828957,0.015625,0.011509275355342222,-0.011570247933884297,59800.0
2025-03-25,60900.0,61100.0,59500.0,59800.0,17259455,-0.011570247933884281,-0.011637704080209709,59414.28571428572,56821.42857142857,56471.42857142857,0.024904221800317643,1600.0,1100.0,64.03205735401605,1289.3723593171017,698.5033744506284,590.8689848664733,61594.697983731836,51265.302016268164,0.1830479526397957,0.8262533463345859,60666.666666666664,60140.0,58020.0,56430.0,0.9943465247755238,1.059720007088428,3710.0,-0.011570247933884281,0.011570247933884281,0.026755852842809364,-0.0180623973727422,0.021931013743045374,0.0220473135613273,27182784.8,21032239.75,0.2251093015137462,0.8206189737828564,27.662631607162687,1475.096687955178,-993259190.0,79.34782608695652,88.76811594202898,-0.01944894651539708,0.024916943521594792,0.029059829059828957,-0.00203408364256219,0.026755852842809364,61400.0
2025-03-26,59800.0,61400.0,59700.0,61400.0,16431645,0.026755852842809347,0.02640417419651071,59957.142857142855,57328.57142857143,56666.666666666664,0.019587262068287432,1700.0,-1600.0,68.79416953471787,1449.0685423258838,848.6164080256794,600.4521343002043,62258.16602404112,51021.83397595888,0.19838156864551984,0.923625786389288,60566.666666666664,60720.0,58670.0,56640.0,1.0111989459815547,1.0840395480225988,4080.0,0.026755852842809347,0.026755852842809347,0.02768729641693811,0.026755852842809364,0.023447017479526933,0.02222513575790634,24584762.0,21122562.95,-0.04796269638873296,0.7779190924366496,27.639884720866377,1491.1612102440938,-976827545.0,96.73913043478261,87.68115942028986,-0.011570247933884281,-0.01944894651539708,0.024916943521594792,-0.001421113868824005,0.006514657980456026,61800.0
2025-03-27,60900.0,62000.0,60800.0,61800.0,20389790,0.006514657980456029,0.0064935293105483115,60557.142857142855,57907.142857142855,56885.71428571428,0.019233553849015445,1200.0,-900.0,69.86824105527535,1589.5818647136766,996.809499363279,592.7723653503976,62973.23723613046,50826.76276386954,0.2134705531153061,0.9034092370745275,61000.0,61040.0,59380.0,56900.0,1.0124508519003932,1.086115992970123,4140.0,0.006514657980456029,0.006514657980456029,0.019417475728155338,0.014778325123152709,0.020878696038464185,0.021683124572555848,21664919.2,21236197.9,0.24088549868257259,0.9601431525555713,27.86220348677792,1470.3639809409444,-956437755.0,97.89473684210526,91.32723112128146,0.026755852842809347,-0.011570247933884281,-0.01944894651539708,0.007233420963127031,-0.025889967637540454,60200.0
2025-03-28,60700.0,61100.0,60000.0,60200.0,16282514,-0.02588996763754048,-0.02623101214886976,60800.0,58371.42857142857,57057.142857142855,0.02330120198461505,1100.0,500.0,60.84672838873807,1553.9204293797375,1108.2316853665707,445.6887440131668,63335.268212859664,50854.731787140336,0.21859245863419438,0.7487873833372543,61133.333333333336,60740.0,59930.0,57095.0,0.9911096476786302,1.0543830458008583,3645.0,-0.02588996763754048,0.02588996763754048,0.018272425249169437,-0.008237232289950576,0.02138329865408751,0.024678501856458004,16890299.6,21301555.8,-0.20143787650583944,0.7643814448520234,27.61102996051908,1493.909410873734,-972720269.0,81.05263157894737,91.89549961861174,0.006514657980456029,0.026755852842809347,-0.011570247933884281,0.002460181061908299,-0.03986710963455149,57800.0
2025-03-31,59500.0,59700.0,57800.0,57800.0,17633494,-0.039867109634551534,-0.04068357663644361,60457.142857142855,58671.42857142857,57128.57142857143,0.02573270630440455,1900.0,1700.0,50.34557902490738,1316.8190720169077,1149.9491626966383,166.86990932026947,63384.80719352866,51135.19280647134,0.21392969589691432,0.5440830203251583,59933.333333333336,60200.0,59950.0,57260.0,0.9601328903654485,1.0094306671323787,2940.0,-0.039867109634551534,0.039867109634551534,0.0328719723183391,-0.02857142857142857,0.026285277929744517,0.024119788259724464,17599379.6,20781395.6,0.08297121685263109,0.848523089565746,27.65005477431155,1558.6301672398959,-990353763.0,50.0,76.3157894736842,-0.02588996763754048,0.006514657980456029,0.026755852842809347,-0.019747473097211993,0.01730103806228374,58800.0
2025-04-01,58700.0,59600.0,57900.0,58800.0,13841706,0.01730103806228378,0.017153079226249493,60042.857142857145,58950.0,57333.333333333336,0.024381986668844963,1700.0,-100.0,53.91450318341765,1195.8214949147878,1159.1236291402683,36.697865774519414,63492.824401419624,51457.175598580376,0.20940667773535013,0.6100896197376106,58933.333333333336,60000.0,60070.0,57475.0,0.98,1.0230535015224012,2525.0,0.01730103806228378,0.01730103806228378,0.02891156462585034,0.0017035775127768314,0.02859719893797085,0.02468507765937096,16915829.8,20545784.25,-0.21503327701248542,0.6737005427281268,27.425093900341082,1575.8708695799032,-976512057.0,58.97435897435897,63.34233018443544,-0.039867109634551534,-0.02588996763754048,0.006514657980456029,-0.016152013069936078,0.0,58800.0
2025-04-02,58800.0,59400.0,58300.0,58800.0,14402297,0.0,0.0,59800.0,59242.857142857145,57538.09523809524,0.023791392056765313,1100.0,0.0,53.91450318341765,1087.3952280123922,1144.7779489146933,-57.382720902301116,63528.695264767885,51901.304735232115,0.20146219404896074,0.5933141444973311,58466.666666666664,59480.0,60100.0,57715.0,0.9885675857431069,1.018799272286234,1765.0,0.0,0.0,0.01870748299319728,0.0,0.02371511991133496,0.02424123810643887,16509960.2,20436958.25,0.04050013777203465,0.7047182278214029,27.46479539960203,1541.880093181339,-976512057.0,57.89473684210526,55.623031938821406,0.01730103806228378,-0.039867109634551534,-0.02588996763754048,-0.007522023857422584,-0.02040816326530612,57600.0
2025-04-03,56900.0,57800.0,56900.0,57600.0,19508076,-0.020408163265306145,-0.020619287202735703,59485.71428571428,59450.0,57709.52380952381,0.02449910583949069,900.0,-700.0,49.01185068182872,894.3274094647859,1094.6878410247118,-200.36043155992593,63468.55974290385,52291.44025709615,0.19310849146177794,0.4749488228737705,58400.0,58640.0,59840.0,57880.0,0.9822646657571623,0.995162404975812,760.0,-0.020408163265306145,0.020408163265306145,0.015625,0.012302284710017574,0.0225113317257971,0.022835020376215757,16333617.4,20799457.0,0.3545114366132014,0.937912754164688,27.74761693832697,1567.460086525529,-996020133.0,33.333333333333336,50.06747638326585,0.0,0.01730103806228378,-0.039867109634551534,-0.001035708401007455,-0.026041666666666668,56100.0
2025-04-04,56200.0,58200.0,55700.0,56100.0,23527139,-0.02604166666666663,-0.026386755173194887,58728.57142857143,59342.857142857145,57795.23809523809,0.020963577260498564,2500.0,100.0,43.66658354299047,613.2135640560882,998.3929856309871,-385.1794215748989,63306.59966456916,52693.40033543084,0.18298619532997112,0.3209776391569705,57500.0,57820.0,59280.0,58000.0,0.9702525077827742,0.9672413793103448,-180.0,-0.02604166666666663,0.02604166666666663,0.044563279857397504,-0.0017793594306049821,0.02253183829161805,0.021254087911266685,17782542.4,21262064.35,0.20602047070146745,1.1065312668005352,27.908556255362228,1634.070080345134,-1019547272.0,6.349206349206349,32.52575884154831,-0.020408163265306145,0.0,0.01730103806228378,-0.015483276643990926,-0.05169340463458111,53200.0
2025-04-07,53300.0,54100.0,53100.0,53200.0,31998883,-0.05169340463458105,-0.05307741618105188,57500.0,59028.57142857143,57771.42857142857,0.02369398858628644,1000.0,100.0,35.58605784840623,154.64045367541257,829.6424792398723,-675.0020255644597,63370.85610982171,52579.14389017829,0.1861442383724609,0.057530825246767454,55633.333333333336,56900.0,58550.0,57975.0,0.9349736379613357,0.9176369124622682,-1075.0,-0.05169340463458105,0.05169340463458105,0.018796992481203006,-0.001876172607879925,0.026263584029323182,0.025073410354884473,20655620.2,22215925.0,0.3600839014042463,1.4403578964188977,28.163025229235085,1731.6365031776245,-1051546155.0,1.1235955056179776,13.602045062719215,-0.02604166666666663,-0.020408163265306145,0.0,-0.03271441152218461,0.005639097744360902,53500.0
2025-04-08,55000.0,55300.0,53300.0,53500.0,25532845,0.005639097744360999,0.0056232575543622605,56542.857142857145,58671.42857142857,57761.90476190476,0.02559557660039088,2000.0,1500.0,36.887173707845086,-182.47113370175066,627.2197566515478,-809.6908903532984,63383.08356523489,52556.91643476511,0.18675465120699986,0.08711149143269943,54266.666666666664,55840.0,57920.0,57970.0,0.9580945558739254,0.9228911505951354,-2130.0,0.005639097744360999,0.005639097744360999,0.037383177570093455,-0.02727272727272727,0.022843303016871007,0.025725650494564576,22993848.0,22605522.7,-0.2020707410318041,1.1294958908426391,27.942913153418278,1757.94818152208,-1026013310.0,4.49438202247191,3.989061292432074,-0.05169340463458105,-0.02604166666666663,-0.020408163265306145,-0.024031991185628893,-0.009345794392523364,53000.0
2025-04-09,53300.0,54300.0,52900.0,53000.0,20576960,-0.009345794392523366,-0.009389740349839032,55857.142857142855,58157.142857142855,57733.333333333336,0.023376913959845504,1400.0,300.0,35.59661367923114,-484.3964955077754,404.89650621968315,-889.2930017274585,63574.076564165116,52175.923435834884,0.19694433051110552,0.07229913082294577,53233.333333333336,54680.0,57080.0,57875.0,0.9692757863935626,0.9157667386609071,-3195.0,-0.009345794392523366,0.009345794392523366,0.026415094339622643,-0.005628517823639775,0.021279868490341892,0.022160681642233577,24228780.6,22735709.65,-0.19409842498945962,0.905050263078109,27.71772975376489,1732.380454270503,-1046590270.0,1.098901098901099,2.238959542330324,0.005639097744360999,-0.05169340463458105,-0.02604166666666663,-0.01846670042758114,0.06415094339622641,56400.0
2025-04-10,56600.0,56700.0,55000.0,56400.0,22948172,0.0641509433962264,0.062177244951891364,55514.28571428572,57778.57142857143,57804.76190476191,0.03576855774789484,1700.0,200.0,48.73199880996992,-444.20244569189526,235.0767158373675,-679.2791615292628,63508.4089706211,52411.5910293789,0.1914564862188096,0.3594191588741727,54300.0,54440.0,56540.0,57960.0,1.0360029390154297,0.9730848861283644,-3520.0,0.0641509433962264,0.0641509433962264,0.030141843971631204,-0.0035335689045936395,0.043373577203091415,0.03302875910622518,24916799.8,22676510.7,0.1152362642489464,1.0119798545549603,27.888973277369285,1872.9247075368955,-1023642098.0,38.46153846153846,14.684940527637153,-0.009345794392523366,0.005639097744360999,-0.05169340463458105,0.020148082249354677,-0.02127659574468085,55200.0
2025-04-11,55600.0,55700.0,54800.0,55200.0,13930480,-0.021276595744680882,-0.02150620522096362,55000.0,57400.0,57828.57142857143,0.036094131707952413,900.0,400.0,45.22601847394151,-503.3757406145887,87.38622454697627,-590.761965161565,63475.76737039506,52494.23262960494,0.18938578495800834,0.2463924610049887,54866.666666666664,54260.0,56040.0,57985.0,1.0173239955768523,0.9519703371561611,-3725.0,-0.021276595744680882,0.021276595744680882,0.016304347826086956,-0.007194244604316547,0.04280189698837782,0.03279203523060161,22997468.0,22830777.0,-0.39295905573655276,0.6101623260566208,27.36830803543312,1853.4300855699744,-1037572578.0,25.274725274725274,21.611721611721606,0.0641509433962264,-0.009345794392523366,0.005639097744360999,0.011176184419674051,0.018115942028985508,56200.0
2025-04-14,56300.0,56700.0,55800.0,56200.0,12852613,0.018115942028985588,0.017953803616595845,54800.0,57142.857142857145,57900.0,0.03696312272267774,900.0,100.0,48.54802684656928,-464.22802876639616,-22.936626115698232,-441.29140265069793,63461.84357848823,52368.15642151177,0.1915511897949834,0.34540757498092134,55933.333333333336,54860.0,55880.0,57915.0,1.024425811155669,0.9703876370543038,-3055.0,0.018115942028985588,0.018115942028985588,0.01601423487544484,-0.0017761989342806395,0.03301168622913767,0.03166853059170083,19168214.0,21695456.6,-0.07737472075621232,0.5924103482569709,27.305729730820115,1828.1850794578334,-1024719965.0,36.26373626373626,33.33333333333332,-0.021276595744680882,0.0641509433962264,-0.009345794392523366,0.020330096560177036,0.0071174377224199285,56600.0
2025-04-15,56300.0,57100.0,56200.0,56600.0,8998640,0.007117437722419906,0.007092228309491837,54871.42857142857,56800.0,57852.380952380954,0.03565323308917894,900.0,-300.0,49.858030405753766,-396.357564739832,-97.620813840525,-298.736750899307,63441.74683513278,52288.25316486722,0.1927502578461169,0.386582622683294,56000.0,55480.0,55660.0,57865.0,1.0201874549387167,0.9781387712779746,-2385.0,0.007117437722419906,0.007117437722419906,0.015901060070671377,0.0053285968028419185,0.03295312298948854,0.031125269509202667,15861373.0,20738458.9,-0.2998591025809304,0.43391073769710053,26.956348276964185,1761.8861452108451,-1015721325.0,40.65934065934066,34.06593406593406,0.018115942028985588,-0.021276595744680882,0.0641509433962264,0.0013189280022415373,-0.03356890459363958,54700.0
2025-04-16,56000.0,56200.0,54500.0,54700.0,14437025,-0.03356890459363959,-0.034145275781201745,55085.71428571428,56292.857142857145,57714.28571428572,0.03129538200142008,1700.0,1300.0,44.1127308389687,-490.23275600404304,-176.1432022732286,-314.08955373081443,63417.13420804177,51932.86579195823,0.19912038866204654,0.24094997676703897,55833.333333333336,55820.0,55250.0,57675.0,0.9799355069867431,0.9484178586909406,-1855.0,-0.03356890459363959,0.03356890459363959,0.031078610603290677,-0.023214285714285715,0.03819413449682026,0.032500748836043834,14633386.0,19989222.2,0.6043563249557711,0.7222404581604981,27.394925633683492,1786.037134838642,-1030158350.0,21.951219512195124,32.958098811757345,0.007117437722419906,0.018115942028985588,-0.021276595744680882,-0.0027785082807446995,0.007312614259597806,55100.0
2025-04-17,54700.0,55300.0,54500.0,55100.0,10867069,0.007312614259597838,0.007286006730933313,55314.28571428572,55928.57142857143,57552.380952380954,0.031316305685873125,800.0,-400.0,45.53565233473313,-526.2861650457635,-246.1717948277356,-280.1143702180279,63142.93630927391,51697.06369072609,0.1993359912669421,0.2973068478640515,55466.666666666664,55560.0,55000.0,57420.0,0.9917206623470123,0.9595959595959596,-1860.0,0.007312614259597838,0.007312614259597838,0.014519056261343012,0.007312614259597806,0.021865674516527045,0.032386568503920785,12217165.4,18783125.45,-0.24727781520084646,0.5785548858164071,27.118152576665988,1715.6059109215962,-1019291281.0,32.35294117647059,31.654500449335455,-0.03356890459363959,0.007117437722419906,0.018115942028985588,-0.006379617537207283,0.003629764065335753,55300.0
2025-04-18,55300.0,55600.0,54900.0,55300.0,5848342,0.003629764065335772,0.003623192369420331,55642.857142857145,55750.0,57319.04761904762,0.030755687019149477,700.0,0.0,46.27223503314972,-532.581158852845,-303.4536676327575,-229.12749122008745,62523.147270339905,51676.852729660095,0.18995261892609125,0.33404470593630203,55033.333333333336,55580.0,54920.0,57100.0,0.9949622166246851,0.968476357267951,-1520.0,0.003629764065335772,0.003629764065335772,0.012658227848101266,0.0,0.019817965387563065,0.031485298388351526,10600737.8,17067761.95,-0.4618289439406339,0.342654298620564,26.50219694774744,1643.0626315700538,-1013442939.0,35.82089552238806,30.041685403684586,0.007312614259597838,-0.03356890459363959,0.007117437722419906,-0.007542175422901994,0.0018083182640144665,55400.0
2025-04-21,55200.0,56000.0,55100.0,55400.0,5941847,0.001808318264014508,0.0018066852249490513,55500.0,55507.142857142855,57019.04761904762,0.01837032712717115,900.0,-200.0,46.66066390252154,-523.466625125031,-347.4562591312122,-176.01036599381877,62071.03804848532,51618.96195151468,0.18386975278336962,0.36174995411497163,55266.666666666664,55420.0,55140.0,56845.0,0.9996391194514616,0.9745799982408303,-1425.0,0.001808318264014508,0.001808318264014508,0.016245487364620937,0.0036231884057971015,0.01739185573413264,0.025976207656217026,9218584.6,16660449.6,0.01598829206636676,0.3566438567180084,26.519865458505503,1589.9867293150498,-1007501092.0,38.46153846153846,35.545125053465696,0.003629764065335772,0.007312614259597838,-0.03356890459363959,0.0042502321963160394,-0.007220216606498195,55000.0
2025-04-22,54900.0,55500.0,54700.0,55000.0,9532469,-0.0072202166064981865,-0.007246408520767198,55471.42857142857,55235.71428571428,56757.142857142855,0.01662650703005986,800.0,-100.0,45.251409148253465,-542.2690089550888,-386.41880909598757,-155.85019985910122,61698.84561582902,51511.15438417098,0.17997864555530504,0.3424569450031529,55233.333333333336,55100.0,55290.0,56605.0,0.9981851179673321,0.9716456143450225,-1505.0,-0.0072202166064981865,0.0072202166064981865,0.014545454545454545,0.0018214936247723133,0.01652037955034476,0.026222880656478653,9325350.4,16274100.3,0.6042939173627324,0.5857447615706288,26.985302782892564,1533.5591057925462,-1017033561.0,39.62264150943396,37.96835849778682,0.001808318264014508,0.003629764065335772,0.007312614259597838,-0.0005940447590493022,0.012727272727272728,55700.0
2025-04-23,56000.0,56100.0,55500.0,55700.0,11148692,0.012727272727272698,0.01264696170076739,55400.0,55100.0,56561.90476190476,0.015741263005974882,600.0,300.0,48.199849514276686,-494.9800617113433,-408.13105961905876,-86.84900209228454,60895.725424225166,51744.274575774834,0.16249024943981413,0.43225117959246995,55366.666666666664,55300.0,55560.0,56320.0,1.0072332730560578,0.9889914772727273,-1020.0,0.012727272727272698,0.012727272727272698,0.010771992818671455,-0.005357142857142857,0.007371658930337484,0.02598940037302485,8667683.8,16009952.65,0.16954925318928393,0.6963600857370431,27.15456816548906,1502.5905982359359,-1005884869.0,52.83018867924528,43.63812288340589,-0.0072202166064981865,0.001808318264014508,0.003629764065335772,0.0024384581282630067,0.0,55700.0
2025-04-24,55600.0,55800.0,55200.0,55700.0,10580377,0.0,0.0,55271.42857142857,55071.42857142857,56290.47619047619,0.01533585169854996,600.0,-100.0,48.19984951427668,-452.2895182957509,-416.9627513543972,-35.326766941353696,59797.10467722399,52232.89532277601,0.13503899588410223,0.45835652012794037,55466.666666666664,55420.0,55490.0,56015.0,1.005052327679538,0.9943765062929573,-595.0,0.0,0.0,0.010771992818671455,0.0017985611510791368,0.007186810660762888,0.015739379201308547,8610345.4,15519482.0,-0.05097593511418197,0.6817480763855391,27.10224704294697,1438.1198412190834,-1005884869.0,66.66666666666667,53.0398322851153,0.012727272727272698,-0.0072202166064981865,0.001808318264014508,0.001835685373591504,0.0,55700.0
2025-04-25,56400.0,56400.0,55600.0,55700.0,12183303,0.0,0.0,55414.28571428572,55250.0,56000.0,0.006258955353289249,800.0,700.0,48.19984951427668,-413.6882148414152,-416.30784405180077,2.6196292103855967,59018.752406931984,52561.247593068016,0.11574663584628013,0.4860627281598344,55700.0,55500.0,55540.0,55790.0,1.0036036036036036,0.9983868076716257,-290.0,0.0,0.0,0.01436265709156194,-0.012411347517730497,0.007188220805337924,0.014062977789233648,9877337.6,15314521.45,0.15149989456897428,0.7955392559785145,27.24331239166562,1392.5398525605774,-1005884869.0,66.66666666666667,62.054507337526196,0.0,0.012727272727272698,-0.0072202166064981865,0.0042424242424242324,0.0017953321364452424,55800.0
2025-04-28,55800.0,55900.0,55500.0,55800.0,9341518,0.0017953321364452268,0.0017937224540269007,55514.28571428572,55414.28571428572,55790.47619047619,0.005906184843569649,400.0,0.0,48.6928566978561,-370.7534247864096,-407.19696019872254,36.44353541231294,58777.42781718403,52602.57218281597,0.11087907405940121,0.5178141816608248,55733.333333333336,55580.0,55500.0,55690.0,1.003958258366319,1.0019752199676781,-110.0,0.0017953321364452268,0.0017953321364452268,0.007168458781362007,0.0,0.007188067221921443,0.012739671598412059,10557271.8,14899922.65,-0.2332524275231438,0.6269507714524948,26.979508472136896,1321.6441488062505,-996543351.0,69.04761904761905,67.46031746031746,0.0,0.0,0.012727272727272698,0.0005984440454817422,0.0,55800.0
2025-04-29,55700.0,56500.0,55600.0,55800.0,10295518,0.0,0.0,55585.71428571428,55614.28571428572,55695.23809523809,0.005878828241680824,900.0,-100.0,48.692856697856094,-332.88994625572377,-392.3355574101228,59.445611154399046,58260.99053171638,52819.00946828362,0.09798309440822396,0.5477767189869628,55766.666666666664,55740.0,55420.0,55540.0,1.0010764262648009,1.0046813107670147,200.0,0.0,0.0,0.016129032258064516,0.0017953321364452424,0.005545842545298985,0.012453742690877182,10709881.6,14722613.25,0.1021247296210317,0.6992996301115225,27.076748361236604,1291.526709605804,-996543351.0,50.0,61.904761904761905,0.0017953321364452268,0.0,0.0,0.0005984440454817422,-0.005376344086021506,55500.0
2025-04-30,55900.0,56000.0,55300.0,55500.0,13014189,-0.005376344086021501,-0.005390848634876423,55600.0,55550.0,55538.09523809524,0.006380571352152122,700.0,400.0,47.13211937369378,-323.3628340592477,-378.5410127399478,55.178178680700114,57622.68887152201,53127.31112847799,0.08118063644323294,0.5278063395658842,55700.0,55700.0,55500.0,55375.0,0.9964093357271095,1.002257336343115,325.0,-0.005376344086021501,0.005376344086021501,0.012612612612612612,-0.007155635062611807,0.002718619313863508,0.00572152028767194,11082981.0,14653207.85,0.2640635468754462,0.888146072397383,27.3056890814891,1249.274801776818,-1009557540.0,38.46153846153846,52.503052503052494,0.0,0.0017953321364452268,0.0,-0.001193670649858758,-0.021621621621621623,54300.0
2025-05-02,55000.0,55500.0,54200.0,54300.0,22454204,-0.021621621621621623,-0.021858793812499073,55500.0,55485.71428571428,55323.80952380953,0.010381013991404219,1300.0,700.0,41.41396299845968,-407.9400215513597,-384.4208145022302,-23.519207049129477,57244.33682456852,53175.66317543148,0.07369450550873101,0.2763398889972387,55200.0,55420.0,55420.0,55210.0,0.9797906892818478,0.9835174787176236,210.0,-0.021621621621621623,0.021621621621621623,0.02394106813996317,-0.012727272727272728,0.009651272804340486,0.00888103722095809,13457746.4,14800514.25,0.7253632938633363,1.5171232310390836,27.829267921123375,1252.898030221331,-1032011744.0,3.4482758620689653,30.6366047745358,-0.005376344086021501,0.0,0.0017953321364452268,-0.008999321902547708,0.0055248618784530384,54600.0
2025-05-07,54500.0,55000.0,54300.0,54600.0,17136991,0.005524861878453136,0.0055096558109697,55342.857142857145,55371.42857142857,55180.95238095238,0.00897780277040364,700.0,-100.0,43.26706366786854,-445.6236867198095,-396.66138894574607,-48.962297774063416,57141.59439165907,53128.40560834093,0.07278840633568766,0.36668955065760517,54800.0,55200.0,55350.0,55135.0,0.9891304347826086,0.9902965448444726,65.0,0.005524861878453136,0.005524861878453136,0.01282051282051282,0.001834862385321101,0.010638420627349376,0.00902003350991026,14448484.0,14481006.85,-0.23680256044703252,1.1834115664409068,27.564539063197476,1213.4053137769504,-1014874753.0,13.793103448275861,18.567639257294424,-0.021621621621621623,-0.005376344086021501,0.0,-0.007157701276396662,0.0,54600.0
2025-05-08,55100.0,55500.0,54500.0,54600.0,16320532,0.0,0.0,55185.71428571428,55228.57142857143,55109.52380952381,0.00897780277040364,1000.0,500.0,43.26706366786854,-470.06959319971065,-411.343029796539,-58.72656340317167,57015.4666452852,53394.5333547148,0.06559067639834085,0.3329160049494604,54500.0,54960.0,55270.0,55205.0,0.9934497816593887,0.9890408477492981,-245.0,0.0,0.0,0.018315018315018316,-0.009074410163339383,0.01042478846840573,0.008970203729093428,15844286.8,13697089.3,-0.047643078064287914,1.1915328609268832,27.515723666742264,1198.1620770785967,-1014874753.0,17.391304347826086,11.544227886056966,0.005524861878453136,-0.021621621621621623,-0.005376344086021501,-0.005365586581056163,0.003663003663003663,54800.0
2025-05-09,54700.0,55000.0,54400.0,54800.0,7814322,0.00366300366300365,0.003656311203110479,55057.142857142855,55235.71428571428,55185.71428571428,0.009272733655343703,600.0,-100.0,44.62139525802379,-467.9110345363879,-422.6566307445088,-45.2544037918791,56907.84196911531,53632.15803088469,0.05926694297504289,0.3565185137324716,54666.666666666664,54760.0,55250.0,55270.0,1.0007304601899196,0.991496290935408,-510.0,0.00366300366300365,0.00366300366300365,0.010948905109489052,0.0018281535648994515,0.010919035652303679,0.008847267110427026,15348047.6,12811163.15,-0.5211968580435982,0.6099619455708828,26.782914234774612,1155.4362144301256,-1007060431.0,26.08695652173913,19.090454772613686,0.0,0.005524861878453136,-0.021621621621621623,0.0030626218471522617,0.051094890510948905,57600.0
2025-05-12,55200.0,57600.0,55000.0,57600.0,15414702,0.051094890510948954,0.049832373747875754,55314.28571428572,55414.28571428572,55380.95238095238,0.021946379304233137,2600.0,-2400.0,59.2779550648497,-237.5257132527404,-385.63044724615514,148.10473399341475,57086.78755252494,53913.21244747506,0.05718153342432217,1.1617142908193419,55666.666666666664,55180.0,55440.0,55500.0,1.0438564697354114,1.037837837837838,-320.0,0.051094890510948954,0.051094890510948954,0.04513888888888889,0.043478260869565216,0.02656683736065777,0.018352083885207995,15828150.2,12553050.25,0.9726218090321848,1.227964653451459,27.51211013398098,1272.9050562565453,-991645729.0,100.0,47.82608695652173,0.00366300366300365,0.0,0.005524861878453136,0.018252631391317536,-0.012152777777777778,56900.0
2025-05-13,57700.0,58200.0,56800.0,56900.0,16842801,-0.01215277777777779,-0.01222722656956033,55471.42857142857,55528.57142857143,55566.666666666664,0.022836091518014492,1400.0,800.0,55.33506090544243,-110.15800326409226,-330.53595844974257,220.3779551856503,57185.53257151392,53864.46742848608,0.059812069212567986,0.9140237968191143,56433.333333333336,55700.0,55560.0,55525.0,1.021543985637343,1.024763619990995,175.0,-0.01215277777777779,0.01215277777777779,0.02460456942003515,-0.01386481802426343,0.024181710944998498,0.019001099500052656,14705869.6,12247781.7,0.09264525515965216,1.3751715545354635,27.588484503228862,1281.983266523935,-1008488530.0,67.5,64.52898550724638,0.051094890510948954,0.00366300366300365,0.0,0.014201705465391604,0.008787346221441126,57400.0
2025-05-14,57500.0,57900.0,57000.0,57400.0,12468089,0.008787346221441172,0.008748962193235545,55742.857142857145,55671.42857142857,55614.28571428572,0.022616284026068995,900.0,100.0,57.50913397544092,30.772914855362615,-258.2741837887216,289.0470986440842,57485.49068883895,53784.50931116105,0.06652253756947793,0.9769005352594907,57300.0,56260.0,55730.0,55635.0,1.0202630643441166,1.0317246337737036,625.0,0.008787346221441172,0.008787346221441172,0.0156794425087108,-0.0017391304347826088,0.024087215751887728,0.01908628840288397,13772089.2,12174662.15,-0.25973779539400843,1.0241014367696437,27.296482640426923,1261.8416046293682,-996020441.0,80.0,82.5,-0.01215277777777779,0.051094890510948954,0.00366300366300365,0.015909819651537444,-0.0017421602787456446,57300.0
2025-05-15,57400.0,58600.0,57100.0,57300.0,13139736,-0.0017421602787456303,-0.0017436796048268398,56171.42857142857,55835.71428571428,55714.28571428572,0.019760868430489516,1500.0,100.0,56.91247042634711,132.8609798793841,-180.04715105510047,312.9081309344846,57671.9182626955,53708.0817373045,0.0711768095778596,0.9061721490497608,57200.0,56800.0,55880.0,55690.0,1.0088028169014085,1.0289100377087448,1110.0,-0.0017421602787456303,0.0017421602787456303,0.02617801047120419,-0.0017421602787456446,0.02428485902502399,0.01914731272238678,13135930.0,12189018.3,0.05386928181215267,1.0779978892967943,27.347207382198864,1278.8529185844134,-1009160177.0,70.45454545454545,72.65151515151514,0.008787346221441172,-0.01215277777777779,0.051094890510948954,-0.0017025306116940826,-0.008726003490401396,56800.0
2025-05-16,57400.0,57500.0,56700.0,56800.0,10385352,-0.008726003490401424,-0.008764297993588242,56485.71428571428,55914.28571428572,55742.857142857145,0.02073489973917294,800.0,600.0,53.901225990526925,171.4443814807746,-109.74884454792546,281.19322602870005,57703.15540559222,53696.84459440778,0.07192658547907421,0.7745668151679909,57166.666666666664,57200.0,55980.0,55700.0,0.993006993006993,1.0197486535008977,1500.0,-0.008726003490401424,0.008726003490401424,0.014084507042253521,-0.010452961672473868,0.025676315610057097,0.019485835169088455,13650136.0,12258353.9,-0.20962247643331644,0.8472060836814312,27.10319851446979,1244.6491386855266,-1019545529.0,59.09090909090909,69.84848484848484,-0.0017421602787456303,0.008787346221441172,-0.01215277777777779,-0.0005602725159019606,-0.017605633802816902,55800.0
2025-05-19,56400.0,56400.0,55500.0,55800.0,9802105,-0.017605633802816878,-0.017762456339840388,56657.142857142855,55921.42857142857,55704.76190476191,0.022548183746327867,900.0,600.0,48.38702977574364,119.94768038236361,-63.809539561867645,183.75721994423125,57702.170686975456,53807.829313024544,0.06984739259171217,0.51155522736168,56633.333333333336,56840.0,56010.0,55755.0,0.9817030260380014,1.0008071025020178,1085.0,-0.017605633802816878,0.017605633802816878,0.016129032258064516,-0.010638297872340425,0.01020243888299987,0.02036050786080071,12527616.6,12026607.9,-0.056160542271460834,0.8150348861045017,27.02763686486506,1248.6027716365604,-1029347634.0,36.36363636363637,55.303030303030305,-0.008726003490401424,-0.0017421602787456303,0.008787346221441172,-0.009357932523987977,0.0017921146953405018,55900.0
2025-05-20,56200.0,56700.0,55700.0,55900.0,9080577,0.0017921146953405742,0.0017905107737882938,56814.28571428572,55935.71428571428,55761.90476190476,0.022551617908868744,1000.0,300.0,48.94945992959535,86.21154498752003,-33.80532265199011,120.01686763951014,57718.2374022125,53871.7625977875,0.06893941758983782,0.5272977220282862,56166.666666666664,56640.0,56170.0,55795.0,0.9869350282485876,1.0018818890581593,845.0,0.0017921146953405742,0.0017921146953405742,0.017889087656529516,-0.005338078291814947,0.010103902298691125,0.01879134261230279,10975171.8,11937283.3,-0.07360949510334769,0.760690416051364,26.952967953959167,1230.8454308053774,-1020267057.0,38.63636363636363,44.69696969696969,-0.017605633802816878,-0.008726003490401424,-0.0017421602787456303,-0.008179840865959243,-0.0035778175313059034,55700.0
2025-05-21,56200.0,56600.0,55700.0,55700.0,7794181,-0.003577817531305927,-0.0035842332278151613,56542.857142857145,55928.57142857143,55790.47619047619,0.008913777218546545,900.0,500.0,47.82693252952683,42.84321617403475,-18.475614886785138,61.31883106081989,57724.83603595085,53905.16396404915,0.0684345081412112,0.4698927033956753,55800.0,56300.0,56280.0,55815.0,0.9893428063943162,0.9979396219654215,485.0,-0.003577817531305927,0.003577817531305927,0.01615798922800718,-0.008896797153024912,0.007530456516649086,0.018879133400718097,10040390.2,12034575.25,-0.14166456602922917,0.6476490310698751,26.796623413520866,1207.213614319279,-1028061238.0,34.09090909090909,36.36363636363636,0.0017921146953405742,-0.017605633802816878,-0.008726003490401424,-0.006463778879594077,-0.017953321364452424,54700.0
2025-05-22,55300.0,55500.0,54500.0,54700.0,15254278,-0.01795332136445238,-0.01811643750530277,56228.57142857143,55850.0,55761.90476190476,0.009950197295161691,1000.0,600.0,42.57026955078911,-71.395140772991,-29.059520064026312,-42.33562070896468,57746.669640201464,53813.330359798536,0.07051522553608691,0.2254241439631504,55433.333333333336,55780.0,56290.0,55780.0,0.9806382215847974,0.9806382215847974,0.0,-0.01795332136445238,0.01795332136445238,0.018281535648994516,-0.0108499095840868,0.008659308716707986,0.01993099850586903,10463298.6,12500196.8,0.9571367408583404,1.2203230272342591,27.449989534679464,1206.6983561536163,-1043315516.0,11.363636363636363,28.030303030303028,-0.003577817531305927,0.0017921146953405742,-0.017605633802816878,-0.006579674733472578,-0.009140767824497258,54200.0
2025-05-23,55000.0,55200.0,54100.0,54200.0,11247115,-0.009140767824497242,-0.00918280098233498,55771.42857142857,55757.142857142855,55704.76190476191,0.0076796280735313615,1100.0,800.0,40.191633733473125,-199.9705470332192,-63.241725457864895,-136.7288215753543,57803.6197120098,53676.3802879902,0.07404448195227127,0.12686923587772786,54866.666666666664,55260.0,56230.0,55740.0,0.9808179515019906,0.9723717258701112,-480.0,-0.009140767824497242,0.009140767824497242,0.02029520295202952,-0.014545454545454545,0.0086554493893589,0.0201055859507371,10635651.2,12585929.1,-0.2626910955733205,0.8936261209353229,27.136058396712137,1199.0770449997867,-1054562631.0,2.2222222222222223,15.89225589225589,-0.01795332136445238,-0.003577817531305927,0.0017921146953405742,-0.010223968906751849,0.00922509225092251,54700.0
2025-05-26,53900.0,55000.0,53700.0,54700.0,10901337,0.009225092250922495,0.009182800982334982,55400.0,55785.71428571428,55690.47619047619,0.00997637308718911,1300.0,-800.0,43.586253827091106,-258.54135766976106,-102.30165190024414,-156.23970576951692,57805.50665824019,53574.49334175981,0.07597438169294998,0.26601349937996827,54533.333333333336,55040.0,55940.0,55690.0,0.9938226744186046,0.982223020290896,-650.0,0.009225092250922495,0.009225092250922495,0.02376599634369287,0.014842300556586271,0.010364949592281096,0.009775111650727876,10855497.6,12573561.35,-0.030743706274898086,0.8670047170048604,27.11401498863939,1206.285827499802,-1043661294.0,20.408163265306122,11.331340617054897,-0.009140767824497242,-0.01795332136445238,-0.003577817531305927,-0.005956332312675709,-0.014625228519195612,53900.0
2025-05-27,54200.0,54500.0,53800.0,53900.0,13439520,-0.014625228519195566,-0.014733231512984004,54985.71428571428,55735.71428571428,55604.76190476191,0.01043343675233273,700.0,300.0,39.70331398135004,-365.301492981358,-154.90162011646692,-210.3998728648911,57861.811104776476,53338.188895223524,0.08136011168260705,0.12419496561628145,54266.666666666664,54640.0,55640.0,55600.0,0.9864568081991215,0.9694244604316546,-960.0,-0.014625228519195566,0.014625228519195566,0.012987012987012988,-0.005535055350553505,0.010693892438296871,0.01000169888810144,11727286.2,12716518.5,0.2328322663541178,1.0568553020231126,27.308595935034262,1184.4082683926733,-1057100814.0,4.081632653061225,8.904006046863184,0.009225092250922495,-0.009140767824497242,-0.01795332136445238,-0.0048469680309234375,0.03710575139146568,55900.0
2025-05-28,54300.0,56100.0,54200.0,55900.0,17516283,0.03710575139146566,0.03643390224610199,55000.0,55828.57142857143,55614.28571428572,0.018515511452873775,1900.0,-1600.0,51.36767263354396,-285.2383341174427,-180.9689629166621,-104.26937120078063,57875.43826363063,53344.56173636937,0.08147593107824609,0.5640052754152833,54833.333333333336,54680.0,55490.0,55610.0,1.0223116313094367,1.0052148894083799,-930.0,0.03710575139146566,0.03710575139146566,0.03398926654740608,0.029465930018416207,0.022789573124294152,0.016408381462110048,13671706.6,12983167.5,0.30334141397907066,1.349153278658694,27.609961122573893,1256.9505349360538,-1039584531.0,44.89795918367347,23.129251700680268,-0.014625228519195566,0.009225092250922495,-0.009140767824497242,0.01056853837439753,0.0035778175313059034,56100.0
2025-05-29,56200.0,56400.0,55600.0,56100.0,12936810,0.003577817531305927,0.0035714323675971795,55028.57142857143,55921.42857142857,55633.333333333336,0.018552313490142903,800.0,100.0,52.36015420558658,-203.30579273839248,-185.43632888100817,-17.869463857384318,57899.68910542117,53350.31089457883,0.08178657457694082,0.6044098727311688,55300.0,54960.0,55370.0,55625.0,1.0207423580786026,1.0085393258426967,-665.0,0.003577817531305927,0.003577817531305927,0.0142602495543672,-0.0017793594306049821,0.020220676623371816,0.016522422515765724,13208213.0,13162932.1,-0.26144091186469187,0.9828212970877515,27.31047838574642,1224.31121101205,-1026647721.0,48.97959183673469,32.65306122448979,0.03710575139146566,-0.014625228519195566,0.009225092250922495,0.008686113467858672,0.0017825311942959,56200.0
2025-05-30,56200.0,57200.0,55800.0,56200.0,26219683,0.0017825311942958333,0.001780944370994692,55100.0,55821.42857142857,55652.380952380954,0.0184655905748965,1400.0,0.0,52.877970924488345,-128.8195475811517,-174.11297262103687,45.293425039885165,57933.16175357693,53356.83824642307,0.08224141445150267,0.6212763912193718,56066.666666666664,55360.0,55310.0,55645.0,1.0151734104046244,1.009973941953455,-285.0,0.0017825311942958333,0.0017825311942958333,0.02491103202846975,0.0,0.018821779160987324,0.016380164737181364,16202726.6,13959140.35,1.0267502575982794,1.8783164537779005,28.018692982101577,1236.860410225475,-1000428038.0,51.02040816326531,48.29931972789115,0.003577817531305927,0.03710575139146566,-0.014625228519195566,0.01415536670568914,0.010676156583629894,56800.0
2025-06-02,56300.0,57300.0,56200.0,56800.0,12870515,0.01067615658362997,0.010619568827460351,55400.0,55814.28571428572,55700.0,0.01652826151086032,1100.0,-500.0,55.97031116190382,-21.130101402901346,-143.51639837740976,122.38629697450841,58053.99568887821,53366.00431112179,0.08414990805522207,0.7325089600573567,56366.666666666664,55780.0,55410.0,55710.0,1.0182861240588024,1.019565607610842,70.0,0.01067615658362997,0.01067615658362997,0.01936619718309859,0.008880994671403197,0.018867831875451185,0.015606636879709895,16596562.2,13951956.65,-0.509127741933417,0.9224881730119194,27.317741199022336,1227.0846666379414,-987557523.0,63.265306122448976,54.42176870748299,0.0017825311942958333,0.003577817531305927,0.03710575139146566,0.00534550176974391,0.017605633802816902,57800.0
2025-06-04,57200.0,57900.0,56800.0,57800.0,19649983,0.01760563380281699,0.017452449951226207,55914.28571428572,55842.857142857145,55809.52380952381,0.015659530384867195,1100.0,-600.0,60.609941192241095,143.25485046214453,-86.1621486094989,229.41699907164343,58307.06958046987,53462.93041953013,0.08668048959362512,0.8953230773057518,56933.333333333336,56560.0,55600.0,55885.0,1.0219236209335218,1.0342667978885212,675.0,0.01760563380281699,0.01760563380281699,0.01903114186851211,0.01048951048951049,0.014280238451517872,0.01637812905466293,17838654.8,13811745.6,0.526744112415082,1.4227009075521924,27.75833108580057,1218.007190449517,-967907540.0,83.6734693877551,65.98639455782312,0.01067615658362997,0.0017825311942958333,0.003577817531305927,0.010021440526914263,0.02249134948096886,59100.0
2025-06-05,58100.0,59900.0,57900.0,59100.0,23266027,0.02249134948096887,0.02224214873372074,56542.857142857145,55971.42857142857,56038.09523809524,0.016418499088382273,2000.0,-1000.0,65.6739007034819,374.117649211541,5.893810954709082,368.2238382568319,58845.26675308501,53374.73324691499,0.0974965871710928,1.0465646077530988,57900.0,57200.0,55940.0,56110.0,1.0332167832167831,1.0532881839244341,1090.0,0.02249134948096887,0.02249134948096887,0.0338409475465313,0.01721170395869191,0.008882341328355175,0.017186861216461093,18988603.6,14118197.4,0.18402275462528395,1.647946004778202,27.949490989244797,1281.00667684598,-944641513.0,87.09677419354838,78.01184990125081,0.01760563380281699,0.01067615658362997,0.0017825311942958333,0.016924379955805275,0.011844331641285956,59800.0
2025-06-09,60400.0,60400.0,59500.0,59800.0,19609659,0.011844331641285955,0.011774736544533537,57385.71428571428,56185.71428571428,56285.71428571428,0.011920855263391102,900.0,600.0,68.0553487819598,606.5700681837334,126.02906240051395,480.5410057832194,59465.73560682663,53274.26439317337,0.10983628195233744,1.0539878781050065,58900.0,57940.0,56450.0,56370.0,1.032102174663445,1.0608479687777186,1570.0,0.011844331641285955,0.011844331641285955,0.015050167224080268,-0.009933774834437087,0.007806936056007192,0.0150024384865006,20323173.4,14282653.75,-0.15715480773747925,1.3729702717185872,27.79029374887371,1282.363342785553,-925031854.0,91.04477611940298,87.27167323356882,0.02249134948096887,0.01760563380281699,0.01067615658362997,0.017313771641690606,-0.010033444816053512,59200.0
2025-06-10,60000.0,60100.0,58800.0,59200.0,15305760,-0.010033444816053505,-0.010084119066626047,57857.142857142855,56428.57142857143,56504.76190476191,0.010788570242100573,1300.0,800.0,63.95936082081908,733.9151819860635,247.6062863176239,486.3088956684396,59837.60640602073,53342.39359397927,0.11477668867364298,0.9018344087450574,59366.666666666664,58540.0,56950.0,56590.0,1.0112743423300308,1.046121222830889,1950.0,-0.010033444816053505,0.010033444816053505,0.02195945945945946,-0.013333333333333334,0.012427205002886651,0.015124888272562833,18140388.8,14657225.65,-0.21947852331343443,1.044246733009804,27.532416606976827,1283.6231040151563,-940337614.0,82.08955223880596,86.74370085058577,0.011844331641285955,0.02249134948096887,0.01760563380281699,0.00810074543540044,0.011824324324324325,59900.0
2025-06-11,59500.0,60100.0,59400.0,59900.0,13610734,0.011824324324324342,0.011754963231443684,58400.0,56714.28571428572,56747.619047619046,0.010646647411564299,700.0,-400.0,66.49310120945842,881.1637448569963,374.3177780254984,506.84596683149795,60252.25987652226,53157.74012347774,0.1251127722959971,0.9503476079024109,59633.333333333336,59160.0,57470.0,56705.0,1.0125084516565246,1.0563442377215413,2455.0,0.011824324324324342,0.011824324324324342,0.011686143572621035,0.0067226890756302525,0.012441485562241235,0.015152164125262834,18288432.6,14567027.25,-0.11074432109219012,0.9343522028490748,27.426801088211334,1256.2214537283594,-926726880.0,92.53731343283582,88.55721393034825,-0.010033444816053505,0.011844331641285955,0.02249134948096887,0.004545070383185597,-0.00667779632721202,59500.0
2025-06-12,59700.0,60000.0,59300.0,59500.0,17755115,-0.006677796327211993,-0.006700192569819562,58871.42857142857,56985.71428571428,56838.09523809524,0.012044146438495456,700.0,200.0,63.7357057048174,954.5788440310062,490.36999122659995,464.2088528044062,60596.452686901066,53073.547313098934,0.13236395484828242,0.8542514318046099,59533.333333333336,59500.0,58030.0,56835.0,1.0,1.0468901205243248,2665.0,-0.006677796327211993,0.006677796327211993,0.011764705882352941,-0.0033500837520938024,0.013763908184966443,0.01392058147538545,17909459.0,14612642.95,0.3044935710300414,1.215051586544103,27.685915792921737,1216.4913498906194,-944481995.0,86.56716417910448,87.0646766169154,0.011824324324324342,-0.010033444816053505,0.011844331641285955,-0.0016289722729803853,-0.020168067226890758,58300.0
2025-06-13,60200.0,60200.0,57700.0,58300.0,20705979,-0.020168067226890796,-0.020374219195137423,59085.71428571428,57242.857142857145,56904.76190476191,0.016024746542340776,2500.0,1900.0,56.2054940658723,905.4929092638558,573.3945748340511,332.0983344298047,60691.119465321586,53068.880534678414,0.1340056070788181,0.6862969677178801,59233.333333333336,59340.0,58270.0,56880.0,0.9824738793394001,1.0249648382559775,2460.0,-0.020168067226890796,0.020168067226890796,0.04288164665523156,-0.03156146179401993,0.014117475736633377,0.013306879689595645,17397449.4,15024537.45,0.16619796605090986,1.378144190389036,27.819290429448312,1308.1705391841465,-965187974.0,68.65671641791045,82.58706467661692,-0.006677796327211993,0.011824324324324342,-0.010033444816053505,-0.005007179743259482,-0.018867924528301886,57200.0
2025-06-16,58000.0,58100.0,56900.0,57200.0,22200872,-0.018867924528301883,-0.019048194970694474,59000.0,57457.142857142855,56895.23809523809,0.01673572078471773,1200.0,800.0,50.33480721082248,768.9669728022491,612.5090544276907,156.4579183745584,60684.06121878171,53065.93878121829,0.13394500989122496,0.5426614303804689,58333.333333333336,58820.0,58380.0,56875.0,0.97245834750085,1.0057142857142858,1945.0,-0.018867924528301883,0.018867924528301883,0.02097902097902098,-0.013793103448275862,0.012864512782681074,0.015199272897918996,17915692.0,15477594.25,0.07219619994785087,1.4343877763819788,27.869951302719052,1314.7297863852789,-987388846.0,52.23880597014925,69.15422885572139,-0.020168067226890796,-0.006677796327211993,0.011824324324324342,-0.015237929360801558,0.015734265734265736,58100.0
2025-06-17,57800.0,59800.0,57400.0,58100.0,28637003,0.01573426573426584,0.015611765472113433,58857.142857142855,57700.0,56933.333333333336,0.01529418232072444,2400.0,-300.0,54.52043808779487,725.0339231778853,635.0140281777296,90.01989500015566,60787.84286800382,53092.15713199618,0.13515429813852545,0.6507338059001593,57866.666666666664,58600.0,58570.0,56940.0,0.9914675767918089,1.0203723217421847,1660.0,0.01573426573426584,0.01573426573426584,0.04130808950086059,0.005190311418685121,0.016798824336306407,0.01580065921413841,20581940.6,16390176.8,0.28990442357399293,1.7472052528438862,28.140131193567022,1406.5348016434734,-958751843.0,65.15151515151516,62.015679179858274,-0.018867924528301883,-0.020168067226890796,-0.006677796327211993,-0.0077672420069756125,0.029259896729776247,59800.0
2025-06-18,58000.0,59800.0,57900.0,59800.0,17620705,0.029259896729776358,0.028839997098720614,58857.142857142855,58121.42857142857,57076.19047619047,0.01887757219409109,1900.0,-1800.0,61.176202075804184,817.9634834644603,671.6039192350759,146.35956422938443,61150.72247068378,53129.27752931622,0.14038230558921178,0.8316110774858104,58366.666666666664,58580.0,58870.0,57140.0,1.0208262205530898,1.0465523276163808,1440.0,0.029259896729776358,0.029259896729776358,0.03177257525083612,0.03103448275862069,0.02185719319863231,0.017721957193033842,21383934.8,16781106.8,-0.384687531722506,1.0500323494753039,27.683346128962285,1441.782315811797,-941131138.0,90.3225806451613,69.23763392227522,0.01573426573426584,-0.018867924528301883,-0.020168067226890796,0.008708745978580104,-0.010033444816053512,59200.0
2025-06-19,60500.0,60600.0,59000.0,59200.0,16876278,-0.010033444816053505,-0.010084119066626047,58857.142857142855,58357.142857142855,57238.09523809524,0.01887757219409109,1600.0,1300.0,57.95259893418273,833.5867744757124,704.0004902832032,129.5862841925092,61372.056351764346,53237.943648235654,0.14194420562828186,0.7329694791637105,59033.333333333336,58520.0,59010.0,57305.0,1.01161995898838,1.0330686676555274,1215.0,-0.010033444816053505,0.010033444816053505,0.02702702702702703,-0.021487603305785124,0.02215742894366791,0.017745025652924407,21208167.4,17170891.85,-0.04224728806253775,0.9828422511437575,27.630096346061674,1453.083578968097,-958007416.0,72.0,75.82469859889214,0.029259896729776358,0.01573426573426584,-0.018867924528301883,0.011653572549329564,0.005067567567567568,59500.0
2025-06-20,59400.0,59800.0,59100.0,59500.0,18072251,0.0050675675675675436,0.005054770661624054,58800.0,58600.0,57409.52380952381,0.018344548289823237,700.0,-100.0,59.11271650306303,860.2593041913642,735.2522530648355,125.00705112652872,61601.208393204935,53388.791606795065,0.1428370603775958,0.7441425042282228,59500.0,58760.0,59050.0,57495.0,1.0125936010891763,1.0348725976171842,1265.0,0.0050675675675675436,0.0050675675675675436,0.011764705882352941,0.0016835016835016834,0.019342345604172962,0.016370211675406306,20681421.8,17684795.35,0.07086710707183186,1.0219089699559345,27.703619817457067,1399.2918947560902,-939935165.0,77.08333333333333,79.80197132616486,-0.010033444816053505,0.029259896729776358,0.01573426573426584,0.008098006493763465,-0.025210084033613446,58000.0
2025-06-23,58400.0,58500.0,57600.0,58000.0,16551694,-0.025210084033613467,-0.025533302005164762,58585.71428571428,58728.57142857143,57519.04761904762,0.020572915949019277,900.0,400.0,51.46656778186274,751.6949408154105,738.5407906149505,13.15415020045998,61552.98965077718,53767.01034922282,0.13503259281225033,0.5436682383591906,58900.0,58920.0,58870.0,57660.0,0.9843856076035302,1.005896635449185,1260.0,-0.025210084033613467,0.025210084033613467,0.015517241379310345,-0.00684931506849315,0.021340638758542745,0.017728589605402512,19551586.2,17749666.15,-0.08413766497598996,0.9325073418352717,27.590197300574342,1435.0567594163695,-956486859.0,40.90909090909091,63.330808080808076,0.0050675675675675436,-0.010033444816053505,0.029259896729776358,-0.01005865376069981,0.04310344827586207,60500.0
2025-06-24,59400.0,60600.0,59300.0,60500.0,23737899,0.0431034482758621,0.04220035449037647,58900.0,58992.857142857145,57795.23809523809,0.025173921715126016,1300.0,-1100.0,60.61123012395044,857.5012664802198,762.3328857880044,95.16838069221535,61705.316763748124,54244.683236251876,0.12868708111248378,0.8384431081749404,59333.333333333336,59400.0,59000.0,57975.0,1.0185185185185186,1.0435532557136697,1425.0,0.0431034482758621,0.0431034482758621,0.021487603305785124,0.018518518518518517,0.02792844577545525,0.022639486270310274,18571765.4,18374205.35,0.434167342629703,1.2919143194402145,27.9929820868278,1518.266990886629,-932748960.0,97.36842105263158,71.78694843168526,-0.025210084033613467,0.0050675675675675436,-0.010033444816053505,0.007653643936605392,0.013223140495867768,61300.0
2025-06-25,61500.0,61600.0,60300.0,61300.0,23933612,0.013223140495867813,0.013136477905369981,59485.71428571428,59242.857142857145,58133.333333333336,0.0228162764055446,1300.0,200.0,63.01289117979988,994.4435299899051,808.7550146283845,185.68851536152056,61982.79968545342,54627.20031454658,0.12615726560169527,0.9071728011514524,59933.333333333336,59700.0,59140.0,58305.0,1.0268006700167505,1.05136780722065,1395.0,0.013223140495867813,0.013223140495867813,0.021207177814029365,-0.0032520325203252032,0.02577734580563716,0.022708380380212348,19834346.8,19025819.1,0.008244748197808072,1.2579543553002666,28.014329510661582,1502.676491537584,-908815348.0,93.61702127659575,77.29817774610606,0.0431034482758621,-0.025210084033613467,0.0050675675675675436,0.010372168246038815,-0.01794453507340946,60200.0
2025-06-26,61300.0,61300.0,59900.0,60200.0,19402300,-0.01794453507340943,-0.018107490627390328,59785.71428571428,59321.42857142857,58395.23809523809,0.0248735124670333,1400.0,1100.0,57.794758331812176,1002.6524996343651,847.5345116295807,155.11798800478437,61747.19817425408,55492.80182574592,0.10669389881453706,0.7526223014914735,60666.666666666664,59900.0,59210.0,58620.0,1.005008347245409,1.0269532582736267,1280.0,-0.01794453507340943,0.01794453507340943,0.023255813953488372,-0.01794453507340946,0.027154453921909415,0.023482994275467687,20339551.2,19323958.1,-0.18932838052192036,1.004054133195414,27.786329805005067,1495.3424564277566,-928217648.0,70.2127659574468,87.06606942889137,0.013223140495867813,0.0431034482758621,-0.025210084033613467,0.01279401789944016,0.009966777408637873,60800.0
2025-06-27,60100.0,61600.0,60000.0,60800.0,17340470,0.009966777408637828,0.009917436657345924,59928.57142857143,59392.857142857145,58723.80952380953,0.022801947800221947,1600.0,-700.0,59.75255372808925,1045.521037109269,887.1318167255183,158.38922038375063,61859.92553285951,55870.07446714049,0.10175573032734256,0.8230464294971119,60766.666666666664,60160.0,59460.0,58865.0,1.0106382978723405,1.032871825363119,1295.0,0.009966777408637828,0.009966777408637828,0.02631578947368421,0.011647254575707155,0.027306453918966387,0.022309605399341355,20193195.0,19315167.45,-0.10626729820691361,0.8977644146698817,27.683898701864177,1502.8179952543453,-910877178.0,82.97872340425532,82.26950354609927,-0.01794453507340943,0.013223140495867813,0.0431034482758621,0.0017484609436987375,-0.01644736842105263,59800.0
2025-06-30,61200.0,61200.0,59800.0,59800.0,17110294,-0.016447368421052655,-0.016584128015535295,60014.28571428572,59435.71428571428,58909.52380952381,0.023514818703581124,1400.0,1400.0,55.15995747435964,987.4206486681287,907.1895831140405,80.23106555408822,61770.29410174807,56329.70589825193,0.09213527863668314,0.6378527416425392,60266.666666666664,60520.0,59720.0,59050.0,0.9881031064111038,1.012701100762066,1470.0,-0.016447368421052655,0.016447368421052655,0.023411371237458192,-0.02287581699346405,0.025105163574628053,0.022040246483011422,20304915.0,19523841.65,-0.01327391933436639,0.8763794701233915,27.653951768594407,1495.4738527361778,-927987472.0,61.702127659574465,71.63120567375886,0.009966777408637828,-0.01794453507340943,0.013223140495867813,-0.008141708695274752,0.006688963210702341,60200.0
2025-07-01,60400.0,61100.0,60200.0,60200.0,13650991,0.006688963210702337,0.006666691358189297,60114.28571428572,59457.142857142855,59104.76190476191,0.023563951446057257,900.0,200.0,56.596989108716585,962.5565762579135,918.2629817428151,44.29359451509845,61658.31891575956,56841.68108424044,0.08129346551087131,0.6972330146525421,60266.666666666664,60460.0,59930.0,59250.0,0.9956996361230566,1.0160337552742615,1210.0,0.006688963210702337,0.006688963210702337,0.014950166112956811,-0.0033112582781456954,0.015061367120056287,0.02171907570380167,18287533.4,18895407.05,-0.2021767130360238,0.7224502210445898,27.43475030899067,1481.5114346835937,-914336481.0,70.2127659574468,71.63120567375886,-0.016447368421052655,0.009966777408637828,-0.01794453507340943,6.945739942916991e-05,0.009966777408637873,60800.0
2025-07-02,60200.0,60900.0,59800.0,60800.0,15047951,0.009966777408637828,0.009917436657345924,60514.28571428572,59550.0,59323.80952380953,0.020330444462483086,1100.0,-600.0,58.73335397909203,979.9701197968316,930.6044093536185,49.36571044321306,61657.6422288341,57242.3577711659,0.07426887229046587,0.8057560646303099,60266.666666666664,60360.0,60030.0,59450.0,1.0072895957587806,1.022708158116064,910.0,0.009966777408637828,0.009966777408637828,0.018092105263157895,0.009966777408637873,0.014351525437510913,0.01999113160201569,16510401.2,19004278.85,0.10233396242075021,0.7918191013072826,27.542097461666376,1454.26061792048,-899288530.0,82.97872340425532,71.63120567375886,0.006688963210702337,-0.016447368421052655,0.009966777408637828,6.945739942916991e-05,0.049342105263157895,63800.0
2025-07-03,61300.0,63800.0,61100.0,63800.0,32040639,0.049342105263157965,0.04816340137862294,60985.71428571428,59942.857142857145,59657.142857142855,0.022111083834178542,2700.0,-2500.0,67.37915859300367,1221.7616981273604,988.835867108367,232.92583101899345,62561.629982394545,56938.370017605455,0.09411313748600986,1.2202227934258243,61600.0,61080.0,60490.0,59750.0,1.0445317616240994,1.0677824267782428,1330.0,0.049342105263157965,0.049342105263157965,0.04231974921630094,0.040783034257748776,0.023664921756605835,0.024403908055683272,19038069.0,19623811.65,1.129236000303297,1.6327428927396987,28.34602409311915,1564.6705737833029,-867247891.0,100.0,84.39716312056737,0.009966777408637828,0.006688963210702337,-0.016447368421052655,0.02199928196083271,-0.007836990595611285,63300.0
2025-07-04,64700.0,64700.0,63000.0,63300.0,23748959,-0.00783699059561127,-0.007867861200613679,61271.42857142857,60378.57142857143,59919.04761904762,0.022651104149767735,1700.0,1400.0,64.93722742031707,1357.3902942766,1062.5467525420136,294.8435417345863,63166.834806111685,56753.165193888315,0.1069658040731049,1.0207627149416185,62633.333333333336,61580.0,60870.0,59960.0,1.0279311464761287,1.0557038025350234,1620.0,-0.00783699059561127,0.00783699059561127,0.026856240126382307,-0.021638330757341576,0.025311329404143993,0.024899186473035066,20319766.8,19647958.25,-0.2587863494233058,1.208724015891066,28.03868986403828,1574.3369613702098,-890996850.0,80.82191780821918,87.93354707082483,0.049342105263157965,0.009966777408637828,0.006688963210702337,0.017157297358728174,-0.02527646129541864,61700.0
2025-07-07,62900.0,63300.0,61700.0,61700.0,17164708,-0.025276461295418606,-0.025601398238788337,61485.71428571428,60635.71428571428,60042.857142857145,0.024037139356632473,1600.0,1200.0,57.72740552492553,1320.5478520086108,1114.146972435333,206.40087957327773,63353.149401359704,56756.850598640296,0.10983762888551174,0.7493822746965052,62933.333333333336,61960.0,61240.0,60055.0,0.9958037443511943,1.0273915577387396,1905.0,-0.025276461295418606,0.025276461295418606,0.02593192868719611,-0.019077901430842606,0.02767111976468107,0.02490858184097238,20330649.6,19525710.7,-0.2772437730849592,0.8790823680492204,27.68840518326333,1576.170035558052,-908161558.0,57.74647887323944,79.52279889381953,-0.00783699059561127,0.049342105263157965,0.009966777408637828,0.005409551124042696,-0.004862236628849271,61400.0
2025-07-08,61600.0,62400.0,61000.0,61400.0,20213724,-0.004862236628849326,-0.004874095758245407,61571.42857142857,60750.0,60119.04761904762,0.02403075221569138,1400.0,200.0,56.46159160747804,1252.7020883854566,1141.857995625358,110.84409276009865,63489.72396954835,56840.27603045165,0.11052020176342894,0.6857297043771982,62133.333333333336,62200.0,61330.0,60165.0,0.9871382636655949,1.0205268844012299,2035.0,-0.004862236628849326,0.004862236628849326,0.02280130293159609,-0.003246753246753247,0.028137689277100548,0.02145045982521045,21643196.2,19771108.9,0.1776328499150699,1.0223869638389378,27.847037451756332,1563.5864615896198,-928375282.0,53.521126760563384,64.02984114734066,-0.025276461295418606,-0.00783699059561127,0.049342105263157965,-0.012658562839959734,-0.016286644951140065,60400.0
2025-07-09,61400.0,61400.0,60200.0,60400.0,17533415,-0.016286644951140072,-0.01642073021232752,61657.142857142855,60835.71428571428,60176.19047619047,0.02401043914340574,1200.0,1000.0,52.341583126487,1105.4986885281614,1134.5861342059188,-29.087445677757387,63513.85318568753,56866.14681431247,0.11044536254153603,0.5315898429124755,61166.666666666664,62120.0,61240.0,60190.0,0.9723116548615582,1.0034889516530985,1930.0,-0.016286644951140072,0.016286644951140072,0.019867549668874173,-0.016286644951140065,0.02923617488955671,0.021714543482635774,22140289.0,19967242.95,-0.1325984761640161,0.8781089629602569,27.688363430747508,1537.6160000475043,-945908697.0,39.436619718309856,50.234741784037546,-0.004862236628849326,-0.025276461295418606,-0.00783699059561127,-0.015475114291802669,0.009933774834437087,61000.0
2025-07-10,60600.0,61200.0,60400.0,61000.0,14768473,0.009933774834437026,0.009884759232541925,61771.42857142857,60942.857142857145,60228.57142857143,0.024157856342369707,800.0,-400.0,54.487493982060215,1025.433361705167,1112.7555797057685,-87.32221800060142,63590.99015727962,56939.00984272038,0.11037883206768846,0.6104934117726265,60933.333333333336,61560.0,61320.0,60265.0,0.99090318388564,1.0121961337426366,1295.0,0.009933774834437026,0.009933774834437026,0.013114754098360656,0.006600660066006601,0.013180380555164387,0.021117131306614145,18685855.8,19817910.85,-0.15769557727345185,0.7452083679143202,27.526634407079147,1484.929142901254,-931140224.0,47.88732394366197,46.94835680751172,-0.016286644951140072,-0.004862236628849326,-0.025276461295418606,-0.003738368915184124,0.02622950819672131,62600.0
2025-07-11,61300.0,62800.0,61200.0,62600.0,19140650,0.026229508196721207,0.02589141393274149,62028.57142857143,61271.42857142857,60376.19047619047,0.025745283468505537,1600.0,-1300.0,59.69876686856956,1078.6535944027637,1105.9351826451675,-27.281588242403814,63827.01752546869,57132.98247453131,0.11068179647713926,0.8166998654575511,61333.333333333336,61420.0,61500.0,60480.0,1.0192119830674047,1.03505291005291,940.0,0.026229508196721207,0.026229508196721207,0.025559105431309903,0.021207177814029365,0.020575474798118134,0.02242567968268504,17764194.0,19739644.4,0.2960480071297824,0.9696552588353619,27.81184546079405,1507.4342041225932,-911999574.0,61.111111111111114,49.47835159102763,0.009933774834437026,-0.016286644951140072,-0.004862236628849326,0.00662554602667272,-0.001597444089456869,62500.0
2025-07-14,62300.0,62600.0,61800.0,62500.0,13563846,-0.0015974440894568342,-0.0015987213636969929,61842.857142857145,61414.28571428572,60576.19047619047,0.016935256618647417,800.0,-200.0,59.24219525147228,1100.0808012809066,1104.7643063723153,-4.683505091408733,63827.36068110565,57662.63931889435,0.10148524754648622,0.7846843996482715,62033.333333333336,61580.0,61770.0,60745.0,1.014939915556999,1.0288912667709276,835.0,-0.0015974440894568342,0.0015974440894568342,0.0128,0.0032102728731942215,0.01614087985637956,0.021454793805609496,17044021.6,19307793.1,-0.2913591753676077,0.7025062848845215,27.46584026430587,1456.903189542408,-925563420.0,55.10204081632653,54.700158623699856,0.026229508196721207,0.009933774834437026,-0.016286644951140072,0.011521946313900466,0.0192,63700.0
2025-07-15,62300.0,63800.0,62000.0,63700.0,18442202,0.019200000000000106,0.01901800583576195,61900.0,61585.71428571428,60885.71428571428,0.01859872037794982,1800.0,-1400.0,62.90815671292941,1200.0584613560204,1123.8231373690564,76.23532398696398,64113.09258110548,57936.90741889452,0.10120745861877843,0.933115253144775,62933.333333333336,62040.0,62120.0,61025.0,1.0267569310122502,1.0438344940598117,1015.0,0.019200000000000106,0.019200000000000106,0.0282574568288854,0.02247191011235955,0.016898044396099293,0.021947318692591956,16689717.2,18798053.05,0.35965875755298304,0.9810697922251049,27.79209202484121,1481.410104575093,-907121218.0,79.59183673469387,65.26832955404383,-0.0015974440894568342,0.026229508196721207,0.009933774834437026,0.014610688035754826,0.015698587127158554,64700.0
2025-07-16,63700.0,64700.0,63100.0,64700.0,23042660,0.01569858712715866,0.01557663892873732,62328.57142857143,61907.142857142855,61200.0,0.0149795976530685,1600.0,-1000.0,65.67857803301213,1344.4847367840339,1167.955457252052,176.52927953198196,64706.705889136574,57833.294110863426,0.11218233684140931,0.999024372560106,63633.333333333336,62900.0,62510.0,61270.0,1.028616852146264,1.0559817202546107,1630.0,0.01569858712715866,0.01569858712715866,0.02472952086553323,0.015698587127158554,0.01047906425087501,0.022139874831959734,17791566.2,19069150.8,0.24945274973129572,1.2083736838454284,28.03037431900652,1489.8808113911577,-884078558.0,100.0,78.23129251700679,0.019200000000000106,-0.0015974440894568342,0.026229508196721207,0.01110038101256731,0.030911901081916538,66700.0
2025-07-17,65900.0,66800.0,64400.0,66700.0,39448683,0.03091190108191655,0.030443751414723164,63085.71428571428,62328.57142857143,61528.57142857143,0.01628965970419614,2400.0,-800.0,70.43480745607555,1601.8616222414857,1254.7366902499389,347.1249319915469,65709.98527219506,57580.01472780494,0.13188369769470545,1.1217734704448683,65033.333333333336,64040.0,62800.0,61645.0,1.0415365396627108,1.0820017844107388,2395.0,0.03091190108191655,0.03091190108191655,0.035982008995502246,0.012139605462822459,0.01250199124389017,0.018667899070369535,22727608.2,20197771.05,0.7119847708554481,1.9531206142669886,28.598471452572575,1554.8893248632178,-844629875.0,98.57142857142857,92.72108843537414,0.01569858712715866,0.019200000000000106,-0.0015974440894568342,0.021936829403025104,0.005997001499250375,67100.0
2025-07-18,67000.0,67800.0,66300.0,67100.0,23951531,0.0059970014992503096,0.0059790910560580095,64042.857142857145,62850.0,61904.76190476191,0.011229899428246332,1500.0,-100.0,71.29168718957963,1817.1641778307603,1367.2221877661032,449.94199006465715,66630.66013326675,57419.33986673325,0.14850979873492137,1.0509525076919162,66166.66666666667,64940.0,63180.0,62025.0,1.0332614721281184,1.0818218460298268,2915.0,0.0059970014992503096,0.0059970014992503096,0.022354694485842028,0.0014925373134328358,0.012482558028379156,0.018148258710980525,23689784.4,20491735.05,-0.39284333015629447,1.168838604518264,28.10548212758191,1550.9686588015593,-820678344.0,91.25,96.60714285714285,0.03091190108191655,0.01569858712715866,0.019200000000000106,0.017535829902775173,0.010432190760059613,67800.0
2025-07-21,67400.0,68800.0,67200.0,67800.0,17723148,0.010432190760059523,0.010378150968713688,65014.28571428572,63392.857142857145,62300.0,0.011193728828451105,1600.0,-400.0,72.77855729641078,2020.9805484168828,1497.9738598962592,523.0066885206236,67394.72173494873,57635.278265051275,0.1561136282475799,1.041526780323215,67200.0,66000.0,63790.0,62515.0,1.0272727272727273,1.0845397104694874,3485.0,0.010432190760059523,0.010432190760059523,0.02359882005899705,0.005934718100890208,0.00952303639359648,0.014447305094142635,24521644.8,20550307.75,-0.26004112221469267,0.8624273765437892,27.814699613662416,1561.613754601448,-802955196.0,88.88888888888889,92.90343915343915,0.0059970014992503096,0.03091190108191655,0.01569858712715866,0.01578036444707546,-0.02654867256637168,66000.0
2025-07-22,68100.0,68500.0,65600.0,66000.0,20829006,-0.026548672566371723,-0.02690745291992438,65500.0,63764.28571428572,62680.95238095238,0.018264478634889593,2900.0,2100.0,63.64961816164097,2014.044878096407,1601.1880635362888,412.8568145601182,67809.49882170095,57770.50117829904,0.15988210930724497,0.8197530385027795,66966.66666666667,66460.0,64250.0,62790.0,0.9930785434848028,1.051122790253225,3670.0,-0.026548672566371723,0.026548672566371723,0.04393939393939394,-0.030837004405286344,0.02112640043179933,0.018035682070223588,24999005.6,20404863.1,0.17524302116080048,1.020786363423335,27.949267113472686,1657.212772129916,-823784202.0,67.44186046511628,82.52691645133505,0.010432190760059523,0.0059970014992503096,0.03091190108191655,-0.0033731601023539635,0.006060606060606061,66400.0
2025-07-23,66200.0,66500.0,64900.0,66400.0,15687058,0.0060606060606061,0.006042314455962662,66057.14285714286,63950.0,62961.90476190476,0.017849809339178173,1600.0,-200.0,64.7090011373087,2017.567701884116,1684.4639912058542,333.1037106782619,68260.14999532026,57829.85000467975,0.16544214435150303,0.821659012972835,66733.33333333333,66800.0,64850.0,63045.0,0.9940119760479041,1.0532159568562138,3755.0,0.0060606060606061,0.0060606060606061,0.024096385542168676,0.0030211480362537764,0.020601493940656048,0.016050276893098694,23527885.2,19992535.4,-0.24686478077734486,0.7846457533345171,27.671798934626025,1653.1261455492076,-808097144.0,72.09302325581395,76.14125753660636,-0.026548672566371723,0.010432190760059523,0.0059970014992503096,-0.0033519585819020334,-0.006024096385542169,66000.0
2025-07-24,66500.0,66800.0,65900.0,66000.0,12660193,-0.0060240963855421326,-0.006042314455962586,66385.71428571429,64142.857142857145,63185.71428571428,0.01793602521362751,900.0,500.0,62.73988024048461,1965.426692579509,1740.6565314805853,224.77016109892384,68529.03504031351,58140.96495968649,0.1640178429087711,0.756544283906019,66133.33333333333,66660.0,65350.0,63335.0,0.9900990099009901,1.0420778400568407,3325.0,-0.0060240963855421326,0.0060240963855421326,0.013636363636363636,-0.007518796992481203,0.015019271535295139,0.016793025293114387,18170187.2,19655430.05,-0.19295300622972134,0.6441066396306093,27.45138324043958,1599.3314208671213,-820757337.0,67.44186046511628,68.99224806201549,0.0060606060606061,-0.026548672566371723,0.010432190760059523,-0.008837387630435919,-0.0015151515151515152,65900.0
2025-07-25,65700.0,66300.0,65500.0,65900.0,8080910,-0.0015151515151514694,-0.0015163005179639638,66557.14285714286,64442.857142857145,63457.142857142855,0.017422976830086846,800.0,-200.0,62.23004192488012,1894.2002414994931,1771.365273484367,122.83496801512615,68760.72732336912,58419.27267663087,0.16262705844847072,0.7233728308936296,66100.0,66420.0,65680.0,63590.0,0.9921710328214394,1.0363264664255387,2830.0,-0.0015151515151514694,0.0015151515151514694,0.012139605462822459,0.0030441400304414,0.014379336833302588,0.01571019876018248,14996063.0,19192452.05,-0.36170720304184933,0.4210462518779616,27.00090876841055,1542.2363193766128,-828838247.0,66.27906976744185,68.60465116279067,-0.0060240963855421326,0.0060606060606061,-0.026548672566371723,-0.0004928806133625008,0.06828528072837632,70400.0
2025-07-28,68200.0,70400.0,67200.0,70400.0,35332500,0.06828528072837625,0.06605482165553511,67085.71428571429,65085.71428571428,63914.28571428572,0.0285471342326035,3200.0,-2200.0,72.901631722208,2175.78407337128,1852.2490334617498,323.53503990953027,69802.69765442288,58437.30234557712,0.177251954286428,1.0525544716524056,67433.33333333333,66940.0,66470.0,64120.0,1.0516880788766059,1.0979413599500936,2820.0,0.06828528072837625,0.06828528072837625,0.045454545454545456,0.03225806451612903,0.03577319938135346,0.025072974598149184,18517933.4,20103562.35,3.3723417288399453,1.7575243324972203,28.54226232037098,1753.5051537068546,-793505747.0,100.0,77.90697674418603,-0.0015151515151514694,-0.0060240963855421326,0.0060606060606061,0.02024867760922755,0.002840909090909091,70600.0
2025-07-29,70800.0,70800.0,68800.0,70600.0,28190940,0.0028409090909091717,0.0028368813351997567,67585.71428571429,65814.28571428571,64428.57142857143,0.02860358490981943,2000.0,200.0,73.26320319738225,2387.5573425201655,1959.3106952734329,428.24664724673266,70702.96783327874,58577.032166721256,0.18759182652471362,0.9915084628427707,68966.66666666667,67860.0,67160.0,64640.0,1.040377247273799,1.0922029702970297,3220.0,0.0028409090909091717,0.0028409090909091717,0.028328611898016998,-0.002824858757062147,0.030725032578953638,0.02510277829625632,19990320.2,20830559.8,-0.20212438972617275,1.3533452903171617,28.31929663117405,1771.1119284420793,-765314807.0,98.07692307692308,88.11866428145497,0.06828528072837625,-0.0015151515151514694,-0.0060240963855421326,0.023203679434711317,0.028328611898016998,72600.0
2025-07-30,71000.0,73700.0,70600.0,72600.0,34761444,0.028328611898017053,0.027934777331554066,68271.42857142857,66642.85714285714,65019.04761904762,0.02967195492836622,3100.0,-1600.0,76.62240121010737,2685.8120993459743,2104.6109760879413,581.201123258033,71977.50636200274,58482.493637997264,0.20688353095209983,1.046127680701623,71200.0,69100.0,67950.0,65230.0,1.0506512301013025,1.1129848229342327,3870.0,0.028328611898017053,0.028328611898017053,0.04269972451790634,0.022535211267605635,0.030912587223402295,0.025697712062971768,23805197.4,21816234.45,0.23307147615510515,1.5933750656956294,28.556739600314206,1866.0325049819307,-730553363.0,91.2,96.42564102564101,0.0028409090909091717,0.06828528072837625,-0.0015151515151514694,0.03315160057243416,-0.01652892561983471,71400.0
2025-07-31,73000.0,74000.0,71000.0,71400.0,26568072,-0.016528925619834656,-0.016667052485211647,69042.85714285714,67271.42857142857,65523.80952380953,0.027752518148904483,3000.0,1600.0,70.86907587828006,2793.153437607274,2242.319468391808,550.8339692154659,72856.02250239863,58363.97749760137,0.22088164921196854,0.8995295348643587,71533.33333333333,70180.0,68420.0,65610.0,1.0173838700484468,1.0882487425697303,4570.0,-0.016528925619834656,0.016528925619834656,0.04201680672268908,-0.021917808219178082,0.033254399827469354,0.026167928053973655,26586773.2,21542606.1,-0.2357028666588189,1.2332803132857728,28.27127390039035,1947.030183197507,-757121435.0,78.68852459016394,89.321815889029,0.028328611898017053,0.0028409090909091717,0.06828528072837625,0.004880198456363856,-0.0350140056022409,68900.0
2025-08-01,70200.0,72000.0,68800.0,68900.0,24038534,-0.03501400560224088,-0.0356416913259258,69400.0,67728.57142857143,65766.66666666667,0.03302380240331108,3200.0,1300.0,60.6514940547351,2645.9917688649,2323.0539284864267,322.93784037847354,73192.7464192016,58587.25358079839,0.22166478734866016,0.7060868491945445,70966.66666666667,70780.0,68600.0,65890.0,0.9734388245267025,1.045682197602064,4890.0,-0.03501400560224088,0.03501400560224088,0.04644412191582003,-0.018518518518518517,0.04035324362512244,0.02938199566530373,29778298.0,21557084.85,-0.09520969380089006,1.1151106082880218,28.135580141077003,2036.528027254828,-781159969.0,57.5,75.79617486338798,-0.016528925619834656,0.028328611898017053,0.0028409090909091717,-0.007738106441352828,0.011611030478955007,69700.0
2025-08-04,69500.0,70200.0,68700.0,69700.0,14780072,0.011611030478954953,0.01154413974686526,69928.57142857143,68157.14285714286,66071.42857142857,0.032686120572305286,1500.0,-200.0,62.51398957943978,2564.358076615288,2371.314758112199,193.04331850308927,73502.24105619297,59077.75894380703,0.21759665277396203,0.7364036346977003,70000.0,70640.0,68790.0,66290.0,0.9866930917327293,1.051440639613818,4350.0,0.011611030478954953,0.011611030478954953,0.021520803443328552,0.0028776978417266188,0.024643595293620105,0.029417330048870077,25667812.4,21437853.05,-0.38515085820125305,0.6894380685196458,27.66074594166995,1998.204596736626,-766379897.0,60.55045871559633,65.57966110192008,-0.03501400560224088,-0.016528925619834656,0.028328611898017053,-0.013310633581040196,0.0028694404591104736,69900.0
2025-08-05,71000.0,71500.0,69700.0,69900.0,14392903,0.0028694404591105283,0.002865331473286427,70500.0,68528.57142857143,66461.90476190476,0.03251968078130995,1800.0,1100.0,62.98568472077523,2487.1310177118576,2394.478010032131,92.65300767972667,73712.52587855568,59717.47412144432,0.20977369043110783,0.7275804373772032,69500.0,70500.0,69180.0,66715.0,0.9914893617021276,1.0477403882185417,3785.0,0.0028694404591105283,0.0028694404591105283,0.02575107296137339,-0.015492957746478873,0.024644928070162584,0.027527692634187532,22908205.0,21146812.0,-0.026195339237860327,0.6806180997873343,27.637066724057792,1984.0471255411526,-751986994.0,57.291666666666664,58.44737512742099,0.011611030478954953,-0.03501400560224088,-0.016528925619834656,-0.006844511554725134,-0.015736766809728183,68800.0
2025-08-06,69200.0,69400.0,68300.0,68800.0,12542415,-0.01573676680972813,-0.015861904300466544,70271.42857142857,68678.57142857143,66814.28571428571,0.02103209931804991,1100.0,400.0,58.616883558824604,2310.5328260614624,2377.6889732379973,-67.15614717653489,73517.96251957658,60752.03748042341,0.19015305040818015,0.6304253310977025,69466.66666666667,69740.0,69420.0,67135.0,0.986521365070261,1.0248007745587249,2605.0,-0.01573676680972813,0.01573676680972813,0.015988372093023256,-0.005780346820809248,0.01825054684849136,0.028380194224233036,18464399.2,20897262.0,-0.12856947622032888,0.6001941785483668,27.483585682281834,1956.6151880024988,-764529409.0,42.857142857142854,53.56642274646861,0.0028694404591105283,0.011611030478954953,-0.03501400560224088,-0.00041876529055421646,0.024709302325581394,70500.0
2025-08-07,70800.0,71000.0,69700.0,70500.0,15008213,0.024709302325581328,0.024408964878924928,70257.14285714286,68921.42857142857,67295.23809523809,0.02351262224079222,1300.0,300.0,62.89978225590164,2281.454096693633,2358.441997929124,-76.98790123549134,73462.53881032151,61757.4611896785,0.17312642539037137,0.7469013955877754,69733.33333333333,69560.0,69870.0,67610.0,1.0135135135135136,1.0427451560420056,1950.0,0.024709302325581328,0.024709302325581328,0.018439716312056736,-0.00423728813559322,0.02345471389947334,0.02884496680399082,16152427.4,20909249.0,0.19659674791497483,0.7177786729690769,27.68747613135944,1973.9998174308919,-749521196.0,61.53846153846154,53.895757020757,-0.01573676680972813,0.0028694404591105283,0.011611030478954953,0.003947325324987909,0.018439716312056736,71800.0
2025-08-08,71000.0,72400.0,70700.0,71800.0,22241128,0.018439716312056653,0.018271766235955448,70142.85714285714,69207.14285714286,67809.52380952382,0.021807161031684726,1700.0,-800.0,65.81350547069911,2336.3758432380127,2354.028766990902,-17.652923752889365,73706.75905388748,62433.24094611252,0.16561654337850681,0.830863885110323,70366.66666666667,70140.0,70460.0,68070.0,1.0236669518106645,1.0547965329807552,2070.0,0.018439716312056653,0.018439716312056653,0.023676880222841225,0.011267605633802818,0.015734264058831077,0.02888180580708726,15792946.2,21064272.9,0.4819304603419474,1.0558697233741214,28.09909350052187,1968.7141161858283,-727280068.0,75.82417582417582,60.073260073260066,0.024709302325581328,-0.01573676680972813,0.0028694404591105283,0.00913741727596995,-0.011142061281337047,71000.0
2025-08-11,72000.0,72100.0,70800.0,71000.0,11354253,-0.011142061281337101,-0.011204599012863132,70085.71428571429,69564.28571428571,68209.52380952382,0.021268508286920486,1300.0,1000.0,62.55751844019734,2288.962672089154,2341.0155480105527,-52.052875921398936,73622.21325765538,63367.78674234462,0.1497105849377438,0.7442847482752751,71100.0,70400.0,70520.0,68495.0,1.0085227272727273,1.036572012555661,1905.0,-0.011142061281337101,0.011142061281337101,0.018309859154929577,-0.013888888888888888,0.017729443814235787,0.02045160164408742,15107782.4,20953793.25,-0.4894929339914774,0.5418710046688086,27.41553810138514,1920.9488221725549,-738634321.0,67.03296703296704,68.13186813186813,0.018439716312056653,0.024709302325581328,-0.01573676680972813,0.010668985785433627,0.0014084507042253522,71100.0
2025-08-12,71100.0,72400.0,71100.0,71100.0,15797656,0.0014084507042253502,0.0014074597678797698,70400.0,69900.0,68619.04761904762,0.014771172255111669,1300.0,0.0,62.805228834299974,2233.707763957267,2319.553991199896,-85.84622724262863,73587.29872659082,64142.701273409184,0.13714655417384203,0.7366432249843627,71300.0,70640.0,70570.0,68865.0,1.0065118912797282,1.0324548028751905,1775.0,0.0014084507042253502,0.0014084507042253502,0.01828410689170183,0.0,0.01776120055344152,0.020442583169055065,15388733.0,20821565.95,0.39134260968114765,0.7587160369174827,27.747214748353432,1883.7381920173725,-722836665.0,65.88235294117646,69.5798319327731,-0.011142061281337101,0.018439716312056653,0.024709302325581328,0.0029020352449816342,0.011251758087201125,71900.0
2025-08-13,71900.0,72100.0,71400.0,71900.0,12305742,0.011251758087201136,0.011188927917805822,70714.28571428571,70321.42857142857,69009.52380952382,0.014743484543812822,700.0,0.0,64.81091181658445,2228.779186201995,2301.399030200316,-72.6198439983209,73701.78220906174,64748.217790938266,0.12934004215418526,0.7987636962308955,71333.33333333333,71260.0,70500.0,69225.0,1.0089811956216672,1.0386421090646443,2035.0,0.011251758087201136,0.011251758087201136,0.009735744089012517,0.0,0.014179853100337193,0.018518976927628966,15341398.4,20284720.05,-0.22104000745427044,0.6066508174462087,27.508608084390325,1820.614035444703,-710530923.0,75.29411764705883,69.40314587373409,0.0014084507042253502,-0.011142061281337101,0.018439716312056653,0.000506049170029795,-0.004172461752433936,71600.0
2025-08-14,71900.0,71900.0,71200.0,71600.0,11946122,-0.004172461752433909,-0.004181190760401046,70957.14285714286,70728.57142857143,69338.09523809524,0.015104998369812161,700.0,300.0,63.42961059837634,2175.586947946984,2276.2366137496497,-100.64966580266582,73901.03884694786,65038.961153052136,0.12756697414561288,0.7403499578284177,71533.33333333333,71480.0,70520.0,69470.0,1.0016787912702854,1.030660716856197,2010.0,-0.004172461752433909,0.004172461752433909,0.009776536312849162,-0.004172461752433936,0.01183562539623863,0.017750133321761348,14728980.2,18909592.0,-0.029223755869414503,0.6317493259505547,27.474767617795617,1740.5701757700813,-722477045.0,64.70588235294117,68.62745098039214,0.011251758087201136,0.0014084507042253502,-0.011142061281337101,0.0028292490129975256,-0.0223463687150838,70000.0
2025-08-18,71100.0,71200.0,70000.0,70000.0,13595591,-0.022346368715083775,-0.02259983191724092,71128.57142857143,70700.0,69495.23809523809,0.016672793010608672,1200.0,1100.0,56.51188305162328,1981.4837761181698,2217.286046223354,-235.8022701051841,73907.11026493018,65322.88973506983,0.12330992645062622,0.5448497331424289,71166.66666666667,71120.0,70630.0,69615.0,0.984251968503937,1.0055304172951232,1505.0,-0.022346368715083775,0.022346368715083775,0.017142857142857144,-0.015471167369901548,0.01269344442216755,0.015210504995686784,12999872.8,18391795.0,0.13807568682121274,0.7392204512936339,27.581506628001037,1730.5294489293613,-736072636.0,29.82456140350877,56.60818713450291,-0.004172461752433909,0.011251758087201136,0.0014084507042253502,-0.005089024126772183,0.0,70000.0
2025-08-19,70400.0,70700.0,69700.0,70000.0,10533082,0.0,0.0,71057.14285714286,70657.14285714286,69633.33333333333,0.013586582740910543,1000.0,400.0,56.511883051623286,1806.8276298007986,2135.194362938843,-328.3667331380443,73933.2000152588,65516.7999847412,0.12070849810710077,0.5326743024336841,70533.33333333333,70920.0,70660.0,69725.0,0.9870276367738297,1.0039440659734673,1195.0,0.0,0.0,0.014285714285714285,-0.005681818181818182,0.012318108076252204,0.014806771447049795,12835638.6,18032291.7,-0.22525751179187425,0.5841233147309834,27.32628204987772,1678.3487740058354,-736072636.0,29.82456140350877,41.4516683866529,-0.022346368715083775,-0.004172461752433909,0.011251758087201136,-0.008839610155839228,0.007142857142857143,70500.0
2025-08-20,70100.0,70700.0,69400.0,70500.0,17445516,0.0071428571428571175,0.007117467768863955,70871.42857142857,70507.14285714286,69761.90476190476,0.011430334466475463,1300.0,-400.0,58.16546507361243,1689.2841803521442,2046.0123264215033,-356.7281460693591,73784.19517390312,66115.80482609688,0.1096267383531986,0.5717230050968053,70166.66666666667,70800.0,70720.0,69950.0,0.9957627118644068,1.0078627591136526,850.0,0.0071428571428571175,0.0071428571428571175,0.018439716312056736,0.005706134094151213,0.013049823039003658,0.014942895919283645,13165210.6,17863117.2,0.6562593930247576,0.9766221541669111,27.83796119964258,1651.3238615768473,-718627120.0,38.59649122807018,32.7485380116959,0.0,-0.022346368715083775,-0.004172461752433909,-0.005067837190742219,0.0014184397163120568,70600.0
2025-08-21,71500.0,71900.0,70600.0,70600.0,18843833,0.0014184397163119478,0.0014174346809733152,70814.28571428571,70450.0,69980.95238095238,0.010828322068588293,1300.0,900.0,58.505295681417245,1585.9178404097183,1953.9934292191465,-368.07558880942815,73617.04467641652,66702.95532358348,0.09854745371768883,0.5636381709211944,70366.66666666667,70540.0,70900.0,70160.0,1.0008505812305075,1.0062713797035348,380.0,0.0014184397163119478,0.0014184397163119478,0.018413597733711047,-0.012587412587412588,0.011239521882169598,0.013750820768640676,14472828.8,18020955.95,0.08015337580155268,1.0456622308096815,27.916481680007568,1633.372157178501,-699783287.0,56.09756097560975,41.50620453572956,0.0071428571428571175,0.0,-0.022346368715083775,0.002853765619723022,0.0113314447592068,71400.0
2025-08-22,71700.0,71800.0,70800.0,71400.0,9277432,0.011331444759206777,0.011267724846342288,70857.14285714286,70628.57142857143,70219.04761904762,0.011765226330514598,1000.0,300.0,61.21934279271025,1550.6773422735278,1873.330211830023,-322.65286955649526,73315.24376421652,67544.75623578348,0.08193223808651191,0.6680967154370407,70833.33333333333,70500.0,70990.0,70430.0,1.0127659574468084,1.0137725401107482,70.0,0.011331444759206777,0.011331444759206777,0.014005602240896359,-0.0041841004184100415,0.0130344750305446,0.011893903619834804,13939090.8,17851817.9,-0.5076674687150964,0.5196911626574457,27.219148490658448,1602.4170030943226,-690505855.0,75.60975609756098,56.76793610041363,0.0014184397163119478,0.0071428571428571175,0.0,0.006630913872791948,0.0014005602240896359,71500.0
2025-08-25,71700.0,71800.0,71000.0,71500.0,10345178,0.0014005602240896309,0.0013995803544232636,70800.0,70757.14285714286,70480.95238095238,0.010842635808091295,800.0,200.0,61.55781844171355,1513.3729366993211,1801.3387568038827,-287.96582010456154,72688.72899131122,68731.27100868878,0.05596744424582713,0.6996230922650254,71166.66666666667,70800.0,70960.0,70710.0,1.0098870056497176,1.0111723942865225,90.0,0.0014005602240896309,0.0014005602240896309,0.011188811188811189,-0.002789400278940028,0.004814422291237588,0.010282250488927086,13289008.2,17965031.3,0.11509068457737004,0.575850819697709,27.329483804077096,1545.1015028732995,-680160677.0,78.04878048780488,69.91869918699184,0.011331444759206777,0.0014184397163119478,0.0071428571428571175,0.004716814899869452,-0.016783216783216783,70300.0
2025-08-26,70800.0,71100.0,70300.0,70300.0,14712519,-0.016783216783216814,-0.01692565088334278,70614.28571428571,70785.71428571429,70690.47619047618,0.012455619720052486,800.0,500.0,55.318352328091535,1371.1729273554229,1715.3055909141908,-344.13266355876794,72687.52895379474,68722.47104620526,0.056078889860539965,0.39785773387450574,71066.66666666667,70860.0,70890.0,70705.0,0.9920970928591589,0.9942719751078425,155.0,-0.016783216783216814,0.016783216783216814,0.011379800853485065,-0.007062146892655367,0.010735499299152889,0.01106389456161228,14124895.6,16934032.25,0.422161996632634,0.8688136873012038,27.66473639976842,1520.4513955252069,-694873196.0,48.78048780487805,67.47967479674794,0.0014005602240896309,0.011331444759206777,0.0014184397163119478,-0.0013504039333068023,0.004267425320056899,70600.0
2025-08-27,70100.0,70900.0,69800.0,70600.0,10523405,0.004267425320056972,0.004258345682577246,70700.0,70914.28571428571,70700.0,0.00890498658977451,1100.0,-500.0,56.50528315630365,1268.068385250037,1625.8581497813602,-357.78976453132327,72687.52895379474,68722.47104620526,0.056078889860539965,0.4735186717452422,70800.0,70880.0,70840.0,70705.0,0.9960496613995485,0.9985149565094407,175.0,0.004267425320056972,0.004267425320056972,0.015580736543909348,0.007132667617689016,0.010389033240815675,0.011167627438774605,12740473.4,16050655.5,-0.28473125506244035,0.6556370859744638,27.333897805588464,1490.4191529876923,-684349791.0,40.0,55.60975609756097,-0.016783216783216814,0.0014005602240896309,0.011331444759206777,-0.0037050770796900703,-0.014164305949008499,69600.0
2025-08-28,70100.0,70400.0,69600.0,69600.0,11578024,-0.014164305949008527,-0.014265577158822458,70642.85714285714,70850.0,70652.38095238095,0.01068499146312797,800.0,500.0,51.5861066015327,1093.0654718027945,1519.2996141856472,-426.2341423828527,72381.67370980921,68728.32629019079,0.05178013492478811,0.2385958984158848,70166.66666666667,70680.0,70610.0,70555.0,0.9847198641765704,0.9864644603500815,125.0,-0.014164305949008527,0.014164305949008527,0.011494252873563218,-0.007132667617689016,0.012165198315925786,0.011049802264090337,11287311.6,14891484.5,0.10021651737246651,0.7774929356438574,27.415139222839564,1455.3892134885714,-695927815.0,6.666666666666667,31.815718157181564,0.004267425320056972,-0.016783216783216814,0.0014005602240896309,-0.008893365804056122,0.0014367816091954023,69700.0
2025-08-29,70100.0,70500.0,69700.0,69700.0,11682267,0.001436781609195359,0.001435750426104194,70528.57142857143,70700.0,70514.28571428571,0.010185796542961064,800.0,400.0,52.035788439995535,951.4755484831257,1405.7348010451428,-454.2592525620171,72289.31161070472,68650.68838929528,0.05163364866481409,0.28838149675147334,69966.66666666667,70340.0,70420.0,70470.0,0.9909013363662212,0.9890733645522918,-130.0,0.001436781609195359,0.001436781609195359,0.011477761836441894,-0.005706134094151213,0.00988490464150739,0.011136451649610664,11768278.6,14147194.25,0.009003522535451669,0.8257656460750159,27.425538205746445,1415.7185553822449,-684245548.0,10.0,18.888888888888882,-0.014164305949008527,0.004267425320056972,-0.016783216783216814,-0.0028200330065853985,-0.03012912482065997,67600.0
2025-09-01,68400.0,68600.0,67500.0,67600.0,12002343,-0.03012912482065999,-0.030592334717559812,70100.0,70457.14285714286,70333.33333333333,0.014751473126692694,1100.0,800.0,43.00272099696451,662.1788786630641,1257.0236165687272,-594.8447379056631,72528.03159606674,68281.96840393326,0.060309114297755435,-0.16061192993941364,68966.66666666667,69560.0,70180.0,70405.0,0.9718228867165037,0.9601590796108231,-845.0,-0.03012912482065999,0.03012912482065999,0.016272189349112426,-0.011695906432748537,0.014116673786693758,0.01281318838792882,12099711.6,13545384.7,0.027398449290707116,0.8860835824027944,27.421975700725763,1471.7386585692275,-696247891.0,2.0408163265306123,6.235827664399085,0.001436781609195359,-0.014164305949008527,0.004267425320056972,-0.01428554972015772,0.022189349112426034,69100.0
2025-09-02,67800.0,69500.0,67800.0,69100.0,10604028,0.022189349112426093,0.021946747724705864,69771.42857142857,70314.28571428571,70342.85714285714,0.017207216138491476,1700.0,-1300.0,49.7171576428587,547.6338652295381,1115.1456663008894,-567.5118010713513,72556.13924843316,68193.86075156684,0.06198619533735443,0.2077215494343363,68800.0,69320.0,70090.0,70375.0,0.9968263127524524,0.9818827708703375,-1055.0,0.022189349112426093,0.022189349112426093,0.024602026049204053,0.019174041297935103,0.019794210148078535,0.015172963689785813,11278013.4,13336582.5,-0.11650350269109955,0.7951083420359001,27.320054496657708,1502.3287543857114,-685643863.0,34.78260869565217,15.607808340727587,-0.03012912482065999,0.001436781609195359,-0.014164305949008527,-0.0021676646996795132,0.010130246020260492,69800.0
2025-09-03,69200.0,69800.0,68800.0,69800.0,10283009,0.01013024602026058,0.010079278994702663,69528.57142857143,70164.28571428571,70347.61904761905,0.018012035212821118,1000.0,-600.0,52.52768203738097,507.49023515792214,993.614580072296,-486.12434491437386,72556.17666739346,68183.82333260654,0.062133769145757044,0.3696354213953805,68833.33333333333,69160.0,70020.0,70370.0,1.009253903990746,0.9918999573681967,-1210.0,0.01013024602026058,0.01013024602026058,0.014326647564469915,0.008670520231213872,0.02051364950353653,0.015383188357220424,11229934.2,13131087.8,-0.03027330746391843,0.7831041233308942,27.299392768193766,1466.4481290724461,-675360854.0,52.27272727272727,29.69871743163668,0.022189349112426093,-0.03012912482065999,0.001436781609195359,0.0007301567706755607,0.004297994269340974,70100.0
2025-09-04,69500.0,70100.0,69300.0,70100.0,12284414,0.004297994269341077,0.00428878427221772,69500.0,70057.14285714286,70357.14285714286,0.017127357486269063,800.0,-600.0,53.721544492080454,494.1869325643929,893.7290505707153,-399.5421180063224,72498.4921855929,68371.5078144071,0.058592807143973843,0.4188269278800915,69666.66666666667,69260.0,69970.0,70435.0,1.0121282125324862,0.9952438418399944,-1175.0,0.004297994269341077,0.004297994269341077,0.011412268188302425,0.008633093525179856,0.019434045201775677,0.015457975094206251,11371212.2,13118187.75,0.1946322326470784,0.9364413922189824,27.481519935375857,1418.844691281557,-663076440.0,59.09090909090909,48.71541501976284,0.01013024602026058,0.022189349112426093,-0.03012912482065999,0.01220586313400925,-0.008559201141226819,69500.0
2025-09-05,70300.0,70400.0,69500.0,69500.0,11526724,-0.008559201141226769,-0.008596041469797908,69342.85714285714,70021.42857142857,70390.47619047618,0.01723256674948276,900.0,800.0,50.96117048003522,430.26910936360946,801.0370623292941,-370.7679529656847,72489.90654874517,68280.09345125483,0.059811225367483796,0.2897768904449494,69800.0,69220.0,69780.0,70385.0,1.0040450736781277,0.9874262982169496,-1165.0,-0.008559201141226769,0.008559201141226769,0.012949640287769784,-0.011379800853485065,0.01996013746106371,0.01502544430905823,11340103.6,12944113.3,-0.06167896979050036,0.8904993129193329,27.409260755066466,1381.7843561900172,-674603164.0,45.45454545454545,52.27272727272727,0.004297994269341077,0.01013024602026058,0.022189349112426093,0.0019563463827916294,0.008633093525179856,70100.0
2025-09-08,69800.0,70500.0,69600.0,70100.0,9263135,0.008633093525179936,0.008596041469798038,69414.28571428571,70028.57142857143,70371.42857142857,0.016733506416814887,900.0,-300.0,53.532475848764854,423.15093894288293,725.459837652012,-302.30889870912904,72298.9470912676,68301.0529087324,0.05686904953819642,0.4499736634166808,69900.0,69720.0,69640.0,70300.0,1.0054503729202524,0.9971550497866287,-580.0,0.008633093525179936,0.008633093525179936,0.012838801711840228,0.004297994269340974,0.011090526521131717,0.015408142184528269,10792262.0,12295213.65,-0.19637747897841573,0.7533935776707711,27.19923117526624,1354.5140450335873,-665340029.0,59.09090909090909,54.54545454545454,-0.008559201141226769,0.004297994269341077,0.01013024602026058,0.0014572955510980812,0.019971469329529243,71500.0
2025-09-09,70100.0,71500.0,70000.0,71500.0,14870245,0.0199714693295292,0.019774655659417523,69671.42857142857,70100.0,70357.14285714286,0.018181882542311595,1500.0,-1400.0,58.942151396674156,524.4327035540919,685.254410832428,-160.82170727833613,72372.72017002807,68277.27982997193,0.05823590956354273,0.7869044357715861,70366.66666666667,70200.0,69760.0,70325.0,1.0185185185185186,1.0167081407749734,-125.0,0.0199714693295292,0.0199714693295292,0.02097902097902098,0.019971469329529243,0.010368927226667315,0.01583285154475266,11645505.4,12471013.25,0.60531450745347,1.1923846685031787,27.692325523110078,1364.9058989597597,-650469784.0,90.9090909090909,65.15151515151514,0.008633093525179936,-0.008559201141226769,0.004297994269341077,0.006681787237827456,0.015384615384615385,72600.0
2025-09-10,71800.0,72800.0,71600.0,72600.0,21928565,0.01538461538461533,0.01526747213078838,70385.71428571429,70242.85714285714,70433.33333333333,0.010377540049288977,1200.0,-800.0,62.62398389113982,685.5573601178039,685.3150006895032,0.2423594283006878,72665.5311913435,68134.4688086565,0.06436168157225852,0.9855373451502474,71400.0,70760.0,69960.0,70400.0,1.0260033917467495,1.03125,360.0,0.01538461538461533,0.01538461538461533,0.01652892561983471,0.011142061281337047,0.011024366406377162,0.01640475256429699,13974616.6,12777558.7,0.4746606394178441,1.716177989462103,28.096020883590075,1360.269763319777,-628541219.0,96.22641509433963,82.07547169811322,0.0199714693295292,0.008633093525179936,-0.008559201141226769,0.014663059413108156,0.011019283746556474,73400.0
2025-09-11,73200.0,73600.0,72100.0,73400.0,20793501,0.011019283746556363,0.010959013789719382,71000.0,70385.71428571429,70542.85714285714,0.009049564216377693,1500.0,-200.0,65.07679400469237,867.7996709854633,721.8119347486952,145.98773623676811,73030.38646783671,67919.61353216329,0.07251894906950578,1.0723204761423406,72500.0,71420.0,70340.0,70475.0,1.0277233267992159,1.0415040794608017,945.0,0.011019283746556363,0.011019283746556363,0.020435967302452316,0.00273224043715847,0.010877201540234584,0.015392611775758722,15676434.0,13201946.65,-0.051761891395994186,1.5750329516745927,28.05383025852846,1370.2504945112214,-607747718.0,96.72131147540983,94.61893915961345,0.01538461538461533,0.0199714693295292,0.008633093525179936,0.015458456153566965,0.027247956403269755,75400.0
2025-09-12,74600.0,75600.0,74200.0,75400.0,28219678,0.027247956403269713,0.02688333939344045,71800.0,70664.28571428571,70709.52380952382,0.011418610804578797,1400.0,-800.0,70.3206422071404,1160.2368128791131,809.4969103747787,350.7399025043344,74014.32829086712,67315.67170913288,0.09479454583930162,1.2068581501716769,73800.0,72600.0,70910.0,70665.0,1.0385674931129476,1.067006297318333,1935.0,0.027247956403269713,0.027247956403269713,0.01856763925729443,0.010723860589812333,0.007428464692094568,0.016751330317866475,19015024.8,14015624.45,0.3571393292548475,2.013444217249985,28.38609264797309,1429.5183163318484,-579528040.0,97.53086419753086,96.82619692242677,0.011019283746556363,0.01538461538461533,0.0199714693295292,0.0178839518448138,0.014588859416445624,76500.0
2025-09-15,77200.0,77600.0,75900.0,76500.0,19908805,0.01458885941644561,0.014483465818579752,72714.28571428571,71107.14285714286,70942.85714285714,0.011060817562982031,1700.0,700.0,72.74465579334496,1463.8814475492836,940.3738178096797,523.5076297396039,75214.68933769134,66765.31066230866,0.11902209713174633,1.152118955924348,75100.0,73880.0,71800.0,70990.0,1.0354629128316188,1.0776165657134809,2890.0,0.01458885941644561,0.01458885941644561,0.022222222222222223,-0.009067357512953367,0.006244570604190241,0.010074257848257452,21144158.8,14331285.15,-0.2945063015956454,1.3891849050257714,28.05171867396398,1484.552722308145,-559619235.0,89.10891089108911,94.45369552134326,0.027247956403269713,0.011019283746556363,0.01538461538461533,0.017618699855423896,0.03790849673202614,79400.0
2025-09-16,76900.0,79500.0,76700.0,79400.0,28218265,0.03790849673202623,0.03720762742059997,74128.57142857143,71735.71428571429,71390.47619047618,0.010012419603408675,2800.0,-2500.0,77.87507021294398,1916.436287276083,1135.5863117029603,780.8499755731227,77081.5375308299,65838.4624691701,0.15733382398068563,1.2062124869268491,77100.0,75460.0,72830.0,71460.0,1.0522130930294196,1.1111111111111112,4000.0,0.03790849673202623,0.03790849673202623,0.03526448362720403,0.032509752925877766,0.011145851788313697,0.012652263556698488,23813762.8,15215544.3,0.41737613081247216,1.8545682259950438,28.437733668515573,1592.7989564289917,-531400970.0,99.16666666666667,95.26881391842888,0.01458885941644561,0.027247956403269713,0.011019283746556363,0.026581770850580517,-0.015113350125944584,78200.0
2025-09-17,79100.0,79100.0,77100.0,78200.0,20856317,-0.015113350125944613,-0.01522872070182467,75285.71428571429,72350.0,71780.95238095238,0.01625286629139829,2000.0,900.0,71.84829268140717,2153.435819400751,1339.1562132425186,814.2796061582324,78196.94955567953,65493.05044432047,0.17682370535679673,1.0002401187457277,78033.33333333333,76580.0,73670.0,71845.0,1.0211543483938366,1.0884543113647436,4735.0,-0.015113350125944613,0.015113350125944613,0.02557544757033248,-0.011378002528445006,0.019984718089954723,0.015679961077258355,23599313.2,15386084.35,-0.2608930067103701,1.3555311751556853,28.120192360476963,1643.3133166840637,-552257287.0,89.16666666666667,92.48074807480748,0.03790849673202623,0.01458885941644561,0.027247956403269713,0.012461335340842409,0.026854219948849106,80300.0
2025-09-18,79100.0,80500.0,78600.0,80300.0,25619035,0.026854219948849067,0.026499973401450556,76542.85714285714,73107.14285714286,72247.61904761905,0.016731069155050012,1900.0,-1200.0,75.43161626653686,2482.100001898434,1567.7449709737018,914.3550309247323,79683.93915208944,64976.06084791055,0.20334409379481394,1.0418864526323637,79300.0,77960.0,74690.0,72330.0,1.030015392508979,1.1101894096502143,5630.0,0.026854219948849067,0.026854219948849067,0.023661270236612703,0.015170670037926675,0.020420322228741267,0.016138445206606972,24564420.0,15724844.45,0.22835853521021954,1.6292075308891212,28.3523710877728,1690.2195083494878,-526638252.0,98.46153846153847,95.59829059829059,-0.015113350125944613,0.03790849673202623,0.01458885941644561,0.01654978885164356,0.039850560398505604,83500.0
2025-09-22,81500.0,84000.0,81100.0,83500.0,27529656,0.03985056039850554,0.03907701090409375,78100.0,74242.85714285714,72861.90476190476,0.018721187401316383,2900.0,-2000.0,79.6767373829116,2966.585045144224,1847.5129858078062,1119.0720593364176,81802.03534387205,64067.96465612796,0.24314897768895716,1.09574590549599,80666.66666666667,79580.0,76090.0,72935.0,1.0492586076903745,1.144855007883732,6645.0,0.03985056039850554,0.03985056039850554,0.03473053892215569,0.024539877300613498,0.02247567295504947,0.015947891114573978,24426415.6,16637455.65,0.07457817985728199,1.6546794521432728,28.463376292420605,1833.7752577530957,-499108596.0,96.91358024691358,94.84726179170623,0.026854219948849067,-0.015113350125944613,0.03790849673202623,0.017197143407136666,0.01437125748502994,84700.0
2025-09-23,85800.0,85900.0,83600.0,84700.0,23610263,0.014371257485029876,0.014268969801198848,79714.28571428571,75357.14285714286,73495.23809523809,0.01849571650078875,2300.0,1100.0,81.00238624550755,3408.08660272829,2159.627709191903,1248.4588935363872,83866.16044281791,63323.83955718209,0.27912658313249306,1.040591302308258,82833.33333333333,81220.0,77550.0,73595.0,1.042846589509973,1.1508934030844487,7625.0,0.014371257485029876,0.014371257485029876,0.02715466351829988,-0.01282051282051282,0.02249095495981992,0.015648469207122866,25166707.2,17300709.9,-0.14236985017175663,1.364699086712043,28.324062928988035,1874.2198821993031,-475498333.0,92.98245614035088,96.11919161626763,0.03985056039850554,0.026854219948849067,-0.015113350125944613,0.02702534594412816,0.008264462809917356,85400.0
2025-09-24,84200.0,85500.0,83700.0,85400.0,18300997,0.008264462809917328,0.008230499136515444,81142.85714285714,76471.42857142857,74157.14285714286,0.018757200879041445,1800.0,-1200.0,81.75020200522356,3770.9942435394332,2481.901016061409,1289.0932274780243,85758.30722255552,62941.69277744448,0.30688116267802346,0.9842962143477734,84533.33333333333,82420.0,78940.0,74350.0,1.0361562727493328,1.14862138533961,8070.0,0.008264462809917328,0.008264462809917328,0.02107728337236534,0.014251781472684086,0.02067927741512886,0.016018572224167388,23183253.6,17480133.8,-0.22487110795843313,1.0469597778479247,28.077567476979237,1868.9184620422102,-457197336.0,96.98795180722891,95.62799606483111,0.014371257485029876,0.03985056039850554,0.026854219948849067,0.020828760231150916,0.00819672131147541,86100.0
2025-09-25,84400.0,86200.0,84100.0,86100.0,19665151,0.008196721311475308,0.008163310639160835,82514.28571428571,77614.28571428571,74909.52380952382,0.019092079895997566,2100.0,-1700.0,82.49237882166632,4068.1897542200604,2799.1587636931395,1269.030990526921,87523.62046655538,62726.37953344462,0.33007974619781383,0.9425895618631314,85400.0,84000.0,80290.0,75125.0,1.025,1.146089850249584,8875.0,0.008196721311475308,0.008196721311475308,0.024390243902439025,0.02014218009478673,0.013679683725689272,0.01630947376176028,22945020.4,17937221.1,0.07453987342875368,1.0963320845724536,28.157623332851813,1885.4242861820524,-437532185.0,99.40119760479043,96.45720185079007,0.008264462809917328,0.014371257485029876,0.03985056039850554,0.01027748053547417,-0.032520325203252036,83300.0
2025-09-26,85000.0,85300.0,82400.0,83300.0,24071193,-0.03252032520325199,-0.033060862260888065,83071.42857142857,78600.0,75514.28571428571,0.02437115848817452,2900.0,1700.0,70.19529819810364,4031.312279634003,3045.589466881312,985.722812752691,88435.10448106851,63184.89551893148,0.3330722722877857,0.7966312085270796,84933.33333333333,84600.0,81280.0,75810.0,0.9846335697399528,1.0987996306555863,8790.0,-0.03252032520325199,0.03252032520325199,0.03481392557022809,-0.02,0.025963346099655053,0.02272707447351789,22635452.0,18561879.55,0.22405330119255118,1.2968079517572346,28.326730200458776,2015.0368371690486,-461603378.0,82.53012048192771,92.97308996464899,0.008196721311475308,0.008264462809917328,0.014371257485029876,-0.0053530470272864505,0.010804321728691477,84200.0
2025-09-29,83300.0,85000.0,83200.0,84200.0,13069094,0.010804321728691502,0.01074637207548406,83928.57142857143,79607.14285714286,76209.52380952382,0.02234220284967238,1800.0,-900.0,71.65778239689993,4028.2736624553654,3242.126305996123,786.1473564592425,89346.7174985698,63723.28250143021,0.33479368912444746,0.7991402206946752,84533.33333333333,84740.0,82160.0,76535.0,0.9936275666745339,1.1001502580518716,8205.0,0.010804321728691502,0.010804321728691502,0.021377672209026127,0.010804321728691477,0.01936300375713601,0.02216679661643413,19743339.6,18631220.9,-0.45706496557939613,0.70146202818088,27.726710964377794,1999.6770630855453,-448534284.0,87.65432098765432,89.86187969145747,-0.03252032520325199,0.008196721311475308,0.008264462809917328,-0.0045064273876950596,-0.0035629453681710215,83900.0
2025-09-30,84600.0,84900.0,83400.0,83900.0,16319061,-0.0035629453681710332,-0.0035693077751205618,84442.85714285714,80492.85714285714,76885.71428571429,0.021646701480070037,1500.0,700.0,70.4174162178809,3956.0551029854396,3384.9120653939867,571.1430375914529,89838.22603389631,64861.77396610369,0.32290177204644627,0.7622470149972297,83800.0,84580.0,82900.0,77350.0,0.991960274296524,1.0846800258564964,7230.0,-0.0035629453681710332,0.0035629453681710332,0.017878426698450536,-0.008274231678486997,0.01807578829468602,0.022608230153812827,18285099.2,18847056.8,0.24867576895536914,0.8658678738634671,27.945225261536255,1963.9858442937207,-464853345.0,84.24657534246575,84.81033893734924,0.010804321728691502,-0.03252032520325199,0.008196721311475308,-0.008426316280910506,0.025029797377830752,86000.0
2025-10-01,84900.0,86200.0,84700.0,86000.0,22039361,0.025029797377830842,0.02472168278034733,84800.0,81450.0,77761.90476190476,0.018466473724786762,1500.0,-1100.0,73.83201414068569,4021.911729007741,3512.311998116738,509.5997308910032,90619.67409294065,65770.32590705935,0.3177869196992302,0.8140927456775136,84700.0,84700.0,83560.0,78195.0,1.0153482880755609,1.0998145661487306,6505.0,0.025029797377830842,0.025029797377830842,0.01744186046511628,0.012956419316843345,0.021610435689609173,0.021128895595586096,19032772.0,19418823.45,0.35052874672139533,1.1349483173760457,28.27044312432439,1987.9868554155978,-442813984.0,98.58156028368795,90.16081887126933,-0.0035629453681710332,0.010804321728691502,-0.03252032520325199,0.01075705791278377,0.0436046511627907,89750.0
2025-10-02,89300.0,90300.0,88700.0,89750.0,49883028,0.043604651162790775,0.0426807311148806,85521.42857142857,82617.85714285714,78745.23809523809,0.02348514053516196,1600.0,-450.0,78.5854628940282,4326.820347925415,3675.213668078474,651.6066798469415,91977.45312137633,66407.54687862367,0.3228829275847164,0.9128877086904588,86550.0,85430.0,84715.0,79192.5,1.0505677162589255,1.133314392145721,6237.5,0.043604651162790775,0.043604651162790775,0.017827298050139277,0.005039193729003359,0.02889167695043029,0.02206308349063624,25076347.4,21398824.4,1.263360902341951,2.33111067540701,29.129974688978006,2153.1306514573407,-392930956.0,96.58385093167702,93.13732885261022,0.025029797377830842,-0.0035629453681710332,0.010804321728691502,0.02169050105748353,0.05181058495821727,94400.0
2025-10-10,94000.0,94500.0,92700.0,94400.0,35269748,0.05181058495821733,0.050513045783066805,86807.14285714286,83975.0,79916.66666666667,0.028396336116755298,1800.0,-400.0,82.7659914346522,4887.340543967162,3917.639043256212,969.7015007109503,94137.84576173677,66677.15423826323,0.34151903147683405,1.0095465271892057,90050.0,87650.0,86125.0,80407.5,1.0770108385624644,1.1740198364580419,7242.5,0.05181058495821733,0.05181058495821733,0.019067796610169493,0.00425531914893617,0.022808206684633153,0.024896872649426867,27316058.4,22548091.1,-0.2929509411497634,1.5642010600178922,28.833832509438267,2338.621319210388,-357661208.0,99.46236559139786,98.20925893558761,0.043604651162790775,0.025029797377830842,-0.0035629453681710332,0.040148344499612985,-0.011652542372881356,93300.0
2025-10-13,91300.0,93400.0,90700.0,93300.0,23883308,-0.01165254237288138,-0.011720965298156888,87835.71428571429,85175.0,81021.42857142857,0.030059937838008845,2700.0,-2000.0,78.8447834191851,5183.049067430446,4170.721048091059,1012.3280193393866,95472.1446137512,67722.8553862488,0.3400752379362406,0.92172251346898,92483.33333333333,89470.0,87105.0,81597.5,1.0428076450206774,1.1434173841110329,7872.5,-0.01165254237288138,0.01165254237288138,0.028938906752411574,0.02190580503833516,0.028044687272667814,0.02487634874206971,29478901.2,23165920.3,-0.3228387115212731,1.0309673732236746,28.432265749693872,2435.862653552503,-381544516.0,93.25842696629213,96.43488116312233,0.05181058495821733,0.043604651162790775,0.025029797377830842,0.027920897916042242,-0.01822079314040729,91600.0
2025-10-14,95300.0,96000.0,90200.0,91600.0,35545235,-0.018220793140407254,-0.018388836173213522,89021.42857142857,86046.42857142857,82073.80952380953,0.026768489560069948,5800.0,3700.0,73.08215982168858,5220.050912680264,4380.5870210089,839.4638916713648,96121.40819282172,69223.59180717828,0.3253538526794695,0.8319042658334527,93100.0,91010.0,87795.0,82672.5,1.006482804087463,1.1079863316096645,8337.5,-0.018220793140407254,0.018220793140407254,0.06331877729257641,-0.03882476390346275,0.03177784458052793,0.02652899596950561,33324136.0,24480025.3,0.48828776147759756,1.4520097330128168,28.811503219324134,2676.158178298753,-417089751.0,76.71957671957672,89.81345642575558,-0.01165254237288138,0.05181058495821733,0.043604651162790775,0.007312416481642899,0.03711790393013101,95000.0
2025-10-15,92300.0,95300.0,92100.0,95000.0,21050111,0.037117903930131035,0.03644561992045628,90564.28571428571,87246.42857142857,83259.52380952382,0.028048578563747508,3200.0,-2700.0,76.7432541214291,5460.77827391382,4596.6252715898845,864.1530023239357,97292.72905013246,70402.27094986754,0.3207067366381218,0.914738192946223,93300.0,92810.0,88755.0,83847.5,1.0235965951944834,1.133009332418975,8962.5,0.037117903930131035,0.037117903930131035,0.03368421052631579,0.02925243770314193,0.03287633290748505,0.028064405143597055,33126286.0,24789018.6,-0.4077937310022004,0.8491708098520688,28.324048561821083,2749.289736991699,-396039640.0,94.25287356321839,88.07695908302908,-0.018220793140407254,-0.01165254237288138,0.05181058495821733,0.0024148561389474668,0.028421052631578948,97700.0
2025-10-16,95300.0,97700.0,95000.0,97700.0,28141060,0.028421052631578902,0.028024667448196178,92535.71428571429,88489.28571428571,84507.14285714286,0.02664896337528641,2700.0,-2400.0,79.16652494049231,5802.535855804337,4837.807388432775,964.7284673715621,98810.44909609208,71394.55090390792,0.322151501920439,0.9594961621060931,94766.66666666667,94400.0,89915.0,85102.5,1.034957627118644,1.1480273787491555,9297.5,0.028421052631578902,0.028421052631578902,0.027635619242579325,0.025183630640083946,0.03085122956026308,0.028559437284509714,28777892.4,25099643.35,0.3368604089546132,1.121173699864544,28.642397115771168,2745.7690414922918,-367898580.0,100.0,90.32415009426502,0.037117903930131035,-0.018220793140407254,-0.01165254237288138,0.015772721140434227,0.0020470829068577278,97900.0
2025-10-17,97200.0,99100.0,96700.0,97900.0,22730809,0.0020470829068577334,0.0020449904877276478,94235.71428571429,89517.85714285714,85711.90476190476,0.027589751510256895,2400.0,-700.0,79.3382646462856,6020.123296250706,5074.270569996361,945.8527262543448,100010.96966617978,72644.03033382022,0.3170129950752606,0.9228642399304149,96866.66666666667,95100.0,91375.0,86327.5,1.0294426919032598,1.1340534592105644,8772.5,0.0020470829068577334,0.0020470829068577334,0.024514811031664963,0.00720164609053498,0.02435680095873926,0.02418309546370896,26270104.6,25196508.75,-0.1922546982949469,0.9021412143061288,28.4309336154434,2721.0712528142712,-345167771.0,92.81437125748504,95.68908160690114,0.028421052631578902,0.037117903930131035,-0.018220793140407254,0.02252867982285589,0.0020429009193054137,98100.0
2025-10-20,97900.0,98300.0,96000.0,98100.0,17589756,0.0020429009193054792,0.0020408170348527664,95428.57142857143,90475.0,86888.09523809524,0.025879762093402002,2300.0,-200.0,79.52007642370563,6137.946808893859,5287.00581777586,850.9409911179991,101095.2344054089,73829.7655945911,0.3117389602494533,0.8901455013962379,97900.0,96060.0,92765.0,87462.5,1.0212367270455964,1.1216235529512648,8597.5,0.0020429009193054792,0.0020429009193054792,0.023445463812436288,0.0020429009193054137,0.022345563314834706,0.024569604143866625,25011394.2,24665012.65,-0.2261711406751955,0.7131460360309202,28.176569890653656,2690.994734756109,-327578015.0,94.0119760479042,95.60878243512974,0.0020470829068577334,0.028421052631578902,0.037117903930131035,0.010837012152580705,-0.0061162079510703364,97500.0
2025-10-21,98500.0,99900.0,97300.0,97500.0,22803830,-0.006116207951070374,-0.006134988567515944,95871.42857142857,91339.28571428571,87940.47619047618,0.0203553217890577,2600.0,1000.0,77.3218944497673,6112.44731812831,5452.094117846351,660.3532002819593,101821.1388643261,75203.8611356739,0.30071772606865926,0.8376566188181368,97833.33333333333,97240.0,94125.0,88512.5,1.0026737967914439,1.1015393306030221,8727.5,-0.006116207951070374,0.006116207951070374,0.02666666666666667,-0.01015228426395939,0.01887123194726578,0.024803758602329272,22463113.2,24809763.9,0.296426738381135,0.9191474006731681,28.430046719259725,2684.4951108449586,-350381845.0,86.28571428571429,91.03735386370117,0.0020429009193054792,0.0020470829068577334,0.028421052631578902,-0.0006754080416357203,0.011282051282051283,98600.0
2025-10-22,97100.0,98600.0,95500.0,98600.0,15937611,0.011282051282051286,0.011218883604788244,96628.57142857143,92232.14285714286,88992.85714285714,0.019094345921045128,3100.0,-1500.0,78.49555167616616,6110.56085307691,5583.787464892463,526.773388184447,102783.41657249787,76161.58342750213,0.2975420732068036,0.8428576818991802,98066.66666666667,97960.0,95385.0,89472.5,1.0065332788893426,1.1020145854871608,8487.5,0.011282051282051286,0.011282051282051286,0.03144016227180527,0.015447991761071062,0.013199464496613285,0.024591314104915718,21440613.2,24195731.2,-0.30109937672750586,0.6586951585906196,28.083018886155912,2714.17403149889,-334444234.0,92.57142857142857,90.95637296834902,-0.006116207951070374,0.0020429009193054792,0.0020470829068577334,0.002402914750095464,-0.02129817444219067,96500.0
2025-10-23,96800.0,98500.0,96300.0,96500.0,18488581,-0.02129817444219062,-0.02152825326364944,97328.57142857143,93175.0,89807.14285714286,0.01983696740271017,2200.0,300.0,70.94674547857291,5871.925464753716,5641.415064864714,230.51039988900266,102929.4663949729,77845.5336050271,0.27751550590453106,0.7436818839847166,97533.33333333333,97720.0,96060.0,90387.5,0.9875153499795334,1.0676255013137879,7332.5,-0.02129817444219062,0.02129817444219062,0.022797927461139896,-0.0030991735537190084,0.012223596876211036,0.02448412862065653,19510117.4,24077344.4,0.16005974797602973,0.7678828982485295,28.209962143559913,2684.5901721061123,-352932815.0,79.64071856287426,86.16595380667236,0.011282051282051286,-0.006116207951070374,0.0020429009193054792,-0.005377443703736569,0.02383419689119171,98800.0
2025-10-24,97900.0,99000.0,97700.0,98800.0,18801925,0.023834196891191706,0.023554596408881884,97871.42857142857,94217.85714285714,90788.09523809524,0.017106348684380705,1300.0,-900.0,73.90651896170962,5801.519670885071,5673.4359860687855,128.0836848162853,103444.05411574114,79180.94588425886,0.2657150798793404,0.808596076338014,97966.66666666667,97900.0,96500.0,91312.5,1.0091930541368743,1.0819986310746064,6587.5,0.023834196891191706,0.023834196891191706,0.013157894736842105,0.009193054136874362,0.01711399431321509,0.020063207809933294,18724340.6,23736488.9,0.016947974536282606,0.792110622561368,28.250322699911827,2671.4051598128185,-334130890.0,93.33333333333333,88.51516015587872,-0.02129817444219062,0.011282051282051286,-0.006116207951070374,0.0046060245770174575,0.032388663967611336,102000.0
2025-10-27,101300.0,102000.0,100600.0,102000.0,22169970,0.03238866396761142,0.031875208530449034,98485.71428571429,95510.71428571429,91821.42857142857,0.017986768202037727,1400.0,-700.0,77.36200036813649,5935.514907359655,5725.85177032696,209.66313703269498,104678.13270518267,79796.86729481733,0.26975216598851154,0.8923634846937094,99100.0,98680.0,97370.0,92237.5,1.0336441021483582,1.1058408998509284,6442.5,0.03238866396761142,0.03238866396761142,0.013725490196078431,0.006910167818361303,0.021874353106823292,0.02088075919592659,19640383.4,23468504.6,0.17913298771269437,0.9446690523264102,28.446977320678457,2709.161934111903,-311960920.0,100.0,90.9913506320692,0.023834196891191706,-0.02129817444219062,0.011282051282051286,0.011641562138870834,-0.024509803921568627,99500.0
2025-10-28,100900.0,101000.0,99100.0,99500.0,20002282,-0.02450980392156865,-0.02481516911972402,98714.28571428571,96475.0,92583.33333333333,0.021526068721691695,1900.0,1400.0,69.60664095027937,5773.42553528295,5735.366523318158,38.05901196479135,105290.37195537543,80664.62804462457,0.2648570235890497,0.764865094985109,100100.0,99080.0,98160.0,92977.5,1.0042389987888576,1.0701513807103868,6102.5,-0.02450980392156865,0.02450980392156865,0.019095477386934675,-0.013875123885034688,0.02600274270131888,0.021868089878859548,19080073.8,23288105.55,-0.09777586528082804,0.8589055025130629,28.31926984815654,2722.793224532482,-331963202.0,81.203007518797,91.51211361737677,0.03238866396761142,0.023834196891191706,-0.02129817444219062,0.010571018979078159,0.010050251256281407,100500.0
2025-10-29,100200.0,101000.0,99100.0,100500.0,20899788,0.01005025125628145,0.010000083334583399,99057.14285714286,97242.85714285714,93335.71428571429,0.02171846867301109,1900.0,-300.0,70.86480380875575,5660.410494080046,5720.375317470536,-59.96482339048998,105940.3609273308,81524.6390726692,0.26048298994117935,0.777177960999253,100666.66666666667,99460.0,98710.0,93732.5,1.0104564649105168,1.0722001440268851,5727.5,0.01005025125628145,0.01005025125628145,0.01890547263681592,0.0029940119760479044,0.025926243597565016,0.01947992784744833,20072509.2,23418045.1,0.04487018031242629,0.8924651016237046,28.373162579824665,2664.022279923019,-311063414.0,87.28813559322033,89.49704770400577,-0.02450980392156865,0.03238866396761142,0.023834196891191706,0.005976370434108073,0.03582089552238806,104100.0
2025-10-30,102400.0,105800.0,102000.0,104100.0,34570017,0.035820895522387985,0.035194248121792684,100000.0,97935.71428571429,94226.19047619047,0.024158231957609966,3800.0,-1700.0,74.89403560578677,5794.53933081188,5735.2081201388055,59.331210673074565,107121.91762579729,82143.08237420271,0.2639562016389145,0.8790208752586102,101366.66666666667,100980.0,99350.0,94632.5,1.0308972073677956,1.1000449105751195,6347.5,0.035820895522387985,0.035820895522387985,0.03650336215177714,0.0166015625,0.02448523716662109,0.020545517227268276,23288796.4,24163288.4,0.6540845773172437,1.430683457802871,28.911604558256883,2852.306402785661,-276493397.0,89.1025641025641,85.86456907152713,0.01005025125628145,-0.02450980392156865,0.03238866396761142,0.007120447619033595,0.03266090297790586,107500.0
2025-10-31,105000.0,108600.0,103300.0,107500.0,54824564,0.032660902977905915,0.032138871946794344,101271.42857142857,98950.0,95245.23809523809,0.025673409363591613,5300.0,-2500.0,77.98993432017508,6104.816461233539,5809.129788357753,295.6866728757859,108398.03033946635,83286.96966053365,0.2620033980638308,0.9642376580205644,104033.33333333333,102720.0,100310.0,95842.5,1.0465342679127725,1.1216318439105826,6877.5,0.032660902977905915,0.032660902977905915,0.04930232558139535,0.023809523809523808,0.02553069556910738,0.022026727754694435,30493324.2,25700956.95,0.5858992490515698,2.1331720879755025,29.404895026210248,3027.141659729542,-221668833.0,94.02173913043478,90.13747960873974,0.035820895522387985,0.01005025125628145,-0.02450980392156865,0.02617734991885845,0.03348837209302326,111100.0
2025-11-03,106900.0,111500.0,106500.0,111100.0,30110066,0.033488372093023244,0.03293984907786681,103357.14285714286,100342.85714285714,96569.04761904762,0.021631758913025337,5000.0,-4200.0,80.7032606710837,6565.520008301974,5960.407832346597,605.1121759553762,110244.9388961355,84130.0611038645,0.2687061380555215,1.0327422977302834,107566.66666666667,104540.0,101610.0,97187.5,1.0627511000573944,1.1431511254019293,7352.5,0.033488372093023244,0.033488372093023244,0.045004500450045004,0.03928905519176801,0.0256975611360193,0.023046509412803114,32081343.4,26553005.55,-0.4507924221704709,1.1339607466771309,28.838556068046337,3168.0601126060037,-191558767.0,97.9381443298969,93.68748252096526,0.032660902977905915,0.035820895522387985,0.01005025125628145,0.033990056864439046,-0.0558055805580558,104900.0
2025-11-04,111800.0,112400.0,104900.0,104900.0,30450281,-0.055805580558055845,-0.057423181243332864,104228.57142857143,101050.0,97554.76190476191,0.03622402129205499,7500.0,6900.0,65.68496813046882,6357.062445369273,6039.738754951133,317.32369041813945,110120.56512824453,86354.43487175547,0.2419252348287473,0.7803359204084511,107833.33333333333,105620.0,102350.0,98237.5,0.99318310925961,1.0678203333757474,7382.5,-0.055805580558055845,0.055805580558055845,0.07149666348903717,-0.061717352415026835,0.03890562587932552,0.03140826148595258,34170943.2,27259566.55,0.011299045309299593,1.1170493464797957,28.792368574705325,3477.4843902770035,-222009048.0,56.89655172413793,82.95214506148987,0.033488372093023244,0.032660902977905915,0.035820895522387985,0.0034478981709577714,-0.04099142040038131,100600.0
2025-11-05,101000.0,102000.0,96700.0,100600.0,44843020,-0.040991420400381284,-0.041855257736612625,104028.57142857143,101257.14285714286,98350.0,0.03893235084748512,5300.0,400.0,57.66936677685416,5778.275893836573,5987.446182728221,-209.17028889164794,109389.1512985932,88545.8487014068,0.21060754891440536,0.5783225207420041,105533.33333333333,105640.0,102550.0,98967.5,0.9522907989397955,1.016495314118271,6672.5,-0.040991420400381284,0.040991420400381284,0.05268389662027833,-0.0039603960396039604,0.04544378185144531,0.03491674873629495,38959589.6,28399749.5,0.47266358560040866,1.578993504854682,29.13758604112812,3814.8069338286464,-266852068.0,30.17751479289941,61.67073694897808,-0.055805580558055845,0.033488372093023244,0.032660902977905915,-0.021102876288471295,-0.013916500994035786,99200.0
2025-11-06,103700.0,103800.0,98800.0,99200.0,28655689,-0.013916500994035741,-0.014014243374811677,103985.71428571429,101350.0,98978.57142857143,0.038080962613827145,5000.0,4500.0,55.30309921631998,5147.28043729288,5819.413033641153,-672.1325963482723,108916.04181190905,89963.95818809095,0.19058812976486417,0.48733648474944574,101566.66666666667,104660.0,102820.0,99440.0,0.9478310720428053,0.997586484312148,5220.0,-0.013916500994035741,0.013916500994035741,0.05040322580645161,-0.04339440694310511,0.04116807000893554,0.03443088280923127,37776724.0,27338382.55,-0.3609777173794272,1.0481852372791527,28.675755843621566,3899.463581412315,-295507757.0,21.893491124260354,36.322519213765894,-0.040991420400381284,-0.055805580558055845,0.033488372093023244,-0.03690450065082429,-0.01310483870967742,97900.0
2025-11-07,96400.0,100300.0,96300.0,97900.0,22908083,-0.01310483870967738,-0.013191464754362371,103614.28571428571,101335.71428571429,99366.66666666667,0.03803096852599896,4000.0,-1500.0,53.123361613529546,4490.548607382094,5553.6401483893405,-1063.0915410072466,108824.66883226513,90405.33116773487,0.1849052619036316,0.40689133174953734,99233.33333333333,102740.0,102730.0,99615.0,0.9528907922912205,0.9827837173116498,3125.0,-0.01310483870967738,0.01310483870967738,0.04085801838610827,0.015560165975103735,0.034093751577404144,0.03396163695213624,31393427.8,26720299.3,-0.20057469216671076,0.857328832390736,28.438702204196776,3906.6447541685784,-318415840.0,14.201183431952662,22.09072978303747,-0.013916500994035741,-0.040991420400381284,-0.055805580558055845,-0.022670920034698134,0.027579162410623085,100600.0
2025-11-10,98600.0,101000.0,97900.0,100600.0,23842327,0.027579162410623193,0.02720570812917424,103114.28571428571,101557.14285714286,99661.90476190476,0.03676660788797554,3100.0,-2000.0,56.92109519726268,4140.225394689798,5270.957197649432,-1130.7318029596336,108701.56432129706,91258.43567870294,0.17446617966187358,0.5355440822976006,99233.33333333333,100640.0,102590.0,99980.0,0.9996025437201908,1.0062012402480496,660.0,0.027579162410623193,0.027579162410623193,0.030815109343936383,0.02028397565922921,0.031891140927190885,0.03347642094156635,30139880.0,26718250.25,0.04078228632225578,0.8923610931445632,28.505880541106563,3849.027271727966,-294573513.0,30.17751479289941,22.09072978303747,-0.01310483870967738,-0.013916500994035741,-0.040991420400381284,0.00018594090230335722,0.02882703777335984,103500.0
2025-11-11,103700.0,106000.0,102000.0,103500.0,27742542,0.02882703777335993,0.02841935503978502,102542.85714285714,101907.14285714286,100147.61904761905,0.036164283230582656,4000.0,200.0,60.61214016309466,4049.9126167150243,5026.74828146255,-976.8356647475257,108474.3337493871,92675.6662506129,0.15708344517796854,0.6851421963419985,100666.66666666667,100360.0,102990.0,100575.0,1.0312873654842567,1.029082774049217,-215.0,0.02882703777335993,0.02882703777335993,0.03864734299516908,-0.0019286403085824494,0.0300431697869369,0.033540909266589446,29598332.2,26328115.6,0.16358365523633656,1.0537230397150033,28.685804496966302,3959.8110380331113,-266830971.0,44.72049689440994,29.699731706420664,0.027579162410623193,-0.01310483870967738,-0.013916500994035741,0.014433787158101915,-0.003864734299516908,103100.0
2025-11-12,103000.0,103900.0,101600.0,103100.0,19413497,-0.0038647342995169476,-0.0038722216825095622,101400.0,102378.57142857143,100695.23809523809,0.03210575881561465,2300.0,-100.0,59.850414614180686,3901.0930599916173,4801.617237168364,-900.5241771767469,108497.1663194105,93462.8336805895,0.14888426063399696,0.6410105823071804,102400.0,100860.0,103250.0,100980.0,1.0222090025778308,1.020994256288374,-120.0,-0.0038647342995169476,0.0038647342995169476,0.02230843840931135,0.000970873786407767,0.02145748649499433,0.033571886397610246,24512427.6,26246284.9,-0.30022645365374234,0.7396664737111042,28.324933773786476,3841.253106745032,-286244468.0,42.2360248447205,39.044678844009944,0.02882703777335993,0.027579162410623193,-0.01310483870967738,0.017513821961488724,-0.002909796314258002,102800.0
2025-11-13,102500.0,104200.0,102300.0,102800.0,20838741,-0.0029097963142580285,-0.0029140380018495347,101100.0,102664.28571428571,101066.66666666667,0.02461419971789818,1900.0,-300.0,59.24901110687262,3716.1080162910366,4584.515392992898,-868.4073767018617,108628.67439455018,93841.32560544982,0.14606952920531793,0.6058337111216008,103133.33333333333,101580.0,103120.0,101235.0,1.012010238235873,1.0154590803575838,345.0,-0.0029097963142580285,0.0029097963142580285,0.01848249027237354,0.002926829268292683,0.01949298793745122,0.031546653692118,22949038.0,25881168.95,0.07341510908621984,0.805170007593494,28.392864992360245,3702.592170548958,-307083209.0,40.37267080745342,42.44306418219461,-0.0038647342995169476,0.02882703777335993,0.027579162410623193,0.007350835719861652,-0.054474708171206226,97200.0
2025-11-14,99000.0,99600.0,97200.0,97200.0,21806342,-0.054474708171206254,-0.05601464155467137,100614.28571428571,102321.42857142857,101042.85714285714,0.028607923551097682,2400.0,1800.0,49.29204392562004,3082.104258220308,4284.03316603838,-1201.9289078180718,108666.41603589352,93733.58396410648,0.1475576291678561,0.23213386578174294,101033.33333333333,101440.0,102090.0,101200.0,0.9582018927444795,0.9604743083003953,240.0,-0.054474708171206254,0.054474708171206254,0.024691358024691357,-0.01818181818181818,0.033829773194682056,0.0332635124149889,22728689.8,25834945.6,0.04643279553212931,0.8440637862229522,28.38223739333124,3838.121301224033,-328889551.0,5.590062111801243,29.399585921325052,-0.0029097963142580285,-0.0038647342995169476,0.02882703777335993,-0.020416412928327077,0.03497942386831276,100600.0
2025-11-17,99800.0,101000.0,99500.0,100600.0,17192584,0.034979423868312765,0.034381546199245445,100814.28571428571,102400.0,101171.42857142857,0.03172008969448077,1500.0,-800.0,54.31224759188724,2821.479043113941,3991.522341453492,-1170.0432983395513,108655.36223704607,93994.63776295393,0.14469010090394405,0.4505481464247424,100200.0,101440.0,101040.0,101325.0,0.9917192429022083,0.9928448063163089,115.0,0.034979423868312765,0.034979423868312765,0.014910536779324055,0.008016032064128256,0.035511080099500165,0.033480341835965426,21398741.2,25815087.0,-0.21157872329068306,0.6659897756687785,28.178896222663937,3835.3983511366023,-311696967.0,26.70807453416149,24.223602484472043,-0.054474708171206254,-0.0029097963142580285,-0.0038647342995169476,-0.007468360205717173,-0.027833001988071572,97800.0
2025-11-18,99800.0,100900.0,97500.0,97800.0,18684068,-0.027833001988071593,-0.028227680624867205,100800.0,102207.14285714286,101157.14285714286,0.033385824214681566,3400.0,2000.0,49.92838858116628,2361.7700678241963,3665.571886727633,-1303.8018189034365,108638.56510771633,94041.43489228367,0.1440411507344846,0.2574865779948054,98533.33333333333,100300.0,100330.0,101340.0,0.9750747756729811,0.9650680876258141,-1040.0,-0.027833001988071593,0.027833001988071593,0.034764826175869123,-0.02004008016032064,0.03318022773639421,0.030174808182605227,19587046.4,25609098.9,0.08675159010419842,0.7295870921877693,28.233861596098595,3804.298468912559,-330381035.0,9.316770186335404,13.87163561076604,0.034979423868312765,-0.054474708171206254,-0.0029097963142580285,-0.015776095430321695,-0.013292433537832311,96500.0
2025-11-19,97100.0,97500.0,94600.0,96500.0,18993346,-0.013292433537832271,-0.013381568695831368,100214.28571428571,101664.28571428571,101109.52380952382,0.03130338580392052,2900.0,600.0,47.99154932948036,1870.980755926823,3306.653660567471,-1435.672904640648,108756.55499040455,93713.44500959545,0.148595939949712,0.18523795903635829,98300.0,98980.0,99920.0,101235.0,0.9749444332188321,0.9532276386625179,-2255.0,-0.013292433537832271,0.013292433537832271,0.03005181347150259,-0.006179196704428424,0.03295322568365926,0.027845520143168594,19503016.2,25761885.65,0.016553033311589305,0.7372653639583251,28.236897552593994,3761.1342925616623,-349374381.0,10.674157303370787,15.566334007955888,-0.027833001988071593,0.034979423868312765,-0.054474708171206254,-0.0020486705525303663,0.04248704663212435,100600.0
2025-11-20,100900.0,102900.0,99500.0,100600.0,25360435,0.042487046632124326,0.041609249320698566,99800.0,101171.42857142857,101204.76190476191,0.033997633510913214,3400.0,300.0,54.046243788233106,1792.2030243157496,3003.763533317127,-1211.5605090013773,108634.55934790461,94245.44065209539,0.14184856758487002,0.44162255397582845,98300.0,98540.0,100060.0,101440.0,1.0209052161558758,0.9917192429022083,-2900.0,0.042487046632124326,0.042487046632124326,0.033797216699801194,-0.002973240832507433,0.04147831308142369,0.03109213049706676,20407355.0,26105478.35,0.33522734751422956,0.9714602682237385,28.567608377031203,3949.6247002358296,-324013946.0,33.70786516853933,17.899597552748503,-0.013292433537832271,-0.027833001988071593,0.034979423868312765,0.0004538703687401539,-0.05765407554671968,94800.0
2025-11-21,95600.0,96800.0,94500.0,94800.0,23103574,-0.05765407554671964,-0.059382848404662666,98614.28571428571,100007.14285714286,101123.80952380953,0.03990702275347457,2300.0,800.0,45.90473938690539,1247.3805505541968,2652.486936764541,-1405.1063862103442,108947.65852902134,93532.34147097866,0.15226508354447532,0.082233698097047,97300.0,98060.0,99750.0,101240.0,0.9667550479298389,0.9363887791386803,-3180.0,-0.05765407554671964,0.05765407554671964,0.024261603375527425,-0.008368200836820083,0.04246533086579451,0.036237116662758334,20666801.4,26320560.8,-0.0889914151709148,0.877776661962309,28.41502257038262,4103.2229359332705,-347117520.0,1.675977653631285,15.352666708513796,0.042487046632124326,-0.013292433537832271,-0.027833001988071593,-0.009486487484142528,0.020042194092827006,96700.0
2025-11-24,97800.0,99000.0,96200.0,96700.0,29831172,0.020042194092827037,0.019843993198272552,97742.85714285714,99421.42857142857,101023.80952380953,0.04165825847782057,2800.0,1100.0,48.63447847626339,957.8771246663237,2313.564974344898,-1355.6878496785744,108933.01482783208,93016.98517216792,0.15762346774611705,0.23140286286921938,97366.66666666667,97280.0,99360.0,100975.0,0.9940378289473685,0.957662787818767,-3695.0,0.020042194092827037,0.020042194092827037,0.028955532574974147,-0.011247443762781187,0.03943152124789104,0.035612308833237044,23194519.0,26703620.9,0.291192955687289,1.1171208620625677,28.690433126466928,4110.135583366608,-317286348.0,19.130434782608695,18.171425868259767,-0.05765407554671964,0.042487046632124326,-0.013292433537832271,0.001625055059410574,0.02688728024819028,99300.0
2025-11-25,101400.0,101400.0,97800.0,99300.0,16110054,0.026887280248190315,0.0265321685918783,98042.85714285714,99328.57142857143,100895.23809523809,0.03752350856783719,3600.0,2100.0,52.18986118879147,927.5496300286322,2036.361905481645,-1108.8122754530127,108931.31724991612,92998.68275008388,0.15780354082931938,0.39549750858732546,96933.33333333333,97580.0,98940.0,100965.0,1.01762656282025,0.9835091368295944,-3385.0,0.026887280248190315,0.026887280248190315,0.03625377643504532,-0.020710059171597635,0.039881754799002994,0.03542222946408047,22679716.2,26509009.5,-0.4599590656377832,0.6077199527202252,28.100854957136736,4152.268755983279,-301176294.0,41.73913043478261,20.848514290340862,0.020042194092827037,-0.05765407554671964,0.042487046632124326,-0.0035748670685674297,0.035246727089627394,102800.0
2025-11-26,100500.0,102900.0,99300.0,102800.0,21314975,0.03524672708962728,0.03463978196993772,98357.14285714286,99585.71428571429,101052.38095238095,0.03755955126729738,3600.0,-2300.0,56.54984944813415,1172.4206854546064,1863.5736614762372,-691.1529760216308,109084.36722900927,93075.63277099073,0.15837687433734202,0.6074413473788666,99600.0,98840.0,98910.0,101080.0,1.0400647511129097,1.0170162247724575,-2240.0,0.03524672708962728,0.03524672708962728,0.03501945525291829,0.022885572139303482,0.040614168931974864,0.037484462315136954,23144042.0,26529768.85,0.32308526091843026,0.8034361369869228,28.41546106730147,4112.820987698759,-279861319.0,72.17391304347827,44.34782608695652,0.026887280248190315,0.020042194092827037,-0.05765407554671964,0.02739206714354821,0.006809338521400778,103500.0
2025-11-27,104100.0,105500.0,102700.0,103500.0,16453004,0.006809338521400754,0.006786259684359007,99171.42857142857,99985.71428571429,101195.23809523809,0.03493330351684616,2800.0,600.0,57.38684600930075,1406.7507638031093,1772.2090819416117,-365.45831813850236,109011.08958424765,93088.91041575235,0.1575673346709084,0.6538734097935374,101866.66666666667,99420.0,98980.0,101050.0,1.0410380205190102,1.0242454230578921,-1630.0,0.006809338521400754,0.006809338521400754,0.02705314009661836,-0.005763688760806916,0.03721886127899196,0.03751659832326114,21362555.8,25623918.2,-0.2281011823846849,0.6420955558623349,28.163345524173664,4019.048060005991,-263408315.0,78.26086956521739,64.05797101449275,0.03524672708962728,0.026887280248190315,0.020042194092827037,0.022981115286406117,-0.028985507246376812,100500.0
2025-11-28,103800.0,103800.0,100500.0,100500.0,15292277,-0.02898550724637683,-0.02941388520629334,99742.85714285714,99978.57142857143,101023.80952380953,0.03703801208475426,3300.0,3300.0,52.7012860530792,1334.9951184772654,1684.7662892487426,-349.7711707714773,108059.91990803073,93340.08009196927,0.14617517195691618,0.4864128956225616,102266.66666666667,100560.0,99310.0,100700.0,0.9994033412887828,0.9980139026812314,-140.0,-0.02898550724637683,0.02898550724637683,0.03283582089552239,-0.031791907514450865,0.02516680894661894,0.03400632617776527,19800296.4,23647303.85,-0.07054802879765909,0.6466816300497614,28.06077149416286,3967.6874842912775,-278700592.0,52.17391304347826,67.53623188405797,0.006809338521400754,0.03524672708962728,0.026887280248190315,0.004356852788217069,0.0029850746268656717,100800.0
2025-12-01,102000.0,102800.0,99900.0,100800.0,10905526,0.0029850746268655914,0.00298062813813772,99771.42857142857,99785.71428571429,100704.76190476191,0.033524935523633316,2900.0,1200.0,53.113555477586885,1287.494312384617,1605.3118938759176,-317.81758149130064,105688.0230926183,94681.9769073817,0.10985722598429504,0.5558783771800772,101600.0,101380.0,99330.0,100185.0,0.99427895048333,1.0061386435095074,1195.0,0.0029850746268655914,0.0029850746268655914,0.028769841269841268,-0.011764705882352941,0.02495934815920449,0.032211819339579756,16015167.2,22687076.85,-0.28686055059034044,0.48069330712387476,27.725673825829624,3891.4240925561867,-267795066.0,57.27272727272727,62.56916996047431,-0.02898550724637683,0.006809338521400754,0.03524672708962728,-0.006397031366036828,0.025793650793650792,103400.0
2025-12-02,101200.0,103500.0,101000.0,103400.0,13649487,0.025793650793650702,0.025466606437060425,101000.0,99807.14285714286,100338.09523809524,0.02156043750241545,2500.0,-2200.0,56.64090713663624,1443.0136886666296,1572.8522528340602,-129.8385641674306,105378.33639976115,94841.66360023885,0.10525095194808001,0.8122427793476857,101566.66666666667,102200.0,99890.0,100110.0,1.0117416829745598,1.0328638497652582,2090.0,0.025793650793650702,0.025793650793650702,0.024177949709864602,0.021739130434782608,0.0247629212386479,0.031393002709235375,15523053.8,21847037.15,0.25161198093517,0.624775199780351,27.975572737528598,3806.322371659316,-254145579.0,80.9090909090909,63.45191040843215,0.0029850746268655914,-0.02898550724637683,0.006809338521400754,-6.892727528684528e-05,0.010638297872340425,104500.0
2025-12-03,104700.0,105500.0,104000.0,104500.0,14697927,0.010638297872340496,0.010582109330537008,102114.28571428571,99928.57142857143,100319.04761904762,0.021310583925287563,1500.0,200.0,58.077880475626294,1636.1640411534754,1585.5146104979433,50.649430655532115,105926.56561822377,94683.43438177623,0.11208943957377544,0.8731166978110877,102900.0,102540.0,100690.0,100305.0,1.0191144919055979,1.0418224415532626,2235.0,0.010638297872340496,0.010638297872340496,0.014354066985645933,-0.0019102196752626551,0.020090257474681784,0.03065979125984428,14199644.2,20339782.5,0.07681167797734822,0.7226196740304376,28.06015937178414,3684.4422022550793,-239447652.0,90.9090909090909,76.36363636363636,0.025793650793650702,0.0029850746268655914,-0.02898550724637683,0.013139007764285596,0.005741626794258373,105100.0
2025-12-04,103900.0,105100.0,103200.0,105100.0,11931145,0.00574162679425827,0.005725206478039644,102942.85714285714,100492.85714285714,100533.33333333333,0.020219563078918847,1900.0,-1200.0,58.87841780450772,1816.7101687012473,1631.7537221386042,184.95644656264312,106584.89326290926,94615.10673709074,0.1189839614892497,0.8759465542926448,104333.33333333333,102860.0,101140.0,100600.0,1.0217771728563096,1.0447316103379722,2260.0,0.00574162679425827,0.00574162679425827,0.01807802093244529,0.011549566891241578,0.02005123607236172,0.028229535917394633,13295272.4,19503555.3,-0.18824300869095345,0.6117420550498298,27.857330322864243,3556.9820449511453,-227516507.0,96.36363636363636,89.39393939393939,0.010638297872340496,0.025793650793650702,0.0029850746268655914,0.014057858486749822,0.03139866793529972,108400.0
2025-12-05,105300.0,108400.0,104600.0,108400.0,19755571,0.03139866793529977,0.03091581112264045,103742.85714285714,101050.0,100971.42857142857,0.019439116214985116,3800.0,-3100.0,63.05690439378239,2200.7083008973423,1745.544637890352,455.1636630069902,107902.32286844542,94347.67713155458,0.13403852397419871,1.0367163510736455,106000.0,104440.0,102500.0,101125.0,1.037916507085408,1.0719406674907292,3315.0,0.03139866793529977,0.03139866793529977,0.03505535055350553,0.029439696106362774,0.012590020961183215,0.018841213605464414,14187931.2,19345929.7,0.6557984166649555,1.0211745471193354,28.39252945347298,3574.340470311778,-207760936.0,100.0,95.75757575757575,0.00574162679425827,0.010638297872340496,0.025793650793650702,0.01592619753396618,0.01014760147601476,109500.0
2025-12-08,109700.0,110000.0,108000.0,109500.0,15527762,0.010147601476014678,0.010096460251009595,104600.0,101885.71428571429,101523.80952380953,0.019456913787531012,2000.0,200.0,64.35703346088047,2564.2315292458807,1909.282016161458,654.9495130844227,109303.48154727873,93836.51845272127,0.15227885295419377,1.0127056909310412,107666.66666666667,106180.0,103780.0,101570.0,1.0312676586927858,1.0780742345180663,4610.0,0.010147601476014678,0.010147601476014678,0.0182648401826484,-0.0018231540565177757,0.011163554092374399,0.018728029549771236,15112378.4,18930201.45,-0.21400591256005708,0.8202639597372061,28.16181990480185,3461.8875795752224,-192233174.0,96.7741935483871,97.71260997067448,0.03139866793529977,0.00574162679425827,0.010638297872340496,0.01576263206852424,-0.01004566210045662,108400.0
2025-12-09,108900.0,109400.0,107300.0,108400.0,13671800,-0.010045662100456654,-0.01009646025100971,105728.57142857143,102735.71428571429,101895.23809523809,0.013807335582951668,2100.0,500.0,62.00697632279291,2732.0718759093143,2073.839988111029,658.2318877982852,110096.94612267808,93533.05387732192,0.1626861684953707,0.8975514874437898,108766.66666666667,107180.0,104690.0,101815.0,1.0113827206568389,1.0646761282718655,5365.0,-0.010045662100456654,0.010045662100456654,0.01937269372693727,-0.004591368227731864,0.0148104362042457,0.019246479478369705,15116841.0,18226664.35,-0.11952540230845887,0.7500988517408014,28.024429243221242,3371.7527524627067,-205904974.0,89.6774193548387,95.48387096774194,0.010147601476014678,0.03139866793529977,0.00574162679425827,0.0105002024369526,-0.0036900369003690036,108000.0
2025-12-10,108300.0,109800.0,107400.0,108000.0,12365092,-0.0036900369003689537,-0.0036968618813260916,106757.14285714286,103264.28571428571,102109.52380952382,0.014643746811075399,2400.0,300.0,61.13278086441884,2800.527168868881,2219.1774242625997,581.3497446062811,110780.30902397842,93339.69097602158,0.17088593031507782,0.8405842604698213,108633.33333333333,107880.0,105210.0,102060.0,1.0011123470522802,1.0582010582010581,5820.0,-0.0036900369003689537,0.0036900369003689537,0.022222222222222223,-0.002770083102493075,0.015899671018461098,0.017166757040017567,14650274.0,17874244.1,-0.09557688087888938,0.6917826527836217,27.920274405372922,3302.3418415725137,-218270066.0,87.09677419354838,91.18279569892472,-0.010045662100456654,0.010147601476014678,0.03139866793529977,-0.0011960325082703098,-0.006481481481481481,107300.0
2025-12-11,109200.0,110500.0,107300.0,107300.0,22994507,-0.0064814814814815325,-0.006502577487566957,107314.28571428571,104157.14285714286,102309.52380952382,0.013931689328771637,3200.0,1900.0,59.550526403926,2766.404937781728,2328.6229269664254,437.7820108153028,111312.50767027296,93257.49232972704,0.17651674576473494,0.7777621566866177,107900.0,108320.0,105590.0,102285.0,0.9905834564254062,1.0490296719949161,6035.0,-0.0064814814814815325,0.0064814814814815325,0.02982292637465051,-0.0173992673992674,0.016988271384078178,0.01752861821454403,16862946.4,17982032.4,0.8596308866929578,1.2787490584212273,28.53414984790217,3295.0317100316197,-241264573.0,77.62237762237763,84.79885705692158,-0.0036900369003689537,-0.010045662100456654,0.010147601476014678,-0.006739060160769046,0.014911463187325256,108900.0
2025-12-12,107100.0,108900.0,106800.0,108900.0,14210314,0.01491146318732528,0.014801380302262022,107942.85714285714,105028.57142857143,102600.0,0.01428563480604918,2100.0,-1800.0,61.97321928492601,2835.7803414851514,2430.0544098701707,405.7259316149807,112025.52177362729,93714.47822637271,0.17800178426416427,0.8293094675046029,108066.66666666667,108420.0,106430.0,102870.0,1.0044272274488102,1.0586176727909011,5550.0,0.01491146318732528,0.01491146318732528,0.01928374655647383,0.01680672268907563,0.010922203110818415,0.013439258161958005,15753895.0,17602231.0,-0.382012669373603,0.807301869859565,28.06766390586555,3209.672302172218,-227054259.0,87.4015748031496,84.04024220635854,-0.0064814814814815325,-0.0036900369003689537,-0.010045662100456654,0.0015799816018249313,-0.03764921946740129,104800.0
2025-12-15,105300.0,105800.0,104600.0,104800.0,20594654,-0.037649219467401296,-0.038376258051973006,107900.0,105421.42857142857,102961.90476190476,0.02200857955986177,1200.0,500.0,53.18287547938608,2530.752178101975,2450.1939635165318,80.55821458544324,112208.92453457085,93951.07546542915,0.1771230992349796,0.5942060586373802,107000.0,107480.0,106830.0,103080.0,0.9750651283959807,1.016686069072565,4400.0,-0.037649219467401296,0.037649219467401296,0.011450381679389313,-0.004748338081671415,0.01889002014290124,0.019805950940987308,16767273.4,17772334.5,0.44927508287290485,1.1588040952076386,28.400351136386515,3287.55285201706,-247648913.0,49.107142857142854,71.37703176089003,0.01491146318732528,-0.0064814814814815325,-0.0036900369003689537,-0.009739745920519183,-0.019083969465648856,102800.0
2025-12-16,104900.0,105600.0,102700.0,102800.0,18852079,-0.01908396946564883,-0.019268418865877032,107100.0,105421.42857142857,103066.66666666667,0.017893128137936937,2900.0,2100.0,49.494860063959486,2103.385358606858,2380.8322425345973,-277.44688392773924,112117.57496037475,94542.42503962525,0.17008758270346955,0.469843784981073,105500.0,106360.0,106770.0,103330.0,0.9665287702143663,0.9948708022839446,3030.0,-0.01908396946564883,0.01908396946564883,0.02821011673151751,-0.02001906577693041,0.01948704594722005,0.019418928442184683,17803329.2,17780735.05,-0.08461297771742127,1.0602530742957108,28.292674389557508,3259.870505444413,-266500992.0,27.358490566037737,54.62240274211007,-0.037649219467401296,0.01491146318732528,-0.0064814814814815325,-0.013940575248574949,0.04961089494163424,107900.0
2025-12-17,103500.0,108100.0,103400.0,107900.0,22297611,0.04961089494163429,0.04841951924302429,106871.42857142857,105735.71428571429,103547.61904761905,0.0274908347239329,4700.0,-4400.0,57.57419899207576,2151.421208192085,2334.950035666095,-183.5288274740101,112292.22698002176,95507.77301997824,0.1615443114537394,0.7383157658582316,105166.66666666667,106340.0,107110.0,103900.0,1.0146699266503667,1.0384985563041387,2440.0,0.04961089494163429,0.04961089494163429,0.04355885078776645,0.04251207729468599,0.033566805929110564,0.024993534351326847,19789833.0,17945948.3,0.18276668583873423,1.2424871969568752,28.508950251893314,3405.594040769812,-244203381.0,75.47169811320755,50.645777178796045,-0.01908396946564883,-0.037649219467401296,0.01491146318732528,-0.0023740979971386134,-0.0027803521779425394,107600.0
2025-12-18,106400.0,108200.0,105700.0,107600.0,20445631,-0.002780352177942591,-0.0027842245364049865,106757.14285714286,106242.85714285714,104076.19047619047,0.02727454081562793,2500.0,-1200.0,56.99660193109371,2140.606888543014,2296.081406241479,-155.47451769846475,112646.61585966224,95853.38414033776,0.1610861555810502,0.6994851292467461,106100.0,106400.0,107360.0,104250.0,1.0112781954887218,1.0321342925659471,2150.0,-0.002780352177942591,0.002780352177942591,0.023234200743494422,0.011278195488721804,0.03342142634978604,0.0250532932920961,19280057.8,17700208.1,-0.08305732842859259,1.1551068148176178,28.419455701306653,3340.908752143397,-264649012.0,72.64150943396227,58.490566037735846,0.04961089494163429,-0.01908396946564883,-0.037649219467401296,0.009248857766014288,-0.012081784386617101,106300.0
2025-12-19,109700.0,109700.0,106200.0,106300.0,25917098,-0.012081784386617112,-0.012155362379781808,106514.28571428571,106635.71428571429,104347.61904761905,0.027596397550903626,3500.0,3400.0,54.44753031822243,2004.0360467832652,2237.672334349836,-233.6362875665709,111980.08652343835,97669.91347656165,0.1365148871631453,0.6030735264464135,107266.66666666667,105880.0,107150.0,104825.0,1.0039667548167737,1.0140710708323397,1055.0,-0.012081784386617112,0.012081784386617112,0.03292568203198495,-0.03099361896080219,0.032786961390178525,0.023211784718153234,21621414.6,17840884.3,0.26761057166687596,1.4526801230362778,28.644434027634233,3352.272412704583,-290566110.0,55.78947368421053,67.96756041046011,-0.002780352177942591,0.04961089494163429,-0.01908396946564883,0.011582919459024862,0.03951081843838194,110500.0
2025-12-22,109700.0,110500.0,109300.0,110500.0,24859171,0.03951081843838189,0.03875023560990522,106971.42857142857,107142.85714285714,105095.23809523809,0.0314675907540746,1200.0,-800.0,60.581281993018365,2209.2408169511764,2231.986030870104,-22.745213918927675,112001.35004005331,99028.64995994669,0.12294650125675607,0.8842684999435392,108133.33333333333,107020.0,107250.0,105515.0,1.0325172864885068,1.04724446761124,1505.0,0.03951081843838189,0.03951081843838189,0.01085972850678733,0.007292616226071103,0.0313503345439109,0.02650296779363244,22474318.0,17592284.25,-0.040819655040082004,1.4130723814333548,28.64150809668938,3412.8243832256844,-265706939.0,100.0,76.14366103939093,-0.012081784386617112,-0.002780352177942591,0.04961089494163429,0.008216227291274062,0.00904977375565611,111500.0
2025-12-23,110900.0,112500.0,110400.0,111500.0,20419187,0.009049773755656076,0.00900906994236591,107342.85714285714,107642.85714285714,105800.0,0.031217459830037424,2100.0,-600.0,61.89684189444606,2424.6093312770245,2270.510690951488,154.0986403255365,112442.85273315934,99807.14726684066,0.11906436246236675,0.9253818684146624,109433.33333333333,108760.0,107560.0,106125.0,1.0251930856932696,1.050647820965842,2635.0,0.009049773755656076,0.009049773755656076,0.01883408071748879,0.005410279531109108,0.02678551086544366,0.02628796391571882,22787739.6,17807740.9,-0.17860547320745335,1.1466466810509357,28.453765425883017,3319.0512129952785,-245287752.0,89.79591836734694,81.86179735051915,0.03951081843838189,-0.012081784386617112,-0.002780352177942591,0.012159602602473618,-0.003587443946188341,111100.0
2025-12-24,112400.0,112400.0,110900.0,111100.0,12492939,-0.0035874439461883734,-0.003593894254589171,108242.85714285714,108071.42857142857,106361.90476190476,0.025755416326173106,1500.0,1300.0,61.01959442683705,2533.805639295533,2323.169680620297,210.635958675236,113026.39061095528,100053.60938904472,0.12176441920321526,0.8515051955318823,111033.33333333333,109400.0,107870.0,106540.0,1.0155393053016453,1.0428008259808523,2860.0,-0.0035874439461883734,0.0035874439461883734,0.013501350135013501,-0.011565836298932384,0.020175716840091652,0.026285025708232632,20826805.2,17366639.1,-0.3881764734315818,0.7193642320810363,27.958860138296156,3189.1189834956162,-257780691.0,85.71428571428571,91.83673469387755,0.009049773755656076,0.03951081843838189,-0.012081784386617112,0.014991049415949864,0.05310531053105311,117000.0
2025-12-26,112400.0,117000.0,112400.0,117000.0,34018174,0.05310531053105305,0.05174323815217176,110271.42857142857,108685.71428571429,107038.09523809524,0.027022669979249517,4600.0,-4600.0,68.18259642787308,3061.1382949875842,2470.7634034937546,590.3748914938296,115040.80750835904,99389.19249164096,0.1459834446366467,1.1251751010709294,113200.0,111280.0,108840.0,107215.0,1.0514018691588785,1.091265214755398,4065.0,0.05310531053105305,0.05310531053105305,0.039316239316239315,0.04092526690391459,0.028030924226754034,0.030307316889287284,23541313.8,18244897.6,1.722992083768279,1.8645308264158194,29.012334682962386,3382.753341817358,-223762517.0,100.0,91.83673469387755,-0.0035874439461883734,0.009049773755656076,0.03951081843838189,0.019522546780173584,0.021367521367521368,119500.0
2025-12-29,119400.0,119700.0,118200.0,119500.0,19676004,0.02136752136752129,0.021142436573809164,111928.57142857143,109400.0,107800.0,0.023755677720325757,1500.0,-100.0,70.64418538970531,3638.8360930940253,2704.377941413809,934.4581516802164,117093.78844849,99236.21155151,0.16509570468247584,1.1347445717518894,115866.66666666667,113920.0,109900.0,108165.0,1.0489817415730338,1.1047936023667544,5755.0,0.02136752136752129,0.02136752136752129,0.012552301255230125,0.0008375209380234506,0.02279884577193249,0.030512920633139873,22293095.0,18464083.95,-0.4216031701172438,1.0656366193569002,28.485982030544825,3333.985245973261,-204086513.0,98.82352941176471,94.84593837535014,0.05310531053105305,-0.0035874439461883734,0.009049773755656076,0.023628462650795323,0.0033472803347280333,119900.0
2025-12-30,119100.0,121200.0,118700.0,119900.0,19746349,0.0033472803347280866,0.0033416906619032558,113685.71428571429,110221.42857142857,108723.80952380953,0.023113219641289404,2500.0,-800.0,71.03037302817353,4081.888942401405,2979.8801416113283,1102.0088007900767,118787.22079476465,99452.77920523535,0.17718513186885362,1.0575542458820213,118800.0,115800.0,111410.0,109120.0,1.035405872193437,1.0987903225806452,6680.0,0.0033472803347280866,0.0033472803347280866,0.020850708924103418,0.006717044500419815,0.022335646342810635,0.02583257570912858,21270530.6,18906125.1,0.0035751669902079897,1.0444418883063458,28.492892512479084,3274.4148712608853,-184340164.0,92.97297297297297,97.26550079491255,0.02136752136752129,0.05310531053105305,-0.0035874439461883734,0.02594003741110081,0.07172643869891576,128500.0
2026-01-02,120200.0,128500.0,120200.0,128500.0,30463279,0.07172643869891582,0.06927084230180598,116857.14285714286,111685.71428571429,110042.85714285714,0.027051628562177337,8300.0,-8300.0,77.79421563831549,5068.532753768726,3397.6106640428084,1670.9220897259179,122984.7497783928,97765.2502216072,0.2284892372075705,1.2186899152851454,122633.33333333333,119200.0,113980.0,110375.0,1.0780201342281879,1.1642129105322763,8825.0,0.07172643869891582,0.07172643869891582,0.06459143968871596,0.06905158069883527,0.03234458548851268,0.0287654159806739,23279349.0,19746814.7,0.5427296965125046,1.5426933134689313,28.99571673233141,3654.813809027965,-153876885.0,100.0,97.26550079491255,0.0033472803347280866,0.02136752136752129,0.05310531053105305,0.03214708013372173,0.07470817120622568,138100.0
2026-01-05,134600.0,138600.0,133600.0,138100.0,42863376,0.07470817120622564,0.07204915607997191,120800.0,113885.71428571429,111695.23809523809,0.03193061705089585,5000.0,-3500.0,82.66091248303462,6549.595195680231,4028.0075703702933,2521.5876253099377,129423.99536530518,94686.00463469482,0.3100083952577784,1.2497555112492362,128833.33333333333,124600.0,117000.0,112055.0,1.108346709470305,1.232430502878051,12545.0,0.07470817120622564,0.07470817120622564,0.036205648081100654,0.02600297176820208,0.031447996894715835,0.03223752517682174,29353436.4,21155087.15,0.4070506329932506,2.0261498190046456,29.409261652387343,4115.184251240253,-111013509.0,98.60724233983287,97.19340510426862,0.07172643869891582,0.0033472803347280866,0.02136752136752129,0.04992729674662318,0.005792903692976104,138900.0
2026-01-06,135300.0,139300.0,132700.0,138900.0,45321341,0.005792903692976026,0.005776189345051569,124714.28571428571,116028.57142857143,113333.33333333333,0.032336872288136226,6600.0,-3600.0,82.99536836770588,7699.150155061827,4762.2360873086,2936.914067753227,134510.09976910887,92979.90023089114,0.3651167043669412,1.1057038078242647,135166.66666666666,128980.0,120130.0,113745.0,1.0769111490153511,1.2211525781353028,15235.0,0.005792903692976026,0.005792903692976026,0.047516198704103674,0.026607538802660754,0.03523353960668724,0.03150952424780356,31614069.8,22824596.95,0.05734417652963231,1.985635982939011,29.470798112014084,4292.671090437378,-65692168.0,98.90710382513662,99.17144872165649,0.07470817120622564,0.07172643869891582,0.0033472803347280866,0.050742504532705825,0.01511879049676026,141000.0
2026-01-07,143500.0,144400.0,137600.0,141000.0,46317413,0.015118790496760237,0.015005640617870176,128985.71428571429,118614.28571428571,115042.85714285714,0.02963442721716927,6800.0,2500.0,83.87466486574446,8679.580392126474,5545.704948272175,3133.875443854299,139257.50846385924,91492.49153614078,0.41399797987188264,1.0364804965688095,139333.33333333334,133280.0,123600.0,115375.0,1.0579231692677071,1.2221018418201517,17905.0,0.015118790496760237,0.015118790496760237,0.04822695035460993,-0.017421602787456445,0.03595856207234564,0.02889416302809843,36942351.6,24152689.05,0.02197799045707849,1.917691769397412,29.507543708425278,4471.766012548994,-19374755.0,91.84652278177458,96.45362298224802,0.005792903692976026,0.07470817120622564,0.07172643869891582,0.031873288465320636,-0.015602836879432624,138800.0
2026-01-08,138300.0,144500.0,138300.0,138800.0,41449329,-0.015602836879432647,-0.015725842305464175,132100.0,121185.71428571429,116490.47619047618,0.033623111326554454,6200.0,-500.0,79.25125562834836,9173.312567694215,6271.226472156583,2902.086095537631,142716.5002107682,90963.4997892318,0.4429390655728893,0.9243232241827976,139566.66666666666,137060.0,126430.0,116840.0,1.0126951699985407,1.187949332420404,20220.0,-0.015602836879432647,0.015602836879432647,0.0446685878962536,0.0036153289949385392,0.04070123143979272,0.03178150501617097,41282947.6,25448767.4,-0.10510267488384983,1.6287362114048793,29.380771578291036,4595.211297366924,-60824084.0,86.13138686131387,92.29500448940836,0.015118790496760237,0.005792903692976026,0.07470817120622564,0.0017696191034345388,0.001440922190201729,139000.0
2026-01-09,136000.0,140700.0,135200.0,139000.0,29520566,0.0014409221902016434,0.0014398850579875444,134885.7142857143,123407.14285714286,117895.23809523809,0.034747948273090405,5500.0,-3000.0,79.3626281176784,9471.555012168159,6911.292180158899,2560.26283200926,145721.82857353016,91018.17142646984,0.4621412279045394,0.8771228666584427,139600.0,139160.0,129180.0,118370.0,0.9988502443230813,1.1742840246684125,20790.0,0.0014409221902016434,0.0014409221902016434,0.039568345323741004,0.022058823529411766,0.03450323040323943,0.03225354483682132,41094405.0,26241205.7,-0.28779146219713236,1.1249698789564384,29.042826943067546,4659.839061840716,-31303518.0,85.82474226804123,87.93421730370989,-0.015602836879432647,0.015118790496760237,0.005792903692976026,0.0003189586025097446,-0.0014388489208633094,138800.0
2026-01-12,141000.0,142000.0,136900.0,138800.0,26271134,-0.0014388489208633226,-0.0014398850579876432,137585.7142857143,125635.71428571429,119342.85714285714,0.03521047597812657,5100.0,2200.0,78.90650341946714,9581.32838020708,7445.299420168536,2136.028960038544,148253.74710584313,91566.25289415687,0.47275034785827913,0.8332304640148618,138866.66666666666,139300.0,131950.0,119910.0,0.9964106245513281,1.1575348177800016,19390.0,-0.0014388489208633226,0.0014388489208633226,0.03674351585014409,-0.015602836879432624,0.011225967933970477,0.032065269971649296,37775956.6,26936507.8,-0.11007349926827281,0.9752984386491258,28.924770654895937,4691.279128852094,-57574652.0,85.11749347258485,85.69120753397999,0.0014409221902016434,-0.015602836879432647,0.015118790496760237,-0.005200254536698108,-0.008645533141210375,137600.0
2026-01-13,139800.0,140200.0,136900.0,137600.0,22384699,-0.008645533141210415,-0.008683122573460881,138885.7142857143,127871.42857142857,120752.38095238095,0.02917665630065127,3300.0,2200.0,76.0811012653175,9462.41773259989,7848.7230826548075,1613.6946499450823,150167.11104578804,92682.88895421196,0.4734133999718022,0.7813815584775972,138466.66666666666,139040.0,134010.0,121425.0,0.9896432681242808,1.1332098002882438,17615.0,-0.008645533141210415,0.008645533141210415,0.023982558139534885,-0.015736766809728183,0.011556987680152763,0.031556057631474524,33188628.2,26906017.4,-0.14793556304040778,0.831958839066238,28.755994407544147,4591.902048219801,-79959351.0,80.39772727272727,83.7799876711178,-0.0014388489208633226,0.0014409221902016434,-0.015602836879432647,-0.0028811532906240314,0.019622093023255814,140300.0
2026-01-14,137000.0,140300.0,136800.0,140300.0,18444394,0.019622093023255793,0.01943206160917195,139200.0,130000.0,122323.80952380953,0.012431806001655646,3500.0,-3300.0,77.99069508985221,9476.804914872308,8174.339449098308,1302.4654657739993,152281.63966995676,93708.36033004324,0.4762248818237612,0.7954418839958629,138900.0,138900.0,136090.0,122995.0,1.0100791936645068,1.1406967762917193,15905.0,0.019622093023255793,0.019622093023255793,0.024946543121881683,0.02408759124087591,0.013257923928229077,0.03153269135576075,27614024.4,27117721.4,-0.17602671360468147,0.6801601700945272,28.581809300132036,4513.90904477553,-61514957.0,87.68328445747801,84.39950173426338,-0.008645533141210415,-0.0014388489208633226,0.0014409221902016434,0.003179236987060685,0.02565930149679259,143900.0
2026-01-15,139000.0,144000.0,138300.0,143900.0,24701126,0.02565930149679252,0.02533562678490681,139914.2857142857,132314.2857142857,123990.47619047618,0.015236200958588244,5700.0,-4900.0,80.25427731384352,9667.258634147016,8472.92328610805,1194.335348038965,154342.55186715076,95557.44813284924,0.47046901748140474,0.8223605777009549,140600.0,139920.0,138490.0,124950.0,1.028444825614637,1.1516606642657063,14970.0,0.02565930149679252,0.02565930149679252,0.03961084086170952,0.03525179856115108,0.01461035953639443,0.0312785687168149,24264383.8,27323045.0,0.33922133738847693,0.9040400145737783,28.89923328047942,4598.629827291563,-36813831.0,98.21428571428571,88.76509914816366,0.019622093023255793,-0.008645533141210415,-0.0014388489208633226,0.012211953792945965,0.03474635163307853,148900.0
2026-01-16,145300.0,149500.0,144300.0,148900.0,30000219,0.0347463516330786,0.03415632579664124,141042.85714285713,135014.2857142857,126090.47619047618,0.01865673723924737,5200.0,-3600.0,82.88680650433417,10105.166720369103,8799.371972960262,1305.7947474088414,156564.0591348206,97945.94086517941,0.4606350891488836,0.8692544325703837,144366.66666666666,141900.0,140530.0,127255.0,1.0493305144467935,1.170091548465679,14645.0,0.0347463516330786,0.0347463516330786,0.03492276695768973,0.02477632484514797,0.018365292899680752,0.026085939458075375,24360314.4,27880452.0,0.214528398421999,1.0760305822875469,29.12774545827211,4670.156268199308,-6813612.0,98.38274932614556,94.7601064993031,0.02565930149679252,0.019622093023255793,-0.008645533141210415,0.026675915384375637,0.002686366689053056,149300.0
2026-01-19,147200.0,150600.0,146600.0,149300.0,22762497,0.002686366689053088,0.002682764855181433,142542.85714285713,137321.42857142858,128304.76190476191,0.015880804653748186,4000.0,-2100.0,83.08113923308326,10365.00733811727,9112.499045991663,1252.508292125607,158726.1009460886,99923.89905391137,0.4546854969431838,0.8396981636270561,147366.66666666666,144000.0,141650.0,129325.0,1.0368055555555555,1.1544558283394548,14675.0,0.002686366689053088,0.002686366689053088,0.02679169457468185,0.014266304347826086,0.01757459920756509,0.0156784246824648,23658587.0,27903696.3,-0.2412556388338365,0.8157520335397286,28.85433785474985,4622.287963327929,15948885.0,95.98765432098766,97.52822978713965,0.0347463516330786,0.02565930149679252,0.019622093023255793,0.021030673272974736,-0.027461486939048894,145200.0
2026-01-20,148500.0,149300.0,143900.0,145200.0,24059218,-0.02746148693904893,-0.027845602154449024,143428.57142857142,139157.14285714287,130080.95238095238,0.02150254584064113,5400.0,3300.0,73.82695023084807,10123.400900875888,9314.679416968507,808.7214839073804,159546.41288310295,102863.58711689705,0.4320172689013826,0.7469001820361568,147800.0,145520.0,142280.0,131205.0,0.9978009895547004,1.1066651423345146,14315.0,-0.02746148693904893,0.02746148693904893,0.0371900826446281,-0.022222222222222223,0.024502625047020388,0.019293782923235137,23993490.8,28084375.65,0.05696743200010079,0.8566762636932611,28.881896147277583,4677.838823090219,-8110333.0,83.07210031347962,92.48083465353761,0.002686366689053088,0.0347463516330786,0.02565930149679252,0.003323743794360919,0.029614325068870524,149500.0
2026-01-21,141900.0,149800.0,141800.0,149500.0,31703610,0.029614325068870517,0.029184290440045398,144957.14285714287,141271.42857142858,132076.19047619047,0.022759633650692498,8000.0,-7600.0,76.7517460014804,10161.761659152573,9484.095865405321,677.6657937472519,160262.48765415183,106467.51234584817,0.4033665152649021,0.7999350758603181,148000.0,147360.0,143130.0,133365.0,1.0145222584147666,1.1209837663554905,13995.0,0.029614325068870517,0.029614325068870517,0.05351170568561873,0.053558844256518676,0.025752128492314858,0.020666524873290994,26645334.0,28373701.25,0.31773235522451304,1.1173589839640679,29.18699278430293,4915.1360500123465,23593277.0,96.38157894736842,91.81377786061189,-0.02746148693904893,0.002686366689053088,0.0347463516330786,0.0016130682729582253,0.018729096989966554,152300.0
2026-01-22,155000.0,157000.0,150800.0,152300.0,32073624,0.0187290969899665,0.018555867070374953,147057.14285714287,142971.42857142858,134266.66666666666,0.02118561892266686,6200.0,2700.0,78.44117722562859,10299.374655988708,9647.151623521999,652.2230324667089,161348.99239409115,109561.00760590886,0.3823261215029515,0.8252684974883193,149000.0,149040.0,144480.0,135455.0,1.0218733225979604,1.1243586430918018,13585.0,0.0187290969899665,0.0187290969899665,0.040709126723571895,-0.017419354838709676,0.025081498882818062,0.01948550681270676,28119833.6,28734423.9,0.01167103683145232,1.1162090498706676,29.21715210697482,5099.769189297179,55666901.0,80.65843621399176,86.70403849161328,0.029614325068870517,-0.02746148693904893,0.002686366689053088,0.0069606450399293624,-0.0013131976362442547,152100.0
2026-01-23,154700.0,156000.0,150100.0,152100.0,25407497,-0.0013131976362442677,-0.0013140606358689687,148742.85714285713,143971.42857142858,136247.61904761905,0.02182225143190285,5900.0,2600.0,78.00513353475826,10273.8648995955,9772.4942787367,501.370620858801,161788.62979171256,113181.37020828745,0.35354591106975386,0.8006752515005732,151300.0,149680.0,145790.0,137485.0,1.0161678246926777,1.1063025057278977,12195.0,-0.0013131976362442677,0.0013131976362442677,0.03879026955950033,-0.01680672268907563,0.02174743496323831,0.01963091851728461,27201289.2,28983839.4,-0.20783828481620914,0.8766090872005039,28.982848324166323,5156.92853291881,30259404.0,79.83539094650206,85.62513536928742,0.0187290969899665,0.029614325068870517,-0.02746148693904893,0.01567674147419758,0.0,152100.0
2026-01-26,154900.0,156400.0,151500.0,152100.0,20561689,0.0,0.0,149914.2857142857,144914.2857142857,138180.95238095237,0.021245539348639104,4900.0,2800.0,78.00513353475824,10136.797541742184,9845.354931337797,291.44261040438687,161246.24132793854,117823.75867206148,0.31119419970528583,0.7893662276194006,152166.66666666666,150240.0,147120.0,139535.0,1.0123801916932906,1.090049091625757,10705.0,0.0,0.0,0.032215647600262985,-0.018076178179470628,0.02183493747952879,0.019549218251884576,26761127.6,29387276.9,-0.19072354903751443,0.6996799693271343,28.77123362323028,5138.5764948531805,30259404.0,77.5229357798165,79.33892098010344,-0.0013131976362442677,0.0187290969899665,0.029614325068870517,0.005805299784574077,0.04865220249835635,159500.0
2026-01-27,150500.0,159500.0,149200.0,159500.0,29423670,0.048652202498356445,0.047505722959652184,151428.57142857142,146235.7142857143,140485.7142857143,0.02436370979593775,10300.0,-9000.0,82.24126178695067,10504.202916167706,9977.124528303779,527.0783878639268,162381.24767631385,120938.75232368613,0.29254902832576396,0.930476008942083,154566.66666666666,153100.0,149310.0,141660.0,1.0418027433050294,1.1259353381335593,11440.0,0.048652202498356445,0.048652202498356445,0.064576802507837,0.059800664451827246,0.021009065037625223,0.021935498051317528,27834018.0,29157551.7,0.43099479814133956,1.0091269082787908,29.177109211636175,5507.249602363668,59683074.0,100.0,85.78610890877286,0.0,-0.0013131976362442677,0.0187290969899665,0.015779668287370725,0.01818181818181818,162400.0
2026-01-28,162600.0,163300.0,160200.0,162400.0,29456431,0.018181818181818077,0.018018505502678212,153300.0,147921.42857142858,142647.61904761905,0.024303952549964012,3100.0,200.0,83.57623188143245,10903.689144949341,10162.437451632892,741.2516933164497,163734.18779869803,123875.81220130197,0.2771696088272039,0.966526789446352,158000.0,155680.0,151520.0,143805.0,1.0431654676258992,1.1293070477382567,11875.0,0.018181818181818077,0.018181818181818077,0.019088669950738917,-0.0012300123001230013,0.020189781309399937,0.021907169813937918,27384582.2,29646573.05,0.0011134233085132728,0.9935863733835503,29.196240521051354,5385.303202194835,89139505.0,96.79715302491103,91.44002960157586,0.048652202498356445,0.0,-0.0013131976362442677,0.022278006893391506,-0.010467980295566502,160700.0
2026-01-29,166200.0,166600.0,157100.0,160700.0,36087223,-0.010467980295566504,-0.010523154984110675,155514.2857142857,149471.42857142858,144609.52380952382,0.020084521875890837,9500.0,5500.0,79.7896978948019,10956.805829664896,10321.311127239293,635.4947024256035,163717.82264986893,127972.17735013105,0.24509338886995016,0.9155750966428612,160866.66666666666,157360.0,153200.0,145845.0,1.0212252160650737,1.1018547087661559,11515.0,-0.010467980295566504,0.010467980295566504,0.05911636589919104,-0.03309265944645006,0.023466760113524204,0.022901105278125396,28187302.0,30463616.75,0.22510507128307577,1.1846007418012834,29.38874397886163,5679.210116323775,53052282.0,80.20134228187919,92.33283176893008,0.018181818181818077,0.048652202498356445,0.0,0.018788680128202673,-0.0012445550715619166,160500.0
2026-01-30,160100.0,166500.0,160100.0,160500.0,40557267,-0.001244555071561959,-0.0012453301733963897,157085.7142857143,151021.42857142858,146542.85714285713,0.019662577390842293,6400.0,-400.0,79.33430541552734,10857.60316578488,10428.569534948412,429.03363083646764,164490.13821716,130399.86178283999,0.2312067308780903,0.8829537734946912,161200.0,159040.0,154360.0,147445.0,1.0091800804828974,1.0885414900471362,11595.0,-0.001244555071561959,0.001244555071561959,0.03987538940809969,0.0024984384759525295,0.023457766413860773,0.02160475984426959,31217256.0,30968316.15,0.12386777447519304,1.309637463126971,29.50427475487251,5730.695108014934,12495015.0,79.53020134228188,85.5095655496907,-0.010467980295566504,0.018181818181818077,0.048652202498356445,0.002156427604896538,-0.06292834890965732,150400.0
2026-02-02,155700.0,159600.0,150400.0,150400.0,39748369,-0.06292834890965737,-0.06499553105433116,156814.2857142857,151935.7142857143,147585.7142857143,0.033905209890836153,9200.0,5300.0,60.5422708871451,9850.44890586994,10312.945409132719,-462.4965032627788,164564.46829450116,131555.53170549884,0.22294297304472727,0.570889893519915,157200.0,158700.0,154470.0,148060.0,0.9477000630119723,1.015804403620154,10640.0,-0.06292834890965737,0.06292834890965737,0.061170212765957445,-0.0340398201669878,0.041099058753773926,0.03116003646798314,35054592.0,30812565.8,-0.01994458847535263,1.2900051640619945,29.419133057274305,6042.788314585296,-27253354.0,45.63758389261745,68.45637583892618,-0.001244555071561959,-0.010467980295566504,0.018181818181818077,-0.02488029475892861,0.11369680851063829,167500.0
2026-02-03,157900.0,167500.0,157200.0,167500.0,36529813,0.11369680851063824,0.10768493974938162,159014.2857142857,153878.57142857142,148985.7142857143,0.05351853818659612,10300.0,-9600.0,72.44358493923424,10313.21466911753,10312.999261129682,0.2154079878473567,167536.7113201732,131443.2886798268,0.24144372627163288,0.9989828806057267,159466.66666666666,160300.0,156700.0,149490.0,1.0449157829070492,1.1204762860392,10810.0,0.11369680851063824,0.11369680851063824,0.061492537313432835,0.060797973400886635,0.06456279031265415,0.04544439606512399,36475820.6,30372989.4,-0.08097328471515397,1.2027071987849838,29.442377909925575,6832.589149257775,9276459.0,100.0,75.0559284116331,-0.06292834890965737,-0.001244555071561959,-0.010467980295566504,0.01650796817647297,0.00955223880597015,169100.0
2026-02-04,163500.0,169400.0,163100.0,169100.0,29943042,0.009552238805970115,0.009506904639413455,161442.85714285713,155678.57142857142,150423.80952380953,0.053230478812471824,6300.0,-5600.0,73.25639911005847,10685.886253780278,10387.576659659802,298.3095941204756,170469.3629324305,131320.6370675695,0.259443492924623,0.9650215198022676,162333.33333333334,161640.0,158660.0,150895.0,1.0461519425884682,1.120646807382617,10745.0,0.009552238805970115,0.009552238805970115,0.03725606150206978,0.03425076452599388,0.06445301283528164,0.045183952431056724,36573142.8,29554270.85,-0.18031220143393567,1.013154482882463,29.253053069887784,6794.547067167934,39219501.0,98.91304347826087,81.51687579029277,0.11369680851063824,-0.06292834890965737,-0.001244555071561959,0.02010689946898366,-0.0579538734476641,159300.0
2026-02-05,162000.0,164000.0,158500.0,159300.0,38435228,-0.05795387344766412,-0.05970103898853179,161414.2857142857,156421.42857142858,151295.2380952381,0.05760756587852268,5500.0,2700.0,61.324873299463924,10074.322552262136,10324.92583818027,-250.60328591813413,170967.4863654522,132872.5136345478,0.250756797860087,0.6937263494616706,165300.0,161360.0,159360.0,151920.0,0.9872335151214675,1.0485781990521328,9440.0,-0.05795387344766412,0.05795387344766412,0.03452605147520402,-0.016666666666666666,0.07130591682178351,0.05036725246183815,37042743.8,29403565.8,0.28361133113996906,1.30716214017825,29.44302948873922,7066.365133798796,784273.0,63.405797101449274,87.43961352657006,0.009552238805970115,0.11369680851063824,-0.06292834890965737,0.021765057956314744,-0.004394224733207784,158600.0
2026-02-06,154100.0,160300.0,151600.0,158600.0,36358081,-0.00439422473320783,-0.004403907715255276,160871.42857142858,157085.7142857143,152238.09523809524,0.05704772282355018,8700.0,-4500.0,60.566057491110236,9424.5296516167,10144.846600867557,-720.3169492508569,171148.69137341325,134651.30862658675,0.2387009989982113,0.6561755822202243,162333.33333333334,160980.0,160010.0,152900.0,0.9852155547272953,1.0372792674950948,8080.0,-0.00439422473320783,0.00439422473320783,0.05485498108448928,0.029201817001946788,0.07133604491565211,0.050423750955729735,36202906.6,29745441.55,-0.05404279116023458,1.222307658095598,29.383067636286036,7183.053338527454,-35573808.0,60.869565217391305,74.3961352657005,-0.05795387344766412,0.009552238805970115,0.11369680851063824,-0.017598619791633945,0.04918032786885246,166400.0
2026-02-09,168600.0,168700.0,165000.0,166400.0,25098971,0.049180327868852514,0.04800921918636066,161685.7142857143,158600.0,153542.85714285713,0.060037953865115776,3700.0,2200.0,65.66436513502609,9430.252824596886,10001.927845613423,-571.6750210165374,172210.69699528784,136349.30300471216,0.23244357007114133,0.8379678994961857,161433.33333333334,164180.0,161440.0,154280.0,1.0135217444268485,1.0785584651283382,9900.0,0.049180327868852514,0.049180327868852514,0.022235576923076924,-0.013048635824436536,0.06401425101139677,0.05221492892248977,33273027.0,29686833.4,-0.30967283449310756,0.845458006982988,29.0604872146152,7391.406671489779,-10474837.0,89.1304347826087,71.1352657004831,-0.00439422473320783,-0.05795387344766412,0.009552238805970115,-0.0043892567706731445,-0.003605769230769231,165800.0
2026-02-10,167400.0,168100.0,165500.0,165800.0,19369566,-0.0036057692307692735,-0.0036122856859136607,162442.85714285713,159764.2857142857,154828.57142857142,0.0600855008867394,2600.0,1600.0,64.96853973830986,9279.406275511894,9857.423531593118,-578.0172560812243,172497.88035729804,138882.11964270196,0.21591470688288317,0.8007517838384125,163600.0,163840.0,162070.0,155690.0,1.011962890625,1.064936733251975,8150.0,-0.0036057692307692735,0.0036057692307692735,0.015681544028950542,-0.009557945041816009,0.03837474009347544,0.05052985377774608,29840977.6,29536076.75,-0.228272505673639,0.6557934611271621,28.797751151033673,7049.163337811938,-29844403.0,82.17821782178218,77.3927392739274,0.049180327868852514,-0.00439422473320783,-0.05795387344766412,0.013726777968291803,0.012062726176115802,167800.0
2026-02-11,164000.0,168600.0,162000.0,167800.0,22760242,0.012062726176115701,0.011990551331911103,164928.57142857142,160871.42857142858,156266.66666666666,0.05167148070660476,6600.0,-3800.0,66.25228350220935,9215.017597163125,9728.94234470712,-513.9247475439952,173051.08276299245,141078.91723700755,0.20356008993719094,0.8357608039178732,166666.66666666666,163580.0,162610.0,157065.0,1.025797774789094,1.0683474994429059,6515.0,0.012062726176115701,0.012062726176115701,0.03933253873659118,0.023170731707317073,0.038570512992155095,0.05038936469423282,28404417.6,29751869.15,0.17505172805627134,0.7650020872722211,28.97105387287031,7017.080242253943,-7084161.0,92.07920792079207,87.79595350839433,-0.0036057692307692735,0.049180327868852514,-0.00439422473320783,0.019212428271399646,0.06436233611442194,178600.0
2026-02-12,171200.0,179600.0,170100.0,178600.0,41296011,0.06436233611442188,0.06237587440929282,166514.2857142857,162764.2857142857,158090.47619047618,0.03966164552721668,9500.0,-7400.0,72.18076796531909,9921.094642933575,9767.372804352412,153.72183858116296,176236.32022984998,141363.67977015002,0.21960101045151112,1.0677803498384806,170733.33333333334,167440.0,164400.0,158800.0,1.066650740563784,1.1246851385390428,8640.0,0.06436233611442188,0.06436233611442188,0.05319148936170213,0.04322429906542056,0.031515191821124465,0.053403907710444225,28976574.2,30581613.4,0.814392439236806,1.3503542295122992,29.629180414734794,7358.717367807233,34211850.0,96.71052631578948,90.32265068612124,0.012062726176115701,-0.0036057692307692735,0.049180327868852514,0.024273097686589435,0.014557670772676373,181200.0
2026-02-13,179500.0,184400.0,178900.0,181200.0,34454192,0.014557670772676445,0.014452725166480355,168242.85714285713,164842.85714285713,159866.66666666666,0.03971274116793322,5500.0,-1700.0,73.39258286520791,10568.63540935851,9927.625325353632,641.0100840048781,179858.33467175515,140971.66532824485,0.24241292487304986,1.0345019347476916,175866.66666666666,171960.0,166470.0,160415.0,1.0537334263782274,1.129570177352492,11545.0,0.014557670772676445,0.014557670772676445,0.030353200883002206,0.00947075208913649,0.028293430725639116,0.05320606667254114,28595796.4,30804312.05,-0.16567747911535569,1.118486007545817,29.462497904211688,7247.38041296386,68666042.0,90.9090909090909,93.23294171522416,0.06436233611442188,0.012062726176115701,-0.0036057692307692735,0.03032757768773801,0.04856512141280353,190000.0
2026-02-19,188000.0,190900.0,187100.0,190000.0,27049388,0.04856512141280356,0.047422678551607214,172628.57142857142,167021.42857142858,161823.80952380953,0.02705759989603739,3800.0,-2000.0,77.0383451166023,11657.521931094729,10273.604646501852,1383.917284592877,185228.61416236454,139671.38583763546,0.2804384630638909,1.1047338921416667,183266.66666666666,176680.0,170430.0,162450.0,1.0753905365632783,1.1695906432748537,14230.0,0.04856512141280356,0.04856512141280356,0.02,0.010638297872340425,0.028175645212896387,0.04670670116463008,28985879.8,31018656.6,-0.21491736041872644,0.8720360894030466,29.267954289374693,7422.567526323585,95715430.0,97.77777777777777,95.13246500088606,0.014557670772676445,0.06436233611442188,0.012062726176115701,0.04249504276663396,0.0005263157894736842,190100.0
2026-02-20,190000.0,190300.0,188600.0,190100.0,24213880,0.000526315789473708,0.0005261773338973572,177128.57142857142,169000.0,163766.66666666666,0.02621020418201053,1700.0,-100.0,77.07678333023726,12385.766107029427,10696.036938607367,1689.72916842206,189107.1173535642,140282.8826464358,0.2964524406152486,1.0203358568217527,187100.0,181540.0,172690.0,164695.0,1.047152142778451,1.1542548346944352,16845.0,0.000526315789473708,0.000526315789473708,0.008942661756970016,0.0005263157894736842,0.02708615348415512,0.034951898897731544,29954742.6,31026389.7,-0.10482706669740549,0.7804285395151856,29.15774210890359,7013.812703014758,119929310.0,98.0246913580247,95.57052001496447,0.04856512141280356,0.014557670772676445,0.06436233611442188,0.02121636932498457,0.015255128879537085,193000.0
2026-02-23,194400.0,197600.0,190500.0,193000.0,26364684,0.015255128879537061,0.01513993941050205,180928.57142857142,171307.14285714287,166042.85714285713,0.024471753819217897,7100.0,1400.0,78.21568592431376,13046.518482966552,11166.133247479203,1880.3852354873488,193253.57543305226,140486.42456694774,0.3162171203098491,0.9951944452393174,191033.33333333334,186580.0,175080.0,166870.0,1.0344088326723122,1.1565889614670102,19710.0,0.015255128879537061,0.015255128879537061,0.03678756476683938,-0.00720164609053498,0.026650238674644115,0.034930740142689855,30675631.0,30759443.4,0.08882525229331284,0.8571248724221063,29.257981413175145,7048.540367085132,146293994.0,90.2542372881356,95.35223547464602,0.000526315789473708,0.04856512141280356,0.014557670772676445,0.021448855360604775,0.03626943005181347,200000.0
2026-02-24,193000.0,200000.0,192000.0,200000.0,28060617,0.03626943005181338,0.035627177643151035,185814.2857142857,174128.57142857142,168447.61904761905,0.022236988370005765,8000.0,-7000.0,80.70734056533021,13973.928253481776,11727.69224867972,2246.2360048020564,198555.58199529722,139954.41800470278,0.3462300315535402,1.0246482818145832,194366.66666666666,190860.0,179150.0,169255.0,1.047888504663104,1.1816489911671737,21605.0,0.03626943005181338,0.03626943005181338,0.04,0.03626943005181347,0.019143991277696313,0.02458407388937599,28028552.2,30558793.05,0.06432593692380317,0.918250172841823,29.35595026652306,7116.501769436194,174354611.0,100.0,96.09297621538677,0.015255128879537061,0.000526315789473708,0.04856512141280356,0.01735029157360805,0.0175,203500.0
2026-02-25,202500.0,206000.0,201000.0,203500.0,26987996,0.01750000000000007,0.017348638334613073,190914.2857142857,177921.42857142858,170885.7142857143,0.02172904506393635,5000.0,-1000.0,81.82660987045335,14820.486583617836,12346.251115667344,2474.2354679504915,203694.19813038385,139955.80186961615,0.37094949082361534,0.9969532002407254,198833.33333333334,195320.0,183640.0,171825.0,1.0418799918083146,1.1843445365924632,23495.0,0.01750000000000007,0.01750000000000007,0.02457002457002457,0.0049382716049382715,0.018861407894411278,0.022752513556296282,26535313.0,30637818.0,-0.038225139525620566,0.8808719994354689,29.33432401638039,7036.7516430478945,201342607.0,95.40441176470588,95.2195496842805,0.03626943005181338,0.015255128879537061,0.000526315789473708,0.02300818631045017,0.07125307125307126,218000.0
2026-02-26,206500.0,219000.0,206000.0,218000.0,30095763,0.07125307125307123,0.06882905790643931,196542.85714285713,181528.57142857142,174023.80952380953,0.02351594755488555,13000.0,-11500.0,85.5633545708002,16471.545257272955,13171.309943988468,3300.2353132844873,211683.51935151208,138556.48064848792,0.41758245033704977,1.086376814383798,207166.66666666666,200920.0,188800.0,175120.0,1.085008958789568,1.2448606669712197,25800.0,0.07125307125307123,0.07125307125307123,0.05963302752293578,0.05569007263922518,0.027233102303796736,0.026128739277284443,27144588.0,31114521.7,0.11515367795370945,0.9672577740444585,29.512145297462684,7641.269382830188,231438370.0,98.51632047477744,97.97357741316112,0.01750000000000007,0.03626943005181338,0.015255128879537061,0.041674167101628225,-0.006880733944954129,216500.0
2026-02-27,210000.0,223000.0,210000.0,216500.0,51774768,-0.006880733944954143,-0.006904515346544487,201585.7142857143,184914.2857142857,177090.47619047618,0.026795688478526185,13000.0,-6500.0,83.64725915061835,17457.741708059475,14028.59629680267,3429.1454112568044,218117.36538514573,137822.63461485427,0.4511700329847248,0.9798571416875073,212666.66666666666,206200.0,193870.0,177970.0,1.0499515033947624,1.2164971624431085,28230.0,-0.006880733944954143,0.006880733944954143,0.06004618937644342,0.030952380952380953,0.029239693871373332,0.026580979481738036,32656765.6,32232076.6,0.7203341214509165,1.6063118936618561,30.047759310733564,8024.035855485175,179663602.0,90.89635854341736,94.9390302609669,0.07125307125307123,0.01750000000000007,0.03626943005181338,0.02729077910270572,-0.09884526558891454,195100.0
2026-03-03,209500.0,212500.0,195100.0,195100.0,54879010,-0.0988452655889146,-0.10407829981347906,202314.2857142857,187471.42857142858,178785.7142857143,0.05372295875352037,17400.0,14400.0,62.23467974515977,16324.33161442427,14487.743360326991,1836.5882540972798,219745.93461267342,139464.06538732658,0.4469912821210258,0.6930074641947658,209866.66666666666,206620.0,196600.0,179605.0,0.9442454747846288,1.0862726538793464,27015.0,-0.0988452655889146,0.0988452655889146,0.08918503331624808,-0.06873508353221958,0.06411314559457205,0.048096870414550214,38359630.8,33503205.55,0.0599566568796599,1.638022663774631,30.00190902847189,8979.461865807662,124784592.0,60.924369747899156,83.44568292203132,-0.006880733944954143,0.07125307125307123,0.01750000000000007,-0.01149097609359917,-0.11737570476678626,172200.0
2026-03-04,184200.0,195900.0,171900.0,172200.0,89427954,-0.11737570476678627,-0.1248556556354351,199757.14285714287,188442.85714285713,179252.38095238095,0.072581782707265,24000.0,12000.0,48.057626220621444,13423.51935742321,14274.898559746236,-851.3792023230253,219501.80860004947,140858.19139995053,0.436472511933061,0.39852959103221464,194600.0,201060.0,195960.0,180180.0,0.8564607579826917,0.9557109557109557,20880.0,-0.11737570476678627,0.11737570476678627,0.13937282229965156,-0.06514657980456026,0.07963687308826933,0.0606082444398251,50633098.2,36170242.1,0.6295475082367556,2.4724178995749657,30.365355746807705,10052.3574468214,35356638.0,16.721311475409838,56.18067992224212,-0.0988452655889146,-0.006880733944954143,0.07125307125307123,-0.074367234766885,0.11265969802555169,191600.0
2026-03-05,195000.0,199700.0,188100.0,191600.0,53959129,0.11265969802555165,0.10675327354312972,199557.14285714287,190242.85714285713,180723.80952380953,0.08579558978478335,11600.0,3400.0,56.995229702817596,12545.406969659729,13929.000241728936,-1383.5932720692072,220231.0025265779,143238.9974734221,0.42364984759763297,0.6281301869355024,186300.0,198680.0,197000.0,181735.0,0.9643648077310247,1.0542823341678818,16945.0,0.11265969802555165,0.11265969802555165,0.060542797494780795,-0.017435897435897435,0.1013124379025542,0.0706747914061,56027324.8,36840335.2,-0.3966189923119565,1.4646752996970558,29.966902592106187,11298.6176291913,89315767.0,48.52459016393443,42.05675712908114,-0.11737570476678627,-0.0988452655889146,-0.006880733944954143,-0.03452042411004974,-0.017745302713987474,188200.0
2026-03-06,186100.0,189700.0,181000.0,188200.0,29522650,-0.017745302713987443,-0.017904638385480877,197871.42857142858,191842.85714285713,182042.85714285713,0.08435623785702367,8700.0,-2100.0,55.20247963821451,11443.234506658046,13431.847094714758,-1988.6125880567124,219247.871127527,148002.128872473,0.38799587341077746,0.5642143636264167,184000.0,192720.0,196820.0,183625.0,0.9765462847654629,1.0249149081007487,9095.0,-0.017745302713987443,0.017745302713987443,0.04622741764080765,0.011284255776464266,0.09126266102425282,0.06953631358100532,55912702.2,36329049.25,-0.4528701528892358,0.8126458195159071,29.345928829448784,11248.71636996335,59793117.0,42.950819672131146,36.06557377049181,0.11265969802555165,-0.11737570476678627,-0.0988452655889146,-0.007487103151740689,-0.07810839532412327,173500.0
2026-03-09,173500.0,175500.0,167300.0,173500.0,43066020,-0.07810839532412328,-0.08132762776436539,193585.7142857143,192250.0,183142.85714285713,0.08746767615972253,8200.0,0.0,48.150583688603014,9276.652269187674,12600.80812960934,-3324.155860421666,219073.99863812813,148776.00136187187,0.38221012519372716,0.35170274539924723,184433.33333333334,184120.0,195160.0,183925.0,0.9423202259396046,0.9433192877531602,195.0,-0.07810839532412328,0.07810839532412328,0.04726224783861672,0.0,0.09314263425679067,0.0739357182598773,54170952.6,36655859.6,0.4587450652295779,1.1748740984374568,29.64217772342124,11938.093772108825,16727097.0,11.131059245960502,34.20215636067536,-0.017745302713987443,0.11265969802555165,-0.11737570476678627,0.005601999995813641,0.0829971181556196,187900.0
2026-03-10,187600.0,191500.0,184300.0,187900.0,33530170,0.0829971181556195,0.07973230703250565,189285.7142857143,192914.2857142857,184114.2857142857,0.08944572409302663,7200.0,-300.0,54.30823490173361,8622.18866696232,11805.084237079936,-3182.8955701176164,219343.81271615607,150386.18728384393,0.37301612220978625,0.5440125364087416,183200.0,182680.0,194650.0,184865.0,1.028574556601708,1.0164173856598058,-2185.0,0.0829971181556195,0.0829971181556195,0.03831825439063331,0.0015991471215351812,0.09963915304642677,0.07908487564303313,49901184.6,36835216.0,-0.22142399042214722,0.9102748304774431,29.471621373917763,12371.087074101053,50257267.0,36.983842010771994,30.35524030962122,-0.07810839532412328,-0.017745302713987443,0.11265969802555165,-0.004285526627497076,0.011176157530601383,190000.0
2026-03-11,193000.0,194800.0,187700.0,190000.0,24311356,0.011176157530601305,0.011114165741066434,185500.0,193542.85714285713,185109.52380952382,0.09018281539918008,7100.0,3000.0,55.14484870504846,8178.69509066653,11079.806407797256,-2901.111317130726,218754.67915399364,154045.32084600636,0.3471532098067987,0.5556333750501068,183800.0,186240.0,193650.0,186400.0,1.020189003436426,1.01931330472103,-160.0,0.011176157530601305,0.011176157530601305,0.03736842105263158,-0.015544041450777202,0.07690606761043896,0.07820548250323066,36877865.0,36129022.4,-0.27494086668812,0.6729037871780333,29.16123347539413,11994.580854522406,74568623.0,40.754039497307005,29.622980251346505,0.0829971181556195,-0.07810839532412328,-0.017745302713987443,0.005354960120699174,-0.011052631578947368,187900.0
2026-03-12,186600.0,190000.0,185900.0,187900.0,20440753,-0.011052631578947314,-0.011114165741066457,184471.42857142858,193392.85714285713,186471.42857142858,0.08197789798520765,4100.0,-1300.0,54.07850682707149,7570.502743532619,10377.94567494433,-2807.4429314117115,217454.8471207871,158275.1528792129,0.3150118129591686,0.5005914190745415,188600.0,185500.0,192090.0,187865.0,1.0129380053908357,1.00018630399489,-2365.0,-0.011052631578947314,0.011052631578947314,0.021820117083555083,0.006966773847802787,0.05813557396325008,0.07792147863901398,30174189.8,35333156.0,-0.15920967139800846,0.578514780847768,28.976706347553367,11430.682222056521,54127870.0,36.983842010771994,38.24057450628367,0.011176157530601305,0.0829971181556195,-0.07810839532412328,0.027706881369091163,-0.023416711016498136,183500.0
2026-03-13,180000.0,186200.0,179900.0,183500.0,19566331,-0.023416711016498115,-0.023695238924794648,186085.7142857143,192921.42857142858,187657.14285714287,0.06444595302358633,6300.0,-3500.0,51.817578999575716,6656.728081321897,9633.702156219844,-2976.9740748979475,216639.40279861933,160800.59720138067,0.29588175920537646,0.4065166250572856,187133.33333333334,184560.0,188640.0,188720.0,0.9942566103164283,0.9723399745654938,-4160.0,-0.023416711016498115,0.023416711016498115,0.03433242506811989,0.019444444444444445,0.05856002841748498,0.07321037285803816,28182926.0,35056524.0,-0.04277836535669699,0.5581366538222672,28.909290787434553,11185.633491909626,34561539.0,29.084380610412925,35.60742070616398,-0.011052631578947314,0.011176157530601305,0.0829971181556195,-0.007764395021614708,0.028337874659400544,188700.0
2026-03-16,184600.0,189000.0,183600.0,188700.0,19747901,0.02833787465940052,0.027943784879879544,185671.42857142858,192614.2857142857,188719.04761904763,0.0497462550477501,5400.0,-4100.0,54.251860479229805,6279.7624276659335,8962.914210509063,-2683.1517828431297,215621.1254850176,164108.8745149824,0.2713098831803398,0.47738402073173464,186700.0,187600.0,185860.0,189865.0,1.005863539445629,0.9938640613067179,-2265.0,0.02833787465940052,0.02833787465940052,0.028616852146263912,0.022210184182015168,0.041643409733008556,0.07446254501467697,23519302.2,35075440.75,0.009279716263616233,0.5630121982145014,28.946471496539345,10779.516813916081,54309440.0,38.42010771992819,34.82944344703771,-0.023416711016498115,-0.011052631578947314,0.011176157530601305,-0.0020438226453483033,0.02755696873343932,193900.0
2026-03-17,198000.0,198000.0,193100.0,193900.0,20300082,0.02755696873343938,0.027184109874101647,186485.7142857143,192178.57142857142,190057.14285714287,0.05028682321700428,4900.0,4100.0,56.61250934802908,6327.669537449285,8435.865275897107,-2108.195738447823,214773.7552766052,167566.2447233948,0.2469399516305403,0.5578297810667829,188700.0,188800.0,185740.0,191170.0,1.0270127118644068,1.014280483339436,-2370.0,0.02755696873343938,0.02755696873343938,0.02527075812274368,-0.02070707070707071,0.023158462587354153,0.0684014671078236,20873284.6,34952432.75,0.02796150335167269,0.5807916760815455,29.00123332464372,10673.837041493503,74609522.0,47.755834829443444,38.42010771992819,0.02833787465940052,-0.023416711016498115,-0.011052631578947314,0.010826044125447262,0.07529654461062403,208500.0
2026-03-18,200500.0,209000.0,199700.0,208500.0,25148481,0.07529654461062396,0.07259647899024996,191485.7142857143,192535.7142857143,191995.2380952381,0.03901238261027177,9300.0,-8000.0,62.46835652458457,7457.76576833424,8240.245374384534,-782.479606050294,216700.17378650178,168629.82621349822,0.2495022322321312,0.829413053982014,197033.33333333334,192500.0,189370.0,192665.0,1.0831168831168831,1.0821892922949161,-165.0,0.07529654461062396,0.07529654461062396,0.04460431654676259,0.0399002493765586,0.038831248699840046,0.0574552611506898,21040709.6,34145056.25,0.23883642440459107,0.7365189506753266,29.288002375292884,10989.99153852968,99758003.0,73.96768402154399,53.38120885697188,0.02755696873343938,0.02833787465940052,-0.023416711016498115,0.04373046266782129,-0.03836930455635491,200500.0
2026-03-19,199900.0,205000.0,199600.0,200500.0,19884483,-0.0383693045563549,-0.039124794492232245,193285.7142857143,191285.7142857143,193038.09523809524,0.037699572848597145,5400.0,-600.0,57.86020271398895,7620.003376368491,8116.196974781326,-496.19359841283494,217273.5904299881,169986.4095700119,0.2442141241541921,0.6452825031025429,200966.66666666666,195020.0,190260.0,193630.0,1.0280996820838888,1.0354800392501162,1390.0,-0.0383693045563549,0.0383693045563549,0.026932668329177057,0.0030015007503751876,0.045522291349429804,0.04998084965205178,20929455.6,33416570.8,-0.20931673765902603,0.595048579909941,29.01401976251784,10840.706428634705,79873520.0,59.605026929982046,60.44284859365649,0.07529654461062396,0.02755696873343938,0.02833787465940052,0.02149473626256948,-0.005486284289276808,199400.0
2026-03-20,202000.0,202500.0,199000.0,199400.0,35279762,-0.005486284289276777,-0.00550138921888589,194628.57142857142,190064.2857142857,193904.7619047619,0.03808536093222514,3500.0,2600.0,57.23500697725321,7572.525680368359,8007.462715898733,-434.9370355303745,217813.37619417126,170386.62380582874,0.24434184641083212,0.6117512739772318,202800.0,198200.0,191380.0,194100.0,1.0060544904137234,1.0273055126223596,4100.0,-0.005486284289276777,0.005486284289276777,0.017552657973921765,-0.01287128712871287,0.04245228433435881,0.04949073289432304,24072141.8,33828089.5,0.7742358199607202,1.042913227482149,29.58188817955838,10316.370255160798,44593758.0,71.01769911504425,68.19680335552344,-0.0383693045563549,0.07529654461062396,0.02755696873343938,0.010480318588330761,-0.06569709127382146,186300.0
2026-03-23,190500.0,191200.0,186300.0,186300.0,30268173,-0.0656970912738215,-0.06795457992019523,194400.0,189435.7142857143,193728.57142857142,0.047469177049346035,4900.0,4200.0,50.268778938744035,6404.017221332731,7686.773616985533,-1282.756395652802,217818.41296544563,170001.58703455437,0.2465928829399787,0.3408510006289714,195400.0,197720.0,192660.0,193910.0,0.9422415537123204,0.9607549894280852,3810.0,-0.0656970912738215,0.0656970912738215,0.026301663982823402,-0.02204724409448819,0.05531363086586449,0.04722601750027997,26176196.2,34130804.15,-0.1420528006963312,0.8868285923465417,29.360720878977315,10515.200951220742,14325585.0,45.563549160671464,58.728758401899256,-0.005486284289276777,-0.0383693045563549,0.07529654461062396,-0.03651756003981773,0.01825013419216318,189700.0
2026-03-24,195500.0,196000.0,185500.0,189700.0,25458914,0.01825013419216326,0.01808559933342583,195285.7142857143,190685.7142857143,193709.52380952382,0.046794352073957005,10500.0,5800.0,51.90494972698725,5686.763958882191,7286.771685364865,-1600.0077264826741,217725.29673667363,169764.70326332637,0.24754493521560428,0.41565992605475377,191800.0,196880.0,192840.0,193745.0,0.9635310849248273,0.9791220418591448,3135.0,0.01825013419216326,0.01825013419216326,0.055350553505535055,-0.029667519181585677,0.05424437588815949,0.03965313113212902,27207962.6,34085515.65,-0.15888831479851795,0.7469129779763212,29.205775650961765,10514.11516899069,39784499.0,53.71702637889688,56.766091551537535,-0.0656970912738215,-0.005486284289276777,-0.0383693045563549,-0.017644413790311675,-0.0036900369003690036,189000.0
2026-03-25,193700.0,196400.0,189000.0,189000.0,22995904,-0.0036900369003689537,-0.0036968618813260916,195328.57142857142,190500.0,193519.04761904763,0.045695476686226394,7400.0,4700.0,51.52906422604524,5004.166514410899,6830.250651174072,-1826.0841367631729,217075.62196139648,169314.37803860352,0.24721780544420383,0.4121672792530005,188333.33333333334,192980.0,192740.0,193195.0,0.9793761011503783,0.9782861875307332,-215.0,-0.0036900369003689537,0.0036900369003689537,0.039153439153439155,-0.024264326277749097,0.033016572585544246,0.03953520179886911,26777447.2,33832280.0,-0.09674450371292354,0.6797030528241076,29.100328965119548,10291.67837120564,16788595.0,52.038369304556355,50.4396482813749,0.01825013419216326,-0.0656970912738215,-0.005486284289276777,-0.017045664660675735,-0.04708994708994709,180100.0
2026-03-26,185500.0,185900.0,178900.0,180100.0,32074131,-0.04708994708994707,-0.048234762877731964,193357.14285714287,189921.42857142858,192571.42857142858,0.04714823161124723,7000.0,5400.0,46.88053068948659,3702.368898207933,6204.674300580845,-2502.305402372912,216072.13573052056,167977.86426947944,0.2504583854239871,0.25204947205282285,186266.66666666666,188900.0,191960.0,192025.0,0.953414505029116,0.9378987111053249,-3125.0,-0.04708994708994707,0.04708994708994707,0.03886729594669628,-0.029110512129380053,0.034492997048201475,0.042223200981898884,29215376.8,34086586.75,0.39477582616452045,0.9409604791245342,29.384827906511816,10277.987058976665,-15285536.0,30.695443645083934,45.48361310951239,-0.0036900369003689537,0.01825013419216326,-0.0656970912738215,-0.010843283266050921,0.0,180100.0
2026-03-27,172100.0,181700.0,172000.0,180100.0,29138966,0.0,0.0,189300.0,190392.85714285713,191457.14285714287,0.03104624432826461,9700.0,-8000.0,46.88053068948659,2640.249752770178,5491.789391018712,-2851.539638248534,211367.71223678777,168892.28776321223,0.22340201164243176,0.2638634545903178,183066.66666666666,185040.0,191620.0,190130.0,0.9733030696065715,0.9472466207331826,-5090.0,0.0,0.0,0.05385896724042199,0.046484601975595584,0.03518006643918359,0.04163690555216864,27987217.6,34038746.9,-0.0915119103304779,0.8560528413576823,29.288854405395035,10236.702269049762,-15285536.0,21.89189189189189,34.8752349471774,-0.04708994708994707,-0.0036900369003689537,0.01825013419216326,-0.01692666133010534,-0.02109938922820655,176300.0
2026-03-30,171000.0,176650.0,170600.0,176300.0,22269147,-0.021099389228206533,-0.021325162778085834,185842.85714285713,189564.2857142857,189471.42857142858,0.030018430910183715,6050.0,-5300.0,44.875875847306155,1474.8829037489195,4688.408093564754,-3213.525189815835,206228.04996912106,170011.95003087894,0.19251594693941163,0.17362581779495365,178833.33333333334,183040.0,190380.0,188120.0,0.9631774475524476,0.9371677652562195,-5080.0,-0.021099389228206533,0.021099389228206533,0.034316505955757234,0.030994152046783626,0.024668360593005347,0.04067861335967684,26387412.4,32563465.85,-0.23576056199111528,0.6838690667197515,28.998655104236896,10184.08067840335,-37554683.0,14.84375,22.47702851232528,0.0,-0.04708994708994707,-0.0036900369003689537,-0.022729778772717868,-0.05161656267725468,167200.0
2026-03-31,170000.0,174700.0,167000.0,167200.0,38659593,-0.051616562677254674,-0.05299638875322329,181242.85714285713,187935.7142857143,187123.80952380953,0.03193030176987732,7700.0,2800.0,40.41858778296981,-180.88750962956692,3714.54897292589,-3895.436482555457,206764.63178567006,166685.36821432994,0.21464326454058175,0.012840350341119175,174533.33333333334,178540.0,187710.0,186725.0,0.9364848213285538,0.8954344624447718,-8185.0,-0.051616562677254674,0.051616562677254674,0.046052631578947366,-0.01647058823529412,0.023928455973608282,0.04111704416350086,29027548.2,31752495.0,0.7360158878110599,1.2175292996660578,29.49725148364475,10120.932058517397,-76214276.0,0.47619047619047616,12.403944122694128,-0.021099389228206533,0.0,-0.04708994708994707,-0.024238650635153736,0.13427033492822968,189650.0
2026-04-01,179000.0,190800.0,178000.0,189650.0,32390251,0.1342703349282297,0.12598956748430673,181721.42857142858,188060.7142857143,186864.2857142857,0.06022004674580522,12800.0,-10650.0,52.85857892617512,314.8010554970533,3034.599389440123,-2719.79833394307,206459.2818826708,168735.7181173292,0.20108777443911346,0.554408963394008,177716.66666666666,178670.0,185825.0,187597.5,1.061454077349303,1.0109409773584404,-8927.5,0.1342703349282297,0.1342703349282297,0.06749274980226734,0.059497206703910614,0.07634395153795812,0.05663926386693992,30906417.6,28900609.85,-0.1621678220978684,1.1207462807225155,29.446303587540037,11083.722625766155,-43824025.0,53.92857142857143,23.082837301587308,-0.051616562677254674,-0.021099389228206533,0.0,0.020518127674256165,-0.05931979963089903,178400.0
2026-04-02,192600.0,193600.0,175000.0,178400.0,38615231,-0.05931979963089906,-0.06115204798899898,180107.14285714287,187696.42857142858,187159.52380952382,0.06413234051545641,18600.0,14200.0,47.50582804918044,-197.86233143220306,2388.107045265658,-2585.969376697861,206130.4503231066,167744.5496768934,0.2053408259242432,0.2775876075258318,178416.66666666666,178330.0,183615.0,186937.5,1.0003925307015085,0.9543296556335674,-8607.5,-0.05931979963089906,0.05931979963089906,0.10426008968609865,-0.07372793354101766,0.07851085365384247,0.058249823810175086,32214637.6,28133414.95,0.1921868404168896,1.3725753190157954,29.560940841227097,11620.599581068574,-82439256.0,27.142857142857142,27.182539682539687,0.1342703349282297,-0.051616562677254674,-0.021099389228206533,0.007777990873358657,0.043721973094170405,186200.0
2026-04-03,184200.0,187200.0,182700.0,186200.0,20194447,0.043721973094170474,0.04279314469705776,179707.14285714287,187517.85714285713,186902.38095238095,0.06708495168385079,4500.0,-2000.0,51.19597730245736,24.955383440101286,1915.4767129005468,-1890.5213294604455,206023.59351093913,167651.40648906087,0.20537733068510475,0.4833864043340422,184750.0,179550.0,182295.0,186837.5,1.037037037037037,0.9965879440690439,-7287.5,0.043721973094170474,0.043721973094170474,0.024167561761546726,0.010857763300760043,0.0808486628721276,0.060713774337104294,30425733.8,27667004.8,-0.4770341526637507,0.7299108503425712,28.9554948674145,11419.12818242082,-62244809.0,45.714285714285715,42.261904761904766,-0.05931979963089906,0.1342703349282297,-0.051616562677254674,0.03955750279716704,0.03705692803437164,193100.0
2026-04-06,190900.0,194600.0,190100.0,193100.0,20635958,0.03705692803437155,0.03638682459150197,181564.2857142857,187460.7142857143,187135.7142857143,0.06498415981434076,4500.0,-2200.0,54.25918148256424,749.670625765255,1682.3154954734885,-932.6448697082335,206116.91831114556,169518.08168885444,0.1948638259070168,0.644335188971078,185900.0,182910.0,182975.0,187817.5,1.0557104586955333,1.0281257071359164,-4907.5,0.03705692803437155,0.03705692803437155,0.02330398757120663,0.011524358302776323,0.07957474436521426,0.05797598088367121,30099096.0,26545501.7,0.02186299035571504,0.7773805985365875,29.01350911448331,11203.476169390762,-41608851.0,62.142857142857146,45.00000000000001,0.043721973094170474,-0.05931979963089906,0.1342703349282297,0.0071530338325476546,0.017607457276022784,196500.0
2026-04-07,202000.0,202500.0,192400.0,196500.0,30848053,0.017607457276022753,0.017454241874847135,183907.14285714287,186603.57142857142,188230.95238095237,0.06487321829613882,10100.0,5500.0,55.733561437091716,1580.149284273386,1661.8822532334682,-81.73296896008219,206954.70308780536,169540.29691219464,0.1987511450383709,0.7205701183994615,191933.33333333334,188770.0,183655.0,188247.5,1.0409493033850719,1.043838563593142,522.5,0.017607457276022753,0.017607457276022753,0.051399491094147584,-0.027227722772277228,0.06916117972653354,0.057960074398467704,28536788.0,26411395.85,0.49486895641094053,1.167982683505158,29.43300190478421,11124.656443005708,-10760798.0,77.63157894736842,61.82957393483711,0.03705692803437155,0.043721973094170474,-0.05931979963089906,0.032795452801521595,0.07124681933842239,210500.0
2026-04-08,214000.0,214500.0,207500.0,210500.0,35890973,0.07124681933842236,0.06882322181312016,188792.85714285713,187317.85714285713,189307.14285714287,0.06598916452649001,7000.0,3500.0,61.26951259888067,3329.6109194660676,1995.4279864799882,1334.1829329860793,210465.33580537673,168079.66419462327,0.2239399363919928,1.0008178281316764,200033.33333333334,192940.0,185805.0,189272.5,1.0910127500777445,1.1121531125757835,3667.5,0.07124681933842236,0.07124681933842236,0.0332541567695962,-0.016355140186915886,0.04938620509390919,0.06145304145056111,29236932.4,26990376.7,0.16347611954634544,1.329769250682596,29.65323730547678,11615.752411362444,25130175.0,91.57894736842105,77.11779448621554,0.017607457276022753,0.03705692803437155,0.043721973094170474,0.04197040154960555,-0.030878859857482184,204000.0
2026-04-09,207000.0,207500.0,202000.0,204000.0,42320839,-0.030878859857482177,-0.03136565927821971,194050.0,187646.42857142858,189973.80952380953,0.06210209750304591,5500.0,3000.0,57.66380138052686,4143.808942258445,2425.1041776356797,1718.7047646227657,212251.22734139435,167903.77265860565,0.23331248928878323,0.8139413546862102,203666.66666666666,198060.0,188195.0,190077.5,1.0299909118448956,1.0732464389525325,7982.5,-0.030878859857482177,0.030878859857482177,0.02696078431372549,-0.014492753623188406,0.03799312603578577,0.05990129924423448,29978054.0,28084381.0,0.17914994948729857,1.5069172790384806,29.786665443286047,11393.198667693698,-17190664.0,77.89473684210526,82.36842105263159,0.07124681933842236,0.017607457276022753,0.03705692803437155,0.019325138918987645,0.00980392156862745,206000.0
2026-04-10,208500.0,211000.0,205500.0,206000.0,18244459,0.009803921568627416,0.009756174945364656,196385.7142857143,189053.57142857142,190835.7142857143,0.04479240373201726,5500.0,2500.0,58.47359101778273,4894.03464168543,2918.8902704456295,1975.1443712398004,214237.4956873398,168167.5043126602,0.2409486872539826,0.8211960662126976,206833.33333333334,202020.0,190785.0,191202.5,1.0197010197010197,1.0773917705050928,10817.5,0.009803921568627416,0.009803921568627416,0.02669902912621359,-0.011990407673860911,0.03745277041914195,0.059724875912250314,29588056.4,28018287.4,-0.5689012923396911,0.6511625332246396,28.9550034232256,11079.398762858435,1053795.0,82.10526315789474,83.85964912280703,-0.030878859857482177,0.07124681933842236,0.017607457276022753,0.016723960349855866,-0.024271844660194174,201000.0
2026-04-13,198200.0,203000.0,198200.0,201000.0,19603415,-0.024271844660194164,-0.024571260730505317,199614.2857142857,189860.7142857143,191669.04761904763,0.036163648223135635,4800.0,-2800.0,55.60983099530057,5027.18543591816,3340.549303540136,1686.6361323780238,215224.94989370456,168410.05010629544,0.24405958678123277,0.6961448180322632,203666.66666666666,203600.0,193255.0,191817.5,0.9872298624754421,1.0478710232382342,11782.5,-0.024271844660194164,0.024271844660194164,0.023880597014925373,0.014127144298688193,0.040762405240583804,0.059946416533295466,29381547.8,28011063.1,0.07448595762691568,0.6998454478509243,29.00227453075899,10845.155994082832,-18549620.0,71.57894736842105,77.19298245614037,0.009803921568627416,-0.030878859857482177,0.07124681933842236,-0.015115594316349642,0.02736318407960199,206500.0
2026-04-14,208000.0,210000.0,205500.0,206500.0,23672078,0.027363184079602032,0.026995504342011735,202514.2857142857,191110.7142857143,192516.66666666666,0.03475408169423255,4500.0,1500.0,58.043987145569375,5512.962434978923,3775.0319298278937,1737.9305051510291,216752.0041309755,168142.9958690245,0.25258321496486563,0.7890925057403338,204500.0,205600.0,197185.0,192447.5,1.0043774319066148,1.0730199145221424,13152.5,0.027363184079602032,0.027363184079602032,0.021791767554479417,-0.007211538461538462,0.04152168796334355,0.05524797242164854,27946352.8,28179662.9,0.2075486847572221,0.8400412057448707,29.21786245947229,10713.35913736263,5122458.0,83.15789473684211,78.94736842105266,-0.024271844660194164,0.009803921568627416,-0.030878859857482177,0.0042984203293450944,0.021791767554479417,211000.0
2026-04-15,215000.0,215500.0,210000.0,211000.0,26309263,0.021791767554479424,0.021557721074979056,205071.42857142858,193317.85714285713,193330.95238095237,0.03365220618565913,5500.0,4000.0,59.9777263445872,6189.705526152102,4257.966649092736,1931.7388770593661,217247.5134645081,167897.4865354919,0.2562672600138453,0.8734040515622338,206166.66666666666,205700.0,199320.0,192572.5,1.0257656781720952,1.0956912331719222,13127.5,0.021791767554479424,0.021791767554479424,0.026066350710900472,-0.018604651162790697,0.026736996156105242,0.03908650354111598,26030010.8,28237702.0,0.11140487962231282,0.9317069427250135,29.345045052919836,10590.976341836727,31431721.0,90.72164948453609,81.81949719659977,0.027363184079602032,-0.024271844660194164,0.009803921568627416,0.008294368991295764,,
