Date,Open,High,Low,Close,Volume,simple_return,log_return,ma_7,ma_14,ma_21,volatility_7,hl_diff,oc_diff,RSI_14,MACD,MACD_signal,MACD_hist,BB_upper,BB_lower,BB_width,BB_percent,MA_3,MA_5,MA_10,MA_20,Close_MA5_ratio,Close_MA20_ratio,MA5_MA20_gap,daily_return,abs_return,high_low_ratio,open_close_ratio,volatility_5,volatility_10,Volume_MA5,Volume_MA20,Volume_change,Volume_ratio,Trading_value,target_next_close
2021-04-15,136000.0,139000.0,136000.0,137500.0,2291160,,,,,,,3000.0,-1500.0,,0.0,0.0,0.0,,,,,,,,,,,,,,0.02181818181818182,0.011029411764705883,,,,,,,315034500000.0,137500.0
2021-04-16,138500.0,139000.0,137500.0,137500.0,1982877,0.0,0.0,,,,,1500.0,1000.0,,0.0,0.0,0.0,,,,,,,,,,,,0.0,0.0,0.01090909090909091,-0.007220216606498195,,,,,-0.1345532394071125,,272645587500.0,138000.0
2021-04-19,138000.0,139000.0,137000.0,138000.0,1906782,0.0036363636363636598,0.003629768050578731,,,,,2000.0,0.0,100.0,39.88603988601244,7.977207977202489,31.90883190880995,,,,,137666.66666666666,,,,,,,0.0036363636363636598,0.0036363636363636598,0.014492753623188406,0.0,,,,,-0.03837605660865495,,263135916000.0,138500.0
2021-04-20,136500.0,138500.0,136500.0,138500.0,2167732,0.0036231884057971175,0.003616640470188515,,,,,2000.0,-2000.0,100.0,110.56728435642435,28.495223253046863,82.0720611033775,,,,,138000.0,,,,,,,0.0036231884057971175,0.0036231884057971175,0.01444043321299639,0.014652014652014652,,,,,0.1368536099040163,,300230882000.0,132500.0
2021-04-21,138000.0,138000.0,132000.0,132500.0,5120577,-0.04332129963898912,-0.04428768020111624,,,,,6000.0,5500.0,12.98557158712542,-313.94817692009383,-39.99345678158127,-273.9547201385126,,,,,136333.33333333334,136800.0,,,0.9685672514619883,,,-0.04332129963898912,0.04332129963898912,0.045283018867924525,-0.03985507246376811,,,2693825.6,,1.3621817641664191,,678476452500.0,133000.0
2021-04-22,134500.0,135500.0,133000.0,133000.0,3007457,0.0037735849056603765,0.0037664827954768648,,,,,2500.0,1500.0,19.288335137132748,-603.0819636532979,-152.6111581559246,-450.47080549737325,,,,,134666.66666666666,135900.0,,,0.9786607799852833,,,0.0037735849056603765,0.0037735849056603765,0.018796992481203006,-0.011152416356877323,0.020668941011677464,,2837085.0,,-0.412672243772528,,399991781000.0,132500.0
2021-04-23,130500.0,132500.0,128500.0,132500.0,4854412,-0.003759398496240629,-0.0037664827954768934,135642.85714285713,,,,4000.0,-2000.0,17.892615300577333,-862.6245946989511,-294.61384546452996,-568.0107492344212,,,,,132666.66666666666,134900.0,,,0.9822090437361009,,,-0.003759398496240629,0.003759398496240629,0.03018867924528302,0.01532567049808429,0.020442439456389617,,3411392.0,,0.6141251562366479,,643209590000.0,131500.0
2021-04-26,132500.0,132500.0,130500.0,131500.0,2904879,-0.007547169811320753,-0.007575793808457656,134785.7142857143,,,0.017267677609421002,2000.0,1000.0,15.479994880462442,-1135.911560963228,-462.8733885642696,-673.0381723989585,,,,,132333.33333333334,133600.0,,,0.9842814371257484,,,-0.007547169811320753,0.007547169811320753,0.015209125475285171,-0.007547169811320755,0.019551470717083116,,3611011.4,,-0.401600235002715,,381991588500.0,135000.0
2021-04-27,133000.0,136000.0,132500.0,135000.0,3394650,0.026615969581748944,0.026267926820610105,134428.57142857142,,,0.021273319126761774,3500.0,-2000.0,43.961129030268886,-1057.8781406749622,-581.8743389864081,-476.00380168855406,,,,,133000.0,132900.0,,,1.0158013544018059,,,0.026615969581748944,0.026615969581748944,0.025925925925925925,0.015037593984962405,0.02526350363455959,,3856395.0,,0.1686028918932596,,458277750000.0,130000.0
2021-04-28,134500.0,135000.0,130000.0,130000.0,5596760,-0.03703703703703709,-0.037740327982847086,133285.7142857143,,,0.024715368439244993,5000.0,4500.0,28.951829591927662,-1383.545653091016,-742.2086018073298,-641.3370512836862,,,,,132166.66666666666,132400.0,134600.0,,0.9818731117824774,,,-0.03703703703703709,0.03703703703703709,0.038461538461538464,-0.03345724907063197,0.02291841591972278,,3951631.6,,0.6487001605467426,,727578800000.0,130000.0
2021-04-29,132000.0,133000.0,129000.0,130000.0,3738266,0.0,0.0,132071.42857142858,,,0.02445553284813186,4000.0,2000.0,28.951829591927662,-1622.9313605042407,-918.3531535467121,-704.5782069575287,,,,,131666.66666666666,131800.0,133850.0,,0.9863429438543247,,,0.0,0.0,0.03076923076923077,-0.015151515151515152,0.022676126032158128,0.020485224296720315,4097793.4,,-0.33206605250180465,,485974580000.0,128000.0
2021-04-30,130000.0,130500.0,126500.0,128000.0,3955947,-0.01538461538461533,-0.015504186535965199,131428.57142857142,,,0.019450489002930737,4000.0,2000.0,24.993216209184723,-1951.533480437647,-1124.989218924899,-826.5442615127481,,,,,129333.33333333333,130900.0,132900.0,,0.9778456837280367,,,-0.01538461538461533,0.01538461538461533,0.03125,-0.015384615384615385,0.023191138156406,0.020611795503977702,3918100.4,,0.05823047370090828,,506361216000.0,131500.0
2021-05-03,127500.0,132500.0,127000.0,131500.0,4085398,0.02734375,0.026976587698202076,131214.2857142857,,,0.022860640437319023,5500.0,-4000.0,40.36125090605656,-1907.5433068192215,-1281.5000365037636,-626.0432703154579,,,,,129833.33333333333,130900.0,132250.0,,1.004583651642475,,,0.02734375,0.02734375,0.04182509505703422,0.03137254901960784,0.027676912191105657,0.02316829494700094,4154204.2,,0.03272313810068739,,537229837000.0,132000.0
2021-05-04,130500.0,132000.0,129000.0,132000.0,2547004,0.0038022813688212143,0.0037950709685515343,131142.85714285713,133392.85714285713,,0.02292089895862674,3000.0,-1500.0,42.18369723790726,-1811.453645929374,-1387.4907583888858,-423.9628875404883,,,,,130500.0,130300.0,131600.0,,1.0130468150422103,,,0.0038022813688212143,0.0038022813688212143,0.022727272727272728,0.011494252873563218,0.023874861782054623,0.023175399597782108,3984675.0,,-0.3765591504181478,,336204528000.0,129000.0
2021-05-06,130000.0,130500.0,128000.0,129000.0,4211535,-0.022727272727272707,-0.02298951822469872,130785.71428571429,132785.7142857143,,0.024401982606492584,2500.0,1000.0,35.22787328881029,-1954.8426165036508,-1500.9611300118388,-453.881486491812,,,,,130833.33333333333,130100.0,131250.0,,0.9915449654112222,,,-0.022727272727272707,0.022727272727272707,0.01937984496124031,-0.007692307692307693,0.01940134461699482,0.02005198212938935,3707630.0,,0.653525082803168,,543288015000.0,129500.0
2021-05-07,128000.0,131000.0,127000.0,129500.0,3450323,0.003875968992248069,0.003868476777920332,130000.0,132214.2857142857,,0.02122570665166095,4000.0,-1500.0,37.089782747472896,-2005.0209539449716,-1601.7730947984653,-403.24785914650624,,,,,130166.66666666667,130000.0,130900.0,,0.9961538461538462,,,0.003875968992248069,0.003875968992248069,0.03088803088803089,0.01171875,0.01954780664287491,0.02005556257165514,3650041.4,,-0.18074455038364867,,446816828500.0,130000.0
2021-05-10,131000.0,131000.0,128500.0,130000.0,3067077,0.0038610038610038533,0.0038535693159899723,130000.0,131642.85714285713,,0.01602524937349046,2500.0,1000.0,38.97879959624807,-1981.5991846589022,-1677.7383127705527,-303.8608718883495,,,,,129500.0,130400.0,130650.0,,0.9969325153374233,,,0.0038610038610038533,0.0038610038610038533,0.019230769230769232,-0.007633587786259542,0.017722837581120837,0.020146191903957094,3472267.4,,-0.11107539786854737,,398720010000.0,123000.0
2021-05-11,127000.0,127500.0,122000.0,123000.0,9882491,-0.05384615384615388,-0.055350095083164956,129000.0,130535.71428571429,,0.026352807787767933,5500.0,4000.0,26.83164295579492,-2499.0710271309945,-1842.0048556426411,-657.0661714883533,,,,,127500.0,128700.0,129800.0,,0.9557109557109557,,,-0.05384615384615388,0.05384615384615388,0.044715447154471545,-0.031496062992125984,0.025565779496279965,0.026080364061244136,4631686.0,,2.2221202793408836,,1215546393000.0,119500.0
2021-05-12,123000.0,123500.0,119000.0,119500.0,8272196,-0.028455284552845517,-0.028867984000852127,127785.71428571429,129607.14285714286,,0.02745587758485469,4500.0,3500.0,22.97616365968672,-3155.2205216361035,-2104.6479888413337,-1050.5725327947698,,,,,124166.66666666667,126200.0,128250.0,,0.9469096671949286,,,-0.028455284552845517,0.028455284552845517,0.03765690376569038,-0.028455284552845527,0.024302440452726642,0.02408391707713653,5776724.4,,-0.16294424148729303,,988527422000.0,117500.0
2021-05-13,116000.0,118500.0,115500.0,117500.0,6042025,-0.01673640167364021,-0.01687803778735175,125785.71428571429,128500.0,,0.02215234583563196,3000.0,-1500.0,21.109540998382897,-3792.884991443396,-2442.2953893617464,-1350.5896020816494,142148.08121967854,119451.91878032146,0.17351806146297463,-0.08600215060748179,120000.0,123900.0,127000.0,130800.0,0.9483454398708636,0.8983180428134556,-6900.0,-0.01673640167364021,0.01673640167364021,0.02553191489361702,0.01293103448275862,0.024248605420877353,0.022531132906426016,6142822.4,4123977.4,-0.2695984234416109,1.465096535204097,709937937500.0,118500.0
2021-05-14,118500.0,120000.0,118000.0,118500.0,3227201,0.008510638297872353,0.008474626990972236,123857.14285714286,127500.0,130214.28571428571,0.022909797339727516,2000.0,0.0,24.41600317429267,-4169.483821162023,-2787.733075721802,-1381.7507454402207,141989.97312058066,117710.02687941934,0.18698456866508525,0.03253603252388731,118500.0,121700.0,125850.0,129850.0,0.9737058340180772,0.9125914516750097,-8150.0,0.008510638297872353,0.008510638297872353,0.016877637130801686,0.0,0.025369031253059726,0.023097180989869386,6098198.0,4170779.45,-0.46587427228454037,0.7737644818404387,382423318500.0,117500.0
2021-05-17,120000.0,120000.0,117000.0,117500.0,3110127,-0.008438818565400852,-0.008474626990972232,122214.28571428571,126500.0,129261.90476190476,0.022766145869477537,3000.0,2500.0,23.361554378964286,-4496.796478962511,-3129.545756369944,-1367.2507225925674,141615.4962589334,116084.50374106663,0.1981450719275651,0.05544227307037906,117833.33333333333,119200.0,124800.0,128850.0,0.985738255033557,0.9119130772215754,-9650.0,-0.008438818565400852,0.008438818565400852,0.02553191489361702,-0.020833333333333332,0.023313132729276,0.022987209711474395,6106808.0,4227141.95,-0.03627725697903539,0.7357517293688233,365439922500.0,121000.0
2021-05-18,117500.0,122000.0,117500.0,121000.0,3470048,0.029787234042553123,0.02935221201252737,121000.0,125500.0,128476.19047619047,0.02751805502586569,4500.0,-3500.0,34.09038575928143,-4422.79019685222,-3388.194644466399,-1034.595552385821,140460.4637913176,115539.53620868242,0.19469474673933734,0.21911157894148434,119000.0,118800.0,123750.0,128000.0,1.0185185185185186,0.9453125,-9200.0,0.029787234042553123,0.029787234042553123,0.0371900826446281,0.029787234042553193,0.02276903803034571,0.02341693832146345,4824319.4,4305305.25,0.1157254993124075,0.805993489079549,419875808000.0,122500.0
2021-05-20,121000.0,124000.0,119500.0,122500.0,4600751,0.012396694214876103,0.012320484388040657,119928.57142857143,124964.28571428571,127738.09523809524,0.02838543637917796,4500.0,-1500.0,38.09048729838278,-4194.747779850106,-3549.5052715431407,-645.2425083069652,138850.1637666375,115549.8362333625,0.18317867557606135,0.2982860973397061,120333.33333333333,119400.0,122800.0,127200.0,1.0259631490787269,0.9630503144654088,-7800.0,0.012396694214876103,0.012396694214876103,0.036734693877551024,0.012396694214876033,0.018265142321369433,0.024048914028871254,4090030.4,4426956.2,0.3258465012587721,1.039258305740635,563591997500.0,122500.0
2021-05-21,124500.0,125500.0,121000.0,122500.0,4062695,0.0,0.0,119857.14285714286,124428.57142857143,126976.19047619047,0.01946297197186256,4500.0,2000.0,38.09048729838278,-3968.2786750210944,-3633.259952238732,-335.0187227823626,138250.34745433182,115149.65254566818,0.1823259266666427,0.31818728758567166,122000.0,120400.0,122150.0,126700.0,1.0174418604651163,0.9668508287292817,-6300.0,0.0,0.0,0.036734693877551024,-0.01606425702811245,0.014383083073030139,0.023483348050122067,3694164.4,4374062.1,-0.11694960235839758,0.9288151167309674,497680137500.0,119500.0
2021-05-24,122000.0,122500.0,119000.0,119500.0,3188734,-0.024489795918367308,-0.024794658613216277,119857.14285714286,123821.42857142857,126357.14285714286,0.018514087186760224,3500.0,2500.0,33.39004607316595,-3984.939305995271,-3703.59582299004,-281.34348300523106,137602.9963724299,114447.00362757011,0.1837412635973797,0.21821549298729867,121500.0,120600.0,121150.0,126025.0,0.9908789386401327,0.9482245586193215,-5425.0,-0.024489795918367308,0.024489795918367308,0.029288702928870293,-0.020491803278688523,0.020583907158604683,0.02401211167300365,3686471.0,4383125.95,-0.21511853584874074,0.7275022521312672,381053713000.0,123000.0
2021-05-25,121500.0,123000.0,120500.0,123000.0,3258364,0.029288702928870203,0.02886798400085205,120642.85714285714,123214.28571428571,125880.95238095238,0.019605118196340796,2500.0,-1500.0,42.33121628829148,-3673.3778139551578,-3697.5522211830635,24.174407227905704,136783.87733598688,114316.12266401312,0.1789546369731084,0.3865040126514793,121666.66666666667,121700.0,120450.0,125550.0,1.0106820049301561,0.9796893667861409,-3850.0,0.029288702928870203,0.029288702928870203,0.02032520325203252,0.012345679012345678,0.02267740175140849,0.026585655440318247,3716118.4,4303323.55,0.021836252255597266,0.7571738360226249,400778772000.0,123000.0
2021-05-26,124000.0,124500.0,122000.0,123000.0,3015522,0.0,0.0,121285.71428571429,122571.42857142857,125428.57142857143,0.01972667653539455,2500.0,1000.0,42.33121628829147,-3387.4150744484505,-3635.524791836141,248.10971738769058,136049.983439708,114200.01656029197,0.17462510992540292,0.4027458480039222,121833.33333333333,122100.0,120450.0,125125.0,1.0073710073710074,0.983016983016983,-3025.0,0.0,0.0,0.02032520325203252,-0.008064516129032258,0.019698467646847444,0.020362393115355273,3625213.2,4308855.7,-0.07452881261884803,0.6998428840399552,370909206000.0,125500.0
2021-05-27,124500.0,126000.0,123000.0,125500.0,4539067,0.020325203252032464,0.020121403199421028,122428.57142857143,122321.42857142857,125142.85714285714,0.01935012880707788,3000.0,-1000.0,48.10214810124189,-2925.3369728469115,-3493.4872280382956,568.1502551913841,134544.70884654493,114755.29115345507,0.15875986917841853,0.5429522491860287,123833.33333333333,122700.0,121050.0,124650.0,1.0228198859005706,1.0068190934616927,-1950.0,0.020325203252032464,0.020325203252032464,0.02390438247011952,0.008032128514056224,0.02088329432416324,0.018496021327577616,3612876.4,4366076.55,0.5052342513170192,1.0396214880840786,569652908500.0,125000.0
2021-05-28,126500.0,126500.0,124000.0,125000.0,2332971,-0.003984063745019917,-0.00399202126953745,123000.0,122000.0,124666.66666666667,0.01765233103858388,2500.0,1500.0,47.08724835861808,-2569.8588365739415,-3308.761549745425,738.9027131714834,133972.98831416594,114827.01168583406,0.15390656453642987,0.5313381767693235,124500.0,123200.0,121800.0,124400.0,1.0146103896103895,1.004823151125402,-1200.0,-0.003984063745019917,0.003984063745019917,0.02,-0.011857707509881422,0.021196606810921177,0.01722164065224976,3266931.6,4202887.1,-0.48602411024115744,0.5550877157751871,291621375000.0,127000.0
2021-05-31,126000.0,127000.0,124000.0,127000.0,2448074,0.016000000000000014,0.015873349156290163,123642.85714285714,121785.71428571429,124523.80952380953,0.01795819186942901,3000.0,-1000.0,51.495676794470484,-2102.52002511709,-3067.513244819758,964.9932197026678,133543.46119874783,114956.53880125217,0.14959293680076985,0.6479534880056597,125833.33333333333,124700.0,122650.0,124250.0,1.0184442662389734,1.0221327967806841,450.0,0.016000000000000014,0.016000000000000014,0.023622047244094488,0.007936507936507936,0.013992562977186101,0.017487345696554708,3118799.6,4138377.5,0.04933751855466695,0.5915540571153791,310905398000.0,128500.0
2021-06-01,127000.0,129000.0,126000.0,128500.0,2819179,0.011811023622047223,0.011741817876683195,124500.0,122178.57142857143,124452.38095238095,0.017944945084668238,3000.0,-1500.0,54.55387912013777,-1592.7529218375857,-2772.561180223324,1179.808258385738,133613.51673108968,114936.48326891032,0.15028793773630544,0.7262136547838577,126833.33333333333,125800.0,123750.0,124275.0,1.021462639109698,1.0339971836652584,1525.0,0.011811023622047223,0.011811023622047223,0.023346303501945526,0.011811023622047244,0.010423581778428542,0.01664152670487386,3030962.6,4081539.1,0.15159059734305425,0.6907146865259725,362264501500.0,126000.0
2021-06-02,128500.0,129000.0,125500.0,126000.0,2885654,-0.01945525291828798,-0.019646997383796536,125428.57142857143,122642.85714285714,124357.14285714286,0.01647847896150293,3500.0,2500.0,49.00781899424253,-1374.6419101873907,-2492.977326216137,1118.3354160287463,132747.93208646897,115252.06791353102,0.1410956788140157,0.6143127301533093,127166.66666666667,126400.0,124250.0,124000.0,0.9968354430379747,1.0161290322580645,2400.0,-0.01945525291828798,0.01945525291828798,0.027777777777777776,-0.019455252918287938,0.016439330289614442,0.017122927435553752,3004989.0,4021551.9,0.02357955986476923,0.7175473726946058,363592404000.0,129000.0
2021-06-03,127000.0,130000.0,126500.0,129000.0,3353993,0.023809523809523725,0.023530497410194036,126285.71428571429,123464.28571428571,124238.09523809524,0.01541788916021875,3500.0,-2000.0,54.929165370239275,-948.775540259885,-2184.1369690248866,1235.3614287650016,132109.60366068364,115590.39633931636,0.13338076157745082,0.8117583004929402,127833.33333333333,127100.0,124900.0,123850.0,1.014948859166011,1.04158255954784,3250.0,0.023809523809523725,0.023809523809523725,0.027131782945736434,0.015748031496062992,0.017305613103505976,0.018084122887371917,2767974.2,4061901.35,0.1622990836739262,0.825719955015648,432665097000.0,128500.0
2021-06-04,127500.0,129000.0,126500.0,128500.0,2555891,-0.003875968992248069,-0.003883500026397633,127071.42857142857,124178.57142857143,124071.42857142857,0.015769388181755568,2500.0,-1000.0,53.8076775558419,-644.1933354419452,-1876.1482423082984,1231.9549068663532,132021.75802407652,115628.24197592348,0.13239261900386068,0.785173722724766,127833.33333333333,127800.0,125500.0,123825.0,1.0054773082942097,1.0377548960226126,3975.0,-0.003875968992248069,0.003875968992248069,0.019455252918287938,0.00784313725490196,0.017290651499388632,0.01825182577566608,2812558.2,3979119.15,-0.2379557739088901,0.6423258273128112,328431993500.0,128500.0
2021-06-07,129500.0,130000.0,128000.0,128500.0,2562918,0.0,0.0,127500.0,124964.28571428571,124047.61904761905,0.014610602668004834,2000.0,1000.0,53.8076775558419,-398.21931929749553,-1580.562457706138,1182.3431384086425,131837.0945430485,115712.9054569515,0.1302701602593173,0.793037992470214,128666.66666666667,128100.0,126400.0,123775.0,1.0031225604996097,1.0381741062411634,4325.0,0.0,0.0,0.01556420233463035,-0.007722007722007722,0.016353273375901416,0.01526191387464007,2835527.0,3934748.9,0.002749334772101042,0.6513549060271674,329334963000.0,127500.0
2021-06-08,127000.0,127500.0,125000.0,127500.0,4194955,-0.0077821011673151474,-0.007812539736793625,127857.14285714286,125428.57142857143,123952.38095238095,0.014997883663977024,2500.0,-500.0,51.37468867309964,-280.73860215529567,-1320.5976865959697,1039.859084440674,131376.23691340777,115923.76308659223,0.12496946079106792,0.7491510448844041,128166.66666666667,127900.0,126850.0,123650.0,0.99687255668491,1.0311362717347352,4250.0,-0.0077821011673151474,0.0077821011673151474,0.0196078431372549,0.003937007874015748,0.0158927296869325,0.013782804353404787,3110682.2,3991142.8,0.6367886136037126,1.0510661257221867,534856762500.0,122500.0
2021-06-09,125500.0,126000.0,122500.0,122500.0,6087592,-0.039215686274509776,-0.04000533461369913,127214.28571428571,125428.57142857143,123595.23809523809,0.020688874909379252,3500.0,3000.0,41.31548838227301,-584.3564037999458,-1173.349430036765,588.9930262368191,131363.3188708768,115886.68112912319,0.12519019406878554,0.42730979307185607,126166.66666666667,127200.0,126800.0,123625.0,0.9630503144654088,0.9908998988877654,3575.0,-0.039215686274509776,0.039215686274509776,0.02857142857142857,-0.02390438247011952,0.02254913064129693,0.019387226845870267,3751069.8,3801397.85,0.45116979800736834,1.601408808078323,745730020000.0,123000.0
2021-06-10,122500.0,124000.0,120500.0,123000.0,4533076,0.004081632653061273,0.004073325387635869,126428.57142857143,125464.28571428571,123595.23809523809,0.019830345328776287,3500.0,-500.0,42.52736947844403,-775.6882266976027,-1093.8171893689325,318.1289626713299,131300.1754365446,116299.82456345539,0.12116600059038143,0.44666791418624696,124333.33333333333,126000.0,126550.0,123800.0,0.9761904761904762,0.9935379644588045,2200.0,0.004081632653061273,0.004081632653061273,0.028455284552845527,0.004081632653061225,0.017264221961291813,0.018111539625655117,3986886.4,3614441.85,-0.25535811204167425,1.2541565719199494,557568348000.0,128000.0
2021-06-11,124500.0,128500.0,124000.0,128000.0,4868608,0.04065040650406515,0.03984590854719978,126714.28571428571,126071.42857142857,124000.0,0.0251630905509183,4500.0,-3500.0,52.98350985268973,-517.8919258145906,-978.6321366580643,460.7402108434736,131427.81634283188,117222.18365716812,0.11426207669948732,0.7587001988097853,124500.0,125900.0,126850.0,124325.0,1.016679904686259,1.0295596219585763,1575.0,0.04065040650406515,0.04065040650406515,0.03515625,0.028112449799196786,0.02857673747806709,0.022498759151419096,4449429.8,3555771.0,0.07401861340952598,1.369213034247706,623181824000.0,127000.0
2021-06-14,127000.0,127500.0,125500.0,127000.0,2022730,-0.0078125,-0.007843177461025893,126428.57142857143,126357.14285714286,124452.38095238095,0.02347860492778862,2000.0,0.0,50.98561480930964,-389.784944486717,-860.8626982237948,471.07775373707784,131387.21564957377,118112.78435042623,0.10640826692703444,0.6694987867498693,126000.0,125600.0,126850.0,124750.0,1.0111464968152866,1.0180360721442885,850.0,-0.0078125,0.0078125,0.015748031496062992,0.0,0.02875876979797543,0.0221811140823177,4341392.2,3495547.45,-0.5845362781312441,0.5786590023259447,256886710000.0,128500.0
2021-06-15,128500.0,129500.0,128000.0,128500.0,1975082,0.011811023622047223,0.011741817876683195,126428.57142857143,126750.0,124928.57142857143,0.02403170371992216,1500.0,0.0,53.79979431827676,-165.3161135946575,-721.7533812979674,556.4372677033099,131188.43648267738,119411.56351732262,0.09398940914089995,0.7717189876645327,127833.33333333333,125800.0,126850.0,125300.0,1.021462639109698,1.025538707102953,500.0,0.011811023622047223,0.011811023622047223,0.011673151750972763,0.0,0.0291093377815084,0.0221811140823177,3897417.6,3438795.2,-0.023556282845461296,0.5743529012719338,253798037000.0,129500.0
2021-06-16,128000.0,129500.0,127000.0,129500.0,1893752,0.0077821011673151474,0.007751976804317924,126571.42857142857,127035.71428571429,125500.0,0.02420965754802801,2500.0,-1500.0,55.62883147182193,92.20580364092893,-558.9615443101882,651.1673479511171,131533.11591880838,119916.8840811916,0.09239396967680877,0.8249762963386668,128333.33333333333,127200.0,127200.0,125725.0,1.0180817610062893,1.0300258500695962,1475.0,0.0077821011673151474,0.0077821011673151474,0.019305019305019305,0.01171875,0.017968552881516425,0.02114457772727013,3058649.6,3359980.4,-0.041178037165039205,0.5636199544497343,245240884000.0,126500.0
2021-06-17,127000.0,128000.0,126000.0,126500.0,2123793,-0.02316602316602312,-0.023438572972017468,126428.57142857143,127142.85714285714,125761.90476190476,0.025835065060869914,2000.0,500.0,49.32053191283911,53.60097180397133,-436.4490410873563,490.05001289132764,131537.72051495058,120312.27948504942,0.08914386364821243,0.5512229317733153,128166.66666666667,127900.0,126950.0,125925.0,0.9890539483971853,1.004566210045662,1975.0,-0.02316602316602312,0.02316602316602312,0.015810276679841896,-0.003937007874015748,0.023869062465689442,0.021212183980733445,2576793.0,3236132.5,0.12147366709051655,0.6562750443623677,268659814500.0,124500.0
2021-06-18,127500.0,127500.0,124500.0,124500.0,2506112,-0.015810276679841917,-0.01593659226281264,126714.28571428571,126964.28571428571,125857.14285714286,0.020934987109634724,3000.0,3000.0,45.6073942162813,-136.79997589511913,-376.5192280489089,239.71925215378974,131448.87509559645,120601.12490440356,0.08607617687913417,0.3594178541059942,126833.33333333333,127200.0,126550.0,126025.0,0.9787735849056604,0.9878992263439794,1175.0,-0.015810276679841917,0.015810276679841917,0.024096385542168676,-0.023529411764705882,0.014998375441151802,0.021675574804479274,2104293.8,3158303.35,0.18001707322700478,0.7934994591320684,312010944000.0,122000.0
2021-06-21,121000.0,123000.0,120500.0,122000.0,3275288,-0.02008032128514059,-0.020284671171505776,126571.42857142857,126500.0,125833.33333333333,0.022555357470960047,2500.0,-1000.0,41.41058378777037,-483.8457329141238,-397.98452902195186,-85.86120389217194,131028.52436706016,121271.47563293984,0.0773448175514889,0.07466646799790175,124333.33333333333,126200.0,125900.0,126150.0,0.9667194928684627,0.9671026555687673,50.0,-0.02008032128514059,0.02008032128514059,0.020491803278688523,0.008264462809917356,0.01641977961038036,0.022293629611574002,2354805.4,3162631.05,0.3069200418816078,1.0356212748875655,399585136000.0,122000.0
2021-06-22,122500.0,123500.0,122000.0,122000.0,2179712,0.0,0.0,125714.28571428571,126214.28571428571,125952.38095238095,0.013814359200485899,1500.0,500.0,41.41058378777037,-750.2337678103358,-468.4343767796287,-281.79939103070717,131132.5257862701,121067.4742137299,0.07981801405662325,0.0926498766100955,122833.33333333333,124900.0,125350.0,126100.0,0.9767814251401121,0.9674861221252974,-1200.0,0.0,0.0,0.012295081967213115,-0.004081632653061225,0.013459147447120233,0.022319756710700595,2395731.4,3108698.45,-0.3344976075386348,0.7011654668531777,265924864000.0,124000.0
2021-06-23,122500.0,124500.0,122000.0,124000.0,2703658,0.016393442622950838,0.016260520871780326,125285.71428571429,125857.14285714286,126000.0,0.016307147709050764,2500.0,-1500.0,46.01931947605972,-790.8485100474063,-532.9172034331842,-257.9313066142221,131071.48886329927,121228.51113670073,0.07802598277129237,0.28157016507412314,122666.66666666667,123800.0,125500.0,126150.0,1.001615508885299,0.9829567974633373,-2350.0,0.016393442622950838,0.016393442622950838,0.020161290322580645,0.012244897959183673,0.016542100697057,0.019349489586051812,2557712.6,3093105.25,0.24037395766046155,0.8740918208328022,335253592000.0,126000.0
2021-06-24,124000.0,126500.0,123500.0,126000.0,2646407,0.016129032258064502,0.01600034134644112,124928.57142857143,125678.57142857143,126142.85714285714,0.0170302410736764,3000.0,-2000.0,50.235032499432236,-654.1124988650845,-557.1562625195643,-96.95623634552021,131087.65819351556,121262.34180648444,0.07787054794556061,0.4821888687237603,124000.0,123700.0,125800.0,126175.0,1.0185933710590138,0.9986130374479889,-2475.0,0.016129032258064502,0.016129032258064502,0.023809523809523808,0.016129032258064516,0.017174151679191754,0.019903172948690415,2662235.4,2998472.25,-0.021175385348294773,0.882585123140626,333447282000.0,128500.0
2021-06-25,128000.0,129000.0,127500.0,128500.0,2531018,0.01984126984126977,0.01964699738379642,124785.71428571429,125678.57142857143,126285.71428571429,0.018764526790215615,1500.0,-500.0,54.96913512912494,-340.0986724531249,-513.7447445062764,173.64607205315156,131335.24137619705,121364.75862380295,0.07891161656030159,0.7156364995951419,126166.66666666667,124500.0,125850.0,126350.0,1.0321285140562249,1.0170162247724575,-1850.0,0.01984126984126977,0.01984126984126977,0.011673151750972763,0.00390625,0.016713333364995028,0.016230709671396597,2667216.6,3008374.6,-0.043602136783948975,0.8413240824463815,325235813000.0,126000.0
2021-06-28,129000.0,129500.0,126000.0,126000.0,2402730,-0.01945525291828798,-0.019646997383796536,124714.28571428571,125571.42857142857,126333.33333333333,0.018053746839033748,3500.0,3000.0,49.86102950819579,-289.63087486593577,-468.9219705782083,179.29109571227252,131277.84565534335,121322.15434465664,0.07882574276078158,0.4698664823327774,126833.33333333333,125300.0,125750.0,126300.0,1.005586592178771,0.997624703087886,-1000.0,-0.01945525291828798,0.01945525291828798,0.027777777777777776,-0.023255813953488372,0.016465719928684803,0.017277753350957388,2492705.0,3006107.4,-0.05068632463301326,0.7992828200349729,302743980000.0,125000.0
2021-06-29,127500.0,128000.0,125000.0,125000.0,2211572,-0.007936507936507908,-0.007968169649176845,124785.71428571429,125750.0,126238.09523809524,0.017151720982296073,3000.0,2500.0,47.94191445471081,-326.56202063249657,-440.44998058906594,113.88795995656938,131022.63637944497,121227.36362055503,0.07766321315274484,0.3851486806246433,126500.0,125900.0,125400.0,126125.0,0.9928514694201748,0.9910802775024777,-225.0,-0.007936507936507908,0.007936507936507908,0.024,-0.0196078431372549,0.01760214234271588,0.01681695306949385,2499077.0,2975727.05,-0.079558668681042,0.7432039171737879,276446500000.0,127500.0
2021-06-30,126500.0,129500.0,126000.0,127500.0,4346027,0.020000000000000018,0.01980262729617973,125571.42857142857,126071.42857142857,126190.47619047618,0.015654015547565826,3500.0,-1000.0,52.82991373406357,-152.34497505777108,-382.82897948280703,230.48400442503595,131135.3717931724,121264.62820682759,0.07821508388545816,0.631702337177355,126166.66666666667,126600.0,125200.0,126200.0,1.0071090047393365,1.0103011093502376,400.0,0.020000000000000018,0.020000000000000018,0.027450980392156862,0.007905138339920948,0.018248082713694998,0.018055693888387594,2827550.8,3048745.7,0.9651302331554206,1.4255131216749235,554118442500.0,124500.0
2021-07-01,127500.0,128000.0,124000.0,124500.0,3336174,-0.02352941176470591,-0.02381064869371856,125928.57142857143,125821.42857142857,126119.04761904762,0.019391691153966325,4000.0,3000.0,47.113140980135825,-253.43025302562455,-356.9492341913706,103.51898116574603,130781.51969505454,121168.48030494546,0.07630910410882374,0.3465625760862232,125666.66666666667,126300.0,125000.0,125975.0,0.9857482185273159,0.9882913276443739,325.0,-0.02352941176470591,0.02352941176470591,0.0321285140562249,-0.023529411764705882,0.02100149626891471,0.018104647900279276,2965504.2,3047854.75,-0.23236233921234273,1.0945974377551948,415353663000.0,122500.0
2021-07-02,122500.0,123500.0,121500.0,122500.0,3983921,-0.016064257028112428,-0.016194685919980606,125714.28571428571,125500.0,125809.52380952382,0.01954358495558738,2000.0,0.0,43.71678888825581,-489.2841858719621,-383.4162245274889,-105.8679613444732,130566.18433618342,120783.81566381658,0.07783862082647174,0.1754364810468944,124833.33333333333,125100.0,124800.0,125675.0,0.9792166266986411,0.9747364233141038,-575.0,-0.016064257028112428,0.016064257028112428,0.0163265306122449,0.0,0.017404471238484712,0.01812720371884354,3256084.8,3119256.25,0.19415863800868904,1.2772022176760887,488030322500.0,123000.0
2021-07-05,123500.0,124500.0,122500.0,123000.0,1632551,0.004081632653061273,0.004073325387635869,125285.71428571429,125107.14285714286,125547.61904761905,0.018213985523452048,2000.0,500.0,44.78837207701778,-628.6081026504544,-432.45460015208204,-196.15350249837235,130240.61762044557,120559.38237955443,0.07720283286197081,0.25209774989631545,123333.33333333333,124500.0,124900.0,125400.0,0.9879518072289156,0.9808612440191388,-900.0,0.004081632653061273,0.004081632653061273,0.016260162601626018,-0.004048582995951417,0.017185565246303526,0.01694260209498296,3102049.0,3072737.9,-0.5902150168138374,0.5313017423321397,200803773000.0,125000.0
2021-07-06,124000.0,126000.0,123500.0,125000.0,2067135,0.016260162601626105,0.016129381929883717,124785.71428571429,124785.71428571429,125380.95238095238,0.01750553042665064,2500.0,-1000.0,48.97331067992196,-571.0572328598064,-460.17512669362696,-110.88210616617943,130015.36418765254,120534.63581234746,0.07567933247100438,0.4709937898108856,123500.0,124500.0,125200.0,125275.0,1.0040160642570282,0.9978048293753742,-775.0,0.016260162601626105,0.016260162601626105,0.02,0.008064516129032258,0.0193173124823538,0.017608884856916585,3073161.6,2966346.9,0.2661993407862908,0.6968621909999805,258391875000.0,123500.0
2021-07-07,125000.0,125500.0,122500.0,123500.0,2229140,-0.01200000000000001,-0.012072581234269249,124428.57142857143,124571.42857142857,125190.47619047618,0.016582977320614745,3000.0,1500.0,46.14805420366763,-639.1178649855428,-495.9636743520102,-143.15419063353266,129962.09300952085,120687.90699047915,0.07400108533047431,0.30321723154431846,123833.33333333333,123700.0,125150.0,125325.0,0.9983831851253031,0.9854378615599442,-1625.0,-0.01200000000000001,0.01200000000000001,0.024291497975708502,-0.012,0.016135444407232257,0.017420767329335455,2649784.2,2773424.3,0.07837175607785651,0.8037500789186856,275298790000.0,121500.0
2021-07-08,123500.0,123500.0,121000.0,121500.0,3165552,-0.01619433198380571,-0.01632689328742878,123928.57142857143,124357.14285714286,125142.85714285714,0.017297417442224405,2500.0,2000.0,42.61774832856545,-844.7024871354952,-565.7114369087071,-278.99105022678805,130089.5302077349,120410.4697922651,0.07727792746882083,0.112565699661667,123333.33333333333,123100.0,124700.0,125250.0,0.9870024370430545,0.9700598802395209,-2150.0,-0.01619433198380571,0.01619433198380571,0.0205761316872428,-0.016194331983805668,0.014413246949314076,0.01703492070105559,2615659.8,2705048.1,0.4200776981257346,1.1702387103578675,384614568000.0,119500.0
2021-07-09,120500.0,120500.0,118000.0,119500.0,4823577,-0.016460905349794275,-0.016597891409037828,122785.71428571429,124178.57142857143,124976.19047619047,0.014106178988747015,2500.0,1000.0,39.373958525535066,-1155.6909804195311,-683.7073456108719,-471.9836348086592,130119.23718475294,119530.76281524706,0.08482655212902773,-0.002905311395535121,121500.0,122500.0,123800.0,124825.0,0.9755102040816327,0.9573402763869417,-2325.0,-0.016460905349794275,0.016460905349794275,0.02092050209205021,-0.008298755186721992,0.014491736551717387,0.015286544888067159,2783591.0,2702796.55,0.5237712095710321,1.7846615203056997,576417451500.0,120000.0
2021-07-12,121000.0,122000.0,119500.0,120000.0,2477201,0.004184100418409997,0.004175371410480592,122142.85714285714,124035.71428571429,124595.23809523809,0.013232821433083308,2500.0,1000.0,40.591367369782816,-1346.2866263780306,-816.2232017643037,-530.063424613727,130080.2137383539,118869.7862616461,0.09006167886489486,0.10081807680413346,120333.33333333333,121900.0,123200.0,124475.0,0.9844134536505332,0.9640490058244627,-2575.0,0.004184100418409997,0.004184100418409997,0.020833333333333332,-0.008264462809917356,0.014507611123448678,0.014993761159463569,2952521.0,2725520.1,-0.48643900574200427,0.9088911140299424,297264120000.0,123000.0
2021-07-13,121000.0,123500.0,121000.0,123000.0,2879072,0.02499999999999991,0.024692612590371414,122214.28571428571,123964.28571428571,124404.76190476191,0.01627545269516004,2500.0,-2000.0,47.41443559049824,-1240.9551623696898,-901.169593885381,-339.7855684843088,129505.40935471075,118894.59064528925,0.08543332294220206,0.38690787837751833,120833.33333333333,121500.0,123000.0,124200.0,1.0123456790123457,0.9903381642512077,-2700.0,0.02499999999999991,0.02499999999999991,0.02032520325203252,0.01652892561983471,0.017831525973386442,0.01760932193398104,3114908.4,2770719.6,0.1622278531293988,1.0391062307423673,354125856000.0,123500.0
2021-07-14,122500.0,124000.0,121500.0,123500.0,2443087,0.004065040650406582,0.004056800695614469,122285.71428571429,123785.71428571429,124166.66666666667,0.016274863068096872,2500.0,-1000.0,48.47654334983524,-1104.4025320227665,-941.8161815128582,-162.58635050990836,128585.92517405494,119214.07482594506,0.0756404386449546,0.45731899410017013,122166.66666666667,121500.0,122600.0,123900.0,1.0164609053497942,0.9967715899919289,-2400.0,0.004065040650406582,0.004065040650406582,0.020242914979757085,0.00816326530612245,0.017263968987518842,0.016107293443578585,3157697.8,2798186.35,-0.15143247546431626,0.8730966041629071,301721244500.0,123500.0
2021-07-15,123500.0,124000.0,122500.0,123500.0,1500981,0.0,0.0,122071.42857142857,123428.57142857143,123880.95238095238,0.014779490885722299,1500.0,0.0,48.47654334983525,-984.8310691353108,-950.4191590373487,-34.41191009796216,128274.78554304245,119225.21445695755,0.07312784716028208,0.47237438132461185,123333.33333333333,121900.0,122500.0,123750.0,1.0131255127153405,0.997979797979798,-1850.0,0.0,0.0,0.012145748987854251,0.0,0.014778562895493145,0.014415579450249483,2824783.6,2767045.75,-0.38562114243168577,0.5424489277056587,185371153500.0,121500.0
2021-07-16,122000.0,122500.0,120500.0,121500.0,2905546,-0.01619433198380571,-0.01632689328742878,121785.71428571429,123107.14285714286,123642.85714285714,0.015352308726559181,2000.0,500.0,44.323508893690565,-1039.4707370253745,-968.2294746349539,-71.24126239042062,128218.04241962689,118981.95758037311,0.07472560549558069,0.27263093220247325,122833.33333333333,122300.0,122400.0,123600.0,0.9934587080948487,0.9830097087378641,-1300.0,-0.01619433198380571,0.01619433198380571,0.01646090534979424,-0.004098360655737705,0.014689403813780796,0.014431020873994345,2441177.4,2787017.45,0.9357646765681911,1.0425288151676266,353023839000.0,119000.0
2021-07-19,119000.0,120000.0,118500.0,119000.0,2066638,-0.020576131687242816,-0.02079076966907378,121428.57142857143,122678.57142857143,123380.95238095238,0.016104756802450312,1500.0,0.0,39.74039390606851,-1269.863972699619,-1028.5563742478869,-241.30759845173202,128464.71518842819,118435.28481157181,0.08124285440952923,0.05630580872581877,121333.33333333333,122100.0,122000.0,123450.0,0.9746109746109746,0.9639530174159578,-1350.0,-0.020576131687242816,0.020576131687242816,0.012605042016806723,0.0,0.018133418254127624,0.01557922361031473,2359064.8,2726584.95,-0.2887264562323226,0.7579584124088999,245929922000.0,118500.0
2021-07-20,117500.0,119500.0,117500.0,118500.0,2070074,-0.004201680672268893,-0.004210532536343494,121285.71428571429,122035.71428571429,123214.28571428571,0.01500044676754382,2000.0,-1000.0,38.87461422204649,-1475.7861491088115,-1118.002329220072,-357.7838198887396,128727.90844653708,117822.09155346292,0.08846738505839924,0.06216026302143354,119666.66666666667,121200.0,121350.0,123275.0,0.9777227722772277,0.9612654633948489,-2075.0,-0.004201680672268893,0.004201680672268893,0.016877637130801686,0.00851063829787234,0.010575743460553864,0.014004716428965275,2197265.2,2721103.05,0.0016626037070837096,0.7607481091169995,245303769000.0,117000.0
2021-07-21,119500.0,120000.0,116500.0,117000.0,2864601,-0.012658227848101222,-0.012739025777429714,120857.14285714286,121500.0,122976.19047619047,0.015348438889726215,3500.0,2500.0,36.31834159076503,-1739.9612314908445,-1242.3941096742265,-497.56712181661806,129040.3387821978,116809.6612178022,0.09949707190885167,0.01556240700448895,118166.66666666667,119900.0,120700.0,122925.0,0.97581317764804,0.9517998779743746,-3025.0,-0.012658227848101222,0.012658227848101222,0.029914529914529916,-0.02092050209205021,0.008489332601279903,0.014041528813746476,2281568.0,2729150.2,0.3838157476496009,1.0496311269346772,335158317000.0,119500.0
2021-07-22,118000.0,120000.0,118000.0,119500.0,1919233,0.02136752136752129,0.021142436573809164,120357.14285714286,121285.71428571429,122761.90476190476,0.014278443344027439,2000.0,-1500.0,43.040942161167536,-1727.677193681986,-1339.4507264757785,-388.2264672062074,128718.13525082341,116481.86474917659,0.09980644781114865,0.24665483248488296,118333.33333333333,119100.0,120500.0,122600.0,1.00335852225021,0.9747145187601958,-3500.0,0.02136752136752129,0.02136752136752129,0.016736401673640166,0.012711864406779662,0.0166726654818081,0.015727314142392132,2365218.4,2692791.5,-0.3300173392385187,0.7127298938666435,229348343500.0,118500.0
2021-07-23,118500.0,119000.0,117500.0,118500.0,1747651,-0.008368200836820106,-0.008403410796379504,119642.85714285714,120964.28571428571,122404.76190476191,0.0138591247123478,1500.0,0.0,41.168812360347744,-1778.136398319708,-1427.1878608445645,-350.94853747514344,127808.71909312502,116391.28090687498,0.09350891225430012,0.18469284078669598,118333.33333333333,118500.0,120400.0,122100.0,1.0,0.9705159705159705,-3600.0,-0.008368200836820106,0.008368200836820106,0.012658227848101266,0.0,0.015877886736434442,0.015069093397405536,2133639.4,2653623.15,-0.08940133897239155,0.6585905010664382,207096643500.0,117000.0
2021-07-26,119500.0,120000.0,117000.0,117000.0,1836657,-0.012658227848101222,-0.012739025777429714,118714.28571428571,120392.85714285714,121857.14285714286,0.013790869096541192,3000.0,2500.0,38.46605081912593,-1917.0644202060066,-1525.163172716853,-391.90124748915355,127481.85444912587,115818.14555087413,0.09587923467531222,0.10132749877725541,118333.33333333333,118100.0,120100.0,121650.0,0.9906858594411516,0.9617755856966708,-3550.0,-0.012658227848101222,0.012658227848101222,0.02564102564102564,-0.02092050209205021,0.01423147114919089,0.015395490334988172,2087643.2,2625319.5,0.05092893260725395,0.6995937065945688,214888869000.0,116000.0
2021-07-27,118000.0,119000.0,116000.0,116000.0,2916330,-0.008547008547008517,-0.008583743691391442,117928.57142857143,119857.14285714286,121380.95238095238,0.013287154768337042,3000.0,2000.0,36.734607724158344,-2083.8363527926267,-1636.897808732008,-446.9385440606188,127325.01342640846,115074.98657359154,0.1010728288186215,0.07551113458953386,117166.66666666667,117600.0,119400.0,121200.0,0.9863945578231292,0.9570957095709571,-3600.0,-0.008547008547008517,0.008547008547008517,0.02586206896551724,-0.01694915254237288,0.014431286114524844,0.012046996541988647,2256894.4,2660557.4,0.5878468325876851,1.0961349678078738,338294280000.0,114000.0
2021-07-28,115000.0,115500.0,112500.0,114000.0,6033084,-0.017241379310344862,-0.01739174271186922,117214.28571428571,119321.42857142857,120857.14285714286,0.012733451134679554,3000.0,1000.0,33.487968009561044,-2350.2948600580276,-1779.5772189972117,-570.7176410608158,126701.99467037931,114348.00532962069,0.10250146725375334,-0.028169469798111368,115666.66666666667,117000.0,118450.0,120525.0,0.9743589743589743,0.9458618543870566,-3525.0,-0.017241379310344862,0.017241379310344862,0.02631578947368421,-0.008695652173913044,0.015228526161245048,0.011996924102305205,2890591.0,2744910.25,1.0687247327977287,2.1979166714102947,687771576000.0,114000.0
2021-07-29,115000.0,115500.0,113000.0,114000.0,3054699,0.0,0.0,116571.42857142857,118928.57142857143,120214.28571428571,0.012937172897601911,2500.0,1000.0,33.487968009561044,-2532.2746607923473,-1930.116707356239,-602.1579534361083,126529.28625099009,113470.71374900991,0.10882143751650146,0.04053170826365807,114666.66666666667,115900.0,117500.0,120000.0,0.9836065573770492,0.95,-4100.0,0.0,0.0,0.021929824561403508,-0.008695652173913044,0.0063688425861426826,0.011996924102305205,3117684.2,2730836.5,-0.4936753739878311,1.1185946137749367,348235686000.0,112500.0
2021-07-30,114000.0,114000.0,112500.0,112500.0,2888566,-0.013157894736842146,-0.01324522675002068,115928.57142857143,118392.85714285714,119642.85714285714,0.012985505178311102,1500.0,1500.0,31.097337143096652,-2765.651716515349,-2097.223709188061,-668.428007327288,126718.3975477868,112281.6024522132,0.12081000079977897,0.015127841487045523,113500.0,114700.0,116600.0,119500.0,0.980819529206626,0.9414225941422594,-4800.0,-0.013157894736842146,0.013157894736842146,0.013333333333333334,-0.013157894736842105,0.006539731305418149,0.011800707966311939,3345867.2,2676068.75,-0.05438604589191931,1.0794064988053838,324963675000.0,116000.0
2021-08-02,113500.0,117000.0,113000.0,116000.0,4276730,0.03111111111111109,0.030636969461889804,115428.57142857143,117892.85714285714,119333.33333333333,0.016313993365849346,4000.0,-2500.0,41.57744477420782,-2637.7773104121006,-2205.334429432869,-432.44288097923163,126332.58126889005,111967.41873110995,0.12056368055207801,0.28071950166135873,114166.66666666667,114500.0,116300.0,119150.0,1.0131004366812226,0.9735627360469996,-4650.0,0.03111111111111109,0.03111111111111109,0.034482758620689655,0.022026431718061675,0.0193589124285539,0.016044208418112722,3833881.8,2808277.7,0.48057202085740824,1.5229013854292257,496100680000.0,120000.0
2021-08-03,118000.0,120500.0,117000.0,120000.0,4396423,0.034482758620689724,0.033901551675681416,115642.85714285714,117642.85714285714,119190.47619047618,0.021522111123610667,3500.0,-2000.0,50.789635999929914,-2188.442350525962,-2201.9560136514874,13.513663125525454,125553.84732395672,112246.15267604328,0.11192342008337636,0.5826589450016026,116166.66666666667,115300.0,116450.0,118900.0,1.0407632263660018,1.0092514718250631,-3600.0,0.034482758620689724,0.034482758620689724,0.029166666666666667,0.01694915254237288,0.02439070170171909,0.019795991793978965,4129900.4,2924742.1,0.02798703682486381,1.5031831353608922,527570760000.0,121000.0
2021-08-04,122000.0,123000.0,120500.0,121000.0,4162635,0.008333333333333304,0.008298802814695064,116214.28571428571,117464.28571428571,119000.0,0.020603232476452474,2500.0,1000.0,52.79367992126421,-1731.687697047906,-2107.9023503307712,376.21465328286513,125153.21126550133,112396.78873449867,0.10739989502001825,0.6744219427188504,119000.0,116700.0,116850.0,118775.0,1.0368466152527849,1.0187328983371922,-2075.0,0.008333333333333304,0.008333333333333304,0.02066115702479339,-0.00819672131147541,0.0203774062877928,0.019240920098714802,3755810.6,3021416.85,-0.053176866739164996,1.3777096000507179,503678835000.0,120000.0
2021-08-05,121000.0,121500.0,118000.0,120000.0,3491584,-0.008264462809917328,-0.008298802814695066,116785.71428571429,117357.14285714286,118833.33333333333,0.020572636436875888,3500.0,1000.0,50.575603940627396,-1433.8692341001588,-1973.0957270846488,539.22649298449,124977.78036536714,112422.21963463286,0.10577557481663258,0.6035397803315768,120333.33333333333,117900.0,116900.0,118700.0,1.0178117048346056,1.0109519797809603,-800.0,-0.008264462809917328,0.008264462809917328,0.029166666666666667,-0.008264462809917356,0.021888844761463216,0.018454671948973794,3843187.6,3037718.45,-0.161208225078586,1.149410011977904,418990080000.0,118000.0
2021-08-06,119000.0,119500.0,117500.0,118000.0,2209875,-0.01666666666666672,-0.01680711831638129,117357.14285714286,117285.71428571429,118666.66666666667,0.020468248340449264,2000.0,1000.0,46.37871147664288,-1343.7394499205984,-1847.2244716518387,503.4850217312403,124898.37733265698,112351.62266734302,0.10576821635670354,0.45018632174837697,119666.66666666667,119000.0,116850.0,118625.0,0.9915966386554622,0.9947312961011591,375.0,-0.01666666666666672,0.01666666666666672,0.01694915254237288,-0.008403361344537815,0.022871173991514178,0.019077277035851,3707449.4,2907033.35,-0.36708525414253246,0.7601821974281788,260765250000.0,116000.0
2021-08-09,117500.0,118000.0,116000.0,116000.0,2755724,-0.016949152542372836,-0.017094433359300068,117642.85714285714,117107.14285714286,118500.0,0.02210808254155106,2000.0,1500.0,42.57404684621191,-1417.3558361056203,-1761.2507445425952,343.8949084369749,124768.45912607705,112081.54087392295,0.10713040533801231,0.3088582308325144,118000.0,119000.0,116750.0,118425.0,0.9747899159663865,0.9795229047920625,575.0,-0.016949152542372836,0.016949152542372836,0.017241379310344827,-0.01276595744680851,0.021746740179330273,0.01943206344301037,3403248.2,2920959.5,0.24700446857853953,0.9434310883119057,319663984000.0,112500.0
2021-08-10,115000.0,115500.0,112000.0,112500.0,5420223,-0.030172413793103425,-0.0306369694618898,117642.85714285714,116785.71428571429,118142.85714285714,0.024963313535156635,3500.0,2500.0,36.873292204975456,-1738.0825678903784,-1756.617109212152,18.53454132177353,124385.61160529495,111414.38839470505,0.11001885674800596,0.08369384966011852,115500.0,117500.0,116400.0,117900.0,0.9574468085106383,0.9541984732824428,-400.0,-0.030172413793103425,0.030172413793103425,0.03111111111111111,-0.021739130434782608,0.014152212396181472,0.021497190753908636,3608008.2,3048017.05,0.9668961768304809,1.7782784384359005,609775087500.0,105500.0
2021-08-11,109000.0,110000.0,105000.0,105500.0,13715267,-0.06222222222222218,-0.06424226872835359,116142.85714285714,115785.71428571429,117309.52380952382,0.030663325956817707,5000.0,3500.0,28.619343551585374,-2527.961545010752,-1910.8859963718721,-617.07554863888,125026.27264871924,108973.72735128076,0.13720124185844856,-0.21639729319655396,111333.33333333333,114400.0,115550.0,117000.0,0.9222027972027972,0.9017094017094017,-2600.0,-0.06222222222222218,0.06222222222222218,0.04739336492890995,-0.03211009174311927,0.021268413580766372,0.028430346534759766,5518534.6,3611626.05,1.5303879563626812,3.797532416181349,1446960668500.0,100500.0
2021-08-12,102000.0,104000.0,99800.0,100500.0,19150647,-0.04739336492891,-0.048553225416990795,113357.14285714286,114500.0,116214.28571428571,0.02464098491414799,4200.0,1500.0,24.415288817410996,-3516.864315745959,-2232.08166024669,-1284.7826554992694,126207.30100994106,105492.69899005894,0.1788053691832725,-0.24102316739017665,106166.66666666667,110500.0,114200.0,115850.0,0.9095022624434389,0.8675010789814415,-5350.0,-0.04739336492891,0.04739336492891,0.041791044776119404,-0.014705882352941176,0.019870739245126338,0.030910882181435867,8650347.2,4494109.35,0.3963014354733305,4.261277487607194,1924640023500.0,101500.0
2021-08-13,99600.0,101500.0,98900.0,101500.0,11622957,0.00995024875621886,0.009901070982711537,110571.42857142857,113392.85714285714,115166.66666666667,0.02501014811083516,2600.0,-1900.0,26.733374900435763,-4171.795383236575,-2620.024404844667,-1551.7709783919076,126669.25280388337,103030.74719611663,0.20582068443854365,-0.06475651301805149,102500.0,107200.0,113100.0,114850.0,0.9468283582089553,0.8837614279494993,-7650.0,0.00995024875621886,0.00995024875621886,0.02561576354679803,0.019076305220883535,0.027861768939750835,0.031676441531263776,10532963.6,4929979.9,-0.39307758113864244,2.3576073809144735,1179730135500.0,101500.0
2021-08-17,101000.0,103500.0,100500.0,101500.0,7851717,0.0,0.0,107928.57142857143,112357.14285714286,114214.28571428571,0.026111975253113807,3000.0,-500.0,26.733374900435763,-4637.376186732203,-3023.4947612221745,-1613.8814255100283,127027.42465880129,100922.57534119871,0.22904013439440737,0.022119440406496847,101166.66666666667,104300.0,111650.0,113975.0,0.9731543624161074,0.8905461724062295,-9675.0,0.0,0.0,0.029556650246305417,0.0049504950495049506,0.030641269569495477,0.028591772111079498,11552162.2,5219233.85,-0.3244647640011057,1.5043811459032441,796949275500.0,104000.0
2021-08-18,103000.0,105500.0,101500.0,104000.0,8047599,0.024630541871921263,0.02433210065953072,105928.57142857143,111642.85714285714,113500.0,0.03195524013350845,4000.0,-1000.0,32.71631615471168,-4749.86968022045,-3368.76974502183,-1381.0999351986202,126843.72920446079,99656.27079553921,0.24006585791542231,0.15976959446254793,102333.33333333333,102600.0,110050.0,113250.0,1.01364522417154,0.9183222958057395,-10650.0,0.024630541871921263,0.024630541871921263,0.038461538461538464,0.009708737864077669,0.03774043879886061,0.026897557201165465,12077637.4,5518110.1,0.024947664313423434,1.4583976858308791,836950296000.0,102500.0
2021-08-19,103000.0,105500.0,101500.0,102500.0,6161038,-0.014423076923076872,-0.014528100562909744,104000.0,110821.42857142857,112738.09523809524,0.03198263271153337,4000.0,500.0,31.07656661865819,-4903.534158819835,-3675.7226277814316,-1227.8115310384037,126805.92212856386,98244.07787143614,0.2538266541402153,0.14900725913389784,102666.66666666667,102000.0,108200.0,112525.0,1.0049019607843137,0.9109086869584537,-10525.0,-0.014423076923076872,0.014423076923076872,0.03902439024390244,-0.0048543689320388345,0.02743843604741133,0.02574790869568763,10566791.6,5682931.95,-0.2344253236275814,1.0841301733342064,631506395000.0,102500.0
2021-08-20,104000.0,104500.0,102000.0,102500.0,4719139,0.0,0.0,102571.42857142857,110107.14285714286,112047.61904761905,0.03200952347395205,2500.0,1500.0,31.07656661865819,-4968.045825428242,-3934.1872673107937,-1033.8585581174484,126228.98299616402,97121.01700383598,0.2606489007595974,0.18479418993349636,103000.0,102400.0,106450.0,111675.0,1.0009765625,0.9178419520931274,-9275.0,0.0,0.0,0.024390243902439025,-0.014423076923076924,0.014425927238665075,0.02615853665277577,7680490.0,5822927.25,-0.2340350765569048,0.8104410028478374,483711747500.0,103000.0
2021-08-23,104500.0,105000.0,103000.0,103000.0,4515699,0.004878048780487809,0.004866189651172906,102214.28571428571,109178.57142857143,111261.90476190476,0.023094304655616474,2000.0,1500.0,32.38663446115001,-4922.0872072390775,-4131.7672552964505,-790.3199519426271,125574.00135578137,96225.99864421863,0.2646348305821707,0.23081643484762585,102666.66666666667,102700.0,104950.0,110900.0,1.002921129503408,0.9287646528403968,-8200.0,0.004878048780487809,0.004878048780487809,0.019417475728155338,-0.014354066985645933,0.014079857561803532,0.026912100160524425,6259038.4,5961329.65,-0.04310955875637479,0.7574986228114393,465116997000.0,105000.0
2021-08-24,104500.0,105500.0,104000.0,105000.0,4454743,0.01941747572815533,0.019231361927887592,102857.14285714286,108107.14285714286,110619.04761904762,0.013042094921042493,1500.0,-500.0,37.503753197101496,-4670.44342139583,-4239.502488516327,-430.94093287950363,124904.97391842568,95695.02608157432,0.26482273650817184,0.31855496526037935,103500.0,103400.0,103850.0,110300.0,1.0154738878143132,0.9519492293744334,-6900.0,0.01941747572815533,0.01941747572815533,0.014285714285714285,0.004784688995215311,0.01563194811988481,0.028739768706779186,5579643.6,6092233.95,-0.013498685364104257,0.7312166664249655,467748015000.0,103500.0
2021-08-25,106000.0,106000.0,102500.0,103500.0,3194555,-0.014285714285714235,-0.014388737452099556,103142.85714285714,106857.14285714286,109976.19047619047,0.01499602631643362,3500.0,2500.0,35.34329474128046,-4539.720302328948,-4299.546051278851,-240.17425105009625,124322.70504747739,95027.29495252261,0.2671111018459519,0.28921612703201405,103833.33333333333,103300.0,102950.0,109675.0,1.0019361084220717,0.9436972874401641,-6375.0,-0.014285714285714235,0.014285714285714235,0.033816425120772944,-0.02358490566037736,0.014221859227497698,0.027898920827239305,4609034.8,6106145.2,-0.28288680177509684,0.5231704938821304,330636442500.0,104000.0
2021-08-26,106000.0,106500.0,103500.0,104000.0,3694741,0.004830917874396157,0.004819286435948922,103500.0,105714.28571428571,109404.76190476191,0.014957297367421293,3000.0,2000.0,36.65325736385073,-4345.681160013541,-4308.773073025789,-36.90808698775163,123883.66196640962,94466.33803359038,0.2694511008272887,0.32408325067847027,104166.66666666667,103600.0,102800.0,109175.0,1.0038610038610039,0.9525990382413556,-5575.0,0.004830917874396157,0.004830917874396157,0.028846153846153848,-0.018867924528301886,0.012085152891345579,0.020474148855509997,4115775.4,5989228.05,0.15657454637656887,0.6168976985272752,384253064000.0,103500.0
2021-08-27,103500.0,104500.0,101000.0,103500.0,3507782,-0.004807692307692291,-0.004819286435948883,103428.57142857143,104678.57142857143,108904.76190476191,0.01193565852518328,3500.0,0.0,35.870605321976655,-4184.018798826102,-4283.822218185852,99.80341935974957,123383.06342532796,93916.93657467204,0.27120227198026614,0.325223042509051,103666.66666666667,103800.0,103100.0,108650.0,0.9971098265895953,0.9526000920386563,-4850.0,-0.004807692307692291,0.004807692307692291,0.033816425120772944,0.0,0.012562191962539555,0.012797200582266811,3873504.0,6011882.2,-0.0506013818018638,0.5834748392109214,363055437000.0,103500.0
2021-08-30,105000.0,105500.0,103500.0,103500.0,1815758,0.0,0.0,103571.42857142857,103785.71428571429,108404.76190476191,0.010275748349863667,2000.0,1500.0,35.870605321976655,-4009.679127823678,-4228.993600113417,219.31447228973957,122987.61928812499,93412.38071187501,0.27333861900415873,0.34108327688100964,103666.66666666667,103900.0,103300.0,108200.0,0.9961501443695862,0.9565619223659889,-4300.0,0.0,0.0,0.01932367149758454,-0.014285714285714285,0.012472538744460514,0.012583445839960683,3333515.8,5958241.8,-0.4823629290531738,0.30474728299882026,187930953000.0,106500.0
2021-08-31,103500.0,106500.0,102000.0,106500.0,4979276,0.02898550724637672,0.028573372444055948,104142.85714285714,103357.14285714286,108119.04761904762,0.014457343435718688,4500.0,-3000.0,44.16663948017641,-3588.0776291428774,-4100.810405919309,512.7327767764318,122061.09724473595,93388.90275526405,0.2661610070965134,0.4572756804349313,104500.0,104200.0,103800.0,107725.0,1.0220729366602688,0.9886284520770481,-3525.0,0.02898550724637672,0.02898550724637672,0.04225352112676056,0.028985507246376812,0.016181312376519298,0.015143371905434447,3438422.4,5993369.1,1.7422575034778864,0.830797489178499,530292894000.0,108000.0
2021-09-01,106000.0,108000.0,104500.0,108000.0,4736183,0.014084507042253502,0.01398624197473987,104857.14285714286,103535.71428571429,107738.09523809524,0.014800836867903195,3500.0,-2000.0,47.8025827080873,-3097.215171439777,-3900.091359023403,802.8761875836262,120251.4096987313,93998.5903012687,0.2450671589028013,0.5333297535305702,106000.0,105100.0,104200.0,107125.0,1.027592768791627,1.0081680280046674,-2025.0,0.014084507042253502,0.014084507042253502,0.032407407407407406,0.018867924528301886,0.013356451414408126,0.01393760346687826,3746748.0,6010357.1,-0.04882095308635226,0.7880035946616217,511507764000.0,106500.0
2021-09-02,108000.0,108500.0,106000.0,106500.0,2724565,-0.01388888888888884,-0.01398624197473984,105071.42857142857,103964.28571428571,107095.23809523809,0.015451056819132086,2500.0,1500.0,44.669855652811606,-2796.998543080481,-3679.472795834819,882.4742527543381,117786.04871161008,95013.95128838992,0.21402347202274596,0.504391339020798,107000.0,105600.0,104600.0,106400.0,1.0085227272727273,1.0009398496240602,-800.0,-0.01388888888888884,0.01388888888888884,0.023474178403755867,-0.013888888888888888,0.016850335758582607,0.013860520227483483,3552712.8,5938453.6,-0.42473401048903725,0.45880041901817675,290166172500.0,107000.0
2021-09-03,106500.0,107500.0,106000.0,107000.0,2513486,0.0046948356807512415,0.0046838493124264375,105571.42857142857,104357.14285714286,106428.57142857143,0.013650707647875033,1500.0,-500.0,45.94159426786115,-2490.0254178066098,-3441.5833202291774,951.5579024225676,115183.98113205658,96316.01886794342,0.1784204469419684,0.5662498675003976,107166.66666666667,106300.0,105050.0,105750.0,1.006585136406397,1.011820330969267,550.0,0.0046948356807512415,0.0046948356807512415,0.014018691588785047,0.004694835680751174,0.015999683885664667,0.013792279297660692,3353853.6,5889548.7,-0.07747255066405101,0.4267705605354787,268943002000.0,106000.0
2021-09-06,106500.0,107000.0,105000.0,106000.0,1888595,-0.009345794392523366,-0.009389740349839032,105857.14285714286,104678.57142857143,105761.90476190476,0.014658133929180785,2000.0,500.0,43.774527932666835,-2300.9151297110366,-3213.4496821255493,912.5345524145127,112626.9822226547,97673.0177773453,0.14221554394017494,0.5568411141479355,106500.0,106800.0,105350.0,105150.0,0.9925093632958801,1.0080836899667143,1650.0,-0.009345794392523366,0.009345794392523366,0.018867924528301886,-0.004694835680751174,0.017467639672188187,0.014454028244966326,3368421.0,5873484.7,-0.24861526978865212,0.3215459129398941,200191070000.0,104500.0
2021-09-07,105500.0,106000.0,104000.0,104500.0,2547667,-0.014150943396226467,-0.014252022707201502,106000.0,104714.28571428571,105119.04761904762,0.015851841176003904,2000.0,1000.0,40.675171799992384,-2246.188663200708,-3019.997478340581,773.8088151398729,110035.62460279328,99114.37539720672,0.10443460870749757,0.49313265372960857,105833.33333333333,106400.0,105300.0,104575.0,0.9821428571428571,0.9992828113793928,1825.0,-0.014150943396226467,0.014150943396226467,0.019138755980861243,-0.009478672985781991,0.012566526633987574,0.01410316783906104,2882099.2,5863081.85,0.3489747669563883,0.4345269373989722,266231201500.0,106000.0
2021-09-08,104000.0,107500.0,103500.0,106000.0,2891267,0.014354066985645897,0.014252022707201413,106357.14285714286,104964.28571428571,104642.85714285714,0.016546066947521976,4000.0,-2000.0,44.878162062455964,-2058.0560907131294,-2827.609200815091,769.5531101019615,108321.72535522973,100178.27464477027,0.07811463511232103,0.7148966159704627,105500.0,106000.0,105550.0,104250.0,1.0,1.0167865707434052,1750.0,0.014354066985645897,0.014354066985645897,0.03773584905660377,0.019230769230769232,0.01266222668020126,0.01387352058823595,2513116.0,5736634.05,0.1348684894846932,0.5040005994455931,306474302000.0,103000.0
2021-09-09,105000.0,106000.0,103000.0,103000.0,3233011,-0.028301886792452824,-0.028710105882431367,105857.14285714286,105000.0,104190.47619047618,0.016188100941126445,3000.0,2000.0,38.93667167619723,-2126.521384738953,-2687.3916375998633,560.8702528609101,108188.6385044362,100061.3614955638,0.07805308051738191,0.36157725413175174,104500.0,105300.0,105450.0,104125.0,0.9781576448243114,0.9891956782713085,1175.0,-0.028301886792452824,0.028301886792452824,0.02912621359223301,-0.01904761904761905,0.016599410620874375,0.016879318299633805,2614805.2,5212521.25,0.11819869973959518,0.6202393899113601,333000133000.0,105000.0
2021-09-10,103500.0,105500.0,103000.0,105000.0,1999369,0.01941747572815533,0.019231361927887592,105428.57142857143,105142.85714285714,104166.66666666667,0.01728537536792057,2500.0,-1500.0,44.236967885463464,-1996.3842631382286,-2549.1901627075367,552.8058995693082,108050.6400584365,100649.3599415635,0.07092745679801636,0.58782264550671,104666.66666666667,104900.0,105600.0,104350.0,1.0009532888465205,1.0062290368950646,550.0,0.01941747572815533,0.01941747572815533,0.023809523809523808,0.014492753623188406,0.020041658703775334,0.01795062505530205,2511981.8,4354957.35,-0.3815768025534092,0.4591018554980797,209933745000.0,106500.0
2021-09-13,105000.0,107000.0,104000.0,106500.0,1923344,0.014285714285714235,0.014184634991956381,105428.57142857143,105250.0,104452.38095238095,0.017849674609307503,3000.0,-1500.0,47.890260961165346,-1752.0160423611524,-2389.7553386382597,637.7392962771073,108162.96742085932,101037.03257914068,0.06812557210056062,0.7666316830286587,104833.33333333333,105000.0,105900.0,104600.0,1.0142857142857142,1.0181644359464628,400.0,0.014285714285714235,0.014285714285714235,0.028169014084507043,0.014285714285714285,0.02110760118047162,0.018373941137245584,2518931.6,3869976.7,-0.03802449672871788,0.4969911059154439,204836136000.0,107500.0
2021-09-14,107500.0,108500.0,106500.0,107500.0,2463248,0.009389671361502261,0.009345862418237599,105500.0,105535.71428571429,104738.09523809524,0.018138205958928635,2000.0,0.0,50.23119290955552,-1460.8213845744176,-2203.9685478254914,743.1471632510738,108373.2057086698,101426.7942913302,0.06621936527492477,0.8742939834386845,106333.33333333333,105600.0,106000.0,104900.0,1.0179924242424243,1.0247855100095329,700.0,0.009389671361502261,0.009389671361502261,0.018604651162790697,0.0,0.019406411762727588,0.016214275416404775,2502047.8,3600553.25,0.28071109484314816,0.6841304180128429,264799160000.0,107500.0
2021-09-15,107500.0,107500.0,105500.0,107500.0,2933797,0.0,0.0,105714.28571428571,105785.71428571429,105023.80952380953,0.017610117270178343,2000.0,0.0,50.23119290955552,-1216.0298847748636,-2006.380815215366,790.3509304405025,108706.36917777067,101443.63082222933,0.06911956560115479,0.8338960983152819,107166.66666666667,105900.0,105950.0,105075.0,1.0151085930122756,1.0230787532714727,825.0,0.0,0.0,0.018604651162790697,0.0,0.018884703696205304,0.015554922458436106,2510553.8,3344863.15,0.1910278623995636,0.877105241211438,315383177500.0,104000.0
2021-09-16,107000.0,107500.0,104000.0,104000.0,3602821,-0.032558139534883734,-0.03309994842634484,105642.85714285714,105821.42857142857,105023.80952380953,0.02151784155630491,3500.0,3000.0,42.48417604438816,-1289.5860614586854,-1863.02186446403,573.4358030053445,108615.6206249082,101684.3793750918,0.06591765335060774,0.3340845515901699,106333.33333333333,106100.0,105700.0,105150.0,0.9802073515551367,0.9890632429862102,950.0,-0.032558139534883734,0.032558139534883734,0.03365384615384615,-0.028037383177570093,0.02065866828782318,0.01824718651271219,2584515.8,3216952.3,0.22804031771796063,1.1199485301662695,374693384000.0,107000.0
2021-09-17,104500.0,107500.0,104000.0,107000.0,3386517,0.028846153846153744,0.02843793532053341,105785.71428571429,106071.42857142857,105238.09523809524,0.023714945741058025,3500.0,-2500.0,49.65191037089219,-1093.203167846761,-1709.0581251405763,615.8549572938152,108697.57034300407,102052.42965699593,0.06306183331917578,0.7445395931829648,106166.66666666667,106500.0,105700.0,105375.0,1.0046948356807512,1.0154211150652432,1125.0,0.028846153846153744,0.028846153846153744,0.03271028037383177,0.023923444976076555,0.022938358349272214,0.02069802228976713,2861945.4,3150321.2,-0.06003739847191969,1.0749751485658032,362357319000.0,105500.0
2021-09-23,105500.0,107000.0,105000.0,105500.0,2493313,-0.014018691588784993,-0.014117881545784932,106142.85714285714,106000.0,105380.95238095238,0.021133975553704328,2000.0,0.0,46.52958322970773,-1046.5418903121026,-1576.5548781748817,530.012987862779,108628.81346267402,102371.18653732598,0.05931399929239851,0.5,105500.0,106300.0,105650.0,105500.0,0.9924741298212606,1.0,800.0,-0.014018691588784993,0.014018691588784993,0.018957345971563982,0.0,0.023253538482826783,0.020988036347877704,2975939.2,3049201.9,-0.2637529945959226,0.8176936397684916,263044521500.0,104000.0
2021-09-24,106000.0,106500.0,104000.0,104000.0,2236954,-0.014218009478673022,-0.014320053774748558,106000.0,105714.28571428571,105428.57142857143,0.020753185412776504,2500.0,2000.0,43.57838579845277,-1117.715625687386,-1484.7870276773824,367.0714019899965,108643.74388453421,102256.25611546579,0.06057361563839187,0.2729936944816297,105500.0,105600.0,105600.0,105450.0,0.9848484848484849,0.9862494073020389,150.0,-0.014218009478673022,0.014218009478673022,0.02403846153846154,-0.018867924528301886,0.022840013309962364,0.02099297360249914,2930680.4,2938312.45,-0.10281861924275049,0.7613056943620818,232643216000.0,104500.0
2021-09-27,104000.0,105500.0,103500.0,104500.0,1839358,0.004807692307692291,0.0047961722634930135,105714.28571428571,105571.42857142857,105404.76190476191,0.019864987918159452,2000.0,-500.0,44.834417889495484,-1120.8549838795589,-1412.0006189178177,291.1456350382589,108594.98745852397,102405.01254147603,0.058672748028890505,0.3384484568352809,104666.66666666667,105000.0,105450.0,105500.0,0.9952380952380953,0.990521327014218,-500.0,0.004807692307692291,0.004807692307692291,0.019138755980861243,0.004807692307692308,0.02327335245769733,0.02046393270539892,2711792.6,2870552.6,-0.1777399088224434,0.6407679134672536,192212911000.0,103500.0
2021-09-28,105000.0,105500.0,103000.0,103500.0,2951945,-0.009569377990430672,-0.00961545869944198,105142.85714285714,105321.42857142857,105404.76190476191,0.019229975807966395,2500.0,1500.0,42.783058579107596,-1190.313398601298,-1367.663174854514,177.34977625321585,108628.52768215294,102321.47231784706,0.059796685132077566,0.1868586232527297,104000.0,104900.0,105500.0,105475.0,0.9866539561487131,0.9812751836928182,-575.0,-0.009569377990430672,0.009569377990430672,0.024154589371980676,-0.014285714285714285,0.018316760029713067,0.018471322390296478,2581617.4,2833412.8,0.6048778976142763,1.041833720804819,305526307500.0,100000.0
2021-09-29,101000.0,102000.0,99700.0,100000.0,6353977,-0.033816425120772986,-0.034401426717332435,104071.42857142857,104892.85714285714,105214.28571428571,0.021834365728785797,2300.0,1000.0,36.490061570751685,-1510.3698386413744,-1396.2045076118861,-114.16533102948824,109212.1941615792,101387.8058384208,0.07430568208127639,-0.1773692435884361,102666.66666666667,103500.0,105000.0,105300.0,0.966183574879227,0.949667616334283,-1800.0,-0.033816425120772986,0.033816425120772986,0.023,-0.009900990099009901,0.013820900827411078,0.02006043130863128,3175109.4,2975722.55,1.1524713366949588,2.1352719862945557,635397700000.0,103000.0
2021-09-30,99900.0,103500.0,99600.0,103000.0,3910557,0.030000000000000027,0.02955880224154443,103928.57142857143,104785.71428571429,105190.47619047618,0.023707944781703447,3900.0,-3100.0,44.08234696362891,-1504.5978775486728,-1417.8831815992435,-86.71469594942937,109241.63718107864,101308.36281892136,0.07535762870726453,0.21323316248180713,102166.66666666667,103000.0,104650.0,105275.0,1.0,0.9783899311327475,-2275.0,0.030000000000000027,0.030000000000000027,0.037864077669902914,0.031031031031031032,0.023751087774824663,0.022211758455008657,3458558.2,3080462.5,-0.3845497080017759,1.2694707369429103,402787371000.0,100000.0
2021-10-01,102000.0,102500.0,100000.0,100000.0,2681124,-0.029126213592232997,-0.02955880224154439,102928.57142857143,104357.14285714286,105023.80952380953,0.021590068982564145,2500.0,2000.0,39.05445335005456,-1722.2455105666304,-1478.755647392721,-243.4898631739095,109514.1624584767,100385.8375415233,0.08697784580231915,-0.04226816475459953,101000.0,102200.0,103900.0,104950.0,0.9784735812133072,0.9528346831824679,-2750.0,-0.029126213592232997,0.029126213592232997,0.025,-0.0196078431372549,0.02608759576403364,0.02312340848445652,3547392.2,2965554.9,-0.3143882060790828,0.9040884726160355,268112400000.0,97900.0
2021-10-05,98900.0,99500.0,97200.0,97900.0,3244145,-0.02100000000000002,-0.021223636451626688,101842.85714285714,103992.85714285714,104614.28571428571,0.021997499402819656,2300.0,1000.0,35.96236208408487,-2040.661798423258,-1591.1368775988285,-449.5249208244295,109761.30065285802,99128.69934714198,0.10180096036876854,-0.11555961817936711,100300.0,100880.0,102940.0,104445.0,0.9704599524187153,0.9373354397051079,-3565.0,-0.02100000000000002,0.02100000000000002,0.02349336057201226,-0.010111223458038422,0.02558175457306165,0.023372789337207215,3828349.6,2890953.0,0.20999439041237933,1.1221714777099454,317601795500.0,96500.0
2021-10-06,98400.0,98700.0,95800.0,96500.0,2816951,-0.01430030643513791,-0.01440354119152447,100771.42857142857,103385.71428571429,104066.66666666667,0.021999824039495033,2900.0,1900.0,34.028110338710874,-2378.5587555938546,-1748.6212531978338,-629.9375023960208,110238.6810415393,97651.3189584607,0.12109636907093746,-0.0914662620223216,98133.33333333333,99480.0,102190.0,103945.0,0.9700442299959791,0.9283755832411371,-4465.0,-0.01430030643513791,0.01430030643513791,0.03005181347150259,-0.019308943089430895,0.025524330440824288,0.02200692443893652,3801350.8,2895572.3,-0.13168153704597052,0.9728477510300814,271835771500.0,95700.0
2021-10-07,96300.0,96800.0,95000.0,95700.0,3834957,-0.00829015544041456,-0.008324709886031716,99514.28571428571,102614.28571428571,103552.38095238095,0.02099629176640655,1800.0,600.0,32.93790720896365,-2680.0044199800177,-1934.8978865542708,-745.1065334257469,110494.28511036623,96265.71488963377,0.13763368369832124,-0.039759081963799264,96700.0,98620.0,101060.0,103380.0,0.9703914013384709,0.9257109692396982,-4760.0,-0.00829015544041456,0.00829015544041456,0.018808777429467086,-0.006230529595015576,0.022899884753975516,0.018011601519010566,3297546.8,2961645.85,0.3613857678035579,1.2948735919927765,367005384900.0,94000.0
2021-10-08,96200.0,96300.0,93500.0,94000.0,4098832,-0.017763845350052265,-0.0179235161889047,98157.14285714286,101650.0,102933.33333333333,0.02103642187030149,2800.0,2200.0,30.687917036260103,-3021.2509727614233,-2152.1685037957013,-869.082468965722,110914.81148489234,94645.18851510766,0.15829561169278739,-0.039656021304604036,95400.0,96820.0,99910.0,102780.0,0.970873786407767,0.9145748200038918,-5960.0,-0.017763845350052265,0.017763845350052265,0.029787234042553193,-0.02286902286902287,0.007758399185924243,0.018121029898525744,3335201.8,3072157.7,0.06880781192592256,1.3341867183445693,385290208000.0,91500.0
2021-10-12,92400.0,92900.0,90800.0,91500.0,4728215,-0.02659574468085102,-0.02695580998852822,96942.85714285714,100507.14285714286,102242.85714285714,0.019980139048189967,2100.0,900.0,27.692093804735734,-3453.6093719746423,-2412.4566774314894,-1041.1526945431528,111646.32392537325,92613.67607462675,0.1863570728556398,-0.0585139851984953,93733.33333333333,95120.0,98660.0,102130.0,0.9619428090832632,0.8959169685694702,-7010.0,-0.02659574468085102,0.02659574468085102,0.022950819672131147,-0.00974025974025974,0.006893311106518733,0.01875214025219991,3744620.0,3181185.1,0.15355179231546945,1.4863061567841493,432631672500.0,92000.0
2021-10-13,90900.0,93500.0,90500.0,92000.0,3045438,0.005464480874316946,0.005449604767564685,95371.42857142857,99650.0,101647.61904761905,0.011946234746816782,3000.0,-1100.0,29.18115414452332,-3713.1082958941115,-2672.587001124014,-1040.5212947700975,111771.55643381033,91088.44356618967,0.20391514214355375,0.04407249719346487,92500.0,93940.0,97410.0,101430.0,0.9793485203321269,0.9070294784580499,-7490.0,0.005464480874316946,0.005464480874316946,0.03260869565217391,0.0121012101210121,0.011936066566407133,0.01882077474099689,3704878.6,3188893.65,-0.35590111701773286,0.9550139748310515,280180296000.0,93800.0
2021-10-14,92400.0,94500.0,92100.0,93800.0,2414639,0.019565217391304346,0.01937627896313868,94485.71428571429,98707.14285714286,101066.66666666667,0.016304251579710913,2400.0,-1400.0,34.41720232305188,-3730.5150505786733,-2884.172611014946,-846.3424395637271,111823.29928008794,90116.70071991206,0.21498067307295124,0.1696856957978449,92433.33333333333,93400.0,96440.0,100970.0,1.0042826552462527,0.9289888085569972,-7570.0,0.019565217391304346,0.019565217391304346,0.0255863539445629,0.015151515151515152,0.01838273235431567,0.02140271830288911,3624416.2,3147975.05,-0.20712915514943997,0.7670451517714539,226493138200.0,98400.0
2021-10-15,96000.0,98500.0,95700.0,98400.0,4229748,0.049040511727078906,0.047875948046028766,94557.14285714286,98200.0,100847.61904761905,0.025878460641755342,2800.0,-2400.0,45.50576720294009,-3334.688262361975,-2974.275741284352,-360.41252107762284,111378.10725260372,89901.89274739628,0.2133964080406144,0.3956985645930824,94733.33333333333,93940.0,96280.0,100640.0,1.0474771130508835,0.9777424483306836,-6700.0,0.049040511727078906,0.049040511727078906,0.028455284552845527,0.025,0.03026538337067309,0.026428444107735097,3703374.4,3259494.0,0.7517102970671807,1.2976701291672879,416207203200.0,97100.0
2021-10-18,98300.0,98300.0,96700.0,97100.0,2111399,-0.013211382113821113,-0.013299428760928487,94642.85714285714,97707.14285714286,100471.42857142857,0.02577401782327224,1600.0,1200.0,43.27871711130616,-3090.2691176068765,-2997.474416548857,-92.79470105801965,110647.86639590932,89692.13360409068,0.20920168505359538,0.35350070882758333,96433.33333333333,94560.0,95690.0,100170.0,1.0268612521150593,0.9693521014275731,-5610.0,-0.013211382113821113,0.013211382113821113,0.016477857878475798,-0.012207527975584944,0.029430904469995252,0.024178917027690004,3305887.8,3268896.75,-0.50082156194648,0.6459056866815999,205016842900.0,97700.0
2021-10-19,98600.0,98600.0,97100.0,97700.0,1400175,0.006179196704428458,0.006160183751457863,94928.57142857143,97221.42857142857,100052.38095238095,0.025491245812037364,1500.0,900.0,44.62570695411633,-2815.6926467291632,-2961.1180625849183,145.4254158557551,109617.1922329038,89742.8077670962,0.19938186663129628,0.40037427305452195,97733.33333333333,95800.0,95460.0,99680.0,1.0198329853862214,0.9801364365971108,-3880.0,0.006179196704428458,0.006179196704428458,0.015353121801432957,-0.009127789046653144,0.023084268531358754,0.02290981146427154,2640279.8,3215743.1,-0.3368496432933804,0.4354125800658641,136797097500.0,97900.0
2021-10-20,98200.0,98600.0,97200.0,97900.0,2010529,0.0020470829068577334,0.0020449904877276478,95485.71428571429,96821.42857142857,99595.23809523809,0.023828499198126556,1400.0,300.0,45.093768904817395,-2552.5265496400098,-2879.399759995937,326.8732103559273,108450.4338447334,89949.5661552666,0.18650068235349598,0.4297330254007418,97566.66666666667,96980.0,95460.0,99200.0,1.0094864920602187,0.9868951612903226,-2220.0,0.0020470829068577334,0.0020470829068577334,0.014300306435137897,-0.003054989816700611,0.02342630110325297,0.021934754621694707,2433298.0,3169579.7,0.435912653775421,0.6343203800806775,196830789100.0,96300.0
2021-10-21,97300.0,98300.0,96100.0,96300.0,2152221,-0.01634320735444328,-0.016478230732384795,96171.42857142857,96557.14285714286,99061.90476190476,0.021657650461242718,2200.0,1000.0,42.03280514099964,-2444.8889915258333,-2792.4976063019167,347.6086147760834,107863.00646842337,89766.99353157663,0.18313022250515337,0.3610191090834706,97300.0,97480.0,95440.0,98815.0,0.987894952810833,0.9745483985224915,-1335.0,-0.01634320735444328,0.01634320735444328,0.02284527518172378,-0.010277492291880781,0.02615049057036603,0.02209388503209638,2380814.4,3097049.7,0.0704749844443926,0.6949262067056915,207258882300.0,98500.0
2021-10-22,95500.0,99200.0,95500.0,98500.0,1962833,0.022845275181723856,0.0225882293739634,97100.0,96235.71428571429,98800.0,0.022370082156921958,3700.0,-3000.0,47.32719016691467,-2157.1970130429254,-2665.437487650119,508.2404746071934,106576.74152774502,90203.25847225498,0.16641409752505376,0.5067181796095069,97566.66666666667,97500.0,95720.0,98390.0,1.0102564102564102,1.0011179997967272,-890.0,0.022845275181723856,0.022845275181723856,0.03756345177664975,0.031413612565445025,0.015854497987138238,0.022970808441660797,1927431.4,3025865.5,-0.08799653938884533,0.648684814311806,193339050500.0,100000.0
2021-10-25,99500.0,101500.0,98300.0,100000.0,2950459,0.015228426395939021,0.015113637810048106,97985.71428571429,96235.71428571429,98466.66666666667,0.022121079596829383,3200.0,-500.0,50.63760715886163,-1787.5557533991232,-2489.86114079992,702.3053874007969,105638.79383583908,90591.20616416092,0.1533668416824967,0.6252692485419344,98266.66666666667,98080.0,96320.0,98115.0,1.0195758564437194,1.0192121490088162,-35.0,0.015228426395939021,0.015228426395939021,0.032,0.005025125628140704,0.014864415190991973,0.02198577908457635,2095243.4,3048722.8,0.5031635396388792,0.9677688637353321,295045900000.0,102000.0
2021-10-26,101500.0,103500.0,101000.0,102000.0,3458645,0.020000000000000018,0.01980262729617973,98500.0,96528.57142857143,98300.0,0.015475177766661097,2500.0,-500.0,54.72354755632825,-1318.0356126138358,-2255.4960351627033,937.4604225488674,105257.35349941757,90772.64650058243,0.14778051317487265,0.7751177500739554,100166.66666666667,98940.0,97370.0,98015.0,1.0309278350515463,1.0406570422894454,925.0,0.020000000000000018,0.020000000000000018,0.024509803921568627,0.0049261083743842365,0.016138519850090998,0.01893687158221317,2506937.4,3109807.35,0.17223964135749736,1.112173395564198,352781790000.0,101500.0
2021-10-27,103000.0,104000.0,101500.0,101500.0,2859255,-0.004901960784313708,-0.00491401480242904,99128.57142857143,96885.71428571429,98180.95238095238,0.014071409524527652,2500.0,1500.0,53.530596575129756,-975.0436434787698,-1999.4055568259166,1024.3619133471468,104651.75955542536,91078.24044457464,0.1386963583594822,0.767800853287499,101166.66666666667,99660.0,98320.0,97865.0,1.0184627734296607,1.037143003116538,1795.0,-0.004901960784313708,0.004901960784313708,0.024630541871921183,-0.014563106796116505,0.01712945591469835,0.01955226897584938,2676682.6,3160802.2,-0.17330197230418276,0.9045978897382443,290214382500.0,106500.0
2021-10-28,102000.0,107500.0,101500.0,106500.0,6329703,0.049261083743842304,0.048086186667637726,100385.71428571429,97657.14285714286,98276.19047619047,0.02113597227877281,6000.0,-4500.0,62.36578638696447,-296.34573440166423,-1658.7935923410662,1362.447857939402,105429.71509904458,90600.28490095542,0.15129755851746327,1.0721730293516827,103333.33333333333,101700.0,99590.0,98015.0,1.047197640117994,1.0865683823904504,3685.0,0.049261083743842304,0.049261083743842304,0.056338028169014086,0.04411764705882353,0.01940359793466539,0.023093308854633853,3512179.0,3329690.1,1.2137595282687275,1.900988623535866,674113369500.0,103000.0
2021-10-29,107000.0,108500.0,103000.0,103000.0,4007223,-0.032863849765258246,-0.033415996919844065,101114.28571428571,98300.0,98252.38095238095,0.027346468445031233,5500.0,4000.0,54.547582085408266,-40.42747817999043,-1335.1203695088511,1294.6928913288607,105864.69924224656,90465.30075775344,0.15687259699987888,0.8139733025850814,103666.66666666667,102600.0,100050.0,98165.0,1.003898635477583,1.0492538073651505,4435.0,-0.032863849765258246,0.032863849765258246,0.05339805825242718,-0.037383177570093455,0.030520486408147092,0.023418477202488047,3921057.0,3212352.4,-0.3669176895029672,1.2474419058133224,412743969000.0,106500.0
2021-11-01,103500.0,107000.0,102500.0,106500.0,3118661,0.03398058252427183,0.03341599691984402,102571.42857142857,99371.42857142857,98561.90476190476,0.02662239229222972,4500.0,-3000.0,59.95394324154843,439.7412693233782,-980.1480417424053,1419.8893110657837,106638.23062941415,90041.76937058585,0.16876613035212823,0.9916710781136783,105333.33333333333,103900.0,100990.0,98340.0,1.02502406159769,1.0829774252593045,5560.0,0.03398058252427183,0.03398058252427183,0.04225352112676056,0.028985507246376812,0.03251145438463203,0.024124543837910288,3954697.4,3172757.6,-0.22174009282737694,0.9829496586817725,332137396500.0,107500.0
2021-11-02,107000.0,108500.0,106500.0,107500.0,2892292,0.009389671361502261,0.009345862418237599,103857.14285714286,100478.57142857143,98776.19047619047,0.026411770509370915,2000.0,-500.0,61.36782741926814,890.7026382297336,-605.9779057479776,1496.6805439777113,107953.65449305822,89476.34550694178,0.1871783314199102,0.9754480214949544,105666.66666666667,105000.0,101970.0,98715.0,1.0238095238095237,1.088993567340323,6285.0,0.009389671361502261,0.009389671361502261,0.018604651162790697,0.004672897196261682,0.03229364069423694,0.024096146470085508,3841426.8,3183316.0,-0.07258531786558398,0.9085783503742638,310921390000.0,105500.0
2021-11-03,108500.0,109000.0,104500.0,105500.0,3116506,-0.018604651162790753,-0.01877989465159636,104642.85714285714,101314.28571428571,99038.09523809524,0.028845403964141786,4500.0,3000.0,57.03092945519096,1074.3253330910811,-269.91725798016586,1344.242591071247,108805.65069097353,89384.34930902647,0.19598669339469263,0.8297925238909954,106500.0,105800.0,102730.0,99095.0,0.997164461247637,1.0646349462636864,6705.0,-0.018604651162790753,0.018604651162790753,0.04265402843601896,-0.027649769585253458,0.034484743473753444,0.025673898955108243,3892877.0,3176934.05,0.07752121846618532,0.9809791298626424,328791383000.0,106000.0
2021-11-04,107000.0,108000.0,105500.0,106000.0,2059242,0.004739336492890933,0.004728141195945896,105214.28571428571,101857.14285714286,99423.80952380953,0.028345170797127835,2500.0,1000.0,57.83322346652164,1245.832283958618,33.23265040759091,1212.5996335510272,109667.85803238017,89472.14196761983,0.2028293267526398,0.8183843533639173,106333.33333333333,105700.0,103700.0,99570.0,1.0028382213812677,1.0645776840413779,6130.0,0.004739336492890933,0.004739336492890933,0.02358490566037736,-0.009345794392523364,0.025928827767687235,0.024299986305732255,3038784.8,3139048.6,-0.3392465793423789,0.6560083204828367,218279652000.0,107000.0
2021-11-05,108000.0,108500.0,105500.0,107000.0,2523345,0.009433962264151052,0.009389740349839137,106000.0,102564.28571428571,99923.80952380953,0.027982971673973348,3000.0,1000.0,59.463417870160676,1445.7783875276655,315.7417978316058,1130.0365896960598,110579.6964633026,89690.3035366974,0.20861230265746428,0.8286356872179175,106166.66666666667,106500.0,104550.0,100135.0,1.0046948356807512,1.068557447445948,6365.0,0.009433962264151052,0.009433962264151052,0.028037383177570093,-0.009259259259259259,0.01868951782788313,0.023872934412277766,2742009.2,3073468.0,0.2253756479325888,0.8210090360465767,269997915000.0,107500.0
2021-11-08,107000.0,108000.0,104000.0,107500.0,2212348,0.004672897196261738,0.004662013105811371,106142.85714285714,103264.28571428571,100485.71428571429,0.021575705161136462,4000.0,-500.0,60.29007002930081,1625.841250580008,577.7616883812863,1048.0795621987218,111329.93596138201,90290.06403861799,0.20870818294577945,0.8179677150392619,106833.33333333333,106700.0,105300.0,100810.0,1.007497656982193,1.0663624640412657,5890.0,0.004672897196261738,0.004672897196261738,0.037209302325581395,0.004672897196261682,0.011715842168340736,0.02377880679302814,2560746.6,2979143.8,-0.12324791100701649,0.7426120216150695,237827410000.0,109000.0
2021-11-09,108000.0,110000.0,107500.0,109000.0,3440686,0.013953488372093092,0.01385703466142628,107000.0,104057.14285714286,101200.0,0.015400085139878979,2500.0,-1000.0,62.744613286514515,1868.0461575232475,835.8185822096785,1032.227575313569,111849.59800639348,91520.40199360652,0.19992325330960287,0.8598273141445879,107833.33333333333,107000.0,106000.0,101685.0,1.0186915887850467,1.0719378472734424,5315.0,0.013953488372093092,0.013953488372093092,0.022935779816513763,0.009259259259259259,0.012587990426820279,0.02350119580088927,2670425.4,2914767.35,0.5552191608191839,1.1804324623026945,375034774000.0,108500.0
2021-11-10,108500.0,109500.0,107500.0,108500.0,2361295,-0.004587155963302725,-0.0045977092486294314,107285.71428571429,104928.57142857143,102009.52380952382,0.01107544134567955,2000.0,0.0,61.382603271958025,1996.6335215668223,1067.9815700811073,928.651951485715,112022.29675071608,92997.70324928392,0.18558768414234864,0.8148556104260034,108333.33333333333,107600.0,106700.0,102510.0,1.008364312267658,1.0584333235781875,5090.0,-0.004587155963302725,0.004587155963302725,0.018433179723502304,0.0,0.0068892925773716565,0.023483825609407517,2519383.2,2880560.2,-0.31371389310155007,0.8197346474480901,256200507500.0,107500.0
2021-11-11,107500.0,108000.0,105500.0,107500.0,2731498,-0.009216589861751112,-0.009259325412796712,107285.71428571429,105571.42857142857,102747.61904761905,0.01142973315066874,2500.0,0.0,58.640907781928426,1994.8528692184627,1253.3558299085785,741.4970393098843,112014.23137837207,94375.76862162793,0.17092361797319783,0.7440688885063956,108333.33333333333,107900.0,106800.0,103195.0,0.9962928637627433,1.0417171374582102,4705.0,-0.009216589861751112,0.009216589861751112,0.023255813953488372,0.0,0.009629029524178618,0.0185326136077264,2653834.4,2896403.15,0.15677964845561432,0.9430655397540222,293636035000.0,106500.0
2021-11-12,109000.0,109500.0,105500.0,106500.0,1786165,-0.009302325581395321,-0.009345862418237658,107428.57142857143,106035.71428571429,103352.38095238095,0.0091813132424348,4000.0,2500.0,55.94964601900731,1890.952325421662,1380.8751290111952,510.07719641046674,112234.08179374345,94965.91820625655,0.16668111570933297,0.6679391085975952,107500.0,107800.0,107150.0,103600.0,0.9879406307977736,1.027992277992278,4200.0,-0.009302325581395321,0.009302325581395321,0.03755868544600939,-0.022935779816513763,0.01006284103333947,0.014872617484918027,2506398.4,2774224.0,-0.3460859206193817,0.6438431071175219,190226572500.0,111000.0
2021-11-15,108500.0,111500.0,108000.0,111000.0,4701568,0.04225352112676051,0.04138521616285428,108142.85714285714,106678.57142857143,103952.38095238095,0.017820353481686597,3500.0,-2500.0,63.96430964724928,2146.973810191441,1534.0948652472446,612.8789449441963,112963.7521107651,95626.2478892349,0.16623523871259596,0.8867338640168027,108333.33333333333,108500.0,107600.0,104295.0,1.023041474654378,1.0642887962030778,4205.0,0.04225352112676051,0.04225352112676051,0.03153153153153153,0.02304147465437788,0.02209890412765967,0.016857483897610503,3004242.4,2903732.45,1.632213709259783,1.619146419636561,521874048000.0,112000.0
2021-11-16,111000.0,113000.0,109000.0,112000.0,3767311,0.009009009009008917,0.008968669982760316,108857.14285714286,107428.57142857143,104661.90476190476,0.017810013599545975,4000.0,-1000.0,65.46790506343174,2402.8655853222735,1707.8490092622503,695.0165760600232,113747.0716520257,96272.9283479743,0.16640456436578796,0.900019610596839,109833.33333333333,109100.0,108050.0,105010.0,1.0265811182401468,1.0665650890391392,4090.0,0.009009009009008917,0.009009009009008917,0.03571428571428571,0.009009009009009009,0.021797281063429083,0.016845071812652775,3069567.4,3022089.25,-0.19871179147042006,1.2465915756789776,421938832000.0,110500.0
2021-11-17,113000.0,113000.0,110000.0,110500.0,3062491,-0.013392857142857095,-0.013483350337286988,109285.71428571429,107714.28571428571,105271.42857142857,0.019377739901766153,3000.0,2500.0,61.33386731086988,2456.3093910763855,1857.5410856250776,598.7683054513079,114028.56364343739,97251.43635656261,0.15881415455201417,0.7896801053540385,111166.66666666667,109500.0,108550.0,105640.0,1.0091324200913243,1.04600530102234,3860.0,-0.013392857142857095,0.013392857142857095,0.027149321266968326,-0.022123893805309734,0.023143462034314517,0.016125142021061273,3209806.6,3074687.35,-0.18708835028485837,0.996033304004064,338405255500.0,110000.0
2021-11-18,110000.0,111000.0,109000.0,110000.0,1928891,-0.004524886877828038,-0.004535155165391262,109428.57142857143,108214.28571428571,105847.61904761905,0.019051885735926845,2000.0,0.0,59.974379902886646,2430.30314896263,1972.0934982925883,458.2096506700418,113675.43858340579,98974.56141659421,0.13826359902949995,0.7499850830871923,110833.33333333333,110000.0,108950.0,106325.0,1.0,1.0345638372913237,3675.0,-0.004524886877828038,0.004524886877828038,0.01818181818181818,0.0,0.022568178892854885,0.01639017298796639,3049285.2,3063520.85,-0.370156189846762,0.6296320783976385,212178010000.0,111500.0
2021-11-19,110000.0,112500.0,110000.0,111500.0,2324668,0.013636363636363669,0.013544225107757253,109857.14285714286,108571.42857142857,106571.42857142857,0.01934682255885596,2500.0,-1500.0,62.649120162517804,2501.890245324088,2078.0528476988884,423.8373976251996,113683.0077833178,100266.9922166822,0.1254126250678718,0.8372834488395545,110666.66666666667,111000.0,109400.0,106975.0,1.0045045045045045,1.0422996027109137,4025.0,0.013636363636363669,0.013636363636363669,0.02242152466367713,0.013636363636363636,0.02127716053347853,0.016602326075570443,3156985.8,3081612.6,0.20518370400401054,0.7543673724594714,259200482000.0,119500.0
2021-11-22,116500.0,121000.0,116000.0,119500.0,9786492,0.0717488789237668,0.0692917804713919,111571.42857142857,109428.57142857143,107571.42857142857,0.03018780238230415,5000.0,-3000.0,73.00884854851637,3167.6420701619936,2295.9706921915094,871.6713779704842,115936.17226012691,99963.82773987309,0.14796057915936847,1.2231248978729423,113666.66666666667,112700.0,110600.0,107950.0,1.0603371783496007,1.1069939786938396,4750.0,0.0717488789237668,0.0717488789237668,0.04184100418410042,0.02575107296137339,0.03333589006502322,0.027052862906306836,4173970.6,3423414.25,3.209845018729556,2.85869348122273,1169485794000.0,119000.0
2021-11-23,119500.0,121000.0,117500.0,119000.0,4847270,-0.004184100418409997,-0.004192878260035927,113357.14285714286,110392.85714285714,108476.19047619047,0.02954786318012735,3500.0,500.0,71.6708525823829,3613.257977711197,2559.428149295447,1053.82982841575,117687.60224606222,99912.39775393778,0.16337504128790845,1.0738330607965303,116666.66666666667,114100.0,111600.0,108800.0,1.0429447852760736,1.09375,5300.0,-0.004184100418409997,0.004184100418409997,0.029411764705882353,-0.0041841004184100415,0.034461007909334485,0.027435014729041005,4389962.4,3492845.5,-0.5046979040089135,1.387771088071316,576825130000.0,119500.0
2021-11-24,120500.0,122500.0,118000.0,119500.0,4001111,0.004201680672268893,0.004192878260035958,114571.42857142857,111357.14285714286,109309.52380952382,0.027462069206261194,4500.0,1000.0,72.21914172669841,3961.096560802893,2839.761831596936,1121.3347292059566,119105.48552147821,100294.51447852179,0.17147649082002214,1.0209725738039188,119333.33333333333,115900.0,112700.0,109700.0,1.0310612597066438,1.089334548769371,6200.0,0.004201680672268893,0.004201680672268893,0.03765690376569038,-0.008298755186721992,0.0319422891862102,0.02708480111217787,4577686.4,3549938.3,-0.17456403295050615,1.127093110322509,478132764500.0,117500.0
2021-11-25,120500.0,121000.0,117000.0,117500.0,3339835,-0.01673640167364021,-0.01687803778735175,115357.14285714286,112107.14285714286,110071.42857142857,0.029379359846359622,4000.0,3000.0,66.66143677064926,4028.9348061219935,3077.5964265019475,951.338379620046,120141.51683328484,100358.48316671516,0.1794379470890674,0.8664756438367386,118666.66666666667,117400.0,113700.0,110250.0,1.0008517887563884,1.0657596371882085,7150.0,-0.01673640167364021,0.01673640167364021,0.03404255319148936,-0.024896265560165973,0.0343005266700098,0.027773938822697103,4859875.2,3400444.9,-0.16527309539775326,0.9821758911605949,392430612500.0,115500.0
2021-11-26,116500.0,118500.0,113000.0,115500.0,4337936,-0.017021276595744705,-0.017167803622365446,116071.42857142857,112678.57142857143,110500.0,0.029833817662794325,5500.0,1000.0,61.55963170224913,3876.626482014486,3237.4024376044554,639.2240444100307,120410.94308531229,101339.05691468771,0.17201250210258923,0.742503544674236,117500.0,118200.0,114600.0,110875.0,0.9771573604060914,1.0417136414881623,7325.0,-0.017021276595744705,0.017021276595744705,0.047619047619047616,-0.008583690987124463,0.03695930179367756,0.028446598191543368,5262528.8,3416980.55,0.2988473981499087,1.2695231759513528,501031608000.0,116000.0
2021-11-29,113000.0,118500.0,113000.0,116000.0,4412863,0.0043290043290042934,0.00431966114451638,116928.57142857143,113178.57142857143,111119.04761904762,0.029482390047935944,5500.0,-3000.0,62.335706724309546,3753.0045587734057,3340.5228618382453,412.48169693516047,120914.7378702354,101785.2621297646,0.17179592043530137,0.7430803678619556,116333.33333333333,117500.0,115100.0,111350.0,0.9872340425531915,1.0417602155365964,6150.0,0.0043290043290042934,0.0043290043290042934,0.04741379310344827,0.02654867256637168,0.010615196734239041,0.02585660088098154,4187803.0,3481690.65,0.017272500101430666,1.2674483300232318,511892108000.0,114000.0
2021-11-30,118000.0,119000.0,112500.0,114000.0,7449608,-0.017241379310344862,-0.01739174271186922,117285.71428571429,113571.42857142857,111476.19047619047,0.03073273263446598,6500.0,4000.0,57.34823024259302,3453.8363333420857,3363.1855561390134,90.65077720307227,121130.01816079971,102219.98183920029,0.1693309722104268,0.6229505835133875,115166.66666666667,116500.0,115300.0,111675.0,0.9785407725321889,1.0208193418401612,4825.0,-0.017241379310344862,0.017241379310344862,0.05701754385964912,-0.03389830508474576,0.011648798473589421,0.02669033530581152,4708270.6,3709556.45,0.6881575521379204,2.0082206863303025,849255312000.0,116500.0
2021-12-01,114500.0,117500.0,112000.0,116500.0,4214135,0.021929824561403466,0.021692824611259754,116857.14285714286,114214.28571428571,111904.76190476191,0.014799352332939702,5500.0,-2000.0,61.495395455749204,3379.5155147467012,3366.4515478605513,13.063966886149956,121444.40173878176,103005.59826121824,0.1643021027183205,0.7318480158000411,115500.0,115900.0,115900.0,112225.0,1.005176876617774,1.038093116507017,3675.0,0.021929824561403466,0.021929824561403466,0.04721030042918455,0.017467248908296942,0.017637586705016816,0.0267521481646603,4750875.4,3764437.9,-0.43431453037528955,1.1194592956361427,490946727500.0,120000.0
2021-12-02,115500.0,120500.0,115000.0,120000.0,6980518,0.030042918454935563,0.029600469776290682,117000.0,115178.57142857143,112595.23809523809,0.019386750472083485,5500.0,-4500.0,66.41838168601072,3561.976235052338,3405.556485298909,156.41974975342873,122279.28412968875,103570.71587031125,0.16567251059887092,0.8781689705974011,116833.33333333333,116400.0,116900.0,112925.0,1.0309278350515463,1.062652202789462,3475.0,0.030042918454935563,0.030042918454935563,0.04583333333333333,0.03896103896103896,0.021749018025205517,0.027518871195980198,5479012.0,4010501.7,0.6564533409584647,1.7405597908112094,837662160000.0,118000.0
2021-12-03,119000.0,119500.0,115500.0,118000.0,4567843,-0.01666666666666672,-0.01680711831638129,116785.71428571429,115678.57142857143,113166.66666666667,0.02044172640938702,4000.0,1000.0,61.57377660806163,3504.793309536224,3425.4038501463724,79.38945938985171,122654.35326239213,104295.64673760787,0.16178635404083958,0.7464770594753637,118166.66666666667,116900.0,117550.0,113475.0,1.009409751924722,1.0398766248072262,3425.0,-0.01666666666666672,0.01666666666666672,0.03389830508474576,-0.008403361344537815,0.02166207399564123,0.028607156886926156,5524993.4,4112726.6,-0.34562979423590057,1.1106605043962805,539005474000.0,118500.0
2021-12-06,116000.0,119000.0,115500.0,118500.0,4318893,0.004237288135593209,0.004228336109521105,116928.57142857143,116142.85714285714,113714.28571428571,0.019376662383507937,3500.0,-2500.0,62.31385294927333,3459.9372475559503,3432.3105296282884,27.626717927661957,123013.15009361006,105036.84990638994,0.15765227088112369,0.7489388780446272,118833.33333333333,117400.0,117450.0,114025.0,1.0093696763202726,1.0392457794343346,3375.0,0.004237288135593209,0.004237288135593209,0.029535864978902954,0.021551724137931036,0.021662271320664724,0.01698093654804882,5506199.4,4218053.85,-0.05450055967335132,1.0239065582341962,511788820500.0,121500.0
2021-12-07,119000.0,122500.0,118000.0,121500.0,5112025,0.025316455696202445,0.025001302205417186,117785.71428571429,116928.57142857143,114380.95238095238,0.01926535561899052,4500.0,-2500.0,66.48473073437026,3624.6803642659215,3470.784496555815,153.89586771010636,123901.45792209044,105398.54207790956,0.16138609545731256,0.8702119199852658,119333.33333333333,118900.0,117700.0,114650.0,1.0218671152228764,1.059747056258177,4250.0,0.025316455696202445,0.025316455696202445,0.037037037037037035,0.02100840336134454,0.019227520753655237,0.018777949056608675,5038682.8,4301620.8,0.18364242874273562,1.1883950812214783,621111037500.0,120000.0
2021-12-08,124000.0,125000.0,119500.0,120000.0,6168137,-0.012345679012345734,-0.012422519998557209,118357.14285714286,117642.85714285714,114904.76190476191,0.020675240611299526,5500.0,4000.0,62.74549404103073,3592.7875883063098,3495.1851149059144,97.60247340039541,124294.75888961714,106155.24111038286,0.15742692800376892,0.7632374277041872,120000.0,119600.0,117750.0,115225.0,1.0033444816053512,1.0414406595790844,4375.0,-0.012345679012345734,0.012345679012345734,0.04583333333333333,-0.03225806451612903,0.021240103416845374,0.019307414704009776,5429483.2,4491962.9,0.20659366884942854,1.3731495867875487,740176440000.0,123500.0
2021-12-09,120500.0,123500.0,119000.0,123500.0,5631833,0.029166666666666563,0.028749413285985792,119714.28571428571,118500.0,115619.04761904762,0.019739027467063866,4500.0,-3000.0,67.35858007172887,3806.0592015766306,3557.359932240058,248.6992693365728,125048.2156714018,107001.7843285982,0.15553916261843234,0.9142093169562198,121666.66666666667,120300.0,118350.0,116025.0,1.0266001662510391,1.0644257703081232,4275.0,0.029166666666666563,0.029166666666666563,0.03643724696356275,0.024896265560165973,0.02099554553468775,0.020169317139077193,5159746.2,4636979.65,-0.08694748511584616,1.2145477067168065,695531375500.0,120500.0
2021-12-10,120500.0,121500.0,119500.0,120500.0,2512642,-0.02429149797570851,-0.024591403137322207,120285.71428571429,118571.42857142857,116238.09523809524,0.023181856611372904,2000.0,0.0,60.44916981959356,3690.4622125254537,3583.9803882971373,106.48182422831633,124754.38681541613,108695.61318458387,0.13757784220031924,0.7350739905039907,121333.33333333333,120800.0,118850.0,116725.0,0.9975165562913907,1.0323409723709573,4075.0,-0.02429149797570851,0.02429149797570851,0.016597510373443983,0.0,0.02320846186163003,0.021164756465330028,4748706.0,4673303.5,-0.5538500520168124,0.5376586391189873,302773361000.0,121500.0
2021-12-13,121000.0,124000.0,121000.0,121500.0,3329176,0.008298755186721962,0.008264509849893431,120500.0,118750.0,116952.38095238095,0.020644872612722607,3000.0,-500.0,61.85380240494761,3637.6103013027314,3594.7063708982564,42.90393040447498,125073.7156336225,109426.2843663775,0.13345357157565035,0.7716100762747293,121833.33333333333,121400.0,119400.0,117250.0,1.0008237232289952,1.0362473347547974,4150.0,0.008298755186721962,0.008298755186721962,0.024691358024691357,0.004132231404958678,0.023271604488091308,0.02119948359705236,4550762.6,4604683.9,0.32497029023633295,0.7229977284651395,404494884000.0,121000.0
2021-12-14,120500.0,123000.0,120000.0,121000.0,2201003,-0.004115226337448541,-0.004123717183862041,120928.57142857143,118857.14285714286,117428.57142857143,0.01925180547295009,3000.0,-500.0,60.69315176868863,3514.86182041539,3578.7374608016835,-63.875640386293526,125283.91649965134,110116.08350034866,0.1288685896287399,0.7175656865520416,121000.0,121300.0,120100.0,117700.0,0.9975267930750206,1.02803738317757,3600.0,-0.004115226337448541,0.004115226337448541,0.024793388429752067,0.004149377593360996,0.020474561562107585,0.020055532790319894,3968558.2,4526368.5,-0.3388745443316905,0.4862624419553998,266321363000.0,123500.0
2021-12-15,120000.0,123500.0,120000.0,123500.0,2681332,0.02066115702479343,0.02045061047129084,121642.85714285714,119285.71428571429,117976.19047619047,0.02029031707640707,3500.0,-3500.0,64.30022740125318,3578.0661522510345,3578.603199091554,-0.5370468405194515,125554.53073821566,111145.46926178434,0.12174956887563432,0.8574139792812859,122000.0,122000.0,120800.0,118350.0,1.0122950819672132,1.0435149978876215,3650.0,0.02066115702479343,0.02066115702479343,0.02834008097165992,0.029166666666666667,0.02107608361588906,0.01994839983677682,3271197.2,4507310.55,0.21823186974302167,0.5948851250109669,331144502000.0,124000.0
2021-12-16,125000.0,125500.0,122500.0,124000.0,3869086,0.004048582995951344,0.004040409537004906,122000.0,119892.85714285714,118619.04761904762,0.018467013007587654,3000.0,1000.0,64.99216504544968,3626.695572894343,3588.221673852112,38.473899042231096,125521.801180994,112578.198819006,0.10872408535899214,0.8824283118072956,122833.33333333333,122100.0,121200.0,119050.0,1.0155610155610155,1.0415791684166316,3050.0,0.004048582995951344,0.004048582995951344,0.024193548387096774,-0.008,0.016695212443743866,0.018077625221463056,2918647.8,4604320.3,0.4429716275343747,0.8403164306358096,479766664000.0,122000.0
2021-12-17,120500.0,123000.0,120500.0,122000.0,3850444,-0.016129032258064502,-0.01626052087178029,122285.71428571429,120321.42857142857,119190.47619047618,0.019045991872081464,2500.0,-1500.0,59.98396834814012,3463.921522710094,3563.361643623709,-99.44012091361492,125102.68153549879,114047.31846450121,0.09245547205517528,0.7193505527070111,123166.66666666667,122400.0,121600.0,119575.0,0.9967320261437909,1.0202801588960904,2825.0,-0.016129032258064502,0.016129032258064502,0.020491803278688523,0.012448132780082987,0.013753539486804387,0.018011892897967376,3186208.2,4680609.1,-0.0048181922035333,0.8226373785411818,469754168000.0,120500.0
2021-12-20,121500.0,123500.0,120500.0,120500.0,2846815,-0.012295081967213073,-0.012371291802546829,121857.14285714286,120785.71428571429,119619.04761904762,0.015575937837084244,3000.0,1000.0,56.46934286564203,3177.2589874066616,3486.1411123803,-308.8821249736384,125167.8949304967,114082.1050695033,0.09267117961123002,0.5789298742779517,122166.66666666667,122200.0,121800.0,119625.0,0.986088379705401,1.0073145245559039,2575.0,-0.012295081967213073,0.012295081967213073,0.024896265560165973,-0.00823045267489712,0.014656600176366637,0.018681420747384683,3089736.0,4333625.25,-0.26065279744361947,0.656913054491733,343041207500.0,124500.0
2021-12-21,124000.0,124500.0,122500.0,124500.0,3678590,0.03319502074688807,0.03265596297405272,122428.57142857143,121357.14285714286,119857.14285714286,0.017565972324897233,2000.0,-500.0,62.73909873449359,3235.546072426412,3436.0221043895226,-200.47603196311047,125843.59451758557,113956.40548241443,0.09914252739925895,0.8869712163565144,122333.33333333333,122900.0,122100.0,119900.0,1.013018714401953,1.0383653044203502,3000.0,0.03319502074688807,0.03319502074688807,0.01606425702811245,0.004032258064516129,0.02111087903378092,0.019907785421586305,3385253.4,4275191.25,0.2921773982503253,0.8604503950554259,457984455000.0,127000.0
2021-12-22,127500.0,128500.0,126000.0,127000.0,3817689,0.02008032128514059,0.019881370553828995,123214.28571428571,121857.14285714286,120238.09523809524,0.01848729198139096,2500.0,500.0,66.03207863243016,3443.770471545271,3437.5717778206727,6.198693724598343,127006.50487593499,113543.49512406501,0.11193522969752631,0.9995168334529294,124000.0,123600.0,122800.0,120275.0,1.0275080906148868,1.0559135314903347,3325.0,0.02008032128514059,0.02008032128514059,0.01968503937007874,-0.00392156862745098,0.021010679658519382,0.01984010273373009,3612524.8,4266020.15,0.03781312948711335,0.8949064621741178,484846503000.0,127500.0
2021-12-23,129000.0,129000.0,126500.0,127500.0,2398358,0.003937007874015741,0.003929278139889557,124142.85714285714,122535.71428571429,120619.04761904762,0.01797212748559415,2500.0,1500.0,66.66657672423422,3607.5500381307793,3471.5674298826943,135.98260824808494,128098.17877485049,113451.82122514951,0.12126977892528233,0.9591585298378368,126333.33333333333,124300.0,123200.0,120775.0,1.0257441673370877,1.0556820534050921,3525.0,0.003937007874015741,0.003937007874015741,0.0196078431372549,-0.011627906976744186,0.02101303735625076,0.018072723270763497,3318379.2,4218946.3,-0.3717775334764042,0.5684732228044713,305790645000.0,128000.0
2021-12-24,129000.0,130000.0,128000.0,128000.0,2462683,0.0039215686274509665,0.003913899321136315,124785.71428571429,123214.28571428571,121119.04761904762,0.017045218890587643,2000.0,1000.0,67.32389590177831,3734.641720918502,3524.1822880898562,210.45943282864573,128957.49889008816,113842.50110991184,0.12450574777739964,0.936652396248186,127500.0,125500.0,123950.0,121400.0,1.0199203187250996,1.0543657331136738,4100.0,0.0039215686274509665,0.0039215686274509665,0.015625,-0.007751937984496124,0.017393462032841183,0.015263999606184414,3040827.0,4125183.65,0.026820432979563602,0.5969874819997408,315223424000.0,126000.0
2021-12-27,128500.0,129000.0,126000.0,126000.0,2684135,-0.015625,-0.015748356968139168,125071.42857142857,123535.71428571429,121619.04761904762,0.018803057399929747,3000.0,2500.0,62.052782930557186,3632.110797508096,3545.7679899735044,86.34280753459143,129274.20825366498,114525.79174633502,0.12098783024881023,0.7779959460707052,127166.66666666667,126600.0,124400.0,121900.0,0.995260663507109,1.03363412633306,4700.0,-0.015625,0.015625,0.023809523809523808,-0.019455252918287938,0.018479283864526554,0.016698966053218793,3008291.0,4038747.25,0.08992306358552837,0.6645959338010072,338201010000.0,127500.0
2021-12-28,126500.0,128000.0,124500.0,127500.0,4086063,0.011904761904761862,0.011834457647002798,125857.14285714286,124071.42857142857,122166.66666666667,0.017106439381538188,3500.0,-1000.0,64.30976661218652,3630.046845576784,3562.6237610941607,67.42308448262338,129351.70157307564,115798.29842692436,0.11057232833898657,0.863377370752713,127166.66666666667,127200.0,125050.0,122575.0,1.0023584905660377,1.0401794819498267,4625.0,0.011904761904761862,0.011904761904761862,0.027450980392156862,0.007905138339920948,0.013253804359259824,0.01662694942572935,3089785.6,3870570.0,0.5223015980939856,1.0556747455801083,520973032500.0,127000.0
2021-12-29,127500.0,128500.0,125500.0,127000.0,3832154,-0.0039215686274509665,-0.00392927813988955,126785.71428571429,124321.42857142857,122785.71428571429,0.01581999160936253,3000.0,500.0,62.96541162403626,3547.1756941140484,3559.5341476981384,-12.358453584090057,129512.15950157853,116687.84049842147,0.10417805851467958,0.8041097152246376,126833.33333333333,127200.0,125400.0,123100.0,0.9984276729559748,1.0316815597075548,4100.0,-0.0039215686274509665,0.0039215686274509665,0.023622047244094488,-0.00392156862745098,0.010393652091316938,0.015917070983594378,3092678.6,3851470.95,-0.06214025579145499,0.9949845266261192,486683558000.0,131000.0
2021-12-30,131000.0,133500.0,130000.0,131000.0,5172987,0.03149606299212593,0.031010236742560218,127714.28571428571,125071.42857142857,123476.19047619047,0.015390322737365358,3500.0,0.0,68.61739295530057,3760.9128182487766,3599.8098818082663,161.10293644051035,130788.4798617662,116511.5201382338,0.1154626746747465,1.0148154888946808,128500.0,127900.0,126100.0,123650.0,1.0242376856919468,1.059441973311767,4250.0,0.03149606299212593,0.03149606299212593,0.026717557251908396,0.0,0.017708218969394795,0.018320048306499942,3647604.4,3761094.4,0.3498901662093956,1.375394087423065,677661297000.0,128500.0
2022-01-04,129500.0,130000.0,127500.0,128500.0,3622369,-0.01908396946564883,-0.019268418865877032,127928.57142857143,125571.42857142857,123880.95238095238,0.017065917249592496,2500.0,1000.0,62.22554272177313,3686.0810742717294,3617.064120300959,69.01695397077037,131105.29201177126,117244.70798822874,0.11162137325180212,0.8120359136854469,128833.33333333333,128000.0,126750.0,124175.0,1.00390625,1.0348298771894504,3825.0,-0.01908396946564883,0.01908396946564883,0.019455252918287938,-0.007722007722007722,0.020933773124072613,0.0187297304441927,3879541.6,3713820.7,-0.29975292804718046,0.9753753055445029,465474416500.0,125500.0
2022-01-05,129000.0,129000.0,121500.0,125500.0,7414954,-0.023346303501945553,-0.02362314576343594,127642.85714285714,125892.85714285714,124238.09523809524,0.01946823045342164,7500.0,3500.0,55.53962195232026,3346.129353785189,3562.877166997805,-216.74781321261617,130936.13340829428,118113.86659170572,0.1029694183223333,0.5760395968939449,128333.33333333333,127900.0,127250.0,124525.0,0.9812353401094606,1.0078297530616342,3375.0,-0.023346303501945553,0.023346303501945553,0.05976095617529881,-0.027131782945736434,0.0226749317439604,0.020158765337031856,4825705.4,3868623.75,1.0469902431254243,1.9166903992666642,930576727000.0,125000.0
2022-01-06,123500.0,127000.0,123000.0,125000.0,3725569,-0.003984063745019917,-0.00399202126953745,127214.28571428571,126000.0,124547.61904761905,0.01927886140869579,4000.0,-1500.0,54.48879033304299,3001.766845098755,3450.655102617995,-448.88825751924014,130952.57841551026,118447.42158448974,0.10028193128324393,0.5239901029674265,126333.33333333333,127400.0,127300.0,124700.0,0.9811616954474097,1.0024057738572574,2700.0,-0.003984063745019917,0.003984063745019917,0.032,0.012145748987854251,0.021572629036929435,0.01747878102163666,4753606.6,3799300.95,-0.4975600657805834,0.980593285193688,465696125000.0,127000.0
2022-01-07,127000.0,129000.0,126500.0,127000.0,3270119,0.016000000000000014,0.015873349156290163,127357.14285714286,126214.28571428571,124809.52380952382,0.019601978713591824,2500.0,0.0,57.91856383465368,2857.3031491752045,3331.9847119294373,-474.6815627542328,130969.63725773442,119130.36274226558,0.09467632559351324,0.6647060381488908,125833.33333333333,127400.0,127300.0,125050.0,0.9968602825745683,1.015593762495002,2350.0,0.016000000000000014,0.016000000000000014,0.01968503937007874,0.0,0.023307126052724527,0.017013312857571673,4641199.6,3654400.05,-0.12224978251644247,0.8948442850420824,415305113000.0,124500.0
2022-01-10,126500.0,127000.0,123000.0,124500.0,3449197,-0.019685039370078705,-0.019881370553828933,126928.57142857143,126392.85714285714,125023.80952380953,0.0203657183600192,4000.0,2000.0,52.58403946716065,2512.127283147638,3168.013226173078,-655.8859430254397,130981.28163619207,119218.71836380793,0.09402528595031287,0.4489907100938904,125500.0,126100.0,127000.0,125100.0,0.9873116574147502,0.9952038369304557,1000.0,-0.019685039370078705,0.019685039370078705,0.0321285140562249,-0.015810276679841896,0.016329664876549677,0.01803518348166168,4296441.6,3545268.25,0.054761921508055256,0.9729015568850115,429425026500.0,128000.0
2022-01-11,125500.0,128500.0,124500.0,128000.0,3958787,0.028112449799196693,0.02772454801485477,127071.42857142857,126928.57142857143,125238.09523809524,0.02350174018452895,4000.0,-2500.0,58.36557511572228,2492.264399130043,3032.863460764471,-540.5990616344279,131070.81610622941,119879.18389377059,0.08919412004350523,0.7256149909205472,126500.0,126000.0,127000.0,125475.0,1.0158730158730158,1.0201235305837817,525.0,0.028112449799196693,0.028112449799196693,0.03125,0.0199203187250996,0.022321782120755855,0.020417386718715593,4363725.2,3617575.5,0.14774163377736915,1.0943204917215965,506724736000.0,128500.0
2022-01-12,129500.0,130000.0,126500.0,128500.0,3552174,0.00390625,0.003898640415657323,126714.28571428571,127214.28571428571,125619.04761904762,0.019677840460762513,3500.0,1000.0,59.132206316893786,2488.1864769039676,2923.9280639923704,-435.74158708840287,131246.93401113036,120403.06598886964,0.08618214204061769,0.7466831940880001,127000.0,126600.0,127250.0,125825.0,1.0150078988941549,1.0212596860719252,775.0,0.00390625,0.00390625,0.027237354085603113,-0.007722007722007722,0.018346400123492465,0.019656788641990344,3591169.2,3628725.4,-0.10271151239003262,0.978904052646144,456454359000.0,129500.0
2022-01-13,128500.0,130000.0,128000.0,129500.0,4155984,0.0077821011673151474,0.007751976804317924,126857.14285714286,127392.85714285714,126000.0,0.018513867448013716,2000.0,-1000.0,60.69117938838201,2536.408201918821,2846.4240915776604,-310.01588965883957,131405.47741420916,121094.52258579085,0.08167092933400642,0.8151987428984343,128666.66666666667,127500.0,127450.0,126250.0,1.0156862745098039,1.0257425742574258,1250.0,0.0077821011673151474,0.0077821011673151474,0.015444015444015444,0.007782101167315175,0.017668905237851126,0.019471591796956136,3677252.2,3726474.45,0.1699832271729933,1.1152589547474288,538199928000.0,128500.0
2022-01-14,128500.0,129000.0,126000.0,128500.0,3769648,-0.007722007722007707,-0.007751976804317936,127285.71428571429,127464.28571428571,126357.14285714286,0.01574527829449292,3000.0,0.0,58.296302913506324,2465.511739159294,2770.2416210939873,-304.72988193469337,131578.33375077005,121421.66624922995,0.08028986167225374,0.6969149821727187,128833.33333333333,127800.0,127600.0,126500.0,1.0054773082942097,1.0158102766798418,1300.0,-0.007722007722007707,0.007722007722007707,0.023346303501945526,0.0,0.01790627594304236,0.019630541875055245,3777158.0,3780890.25,-0.09295897193059455,0.9970265600806583,484399768000.0,127000.0
2022-01-17,127500.0,128000.0,124500.0,127000.0,3730393,-0.011673151750972721,-0.011741817876683174,127571.42857142857,127392.85714285714,126523.80952380953,0.016598915121559973,3500.0,500.0,54.80298812628526,2262.2109579185344,2668.635488458897,-406.4245305403624,131592.83106603575,121707.16893396426,0.07805497143364779,0.5354048110611133,128333.33333333333,128300.0,127200.0,126650.0,0.9898674980514419,1.002763521515989,1650.0,-0.011673151750972721,0.011673151750972721,0.027559055118110236,-0.00392156862745098,0.015642438712207406,0.016807640873935572,3833397.2,3773955.6,-0.01041343913277848,0.9884570449106502,473759911000.0,126500.0
2022-01-18,126500.0,127500.0,125000.0,126500.0,3607850,-0.003937007874015741,-0.003944778291016341,127500.0,127428.57142857143,126642.85714285714,0.015548385055400644,2500.0,0.0,53.64894685945737,2037.263497312044,2542.3610902295263,-505.0975929174824,131310.20604161505,122439.79395838497,0.06991457799590213,0.4577246246869453,127333.33333333333,128000.0,127000.0,126875.0,0.98828125,0.9970443349753695,1125.0,-0.003937007874015741,0.003937007874015741,0.019762845849802372,0.0,0.008063747619060776,0.01584923479779228,3763209.8,3761825.9,-0.032849890078605615,0.9590688394165184,456393025000.0,127000.0
2022-01-19,123500.0,128500.0,123500.0,127000.0,4094609,0.0039525691699604515,0.003944778291016325,127857.14285714286,127392.85714285714,126880.95238095238,0.013016413369496216,5000.0,-3500.0,54.676779822942585,1877.6919712264644,2409.4272664289138,-531.7352952024494,130467.06048467517,123932.93951532483,0.05136887554520702,0.4693914451632986,126833.33333333333,127700.0,127150.0,127200.0,0.9945184025058731,0.9984276729559748,500.0,0.0039525691699604515,0.0039525691699604515,0.03937007874015748,0.02834008097165992,0.008072722903450855,0.013889469891379949,3871696.8,3824215.6,0.13491664010421722,1.0707055846955909,520015343000.0,125000.0
2022-01-20,126000.0,126500.0,123500.0,125000.0,5441986,-0.015748031496062964,-0.01587334915629012,127428.57142857143,127250.0,127095.23809523809,0.008906817252893528,3000.0,1000.0,49.90929774206293,1571.7291861596896,2241.887650375069,-670.1584642153794,130411.73236370648,124038.26763629352,0.050096008861567835,0.15089631853926608,126166.66666666667,126800.0,127150.0,127225.0,0.9858044164037855,0.9825112988799372,-425.0,-0.015748031496062964,0.015748031496062964,0.024,-0.007936507936507936,0.007553560945247714,0.01484942221468302,4128897.2,3912385.4,0.32906121194966365,1.390963681645474,680248250000.0,119000.0
2022-01-21,121500.0,122500.0,118000.0,119000.0,6465040,-0.04800000000000004,-0.04919024419077178,126071.42857142857,126392.85714285714,126833.33333333333,0.01878872892692138,4500.0,2500.0,38.93981868183418,835.470831065657,1960.6042865131867,-1125.1334554475297,131694.61578512477,121955.38421487522,0.07679267944214117,-0.3034514780306726,123666.66666666667,124900.0,126350.0,126825.0,0.9527622097678142,0.938300808200276,-1925.0,-0.04800000000000004,0.04800000000000004,0.037815126050420166,-0.0205761316872428,0.019888339784151443,0.020098634971913384,4667975.6,4044752.95,0.18799276587628122,1.5983769787472433,769339760000.0,119000.0
2022-01-24,116500.0,120500.0,116500.0,119000.0,4883822,0.0,0.0,124571.42857142857,125714.28571428571,126452.38095238095,0.017697964215350918,4000.0,-2500.0,38.93981868183418,249.10920435591834,1618.3052700817332,-1369.1960657258148,132378.91030381393,120421.08969618609,0.09460301113629624,-0.11884186448486928,121000.0,123300.0,125800.0,126400.0,0.9651257096512571,0.9414556962025317,-3100.0,0.0,0.0,0.03361344537815126,0.02145922746781116,0.021040186420767434,0.019599953281918665,4898661.4,4169026.15,-0.24457977058146585,1.1714539137635296,581174818000.0,118000.0
2022-01-25,118000.0,120000.0,116500.0,118000.0,5702595,-0.008403361344537785,-0.008438868645864595,123071.42857142857,125178.57142857143,126000.0,0.017671855150022436,3500.0,0.0,37.352926943410274,-292.90186163441103,1236.0638437385044,-1528.9657053729154,132900.75183932335,118899.24816067667,0.11121130801149072,-0.06422511333893989,118666.66666666667,121600.0,124800.0,125900.0,0.9703947368421053,0.937251787132645,-4300.0,-0.008403361344537785,0.008403361344537785,0.029661016949152543,0.0,0.02066412271861166,0.015944232188771952,5317610.4,4331021.75,0.16765004948992823,1.3166858374701074,672906210000.0,118000.0
2022-01-26,118000.0,118000.0,118000.0,118000.0,0,0.0,0.0,121785.71428571429,124678.57142857143,125523.80952380953,0.018267360189787432,0.0,0.0,37.352926943410274,-714.2164932606247,846.0077763386786,-1560.2242695993032,133340.51555769937,117659.48444230063,0.12494845510277883,0.02171512543999645,118333.33333333333,119800.0,123750.0,125500.0,0.9849749582637729,0.9402390438247012,-5700.0,0.0,0.0,0.0,0.0,0.019883738834284456,0.015665975624665176,4498688.6,4196815.0,-1.0,0.0,0.0,113500.0
2022-01-27,119500.0,119500.0,111000.0,113500.0,6679404,-0.03813559322033899,-0.0388817875442074,119928.57142857143,123714.28571428571,124928.57142857143,0.020777946591622545,8500.0,6000.0,30.801858010819615,-1395.1414440417138,397.77793226260013,-1792.919376304314,134227.84230491344,115372.15769508657,0.1510872164248948,-0.09928876802016899,116500.0,117500.0,122150.0,124800.0,0.9659574468085106,0.9094551282051282,-7300.0,-0.03813559322033899,0.03813559322033899,0.07488986784140969,-0.0502092050209205,0.022591022365699123,0.017070484112330635,4746172.2,4326482.05,inf,1.5438418379662526,758112354000.0,120500.0
2022-01-28,115000.0,121500.0,114500.0,120500.0,4776510,0.06167400881057272,0.059846916009252356,119000.0,123428.57142857143,124595.23809523809,0.03521835316381547,7000.0,-5500.0,46.51574683772404,-1354.326047143244,47.3571363814313,-1401.6831835246753,134030.79185074352,114919.20814925648,0.1535375272262466,0.29201095722429793,117333.33333333333,117800.0,121350.0,124475.0,1.0229202037351444,0.9680658766820647,-6675.0,0.06167400881057272,0.06167400881057272,0.058091286307053944,0.04782608695652174,0.03634146853635873,0.029220911430787196,4408466.2,4373699.85,-0.28488978956805133,1.0920982609266159,575569455000.0,124000.0
2022-02-03,124500.0,127000.0,124000.0,124000.0,5171178,0.029045643153526868,0.02863181267432708,118857.14285714286,123142.85714285714,124452.38095238095,0.03740522588874545,3000.0,500.0,52.34308063435738,-1027.71197781089,-167.65668645703295,-860.055291353857,133173.84406691638,115076.1559330836,0.14580211991003247,0.4930930404438614,119333.33333333333,118800.0,121050.0,124125.0,1.0437710437710437,0.998992950654582,-5325.0,0.029045643153526868,0.029045643153526868,0.024193548387096774,-0.004016064257028112,0.03801935657196976,0.03112192662059849,4465937.4,4373609.4,0.08262685517250046,1.1823593574679987,641226072000.0,124500.0
2022-02-04,125500.0,127000.0,124000.0,124500.0,3037097,0.0040322580645162365,0.004024150299725548,119642.85714285714,122857.14285714286,124142.85714285714,0.030846400175610994,3000.0,1000.0,53.12874523039867,-720.2199066495232,-278.169330495531,-442.05057615399215,132740.50667260462,115109.49332739538,0.1422716428905325,0.5326129864881669,123000.0,120100.0,120850.0,123925.0,1.0366361365528727,1.0046399031672382,-3825.0,0.0040322580645162365,0.0040322580645162365,0.024096385542168676,-0.00796812749003984,0.03700281698245287,0.03116753948643107,3932837.8,4344345.8,-0.41268759265296995,0.6990919093042732,378118576500.0,123000.0
2022-02-07,123000.0,123500.0,119500.0,123000.0,4804261,-0.012048192771084376,-0.01212136053234485,120214.28571428571,122392.85714285714,123880.95238095238,0.031600151171479414,4000.0,0.0,50.442100041960266,-590.7578006780968,-340.68702453204423,-250.0707761460526,132592.34116478055,115007.65883521947,0.14204105274281972,0.4545058599861567,123833.33333333333,121100.0,120450.0,123800.0,1.0156895127993393,0.9935379644588045,-2700.0,-0.012048192771084376,0.012048192771084376,0.032520325203252036,0.0,0.03829429049266007,0.03128650326593386,4893690.0,4213811.15,0.5818595849918524,1.1401225230513712,590924103000.0,123000.0
2022-02-08,123000.0,123000.0,123000.0,123000.0,0,0.0,0.0,120928.57142857143,122000.0,123761.90476190476,0.03117241328119044,0.0,0.0,50.442100041960266,-482.5950931428961,-369.0686382542146,-113.52645488868149,132480.36086058567,114919.63913941433,0.14196218044600925,0.46013831258677285,123500.0,123000.0,120250.0,123700.0,1.0,0.994341147938561,-700.0,0.0,0.0,0.0,0.0,0.02932903780161373,0.03095459662699298,3557809.2,4027532.7,-1.0,0.0,0.0,123000.0
2022-02-09,123000.0,123000.0,123000.0,123000.0,0,0.0,0.0,121642.85714285714,121714.28571428571,123666.66666666667,0.03117241328119044,0.0,0.0,50.442100041960266,-392.3525719327881,-373.7254249899293,-18.627146942858815,132145.04725870615,114854.95274129385,0.14000076532317654,0.47108170811348277,123000.0,123500.0,120650.0,123500.0,0.9959514170040485,0.9959514170040485,0.0,0.0,0.0,0.0,0.0,0.015137847542478336,0.026252834236852977,2602507.2,3864026.75,,0.0,0.0,129500.0
2022-02-10,129000.0,131000.0,127000.0,129500.0,7269729,0.05284552845528445,0.051496525767174846,123928.57142857143,121928.57142857143,123785.71428571429,0.028082918530160126,4000.0,-500.0,61.09104285123322,201.3400309746503,-258.7123337970134,460.0523647716637,132796.662658857,114703.33734114301,0.14620868943607274,0.817796750958241,125166.66666666667,124600.0,121700.0,123750.0,1.0393258426966292,1.0464646464646465,850.0,0.05284552845528445,0.05284552845528445,0.03088803088803089,0.003875968992248062,0.025259302428666527,0.030430352975578903,3022217.4,4055053.35,inf,1.7927579177225867,941429905500.0,132000.0
2022-02-11,130500.0,132500.0,130000.0,132000.0,6057207,0.019305019305019266,0.019121041446778377,125571.42857142857,122285.71428571429,124142.85714285714,0.021654285707128563,2500.0,-1500.0,64.2710304504899,863.6195343240834,-34.24596017279404,897.8654944968774,133552.0831073262,114347.91689267378,0.1549347818850539,0.9191798753469443,128166.66666666667,126100.0,123100.0,123950.0,1.0467882632831087,1.0649455425574827,2150.0,0.019305019305019266,0.019305019305019266,0.01893939393939394,0.011494252873563218,0.025436361680105837,0.029937125013846634,3626239.4,4159974.35,-0.16679053648354702,1.4560683529214549,799551324000.0,132500.0
2022-02-14,130000.0,132500.0,129500.0,132500.0,4962205,0.0037878787878788955,0.0037807228399061523,126785.71428571429,122821.42857142857,124357.14285714286,0.020683911842818793,3000.0,-2500.0,64.88909318748108,1412.5437089217885,255.11197364612246,1157.4317352756661,134302.00265438974,113997.99734561026,0.16354414264018913,0.9112489074453427,131333.33333333334,128000.0,124550.0,124150.0,1.03515625,1.067257349979863,3850.0,0.0037878787878788955,0.0037878787878788955,0.022641509433962263,0.019230769230769232,0.022507514014626105,0.02979666848227314,3657828.2,4230475.9,-0.18077671771824866,1.1729661431235194,657492162500.0,127000.0
2022-02-15,131500.0,132000.0,127000.0,127000.0,5097120,-0.04150943396226414,-0.04239555896768562,127142.85714285714,123392.85714285714,124285.71428571429,0.028634606317107538,5000.0,4500.0,53.853337831435496,1387.7687037328724,481.6433196634724,906.1253840694,133958.86022386907,114091.13977613093,0.16019125537382084,0.6497403795179075,130500.0,128800.0,125900.0,124025.0,0.9860248447204969,1.0239870993751259,4775.0,-0.04150943396226414,0.04150943396226414,0.03937007874015748,-0.034220532319391636,0.03415275858392858,0.030440211733192626,4677252.2,4277532.7,0.027188518007619678,1.191602813463004,647334240000.0,130500.0
2022-02-16,131000.0,132500.0,130000.0,130500.0,3499809,0.027559055118110187,0.02718614030415678,128214.28571428571,124214.28571428571,124333.33333333333,0.029062562572718675,2500.0,500.0,58.67039352616867,1631.7453383713582,711.6637234050497,920.0816149663085,134286.20071645078,113963.79928354923,0.16372528848259052,0.8136932424570159,130000.0,130300.0,126900.0,124125.0,1.0015349194167307,1.051359516616314,6175.0,0.027559055118110187,0.027559055118110187,0.019157088122605363,-0.003816793893129771,0.03497753811032276,0.02577270079708225,5377214.0,4264040.75,-0.313375200113005,0.8207728784017836,456725074500.0,133000.0
2022-02-17,130500.0,134000.0,130000.0,133000.0,5433402,0.019157088122605304,0.018975901459005604,129642.85714285714,125285.71428571429,124547.61904761905,0.029027389140611218,4000.0,-2500.0,61.742358207770295,2003.7299343032646,970.0769655846927,1033.6529687185719,135274.56947969535,113575.43052030467,0.1743953301940179,0.8951769706644979,130166.66666666667,131000.0,127800.0,124425.0,1.015267175572519,1.0689170182841068,6575.0,0.019157088122605304,0.019157088122605304,0.03007518796992481,0.019157088122605363,0.0277325931568443,0.025068440483575573,5009948.6,4349191.2,0.552485292768834,1.2492902128561283,722642466000.0,131500.0
2022-02-18,131500.0,133000.0,129500.0,131500.0,3108887,-0.011278195488721776,-0.011342276603934495,130857.14285714286,126250.0,124761.90476190476,0.030053035594041565,3500.0,0.0,58.912912433966824,2152.6782082179707,1206.5972141113484,946.0809941066223,135948.0465690233,113401.9534309767,0.18083892631278609,0.8027131999416246,131666.66666666666,130900.0,128500.0,124675.0,1.004583651642475,1.054742330058151,6225.0,-0.011278195488721776,0.011278195488721776,0.026615969581749048,0.0,0.02734058978345856,0.025749360750460824,4420284.6,4324243.05,-0.42781943982793835,0.7189436310708761,408818640500.0,131500.0
2022-02-21,131500.0,131500.0,131500.0,131500.0,0,0.0,0.0,131142.85714285713,127535.71428571429,125000.0,0.023704974013025376,0.0,0.0,58.912912433966824,2244.8436284278578,1414.2464969746504,830.5971314532073,136542.0291231925,113257.97087680748,0.18642160325368318,0.7834557416993531,132000.0,130700.0,129350.0,124900.0,1.0061208875286916,1.0528422738190553,5800.0,0.0,0.0,0.0,0.0,0.027245888482160897,0.025095969318395556,3427843.6,4119512.6,-1.0,0.0,0.0,131500.0
2022-02-22,131500.0,131500.0,131500.0,131500.0,0,0.0,0.0,131071.42857142857,128321.42857142857,125214.28571428571,0.02249977064942471,0.0,0.0,58.912912433966824,2291.47073966435,1589.6913455125903,701.7793941517596,137235.85035773026,113214.14964226974,0.19182831475712137,0.761222137197029,131500.0,131600.0,130200.0,125225.0,0.9992401215805471,1.0501098023557596,6375.0,0.0,0.0,0.0,0.0,0.015831326615665515,0.025095969318395556,2408419.6,3847413.3,,0.0,0.0,131500.0
2022-02-23,131500.0,131500.0,131500.0,131500.0,0,0.0,0.0,130928.57142857143,128857.14285714286,125523.80952380953,0.02242395582593415,0.0,0.0,58.912912433966824,2301.8883255087276,1732.1307415118179,569.7575839969097,137797.69301668956,113902.30698331045,0.1898719589461987,0.7364473205039497,131500.0,131800.0,131050.0,125850.0,0.9977238239757208,1.0448947159316646,5950.0,0.0,0.0,0.0,0.0,0.01097470192068828,0.025095969318395556,1708457.8,3524161.3,,0.0,0.0,122500.0
2022-02-24,125500.0,126000.0,122000.0,122500.0,5748069,-0.0684410646387833,-0.07089582163303759,130285.71428571429,128714.28571428571,125690.47619047618,0.03180175531248547,4000.0,3000.0,43.00730191517431,1565.8691882015119,1698.8784308497566,-133.0092426482447,137648.36575949268,114401.63424050732,0.18446126974001473,0.34836578006154667,128500.0,129700.0,130350.0,126025.0,0.9444872783346183,0.9720293592541163,3675.0,-0.0684410646387833,0.0684410646387833,0.0326530612244898,-0.02390438247011952,0.029750398885210656,0.029408123219618283,1771391.2,3567373.65,inf,1.611288741789075,704138452500.0,123000.0
2022-02-25,125500.0,126000.0,122500.0,123000.0,3309625,0.004081632653061273,0.004073325387635869,129214.28571428571,128714.28571428571,125880.95238095238,0.028957057105098195,3500.0,2500.0,43.91326846091248,1011.2573947192141,1561.354223623648,-550.096828904434,137374.9051679211,115175.09483207889,0.17580526894351384,0.3524762171182871,125666.66666666667,128000.0,129450.0,126275.0,0.9609375,0.9740645416749159,1725.0,0.004081632653061273,0.004081632653061273,0.028455284552845527,-0.0199203187250996,0.031114352624229923,0.028377972590747327,1811538.8,3447725.15,-0.4242196814269279,0.9599445593857736,407083875000.0,123000.0
2022-02-28,123000.0,123000.0,123000.0,123000.0,0,0.0,0.0,127785.71428571429,128714.28571428571,126119.04761904762,0.026766390389589455,0.0,0.0,43.91326846091248,565.208184501229,1362.1250157991642,-796.9168312979352,137050.53286562074,115999.46713437924,0.16637870564111043,0.33255004544645905,122833.33333333333,126300.0,128500.0,126525.0,0.9738717339667459,0.972139893301719,-225.0,0.0,0.0,0.0,0.0,0.031114352624229923,0.028247937930446606,1811538.8,3447725.15,-1.0,0.0,0.0,125000.0
2022-03-02,124500.0,126500.0,123000.0,125000.0,2903340,0.016260162601626105,0.016129381929883717,126857.14285714286,128857.14285714286,126452.38095238095,0.028681740260774146,3500.0,-500.0,47.76523038240185,368.84247068941477,1163.4685067772143,-794.6260360877995,135712.10897821383,118487.89102178618,0.135517057092271,0.3780786445391943,123666.66666666667,125000.0,128300.0,127100.0,1.0,0.983477576711251,-2100.0,0.016260162601626105,0.016260162601626105,0.028,0.004016064257028112,0.03355042473195833,0.026252818416126367,2392206.8,3258921.95,inf,0.8908897005035668,362917500000.0,129000.0
2022-03-03,128000.0,129500.0,127000.0,129000.0,3088097,0.03200000000000003,0.031498667059371016,126500.0,128821.42857142857,127190.47619047618,0.032255490726161434,2500.0,-1000.0,54.49628867510508,529.8796753019269,1036.7507404821567,-506.87106518022983,135587.09454304847,119462.90545695151,0.12643943607996047,0.5914774685489035,125666.66666666667,124500.0,128150.0,127525.0,1.036144578313253,1.0115663595373456,-3025.0,0.03200000000000003,0.03200000000000003,0.01937984496124031,0.0078125,0.03852724570643363,0.026825912434028557,3009826.2,3174501.3,0.0636360192054668,0.9727817720534562,398364513000.0,129000.0
2022-03-04,129000.0,129000.0,129000.0,129000.0,0,0.0,0.0,126142.85714285714,128607.14285714286,127595.23809523809,0.032255490726161434,0.0,0.0,54.49628867510508,650.0099105362024,959.4025744929659,-309.3926639567635,135685.51931224955,119864.48068775045,0.1238195157464223,0.5774285449314983,127666.66666666667,125800.0,127750.0,127775.0,1.0254372019077902,1.0095871649383683,-1975.0,0.0,0.0,0.0,0.0,0.013757905971196482,0.02590897973254222,1860212.4,2915942.4,-1.0,0.0,0.0,119500.0
2022-03-07,119000.0,121000.0,119000.0,119500.0,5203286,-0.0736434108527132,-0.07649603299010678,124428.57142857143,127678.57142857143,127380.95238095238,0.04250231390946495,2000.0,-500.0,40.22040287235793,-21.113237477227813,763.2994120989272,-784.412649576155,136154.66121186563,118895.33878813435,0.13534069730430334,0.03503389049817213,125833.33333333333,125100.0,126550.0,127525.0,0.9552358113509193,0.9370711625171535,-2425.0,-0.0736434108527132,0.0736434108527132,0.016736401673640166,0.004201680672268907,0.040567483874088046,0.0343304352146554,2238944.6,3024251.85,inf,1.7205200684592454,621792677000.0,118000.0
2022-03-08,117000.0,119500.0,116500.0,118000.0,3619045,-0.012552301255230103,-0.012631746905900574,123785.71428571429,127035.71428571429,127071.42857142857,0.03435116189739416,3000.0,-1000.0,38.505228872195396,-666.3394846390147,477.37163275133884,-1143.7111173903536,136708.8416576203,117841.1583423797,0.14824343598696213,0.008418715481195055,122166.66666666667,124100.0,125200.0,127275.0,0.9508460918614021,0.9271263013160479,-3175.0,-0.012552301255230103,0.012552301255230103,0.025423728813559324,0.008547008547008548,0.04056317274753555,0.0341950578736068,2962753.6,2964991.05,-0.3044693295736579,1.2205922173019714,427047310000.0,118000.0
2022-03-10,118000.0,118000.0,118000.0,118000.0,0,0.0,0.0,123071.42857142857,126142.85714285714,126833.33333333333,0.034199158268044205,0.0,0.0,38.50522887219539,-1164.2650117926823,149.04430384253462,-1313.309315635217,137173.76191567484,116876.23808432516,0.15979156726116656,0.05536448312671429,118500.0,122700.0,123850.0,127025.0,0.9616951915240424,0.9289509938988388,-4325.0,0.0,0.0,0.0,0.0,0.03878619982237934,0.0341950578736068,2382085.6,2964991.05,-1.0,0.0,0.0,118000.0
2022-03-11,118000.0,118000.0,118000.0,118000.0,0,0.0,0.0,122357.14285714286,125071.42857142857,126595.23809523809,0.034199158268044205,0.0,0.0,38.50522887219539,-1541.1096269496193,-188.98648231589615,-1352.123144633723,137567.17552820462,115982.8244717954,0.17025715682436782,0.09345546330917508,118000.0,120500.0,122500.0,126775.0,0.979253112033195,0.9307828830605404,-6275.0,0.0,0.0,0.0,0.0,0.03199598440298595,0.0341950578736068,1764466.2,2964991.05,,0.0,0.0,116000.0
2022-03-14,115500.0,117000.0,114500.0,116000.0,3172353,-0.016949152542372836,-0.017094433359300068,121071.42857142857,123964.28571428571,126261.90476190476,0.03290879172026252,2500.0,-500.0,35.952066620290125,-1978.3399137312663,-546.8571685989702,-1431.482745132296,137823.12155304072,114376.87844695928,0.18593372804188296,0.06922736174392556,117333.33333333333,117900.0,121850.0,126100.0,0.9838846480067854,0.9199048374306106,-8200.0,-0.016949152542372836,0.016949152542372836,0.021551724137931036,0.004329004329004329,0.030579459527523473,0.02771911379790794,2398936.8,2760122.25,inf,1.1493523520561453,367992948000.0,116000.0
2022-03-15,116000.0,116000.0,116000.0,116000.0,0,0.0,0.0,119214.28571428571,122857.14285714286,125619.04761904762,0.02796290383879384,0.0,0.0,35.952066620290125,-2298.3540710247908,-897.1565490841344,-1401.1975219406563,137501.81177228675,113098.18822771325,0.19476156061112126,0.11890905327999977,116666.66666666667,117200.0,121150.0,125300.0,0.9897610921501706,0.9257781324820431,-8100.0,0.0,0.0,0.0,0.0,0.008227497849775708,0.027599005289366173,1358279.6,2457261.9,-1.0,0.0,0.0,116000.0
2022-03-16,116000.0,116000.0,116000.0,116000.0,0,0.0,0.0,117357.14285714286,121750.0,124857.14285714286,0.02796290383879384,0.0,0.0,35.952066620290125,-2522.885344448223,-1222.3023081569522,-1300.5830362912707,136856.96906371263,112093.03093628738,0.19894708276702353,0.15776848753251319,116000.0,116800.0,120450.0,124475.0,0.9931506849315068,0.9319140389636473,-7675.0,0.0,0.0,0.0,0.0,0.007579891449151827,0.027599005289366173,634470.6,2209151.65,,0.0,0.0,116000.0
2022-03-17,116000.0,116000.0,116000.0,116000.0,0,0.0,0.0,116857.14285714286,120642.85714285714,124071.42857142857,0.007365975478077385,0.0,0.0,35.952066620290125,-2670.0493296722852,-1511.851712460019,-1158.1976172122663,136802.05016891024,111047.94983108976,0.20782005517708677,0.19228200961996103,116000.0,116400.0,119550.0,123925.0,0.9965635738831615,0.936050030260238,-7525.0,0.0,0.0,0.0,0.0,0.007579891449151827,0.026637539976750866,634470.6,1954295.65,,0.0,0.0,124000.0
2022-03-18,124000.0,125000.0,121000.0,124000.0,4493159,0.06896551724137923,0.06669137449867214,117714.28571428571,120750.0,123928.57142857143,0.02704487321383512,4000.0,0.0,52.792933536393605,-2116.744197529624,-1632.83020947394,-483.9139880556843,136100.94733252347,111099.05266747653,0.20228070117351896,0.5159987875062607,118666.66666666667,117600.0,119050.0,123600.0,1.054421768707483,1.0032362459546926,-6000.0,0.06896551724137923,0.06896551724137923,0.03225806451612903,0.0,0.03354987295421397,0.03416887113240985,1533102.4,2003963.15,inf,2.24213653828914,557151716000.0,124000.0
2022-03-21,124000.0,124000.0,124000.0,124000.0,0,0.0,0.0,118571.42857142857,120821.42857142857,123619.04761904762,0.02704487321383512,0.0,0.0,52.7929335363936,-1659.1205846255034,-1638.0882845042527,-21.032300121250728,134848.4029499307,111451.59705006932,0.18998624360423363,0.5363297453352395,121333.33333333333,119200.0,118550.0,123150.0,1.0402684563758389,1.0069021518473407,-3950.0,0.0,0.0,0.0,0.0,0.03084231693103155,0.03416887113240985,898631.8,1732293.05,-1.0,0.0,0.0,123500.0
2022-03-22,121000.0,124000.0,121000.0,123500.0,2246439,-0.0040322580645161255,-0.004040409537004974,119357.14285714286,120857.14285714286,123166.66666666667,0.02726352455280262,3000.0,-2500.0,51.80555197617877,-1321.5622487647197,-1574.783077356346,253.2208285916263,133773.89748634634,111726.10251365366,0.1796154376594108,0.534017007185023,123833.33333333333,120700.0,118950.0,122750.0,1.0231980115990058,1.0061099796334012,-2050.0,-0.0040322580645161255,0.0040322580645161255,0.024291497975708502,0.02066115702479339,0.03134180931281687,0.02378560355652395,1347919.6,1689170.65,inf,1.329906483989643,277435216500.0,123500.0
2022-03-23,124000.0,124500.0,122000.0,123500.0,4085633,0.0,0.0,120428.57142857143,120750.0,122785.71428571429,0.025505978282231518,2500.0,500.0,51.80555197617877,-1042.0329286599444,-1468.233047617066,426.2001189571215,132589.75739844196,112110.24260155804,0.16738467345225921,0.5561536741180498,123666.66666666667,122200.0,119500.0,122350.0,1.0106382978723405,1.0093992644053944,-150.0,0.0,0.0,0.020242914979757085,-0.004032258064516129,0.03134180931281687,0.023164935178515526,2165046.2,1893452.3,0.8187153089845751,2.157769171158946,504575675500.0,120500.0
2022-03-24,121000.0,122000.0,119500.0,120500.0,4215272,-0.02429149797570851,-0.024591403137322207,121071.42857142857,120142.85714285714,122261.90476190476,0.028465969617797262,2500.0,500.0,45.83971060397246,-1050.4696957726264,-1384.680377248178,334.2106814755516,131109.87025744858,112490.12974255142,0.15287143279882726,0.4301816263787401,122500.0,123100.0,119750.0,121800.0,0.9788789601949635,0.9893267651888341,1300.0,-0.02429149797570851,0.02429149797570851,0.02074688796680498,-0.004132231404958678,0.03546909921561072,0.024930388303729248,3008100.6,2104215.9,0.0317304564555847,2.0032507120585867,507940276000.0,118000.0
2022-03-25,122000.0,123000.0,118000.0,118000.0,5514940,-0.020746887966805017,-0.020965128465044964,121357.14285714286,119357.14285714286,121619.04761904762,0.030184412083649373,5000.0,4000.0,41.54604228786108,-1244.5387333022372,-1356.6520484589898,112.1133151567526,129370.41339808154,112879.58660191846,0.13614717685170755,0.31050070814356656,120666.66666666667,121900.0,119750.0,121125.0,0.9680065627563577,0.9742002063983488,775.0,-0.020746887966805017,0.020746887966805017,0.0423728813559322,-0.03278688524590164,0.01178116843374352,0.025990207456198115,3212456.8,2379962.9,0.30832363842712884,2.317237802320364,650762920000.0,118000.0
2022-03-28,117500.0,119500.0,116500.0,118000.0,3234792,0.0,0.0,121642.85714285714,119250.0,120976.19047619047,0.030184412083649373,3000.0,-500.0,41.54604228786109,-1382.4043469416647,-1361.8025081555247,-20.60183878613998,129232.56136775289,112567.43863224711,0.1378422062490139,0.32598387986537763,118833.33333333333,120700.0,119950.0,120900.0,0.9776304888152444,0.9760132340777502,-200.0,0.0,0.0,0.025423728813559324,0.00425531914893617,0.01178116843374352,0.0252837921504837,3859415.2,2254299.05,-0.41344928503301936,1.4349436025357862,381705456000.0,120000.0
2022-03-29,119500.0,120500.0,118500.0,120000.0,3375247,0.016949152542372836,0.01680711831638119,121071.42857142857,119392.85714285714,120857.14285714286,0.01408002004298556,2000.0,-500.0,46.21982175393324,-1315.1206613663817,-1352.4661387976962,37.34547743131452,129031.24069016355,112468.75930983645,0.13716340687641498,0.4547169302245466,118666.66666666667,120000.0,120350.0,120750.0,1.0,0.9937888198757764,-750.0,0.016949152542372836,0.016949152542372836,0.016666666666666666,0.0041841004184100415,0.01695569962810528,0.025700275519582105,4085176.8,2257580.15,0.04342010243626171,1.4950729434788839,405029640000.0,121000.0
2022-03-30,123000.0,123000.0,120500.0,121000.0,3436282,0.008333333333333304,0.008298802814695064,120642.85714285714,119607.14285714286,120761.90476190476,0.014867530795466018,2500.0,2000.0,48.43967678736489,-1167.646313278994,-1315.502173693956,147.85586041496185,128864.87738960938,112435.12261039062,0.13617699775564654,0.5213028133835995,119666.66666666667,119500.0,120850.0,120650.0,1.0125523012552302,1.0029009531703275,-1150.0,0.008333333333333304,0.008333333333333304,0.02066115702479339,-0.016260162601626018,0.018021995818097825,0.025702638745670563,3955306.6,2429394.25,0.018083121027883342,1.4144604153895566,415790122000.0,118000.0
2022-03-31,119500.0,120000.0,117500.0,118000.0,4558063,-0.024793388429752095,-0.025105921131076358,119857.14285714286,119607.14285714286,120523.80952380953,0.016977656800135934,2500.0,1500.0,42.74008564490953,-1278.1134614922485,-1308.0244312536145,29.910969761366005,128328.89518518807,112271.10481481193,0.1334812167113561,0.3567673417730559,119666.66666666667,119000.0,121050.0,120300.0,0.9915966386554622,0.9808811305070657,-1300.0,-0.024793388429752095,0.024793388429752095,0.0211864406779661,-0.012552301255230125,0.01816444377848835,0.027331080410788577,4023864.8,2512130.4,0.32645196174237157,1.8144213373636975,537851434000.0,116000.0
2022-04-01,117000.0,117500.0,116000.0,116000.0,3851558,-0.016949152542372836,-0.017094433359300068,118785.71428571429,119607.14285714286,120095.23809523809,0.017114395640535483,1500.0,1000.0,39.41079941310092,-1509.6405609585636,-1348.3476571946044,-161.2929037639592,126766.32666922742,112533.67333077258,0.1189523889549088,0.24354746699702443,118333.33333333333,118600.0,120250.0,119650.0,0.9780775716694773,0.9694943585457585,-1050.0,-0.016949152542372836,0.016949152542372836,0.01293103448275862,-0.008547008547008548,0.017353079087922902,0.014399252237118444,3691188.4,2550303.45,-0.15500114851418245,1.5102351839738912,446780728000.0,117000.0
2022-04-04,115000.0,117500.0,114500.0,117000.0,2470792,0.008620689655172376,0.008583743691391435,118285.71428571429,119678.57142857143,119523.80952380953,0.01664820238430898,3000.0,-2000.0,41.84985251105599,-1594.0604758001864,-1397.4902209157208,-196.5702548844656,124724.5043836444,113375.4956163556,0.09532976704988483,0.3193674846821241,117000.0,118400.0,119550.0,119050.0,0.9881756756756757,0.9827803443931121,-650.0,0.008620689655172376,0.008620689655172376,0.02564102564102564,0.017391304347826087,0.018170919473906456,0.01507726327208778,3538388.4,2673843.05,-0.35849544521983057,0.9240602211113327,289082664000.0,116500.0
2022-04-05,117500.0,118000.0,116000.0,116500.0,2101474,-0.004273504273504258,-0.004282661792000848,118071.42857142857,119714.28571428571,118928.57142857143,0.014958368470625589,2000.0,1000.0,40.96195788603361,-1681.9215432595665,-1454.37648538449,-227.5450578750765,124682.00475158641,113117.99524841359,0.09725828009396827,0.2924595271785699,116500.0,117700.0,118850.0,118900.0,0.989804587935429,0.9798149705634988,-1200.0,-0.004273504273504258,0.004273504273504258,0.017167381974248927,-0.00851063829787234,0.014959020920078461,0.01507450702668993,3283633.8,2518752.45,-0.14947352913559697,0.8343312976231546,244821721000.0,113000.0
2022-04-06,114500.0,115500.0,113000.0,113000.0,4541938,-0.030042918454935674,-0.03050345429341474,117357.14285714286,119500.0,118619.04761904762,0.01838730060373904,2500.0,1500.0,35.313936300245544,-2010.7936440523918,-1565.6599171180703,-445.13372693432143,125000.3004487562,112299.6995512438,0.10704256972197555,0.055139158722274595,115500.0,116100.0,117800.0,118650.0,0.9732988802756245,0.9523809523809523,-2550.0,-0.030042918454935674,0.030042918454935674,0.022123893805309734,-0.013100436681222707,0.015712716177393293,0.016713560730333005,3504765.0,2564897.1,1.1613105848561531,1.7708071017741802,513238994000.0,113500.0
2022-04-07,111500.0,114500.0,110500.0,113500.0,5027865,0.004424778761061843,0.004415018209116693,116428.57142857143,118750.0,118404.76190476191,0.01628053896452577,4000.0,-2000.0,36.65761882768065,-2205.6559037156985,-1693.6591144375961,-511.99678927810237,125178.36173596836,111671.63826403164,0.11405297421943603,0.13536678527306736,114333.33333333333,115200.0,117100.0,118425.0,0.9852430555555556,0.958412497361199,-3225.0,0.004424778761061843,0.004424778761061843,0.03524229074889868,0.017937219730941704,0.015889093772067823,0.016199813975355106,3598725.4,2816290.35,0.1069867091977037,1.7852793480615377,570662677500.0,112000.0
2022-04-08,113000.0,114000.0,110500.0,112000.0,4268316,-0.013215859030836996,-0.013303965626362815,115142.85714285714,117892.85714285714,118119.04761904762,0.014651896341736807,3500.0,1000.0,34.35221689440054,-2452.848205118964,-1845.4969325738698,-607.3512725450942,125465.40727394386,110784.59272605614,0.12428202791862614,0.08278881733566547,112833.33333333333,114400.0,116500.0,118125.0,0.9790209790209791,0.9481481481481482,-3725.0,-0.013215859030836996,0.013215859030836996,0.03125,-0.008849557522123894,0.015423404425515925,0.015593942673384216,3682077.0,3029706.15,-0.15106789860109604,1.4088217763296946,478051392000.0,111500.0
2022-04-11,111000.0,113000.0,110500.0,111500.0,2390786,-0.004464285714285698,-0.004474280394921077,114214.28571428571,117035.71428571429,117809.52380952382,0.013370281247153254,2500.0,-500.0,33.593805184365394,-2658.4507409178914,-2008.0876942426744,-650.363046675217,125771.3337330367,110028.6662669633,0.13352559343573717,0.0934615265302108,112333.33333333333,113300.0,115850.0,117900.0,0.9841129744042365,0.9457167090754877,-4600.0,-0.004464285714285698,0.004464285714285698,0.02242152466367713,0.0045045045045045045,0.01306131899685371,0.015495476113153014,3666075.8,2990627.8,-0.4398760541628127,0.7994261271830617,266572639000.0,111000.0
2022-04-12,110500.0,113000.0,110500.0,111000.0,2738163,-0.004484304932735439,-0.004494389587839326,113500.0,116142.85714285714,117571.42857142857,0.012792335475560294,2500.0,-500.0,32.81363510844956,-2829.1256536843575,-2172.295286131011,-656.8303675533466,126073.65091494427,109226.34908505573,0.1431984855919128,0.10527803994095153,111500.0,112200.0,114950.0,117650.0,0.9893048128342246,0.9434764130896728,-5450.0,-0.004484304932735439,0.004484304932735439,0.02252252252252252,0.004524886877828055,0.0130404966791169,0.013376402960316443,3793413.6,3127535.95,0.14529824082958487,0.8755016868790908,303936093000.0,113000.0
2022-04-13,112000.0,113000.0,111000.0,113000.0,2484490,0.018018018018018056,0.01785761740000647,112928.57142857143,115607.14285714286,117428.57142857143,0.014897065309483216,2000.0,-1000.0,38.923721241965794,-2771.0604069494293,-2292.0483102946946,-479.0120966547347,126151.13317798064,108848.86682201936,0.1472533306890321,0.23991846458602323,111833.33333333333,112200.0,114150.0,117500.0,1.0071301247771836,0.9617021276595744,-5300.0,0.018018018018018056,0.018018018018018056,0.017699115044247787,0.008928571428571428,0.011820637805885341,0.014925823220134552,3381924.0,3251760.45,-0.09264349857915688,0.7640445962124915,280747370000.0,110000.0
2022-04-14,113000.0,113000.0,110000.0,110000.0,4715700,-0.026548672566371723,-0.02690745291992438,112000.0,115035.71428571429,117142.85714285714,0.017025539445067243,3000.0,3000.0,33.93799616540005,-2933.304895610694,-2420.2996273578947,-513.0052682527994,126464.53339069852,107935.46660930148,0.15809783943171532,0.11142133681396653,111333.33333333333,111500.0,113350.0,117200.0,0.9865470852017937,0.9385665529010239,-5700.0,-0.026548672566371723,0.026548672566371723,0.02727272727272727,-0.02654867256637168,0.016246083152824317,0.015170353549237882,3319491.0,3487545.45,0.8980555365487484,1.35215442138539,518727000000.0,108000.0
2022-04-15,108000.0,108500.0,107000.0,108000.0,3694012,-0.018181818181818188,-0.01834913866819654,111285.71428571429,114321.42857142857,116761.90476190476,0.014853220005020882,1500.0,0.0,31.079838688178455,-3186.5357070050086,-2573.5468432873176,-612.988863717691,125950.9712925743,106849.0287074257,0.16410603595488477,0.06025414888793314,110333.33333333333,110700.0,112550.0,116400.0,0.975609756097561,0.9278350515463918,-5700.0,-0.018181818181818188,0.018181818181818188,0.013888888888888888,0.0,0.016924509225977817,0.015265864435862525,3204630.2,3447588.1,-0.21665669995970904,1.0714771871964635,398953296000.0,109000.0
2022-04-18,107000.0,109500.0,106500.0,109000.0,2670439,0.0092592592592593,0.009216655104924048,110642.85714285714,113535.71428571429,116047.61904761905,0.015534675661018784,3000.0,-2000.0,34.069625275277716,-3268.8500383594655,-2712.607482301747,-556.2425560577185,125042.60627470237,106257.39372529763,0.1624315827877625,0.14599814974088623,109000.0,110200.0,111750.0,115650.0,0.9891107078039928,0.9424989191526156,-5450.0,0.0092592592592593,0.0092592592592593,0.027522935779816515,0.018691588785046728,0.01850440103562253,0.015339691536539388,3260560.8,3581110.05,-0.277089787472266,0.7457014620368899,291077851000.0,112500.0
2022-04-19,110000.0,112500.0,109500.0,112500.0,3021192,0.032110091743119185,0.031605339415331044,110714.28571428571,112928.57142857143,115500.0,0.02041578181609817,3000.0,-2500.0,43.33497316216897,-3016.8871921173995,-2773.4634242648776,-243.4237678525219,123821.41948851998,106378.58051148002,0.1515450823374454,0.3509416957054764,109833.33333333333,110500.0,111350.0,115100.0,1.0180995475113122,0.9774109470026064,-4600.0,0.032110091743119185,0.032110091743119185,0.02666666666666667,0.022727272727272728,0.024667217913534507,0.01973145679392078,3317166.6,3619847.7,0.13134656886002638,0.8346185393379948,339884100000.0,112500.0
2022-04-20,112500.0,113000.0,111000.0,112500.0,2905007,0.0,0.0,110857.14285714286,112535.71428571429,114976.19047619047,0.020298815749837856,2000.0,0.0,43.33497316216897,-2785.09992292925,-2775.790723997752,-9.309198931498031,122383.12803015765,106716.87196984235,0.13676347499184022,0.36914550661578155,111333.33333333333,110400.0,111300.0,114550.0,1.0190217391304348,0.9821038847664775,-4150.0,0.0,0.0,0.017777777777777778,0.0,0.023183738639058243,0.01735312155120903,3401270.0,3560816.4,-0.03845667537845987,0.8158261122365085,326813287500.0,113000.0
2022-04-21,112500.0,115000.0,112500.0,113000.0,3199858,0.004444444444444473,0.004434597067865775,111142.85714285714,112321.42857142857,114476.19047619047,0.020155850749902643,2500.0,-500.0,44.62431079102764,-2531.875140255579,-2727.0076072493175,195.1324669937385,121511.10394232736,106838.89605767264,0.12850630947803568,0.41991661996359103,112666.66666666667,111000.0,111250.0,114175.0,1.018018018018018,0.9897087803809941,-3175.0,0.004444444444444473,0.004444444444444473,0.022123893805309734,0.0044444444444444444,0.01812745320696905,0.0173537186339785,3098101.6,3510045.7,0.10149751790615302,0.9116285864882043,361583954000.0,110500.0
2022-04-22,110500.0,112000.0,110500.0,110500.0,2360834,-0.02212389380530977,-0.0223722977545331,110785.71428571429,111857.14285714286,114000.0,0.02078953529261066,1500.0,0.0,39.753696244677464,-2504.056576733419,-2682.4174011461378,178.36082441271856,121079.3869030441,106520.6130969559,0.12793298599374514,0.2733325591870928,112000.0,111500.0,111100.0,113800.0,0.9910313901345291,0.9710017574692443,-2300.0,-0.02212389380530977,0.02212389380530977,0.013574660633484163,0.0,0.01945359445805051,0.018293226142722788,2831466.0,3352340.4,-0.2622066354194468,0.7042345699738607,260872157000.0,108000.0
2022-04-25,109000.0,109500.0,108000.0,108000.0,2282343,-0.022624434389140302,-0.022884293833587845,110500.0,111250.0,113523.80952380953,0.02006785432986382,1500.0,1000.0,35.57240730562984,-2653.1553480282164,-2676.5649905225537,23.409642494337277,120736.75084683453,105863.24915316547,0.13127539005886202,0.14366158627890868,110500.0,111300.0,110750.0,113300.0,0.9703504043126685,0.9532215357458076,-2000.0,-0.022624434389140302,0.022624434389140302,0.013888888888888888,-0.009174311926605505,0.02257606664821177,0.019514255682259826,2753846.8,3304717.95,-0.03324714910069915,0.6906317073140841,246493044000.0,111000.0
2022-04-26,109500.0,111000.0,108000.0,111000.0,2969516,0.02777777777777768,0.027398974188114347,110928.57142857143,111107.14285714286,113190.47619047618,0.021491009211590553,3000.0,-1500.0,43.28181352956703,-2500.4189967859274,-2641.3357917752282,140.9167949893008,119640.86073143041,106059.13926856959,0.12035198460665325,0.3637875172849907,109833.33333333333,111000.0,110750.0,112850.0,1.0,0.9836065573770492,-1850.0,0.02777777777777768,0.02777777777777768,0.02702702702702703,0.0136986301369863,0.020983976428831326,0.021779417114640594,2743511.6,3284431.4,0.30108226502326785,0.9041187463985395,329616276000.0,108500.0
2022-04-27,108000.0,109500.0,107500.0,108500.0,3261290,-0.022522522522522515,-0.022780028331819885,110857.14285714286,110750.0,112642.85714285714,0.023485411684564403,2000.0,-500.0,39.084625566215934,-2551.6891603791737,-2623.4064654960175,71.71730511684382,118096.205381485,106353.794618515,0.10463275351276441,0.18277382939567322,109166.66666666667,110200.0,110300.0,112225.0,0.984573502722323,0.9668077522833594,-2025.0,-0.022522522522522515,0.022522522522522515,0.018433179723502304,0.004629629629629629,0.02266204140260437,0.021869880672314494,2814768.2,3275681.8,0.09825641619711756,0.9956064719106722,353849965000.0,109500.0
2022-04-28,109500.0,110000.0,108000.0,109500.0,2804966,0.009216589861751112,0.00917437627604123,110428.57142857143,110571.42857142857,112095.23809523809,0.01955042522158445,2000.0,0.0,41.52722012366763,-2483.0069334464642,-2595.3265590861074,112.31962563964316,117115.32045872559,106484.67954127441,0.09508623360868676,0.28364427715507373,109666.66666666667,109500.0,110250.0,111800.0,1.0,0.9794275491949911,-2300.0,0.009216589861751112,0.009216589861751112,0.0182648401826484,0.0,0.02335494118360319,0.02063322651497648,2735789.8,3188026.95,-0.13992131947787534,0.8798438796133765,307143777000.0,112500.0
2022-04-29,110000.0,112500.0,109500.0,112500.0,3752415,0.027397260273972712,0.02702867238791942,110428.57142857143,110642.85714285714,111833.33333333333,0.022833557361557198,3000.0,-2500.0,48.233466284912566,-2161.583457263332,-2508.5779387215525,346.99448145822043,116576.07643798157,106673.92356201843,0.08870909631321955,0.5883646224170108,110166.66666666667,109900.0,110700.0,111625.0,1.0236578707916288,1.007838745800672,-1725.0,0.027397260273972712,0.027397260273972712,0.02666666666666667,0.022727272727272728,0.025259740286092524,0.021260195656517218,3014106.0,3183069.8,0.3377755737502701,1.1788667028288227,422146687500.0,110500.0
2022-05-02,110000.0,111500.0,110000.0,110500.0,2175384,-0.01777777777777778,-0.017937700686667318,110071.42857142857,110607.14285714286,111571.42857142857,0.023660165856743406,1500.0,-500.0,44.56399658428192,-2044.666677265006,-2415.795686430243,371.1290091652372,115572.30986457523,107027.69013542477,0.07677106674888108,0.40637383226420787,110833.33333333333,110400.0,110850.0,111300.0,1.0009057971014492,0.9928122192273136,-900.0,-0.01777777777777778,0.01777777777777778,0.013574660633484163,0.004545454545454545,0.024054081398649386,0.0222544461571109,2992714.2,3168299.4,-0.4202709455110909,0.686609352638832,240379932000.0,110000.0
2022-05-03,111000.0,112000.0,109500.0,110000.0,2676115,-0.004524886877828038,-0.004535155165391262,110000.0,110392.85714285714,111238.09523809524,0.022163909093507763,2500.0,1000.0,43.6695422675721,-1969.6502065852255,-2326.5665904612397,356.91638387601415,114506.43775700187,107443.56224299813,0.06364384333411795,0.36195424256496617,111000.0,110200.0,110600.0,110975.0,0.9981851179673321,0.991214237440865,-775.0,-0.004524886877828038,0.004524886877828038,0.022727272727272728,-0.009009009009009009,0.020407463051206706,0.019519303786822116,2934034.0,3197031.45,0.2301805106592676,0.8370624567987905,294372650000.0,109500.0
2022-05-04,110500.0,111000.0,108500.0,109500.0,2491890,-0.004545454545454519,-0.004555816535860691,110214.28571428571,110357.14285714286,110904.76190476191,0.020084225154319277,2500.0,1000.0,42.745588967834315,-1928.3165021314344,-2246.9165727952786,318.60007066384424,114254.97353177454,107345.02646822546,0.06236414317282556,0.3118654183535385,110000.0,110400.0,110300.0,110800.0,0.9918478260869565,0.9882671480144405,-400.0,-0.004545454545454519,0.004545454545454519,0.0228310502283105,-0.00904977375565611,0.017129409213833612,0.01951857179229895,2780154.0,3094529.05,-0.06884046462876225,0.8052566189352788,272861955000.0,107500.0
2022-05-06,108000.0,108500.0,106500.0,107500.0,2566813,-0.0182648401826484,-0.01843370168883802,109714.28571428571,110321.42857142857,110642.85714285714,0.017747712628535264,2000.0,500.0,39.17511149827568,-2033.5015883612941,-2204.2335759084817,170.7319875471876,114009.38591119353,106990.61408880647,0.06351829703517703,0.07257479286743507,109000.0,110000.0,109750.0,110500.0,0.9772727272727273,0.9728506787330317,-500.0,-0.0182648401826484,0.0182648401826484,0.018604651162790697,-0.004629629629629629,0.018564954884311823,0.01993383678174912,2732523.4,2971476.45,0.03006673649318392,0.8638173794041005,275932397500.0,110000.0
2022-05-10,107000.0,111000.0,107000.0,110000.0,4141923,0.023255813953488413,0.02298951822469878,109928.57142857143,110392.85714285714,110476.19047619047,0.018344802393808007,4000.0,-3000.0,45.323106679424654,-1893.3075495002413,-2142.0483706268337,248.74082112659244,113842.76510655995,106957.23489344005,0.06236893308985415,0.44190716072411856,109000.0,109500.0,109700.0,110400.0,1.004566210045662,0.9963768115942029,-900.0,0.023255813953488413,0.023255813953488413,0.03636363636363636,0.028037383177570093,0.016852859173322618,0.020702198750503727,2810425.0,2965156.8,0.613644235088415,1.3968647459048373,455611530000.0,110500.0
2022-05-11,110500.0,112500.0,108000.0,110500.0,3658168,0.00454545454545463,0.004535155165391363,110071.42857142857,110250.0,110404.76190476191,0.01812325271634932,4500.0,0.0,46.488083754389926,-1722.006720768637,-2058.0400406551944,336.03331988655736,113754.33160608803,106945.66839391197,0.06170061814387008,0.5220307563064291,109333.33333333333,109500.0,109950.0,110350.0,1.0091324200913243,1.0013593112822836,-850.0,0.00454545454545463,0.00454545454545463,0.04072398190045249,0.0,0.0152986170734916,0.019167105111174778,3106981.8,3028525.9,-0.11679478348583494,1.2079038188182574,404227564000.0,109000.0
2022-05-12,109500.0,111500.0,108500.0,109000.0,4132948,-0.013574660633484115,-0.013667638728663757,109571.42857142857,110000.0,110285.71428571429,0.014697368526476896,3000.0,500.0,43.49409744620358,-1687.8307812123385,-1983.9981887666233,296.16740755428486,113691.23600805835,106808.76399194165,0.06242605003280446,0.318379210685801,109833.33333333333,109300.0,109750.0,110250.0,0.9972552607502287,0.9886621315192744,-950.0,-0.013574660633484115,0.013574660633484115,0.027522935779816515,-0.0045662100456621,0.01647190835080759,0.01748385641433563,3398348.4,3098265.15,0.12978627553463928,1.3339555525129927,450491332000.0,112500.0
2022-05-13,109000.0,112500.0,109000.0,112500.0,4003349,0.032110091743119185,0.031605339415331044,109857.14285714286,109964.28571428571,110357.14285714286,0.018573933306806723,3500.0,-3500.0,51.36490669262935,-1362.6179421729175,-1859.7221394478825,497.1041972749649,113588.50381220778,106861.49618779222,0.061029781124205616,0.8381890027510783,110666.66666666667,109900.0,110150.0,110225.0,1.0236578707916288,1.0206396008165117,-325.0,0.032110091743119185,0.032110091743119185,0.03111111111111111,0.03211009174311927,0.022095372656405408,0.018737959231331744,3700640.2,3174208.1,-0.0313575201042936,1.2612118909280081,450376762500.0,110500.0
2022-05-16,113500.0,114000.0,110000.0,110500.0,3930044,-0.01777777777777778,-0.017937700686667318,109928.57142857143,109964.28571428571,110238.09523809524,0.02005894274192573,4000.0,3000.0,47.30961911544775,-1251.8373082568723,-1738.1451732096805,486.30786495280813,113613.89498553144,106886.10501446856,0.061023038286284664,0.5371593050727331,110666.66666666667,110500.0,110250.0,110250.0,1.0,1.002267573696145,250.0,-0.01777777777777778,0.01777777777777778,0.03619909502262444,-0.02643171806167401,0.021964462332472155,0.01978359218017551,3973286.4,3134925.3,-0.018310919182914054,1.2536324230755993,434269862000.0,112500.0
2022-05-17,111000.0,113000.0,110500.0,112500.0,2056143,0.018099547511312153,0.01793770068666725,110357.14285714286,110285.71428571429,110357.14285714286,0.020871618755207644,2500.0,-1500.0,51.43849628659257,-991.2332525305537,-1588.7627890738554,597.5295365433017,113807.06116074522,107142.93883925478,0.060322446901927416,0.8038659709876257,111833.33333333333,111000.0,110250.0,110475.0,1.0135135135135136,1.0183299389002036,525.0,0.018099547511312153,0.018099547511312153,0.022222222222222223,0.013513513513513514,0.021036258620968855,0.018592164159943726,3556130.4,3053031.85,-0.4768142544968962,0.6734757778566902,231316087500.0,113500.0
2022-05-18,114000.0,115000.0,113000.0,113500.0,3570113,0.008888888888888946,0.0088496152769826,111214.28571428571,110464.28571428571,110619.04761904762,0.018417502667371247,2000.0,500.0,53.404564962664615,-695.9881005793723,-1410.2078513749589,714.2197507955866,114215.37974290708,107184.62025709292,0.06351182914014605,0.8982500049460528,112166.66666666667,111600.0,110550.0,110700.0,1.0170250896057347,1.025293586269196,900.0,0.008888888888888946,0.008888888888888946,0.01762114537444934,-0.0043859649122807015,0.021118804727607198,0.017621408209039256,3538519.4,3098015.55,0.736315518910893,1.1523870498325937,405207825500.0,111000.0
2022-05-19,110500.0,112500.0,110000.0,111000.0,3680049,-0.022026431718061623,-0.022272635609123178,111357.14285714286,110642.85714285714,110714.28571428571,0.020051923132531933,2500.0,-500.0,48.155552327662654,-656.1693849415024,-1259.4001580882675,603.2307731467652,114041.29223451074,107208.70776548926,0.0617634754261828,0.5548840635194819,112333.33333333333,112000.0,110650.0,110625.0,0.9910714285714286,1.0033898305084745,1375.0,-0.022026431718061623,0.022026431718061623,0.02252252252252252,0.004524886877828055,0.023261679260519683,0.0192279780703624,3447939.6,3130958.4,0.030793423065320402,1.1753746073406788,408485439000.0,112500.0
2022-05-20,111500.0,113000.0,111000.0,112500.0,2398978,0.013513513513513598,0.01342302033214077,111642.85714285714,110857.14285714286,110714.28571428571,0.020566241067641263,2000.0,-1000.0,51.2515188729,-497.83655206349795,-1107.0874368833136,609.2508848198156,114041.29223451074,107208.70776548926,0.0617634754261828,0.7744203175974095,112333.33333333333,112000.0,110950.0,110625.0,1.0044642857142858,1.0169491525423728,1375.0,0.013513513513513598,0.013513513513513598,0.017777777777777778,0.008968609865470852,0.01864360964165408,0.01948815290355179,3127065.4,3105656.95,-0.3481124843718113,0.7724542789569852,269885025000.0,113000.0
2022-05-23,113000.0,113500.0,111000.0,113000.0,3160028,0.004444444444444473,0.004434597067865775,112214.28571428571,110892.85714285714,110738.09523809524,0.019283390714469304,2500.0,0.0,52.274592941494895,-328.2272208677605,-951.315393680203,623.0881728124425,114041.29223451074,107208.70776548926,0.0617634754261828,0.8475990689567187,112166.66666666667,112500.0,111500.0,110625.0,1.0044444444444445,1.0214689265536723,1875.0,0.004444444444444473,0.004444444444444473,0.022123893805309734,0.0,0.015724764357842265,0.018018518451651203,2973062.2,3103665.45,0.3172392577172445,1.0181599953049063,357083164000.0,108500.0
2022-05-24,111500.0,112000.0,108500.0,108500.0,4491835,-0.03982300884955747,-0.04063764573182627,111642.85714285714,110750.0,110523.80952380953,0.021916250928188066,3500.0,3000.0,43.43870751787814,-550.5762950492499,-871.1675739540124,320.5912789047625,114071.31016543577,106978.68983456423,0.06417209075658492,0.21449197820642885,111333.33333333333,111700.0,111350.0,110525.0,0.9713518352730528,0.9816783533137299,1175.0,-0.03982300884955747,0.03982300884955747,0.03225806451612903,-0.026905829596412557,0.022953103789056285,0.021650234573096585,3460200.6,3210215.5,0.4214541769883051,1.399231609217512,487364097500.0,108000.0
2022-05-25,109500.0,110000.0,107000.0,108000.0,4151560,-0.004608294930875556,-0.0046189458562945285,111285.71428571429,110607.14285714286,110404.76190476191,0.021189345375167912,3000.0,1500.0,42.57755066038619,-758.3930763019889,-848.6126744236077,90.21959812161879,114071.31016543577,106978.68983456423,0.06417209075658492,0.14399617035616435,109833.33333333333,110600.0,111100.0,110525.0,0.976491862567812,0.977154489934404,75.0,-0.004608294930875556,0.004608294930875556,0.027777777777777776,-0.0136986301369863,0.021355295361078823,0.02157558661476718,3576490.0,3303676.35,-0.07575411830577039,1.2566485212753966,448368480000.0,103000.0
2022-05-26,107500.0,108500.0,101500.0,103000.0,8523001,-0.04629629629629628,-0.047402238894583906,109928.57142857143,110142.85714285714,110166.66666666667,0.02443366363318849,7000.0,4500.0,35.086679567047014,-1311.4302345336182,-941.1761864456098,-370.2540480880084,115001.09636794364,105248.90363205636,0.08855566616015689,-0.23060492065344218,106500.0,109000.0,110500.0,110125.0,0.944954128440367,0.9353007945516458,-1125.0,-0.04629629629629628,0.04629629629629628,0.06796116504854369,-0.04186046511627907,0.026896744402609318,0.02561627003187046,4545080.4,3581350.6,1.0529634643362975,2.379828716015684,877869103000.0,106000.0
2022-05-27,105500.0,107000.0,105000.0,106000.0,3686487,0.029126213592232997,0.02871010588243136,108857.14285714286,110035.71428571429,109928.57142857143,0.028202397750988237,2000.0,-500.0,41.71281987887413,-1490.4601421562838,-1051.0329775877447,-439.4271645685392,115170.76803823789,104829.23196176211,0.09401396433159799,0.11321026485621152,105666.66666666667,107700.0,109850.0,110000.0,0.9842154131847726,0.9636363636363636,-2300.0,0.029126213592232997,0.029126213592232997,0.018867924528301886,0.004739336492890996,0.031484764834450035,0.025144504185992934,4802582.2,3602610.45,-0.5674660838359634,1.0232821591909833,390767622000.0,107000.0
2022-05-30,108000.0,108000.0,106000.0,107000.0,2054526,0.009433962264151052,0.009389740349839137,108285.71428571429,109821.42857142857,109857.14285714286,0.028400641141426135,2000.0,1000.0,43.7731370670015,-1533.9683587591717,-1147.62005382203,-386.3483049371416,115214.77133356254,104535.22866643746,0.09719720288623518,0.23079371564756865,105333.33333333333,106500.0,109500.0,109875.0,1.0046948356807512,0.9738339021615472,-3375.0,0.009433962264151052,0.009433962264151052,0.018691588785046728,-0.009259259259259259,0.0321850252408672,0.025158139442805195,4581481.8,3565088.45,-0.44268730637053655,0.576290330188021,219834282000.0,108000.0
2022-05-31,106500.0,108000.0,105500.0,108000.0,4024509,0.009345794392523255,0.00930239266231341,107642.85714285714,109642.85714285714,109785.71428571429,0.027988987569593598,2500.0,-1500.0,45.83502140518002,-1470.8027921801258,-1212.2566014936492,-258.5461906864766,114902.56829410241,104397.43170589759,0.09580607923579414,0.342933979377991,107000.0,106400.0,109050.0,109650.0,1.0150375939849625,0.9849521203830369,-3250.0,0.009345794392523255,0.009345794392523255,0.023148148148148147,0.014084507042253521,0.028228819150024925,0.02448870543231064,4488016.6,3578693.15,0.9588503625653801,1.1245750421491152,434646972000.0,107000.0
2022-06-02,106000.0,107500.0,106000.0,107000.0,3097583,-0.0092592592592593,-0.009302392662313561,106785.71428571429,109500.0,109523.80952380953,0.027628461144079266,1500.0,-1000.0,44.09368945459239,-1484.324894807025,-1266.6702601563245,-217.65463465070047,114840.3370914848,104109.6629085152,0.09801940336122048,0.26935279575182597,107333.33333333333,106200.0,108400.0,109475.0,1.0075329566854991,0.9773920986526604,-3275.0,-0.0092592592592593,0.0092592592592593,0.014018691588785047,0.009433962264150943,0.028469534316357466,0.0241134492605066,4277221.2,3624803.1,-0.23032027012487732,0.8545520720835843,331441381000.0,107000.0
2022-06-03,108000.0,108500.0,107000.0,107000.0,1638006,0.0,0.0,106571.42857142857,109107.14285714286,109357.14285714286,0.02354473436222612,1500.0,1000.0,44.09368945459239,-1478.003751340264,-1308.9369583931125,-169.0667929471515,114795.25449229976,103854.74550770024,0.10007325849164898,0.28748703526748154,107333.33333333333,107000.0,108000.0,109325.0,1.0,0.978733135147496,-2325.0,0.0,0.0,0.014018691588785047,-0.009259259259259259,0.014245175174561971,0.023444496807118725,2900222.2,3572897.65,-0.47119867328817344,0.4584530989853572,175266642000.0,104000.0
2022-06-07,105500.0,106000.0,103500.0,104000.0,3174521,-0.028037383177570097,-0.028437935320533514,106000.0,108642.85714285714,109071.42857142857,0.025618088624792482,2500.0,1500.0,38.94573541712527,-1695.5241802328092,-1386.2544027610518,-309.2697774717574,115013.92664715378,103086.07335284622,0.10937967257503503,0.07662121796802664,106000.0,106600.0,107150.0,109050.0,0.975609756097561,0.9536909674461256,-2450.0,-0.028037383177570097,0.028037383177570097,0.02403846153846154,-0.014218009478672985,0.015649259107907897,0.023790904667318726,2797829.0,3607029.2,0.9380399094997209,0.8800929584933773,330150184000.0,106000.0
2022-06-08,104500.0,107500.0,104500.0,106000.0,3075530,0.019230769230769162,0.01904819497069441,106428.57142857143,108178.57142857143,108904.76190476191,0.018882546774805078,3000.0,-1500.0,43.66756361007059,-1687.0797962570796,-1446.4194814602574,-240.66031479682215,115057.54621199478,102892.45378800522,0.11163195617333842,0.25544780949355533,105666.66666666667,106400.0,106450.0,108975.0,0.9962406015037594,0.9727001605872907,-2575.0,0.019230769230769162,0.019230769230769162,0.02830188679245283,0.014354066985645933,0.018123100870212773,0.025046751224057664,3002029.8,3632465.05,-0.03118297217123467,0.8466784835273227,326006180000.0,105500.0
2022-06-09,105500.0,107000.0,104500.0,105500.0,4640744,-0.004716981132075526,-0.004728141195946012,106357.14285714286,107607.14285714286,108809.52380952382,0.015556069776811935,2500.0,0.0,42.77687093258244,-1701.1238852076349,-1497.360362209733,-203.76352299790187,115003.42011685559,102496.57988314441,0.11500542743642461,0.24014219904721515,105166.66666666667,105900.0,106150.0,108750.0,0.996222851746931,0.9701149425287356,-2850.0,-0.004716981132075526,0.004716981132075526,0.023696682464454975,0.0,0.017030042889882736,0.02207737895752628,3125276.8,3657406.1,0.5089249657782562,1.2688621042109598,489598492000.0,103500.0
2022-06-10,104000.0,104500.0,102500.0,103500.0,3480289,-0.018957345971563955,-0.019139340210697395,105857.14285714286,107071.42857142857,108500.0,0.016203304519740527,2000.0,500.0,39.32187300409665,-1852.2852211636782,-1568.3453340005221,-283.9398871631561,115014.17934599993,101785.82065400007,0.12203282926199135,0.1295836759428529,105000.0,105200.0,105700.0,108400.0,0.9838403041825095,0.9547970479704797,-3200.0,-0.018957345971563955,0.018957345971563955,0.01932367149758454,-0.004807692307692308,0.018210888992814714,0.022682012136891822,3201818.0,3648512.15,-0.25005796484356824,0.9538926710165951,360209911500.0,99000.0
2022-06-13,100000.0,101000.0,99000.0,99000.0,4133447,-0.04347826086956519,-0.04445176257083381,104571.42857142857,106107.14285714286,107952.38095238095,0.020579701700424117,2000.0,1000.0,32.88588144009154,-2308.5821627684054,-1716.3926997540989,-592.1894630143065,115724.38832315845,100075.61167684155,0.1450303674357451,-0.06873455357896675,102666.66666666667,103600.0,105300.0,107900.0,0.9555984555984556,0.917516218721038,-4300.0,-0.04347826086956519,0.04347826086956519,0.020202020202020204,-0.01,0.02384296182794854,0.022108567734194954,3700906.2,3648537.1,0.18767349493102436,1.1329052951112926,409211253000.0,99100.0
2022-06-14,96900.0,99600.0,96800.0,99100.0,3242550,0.0010101010101009056,0.0010095912013522745,103442.85714285714,105114.28571428571,107480.95238095238,0.0212006229148628,2800.0,-2200.0,33.14774165642298,-2631.793929977037,-1899.4729457986864,-732.3209841783505,115666.78661701552,98793.21338298448,0.15735869844288944,0.018181484903078075,100533.33333333333,102620.0,104610.0,107230.0,0.9656986942116547,0.9241816655786627,-4610.0,0.0010101010101009056,0.0010101010101009056,0.028254288597376387,0.022703818369453045,0.023466417401607927,0.019040643293669782,3714512.0,3610497.15,-0.21553366959827958,0.8980896162734819,321336705000.0,97900.0
2022-06-15,98500.0,98900.0,96700.0,97900.0,2578500,-0.012108980827447047,-0.012182891799477631,102142.85714285714,104357.14285714286,106785.71428571429,0.02064396925865303,2200.0,600.0,31.556589815141493,-2950.75706462792,-2109.729769564533,-841.0272950633871,115851.11657556731,97348.88342443269,0.17356691511383326,0.029786489612661546,98666.66666666667,101000.0,103700.0,106600.0,0.9693069306930693,0.9183864915572233,-5600.0,-0.012108980827447047,0.012108980827447047,0.02247191011235955,-0.006091370558375634,0.01728423648865388,0.018233753407402797,3615106.0,3542919.95,-0.20479252440209095,0.7277895172314012,252435150000.0,97400.0
2022-06-16,99900.0,101500.0,97100.0,97400.0,3810703,-0.005107252298263587,-0.005120338887975335,101200.0,103600.0,106161.90476190476,0.0195321040580334,4400.0,2500.0,30.891215369630203,-3206.9161351990915,-2329.1670426914447,-877.7490925076468,115523.51119477411,96166.48880522589,0.18288083886388795,0.06372422214276827,98133.33333333333,99380.0,102640.0,105845.0,0.9800764741396659,0.9202135197694742,-6465.0,-0.005107252298263587,0.005107252298263587,0.045174537987679675,-0.025025025025025027,0.01722329280413424,0.01718745732108216,3449097.8,3630647.95,0.4778758968392476,1.049593089850532,371162472200.0,96400.0
2022-06-17,95100.0,96400.0,95000.0,96400.0,3965464,-0.010266940451745366,-0.010320009031989472,99828.57142857143,103128.57142857143,105395.23809523809,0.015051725117286372,1400.0,-1300.0,29.54926216218479,-3450.8365906585823,-2553.5009522848723,-897.33563837371,114840.86691349385,95139.13308650615,0.18765343201245555,0.06399776408341791,97233.33333333333,97960.0,101580.0,104990.0,0.9840751327072275,0.918182684065149,-7030.0,-0.010266940451745366,0.010266940451745366,0.014522821576763486,0.013669821240799159,0.0172544426983981,0.01718465760666042,3546132.8,3650415.5,0.04061219150377249,1.0863048329703837,382270729600.0,94500.0
2022-06-20,96700.0,96800.0,93100.0,94500.0,2386222,-0.01970954356846477,-0.019906367116802902,98257.14285714286,102307.14285714286,104490.47619047618,0.014655113381364082,3700.0,2200.0,27.137112262344218,-3754.183539059508,-2793.6374696397997,-960.5460694197081,114640.49019076633,93689.50980923367,0.2011326297847901,0.038685072297654395,96100.0,97060.0,100330.0,104165.0,0.9736245621265197,0.907214515432247,-7105.0,-0.01970954356846477,0.01970954356846477,0.039153439153439155,-0.022750775594622543,0.00776274941717502,0.017008667512861852,3196687.8,3585724.15,-0.39824898170806744,0.6654784083153747,225497979000.0,95200.0
2022-06-21,94700.0,95900.0,93900.0,95200.0,2707302,0.007407407407407307,0.00738010729762246,97071.42857142857,101464.28571428571,103738.09523809524,0.016885039207153688,2000.0,-500.0,29.422974866938688,-3893.2253528886067,-3013.5550462895612,-879.6703065990455,113734.55796859643,92865.44203140357,0.20202435563594257,0.11186664426142709,95366.66666666667,96280.0,99450.0,103300.0,0.9887827170751974,0.9215876089060987,-7020.0,0.007407407407407307,0.007407407407407307,0.02100840336134454,0.005279831045406547,0.010060853926679351,0.0170380380935368,3089638.2,3601140.35,0.13455579573065712,0.7517901933480599,257735150400.0,92200.0
2022-06-22,95700.0,95700.0,91700.0,92200.0,3509830,-0.031512605042016806,-0.03201981123477148,96100.0,100335.71428571429,102771.42857142857,0.013132490267029654,4000.0,3500.0,25.70153726305091,-4197.110245741729,-3250.266086179995,-946.8441595617342,112769.82497725966,91750.17502274034,0.20555104590767967,0.021400212574089347,93966.66666666667,95140.0,98070.0,102260.0,0.9690981711162497,0.9016233131234109,-7120.0,-0.031512605042016806,0.031512605042016806,0.04338394793926247,-0.03657262277951933,0.01472419930325569,0.015269888757876438,3275904.2,3618630.45,0.29643091166039115,0.9699332519572424,323606326000.0,90200.0
2022-06-23,92100.0,93000.0,89700.0,90200.0,3983116,-0.021691973969631184,-0.021930703493970118,94828.57142857143,99135.71428571429,101685.71428571429,0.012735276278765037,3300.0,1900.0,23.561955368205275,-4546.910543609643,-3509.5949776659245,-1037.3155659437189,112718.37148550806,89971.62851449194,0.22444859609271423,0.010039744406443257,92533.33333333333,93700.0,96540.0,101345.0,0.9626467449306296,0.8900291084907987,-7645.0,-0.021691973969631184,0.021691973969631184,0.036585365853658534,-0.02062975027144408,0.014696959654218756,0.015097432977455298,3310386.8,3593194.5,0.13484584723476645,1.1085166694984088,359277063200.0,91600.0
2022-06-24,90500.0,92000.0,90500.0,91600.0,3045970,0.015521064301552201,0.015401844611506703,93928.57142857143,98035.71428571429,100880.95238095238,0.016806994894652844,1500.0,-1100.0,28.075613905058063,-4657.473049989247,-3739.170592130589,-918.3024578586578,112237.85843129586,88812.14156870414,0.23303374148313066,0.11900845757031062,91333.33333333333,92740.0,95350.0,100525.0,0.9877075695492775,0.9112161153941806,-7785.0,0.015521064301552201,0.015521064301552201,0.016375545851528384,0.012154696132596685,0.020298473968873725,0.017884935315700387,3126488.0,3537915.0,-0.2352796152559956,0.8609505881288838,279010852000.0,95000.0
2022-06-27,92700.0,96100.0,92600.0,95000.0,3408749,0.037117903930131035,0.03644561992045628,93585.71428571429,97392.85714285714,100261.90476190476,0.024290025537195156,3500.0,-2300.0,37.697499223964016,-4419.79440911868,-3875.2953555282074,-544.4990535904726,112026.85744017779,88223.14255982221,0.23773997383626044,0.2846974715602272,92266.66666666667,92840.0,94950.0,100125.0,1.023265833692374,0.9488139825218477,-7285.0,0.037117903930131035,0.037117903930131035,0.03684210526315789,0.02481121898597627,0.027963082308347695,0.02013823295149467,3330993.4,3282202.4,0.11910130434639865,1.0385553919526718,323831155000.0,95300.0
2022-06-28,94500.0,95300.0,93700.0,95300.0,2022966,0.0031578947368420263,0.003152919059615515,93428.57142857143,96628.57142857143,99895.23809523809,0.024199101450213954,1600.0,-800.0,38.47954215116313,-4159.279298361187,-3932.0921440948036,-227.18715426638346,111340.90590012887,87839.09409987113,0.2359856592053192,0.3174608818902655,93966.66666666667,92860.0,94570.0,99590.0,1.02627611458109,0.9569233858821167,-6730.0,0.0031578947368420263,0.0031578947368420263,0.016789087093389297,0.008465608465608466,0.027797736204586036,0.020208154910761715,3194126.2,3199026.35,-0.406537119629518,0.6323692832351944,192788659800.0,94000.0
2022-06-29,93300.0,94900.0,92900.0,94000.0,2529973,-0.01364113326337879,-0.01373502839015252,93357.14285714286,95807.14285714286,99323.80952380953,0.023525735808417894,2000.0,-700.0,36.35023127375871,-4011.4765272735676,-3947.9690207305566,-63.507506543011004,110399.65922153376,87480.34077846624,0.23164866022910366,0.28446130445496653,94766.66666666667,93220.0,94180.0,98940.0,1.0083673031538296,0.9500707499494643,-5720.0,-0.01364113326337879,0.01364113326337879,0.02127659574468085,0.007502679528403001,0.02345998572056353,0.02028449598964953,2998154.8,3222798.7,0.25062556661851954,0.7850235883488472,237817462000.0,91000.0
2022-06-30,91500.0,93100.0,91000.0,91000.0,3098854,-0.03191489361702127,-0.032435275753153844,92757.14285714286,94914.28571428571,98561.90476190476,0.025921441809007358,2100.0,500.0,31.95563294218131,-4089.278042492413,-3976.230825082928,-113.04721740948526,109237.79185120955,86942.20814879045,0.2272972138079223,0.18199980343054548,93433.33333333333,93380.0,93540.0,98090.0,0.974512743628186,0.9277194413293913,-4710.0,-0.03191489361702127,0.03191489361702127,0.023076923076923078,-0.00546448087431694,0.026515469706034838,0.022151328793086515,2821302.4,3176515.95,0.22485654985250836,0.9755512167348003,281995714000.0,87500.0
2022-07-01,91000.0,92500.0,87100.0,87500.0,4959176,-0.038461538461538436,-0.03922071315328127,92085.71428571429,94092.85714285714,97585.71428571429,0.02721606303708758,5400.0,3500.0,27.741793230926277,-4382.834465612657,-4057.5515531888736,-325.2829124237837,108391.85566477686,85838.14433522314,0.23223715522374208,0.07368435467200514,90833.33333333333,92560.0,92650.0,97115.0,0.9453327571305099,0.9009936673016526,-4555.0,-0.038461538461538436,0.038461538461538436,0.061714285714285715,-0.038461538461538464,0.030368460419855962,0.024360679483168824,3203943.6,3269595.6,0.6003257978594667,1.5167551607911387,433927900000.0,89100.0
2022-07-04,87500.0,89600.0,86300.0,89100.0,4331728,0.01828571428571424,0.018120541113194836,91928.57142857143,93378.57142857143,96733.33333333333,0.027872476011959958,3300.0,-1600.0,32.14671392966237,-4435.246655058872,-4133.090573562873,-302.1560814959994,107024.98910104418,85415.01089895582,0.22458925589366407,0.17052257371958232,89200.0,91380.0,92110.0,96220.0,0.9750492449113591,0.9260029099979215,-4840.0,0.01828571428571424,0.01828571428571424,0.037037037037037035,0.018285714285714287,0.0236916152696434,0.025505470221090412,3388539.4,3404281.7,-0.1265226319856363,1.2724352394221665,385956964800.0,92500.0
2022-07-05,90400.0,93400.0,90400.0,92500.0,3560085,0.038159371492704874,0.03744931004161593,92057.14285714286,92992.85714285714,96042.85714285714,0.03118315433059938,3000.0,-2100.0,40.45379788599101,-4154.54114359869,-4137.380687570037,-17.160456028653243,105917.59512130772,85372.40487869228,0.21480673576888956,0.34692280953054655,89700.0,90820.0,91840.0,95645.0,1.0184981281656023,0.9671179883945842,-4825.0,0.038159371492704874,0.038159371492704874,0.032432432432432434,0.023230088495575223,0.03287243353451467,0.028875663328883968,3695963.2,3423559.9,-0.17813745461395547,1.0398781105012944,329307862500.0,92100.0
2022-07-06,92800.0,93600.0,90900.0,92100.0,3981326,-0.00432432432432428,-0.004333701257118305,91642.85714285714,92614.28571428571,95476.19047619047,0.027083778000790308,2700.0,700.0,39.83589804341512,-3919.17880677263,-4093.7403114105555,174.56150463792528,104091.3462097393,85808.6537902607,0.19255073638208123,0.3441148636858555,91233.33333333333,90440.0,91830.0,94950.0,1.0183547103051747,0.9699842022116903,-4510.0,-0.00432432432432428,0.00432432432432428,0.029315960912052116,-0.007543103448275862,0.032559181631082845,0.027063309216526873,3986233.8,3468849.7,0.11832329846057044,1.1477366690173978,366680124600.0,93900.0
2022-07-07,91300.0,95200.0,91300.0,93900.0,3330794,0.019543973941368087,0.019355442952956072,91442.85714285714,92435.71428571429,94900.0,0.02849529912922847,3900.0,-2600.0,43.98238759769237,-3546.5253655924025,-3984.2973222469254,437.7719566545229,102047.746379875,86692.253620125,0.16271582875649032,0.46939206006908685,92833.33333333333,91020.0,92200.0,94370.0,1.031641397495056,0.9950196036876126,-3350.0,0.019543973941368087,0.019543973941368087,0.04153354632587859,0.028477546549835708,0.029368227565864675,0.026488946747085795,4032621.8,3403352.2,-0.16339581335464615,0.978680372839461,312761556600.0,94800.0
2022-07-08,95900.0,96500.0,94500.0,94800.0,2814478,0.009584664536741228,0.00953902304675891,91557.14285714286,92457.14285714286,94390.47619047618,0.028270312712172875,2000.0,1100.0,45.98684740057391,-3142.349303521376,-3815.9077185018155,673.5584149804395,100310.04179552858,87559.95820447142,0.13573304509562104,0.567842692467264,93600.0,92480.0,92520.0,93935.0,1.0250865051903115,1.0092084952360676,-1455.0,0.009584664536741228,0.009584664536741228,0.02109704641350211,-0.011470281543274244,0.015514061962885982,0.026276303647593063,3603682.2,3370061.65,-0.15501288881870212,0.835141398674413,266812514400.0,93700.0
2022-07-11,95000.0,95700.0,93500.0,93700.0,1885425,-0.011603375527426185,-0.011671220016599641,91942.85714285714,92350.0,93923.80952380953,0.025058481586126537,2200.0,1300.0,43.91835613072598,-2877.626185904228,-3628.251411982298,750.6252260780702,99582.37773880485,87757.62226119515,0.126238448570617,0.5025370503480436,94133.33333333333,93400.0,92390.0,93670.0,1.0032119914346895,1.0003202732998826,-270.0,-0.011603375527426185,0.011603375527426185,0.023479188900747065,-0.01368421052631579,0.01972138533298392,0.023802437786061625,3114421.6,3257660.55,-0.33009780143955647,0.578766563017132,176664322500.0,93300.0
2022-07-12,94000.0,94000.0,91700.0,93300.0,2385688,-0.004268943436499417,-0.0042780813910783125,92771.42857142857,92428.57142857143,93652.38095238095,0.017230149305562253,2300.0,700.0,43.15814398558969,-2669.337405025799,-3436.4686105909987,767.1312055651997,98711.3768341178,88048.6231658822,0.11418669595454686,0.49249724766330105,93933.33333333333,93560.0,92190.0,93380.0,0.9972210346301839,0.9991432855001071,180.0,-0.004268943436499417,0.004268943436499417,0.02465166130760986,-0.007446808510638298,0.012544307340830467,0.023769924508530597,2879542.2,3214817.45,0.26533168914170546,0.7420912811083565,222584690400.0,94000.0
2022-07-13,94600.0,96400.0,93800.0,94000.0,2721816,0.007502679528403,0.007474674416705754,93471.42857142857,92700.0,93409.52380952382,0.016772065838680086,2600.0,600.0,44.953862699605295,-2419.8879339099076,-3233.1524752547807,813.2645413448731,98088.3930250281,88281.6069749719,0.10523996405061109,0.5831057184117246,93666.66666666667,93940.0,92190.0,93185.0,1.0006387055567383,1.0087460428180501,755.0,0.007502679528403,0.007502679528403,0.027659574468085105,-0.006342494714587738,0.012214723751001683,0.02354526039618972,2627640.2,3221983.25,0.14089352840773817,0.8447641681563677,255850704000.0,94000.0
2022-07-14,92800.0,95500.0,92300.0,94000.0,2550307,0.0,0.0,93685.71428571429,92871.42857142857,93223.80952380953,0.010470840087029252,3200.0,-1200.0,44.953862699605295,-2196.873243617869,-3025.8966289273985,829.0233853095297,97522.89949918322,88507.10050081678,0.09692844163163393,0.6092526574936367,93766.66666666667,93960.0,92490.0,93015.0,1.0004257130693912,1.0105896898349729,945.0,0.0,0.0,0.03404255319148936,0.01293103448275862,0.008670682482984957,0.020690895512665824,2471542.8,3158963.45,-0.06301270916182433,0.8073239973700866,239728858000.0,98700.0
2022-07-15,95900.0,99000.0,95500.0,98700.0,4457208,0.050000000000000044,0.04879016416943204,94628.57142857143,93135.71428571429,93285.71428571429,0.019883859228794907,3500.0,-2800.0,55.82180272941722,-1622.1822669660614,-2745.153756535131,1122.9714895690695,98095.6080350642,88164.3919649358,0.1066382054131687,1.0608578003607956,95566.66666666667,94740.0,93610.0,93130.0,1.0417986067131095,1.0598088693224526,1610.0,0.050000000000000044,0.050000000000000044,0.03546099290780142,0.029197080291970802,0.02430295772974324,0.01967018702969874,2800088.8,3183550.65,0.7477142947888236,1.4000744734499513,439926429600.0,101000.0
2022-07-18,101000.0,103500.0,100000.0,101000.0,4564780,0.023302938196555267,0.0230355704018236,95642.85714285714,93542.85714285714,93504.76190476191,0.020221707895467466,3500.0,0.0,59.98526810304633,-969.963612700798,-2390.1157277682646,1420.1521150674666,99525.97494988282,87384.02505011718,0.12992295650062205,1.1213993684939876,97900.0,96200.0,94800.0,93455.0,1.04989604989605,1.0807340431223584,2745.0,0.023302938196555267,0.023302938196555267,0.034653465346534656,0.0,0.022056566508269704,0.019902779240939163,3335959.8,3292478.55,0.024134390856338728,1.38642664809464,461042780000.0,100000.0
2022-07-19,100000.0,100500.0,98700.0,100000.0,2709084,-0.00990099009900991,-0.009950330853168092,96385.71428571429,93971.42857142857,93766.66666666667,0.021653095456912064,1800.0,0.0,57.4501679752511,-527.6844549408124,-2017.6294732027743,1489.9450182619619,100402.56838833641,86987.43161166359,0.14317879050827495,0.9699914808892277,99900.0,97540.0,95550.0,93695.0,1.0252204223908141,1.0672928117829126,3845.0,-0.00990099009900991,0.00990099009900991,0.018,0.0,0.02340861748312044,0.018871945061489544,3400639.0,3292567.65,-0.4065247394178909,0.8227876502400794,270908400000.0,102000.0
2022-07-20,103000.0,104500.0,101000.0,102000.0,3981053,0.020000000000000018,0.01980262729617973,97571.42857142857,94757.14285714286,94090.47619047618,0.020196300137125867,3500.0,1000.0,61.00016479379227,-15.611787693647784,-1617.2259361009492,1601.6141484073014,101802.78390209035,86567.21609790965,0.1617621468830567,1.0129444534292666,101000.0,99140.0,96540.0,94185.0,1.028848093605003,1.0829749960184742,4955.0,0.020000000000000018,0.020000000000000018,0.03431372549019608,-0.009708737864077669,0.023183396775710196,0.018675864865064604,3652486.4,3316128.8,0.4695199558227061,1.2005121755222536,406067406000.0,102500.0
2022-07-21,102000.0,103000.0,100500.0,102500.0,2143984,0.004901960784313708,0.00488998529419177,98885.71428571429,95828.57142857143,94580.95238095238,0.019229408656198897,2500.0,-500.0,61.856946650568304,425.64869847086084,-1208.651009186587,1634.299707657448,103024.99400095762,86575.00599904238,0.1735230801889794,0.9680854477889893,101500.0,100840.0,97400.0,94800.0,1.0164617215390719,1.0812236286919832,6040.0,0.004901960784313708,0.004901960784313708,0.024390243902439025,0.004901960784313725,0.022391793632383413,0.01845336462846498,3571221.8,3224172.2,-0.4614530376762128,0.664971926747585,219758360000.0,100000.0
2022-07-22,102500.0,102500.0,100000.0,100000.0,3126556,-0.024390243902439046,-0.02469261259037152,99742.85714285714,96607.14285714286,95047.61904761905,0.02411420704100331,2500.0,2500.0,55.31367850466421,567.0847067368595,-853.5038660018978,1420.5885727387572,103613.13002275949,86826.86997724051,0.17628922543078115,0.7847566990525683,101500.0,101100.0,97920.0,95220.0,0.9891196834817013,1.0501995379122033,5880.0,-0.024390243902439046,0.024390243902439046,0.025,-0.024390243902439025,0.020132385204271463,0.021240967427023583,3305091.4,3228201.5,0.4582925991985014,0.9685132727929158,312655600000.0,100000.0
2022-07-25,99100.0,101500.0,98900.0,100000.0,2185108,0.0,0.0,100600.0,97142.85714285714,95447.61904761905,0.02411420704100331,2600.0,-900.0,55.31367850466421,671.4338903442695,-548.5163147326643,1219.9502050769338,104129.18435444181,86810.81564555819,0.18140115961960424,0.7615719803722792,100833.33333333333,100900.0,98550.0,95470.0,0.9910802775024777,1.0474494605635278,5430.0,0.0,0.0,0.026,0.009081735620585268,0.016577930599014048,0.020503675772871155,2829157.0,3167019.45,-0.30111342960113296,0.6899572403952239,218510800000.0,100500.0
2022-07-26,100500.0,101000.0,99100.0,100500.0,1636970,0.004999999999999893,0.004987541511038968,100857.14285714286,97742.85714285714,95709.52380952382,0.016500719706988982,1900.0,0.0,56.38384891887906,785.4233203461481,-281.72838771690186,1067.15170806305,104675.23689780735,86784.76310219265,0.1868847152994328,0.7666223407213072,100166.66666666667,101000.0,99270.0,95730.0,0.995049504950495,1.0498276402381699,5270.0,0.004999999999999893,0.004999999999999893,0.01890547263681592,0.0,0.016107742024832547,0.020158577385863626,2614734.2,3147719.65,-0.2508516741506598,0.5200494904303183,164515485000.0,100000.0
2022-07-27,101000.0,101500.0,98600.0,100000.0,3159499,-0.00497512437810943,-0.004987541511039051,100714.28571428571,98178.57142857143,95933.33333333333,0.0139068160171762,2900.0,1000.0,54.96623169186939,825.8945453294436,-60.203801107632756,886.0983464370764,105132.0182839909,86927.9817160091,0.1895661414972591,0.7180834995125556,100166.66666666667,100600.0,99870.0,96030.0,0.9940357852882704,1.0413412475268145,4570.0,-0.00497512437810943,0.00497512437810943,0.029,-0.009900990099009901,0.012174771388574139,0.020550501253253323,2450423.4,3179195.95,0.9300897389689486,0.993804424039984,315949900000.0,99400.0
2022-07-28,101000.0,101500.0,98900.0,99400.0,3359717,-0.006000000000000005,-0.006018072325563021,100628.57142857143,98507.14285714286,96190.47619047618,0.013580473548325176,2600.0,1600.0,53.23649635217419,800.3276185176946,111.90248281743271,688.425135700262,105347.66379746003,87552.33620253997,0.18450313732421006,0.6657738518307537,99966.66666666667,99980.0,100410.0,96450.0,0.9941988397679536,1.0305857957490927,3530.0,-0.006000000000000005,0.006000000000000005,0.026156941649899398,-0.015841584158415842,0.011138051243770762,0.020843421996083265,2693570.0,3192239.1,0.06337017356232755,1.052464083909003,333955869800.0,97900.0
2022-07-29,99900.0,100000.0,97400.0,97900.0,3899079,-0.015090543259557387,-0.015205564126063697,100042.85714285714,98807.14285714286,96519.04761904762,0.010880900480065831,2600.0,2000.0,49.07836263204151,651.5178881835163,219.82556389064945,431.6923242928669,104819.13002219115,89120.86997780885,0.16188780080831497,0.559242234322192,99100.0,99560.0,100330.0,96970.0,0.9833266372036963,1.0095905950293906,2590.0,-0.015090543259557387,0.015090543259557387,0.026557711950970377,-0.02002002002002002,0.0074953967180213564,0.014788625489914166,2848074.6,3139234.25,0.16053792625986052,1.2420478019440568,381719834100.0,97100.0
2022-08-01,97200.0,98100.0,96500.0,97100.0,2007646,-0.008171603677221695,-0.00820517423918551,99271.42857142857,99078.57142857143,96976.19047619047,0.009796092705947149,1600.0,100.0,46.97117215308432,463.68669902499823,268.5977909175192,195.08890810747903,104290.93696121067,90449.06303878933,0.14215748097382494,0.48049397057701493,98133.33333333333,98980.0,99940.0,97370.0,0.9810062638916953,0.9972270719934271,1610.0,-0.008171603677221695,0.008171603677221695,0.016477857878475798,-0.00102880658436214,0.007233392328564311,0.012238342720716696,2812582.2,3023030.15,-0.4850973781244238,0.664117094564869,194942426600.0,96500.0
2022-08-02,97200.0,97200.0,96200.0,96500.0,1916851,-0.006179196704428458,-0.006198366952339019,98771.42857142857,99257.14285714286,97328.57142857143,0.006345525762065559,1000.0,700.0,45.39687876625934,263.3780841683474,267.55384956768484,-4.175765399337422,104119.60022886086,91020.39977113914,0.1342543861609277,0.4183156251823556,97166.66666666667,98180.0,99590.0,97570.0,0.9828885720105928,0.989033514399918,610.0,-0.006179196704428458,0.006179196704428458,0.010362694300518135,-0.00720164609053498,0.004084597886712356,0.0120900004088345,2868558.4,2940868.45,-0.04522460633000036,0.6517976008073397,184976121500.0,97500.0
2022-08-03,96900.0,97500.0,96100.0,97500.0,1703330,0.010362694300518172,0.010309369658861287,98414.28571428571,99507.14285714286,97566.66666666667,0.008540443541654936,1400.0,-600.0,48.49526034774072,183.2117553300195,250.68543072015177,-67.47367539013226,103864.30166295772,91815.69833704228,0.12314598656904574,0.4717809615933914,97033.33333333333,97680.0,99140.0,97840.0,0.9981572481572482,0.9965249386753884,-160.0,0.010362694300518172,0.010362694300518172,0.014358974358974359,0.006191950464396285,0.00935788139823213,0.010254175868108324,2577324.6,2826968.65,-0.1113915479085229,0.6025287899814524,166074675000.0,97500.0
2022-08-04,98000.0,98100.0,97100.0,97500.0,1960526,0.0,0.0,97985.71428571429,99421.42857142857,97823.80952380953,0.007885933208853894,1000.0,500.0,48.49526034774072,118.31549478341185,224.2114435328038,-105.89594874939195,103756.89811657828,92283.10188342172,0.11705566448843654,0.45467934156810946,97166.66666666667,97300.0,98640.0,98020.0,1.002055498458376,0.9946949602122016,-720.0,0.0,0.0,0.010256410256410256,-0.00510204081632653,0.009582125748903138,0.00986707363997022,2297486.4,2758455.25,0.15099599020741716,0.7107332990085665,191151285000.0,98500.0
2022-08-05,98100.0,98700.0,97400.0,98500.0,2052852,0.01025641025641022,0.010204170174241668,97771.42857142857,99242.85714285714,98042.85714285714,0.00958251430701444,1300.0,-400.0,51.6754609847502,145.89460125220648,208.54807507668437,-62.653473824477885,103739.7609656938,92670.2390343062,0.11271851668843338,0.5266497507144846,97833.33333333333,97420.0,98490.0,98205.0,1.0110860192978854,1.0030039203706533,-785.0,0.01025641025641022,0.01025641025641022,0.013197969543147208,0.004077471967380225,0.00879884418029762,0.008226766105462056,1928241.0,2720373.95,0.04709246396120226,0.7546212534493649,202205922000.0,96300.0
2022-08-08,97700.0,97700.0,95800.0,96300.0,3206548,-0.022335025380710638,-0.022588229373963303,97328.57142857143,98978.57142857143,98114.28571428571,0.012343561992680637,1900.0,1400.0,45.080616817251276,-9.659028736656182,164.9066543140163,-174.56568305067248,103536.32574193191,93133.67425806809,0.10578788309212209,0.3043767972851335,97433.33333333333,97260.0,98120.0,98335.0,0.9901295496607033,0.9793054355010932,-1075.0,-0.022335025380710638,0.022335025380710638,0.01973001038421599,-0.014329580348004094,0.013575240688712895,0.010498599113781761,2168021.4,2786430.1,0.5619966758441426,1.1507728114191704,308790572400.0,95100.0
2022-08-09,96000.0,96100.0,94500.0,95100.0,3152955,-0.012461059190031154,-0.012539349252735251,96928.57142857143,98485.71428571429,98180.95238095238,0.011995329999521208,1600.0,900.0,41.9367900164709,-227.1479521896108,86.49573301329087,-313.6436852029017,103312.30902170956,93537.69097829044,0.09931031794177414,0.15983325535276574,96633.33333333333,96980.0,97580.0,98425.0,0.9806145597030316,0.9662179324358648,-1445.0,-0.012461059190031154,0.012461059190031154,0.016824395373291272,-0.009375,0.014374572923619539,0.01033924680047104,2415242.2,2824793.45,-0.016713612270890743,1.1161718744427136,299846020500.0,91800.0
2022-08-10,91800.0,93000.0,91800.0,91800.0,4356568,-0.034700315457413256,-0.035316671924899845,96171.42857142857,97721.42857142857,98109.52380952382,0.016899166761929384,1200.0,0.0,34.75814154659501,-658.2045394853631,-62.44432148643992,-595.7602179989232,103695.77474366885,92934.22525633115,0.10945989408877285,-0.105396091674875,94400.0,95840.0,96760.0,98315.0,0.9578464106844741,0.9337334079235111,-2475.0,-0.034700315457413256,0.034700315457413256,0.013071895424836602,0.0,0.01775923648031463,0.013858577033387859,2945889.8,2906531.05,0.381741255425466,1.4988891998934608,399932942400.0,93300.0
2022-08-11,93500.0,94400.0,92600.0,93300.0,5206962,0.016339869281045694,0.016207810226853303,95714.28571428571,97242.85714285714,98076.19047619047,0.019258634441602213,1800.0,200.0,39.80230730924736,-868.7679108482989,-223.70903935881174,-645.0588714894872,103786.58935420001,92773.41064579999,0.11205920541717566,0.047814474652842,93400.0,95000.0,96150.0,98280.0,0.9821052631578947,0.9493284493284493,-3280.0,0.016339869281045694,0.016339869281045694,0.01929260450160772,-0.0021390374331550803,0.02157744458679363,0.015938629677020675,3595177.0,3039363.8,0.19519814679812186,1.7131749743153486,485809554600.0,93300.0
2022-08-12,92800.0,94400.0,92600.0,93300.0,1910127,0.0,0.0,95114.28571428571,96764.28571428571,98042.85714285714,0.018278273276620335,1800.0,-500.0,39.80230730924736,-1023.8387241856544,-383.73497632418025,-640.1037478614742,103942.92330536708,92077.07669463292,0.12106771360814357,0.10306245693929567,92800.0,93960.0,95690.0,98010.0,0.9929757343550447,0.9519436792164064,-4050.0,0.0,0.0,0.01929260450160772,0.005387931034482759,0.019749121649116613,0.015715954242737435,3566632.0,2912009.75,-0.6331590282394993,0.655948009789459,178214849100.0,96700.0
2022-08-16,94500.0,97600.0,94400.0,96700.0,4267280,0.03644158628081451,0.03579329460595043,95000.0,96492.85714285714,97947.61904761905,0.024334514570854688,3200.0,-2200.0,49.9705475941075,-862.4402021658025,-479.47602149250474,-382.96418067329773,103581.54519235418,92008.45480764582,0.11834030763033251,0.4053839585106124,94433.33333333333,94040.0,95650.0,97795.0,1.028285835814547,0.9888031085433816,-3755.0,0.03644158628081451,0.03644158628081451,0.033092037228541885,0.02328042328042328,0.027147989639512198,0.020285375311589884,3778778.4,2897134.75,1.234029465056512,1.4729311434340429,412645976000.0,97100.0
2022-08-17,96800.0,97600.0,95900.0,97100.0,1764674,0.004136504653567741,0.004127972838030591,94800.0,96285.71428571429,97761.90476190476,0.023966466262074174,1700.0,-300.0,51.01878881182937,-694.251158393381,-522.4310488726801,-171.82010952070095,103348.56861067108,91951.43138932892,0.11671415485245423,0.4517422674379952,95700.0,94440.0,95710.0,97650.0,1.0281660313426515,0.9943676395289298,-3210.0,0.004136504653567741,0.004136504653567741,0.017507723995880537,0.0030991735537190084,0.02606471923241272,0.02021124168166501,3501122.2,2849914.25,-0.5864639770532987,0.6192024900398319,171349845400.0,95700.0
2022-08-18,95900.0,96400.0,95300.0,95700.0,1889587,-0.01441812564366629,-0.014523076838370615,94714.28571428571,96021.42857142857,97557.14285714286,0.02298816787596861,1100.0,200.0,47.28450710491046,-666.2483331198891,-551.1945057221219,-115.05382739776724,102708.33572765601,91961.66427234399,0.11040911753543972,0.3478598692814948,96500.0,95220.0,95530.0,97335.0,1.0050409577819786,0.9832023424256434,-2115.0,-0.01441812564366629,0.01441812564366629,0.011494252873563218,-0.0020855057351407717,0.01909663824396733,0.02042707211326165,3007726.0,2745340.95,0.07078531218797357,0.6882886440753379,180833475900.0,96400.0
2022-08-19,97000.0,97500.0,95900.0,96400.0,1890839,0.007314524555903867,0.007287903157591352,94900.0,95914.28571428571,97290.47619047618,0.022530939314939546,1600.0,600.0,49.283365582594236,-580.8757682119467,-557.1307582200869,-23.745009991859774,101830.92096427993,92229.07903572007,0.09895745572049727,0.4343875888931144,96400.0,95840.0,95420.0,97030.0,1.0058430717863105,0.9935071627331753,-1190.0,0.007314524555903867,0.007314524555903867,0.016597510373443983,-0.006185567010309278,0.01859016005759642,0.0206236885747933,2344501.4,2732683.7,0.0006625786481384566,0.6919348185082671,182276879600.0,95200.0
2022-08-22,95200.0,95600.0,94000.0,95200.0,2293601,-0.012448132780082943,-0.012526259819180256,95385.71428571429,95778.57142857143,96942.85714285714,0.017286266419042188,1600.0,0.0,46.05912564132471,-603.0952598856529,-566.3236585532002,-36.77160133245275,101443.41979510478,92136.58020489522,0.09615497045365808,0.3291579021440728,95766.66666666667,96220.0,95090.0,96790.0,0.9893992932862191,0.9835726831284224,-570.0,-0.012448132780082943,0.012448132780082943,0.01680672268907563,0.0,0.02045127727905508,0.020503225430439535,2421196.2,2691035.95,0.21300703021251421,0.8523115419546884,218350815200.0,93600.0
2022-08-23,94100.0,95400.0,93600.0,93600.0,1932822,-0.01680672268907568,-0.01694955831377332,95428.57142857143,95571.42857142857,96638.09523809524,0.01828002478475827,1800.0,500.0,42.103887709999945,-741.266140713924,-601.3121549853449,-139.95398572857903,101073.9342443518,91866.0657556482,0.09544799926094737,0.1883100574773655,95066.66666666667,95600.0,94820.0,96470.0,0.9790794979079498,0.9702498185964549,-870.0,-0.01680672268907568,0.01680672268907568,0.019230769230769232,-0.005313496280552604,0.011272382042741896,0.019998671340078995,1954304.6,2678421.65,-0.15729806535661606,0.7216272314704446,180912139200.0,93200.0
2022-08-24,93900.0,94200.0,93000.0,93200.0,1447036,-0.004273504273504258,-0.004282661792000848,95414.28571428571,95264.28571428571,96314.28571428571,0.01836938126549094,1200.0,700.0,41.152456526313664,-872.9810343461868,-655.6459308575133,-217.33510348867344,100517.17215868716,91692.82784131284,0.09181982537198184,0.17079707052224552,94000.0,94820.0,94630.0,96105.0,0.9829149968361105,0.9697726445034077,-1285.0,-0.004273504273504258,0.004273504273504258,0.012875536480686695,-0.007454739084132056,0.00983460909752074,0.01971847354731208,1890777.0,2668924.95,-0.2513350944887838,0.5421793520271149,134863755200.0,94100.0
2022-08-25,93600.0,94100.0,92100.0,94100.0,2189458,0.00965665236051505,0.00961032489978848,95042.85714285714,95021.42857142857,96009.52380952382,0.011029095167894512,2000.0,-500.0,44.20737202986131,-894.4330902193469,-703.4033627298801,-191.02972748946684,99903.0750247087,91716.9249752913,0.08544149931549312,0.2911105965958076,93633.33333333333,94500.0,94860.0,95810.0,0.9957671957671957,0.9821521761820269,-1310.0,0.00965665236051505,0.00965665236051505,0.021253985122210415,0.005341880341880342,0.011700533317932072,0.01617648986432267,1950751.2,2620422.9,0.5130639458866262,0.8355361266305527,206027997800.0,95100.0
2022-08-26,95400.0,96800.0,94700.0,95100.0,2301949,0.010626992561105109,0.010570922960010573,94757.14285714286,94778.57142857143,95776.19047619047,0.012033235173608893,2100.0,300.0,47.470374076112094,-821.275207040555,-726.9777315920151,-94.2974754485399,99330.167156127,91859.832843873,0.07814565941999069,0.4337379052517069,94133.33333333333,94240.0,95040.0,95595.0,1.009125636672326,0.9948219049113447,-1355.0,0.010626992561105109,0.010626992561105109,0.022082018927444796,-0.0031446540880503146,0.012517829160852936,0.01573188128874083,2032973.2,2567534.5,0.05137846900922516,0.8965601046451372,218915349900.0,92500.0
2022-08-29,92700.0,93300.0,92000.0,92500.0,2619260,-0.02733964248159837,-0.027720325032965166,94300.0,94507.14285714286,95447.61904761905,0.014848860572416607,1300.0,200.0,40.790641251241766,-962.0059229883336,-773.9833698712788,-188.02255311705483,99138.48024499233,91511.51975500767,0.08001007595053407,0.12960343065764565,93900.0,93700.0,94960.0,95325.0,0.9871931696905016,0.970364542355101,-1625.0,-0.02733964248159837,0.02733964248159837,0.014054054054054054,-0.002157497303128371,0.016553242106711545,0.01829011332570216,2098105.0,2503543.55,0.13784449612046146,1.0462210653375692,242281550000.0,93200.0
2022-08-30,92700.0,93400.0,92400.0,93200.0,1595242,0.00756756756756749,0.007539077173165914,93842.85714285714,94371.42857142857,95223.80952380953,0.014883367508245982,1000.0,-500.0,43.11161083926661,-1005.461544622769,-820.2790048215769,-185.1825398011921,98960.12985900498,91299.87014099502,0.08052412191748101,0.24805031799869737,93600.0,93620.0,94610.0,95130.0,0.9955137791070284,0.9797119730894566,-1510.0,0.00756756756756749,0.00756756756756749,0.01072961373390558,0.005393743257820928,0.016018274286798095,0.013398192633381704,2030589.0,2482923.35,-0.39095698785153055,0.6424853993177034,148676554400.0,95200.0
2022-08-31,92600.0,95500.0,92100.0,95200.0,2421669,0.02145922746781115,0.021232220105774118,93842.85714285714,94614.28571428571,95133.33333333333,0.01725201800340503,3400.0,-2600.0,49.234600669092345,-868.505561064303,-829.9243160701221,-38.581244994180906,98840.97669484325,91289.02330515675,0.07943989259650243,0.5178761696522606,93633.33333333333,94020.0,94420.0,95065.0,1.0125505211657093,1.0014200809972125,-1045.0,0.02145922746781115,0.02145922746781115,0.03571428571428571,0.028077753779697623,0.018539574501530435,0.015469151991212493,2225515.6,2508164.25,0.5180574483369922,0.9655145192345358,230542888800.0,92400.0
2022-09-01,93900.0,93900.0,92300.0,92400.0,2337521,-0.02941176470588236,-0.02985296314968116,93671.42857142857,94550.0,94938.09523809524,0.019857489035926948,1600.0,1500.0,42.36052982045698,-974.6681886345614,-858.87309058301,-115.79509805155135,98582.42069429382,91037.57930570618,0.0795785401180006,0.18057645272101044,93600.0,93680.0,94090.0,94810.0,0.986336464560205,0.9745807404282248,-1130.0,-0.02941176470588236,0.02941176470588236,0.017316017316017316,-0.01597444089456869,0.02337061043436211,0.017424060169727886,2255128.2,2539873.8,-0.03474793623736361,0.9203295848793748,215986940400.0,91700.0
2022-09-02,92700.0,93300.0,91600.0,91700.0,2036818,-0.007575757575757569,-0.007604599385219304,93457.14285714286,94435.71428571429,94661.90476190476,0.019964904846358517,1700.0,1000.0,40.82589860158282,-1102.577162501475,-907.6139049667031,-194.96325753477186,98313.40147319547,90726.59852680453,0.08026664141336155,0.12830193166655487,93100.0,93000.0,93620.0,94520.0,0.986021505376344,0.9701650444350403,-1520.0,-0.007575757575757569,0.007575757575757569,0.018538713195201745,-0.010787486515641856,0.02201387834300612,0.017042015848878232,2202102.0,2543688.4,-0.12864183893962877,0.8007340836243937,186776210600.0,91100.0
2022-09-05,91800.0,92400.0,90400.0,91100.0,1706148,-0.0065430752453653485,-0.006564574996506555,93028.57142857143,94035.71428571429,94357.14285714286,0.019278488509987056,2000.0,700.0,39.50481420605505,-1238.0890119698306,-973.7089263673287,-264.38008560250194,97747.3674585144,90552.6325414856,0.07641778987816046,0.07607889169326736,91733.33333333333,92720.0,93210.0,94150.0,0.9825280414150129,0.9676048858204992,-1430.0,-0.0065430752453653485,0.0065430752453653485,0.021953896816684963,-0.007625272331154684,0.0189799256102934,0.01685089478239346,2019479.6,2526353.2,-0.16234636575285566,0.6753402493364744,155430082800.0,91800.0
2022-09-06,91900.0,92900.0,91100.0,91800.0,1389821,0.007683863885839637,0.007654493360532044,92557.14285714286,93657.14285714286,94038.09523809524,0.018923506036020128,1800.0,100.0,41.8682284119051,-1274.3095320721768,-1033.8290475082983,-240.48048456387846,97519.07407005643,90330.92592994357,0.07653072281195496,0.204374484418092,91533.33333333333,92440.0,93030.0,93925.0,0.9930765902206837,0.9773755656108597,-1485.0,0.007683863885839637,0.007683863885839637,0.0196078431372549,-0.001088139281828074,0.018996025772388923,0.016603301890238103,1978395.4,2435516.85,-0.1854041970567618,0.5706472529639859,127585567800.0,90400.0
2022-09-07,91100.0,91100.0,89900.0,90400.0,2053413,-0.015250544662309351,-0.015368030228313949,92257.14285714286,93278.57142857143,93757.14285714286,0.01692728539869183,1200.0,700.0,38.618623960708796,-1399.846298168617,-1107.0324976403622,-292.8138005282549,97564.28771042591,89815.71228957409,0.08270440197301547,0.0754058234825412,91100.0,91480.0,92750.0,93690.0,0.9881941407958024,0.9648841925498987,-2210.0,-0.015250544662309351,0.015250544662309351,0.01327433628318584,-0.007683863885839737,0.013552585974049345,0.017138157579344306,1904744.2,2380539.75,0.47746580315018994,0.862582949938139,185628535200.0,90400.0
2022-09-08,90500.0,91000.0,90000.0,90400.0,2012123,0.0,0.0,91857.14285714286,92850.0,93533.33333333333,0.016354279854155888,1000.0,100.0,38.618623960708796,-1482.248649974441,-1182.075728107178,-300.17292186726286,97684.01409031947,89555.98590968053,0.08681935676820059,0.103839956206097,90866.66666666667,91080.0,92380.0,93620.0,0.9925340360122968,0.9656056398205511,-2540.0,0.0,0.0,0.011061946902654867,-0.0011049723756906078,0.0086280431331225,0.016615317961542864,1839664.6,2263317.5,-0.020107986070020956,0.8890149084253535,181895919200.0,94800.0
2022-09-13,91700.0,95200.0,91700.0,94800.0,3288428,0.04867256637168138,0.047525141862845274,91800.0,92821.42857142857,93676.19047619047,0.024300195683051806,3500.0,-3100.0,52.15437009040025,-1178.9200236117758,-1181.4445872080976,2.524563596321741,97789.3992554656,89600.6007445344,0.08739845787855488,0.6349404309466082,91866.66666666667,91700.0,92350.0,93695.0,1.0338058887677208,1.0117935855702012,-1995.0,0.04867256637168138,0.04867256637168138,0.03691983122362869,0.03380588876772083,0.02482203585390185,0.023312046498631573,2089986.6,2167390.8,0.6343076442145932,1.5172289187533694,311742974400.0,93000.0
2022-09-14,91700.0,93400.0,91300.0,93000.0,2444928,-0.01898734177215189,-0.01916991610772017,91885.71428571429,92778.57142857143,93661.90476190476,0.02241960159228943,2100.0,-1300.0,47.536155129028735,-1071.4241479873308,-1159.4404993639444,88.01635137661356,97782.68204958651,89577.31795041349,0.08758928372302541,0.41712738255350135,92733.33333333333,92080.0,92400.0,93680.0,1.0099913119026933,0.9927412467976089,-1600.0,-0.01898734177215189,0.01898734177215189,0.02258064516129032,0.014176663031624863,0.027033834103401395,0.02235666113754039,2237742.6,2194130.85,-0.25650554003311,1.1143036432854494,227378304000.0,92000.0
2022-09-15,92900.0,93000.0,91500.0,92000.0,1755820,-0.010752688172043001,-0.010810916104215617,91928.57142857143,92692.85714285714,93600.0,0.022654425466885692,1500.0,900.0,45.14449001367729,-1054.765850583717,-1138.505569607899,83.7397190241818,97353.14264675278,89536.85735324722,0.08364583758901553,0.31512957296983124,93266.66666666667,92120.0,92280.0,93445.0,0.998697351280938,0.9845363582856226,-1325.0,-0.010752688172043001,0.010752688172043001,0.016304347826086956,-0.00968783638320775,0.02772645788560429,0.022487212474067878,2310942.4,2068557.85,-0.28185206271922936,0.8488135828543543,161535440000.0,91200.0
2022-09-16,90900.0,91400.0,90000.0,91200.0,2243179,-0.008695652173912993,-0.008733679968754553,91942.85714285714,92485.71428571429,93338.09523809524,0.022781108922786147,1400.0,-300.0,43.26894581958711,-1093.5120181383245,-1129.506859313984,35.99484117565953,96777.09104844138,89522.90895155862,0.07787635101323406,0.23118954363746275,92066.66666666667,92280.0,91880.0,93150.0,0.988296488946684,0.9790660225442834,-870.0,-0.008695652173912993,0.008695652173912993,0.015350877192982455,0.0033003300330033004,0.026924959492025672,0.021110008344075223,2348895.6,2092483.1,0.277567746124318,1.072017738159988,204577924800.0,90000.0
2022-09-19,90800.0,91500.0,90000.0,90000.0,2078633,-0.013157894736842146,-0.01324522675002068,91685.71428571429,92121.42857142857,93000.0,0.023003150769571476,1500.0,800.0,40.54771795048924,-1207.1335224259965,-1145.0321919363867,-62.101330489609836,96543.82990551121,89186.17009448879,0.07922963238057858,0.1106098849925115,91066.66666666667,92200.0,91640.0,92865.0,0.9761388286334056,0.9691487643353255,-665.0,-0.013157894736842146,0.013157894736842146,0.016666666666666666,-0.00881057268722467,0.027803759943082568,0.01950834419430449,2362197.6,2101935.4,-0.07335393207586194,0.9889138362672802,187076970000.0,88000.0
2022-09-20,89000.0,90600.0,87500.0,88000.0,4259789,-0.022222222222222254,-0.02247285585205863,91342.85714285714,91800.0,92633.33333333333,0.023791850849907092,3100.0,1000.0,36.434898943229,-1441.9408716835605,-1204.4139278858215,-237.52694379773902,96336.40753861355,88553.59246138645,0.0841885994615945,-0.07113010599548827,89733.33333333333,90840.0,91270.0,92445.0,0.968736239542052,0.9519173562658878,-1605.0,-0.022222222222222254,0.022222222222222254,0.035227272727272725,-0.011235955056179775,0.00567795590302376,0.0204615707195755,2556469.8,2220382.9,1.0493223190433327,1.918492977044635,374861432000.0,88000.0
2022-09-21,87500.0,88500.0,86300.0,88000.0,2954420,0.0,0.0,91000.0,91428.57142857143,92233.33333333333,0.023791850849907092,2200.0,-500.0,36.434898943229,-1609.4743690029136,-1285.42601610924,-324.0483528936736,96227.3486854173,87942.6513145827,0.0899679358292294,0.006922242642101236,88666.66666666667,89840.0,90960.0,92085.0,0.9795191451469278,0.9556388119672042,-2245.0,0.0,0.0,0.025,0.005714285714285714,0.008014987179728211,0.020473171934526673,2658368.2,2253423.85,-0.3064398260101615,1.3110804698370437,259988960000.0,86000.0
2022-09-22,86300.0,86900.0,85900.0,86000.0,2204430,-0.022727272727272707,-0.02298951822469872,89742.85714285714,90771.42857142857,91795.23809523809,0.008304166770989078,1000.0,300.0,32.59995082605778,-1881.9353783670376,-1404.7278885607996,-477.2074898062381,96589.98235734565,86820.01764265435,0.10653688146438367,-0.08393250811042025,87333.33333333333,88640.0,90380.0,91705.0,0.970216606498195,0.9377896516002399,-3065.0,-0.022727272727272707,0.022727272727272707,0.011627906976744186,-0.0034762456546929316,0.0095730267730835,0.020918920809319445,2748090.2,2267004.25,-0.25385354824297157,0.9723978241328838,189580980000.0,83500.0
2022-09-23,85500.0,86600.0,83300.0,83500.0,3932242,-0.029069767441860517,-0.02950066439669799,88385.71428571429,90135.71428571429,91314.28571428571,0.01011399243044784,3300.0,2000.0,28.554138921247542,-2273.385623556984,-1578.4594355600366,-694.9261879969472,97267.73989972587,85172.26010027413,0.13259679674908728,-0.13825496201894594,85833.33333333333,87100.0,89690.0,91220.0,0.9586681974741676,0.9153694365270774,-4120.0,-0.029069767441860517,0.029069767441860517,0.03952095808383234,-0.023391812865497075,0.011275707451779287,0.022003357406880412,3085902.8,2391264.55,0.783790821210018,1.6444194767157823,328342207000.0,82500.0
2022-09-26,81500.0,83200.0,81500.0,82500.0,3281145,-0.0119760479041916,-0.01204833851617448,87028.57142857143,89478.57142857143,90804.76190476191,0.010031026218379988,1700.0,-1000.0,27.10508612505373,-2633.9419623974536,-1789.5559409275202,-844.3860214699334,97669.98090886076,83610.01909113924,0.15511873143999907,-0.07894894065360455,84000.0,85600.0,88900.0,90640.0,0.9637850467289719,0.9101941747572816,-5040.0,-0.0119760479041916,0.0119760479041916,0.020606060606060607,0.012269938650306749,0.01139950119605595,0.02186352799348165,3326405.2,2445848.9,-0.16557907677096173,1.3415158229929904,270694462500.0,82000.0
2022-09-27,82200.0,82700.0,80700.0,82000.0,2606333,-0.0060606060606061,-0.006079046076382226,85714.28571428571,88828.57142857143,90228.57142857143,0.010376779735586015,2000.0,200.0,26.384123906078713,-2926.298729723785,-2016.9044986867732,-909.3942310370119,97675.39729313871,82294.60270686129,0.17092620532619238,-0.019153932861448567,82666.66666666667,84400.0,87620.0,89985.0,0.9715639810426541,0.9112629882758237,-5585.0,-0.0060606060606061,0.0060606060606061,0.024390243902439025,-0.0024330900243309003,0.01189945383926036,0.008799813480443605,2995714.0,2461068.1,-0.20566357171048522,1.0590251444078285,213719306000.0,81200.0
2022-09-28,81900.0,83500.0,80500.0,81200.0,3068181,-0.009756097560975618,-0.009804000096620856,84457.14285714286,88071.42857142857,89566.66666666667,0.01056413770630776,3000.0,700.0,25.22788590368782,-3185.822707204832,-2250.688140390385,-935.1345668144472,97947.25660826254,80892.74339173746,0.19072369958091123,0.01801614648050015,81900.0,83040.0,86440.0,89420.0,0.9778420038535646,0.908074256318497,-6380.0,-0.009756097560975618,0.009756097560975618,0.03694581280788178,-0.008547008547008548,0.009617840521403279,0.008745054927863746,3018466.2,2483514.15,0.17720222243282047,1.235419174076379,249136297200.0,80800.0
2022-09-29,82500.0,82900.0,80500.0,80800.0,2064798,-0.0049261083743842304,-0.004938281640582566,83428.57142857143,87385.71428571429,89009.52380952382,0.010492290097944501,2400.0,1700.0,24.64630378349166,-3384.7566188243945,-2477.501836077187,-907.2547827472076,97950.43858597985,79649.56141402015,0.2060909591436903,0.06286248332088325,81333.33333333333,82000.0,85320.0,88800.0,0.9853658536585366,0.9099099099099099,-6800.0,-0.0049261083743842304,0.0049261083743842304,0.0297029702970297,-0.020606060606060607,0.009760752249730791,0.009129773878246752,2990539.8,2506991.95,-0.3270286205409655,0.8236157280042322,166835678400.0,83100.0
2022-09-30,80900.0,83900.0,80400.0,83100.0,4711130,0.02846534653465338,0.02806773633435273,82728.57142857143,86864.28571428571,88528.57142857143,0.01834990902299153,3500.0,-2200.0,34.059459042181345,-3318.568012613803,-2645.7150713845103,-672.8529412292928,97161.95101616571,79228.04898383429,0.20334375001226168,0.21590120260416928,81700.0,81920.0,84510.0,88195.0,1.014404296875,0.942230285163558,-6275.0,0.02846534653465338,0.02846534653465338,0.0421179302045728,0.027194066749072928,0.016630259549301994,0.01599465714386889,3146317.4,2621465.0,1.2816420783049964,1.7971363340727418,391494903000.0,86200.0
2022-10-04,85200.0,87200.0,85200.0,86200.0,4277404,0.03730445246690728,0.036625475808244844,82757.14285714286,86250.0,88100.0,0.02345692499447297,2000.0,-1000.0,44.18069654259264,-2981.5989563221374,-2712.8918483720363,-268.7071079501011,96666.62555387216,79103.37444612784,0.19984355814694565,0.40406104259039954,83366.66666666667,82660.0,84130.0,87885.0,1.0428260343576095,0.9808272173863571,-5225.0,0.03730445246690728,0.03730445246690728,0.02320185614849188,0.011737089201877934,0.022094066763446694,0.021574341482606278,3345569.2,2718459.15,-0.09206411200709808,1.5734663513336222,368712224800.0,89800.0
2022-10-05,90000.0,90400.0,88100.0,89800.0,5927256,0.0417633410672853,0.040914797638506424,83657.14285714286,86021.42857142857,87976.19047619047,0.02362917753437724,2300.0,200.0,53.170081911428,-2396.4340380728827,-2649.6002863122058,253.16624823932307,96437.94469041174,79142.05530958826,0.19701434537901208,0.6162125841431753,86366.66666666667,84220.0,84310.0,87790.0,1.0662550463072904,1.022895546189771,-3570.0,0.0417633410672853,0.0417633410672853,0.025612472160356347,-0.0022222222222222222,0.024193302656620216,0.024842348269483564,4009753.8,2912981.05,0.38571339064535404,2.03477327804793,532267588800.0,89900.0
2022-10-06,90900.0,92000.0,89800.0,89900.0,3039698,0.00111358574610243,0.0011129661694206506,84714.28571428571,85871.42857142857,87890.47619047618,0.022014523337582376,2200.0,1000.0,53.394606519777064,-1902.6844977001165,-2500.2171285897884,597.532630889672,96297.52743303392,79162.47256696608,0.1953157969459459,0.6266409717950308,88633.33333333333,85960.0,84500.0,87730.0,1.0458352722196371,1.0247349823321554,-1770.0,0.00111358574610243,0.00111358574610243,0.024471635150166853,-0.011001100110011002,0.021330659300498534,0.024833378388544637,4004057.2,2979658.55,-0.48716606807602036,1.020149775215016,273268850200.0,91200.0
2022-10-07,89600.0,91800.0,87800.0,91200.0,3100583,0.014460511679644128,0.014356955602711195,86028.57142857143,85871.42857142857,87895.23809523809,0.020476757280197107,4000.0,-1600.0,56.326110296306794,-1390.4569717932318,-2278.2650972304773,887.8081254372455,96211.54015378375,79188.45984621625,0.19410581878640243,0.7056032126244567,90300.0,88040.0,85020.0,87700.0,1.0358927760109042,1.039908779931585,340.0,0.014460511679644128,0.014460511679644128,0.043859649122807015,0.017857142857142856,0.016773065244888124,0.02339297162285051,4211214.2,3065196.65,0.020029950343751324,1.0115445610969203,282773169600.0,90200.0
2022-10-11,89700.0,91200.0,88000.0,90200.0,3840842,-0.010964912280701733,-0.01102547001170771,87314.28571428571,85885.71428571429,87819.04761904762,0.020728905703004164,3200.0,-500.0,53.53648749586082,-1053.0655258913466,-2033.2251829626512,980.1596570713045,96188.64385466413,79191.35614533587,0.19383382038234986,0.6476706191554603,90433.33333333333,89460.0,85690.0,87690.0,1.0082718533422759,1.0286235602691298,1770.0,-0.010964912280701733,0.010964912280701733,0.03547671840354767,0.005574136008918618,0.0227266762382644,0.0209375965011035,4037156.6,3154568.1,0.2387483257180989,1.217549242319416,346443948400.0,94000.0
2022-10-12,91000.0,94000.0,90900.0,94000.0,4648231,0.04212860310421296,0.04126535520142602,89200.0,86314.28571428571,87990.47619047618,0.02067197659232392,3100.0,-3000.0,61.36658397895082,-473.59284860763,-1721.2987160916468,1247.7058674840168,96754.07208672378,78985.92791327622,0.2022094477460745,0.844999451836989,91800.0,91020.0,86840.0,87870.0,1.032740057130301,1.069762148628656,3150.0,0.04212860310421296,0.04212860310421296,0.03297872340425532,0.03296703296703297,0.023890801844687726,0.022172738267938016,4111322.0,3286373.5,0.21021145884157688,1.4143952292701971,436933714000.0,94900.0
2022-10-13,93400.0,94900.0,92800.0,94900.0,4390570,0.009574468085106425,0.009528923345878326,90885.71428571429,86807.14285714286,88204.76190476191,0.02089413315241237,2100.0,-1500.0,62.95873577968287,57.60190252470784,-1365.518592368376,1423.1204948930838,96775.59134641002,78974.40865358998,0.20257391400079694,0.8946367003375275,93033.33333333333,92040.0,88130.0,87875.0,1.0310734463276836,1.0799431009957325,4165.0,0.009574468085106425,0.009574468085106425,0.022128556375131718,0.016059957173447537,0.019766457500688683,0.02118076286470089,3803984.8,3341480.6,-0.055432055764870536,1.3139594465998097,416665093000.0,95500.0
2022-10-14,96000.0,96600.0,94300.0,95500.0,3516437,0.006322444678608985,0.006302541870802305,92214.28571428571,87485.71428571429,88238.09523809524,0.01973443635993386,2300.0,500.0,64.02321487791897,520.9869422719785,-988.2174854403052,1509.2044277122836,97266.35112425026,78733.64887574974,0.21059888918750586,0.9046900392308859,94800.0,93160.0,89560.0,88000.0,1.0251180764276513,1.0852272727272727,5160.0,0.006322444678608985,0.006322444678608985,0.024083769633507852,-0.005208333333333333,0.019227773661839954,0.019655072919139756,3899332.6,3395056.05,-0.19909328401551507,1.0357522668882007,335819733500.0,95200.0
2022-10-17,94600.0,95300.0,94000.0,95200.0,2134558,-0.003141361256544517,-0.0031463056893649482,92985.71428571429,88321.42857142857,88342.85714285714,0.016758252580785917,1300.0,-600.0,63.047608473331934,854.169102276006,-619.740167897043,1473.909270173049,97819.33418213205,78500.66581786795,0.21913190068357646,0.8644143513029435,95200.0,93960.0,91000.0,88160.0,1.0131971051511282,1.0798548094373865,5800.0,-0.003141361256544517,0.003141361256544517,0.01365546218487395,0.006342494714587738,0.020314898644999826,0.019445642632366825,3706127.6,3413992.95,-0.39297703897439373,0.625237963657775,203209921600.0,95800.0
2022-10-18,95900.0,96200.0,94600.0,95800.0,2618680,0.006302521008403339,0.006282743179495209,93828.57142857143,89271.42857142857,88523.80952380953,0.016498465956020517,1600.0,100.0,64.22188217171939,1153.3383831649116,-265.12445768465204,1418.4628408495637,98559.69698870643,78220.30301129357,0.23010967278439717,0.8643176393666837,95500.0,95080.0,92270.0,88390.0,1.0075725704669751,1.0838330127842517,6690.0,0.006302521008403339,0.006302521008403339,0.016701461377870562,-0.0010427528675703858,0.017373046741032277,0.01921769912459322,3461695.2,3432768.0,0.22680198898319937,0.7628479407871432,250869544000.0,92900.0
2022-10-19,94700.0,94900.0,92700.0,92900.0,3684934,-0.030271398747390377,-0.030739039157022006,94071.42857142857,90050.0,88604.76190476191,0.021986532852567263,2200.0,1800.0,55.106749245697415,1143.2477812041907,16.54999009311649,1126.6977911110741,98882.49397578693,78187.50602421307,0.233749228571456,0.7109206349969409,94633.33333333333,94860.0,92940.0,88535.0,0.9793379717478389,1.0493025357203365,6325.0,-0.030271398747390377,0.030271398747390377,0.023681377825618945,-0.01900739176346357,0.01637409167343,0.02198439453637425,3269035.8,3513083.05,0.4071723158232392,1.0489174174234224,342330368600.0,90200.0
2022-10-20,91000.0,91800.0,89000.0,90200.0,4547678,-0.0290635091496233,-0.029494218751214912,94071.42857142857,90692.85714285714,88614.28571428571,0.024824455426912445,2800.0,800.0,48.241570291297876,906.9289587996027,194.62578383441374,712.303174965189,99015.29665108855,78274.70334891145,0.2339736398237587,0.5749737472474703,92966.66666666667,93920.0,92980.0,88645.0,0.9603918228279387,1.0175418805347172,5275.0,-0.0290635091496233,0.0290635091496233,0.031042128603104215,-0.008791208791208791,0.01839550137309779,0.02119617207195895,3300457.4,3527477.5,0.23412739549744987,1.2892153103740562,410200555600.0,90500.0
2022-10-21,89800.0,91400.0,89700.0,90500.0,2206754,0.003325942350332678,0.0033204236373025474,93571.42857142857,91385.71428571429,88733.33333333333,0.01732064728899417,1700.0,-700.0,49.001798713785206,735.3751354478445,302.7756541570999,432.5994812907446,99167.7932881529,78372.2067118471,0.23426367665096087,0.5831907286506233,91200.0,92920.0,93040.0,88770.0,0.9739560912613,1.0194885659569675,4150.0,0.003325942350332678,0.003325942350332678,0.01878453038674033,0.0077951002227171495,0.017770191648315992,0.021213132660157247,3038520.8,3490094.2,-0.5147514841640064,0.6322906699767588,199711237000.0,91800.0
2022-10-24,92200.0,93100.0,91200.0,91800.0,2165991,0.01436464088397793,0.014262446920564371,93128.57142857143,92007.14285714286,88914.28571428571,0.018077440453297892,1900.0,400.0,52.273187931885104,696.2902295688691,381.47856923945375,314.81166032941536,99456.03163155104,78663.96836844896,0.23346129870988194,0.6317810534398693,90833.33333333333,92240.0,93100.0,89060.0,0.9952298352124892,1.0307657758814281,3180.0,0.01436464088397793,0.01436464088397793,0.020697167755991286,-0.004338394793926247,0.02102595479645742,0.021206327329624155,3044807.4,3488172.25,-0.018471927546069966,0.6209529933620681,198837973800.0,93500.0
2022-10-25,91900.0,94800.0,91000.0,93500.0,2656194,0.0185185185185186,0.018349138668196617,92842.85714285714,92528.57142857143,89271.42857142857,0.019796086806098578,3800.0,-1600.0,56.22748348989673,793.3457565346907,463.85200669850116,329.4937498361896,99790.68655410869,79329.31344589131,0.22846553269559375,0.6925579470723633,91933.33333333333,91780.0,93430.0,89560.0,1.0187404663325343,1.0439928539526575,2220.0,0.0185185185185186,0.0185185185185186,0.040641711229946524,0.017410228509249184,0.023528838117372948,0.02142836998777953,3052310.2,3424369.85,0.22631811489521425,0.7756738075473945,248354139000.0,93900.0
2022-10-26,93300.0,95500.0,93200.0,93900.0,3310322,0.004278074866310266,0.0042689499195760145,92657.14285714286,92821.42857142857,89766.66666666667,0.019985914105516336,2300.0,-600.0,57.12756249109002,892.2542661912739,549.5324585970558,342.72180759421815,99967.2225434022,80292.7774565978,0.21828963815382663,0.6916191274196867,93066.66666666667,91980.0,93420.0,90130.0,1.0208741030658839,1.0418284699877953,1850.0,0.004278074866310266,0.004278074866310266,0.024494142705005325,0.006430868167202572,0.018689768466498464,0.016736243579025492,2977387.8,3425828.7,0.24626514478987604,0.9662835739568647,310839235800.0,90000.0
2022-10-27,95100.0,95100.0,89800.0,90000.0,4550273,-0.04153354632587858,-0.04242071588395214,91828.57142857143,92828.57142857143,90123.80952380953,0.024584802308304014,5300.0,5100.0,46.98346419745622,648.4674373901071,569.319454355666,79.14798303444104,99595.63203591044,81464.36796408956,0.20027906850569852,0.47076872313476964,92466.66666666667,91940.0,92930.0,90530.0,0.9788992821405265,0.9941455870981994,1410.0,-0.04153354632587858,0.04153354632587858,0.058888888888888886,-0.05362776025236593,0.0239971808001332,0.02080392266541631,2977906.8,3523025.7,0.37457111422997524,1.2915809839252663,409524570000.0,83400.0
2022-10-28,87100.0,87800.0,83000.0,83400.0,7748514,-0.07333333333333336,-0.07616136096556403,90471.42857142857,92271.42857142857,90190.47619047618,0.03506397779996329,4800.0,3700.0,35.496259556297474,-76.419308108103,440.17170186291224,-516.5910099710152,99271.98458610395,82008.01541389605,0.19046744453009598,0.08062946430330821,89100.0,90520.0,91720.0,90640.0,0.9213433495360142,0.9201235657546337,-120.0,-0.07333333333333336,0.07333333333333336,0.05755395683453238,-0.04247990815154994,0.04019564697663768,0.029415925783473542,4086258.8,3757042.35,0.7028679378138412,2.062397300365805,646226067600.0,82700.0
2022-10-31,84300.0,85400.0,82400.0,82700.0,6271574,-0.008393285371702586,-0.00842870733505539,89400.0,91735.71428571429,90261.90476190476,0.03455408056315942,3000.0,1600.0,34.53192247271282,-699.3200995029038,212.27334158974904,-911.5934410926528,98942.38435159072,82527.61564840928,0.1809088962713555,0.01050178377215332,85366.66666666667,88700.0,90470.0,90735.0,0.9323562570462233,0.9114454179754229,-2035.0,-0.008393285371702586,0.008393285371702586,0.036275695284159616,-0.018979833926453145,0.03713459335517677,0.02926575484848694,4907375.4,3967381.15,-0.19060945105087246,1.5807843418321428,518659169800.0,83900.0
2022-11-01,82700.0,83900.0,81400.0,83900.0,3820185,0.0145102781136639,0.014406011443514916,88457.14285714286,91014.28571428571,90409.52380952382,0.03563194446821578,2500.0,-1200.0,37.658652272374276,-1083.6518295187416,-46.91169263194908,-1036.7401368867925,98832.13152561456,82717.86847438544,0.17751873369572152,0.07335932905255592,83333.33333333333,86780.0,89280.0,90775.0,0.9668126296381655,0.9242632883503167,-3995.0,0.0145102781136639,0.0145102781136639,0.029797377830750895,0.014510278113663845,0.036122149300563317,0.029991444781398553,5140173.6,3922833.9,-0.3908730089129141,0.9738329731472954,320513521500.0,84500.0
2022-11-02,84200.0,85500.0,83600.0,84500.0,2536363,0.007151370679380209,0.007125920889967664,87414.28571428571,90271.42857142857,90476.19047619047,0.034889100872515476,1900.0,-300.0,39.22167109293202,-1324.5538763457444,-302.44012937470814,-1022.1137469710362,98982.77428024888,82397.22571975112,0.18288177925347623,0.12678352317252337,83700.0,84900.0,88440.0,90690.0,0.9952885747938751,0.9317455066710773,-5790.0,0.007151370679380209,0.007151370679380209,0.022485207100591716,0.0035629453681710215,0.036641844456491705,0.029898216674835727,4985381.8,3835781.85,-0.3360627822998101,0.6612375518696403,214322673500.0,82700.0
2022-11-03,82600.0,83500.0,81900.0,82700.0,2901380,-0.02130177514792897,-0.021531932333482506,85871.42857142857,89357.14285714286,90309.52380952382,0.03229822118718806,1600.0,-100.0,36.282711004545405,-1641.7899087447295,-570.3100852487124,-1071.4798234960172,99363.4404435154,81306.5595564846,0.19988798236597996,0.07716949855477122,83700.0,83440.0,87690.0,90335.0,0.9911313518696069,0.9154812641833177,-6895.0,-0.02130177514792897,0.02130177514792897,0.019347037484885126,0.0012106537530266344,0.0347835143234625,0.029416863058582956,4655603.2,3684488.05,0.14391354865214478,0.7874581110393343,239944126000.0,84500.0
2022-11-04,82700.0,84600.0,81700.0,84500.0,3032985,0.021765417170495738,0.021531932333482502,84528.57142857143,88592.85714285714,90057.14285714286,0.03480247828650466,2900.0,-1800.0,41.04050904894849,-1728.037057675625,-801.8554797340951,-926.1815779415299,99463.60571966309,80666.39428033691,0.2087071719239013,0.20394544861280287,83900.0,83660.0,87090.0,90065.0,1.010040640688501,0.9382112918447788,-6405.0,0.021765417170495738,0.021765417170495738,0.03431952662721893,0.02176541717049577,0.017478007089031473,0.03076933442697027,3712497.4,3684152.4,0.04535944964120531,0.8232517742751359,256287232500.0,86500.0
2022-11-07,85400.0,86800.0,85000.0,86500.0,2765284,0.023668639053254337,0.023392879574705375,84028.57142857143,87928.57142857143,89895.23809523809,0.03507045567040208,1800.0,-1100.0,45.876410883300956,-1616.3727207106422,-964.7589279294045,-651.6137927812376,99343.4475460017,80316.5524539983,0.21181003108096846,0.32498458188275137,84566.66666666667,84420.0,86560.0,89830.0,1.0246387112058755,0.9629299788489368,-5410.0,0.023668639053254337,0.023668639053254337,0.020809248554913295,0.01288056206088993,0.018234424549836595,0.031596439187934644,3011239.4,3667387.45,-0.08826321264364978,0.7540201404135797,239197066000.0,87700.0
2022-11-08,87600.0,89000.0,87400.0,87700.0,2799575,0.01387283236994219,0.013777485440303713,84642.85714285714,87557.14285714286,89728.57142857143,0.016495389166297128,1600.0,-100.0,48.60048372691598,-1414.7397191487835,-1054.7550861732802,-359.98463297550325,99263.56738880441,80146.43261119559,0.21311113959766817,0.3951202665397128,86233.33333333333,85180.0,85980.0,89705.0,1.0295844094857949,0.9776489604815785,-4525.0,0.01387283236994219,0.01387283236994219,0.018244013683010263,0.001141552511415525,0.01818982856256085,0.031236696429690847,2807117.4,3615324.1,0.012400534628631332,0.7743634934417083,245522727500.0,89200.0
2022-11-09,88100.0,89200.0,86600.0,89200.0,2619752,0.01710376282782211,0.016959140207826327,85571.42857142857,87485.71428571429,89680.95238095238,0.01523379412288149,2600.0,-1100.0,51.86196706671564,-1120.9846356556081,-1068.000996069746,-52.98363958586219,98808.1145488902,80121.8854511098,0.20886636223976296,0.4858184335312748,87800.0,86120.0,85510.0,89465.0,1.0357640501625638,0.997037947800816,-3345.0,0.01710376282782211,0.01710376282782211,0.02914798206278027,0.012485811577752554,0.01847498319146263,0.03195747132808466,2823795.2,3513900.15,-0.06423224953787632,0.7455396818831065,233681878400.0,89100.0
2022-11-10,89000.0,90800.0,88300.0,89100.0,3856811,-0.0011210762331838042,-0.0011217051092000155,86314.28571428571,87385.71428571429,89447.61904761905,0.01574464416096631,2500.0,-100.0,51.626773983776566,-886.0370957603154,-1031.60821600786,145.5711202475445,98161.04180762701,80188.95819237299,0.2015372426717581,0.4958268611694894,88666.66666666667,87400.0,85420.0,89175.0,1.0194508009153318,0.9991589571068125,-1775.0,-0.0011210762331838042,0.0011210762331838042,0.028058361391694726,0.0011235955056179776,0.00982960865938473,0.02921220553071943,3014881.4,3487212.2,0.47220462089541293,1.1059868969258595,343641860100.0,93500.0
2022-11-11,95200.0,95300.0,92500.0,93500.0,5002149,0.04938271604938271,0.048202101817877686,87600.0,87507.14285714286,89380.95238095238,0.021653553365275146,2800.0,1700.0,60.18298713621351,-340.8669480274257,-893.4599624117731,552.5930143843474,97805.55734640961,80344.44265359039,0.19602710853571953,0.75342024709452,90600.0,89200.0,86430.0,89075.0,1.048206278026906,1.0496772382823463,125.0,0.04938271604938271,0.04938271604938271,0.029946524064171122,-0.017857142857142856,0.018487449565485484,0.019391526821901872,3408714.2,3561497.8,0.2969650314728931,1.4045071149559605,467700931500.0,90900.0
2022-11-14,93900.0,93900.0,90900.0,90900.0,2483441,-0.027807486631016065,-0.02820143511120819,88771.42857142857,87321.42857142857,89161.90476190476,0.023563613335300694,3000.0,3000.0,54.09417719722102,-117.26222318795044,-738.2204145670087,620.9581913790582,97156.45453761643,80563.54546238357,0.1867309146436289,0.6229440835691056,91166.66666666667,90080.0,87250.0,88860.0,1.0091030195381883,1.0229574611748817,1220.0,-0.027807486631016065,0.027807486631016065,0.033003300330033,-0.03194888178913738,0.028147537965413638,0.022366368356203443,3352345.6,3578941.95,-0.5035251848755404,0.6939036829027081,225744786900.0,91600.0
2022-11-15,91300.0,92100.0,90400.0,91600.0,2460465,0.007700770077007757,0.007671270496651489,89785.71428571429,87157.14285714286,88990.47619047618,0.023358224670191396,1700.0,-300.0,55.40239363985421,115.103441266765,-567.555643400254,682.659084667019,96401.53635026458,80898.46364973542,0.17487955668955618,0.6902848588137828,92000.0,90860.0,88020.0,88650.0,1.0081443979749065,1.033276931754089,2210.0,0.007700770077007757,0.007700770077007757,0.018558951965065504,0.0032858707557502738,0.028086191439919247,0.022307988343652316,3284523.6,3571031.2,-0.009251679423831649,0.6890068616594557,225378594000.0,91500.0
2022-11-16,92000.0,92400.0,90300.0,91500.0,2609199,-0.0010917030567685337,-0.0010922993986089273,90500.0,87264.28571428571,88785.71428571429,0.023117008507221846,2100.0,500.0,55.16055422029776,287.867384172685,-396.4710378856662,684.3384220583512,96194.0037189102,80965.9962810898,0.17191247954188757,0.6917519420661606,91333.33333333333,91320.0,88720.0,88580.0,1.0019710906701709,1.032964551817566,2740.0,-0.0010917030567685337,0.0010917030567685337,0.022950819672131147,-0.005434782608695652,0.0279605787978109,0.02253671514308015,3282413.0,3517244.45,0.06044954917058365,0.741830440588228,238741708500.0,87700.0
2022-11-17,82400.0,88500.0,82000.0,87700.0,3703870,-0.041530054644808745,-0.04241707290333828,90500.0,87571.42857142857,88538.09523809524,0.029627925463514896,6500.0,-5300.0,46.80036538921288,116.80930657278805,-293.8149689939754,410.62427556676346,96039.04835649692,80870.95164350308,0.1714781155728205,0.4502244734928922,90266.66666666667,91040.0,89220.0,88455.0,0.9633128295254832,0.9914645865129161,2585.0,-0.041530054644808745,0.041530054644808745,0.07411630558722919,0.06432038834951456,0.03521905101955583,0.02610583859142735,3251824.8,3475054.05,0.4195429325245028,1.065845292391927,324829399000.0,88400.0
2022-11-18,88700.0,91500.0,88100.0,88400.0,2981192,0.007981755986316896,0.007950070265460303,90385.71428571429,87978.57142857143,88452.38095238095,0.028956519764508595,3400.0,300.0,48.35321669073633,37.2987408569461,-227.59222702379114,264.8909678807372,95872.73746367423,80827.26253632577,0.17029400030954683,0.5033232583379016,89200.0,90020.0,89610.0,88350.0,0.9820039991113086,1.0005659309564232,1670.0,0.007981755986316896,0.007981755986316896,0.038461538461538464,-0.0033821871476888386,0.022487570029086076,0.02555032486563978,2847633.4,3513775.95,-0.19511429936795843,0.8484297355384881,263537372800.0,86300.0
2022-11-21,87600.0,87700.0,86100.0,86300.0,2111523,-0.02375565610859731,-0.024042371554215517,89985.71428571429,88150.0,88252.38095238095,0.03020377565379913,1600.0,1300.0,44.186300191196906,-192.94228630911675,-220.66223888085628,27.719952571739526,95467.70622053638,80682.29377946362,0.167872976906872,0.37994924003139846,87466.66666666667,89100.0,89590.0,88075.0,0.9685746352413019,0.9798467215441385,1025.0,-0.02375565610859731,0.02375565610859731,0.01853997682502897,-0.014840182648401826,0.02179039014787134,0.026058448279748545,2773249.8,3511052.55,-0.29171854748033677,0.6013931634261641,182224434900.0,85200.0
2022-11-22,85500.0,86600.0,84900.0,85200.0,1617131,-0.01274623406720743,-0.012828164254112227,88800.0,88200.0,87938.09523809524,0.019260766275056358,1700.0,300.0,42.13787489562146,-458.88107071204286,-268.3060052470936,-190.57506546494926,94693.57362190346,80626.42637809654,0.1604739589756664,0.3251244579043545,86633.33333333333,87820.0,89340.0,87660.0,0.9701662491459804,0.971937029431896,160.0,-0.01274623406720743,0.01274623406720743,0.01995305164319249,-0.0035087719298245615,0.019392070587407873,0.025850973892035063,2604583.0,3459099.4,-0.23414000226376885,0.4675005870025013,137779561200.0,85200.0
2022-11-23,86100.0,86700.0,84900.0,85200.0,1480400,0.0,0.0,87985.71428571429,88378.57142857143,87542.85714285714,0.018556017090495886,1800.0,900.0,42.13787489562146,-662.0082542674645,-347.04645505116775,-314.96179921629675,93686.50544622369,80763.49455377631,0.1481571899392075,0.3433027707820416,85566.66666666667,86560.0,88940.0,87225.0,0.9842883548983364,0.9767841788478074,-665.0,0.0,0.0,0.02112676056338028,-0.010452961672473868,0.01958217145982384,0.02495356363927404,2378823.2,3367603.3,-0.08455159167686477,0.439600471943949,126130080000.0,86900.0
2022-11-24,86900.0,87200.0,85700.0,86900.0,2148255,0.0199530516431925,0.019756598436076318,87314.28571428571,88550.0,87209.52380952382,0.020817350696756783,1500.0,0.0,46.576896023965,-677.9966943263717,-413.23650290620856,-264.7601914201631,93398.58178175967,80741.41821824033,0.14536767616307958,0.4865688707310399,85766.66666666667,86400.0,88720.0,87070.0,1.005787037037037,0.9980475479499253,-670.0,0.0199530516431925,0.0199530516431925,0.01726121979286536,0.0,0.017131487076987646,0.026114621683082158,2067700.2,3247502.4,0.45113145095920015,0.6615099037340203,186683359500.0,85100.0
2022-11-25,87200.0,87300.0,85100.0,85100.0,1439011,-0.020713463751438455,-0.020930996692017922,86400.0,88450.0,86976.19047619047,0.02114355215159516,2200.0,2100.0,42.830178245652085,-826.3865354628215,-495.86650941753123,-330.52002604529025,93319.57622225562,80990.42377774438,0.14146236526316613,0.3333218759968488,85733.33333333333,85740.0,87880.0,87155.0,0.9925355726615349,0.976421318340887,-1415.0,-0.020713463751438455,0.020713463751438455,0.025851938895417155,-0.02408256880733945,0.017862486502461253,0.019234250121676916,1759264.0,2932027.25,-0.33014888828374656,0.49079045905865987,122459836100.0,83100.0
2022-11-28,84100.0,84200.0,82900.0,83100.0,2471506,-0.023501762632197387,-0.023782333717925916,85742.85714285714,88121.42857142857,86961.90476190476,0.01724891943778352,1300.0,1000.0,39.06954512238722,-1092.7730316755624,-615.2478138691375,-477.52521780642485,93281.03670235659,81068.96329764341,0.14008687587855675,0.16631383017831555,85033.33333333333,85100.0,87100.0,87175.0,0.9764982373678026,0.9532549469457987,-2075.0,-0.023501762632197387,0.023501762632197387,0.015643802647412757,-0.011890606420927468,0.01780482178848898,0.018815074031922487,1831260.6,2742023.85,0.7175032018518275,0.9013437282830344,205382148600.0,83700.0
2022-11-29,82700.0,83800.0,82100.0,83700.0,1501783,0.0072202166064982976,0.007194275634027231,85071.42857142857,87728.57142857143,87009.52380952382,0.01713665369088242,1700.0,-1000.0,40.750295479091136,-1241.1638987177284,-740.4310308388558,-500.73286787887264,93294.231084256,81035.768915744,0.14063514218450057,0.21733811693766455,83966.66666666667,84800.0,86310.0,87165.0,0.9870283018867925,0.9602478058853898,-2365.0,0.0072202166064982976,0.0072202166064982976,0.02031063321385902,0.012091898428053204,0.018530721503189886,0.018768888109006503,1808191.0,2626103.75,-0.39236117573657514,0.571867352917797,125699237100.0,85000.0
2022-11-30,83200.0,85400.0,83100.0,85000.0,3332708,0.015531660692950977,0.01541227899488678,84885.71428571429,87435.71428571429,87061.90476190476,0.01739240841691503,2300.0,-1800.0,44.333251146910406,-1239.5765278964245,-840.2601302503696,-399.31639764605495,93277.39854557191,81102.60145442809,0.13963524591287782,0.3201202054042405,83933.33333333333,84760.0,85660.0,87190.0,1.002831524303917,0.9748824406468631,-2430.0,0.015531660692950977,0.015531660692950977,0.027058823529411764,0.021634615384615384,0.02044757020608969,0.02021009081534435,2178652.6,2665921.0,1.2191674829186372,1.25011506342461,283280180000.0,84700.0
2022-12-01,87300.0,87300.0,84600.0,84700.0,2878591,-0.003529411764705892,-0.0035356548323077553,84814.28571428571,86807.14285714286,87071.42857142857,0.01678728188861666,2700.0,2600.0,43.67685028349516,-1248.1382569920243,-921.8357555987005,-326.3025013933237,93127.41110605138,81452.58889394862,0.13374753364764308,0.27815507997072,84466.66666666667,84320.0,85360.0,87290.0,1.0045066413662238,0.9703287890938251,-2970.0,-0.003529411764705892,0.003529411764705892,0.031877213695395513,-0.029782359679266894,0.01704606675719411,0.016204269863248636,2324719.8,2664781.55,-0.136260662500285,1.0802352635622234,243816657700.0,81900.0
2022-12-02,83900.0,83900.0,81800.0,81900.0,4594058,-0.03305785123966942,-0.033616610798984974,84342.85714285714,86164.28571428571,87033.33333333333,0.020828594507900713,2100.0,2000.0,38.0188836383471,-1463.9841899644525,-1030.265442471851,-433.71874749260155,93363.36071903977,80956.63928096023,0.1423442110839783,0.07603626177535894,83866.66666666667,83680.0,84710.0,87160.0,0.9787284894837476,0.9396512161541992,-3480.0,-0.03305785123966942,0.03305785123966942,0.02564102564102564,-0.023837902264600714,0.020446042437016667,0.018099836898408023,2955729.2,2742835.2,0.595939819168475,1.6749303786096954,376253350200.0,81000.0
2022-12-05,81900.0,82300.0,80700.0,81000.0,3516456,-0.01098901098901095,-0.011049836186584935,83500.0,85407.14285714286,86866.66666666667,0.017566478685476446,1600.0,900.0,36.387232680737206,-1688.2055426925363,-1161.8534625159882,-526.352080176548,93671.75955542535,80098.24044457465,0.15622396398516084,0.06643520726356668,82533.33333333333,83260.0,84180.0,86885.0,0.9728561133797742,0.9322667894343097,-3625.0,-0.01098901098901095,0.01098901098901095,0.019753086419753086,-0.01098901098901099,0.018682548782136776,0.017253155095633316,3164719.2,2780393.8,-0.2345643002330402,1.264733074861554,284832936000.0,81000.0
2022-12-06,79900.0,81100.0,79800.0,81000.0,2781352,0.0,0.0,82914.28571428571,84657.14285714286,86604.76190476191,0.017181680493105533,1300.0,-1100.0,36.387232680737206,-1844.6387330898433,-1298.4105166307593,-546.228216459084,93812.15858876824,79287.84141123176,0.1678141788276891,0.11788220870143852,81300.0,82720.0,83760.0,86550.0,0.9792069632495164,0.9358752166377816,-3830.0,0.0,0.0,0.016049382716049384,0.01376720901126408,0.017761599548405196,0.017185123404953182,3420633.0,2779482.65,-0.20904683579149008,1.0006725532177725,225289512000.0,78900.0
2022-12-07,79900.0,80700.0,78700.0,78900.0,3589926,-0.025925925925925908,-0.026267926820610188,82314.28571428571,84028.57142857143,86185.71428571429,0.01760547353673272,2000.0,1000.0,32.601018169396795,-2113.7001929955586,-1461.4684519037194,-652.2317410918392,93938.4369605554,78131.5630394446,0.18372608730296727,0.0486141007001462,80300.0,81500.0,83130.0,86035.0,0.9680981595092024,0.9170686348579067,-4535.0,-0.025925925925925908,0.025925925925925908,0.025348542458808618,-0.012515644555694618,0.014297513726400554,0.018282874520536306,3472076.6,2827991.35,0.29071257431637565,1.2694260892983282,283245161400.0,78800.0
2022-12-08,78200.0,79800.0,78200.0,78800.0,3809847,-0.0012674271229404788,-0.0012682309879951648,81614.28571428571,83342.85714285714,85690.47619047618,0.01670298304393483,1600.0,-600.0,32.42798017401881,-2308.3927875883965,-1630.853319040655,-677.5394685477415,93909.86857685157,77130.13142314843,0.19620833902833423,0.09951696868404437,79566.66666666667,80320.0,82320.0,85520.0,0.9810756972111554,0.921421889616464,-5200.0,-0.0012674271229404788,0.0012674271229404788,0.02030456852791878,0.0076726342710997444,0.014767415508231588,0.01580598520549504,3658327.8,2825643.15,0.061260594229519016,1.348311445484544,300215943600.0,81500.0
2022-12-09,79400.0,81500.0,79300.0,81500.0,2985508,0.03426395939086291,0.03369002338298355,81114.28571428571,83000.0,85328.57142857143,0.021751349207114745,2200.0,-2100.0,41.46228112249318,-2219.238634775509,-1748.530382187626,-470.7082525878832,92592.6719424749,77247.3280575251,0.18070353138188655,0.27713109424975346,79733.33333333333,80240.0,81960.0,84920.0,1.015702891326022,0.9597268016957136,-4680.0,0.03426395939086291,0.03426395939086291,0.026993865030674847,0.02644836272040302,0.022166791058294374,0.02041053745172925,3336617.8,2724811.1,-0.21637063115657929,1.0956752194675072,243318902000.0,81100.0
2022-12-12,80100.0,81300.0,79500.0,81100.0,1242007,-0.004907975460122671,-0.004920059125449759,80600.0,82707.14285714286,84738.09523809524,0.02173141947021074,1800.0,-1000.0,40.596326177528624,-2156.006878186774,-1830.0256813874557,-325.98119679931824,91737.70321754988,77122.29678245012,0.17310679184057504,0.27215823488816493,80466.66666666667,80260.0,81760.0,84430.0,1.0104659855469724,0.9605590429941964,-4170.0,-0.004907975460122671,0.004907975460122671,0.02219482120838471,0.012484394506866416,0.021627134278598855,0.019263991250642914,2881728.0,2662739.4,-0.5839880516146666,0.46643956220424726,100726767700.0,82300.0
2022-12-13,81300.0,82700.0,80500.0,82300.0,2761104,0.01479654747225645,0.014688146561656868,80657.14285714286,82500.0,84328.57142857143,0.019084402449740044,2200.0,-1000.0,44.35126883566408,-1986.169953472665,-1861.2545358044977,-124.91541766816727,90493.7300288397,77436.2699711603,0.15551074921311725,0.37248668633523596,81633.33333333333,80520.0,81620.0,83965.0,1.022106308991555,0.9801703090573454,-3445.0,0.01479654747225645,0.01479654747225645,0.026731470230862697,0.012300123001230012,0.022545965348004775,0.01981951072279189,2877678.4,2677771.35,1.223098581569991,1.0311201514647619,227238859200.0,81800.0
2022-12-14,82100.0,82600.0,81100.0,81800.0,2357491,-0.0060753341433779084,-0.00609386407432278,80771.42857142857,82135.71428571429,83861.90476190476,0.01866331121779942,1500.0,300.0,43.127997662800205,-1870.3584602810151,-1863.0753206998013,-7.283139581213845,89017.8506185779,77942.1493814221,0.13267490700953274,0.3483166018992926,81733.33333333333,81100.0,81300.0,83480.0,1.0086313193588163,0.9798754192620988,-2380.0,-0.0060753341433779084,0.0060753341433779084,0.018337408312958436,-0.0036540803897685747,0.017208785360370776,0.018912423439243046,2631191.4,2665185.95,-0.14617812295371702,0.8845502881328036,192842763800.0,80200.0
2022-12-15,80600.0,81100.0,79900.0,80200.0,1713617,-0.019559902200488977,-0.01975372873623254,80657.14285714286,81785.71428571429,83323.80952380953,0.020329984538042124,1200.0,400.0,39.38450689426877,-1885.9436612245336,-1867.648988804748,-18.294672419785684,88452.09955809782,77757.90044190218,0.12868298076163456,0.22835740494109796,81433.33333333333,81380.0,80850.0,83105.0,0.9855001228803145,0.9650442211659949,-1725.0,-0.019559902200488977,0.019559902200488977,0.014962593516209476,-0.004962779156327543,0.021023596083565355,0.019567301745782462,2211945.4,2565673.3,-0.27311832791726454,0.6679014822347024,137432083400.0,78400.0
2022-12-16,77700.0,79400.0,77500.0,78400.0,3827227,-0.02244389027431426,-0.022699587516106692,80585.71428571429,81450.0,82880.95238095238,0.01963592523242588,1900.0,-700.0,35.6368955791566,-2020.2517968785687,-1898.169550419512,-122.0822464590567,87733.03440336593,77476.96559663407,0.1241579663062995,0.08999885051083845,80133.33333333333,80760.0,80500.0,82605.0,0.9707776126795443,0.9490950910961806,-1845.0,-0.02244389027431426,0.02244389027431426,0.02423469387755102,0.009009009009009009,0.014786395923992524,0.018127555903326393,2380289.2,2607975.05,1.2334203033700062,1.467509054582405,300054596800.0,79000.0
2022-12-19,78300.0,80100.0,78300.0,79000.0,1813544,0.007653061224489832,0.007623925110659366,80614.28571428571,81114.28571428571,82433.33333333333,0.019894676277146098,1800.0,-700.0,37.762794644960394,-2054.5929083240044,-1929.4542220004107,-125.13868632359367,87299.39459661033,77180.60540338967,0.1230397518630918,0.17980358735304838,79200.0,80340.0,80300.0,82240.0,0.9833208862335076,0.960603112840467,-1900.0,0.007653061224489832,0.007653061224489832,0.02278481012658228,0.008939974457215836,0.016350538180128365,0.01831069055390578,2494596.6,2593076.1,-0.5261467375726603,0.6993793973111703,143269976000.0,78300.0
2022-12-20,78200.0,78900.0,77800.0,78300.0,1361926,-0.008860759493670933,-0.008900249470264125,80157.14285714286,80635.71428571429,82052.38095238095,0.01348269477507038,1100.0,-100.0,36.258120631929366,-2113.924629162182,-1966.348303432765,-147.57632572941702,87044.74705561754,76745.25294438246,0.12576462679327283,0.15095373023433864,78566.66666666667,79540.0,80030.0,81895.0,0.9844103595675132,0.9561023261493375,-2355.0,-0.008860759493670933,0.008860759493670933,0.0140485312899106,0.0012787723785166241,0.01198407123129292,0.01839869367810818,2214761.0,2580315.85,-0.24902511325890075,0.527813678313839,106638805800.0,78000.0
2022-12-21,78500.0,79200.0,78000.0,78000.0,1513864,-0.003831417624521105,-0.003838776307165713,79714.28571428571,80157.14285714286,81709.52380952382,0.01349959990698475,1200.0,500.0,35.603367967477325,-2160.2509103982156,-2005.1288248258552,-155.12208557236045,86718.48592317842,76351.51407682158,0.1271475053211117,0.15901325359128196,78433.33333333333,78780.0,79940.0,81535.0,0.9900990099009901,0.956644385846569,-2755.0,-0.003831417624521105,0.003831417624521105,0.015384615384615385,-0.006369426751592357,0.012201158808783186,0.016610470087251212,2046035.6,2581989.05,0.11156112740339785,0.5863169714062111,118081392000.0,79200.0
2022-12-22,78500.0,79300.0,77900.0,79200.0,2061883,0.01538461538461533,0.01526747213078838,79271.42857142857,79964.28571428571,81423.80952380953,0.013645465406993173,1400.0,-700.0,40.25115454371402,-2076.2016901655006,-2019.3433978937844,-56.85829227171621,85768.72618575153,76531.27381424847,0.11383182219966792,0.2889028358061553,78500.0,78580.0,79980.0,81150.0,1.0078900483583608,0.9759704251386322,-2570.0,0.01538461538461533,0.01538461538461533,0.017676767676767676,0.008917197452229299,0.014687601533201247,0.017399236721103137,2115688.8,2577670.45,0.36200015325022594,0.7999017097007105,163301133600.0,77800.0
2022-12-23,77800.0,78300.0,77300.0,77800.0,1554446,-0.017676767676767624,-0.0178348676360342,78700.0,79735.71428571429,80990.47619047618,0.014431727142375754,1000.0,0.0,36.904620553375835,-2098.3716550525132,-2035.14904932553,-63.22260572698315,85240.28662909221,76329.71337090779,0.1102998484642498,0.16500471815791898,78333.33333333333,78460.0,79610.0,80785.0,0.9915880703543207,0.9630500711765798,-2325.0,-0.017676767676767624,0.017676767676767624,0.012853470437017995,0.0,0.013135516485014336,0.013580814681965201,1661132.6,2583442.2,-0.24610368289568318,0.6016956756377209,120935898800.0,77000.0
2022-12-26,77700.0,77700.0,76500.0,77000.0,1414717,-0.010282776349614386,-0.01033600933066206,78242.85714285714,79450.0,80604.76190476191,0.013469134951859751,1200.0,700.0,35.10834133593961,-2155.6458821856213,-2059.2484158975485,-96.39746628807279,85100.13898173266,75859.86101826734,0.11481458702118927,0.12338795285602841,78000.0,78060.0,79200.0,80480.0,0.986420702024084,0.9567594433399602,-2420.0,-0.010282776349614386,0.010282776349614386,0.015584415584415584,-0.009009009009009009,0.012453889840209856,0.013702274823243155,1581367.2,2530602.75,-0.08988990289788135,0.5590434927014918,108933209000.0,77000.0
2022-12-27,77500.0,77600.0,76500.0,77000.0,1694225,0.0,0.0,78042.85714285714,79314.28571428571,80314.28571428571,0.011282030266762283,1100.0,500.0,35.10834133593961,-2175.953087122558,-2082.5893501425508,-93.36373698000716,84753.67602862704,75536.32397137296,0.11500844790385037,0.1587957169841555,77266.66666666667,77800.0,78670.0,80145.0,0.9897172236503856,0.9607586249922017,-2345.0,0.0,0.0,0.014285714285714285,-0.0064516129032258064,0.01240701532338429,0.012010738516847117,1647827.0,2540224.85,0.19757166981099394,0.6669586749377717,130455325000.0,76000.0
2022-12-28,76800.0,77000.0,75400.0,76000.0,1891221,-0.012987012987012991,-0.013072081567352775,77614.28571428571,79114.28571428571,79947.61904761905,0.010868341262498311,1600.0,800.0,32.794301327139124,-2246.8381840147777,-2115.439116916996,-131.39906709778143,84058.71401446055,75331.28598553945,0.10951035860369035,0.07662211733451767,76666.66666666667,77400.0,78090.0,79695.0,0.9819121447028424,0.9536357362444319,-2295.0,-0.012987012987012991,0.012987012987012991,0.021052631578947368,-0.010416666666666666,0.013161211283971573,0.012176873472836728,1723298.4,2468150.5,0.1162749929908955,0.7662502752567155,143732796000.0,75000.0
2022-12-29,75200.0,75600.0,74700.0,75000.0,1736661,-0.013157894736842146,-0.01324522675002068,77142.85714285714,78650.0,79471.42857142857,0.011211516521078364,900.0,200.0,30.620791317835184,-2356.542027061223,-2163.6596989458417,-192.88232811538137,83383.55080426593,75036.44919573407,0.1053793915986854,-0.004366688875191015,76000.0,76560.0,77570.0,79210.0,0.9796238244514106,0.9468501451836889,-2650.0,-0.013157894736842146,0.013157894736842146,0.012,-0.0026595744680851063,0.006605640872514146,0.011613648275168195,1658254.0,2411054.0,-0.08172498084570756,0.7202912087410734,130249575000.0,75700.0
2023-01-02,75100.0,76700.0,75000.0,75700.0,1376985,0.009333333333333416,0.009290046907092734,76814.28571428571,78264.28571428571,79042.85714285714,0.012666581961012184,1700.0,-600.0,33.922216443043524,-2359.7966958063043,-2202.887098317934,-156.9095974883703,83152.55341251762,74647.44658748238,0.10779603073555437,0.12375546059214358,75566.66666666667,76140.0,77300.0,78900.0,0.9942211715261361,0.9594423320659062,-2760.0,0.009333333333333416,0.009333333333333416,0.022457067371202115,0.007989347536617843,0.009846554376938908,0.011140734311072275,1622761.8,2250200.35,-0.2071077775109823,0.6119388435789729,104237764500.0,75600.0
2023-01-03,75600.0,76300.0,73100.0,75600.0,2719437,-0.0013210039630119352,-0.0013218772579158245,76300.0,77785.71428571429,78742.85714285714,0.009575354086410593,3200.0,0.0,33.675683380357455,-2343.4315878908383,-2230.995996232515,-112.43559165832312,83005.09699140601,74254.90300859399,0.11128314870675345,0.15372196251285183,75433.33333333333,75860.0,76960.0,78630.0,0.9965726337991037,0.961465089660435,-2770.0,-0.0013210039630119352,0.0013210039630119352,0.042328042328042326,0.0,0.009551057314018417,0.010490092786382835,1883705.8,2210349.4,0.9749212954389481,1.2303199666079943,205589437200.0,81000.0
2023-01-04,75400.0,81900.0,75200.0,81000.0,5154609,0.0714285714285714,0.06899287148695142,76757.14285714286,77728.57142857143,78742.85714285714,0.02906634734525271,6700.0,-5600.0,53.37937126687004,-1873.1349182944832,-2159.4237806449087,286.28886235042546,83005.09699140601,74254.90300859399,0.11128314870675345,0.7708511382325218,77433.33333333333,76660.0,77230.0,78630.0,1.0566136185755284,1.0301411674933232,-1970.0,0.0714285714285714,0.0714285714285714,0.08271604938271605,0.07427055702917772,0.03522994856499119,0.02596188409416945,2575782.6,2329012.25,0.8954691724794508,2.2132167832092766,417523329000.0,81400.0
2023-01-05,83300.0,83300.0,80800.0,81400.0,3510964,0.004938271604938205,0.0049261183360557815,77385.71428571429,77814.28571428571,78761.90476190476,0.028217921568887278,2500.0,1900.0,54.458644978372845,-1451.4137678324623,-2017.8217780824193,566.408010249957,83302.05225509073,74207.94774490927,0.1154733605508408,0.7908477681380001,79333.33333333333,77740.0,77570.0,78755.0,1.0470800102907127,1.0335851691956066,-1015.0,0.004938271604938205,0.004938271604938205,0.030712530712530713,-0.022809123649459785,0.03306780768645776,0.025827394380396575,2899731.2,2325064.15,-0.3188689966591064,1.5100503786099837,285792469600.0,83100.0
2023-01-06,81400.0,83600.0,81100.0,83100.0,3687430,0.020884520884520974,0.02066942885290798,78257.14285714286,78150.0,78961.90476190476,0.028329987337608803,2500.0,-1700.0,58.82174368911087,-968.8525956148369,-1808.027941588903,839.1753459740662,83915.21565705039,74024.78434294961,0.12524289368242084,0.9175753178844551,81833.33333333333,79360.0,77960.0,78970.0,1.0471270161290323,1.052298341142206,390.0,0.020884520884520974,0.020884520884520974,0.030084235860409144,0.020884520884520884,0.02930596224741312,0.026140042131305434,3289885.0,2318943.3,0.050261409686912284,1.590133747556484,306425433000.0,86000.0
2023-01-09,84900.0,86000.0,83500.0,86000.0,3948670,0.03489771359807459,0.0343025943921052,79685.71428571429,78650.0,79304.76190476191,0.027290868013896998,2500.0,-1100.0,64.98459879237151,-348.3975165769225,-1516.101856586507,1167.7043400095845,84965.51489082756,73424.48510917244,0.1457292730810672,1.0896354249788691,83500.0,81420.0,78780.0,79195.0,1.0562515352493245,1.0859271418650167,2225.0,0.03489771359807459,0.03489771359807459,0.029069767441860465,0.012956419316843345,0.02897839305097626,0.026332820242099673,3804222.0,2367101.4,0.07084609063765268,1.6681456907591707,339585620000.0,86500.0
2023-01-10,85500.0,87200.0,85000.0,86500.0,3105311,0.005813953488372103,0.005797117684325915,81328.57142857143,79235.71428571429,79542.85714285714,0.02450365662221341,2200.0,-1000.0,65.93132826213642,181.5703945391433,-1176.567406361377,1358.1378009005202,86057.5875440767,72872.4124559233,0.16592430740770647,1.0335537793745948,85200.0,83600.0,79730.0,79465.0,1.034688995215311,1.0885295413074938,4135.0,0.005813953488372103,0.005813953488372103,0.025433526011560695,0.011695906432748537,0.027420263675320394,0.02540550716641289,3881396.8,2460266.6,-0.2135805220491963,1.2621847567251452,268609401500.0,87300.0
2023-01-11,87800.0,88400.0,86500.0,87300.0,3083961,0.009248554913294793,0.00920604890772288,82985.71428571429,79900.0,79838.09523809524,0.024510012082907203,1900.0,500.0,67.44785831914442,658.5359044501383,-809.5467441990739,1468.0826486492124,87092.71181186597,72337.28818813403,0.1851022219623903,1.0140482708880438,86600.0,84860.0,80760.0,79715.0,1.0287532406316287,1.0951514771373017,5145.0,0.009248554913294793,0.009248554913294793,0.021764032073310423,-0.0056947608200455585,0.012738965023977363,0.02508715615676293,3467267.2,2476409.45,-0.0068753178023071015,1.2453356612736233,269229795300.0,86800.0
2023-01-12,88100.0,88100.0,85800.0,86800.0,3065582,-0.00572737686139746,-0.005743841179252015,84585.71428571429,80442.85714285714,80052.38095238095,0.025209203218702757,2300.0,1300.0,65.48581865653242,984.8361084607313,-450.670173667113,1435.5062821278443,87953.74866691632,71976.25133308368,0.1998061318555948,0.9277891497767153,86866.66666666667,85940.0,81840.0,79965.0,1.0100069816150803,1.085474895266679,5975.0,-0.00572737686139746,0.00572737686139746,0.026497695852534562,-0.014755959137343927,0.015476595428741193,0.024348728962377476,3378190.8,2511814.0,-0.005959543586964933,1.2204653688529485,266092517600.0,85700.0
2023-01-13,86800.0,87500.0,85400.0,85700.0,2058890,-0.012672811059907807,-0.012753796062570353,85257.14285714286,81007.14285714286,80238.09523809524,0.01574635849398871,2100.0,1100.0,61.26352018366886,1141.5119251817378,-132.2337538973428,1273.7456790790807,88631.32384010253,71848.67615989747,0.2091556291152176,0.8253360318372176,86600.0,86460.0,82910.0,80240.0,0.9912098080037012,1.0680458624127618,6220.0,-0.012672811059907807,0.012672811059907807,0.024504084014002333,-0.012672811059907835,0.01824406803038047,0.02428983487494524,3052482.8,2529077.65,-0.32838527888016045,0.8140873017481294,176446873000.0,85800.0
2023-01-16,86000.0,86500.0,84900.0,85800.0,1512876,0.001166861143523823,0.001166180890182394,85885.71428571429,81635.71428571429,80504.76190476191,0.015933995266027588,1600.0,200.0,61.50650604277719,1259.232158508079,146.05942858374158,1113.1727299243375,89306.73865066061,71913.26134933939,0.21577319564968644,0.7983877179985029,86100.0,86420.0,83920.0,80610.0,0.9928257347836149,1.0643840714551545,5810.0,0.001166861143523823,0.001166861143523823,0.018648018648018648,-0.002325581395348837,0.008848162004981947,0.024587755453506183,2565324.0,2413360.1,-0.2651982378854626,0.6268753676668475,129804760800.0,86000.0
2023-01-17,86400.0,87200.0,85700.0,86000.0,1586136,0.002331002331002363,0.002328289759591168,86300.0,82278.57142857143,80866.66666666667,0.01488490511969406,1500.0,400.0,62.01964448688396,1353.0673024702264,387.46100336103854,965.6062991091878,89942.64994308469,71977.35005691531,0.22190340768489844,0.7805408221367935,85833.33333333333,86320.0,84960.0,80960.0,0.9962928637627433,1.0622529644268774,5360.0,0.002331002331002363,0.002331002331002363,0.01744186046511628,-0.004629629629629629,0.008356746805196881,0.024379870677893076,2261489.0,2401989.7,0.04842432558914278,0.6603425485130098,136407696000.0,85100.0
2023-01-18,86400.0,86500.0,84500.0,85100.0,1494262,-0.010465116279069764,-0.010520260674179278,86171.42857142857,82928.57142857143,81157.14285714286,0.008323209422018632,2000.0,1300.0,58.2561914064547,1339.37042321013,577.8428873308569,761.527535879273,90373.03697777097,72226.96302222903,0.2231989416425823,0.7094116892342683,85633.33333333333,85880.0,85370.0,81300.0,0.9909175593851887,1.046740467404674,4580.0,-0.010465116279069764,0.010465116279069764,0.023501762632197415,-0.015046296296296295,0.006727097658101797,0.01434991966743369,1943549.2,2408606.5,-0.057923154130541166,0.6203844422075586,127161696200.0,85500.0
2023-01-19,84000.0,85800.0,84000.0,85500.0,1674834,0.004700352526439522,0.004689340363386121,86028.57142857143,83678.57142857143,81500.0,0.00817040569561268,1800.0,-1500.0,59.43438712605559,1345.284601303123,731.3312301253102,613.9533711778129,90793.6044638651,72556.3955361349,0.22328997768876874,0.7097360410333393,85533.33333333333,85620.0,85780.0,81675.0,0.9985984583041345,1.046831955922865,3945.0,0.004700352526439522,0.004700352526439522,0.021052631578947368,0.017857142857142856,0.007974463220025488,0.014350307168243356,1665399.6,2416655.0,0.12084360038601005,0.693038104321883,143198307000.0,87600.0
2023-01-20,86300.0,87800.0,86100.0,87600.0,2386074,0.024561403508772006,0.024264621999631298,86071.42857142857,84528.57142857143,81957.14285714286,0.01239750237357612,1700.0,-1300.0,65.01687688962812,1502.1087054921663,885.4867251986814,616.621980293485,91502.82988568002,72687.17011431998,0.2291937361758944,0.7925754433750628,86066.66666666667,86000.0,86230.0,82095.0,1.0186046511627906,1.0670564589804494,3905.0,0.024561403508772006,0.024561403508772006,0.019406392694063926,0.015063731170336037,0.01267143122207319,0.014840746298397612,1730836.4,2432864.55,0.4246629815253333,0.9807673016568063,209020082400.0,91400.0
2023-01-25,92000.0,92000.0,90600.0,91400.0,5019,0.04337899543378998,0.04246448051775859,86728.57142857143,85657.14285714286,82538.09523809524,0.01963488060851862,1400.0,600.0,72.41460124382095,1910.9924485976517,1090.5878698784754,820.4045787191762,92820.13498376725,72729.86501623275,0.2427093925404348,0.9293122996325008,88166.66666666667,87120.0,86770.0,82775.0,1.0491276400367309,1.1041981274539414,4345.0,0.04337899543378998,0.04337899543378998,0.015317286652078774,-0.006521739130434782,0.021153156234876912,0.016824493622045866,1429265.0,2355393.2,-0.9978965447006254,0.002130854415305266,458736600.0,91400.0
2023-01-26,90800.0,92300.0,90100.0,91400.0,4542,0.0,0.0,87542.85714285714,86400.0,83185.71428571429,0.017977327734904437,2200.0,-600.0,72.41460124382095,2209.565267855811,1314.3833494739426,895.1819183818682,93856.56358857095,73133.43641142905,0.24819602583558176,0.8814578722809462,90133.33333333333,88200.0,87260.0,83495.0,1.036281179138322,1.0946763279238279,4705.0,0.0,0.0,0.024070021881838075,0.006607929515418502,0.021467707361980053,0.016940659572284862,1112946.2,2284884.45,-0.09503885236102805,0.001987846693954261,415138800.0,91500.0
2023-01-27,91300.0,92800.0,90300.0,91500.0,5083,0.001094091903719896,0.0010934938213712896,88357.14285714286,87121.42857142857,83876.19047619047,0.017982761006528274,2500.0,-200.0,72.59149426362923,2426.286818353168,1536.7640432497878,889.5227751033804,94696.56030333778,73743.43969666222,0.24879031829346437,0.8474422801575735,91433.33333333333,89480.0,87680.0,84220.0,1.0225748770675012,1.0864402754690097,5260.0,0.001094091903719896,0.001094091903719896,0.0273224043715847,0.002190580503833516,0.018847577514710803,0.01694457092881262,815110.4,2200427.35,0.11911052399823863,0.002310005826822685,465094500.0,90700.0
2023-01-30,91300.0,91600.0,90000.0,90700.0,6289,-0.008743169398907069,-0.008781615160384677,89028.57142857143,87664.28571428571,84528.57142857143,0.01914205378235538,1600.0,600.0,68.79101955819553,2504.615248875547,1730.3342843749397,774.2809645006073,95059.3971668409,74850.6028331591,0.23787645616716865,0.7842821746384375,91200.0,90520.0,88070.0,84955.0,1.0019885108263367,1.0676240362544878,5565.0,-0.008743169398907069,0.008743169398907069,0.017640573318632856,-0.0065717415115005475,0.021422133104706937,0.01717870203028827,481401.4,2106180.75,0.23726145976785373,0.0029859735447681783,570412300.0,88500.0
2023-01-31,90800.0,90800.0,86800.0,88500.0,29971,-0.02425578831312014,-0.02455480510720705,89514.28571428571,87842.85714285714,85123.80952380953,0.021893678605117785,4000.0,2300.0,59.55678810979399,2361.942477930119,1856.6559230859755,505.28655484414344,94683.31576361881,76576.68423638119,0.21145196224731547,0.6585054622491593,90233.33333333333,90700.0,88350.0,85630.0,0.9757442116868799,1.0335162910195026,5070.0,-0.02425578831312014,0.02425578831312014,0.04519774011299435,-0.025330396475770924,0.02510671936770593,0.01878343878998336,10180.8,2020846.25,3.76562251550326,0.014830915513735892,2652433500.0,91400.0
2023-02-01,91200.0,91400.0,88500.0,91400.0,8975,0.03276836158192098,0.032242926446220566,90357.14285714286,88192.85714285714,85904.76190476191,0.02407194353581562,2900.0,-200.0,66.0300592610904,2454.584124876812,1976.241563444143,478.3425614326691,94515.49381210796,78314.50618789204,0.18747888241874586,0.8076972907842251,90200.0,90700.0,88910.0,86415.0,1.007717750826902,1.0576867441995024,4285.0,0.03276836158192098,0.03276836158192098,0.03172866520787746,0.0021929824561403508,0.02085425442623141,0.020908447879668605,10972.0,1952445.75,-0.7005438590637616,0.004596798656249476,820315000.0,91400.0
2023-02-02,94900.0,94900.0,92700.0,91400.0,8254,0.0,0.0,90900.0,88485.71428571429,86652.38095238095,0.02333268370174637,2200.0,3500.0,66.0300592610904,2499.1941431412997,2080.8320793835746,418.3620637577251,93807.86221828712,80602.13778171288,0.1514331109061893,0.8176652685847082,90433.33333333333,90700.0,89450.0,87205.0,1.007717750826902,1.0481050398486325,3495.0,0.0,0.0,0.024070021881838075,-0.0368809272918862,0.02085425442623141,0.020973441915895605,11714.4,1816886.6,-0.08033426183844006,0.004542936251497479,754415600.0,92200.0
2023-02-03,92400.0,93200.0,91300.0,92200.0,13644,0.00875273522975939,0.008714652102443909,91014.28571428571,88871.42857142857,87442.85714285714,0.017252792555342282,1900.0,200.0,67.68485946258548,2569.4818310335104,2178.562029713562,390.9198013199484,94043.8785455265,81486.1214544735,0.14308388413437026,0.8531681627414018,91666.66666666667,90840.0,90160.0,87765.0,1.014971378247468,1.0505326724776392,3075.0,0.00875273522975939,0.00875273522975939,0.020607375271149676,-0.0021645021645021645,0.021216955493354235,0.02012966631666001,13426.6,1559838.35,0.6530167191664646,0.008747060232234961,1257976800.0,89100.0
2023-02-06,91400.0,92000.0,89100.0,89100.0,14291,-0.033622559652928374,-0.034200796085784475,90685.71428571429,89114.28571428571,87828.57142857143,0.02188494510620054,2900.0,2300.0,56.25002491248284,2347.9752408518107,2212.4446719412117,135.53056891059896,93685.91146871705,82614.08853128295,0.1256020752970403,0.5858033952826347,90900.0,90520.0,90520.0,88150.0,0.984312859036677,1.0107770845150312,2370.0,-0.033622559652928374,0.033622559652928374,0.03254769921436588,-0.02516411378555799,0.02653150837215061,0.02412655351640037,15027.0,1385004.7,0.04742011140428026,0.010318376536917168,1273328100.0,90800.0
2023-02-07,88800.0,91200.0,88800.0,90800.0,6885,0.019079685746352437,0.018899951130484007,90585.71428571429,89471.42857142857,88276.19047619047,0.023502070553345304,2400.0,-2000.0,60.21906305330543,2283.285174574383,2226.612772467846,56.67240210653699,93646.91590409365,83423.08409590635,0.11547785404853787,0.7215412031901949,90700.0,90980.0,90840.0,88535.0,0.9980215431963069,1.025583102727735,2445.0,0.019079685746352437,0.019079685746352437,0.02643171806167401,0.02252252252252252,0.024996609361754327,0.02367546559160595,10409.8,1200977.45,-0.5182282555454482,0.005732830370795056,625158000.0,94900.0
2023-02-08,91700.0,95000.0,91600.0,94900.0,18320,0.045154185022026505,0.044164420008634644,91185.71428571429,90107.14285714286,88838.09523809524,0.02858661747460146,3400.0,-3200.0,67.80508880257892,2533.64725741031,2288.0196694563388,245.62758795397122,94678.60555427003,83281.39444572997,0.12808733545223722,1.0194253176168748,91600.0,91680.0,91190.0,88980.0,1.0351221640488657,1.0665318048999775,2700.0,0.045154185022026505,0.045154185022026505,0.03582718651211802,0.03489640130861505,0.028723318470653757,0.024009130314190354,12278.8,1004459.95,1.6608569353667395,0.01823865650392532,1738568000.0,94900.0
2023-02-09,94800.0,94800.0,92600.0,94900.0,12117,0.0,0.0,92100.0,90807.14285714286,89261.90476190476,0.025483728226539614,2200.0,-100.0,67.80508880257892,2700.9264133938996,2370.6010182438513,330.3253951500483,95549.36881656195,83250.63118343805,0.13756977218259403,0.9472003683684557,93533.33333333333,92380.0,91540.0,89400.0,1.0272786317384714,1.0615212527964206,2980.0,0.0,0.0,0.023182297154899896,0.0010548523206751054,0.028723318470653757,0.024009130314190354,13051.4,849800.25,-0.33859170305676856,0.014258644899198371,1149903300.0,93500.0
2023-02-10,94300.0,94700.0,93100.0,93500.0,4669,-0.01475237091675452,-0.014862269321240908,92400.0,91378.57142857143,89595.23809523809,0.02483450026173839,1600.0,800.0,63.044098576210345,2689.5248813195794,2434.385790858997,255.13909046058234,96036.1861795988,83383.8138204012,0.14103636561361707,0.7995485662611626,94433.33333333333,92640.0,91740.0,89710.0,1.0092832469775475,1.0422472411102441,2930.0,-0.01475237091675452,0.01475237091675452,0.017112299465240642,-0.008483563096500531,0.03041686457221567,0.024735854023130565,11256.4,695835.65,-0.6146735990756789,0.006709917780153977,436551500.0,90600.0
2023-02-13,92000.0,92000.0,89900.0,90600.0,22453,-0.031016042780748654,-0.031507223245707656,92285.71428571429,91592.85714285714,89752.38095238095,0.028154025824749077,2100.0,1400.0,54.506462419761185,2418.603169508424,2431.2292665888826,-12.626097080458749,96084.87118531555,83715.12881468445,0.13759446463438385,0.5565896992052136,93000.0,92940.0,91730.0,89900.0,0.9748224661071659,1.0077864293659622,3040.0,-0.031016042780748654,0.031016042780748654,0.023178807947019868,-0.015217391304347827,0.02964105079808419,0.026773356192882146,12888.8,543679.2,3.808952666523881,0.04129825088029853,2034241800.0,93400.0
2023-02-14,91800.0,93500.0,91600.0,93400.0,11361,0.030905077262693093,0.03043713218586323,92457.14285714286,91735.71428571429,90066.66666666667,0.03053282860945709,1900.0,-1600.0,60.12177276722128,2402.141963166243,2425.411805904355,-23.269842738111947,96326.00897811644,84243.99102188356,0.13382087784496743,0.7578211695499948,92500.0,93460.0,92220.0,90285.0,0.9993580141236893,1.0345018552361964,3175.0,0.030905077262693093,0.030905077262693093,0.020342612419700215,0.017429193899782137,0.031583795217771216,0.026854678360596865,13784.0,441302.75,-0.49400970917026676,0.025744231142905864,1061117400.0,91700.0
2023-02-15,93800.0,94200.0,91200.0,91700.0,6599,-0.018201284796573902,-0.018368965972377797,92828.57142857143,91757.14285714286,90352.38095238095,0.02788950431318508,3000.0,2100.0,55.63200057081772,2226.2576338307263,2385.580971489629,-159.3233376589028,96264.54969748328,84895.45030251672,0.12551445567417263,0.5985126403676141,91900.0,92820.0,92250.0,90580.0,0.9879336349924586,1.0123647604327666,2240.0,-0.018201284796573902,0.018201284796573902,0.03271537622682661,-0.022388059701492536,0.023703291389946132,0.02597454175710698,11439.8,365988.9,-0.41915324355250416,0.018030601474525593,605128300.0,92900.0
2023-02-16,91900.0,93400.0,91600.0,92900.0,4182,0.013086150490730697,0.013001266557373721,93128.57142857143,91857.14285714286,90690.47619047618,0.027453828845648207,1800.0,-1000.0,58.01541415288815,2158.812559464379,2340.2272890845793,-181.41472962020043,96266.34814442939,85583.65185557061,0.1174890985851941,0.684878418949322,92666.66666666667,92420.0,92400.0,90925.0,1.005193681021424,1.0217211987902117,1495.0,0.013086150490730697,0.013086150490730697,0.0193756727664155,0.01088139281828074,0.025285655035715303,0.02626727353701596,9852.8,286891.2,-0.36626761630550086,0.014576954608576352,388507800.0,92000.0
2023-02-17,91400.0,92700.0,90900.0,92000.0,5053,-0.009687836383207804,-0.009735068770752578,92714.28571428571,91950.0,90976.19047619047,0.020831216796691553,1800.0,-600.0,55.602883584682985,2009.5742526592512,2274.0966817995136,-264.5224291402624,95866.61202466147,86673.38797533853,0.10072558397417494,0.5794063101348826,92200.0,92120.0,92380.0,91270.0,0.998697351280938,1.0079982469595705,850.0,-0.009687836383207804,0.009687836383207804,0.01956521739130435,0.006564551422319475,0.024844626624544886,0.026382783700947626,9929.6,212430.75,0.2082735533237685,0.02378657515449152,464876000.0,92500.0
2023-02-20,92700.0,93300.0,90700.0,92500.0,5083,0.005434782608695565,0.005420067469339113,92371.42857142857,92235.71428571429,91328.57142857143,0.021122178980663125,2600.0,200.0,56.68064731572494,1909.6345621121,2201.204257862031,-291.56969574993127,95351.29016772869,87888.70983227131,0.08145143348021582,0.6179216786208394,92466.66666666667,92500.0,92720.0,91620.0,1.0,1.0096048897620606,880.0,0.005434782608695565,0.005434782608695565,0.02810810810810811,-0.002157497303128371,0.019289125305377366,0.02357869179145102,6455.6,128943.2,0.005937067088858106,0.03942045800011168,470177500.0,91200.0
2023-02-21,92500.0,92600.0,90900.0,91200.0,4942,-0.014054054054054022,-0.01415374743809377,92042.85714285714,92221.42857142857,91600.0,0.021061156394884713,1700.0,1300.0,53.07318359791296,1705.8683138246124,2102.1370690545473,-396.26875522993487,95028.16552109372,88571.83447890628,0.07033040350966703,0.40706796227153846,91900.0,92060.0,92760.0,91800.0,0.9906582663480339,0.9934640522875817,260.0,-0.014054054054054022,0.014054054054054022,0.01864035087719298,-0.014054054054054054,0.013357781334650203,0.023552247785288655,5171.8,9886.6,-0.027739523903206775,0.4998685088908219,450710400.0,89100.0
2023-02-22,89900.0,90300.0,88500.0,89100.0,7566,-0.023026315789473673,-0.023295562603522068,91828.57142857143,92057.14285714286,91671.42857142857,0.019408822572042024,1800.0,800.0,47.7826658886585,1359.2609305358346,1953.5618413508048,-594.3009108149702,95129.76719861166,88240.23280138834,0.07514352835494709,0.12479322245029684,90933.33333333333,91540.0,92180.0,91685.0,0.973344985798558,0.9718056388722256,-145.0,-0.023026315789473673,0.023026315789473673,0.020202020202020204,-0.008898776418242492,0.014686595391910182,0.018596562143355273,5365.2,10013.95,0.5309591258599757,0.7555460133114305,674130600.0,92700.0
2023-02-23,90000.0,93700.0,89600.0,92700.0,7805,0.04040404040404044,0.03960913809504588,91728.57142857143,92092.85714285714,91733.33333333333,0.022114894530798984,4100.0,-2700.0,55.89867553922624,1359.391773480107,1834.7278277766654,-475.33605429655836,95221.0835559852,88278.9164440148,0.07566394672447299,0.6368448763444361,91000.0,91500.0,91960.0,91750.0,1.0131147540983607,1.0103542234332425,-250.0,0.04040404040404044,0.04040404040404044,0.04422869471413161,0.03,0.02491702440261507,0.02375143643895307,6089.8,10177.1,0.031588686227861595,0.7669178842695856,723523500.0,91000.0
2023-02-24,93500.0,94000.0,91000.0,91000.0,11917,-0.01833872707659112,-0.018508966054959396,91628.57142857143,92228.57142857143,91714.28571428571,0.0221331973857225,3000.0,2500.0,51.80397585204233,1208.390106003615,1709.4602834220555,-501.0701774184404,95210.83600181912,88239.16399818088,0.0760062360712808,0.3960077296204337,90933.33333333333,91300.0,91710.0,91725.0,0.9967141292442497,0.9920959389479422,-425.0,-0.01833872707659112,0.01833872707659112,0.03296703296703297,-0.026737967914438502,0.0260177995722522,0.023989743785701595,7462.6,10518.8,0.5268417680973734,1.1329239076700766,1084447000.0,90000.0
2023-02-27,90100.0,90300.0,89100.0,90000.0,1893345,-0.01098901098901095,-0.011049836186584935,91214.28571428571,92171.42857142857,91642.85714285714,0.021436117121628098,1200.0,100.0,49.506663955841276,996.5410490804061,1566.8764365537256,-570.3353874733195,95232.76133753547,88147.23866246453,0.07727694050682671,0.2614854856161928,91233.33333333333,90800.0,91650.0,91690.0,0.9911894273127754,0.9815683280619478,-890.0,-0.01098901098901095,0.01098901098901095,0.013333333333333334,-0.0011098779134295228,0.025894203516938972,0.02210162080423665,385115.0,104871.6,157.87765377192247,18.053934525648508,170401050000.0,89400.0
2023-02-28,91000.0,91000.0,88700.0,89400.0,2082486,-0.00666666666666671,-0.006688988150796652,90842.85714285714,91778.57142857143,91580.95238095238,0.02134357489986582,2300.0,1600.0,48.12759197247267,771.3426022137282,1407.7696696857263,-636.427067471998,95126.8012603148,88343.1987396852,0.0739478118562118,0.15578761537117777,90133.33333333333,90440.0,91250.0,91735.0,0.988500663423264,0.9745462473428899,-1295.0,-0.00666666666666671,0.00666666666666671,0.025727069351230425,-0.017582417582417582,0.0254700474176908,0.019180209398708147,800623.8,207497.35,0.09989779992552861,10.036205281657814,186174248400.0,88100.0
2023-03-02,89400.0,90300.0,87500.0,88100.0,2744038,-0.014541387024608499,-0.01464814923733463,90214.28571428571,91292.85714285714,91561.90476190476,0.021199731353244787,2800.0,1300.0,45.190311653747806,482.4111398285604,1222.697963714293,-740.2868238857327,95331.35473914433,87808.64526085567,0.08215255518498041,0.03873002672577068,89166.66666666667,90240.0,90890.0,91570.0,0.9762854609929078,0.9621054930654145,-1330.0,-0.014541387024608499,0.014541387024608499,0.03178206583427923,-0.0145413870246085,0.02410871034619223,0.018916545397453383,1347918.2,344250.5,0.31767416443615937,7.971050150980173,241749747800.0,87300.0
2023-03-03,88500.0,89200.0,87200.0,87300.0,2239958,-0.009080590238365494,-0.009122070096577303,89657.14285714286,90850.0,91366.66666666667,0.020999613245204274,2000.0,1200.0,43.43356918633653,186.72510930083808,1015.5033928316022,-828.7782835307642,95584.39132552245,87145.60867447755,0.09236340667700864,0.018295449937122173,88266.66666666667,89160.0,90330.0,91365.0,0.9791386271870794,0.9555081267443769,-2205.0,-0.009080590238365494,0.009080590238365494,0.022909507445589918,-0.013559322033898305,0.004598863255923986,0.01798903053376874,1794348.8,455835.7,-0.18370007995516102,4.913959130449853,195548333400.0,89700.0
2023-03-06,87900.0,89800.0,87500.0,89700.0,2374415,0.027491408934707806,0.02712030621919382,89742.85714285714,90785.71428571429,91285.71428571429,0.022749226253314735,2300.0,-1800.0,49.74526020514221,144.38733484977274,841.2801812352363,-696.8928463854636,95503.13450285971,86976.86549714029,0.09344880541121686,0.31938172499988365,88366.66666666667,88900.0,90100.0,91240.0,1.0089988751406074,0.9831214379658044,-2340.0,0.027491408934707806,0.027491408934707806,0.02564102564102564,0.020477815699658702,0.017152822742824047,0.0207801986693139,2266848.4,573874.25,0.06002657192679495,4.137517931846568,212985025500.0,88900.0
2023-03-07,89700.0,90000.0,88800.0,88900.0,1610948,-0.00891861761426982,-0.008958626544891572,89200.0,90464.28571428571,91128.57142857143,0.015125545693901852,1200.0,800.0,47.8294784736259,45.75361031004286,682.1748670501977,-636.4212567401548,95515.15184279259,86944.84815720741,0.09394172624778234,0.22813098747959862,88633.33333333333,88680.0,89740.0,91230.0,1.0024808299503833,0.9744601556505536,-2550.0,-0.00891861761426982,0.00891861761426982,0.013498312710911136,-0.008918617614269788,0.016927939663569345,0.020679229989456406,2210369.0,653707.1,-0.32153898960375504,2.4643269133836854,143213277200.0,86800.0
2023-03-08,87700.0,87800.0,86400.0,86800.0,2790989,-0.023622047244094446,-0.023905520853554366,88600.0,90114.28571428571,91019.04761904762,0.015983780115897125,1400.0,900.0,43.13353009129974,-199.56630048673833,505.82663354281044,-705.3929340295488,95750.88305744853,86309.11694255147,0.10372147769852867,0.051990597042435256,88466.66666666667,88160.0,89300.0,91030.0,0.984573502722323,0.9535318027024058,-2870.0,-0.023622047244094446,0.023622047244094446,0.016129032258064516,-0.010262257696693273,0.01951167313786318,0.02141604855174037,2352069.6,792912.3,0.732513402046497,3.5199214339341185,242257845200.0,85600.0
2023-03-09,87300.0,87800.0,85300.0,85600.0,3315016,-0.01382488479262678,-0.01392133851860812,87971.42857142857,89592.85714285714,90771.42857142857,0.016148511627116367,2500.0,1700.0,40.67592690174329,-485.2207456923352,307.6171576957813,-792.8379033881165,95507.73523253539,85622.26476746461,0.10915332043361974,-0.0022522719119220723,87100.0,87660.0,88950.0,90565.0,0.9765001140771161,0.9451774968254845,-2905.0,-0.01382488479262678,0.01382488479262678,0.029205607476635514,-0.019473081328751432,0.019433293489680703,0.020729198681621673,2466265.2,957747.1,0.1877567414275012,3.461264461150548,283765369600.0,83300.0
2023-03-10,83800.0,84400.0,83100.0,83300.0,3559824,-0.026869158878504718,-0.027236733974899455,87100.0,88971.42857142857,90219.04761904762,0.017828621704511115,1300.0,500.0,36.395600200246406,-886.9702882814308,68.69966850033887,-955.6699567817698,95477.68412958253,84492.31587041747,0.12207999398972115,-0.10853672287433112,85233.33333333333,86860.0,88010.0,89985.0,0.959014506101773,0.9257098405289771,-3125.0,-0.026869158878504718,0.026869158878504718,0.015606242496998799,-0.0059665871121718375,0.021725041243753424,0.014876357389745359,2730238.4,1135132.45,0.07384821068736924,3.1360428468061152,296533339200.0,84300.0
2023-03-13,83200.0,84700.0,82400.0,84300.0,2860341,0.01200480192076836,0.011933315835012817,86557.14285714286,88385.71428571429,89714.28571428571,0.019454172779869192,2300.0,-1100.0,39.382327453849925,-1111.8513226372015,-167.41052972716923,-944.4407929100323,95311.32689599955,83738.67310400045,0.12926728614352523,0.04850459592834517,84400.0,85780.0,87340.0,89525.0,0.9827465609699231,0.9416364144093828,-3745.0,0.01200480192076836,0.01200480192076836,0.027283511269276393,0.013221153846153846,0.015369750900825542,0.016148217571225216,2827423.6,1277916.05,-0.1964937030594771,2.238285527441337,241126746300.0,81100.0
2023-03-14,82600.0,83000.0,81100.0,81100.0,3359381,-0.037959667852906276,-0.03869890388644252,85671.42857142857,87664.28571428571,89123.80952380953,0.023049305537429288,1900.0,1500.0,33.89698072876345,-1530.6401521451335,-440.0564542107621,-1090.5836979343712,95922.52347739662,82177.47652260338,0.1543520152138489,-0.07839016673767234,82900.0,84220.0,86450.0,89050.0,0.9629541676561387,0.9107243121841662,-4830.0,-0.037959667852906276,0.037959667852906276,0.02342786683107275,-0.018159806295399514,0.01888360914260091,0.018825732336950982,3177110.2,1444762.45,0.1744687084511951,2.3252133940773447,272445799100.0,79100.0
2023-03-15,81900.0,82300.0,78800.0,79100.0,5357314,-0.024660912453760786,-0.024970086347759043,84157.14285714286,86950.0,88576.19047619047,0.016286989150786756,3500.0,2800.0,30.991548911103962,-2000.852025381886,-752.215568444987,-1248.636456936899,96205.06988533134,80464.93011466866,0.17818689953769937,-0.08671651805867021,81500.0,82680.0,85420.0,88335.0,0.9567005321722303,0.8954548027395709,-5655.0,-0.024660912453760786,0.024660912453760786,0.04424778761061947,-0.03418803418803419,0.01896572351152421,0.01930450583380031,3690375.2,1712060.1,0.5947324819661717,3.1291623465788376,423763537400.0,79000.0
2023-03-16,76700.0,80200.0,76700.0,79000.0,4804196,-0.0012642225031606058,-0.0012650223065867451,82742.85714285714,85971.42857142857,87890.47619047618,0.01722846971690724,3500.0,-2300.0,30.849169289871284,-2354.427116659892,-1072.657878087968,-1281.769238571924,96429.38172284597,78970.61827715403,0.19907369949477688,0.0016829211838148088,79733.33333333333,81360.0,84510.0,87700.0,0.9709931170108161,0.9007981755986317,-6340.0,-0.0012642225031606058,0.0012642225031606058,0.04430379746835443,0.02998696219035202,0.020472397149993583,0.019564977677062428,3988211.2,1951939.95,-0.10324539498711482,2.461241699571752,379531484000.0,84000.0
2023-03-17,81200.0,84800.0,81100.0,84000.0,6239588,0.06329113924050622,0.06136894637629202,82342.85714285714,85471.42857142857,87523.80952380953,0.03369794636894528,3700.0,-2800.0,44.563004429046515,-2205.7531612035236,-1299.276934711079,-906.4762264924445,95773.08602173538,78736.91397826462,0.1952457973006791,0.3089359515920418,80700.0,81500.0,84180.0,87255.0,1.030674846625767,0.9626955475330926,-5755.0,0.06329113924050622,0.06329113924050622,0.04404761904761905,0.034482758620689655,0.039289107921010924,0.03053069248183161,4524164.0,2263710.25,0.2987788175170205,2.7563545290303826,524125392000.0,83700.0
2023-03-20,83800.0,85100.0,83000.0,83700.0,2223378,-0.0035714285714285587,-0.0035778213478839666,82071.42857142857,85021.42857142857,87085.71428571429,0.03345127322575157,2100.0,100.0,43.99918237095458,-2088.065553239663,-1457.034658416796,-631.0308948228671,95191.84190211321,78488.15809788679,0.19235011289988976,0.3120175144116709,82233.33333333333,81380.0,83580.0,86840.0,1.0285082329810764,0.963841547673883,-5460.0,-0.0035714285714285587,0.0035714285714285587,0.025089605734767026,-0.0011933174224343676,0.0389414594455135,0.028550744942658128,4396771.4,2374626.5,-0.6436658958892798,0.9363064043966494,186096738600.0,83600.0
2023-03-21,84100.0,85100.0,82900.0,83600.0,1880231,-0.0011947431302270495,-0.0011954574047737456,82114.28571428571,84607.14285714286,86685.71428571429,0.03173758530619198,2200.0,500.0,43.8002490157177,-1980.041751521654,-1561.6360770377678,-418.4056744838863,94419.03625956016,78370.96374043984,0.1857523296385245,0.3258357820436115,83766.66666666667,81880.0,83050.0,86395.0,1.0210063507572056,0.9676485907749292,-4515.0,-0.0011947431302270495,0.0011947431302270495,0.02631578947368421,-0.005945303210463734,0.03323085864172326,0.028583689464768042,4100941.4,2468383.9,-0.15433587990885944,0.7617255160350057,157187311600.0,86900.0
2023-03-22,85200.0,87300.0,83800.0,86900.0,2667268,0.03947368421052633,0.03871451218069043,82485.71428571429,84521.42857142857,86419.04761904762,0.034809207781959575,3500.0,-1700.0,51.580319693359776,-1609.5952772238234,-1571.227917074979,-38.367360148844455,93886.07415921801,78473.92584078199,0.1788367175497334,0.5467163944392318,84733.33333333333,83440.0,83060.0,86180.0,1.0414669223394055,1.0083546066372708,-2740.0,0.03947368421052633,0.03947368421052633,0.04027617951668585,0.01995305164319249,0.03044754038884254,0.031060996587365483,3562932.2,2601500.2,0.41858526957591913,1.0252807207164543,231785589200.0,88500.0
2023-03-23,85400.0,88500.0,85100.0,88500.0,3091673,0.018411967779056404,0.018244519742537494,83542.85714285714,84607.14285714286,86290.47619047618,0.029291393869950718,3400.0,-3100.0,54.84433453007284,-1173.3811417799589,-1491.658562015975,318.27742023601604,93812.76025573301,78487.23974426699,0.1778934476084274,0.6533390006715799,86333.33333333333,85340.0,83350.0,86150.0,1.0370283571595968,1.0272780034822984,-810.0,0.018411967779056404,0.018411967779056404,0.0384180790960452,0.03629976580796253,0.02831446915624509,0.031077049016480025,3220427.6,2755705.55,0.1591159943432756,1.1219170350039758,273613060500.0,87300.0
2023-03-24,89100.0,90700.0,86700.0,87300.0,4670908,-0.013559322033898313,-0.01365208916832732,84714.28571428571,84435.71428571429,86204.76190476191,0.027111260690495232,4000.0,1800.0,52.01240100065681,-913.9725611127651,-1376.1213618353331,462.148800722568,92926.79098298609,78833.20901701391,0.1641078477639983,0.6007550815277817,87566.66666666667,86000.0,83750.0,85880.0,1.0151162790697674,1.0165346995808104,120.0,-0.013559322033898313,0.013559322033898313,0.045819014891179836,-0.020202020202020204,0.02110810748053698,0.029881212125314856,2906691.6,2988860.7,0.5108027271965696,1.5627720622777768,407770268400.0,85500.0
2023-03-27,87500.0,87800.0,84700.0,85500.0,3211190,-0.020618556701030966,-0.020834086902842025,85642.85714285714,84192.85714285714,85861.90476190476,0.0298311174251836,3100.0,2000.0,48.00797209188193,-843.9063220018434,-1269.6783538686352,425.77203186679185,92226.96504465486,78983.03495534514,0.15470977266876612,0.4920718397566328,87100.0,86360.0,83870.0,85605.0,0.9900416859657248,0.9987734361310671,755.0,-0.020618556701030966,0.020618556701030966,0.03625730994152047,-0.022857142857142857,0.02452657998566306,0.030809691438676984,3104254.0,3148824.35,-0.31251268489980966,1.0198060110910918,274556745000.0,88400.0
2023-03-28,85300.0,88700.0,85200.0,88400.0,3180431,0.03391812865497079,0.03335559370088325,86271.42857142857,84307.14285714286,85738.09523809524,0.023117686029402482,3500.0,-3100.0,54.13469386497899,-548.0549230174947,-1125.3536676984072,577.2987446809125,91959.40587368932,79090.59412631068,0.15046842148352693,0.7234083500821771,87066.66666666667,87320.0,84600.0,85525.0,1.0123683005038937,1.0336159017831044,1795.0,0.03391812865497079,0.03391812865497079,0.03959276018099547,0.03634232121922626,0.02735161299803714,0.028814026702365735,3364294.0,3213178.65,-0.009578692011372736,0.9898083320079324,281150100400.0,86900.0
2023-03-29,87400.0,88700.0,86500.0,86900.0,3070422,-0.016968325791855254,-0.017113937372251448,86728.57142857143,84400.0,85590.47619047618,0.024691190076491922,2200.0,500.0,50.8001650884478,-429.67499591560045,-986.2179333418459,556.5429374262454,91610.68688463254,79189.31311536746,0.14544934156048098,0.6207595897091139,86933.33333333333,87320.0,85380.0,85400.0,0.9951901053595968,1.0175644028103044,1920.0,-0.016968325791855254,0.016968325791855254,0.02531645569620253,-0.005720823798627002,0.024423676338614964,0.027903136512408885,3444924.8,3262575.45,-0.03458933710556844,0.9411037528649336,266819671800.0,88800.0
2023-03-30,89900.0,90500.0,87700.0,88800.0,4264354,0.021864211737629535,0.0216286177267781,87471.42857142857,84792.85714285714,85561.90476190476,0.025183359244570016,2800.0,1100.0,54.61372318886493,-180.4636570646544,-825.0670780864076,644.6034210217532,91717.23057939064,79152.76942060936,0.14706456556190417,0.7678188867373915,88033.33333333333,87380.0,86360.0,85435.0,1.0162508583199816,1.0393866682273074,1945.0,0.021864211737629535,0.021864211737629535,0.03153153153153153,-0.012235817575083427,0.02510522171700996,0.027843369057092705,3679461.0,3338591.25,0.3888494806251388,1.277291432426776,378674635200.0,88600.0
2023-03-31,89200.0,89500.0,87600.0,88600.0,2676327,-0.0022522522522522292,-0.0022547923870890937,87714.28571428571,85100.0,85585.71428571429,0.021517605828772674,1900.0,600.0,54.138026400348664,0.8895418307074578,-659.8757541029846,660.7652959336921,91889.46501343376,79110.53498656624,0.1494611699048832,0.7425868201392679,88100.0,87640.0,86820.0,85500.0,1.0109539023277043,1.0362573099415204,2140.0,-0.0022522522522522292,0.0022522522522522292,0.02144469525959368,-0.006726457399103139,0.02395708478675743,0.021431421627033792,3280544.8,3360409.7,-0.3723956782199601,0.7964287806930208,237122572200.0,87200.0
2023-04-03,89700.0,89700.0,86600.0,87200.0,2502220,-0.015801354401805856,-0.015927526696101306,87528.57142857143,85535.71428571429,85580.95238095238,0.021296340032098387,3100.0,2500.0,50.80227037180534,31.28433251133538,-521.6437367801207,552.928069291456,91511.30267557876,79238.69732442124,0.143749403820293,0.6487051809930376,88200.0,87980.0,87170.0,85375.0,0.9911343487156172,1.0213762811127378,2605.0,-0.015801354401805856,0.015801354401805856,0.03555045871559633,-0.027870680044593088,0.022830702026318952,0.022339510319114873,3138750.8,3366799.95,-0.06505445709735769,0.7432042405727135,218193584000.0,84500.0
2023-04-04,85700.0,85900.0,83700.0,84500.0,16808036,-0.03096330275229353,-0.03145279655180573,87128.57142857143,85921.42857142857,85333.33333333333,0.023817271375947392,2200.0,1200.0,45.03862330910333,-160.64321704099711,-449.443632832296,288.80041579129886,91070.71502107104,79239.28497892896,0.13893993355812434,0.44463898297441884,86766.66666666667,87200.0,87260.0,85155.0,0.9690366972477065,0.9923081439727556,2045.0,-0.03096330275229353,0.03096330275229353,0.02603550295857988,-0.014002333722287048,0.019938132129879316,0.024984001698688477,5864271.8,4126654.35,5.717249482459576,4.073041881978799,1420279042000.0,84600.0
2023-04-05,84300.0,85700.0,84100.0,84600.0,4380498,0.0011834319526626835,0.001182732249049394,87000.0,86321.42857142857,85128.57142857143,0.02275496194617329,1600.0,-300.0,45.28621265629496,-301.2059043878253,-419.79608714340185,118.59018275557656,90913.5513320445,79176.4486679555,0.13801049637355522,0.46208604348656435,85433.33333333333,86740.0,87030.0,85045.0,0.9753285681346553,0.9947674760420954,1695.0,0.0011834319526626835,0.0011834319526626835,0.018912529550827423,0.0035587188612099642,0.019736041093629,0.021128807435092344,6126287.0,4206129.8,-0.7393807343106595,1.0414557344378674,370590130800.0,83800.0
2023-04-06,83900.0,84700.0,82700.0,83800.0,5379170,-0.009456264775413725,-0.009501259124140252,86342.85714285714,86307.14285714286,84985.71428571429,0.016795063568597,2000.0,100.0,43.59429703006654,-471.7184838830435,-430.1805664913302,-41.537917391713336,90842.89123183284,79067.10876816716,0.13861200004314841,0.40191734574209675,84300.0,85740.0,86560.0,84955.0,0.9773734546302776,0.9864045671237714,785.0,-0.009456264775413725,0.009456264775413725,0.02386634844868735,-0.0011918951132300357,0.012726744479867358,0.01986747808143562,6349250.2,4309337.5,0.22798138476492857,1.2482591581652631,450774446000.0,89100.0
2023-04-07,87900.0,89400.0,86000.0,89100.0,10867359,0.0632458233890214,0.0613263269887262,86657.14285714286,86692.85714285714,85152.38095238095,0.030219038859396294,3400.0,-1200.0,55.46517878581467,-177.14322868546878,-379.5730989301579,202.42987024468914,91356.75743525279,79133.24256474721,0.1433927487888507,0.8153757360987735,85833.33333333333,85840.0,86740.0,85245.0,1.037977632805219,1.0452225937005102,595.0,0.0632458233890214,0.0632458233890214,0.038159371492704826,0.013651877133105802,0.03635171660879711,0.029035494891586956,7987456.6,4674714.25,1.0202668813218394,2.3247108633431446,968281686900.0,90700.0
2023-04-10,88700.0,92500.0,88500.0,90700.0,5387514,0.017957351290684542,0.017798022644327213,86928.57142857143,87200.0,85504.76190476191,0.02987022199744449,4000.0,-2000.0,58.31715631336782,183.30340406116738,-266.9977983318929,450.3012023930603,92122.36628773918,79007.63371226082,0.15327216239675512,0.8915443925712457,87866.66666666667,86540.0,87260.0,85565.0,1.0480702565287727,1.0600128557237187,975.0,0.017957351290684542,0.017957351290684542,0.044101433296582136,0.02254791431792559,0.035425279601258616,0.028185373826931145,8564515.4,4801072.9,-0.5042480882429669,1.1221479265603318,488647519800.0,91800.0
2023-04-11,90700.0,92200.0,89900.0,91800.0,5001836,0.012127894156560126,0.012054940505353898,87385.71428571429,87550.0,85861.90476190476,0.02993829628266735,2300.0,-1100.0,60.20403015992865,551.3649721212278,-103.32524424126879,654.6902163624966,92866.16971643323,79333.83028356677,0.1571700282562887,0.9212132002953025,90533.33333333333,88000.0,87600.0,86100.0,1.0431818181818182,1.0662020905923344,1900.0,0.012127894156560126,0.012127894156560126,0.02505446623093682,0.012127894156560088,0.02789904662415997,0.02660883681388113,6203275.4,4883195.65,-0.07158737777757984,1.0242956372227272,459168544800.0,90300.0
2023-04-12,91900.0,92000.0,89700.0,90300.0,4751001,-0.016339869281045805,-0.016474837203505097,87828.57142857143,87678.57142857143,86300.0,0.030002914027926916,2300.0,1600.0,56.45133733192807,713.7908163606335,60.09796787911165,653.6928484815219,92812.92827162716,80507.07172837284,0.14200157562028975,0.7957941194264397,90933.33333333333,89140.0,87940.0,86660.0,1.0130132376037693,1.0420032310177707,2480.0,-0.016339869281045805,0.016339869281045805,0.02547065337763012,-0.017410228509249184,0.03128020638793368,0.02655425069534625,6277376.0,4852880.0,-0.050148585439426685,0.9790064868696526,429015390300.0,88700.0
2023-04-13,89500.0,90300.0,88200.0,88700.0,4907552,-0.017718715393133966,-0.0178775711074059,88428.57142857143,87778.57142857143,86757.14285714286,0.027596976502980024,2100.0,800.0,52.67934155696588,705.2778360198863,189.13394150726657,516.1438945126197,92183.99530503947,82106.00469496053,0.11564622881495137,0.6542966311602686,90266.66666666667,90120.0,87930.0,87145.0,0.9842432312472259,1.0178438235125367,2975.0,-0.017718715393133966,0.017718715393133966,0.02367531003382187,-0.008938547486033519,0.03296924773846323,0.026571581620033816,6183052.4,4858047.8,0.0329511612394946,1.010190142633014,435299862400.0,89300.0
2023-04-14,90100.0,90300.0,88600.0,89300.0,2324722,0.006764374295377573,0.006741598566919453,89100.0,88050.0,87247.61904761905,0.027483786935991395,1700.0,800.0,53.92271000469204,738.43401568431,298.99395634267523,439.44005934163476,92308.07695884172,82511.92304115828,0.11207131812931512,0.692932860782055,89433.33333333333,90160.0,88000.0,87410.0,0.9904614019520852,1.0216222400183046,2750.0,0.006764374295377573,0.006764374295377573,0.019036954087346025,-0.008879023307436182,0.01654308971754995,0.026632100896331248,4474525.0,4662304.5,-0.5262970214070071,0.4986208000785877,207597674600.0,88500.0
2023-04-17,89000.0,89000.0,87700.0,88500.0,1877825,-0.00895856662933936,-0.008998935868569584,89771.42857142857,88057.14285714286,87461.90476190476,0.027431922897243628,1300.0,500.0,51.96223936564253,692.1782132483495,377.6308077238101,314.5474055245394,92243.58820875121,83056.41179124879,0.10481661628639394,0.5925202653538546,88833.33333333333,89720.0,88130.0,87650.0,0.9864021399910834,1.0096976611523103,2070.0,-0.00895856662933936,0.00895856662933936,0.014689265536723164,-0.0056179775280898875,0.013579770810998981,0.026234533338105354,3772587.2,4645026.85,-0.1922367491682877,0.4042656933188664,166187512500.0,87600.0
2023-04-18,89300.0,89300.0,87300.0,87600.0,1763334,-0.01016949152542368,-0.010221554071538028,89557.14285714286,88107.14285714286,87647.61904761905,0.014392408977635726,2000.0,1700.0,49.769973376660026,576.2549695934285,417.3556400977338,158.89932949569476,92030.9089920733,83669.0910079267,0.09518290249455424,0.47010219542281567,88466.66666666667,88880.0,88440.0,87850.0,0.9855985598559855,0.9971542401821286,1030.0,-0.01016949152542368,0.01016949152542368,0.0228310502283105,-0.019036954087346025,0.009738711846158037,0.024086671167620408,3124886.8,4639182.0,-0.0609700051921771,0.3800958875939767,154468058400.0,88200.0
2023-04-19,88000.0,88500.0,86600.0,88200.0,2024519,0.006849315068493178,0.006825965070399891,89200.0,88064.28571428571,87866.66666666667,0.012262747520791728,1900.0,-200.0,51.246708990534415,526.7281551105698,439.230143100301,87.49801201026878,92074.08643814952,83755.91356185048,0.09461608231017504,0.534262331913304,88100.0,88460.0,88800.0,87915.0,0.9970608184490165,1.0032417676164478,545.0,0.006849315068493178,0.006849315068493178,0.021541950113378686,0.0022727272727272726,0.010981142762662467,0.02408325965120143,2579590.4,4607044.55,0.14811998180719033,0.4394398573810188,178562575800.0,87700.0
2023-04-20,86600.0,88400.0,86200.0,87700.0,1746001,-0.005668934240362855,-0.005685063634608306,88614.28571428571,88000.0,87904.76190476191,0.010021820916405437,2200.0,-1100.0,49.929366105793804,442.0364553862746,439.79140555749575,2.2450498287788605,92025.77671869018,83724.22328130982,0.0944700248919528,0.4789196080805783,87833.33333333333,88260.0,89190.0,87875.0,0.9936551099025606,0.9980085348506401,385.0,-0.005668934240362855,0.005668934240362855,0.02508551881413911,0.012702078521939953,0.008418252677028755,0.023869447913368726,1947280.2,4539760.95,-0.13757243078479386,0.3846019689649077,153124287700.0,89100.0
2023-04-21,87700.0,89800.0,87200.0,89100.0,2624982,0.015963511972634015,0.015837435098626305,88442.85714285714,88135.71428571429,87933.33333333333,0.011935158579937445,2600.0,-1400.0,53.53130268615084,482.32601878877904,448.2983282037525,34.02769058502656,92141.26123401495,83788.73876598505,0.09495279336133576,0.6358870933115504,88333.33333333333,88220.0,89190.0,87965.0,1.0099750623441397,1.0129028590916842,255.0,0.015963511972634015,0.015963511972634015,0.029180695847362513,0.01596351197263398,0.011366295992286212,0.013390486929392683,2007332.2,4437464.65,0.5034252557701857,0.5915499518401797,233885896200.0,87200.0
2023-04-24,88100.0,88800.0,87000.0,87200.0,2054455,-0.021324354657688005,-0.021555003561829697,88228.57142857143,88328.57142857143,87928.57142857143,0.012804364047922916,1800.0,900.0,48.43853123410831,356.82837166778336,430.0043368965587,-73.17596522877534,92081.71636429257,84018.28363570743,0.09157788448137588,0.3945858384870353,88000.0,87960.0,88840.0,88050.0,0.9913597089586176,0.9903463940942646,-90.0,-0.021324354657688005,0.021324354657688005,0.020642201834862386,-0.01021566401816118,0.014584632956187884,0.01332517125008481,2042658.2,4379627.9,-0.21734510941408358,0.4690935044961239,179148476000.0,85500.0
2023-04-25,87500.0,87800.0,83700.0,85500.0,4096411,-0.019495412844036664,-0.01968795497221938,87685.71428571429,88392.85714285714,87928.57142857143,0.013523414504738068,4100.0,2000.0,44.371045482121886,118.8250484628079,367.76847920980856,-248.94343074700066,92089.41972333702,83720.58027666298,0.0952032244658898,0.21262443074400253,87266.66666666667,87540.0,88210.0,87905.0,0.9766963673749143,0.9726409191741084,-365.0,-0.019495412844036664,0.019495412844036664,0.047953216374269005,-0.022857142857142857,0.016252487977111738,0.012856832764951798,2509273.6,4425426.9,0.9939161480782008,0.9256532968604678,350243140500.0,87400.0
2023-04-26,86400.0,88700.0,86200.0,87400.0,3240654,0.022222222222222143,0.021978906718775167,87528.57142857143,88650.0,87880.95238095238,0.017064470681361913,2500.0,-1000.0,49.47739109801636,82.56802830548258,310.72838902894335,-228.16036072346077,92095.06776339635,83764.93223660365,0.09473598915947572,0.43637558497153733,86700.0,87380.0,87920.0,87930.0,1.0002288853284504,0.9939724781075856,-550.0,0.022222222222222143,0.022222222222222143,0.028604118993135013,0.011574074074074073,0.0200113034303367,0.01529866328110892,2752500.6,4433938.5,-0.2089040870166592,0.7308748193056805,283233159600.0,88800.0
2023-04-27,87900.0,89200.0,86000.0,88800.0,2980163,0.016018306636155666,0.01589136733663466,87700.0,88628.57142857143,87971.42857142857,0.01775356734158782,3200.0,-900.0,52.90759028785901,164.90149652062973,281.56301052728065,-116.66151400665092,92095.06776339635,83764.93223660365,0.09473598915947572,0.6044400774995519,87233.33333333333,87600.0,87930.0,87930.0,1.0136986301369864,1.0098942340498123,-330.0,0.016018306636155666,0.016018306636155666,0.036036036036036036,0.010238907849829351,0.02123804658802119,0.015448994878704544,2999333.0,4369728.95,-0.08038223148784163,0.6820017978460654,264638474400.0,89500.0
2023-04-28,90800.0,91400.0,88700.0,89500.0,3737493,0.007882882882882969,0.007851975282685391,87885.71428571429,88542.85714285714,88004.76190476191,0.017804755039579172,2700.0,1300.0,54.568497455879545,283.3690115436475,281.924210730554,1.4448008130934795,92189.69859070914,83760.30140929086,0.09581582473905413,0.6809144790758823,88566.66666666667,87680.0,87950.0,87975.0,1.020757299270073,1.017334470019892,-295.0,0.007882882882882969,0.007882882882882969,0.030167597765363128,-0.014317180616740088,0.020259113045808262,0.015505585376515014,3221835.2,4422787.25,0.25412368383876993,0.8450537610643605,334505623500.0,90200.0
2023-05-02,90900.0,90900.0,88900.0,90200.0,2427349,0.007821229050279266,0.007790801787768223,88242.85714285714,88428.57142857143,88080.95238095238,0.017550661105741494,2000.0,700.0,56.230938908722464,428.7966200483788,311.29869259411896,117.49792745425987,92436.00183740444,83813.99816259556,0.09783833957229945,0.7406633165864422,89500.0,88280.0,88120.0,88125.0,1.0217489805165383,1.02354609929078,155.0,0.007821229050279266,0.007821229050279266,0.022172949002217297,-0.007700770077007701,0.015940875408125568,0.015294981452979152,3296414.0,4419043.7,-0.3505408572002676,0.5492928255043054,218946879800.0,89800.0
2023-05-03,89000.0,90300.0,88600.0,89800.0,1779615,-0.0044345898004434225,-0.004444451760424018,88342.85714285714,88392.85714285714,88204.76190476191,0.016937120184123324,1700.0,-800.0,54.99259824799868,505.9402264831442,350.226999371924,155.7132271112202,92404.13292728255,84375.86707271745,0.0908277616762655,0.6756294604018666,89833.33333333333,89140.0,88340.0,88390.0,1.0074040834642135,1.015952030772712,750.0,-0.0044345898004434225,0.0044345898004434225,0.01893095768374165,0.008988764044943821,0.010039189848487643,0.014889715932596968,2833054.8,3667622.65,-0.26684831888615934,0.4852230367810604,159809427000.0,88700.0
2023-05-04,88900.0,89600.0,87500.0,88700.0,1794303,-0.012249443207126953,-0.012325085992620118,88557.14285714286,88392.85714285714,88404.76190476191,0.015141986117769924,2100.0,200.0,51.625567998476996,472.8653856387973,374.7546766252987,98.11070901349859,92191.18218612304,84998.81781387696,0.08118250885767915,0.5145988154333746,89566.66666666667,89400.0,88390.0,88595.0,0.9921700223713646,1.0011851684632316,805.0,-0.012249443207126953,0.012249443207126953,0.02367531003382187,-0.0022497187851518562,0.011229219156002748,0.015494344444323283,2543784.6,3538312.9,0.008253470554024256,0.5071069322331555,159154676100.0,88700.0
2023-05-08,89700.0,90000.0,87700.0,88700.0,2615242,0.0,0.0,89014.28571428571,88350.0,88600.0,0.011809244291848847,2300.0,1000.0,51.625567998476996,441.56326947141497,388.116395194522,53.44687427689297,91640.30073572922,86039.69926427078,0.06304143934554757,0.4750026848520713,89066.66666666667,89380.0,88490.0,88840.0,0.9923920340120832,0.9984241332733003,540.0,0.0,0.0,0.02593010146561443,-0.011148272017837236,0.00855619458232731,0.015339438503808636,2470800.4,3400116.5,0.45752528976432627,0.7691624684036562,231971965400.0,87300.0
2023-05-09,88400.0,88600.0,86700.0,87300.0,2297473,-0.015783540022547893,-0.015909426469977263,89000.0,88264.28571428571,88766.66666666667,0.011543173889067275,1900.0,1100.0,47.34662480470887,300.3258477508498,370.55828570578757,-70.23243795493778,91629.69296608973,85870.30703391027,0.06489448937666996,0.24823704869326355,88233.33333333333,88940.0,88310.0,88750.0,0.9815606026534742,0.9836619718309859,190.0,-0.015783540022547893,0.015783540022547893,0.021764032073310423,-0.012443438914027148,0.00946728248718468,0.01523863720873157,2182796.4,2971622.2,-0.12150653744471829,0.7731376485207305,200569392900.0,86900.0
2023-05-10,87200.0,87700.0,86300.0,86900.0,2137658,-0.004581901489117968,-0.0045924305742101506,88728.57142857143,88214.28571428571,88661.90476190476,0.009141326634853836,1400.0,300.0,46.169180210240945,154.33839941991027,327.31430844861217,-172.9759090287019,91399.12514323456,85720.87485676544,0.06411755066022042,0.2076564229731708,87633.33333333333,88280.0,88280.0,88560.0,0.9843679202537381,0.9812556458897922,-280.0,-0.004581901489117968,0.004581901489117968,0.01611047180667434,-0.0034403669724770644,0.006428368573204756,0.013715150465428677,2124858.2,2809129.4,-0.06956120920681108,0.7609681490642617,185762480200.0,86300.0
2023-05-11,86900.0,87300.0,85000.0,86300.0,2806299,-0.0069044879171461515,-0.006928434181964099,88271.42857142857,88078.57142857143,88452.38095238095,0.007801571034483773,2300.0,600.0,44.38608616508439,-9.661321060688351,259.91918254675204,-269.5805036074404,90855.50066800416,85714.49933199584,0.05823187785023855,0.1138884489103756,86833.33333333333,87580.0,88360.0,88285.0,0.9853847910481845,0.9775159993203828,-705.0,-0.0069044879171461515,0.0069044879171461515,0.026651216685979143,-0.006904487917146145,0.006234553040803191,0.012253089247054228,2330195.0,2699352.55,0.31279138197036205,1.0396192968569444,242183603700.0,87200.0
2023-05-12,86300.0,87600.0,86200.0,87200.0,2712372,0.010428736964078755,0.010374732825551644,87842.85714285714,88042.85714285714,88233.33333333333,0.008544503938923718,1400.0,-900.0,47.65195328344406,-66.2461582342512,194.6861143905514,-260.93227262480264,90558.86154834974,85701.13845165026,0.05511997159536461,0.30855228231681703,86800.0,87280.0,88340.0,88130.0,0.999083409715857,0.9894474072393056,-850.0,0.010428736964078755,0.010428736964078755,0.016055045871559634,0.010428736964078795,0.009615343366677943,0.010412767340387038,2513808.8,2597421.1,-0.033470061458169664,1.0442557812439424,236518838400.0,86400.0
2023-05-15,87000.0,87100.0,85500.0,86400.0,2357794,-0.00917431192660545,-0.009216655104923952,87357.14285714286,87850.0,88047.61904761905,0.00869742662813659,1600.0,600.0,45.115797922777155,-173.64172971513472,121.0205455694142,-294.6622752845489,90545.88293309903,85484.11706690097,0.057510263775470694,0.1809413863282768,86633.33333333333,86820.0,88100.0,88015.0,0.995162404975812,0.9816508549679032,-1195.0,-0.00917431192660545,0.00917431192660545,0.018518518518518517,-0.006896551724137931,0.009686990896852463,0.0090114931348023,2462319.2,2469933.2,-0.1307261688293494,0.9545982863018319,203713401600.0,90400.0
2023-05-16,89500.0,90700.0,88500.0,90400.0,5121364,0.04629629629629628,0.045256591588120856,87600.0,88078.57142857143,88128.57142857143,0.020459136937460688,2200.0,-900.0,57.341097552193865,63.28358299602405,109.47315305473617,-46.18957005871212,90761.194217404,85378.805782596,0.06111489082329968,0.9328933201721095,88000.0,87440.0,88190.0,88070.0,1.0338517840805124,1.026456228000454,-630.0,0.04629629629629628,0.04629629629629628,0.024336283185840708,0.01005586592178771,0.02315605845089785,0.01786339690107142,3027097.4,2609765.3,1.1720998526588837,1.9623848933848573,462971305600.0,91900.0
2023-05-17,92000.0,92000.0,90300.0,91900.0,3340386,0.0165929203539823,0.01645676196351055,88057.14285714286,88535.71428571429,88252.38095238095,0.02103303028298188,1700.0,100.0,60.86179728098076,367.84576722278143,161.14767588834525,206.69809133443619,91429.06024765247,85050.93975234753,0.07228151059955724,1.0738367600132677,89566.66666666667,88440.0,88360.0,88240.0,1.0391225689733152,1.0414777878513146,200.0,0.0165929203539823,0.0165929203539823,0.018498367791077257,-0.0010869565217391304,0.02238306513384426,0.018434076692888112,3267643.0,2682893.35,-0.347754621620334,1.2450685003934279,306981473400.0,93600.0
2023-05-18,92800.0,94000.0,92000.0,93600.0,3473641,0.018498367791077275,0.018329354121905013,88957.14285714286,88978.57142857143,88495.23809523809,0.019248427216066188,2000.0,-800.0,64.4434334908378,737.8834241842123,276.49482554751864,461.3885986366937,92509.03806455595,84570.96193544405,0.0896552533217969,1.1374340479607,91966.66666666667,89900.0,88740.0,88540.0,1.0411568409343714,1.057149311045855,1360.0,0.018498367791077275,0.018498367791077275,0.021367521367521368,0.008620689655172414,0.01992390445805514,0.018960973984324968,3401111.4,2768408.7,0.03989209630264279,1.2547428419799431,325132797600.0,97300.0
2023-05-19,95000.0,97900.0,94900.0,97300.0,5062669,0.03952991452991461,0.0387686057084131,90442.85714285714,89585.71428571429,88957.14285714286,0.020708587993545306,3000.0,-2300.0,70.72317844224985,1314.5467346333753,484.10520736469005,830.4415272686853,94563.8891455827,83426.1108544173,0.12515060723822002,1.2456603806333277,94266.66666666667,91920.0,89600.0,88995.0,1.0585291557876415,1.0933198494297431,2925.0,0.03952991452991461,0.03952991452991461,0.030832476875642344,0.024210526315789474,0.021853694421374328,0.02090600503063759,3871170.8,2920316.2,0.45745314498533385,1.733603025590174,492597693700.0,98200.0
2023-05-22,97700.0,99400.0,97100.0,98200.0,4248401,0.009249743062692772,0.009207226168460895,92142.85714285714,90207.14285714286,89433.33333333333,0.018491030056613476,2300.0,-500.0,72.01776204687064,1823.162755815676,751.9167170548874,1071.2460387607887,96400.20807518886,82639.79192481114,0.1537133171400549,1.1307948760518947,96366.66666666667,94280.0,90550.0,89520.0,1.041578277471362,1.0969615728328865,4760.0,0.009249743062692772,0.009249743062692772,0.023421588594704685,0.00511770726714432,0.015971313168338202,0.020642425503269723,4249292.2,3045436.2,-0.1608376925293753,1.395005746631632,417192978200.0,97900.0
2023-05-23,99000.0,99000.0,97000.0,97900.0,2472514,-0.003054989816700604,-0.003059665823955499,93671.42857142857,90757.14285714286,89919.04761904762,0.020096781714467073,2000.0,1100.0,70.89245861375466,2176.9426840261294,1036.9219104491358,1140.0207735769936,97787.45505458691,82132.54494541309,0.17402078823003364,1.0071891147651582,97800.0,95780.0,91610.0,89960.0,1.0221340572144497,1.0882614495331258,5820.0,-0.003054989816700604,0.003054989816700604,0.020429009193054137,-0.011111111111111112,0.015562581106390886,0.01918870813700015,3719522.2,3037812.8,-0.4180130359634131,0.8139125623540727,242059120600.0,97700.0
2023-05-24,97400.0,97800.0,96300.0,97700.0,2097933,-0.002042900919305368,-0.0020449904877275966,95285.71428571429,91321.42857142857,90328.57142857143,0.018699421905839383,1500.0,-300.0,70.10599505436514,2413.35781086878,1312.2090905330647,1101.148720335715,98918.08646750526,82051.91353249474,0.18639744637244313,0.9277793206438211,97933.33333333333,96940.0,92690.0,90485.0,1.007839900969672,1.0797369729789468,6455.0,-0.002042900919305368,0.002042900919305368,0.015353121801432957,0.003080082135523614,0.017539912188974195,0.018965002348578,3471031.6,3039986.7,-0.15149802994037642,0.6901125587161285,204968054100.0,103500.0
2023-05-25,104300.0,104300.0,101100.0,103500.0,7431586,0.05936540429887405,0.057670053656686655,97157.14285714286,92378.57142857143,91104.76190476191,0.02205196044344593,3200.0,800.0,77.7981814097294,3033.7587471601,1656.519021858472,1377.2397253016281,101291.35627952284,81478.64372047716,0.21680486468288745,1.1114760896013094,99700.0,98920.0,94410.0,91385.0,1.0463000404367166,1.132570990862833,7535.0,0.05936540429887405,0.05936540429887405,0.030917874396135265,-0.007670182166826462,0.027668509299174526,0.022831923472468388,4262620.6,3206745.45,2.542337148040476,2.3174854742524076,769169151000.0,109200.0
2023-05-26,107500.0,110500.0,106100.0,109200.0,10136706,0.05507246376811592,0.05360945060538088,99628.57142857143,93842.85714285714,92233.33333333333,0.025453179159088412,4400.0,-1700.0,82.55028224454833,3939.9559622355155,2113.206409933881,1826.7495523016346,104989.22348664445,79960.77651335555,0.27065095402312944,1.16823962421038,103466.66666666667,101300.0,96610.0,92475.0,1.0779861796643633,1.180859691808597,8825.0,0.05507246376811592,0.05507246376811592,0.040293040293040296,0.01581395348837209,0.03099833580259269,0.025295170007691947,5277428.0,3551548.05,0.36400305399143607,2.8541655236791743,1106928295200.0,110300.0
2023-05-30,113200.0,113400.0,109500.0,110300.0,9058509,0.010073260073260037,0.010022862948652084,102014.28571428571,95485.71428571429,93323.80952380953,0.025984500741254683,3900.0,2900.0,83.29344922516891,4692.78904000418,2629.1229359479407,2063.666104056239,108239.70280233919,78860.29719766081,0.3140503004241409,1.0701272593933189,107666.66666666667,103720.0,99000.0,93550.0,1.0634400308522947,1.179048637092464,10170.0,0.010073260073260037,0.010073260073260037,0.03535811423390753,-0.02561837455830389,0.03090428859817242,0.023219236406907325,6239449.6,3855465.35,-0.10636561818010704,2.349524163146739,999153542700.0,108600.0
2023-05-31,110000.0,110900.0,108500.0,108600.0,8166685,-0.015412511332728918,-0.01553251875962172,103628.57142857143,97035.71428571429,94266.66666666667,0.02862189638168039,2400.0,1400.0,77.7801958663214,5093.523912443969,3122.0031312471465,1971.520781196822,110510.58784004081,78499.41215995919,0.3387246778485966,0.9403149743972185,109366.66666666667,105860.0,100820.0,94505.0,1.0258832420177593,1.1491455478546109,11355.0,-0.015412511332728918,0.015412511332728918,0.022099447513812154,-0.012727272727272728,0.033941978987835505,0.025046312599592453,7378283.8,4076924.95,-0.09845152220967046,2.0031482306290673,886901991000.0,110300.0
2023-06-01,106000.0,110500.0,106000.0,110300.0,5553560,0.015653775322283625,0.015532518759621737,105357.14285714286,98750.0,95257.14285714286,0.028482403577039024,4500.0,-4300.0,79.25868480142334,5485.056659655267,3594.613836928771,1890.4428227264962,112846.28989629616,78173.71010370384,0.36302564959263245,0.9265618563277438,109733.33333333333,108380.0,102660.0,95510.0,1.0177154456541797,1.1548528949848182,12870.0,0.015653775322283625,0.015653775322283625,0.04079782411604715,0.040566037735849055,0.03173583298325044,0.02505721275532748,8069409.2,4233235.5,-0.31997377148745176,1.3118948851298255,612557668000.0,110300.0
2023-06-02,111000.0,112700.0,109200.0,110300.0,3991904,0.0,0.0,107128.57142857143,100400.0,96214.28571428571,0.02815198648100044,3500.0,700.0,79.25868480142334,5729.305317331862,4021.5521330093898,1707.7531843224724,114846.48905957532,78223.51094042468,0.3793751294261216,0.8758569266326841,109733.33333333333,109740.0,104330.0,96535.0,1.0051029706579186,1.1425907701869789,13205.0,0.0,0.0,0.03173164097914778,-0.006306306306306306,0.026277087861364838,0.025746533648140356,7381472.8,4343849.95,-0.28119908671194693,0.9189783362567576,440307011200.0,108700.0
2023-06-05,110100.0,110500.0,108500.0,108700.0,3316020,-0.01450589301903904,-0.014612132132293084,108700.0,101992.85714285714,97114.28571428571,0.02991706193238023,2000.0,1400.0,73.89188925170946,5727.741669445066,4362.790040296525,1364.9516291485406,116225.41690841928,78844.58309158072,0.38325558842301294,0.7986824760171779,109766.66666666667,109640.0,105470.0,97535.0,0.991426486683692,1.114471728097606,12105.0,-0.01450589301903904,0.01450589301903904,0.01839926402943882,-0.012715712988192553,0.01406204264553988,0.026123788762513773,6017335.6,4419935.8,-0.1693136909104026,0.7502416664061048,360451374000.0,108000.0
2023-06-07,108700.0,109300.0,108000.0,108000.0,3313460,-0.0064397424103035394,-0.006460567002944017,109342.85714285714,103250.0,98033.33333333333,0.023991118057979863,1300.0,700.0,71.6074014461531,5605.402724013009,4611.312577039822,994.0901469731871,117262.56070504572,79737.43929495428,0.38096569959483695,0.7531637378645553,109000.0,109180.0,106450.0,98500.0,0.9891921597362154,1.0964467005076142,10680.0,-0.0064397424103035394,0.0064397424103035394,0.012037037037037037,-0.006439742410303588,0.012735218909284163,0.02673395229649823,4868325.8,4454846.7,-0.0007720098189998303,0.7437876594047557,357853680000.0,109700.0
2023-06-08,107000.0,109700.0,106700.0,109700.0,4355468,0.015740740740740833,0.01561814015696496,109414.28571428571,104521.42857142857,99033.33333333333,0.013411278525389914,3000.0,-2700.0,73.73144682773223,5581.28642518149,4805.307346668156,775.9790785133337,118241.27815161998,80998.72184838002,0.3738461785107403,0.7706581126688954,108800.0,109400.0,107630.0,99620.0,1.0027422303473492,1.1011845011041959,9780.0,0.015740740740740833,0.015740740740740833,0.027347310847766638,0.025233644859813085,0.013443092968130798,0.026382626451746535,4106082.4,4557746.45,0.3144773137445449,0.9556187575989445,477794839600.0,115400.0
2023-06-09,110300.0,115600.0,108300.0,115400.0,7950947,0.051959890610756565,0.050654986792814584,110142.85714285714,106078.57142857143,100371.42857142857,0.023294338426399202,7300.0,-5100.0,79.31818092862869,5953.488340055017,5034.943545345529,918.5447947094881,119927.849361259,82162.150638741,0.37375128628351717,0.8801068293604948,111033.33333333333,110420.0,109400.0,101045.0,1.0451005252671617,1.1420654163986343,9375.0,0.051959890610756565,0.051959890610756565,0.0632582322357019,0.04623753399818677,0.02627872921777101,0.028673057813300984,4585559.8,4848410.9,0.8255092219710947,1.639907830419241,917539283800.0,114800.0
2023-06-12,114400.0,115800.0,114000.0,114800.0,2637721,-0.005199306759098743,-0.005212870188533099,111028.57142857143,107328.57142857143,101700.0,0.021959000998199436,1800.0,-400.0,77.45090111792189,6129.390258089174,5253.832887894258,875.5573701949152,120965.18856351564,83974.81143648436,0.36098738291237703,0.8333299349086568,113300.0,111320.0,110530.0,102470.0,1.0312612288896874,1.120327900849029,8850.0,-0.005199306759098743,0.005199306759098743,0.0156794425087108,0.0034965034965034965,0.0268381728902685,0.025165859947041715,4314723.2,4839982.0,-0.6682507127767296,0.5449857044922894,302810370800.0,119500.0
2023-06-13,117000.0,120100.0,117000.0,119500.0,6232477,0.04094076655052259,0.040124887486099256,112342.85714285714,108850.0,103280.95238095238,0.025117823144863716,3100.0,-2500.0,81.18705483770914,6572.2833248328825,5517.522975281983,1054.7603495508993,122606.82496407951,85563.17503592049,0.35589806339202595,0.9161307006705667,116566.66666666667,113480.0,111560.0,104085.0,1.0530489954176947,1.1481001104866215,9395.0,0.04094076655052259,0.04094076655052259,0.02594142259414226,0.021367521367521368,0.026506411763245075,0.022669951922900604,4898014.6,5015987.25,1.3628264702749076,1.242522496443746,744781001500.0,118800.0
2023-06-14,118800.0,119700.0,118100.0,118800.0,3240260,-0.0058577405857740406,-0.005874964443020787,113557.14285714286,110342.85714285714,104785.71428571429,0.025656345375315606,1600.0,0.0,79.08532771203467,6788.541045787846,5771.726589383156,1016.8144564046897,123361.42569777506,88048.57430222494,0.33406983014568964,0.8708281682869183,117700.0,115640.0,112410.0,105705.0,1.0273261847111725,1.123882503192848,9935.0,-0.0058577405857740406,0.0058577405857740406,0.013468013468013467,0.0,0.026365471444233585,0.02316251213525655,4883374.6,5060110.55,-0.48010076892381637,0.64035359859875,384942888000.0,119000.0
2023-06-15,120200.0,121100.0,118000.0,119000.0,3778592,0.0016835016835017313,0.00168208618298488,115028.57142857143,111864.28571428571,106338.09523809524,0.023647630763818317,3100.0,1200.0,79.25060441167038,6896.5658579800365,5996.694443102532,899.8714148775043,124194.80502140691,90075.19497859309,0.31847304842314667,0.8477472334857172,119100.0,117500.0,113450.0,107135.0,1.0127659574468084,1.1107481215289121,10365.0,0.0016835016835017313,0.0016835016835017313,0.026050420168067228,-0.009983361064891847,0.02758985783030761,0.021862476217481053,4767999.4,4992971.95,0.16613851974841531,0.7567821405445708,449652448000.0,118900.0
2023-06-16,117300.0,119800.0,116300.0,118900.0,4303391,-0.0008403361344537785,-0.0008406894147932353,116585.71428571429,112964.28571428571,107695.23809523809,0.022965023189325508,3500.0,-1600.0,78.914809763948,6894.630131259066,6176.281580733839,718.3485505252265,124721.96562266417,92248.03437733583,0.29934028893698056,0.820718791984826,118900.0,118200.0,114310.0,108485.0,1.005922165820643,1.0960040558602573,9715.0,-0.0008403361344537785,0.0008403361344537785,0.02943650126156434,0.013640238704177323,0.01969901225113423,0.021960016207858597,4038488.2,5041122.2,0.13888744802296737,0.8536573463741862,511673189900.0,114800.0
2023-06-19,118000.0,118500.0,113500.0,114800.0,4208396,-0.03448275862068961,-0.03509131981127006,117314.28571428571,113364.28571428571,108785.71428571429,0.029375620304885594,5000.0,3200.0,66.47779059454702,6487.476725637112,6238.520609714494,248.95611592261866,124399.58993393161,94690.41006606839,0.2712052569068713,0.6768813553040688,117566.66666666667,118200.0,114760.0,109545.0,0.9712351945854484,1.0479711534072755,8655.0,-0.03448275862068961,0.03448275862068961,0.04355400696864112,-0.02711864406779661,0.026938094659984743,0.025700612146405247,4352623.2,5077859.95,-0.022074452449242887,0.8287735466197723,483123860800.0,116100.0
2023-06-20,114000.0,117000.0,113200.0,116100.0,3319570,0.011324041811846763,0.011260404818379843,117414.28571428571,113778.57142857143,109857.14285714286,0.022465546829533712,3800.0,-2100.0,68.18965868893473,6198.254237179601,6230.467335207515,-32.213098027914384,124428.38552862967,96541.61447137033,0.2524032317261108,0.701349951504634,116600.0,117520.0,115500.0,110485.0,0.9879169503063309,1.0508213784676652,7035.0,0.011324041811846763,0.011324041811846763,0.03273040482342808,0.018421052631578946,0.017294516167513325,0.024885637793582074,3770041.8,4990705.0,-0.21120303317463474,0.6651505148070262,385402077000.0,115100.0
2023-06-21,116200.0,117500.0,114600.0,115100.0,2728146,-0.008613264427217882,-0.00865057297600882,117457.14285714286,114242.85714285714,110704.76190476191,0.02265728285942717,2900.0,1100.0,65.42205943228416,5821.247965742179,6148.623461314448,-327.37549557226885,124141.03143059874,98518.96856940126,0.2301451797466764,0.6471388162781131,115333.33333333333,116780.0,116210.0,111330.0,0.9856139749957185,1.0338632893200395,5450.0,-0.008613264427217882,0.008613264427217882,0.02519548218940052,-0.00946643717728055,0.017347225310689825,0.025024034295133255,3667619.0,4914692.25,-0.17816283434300229,0.555100067557638,314009604600.0,114000.0
2023-06-22,114200.0,115900.0,113400.0,114000.0,2612402,-0.009556907037358786,-0.009602867333341467,116671.42857142857,114507.14285714286,111457.14285714286,0.0144114499859922,2500.0,200.0,62.42088011433284,5371.784385946579,5993.255646240875,-621.4712602942955,123311.90758474337,100958.09241525663,0.19934735068878354,0.5834309484023,115066.66666666667,115780.0,116640.0,112135.0,0.984626014855761,1.0166317385294512,3645.0,-0.009556907037358786,0.009556907037358786,0.021929824561403508,-0.0017513134851138354,0.016791923867216955,0.025282037398341336,3434381.0,4921686.65,-0.042425881899282536,0.5307940520756232,297813828000.0,113600.0
2023-06-23,114000.0,115200.0,112500.0,113600.0,2987472,-0.0035087719298245723,-0.003514942107444497,115928.57142857143,114742.85714285714,112204.76190476191,0.014462333409231476,2700.0,400.0,61.31929794623798,4926.51480763439,5779.907478519578,-853.3926708851877,121809.56850540073,104050.43149459927,0.15725792093156352,0.5377270584484197,114233.33333333333,114720.0,116460.0,112930.0,0.9902370990237099,1.0059328787744621,1790.0,-0.0035087719298245723,0.0035087719298245723,0.023767605633802816,-0.0035087719298245615,0.01653062073258516,0.018903997423736503,3171197.2,4966163.6,0.14357284981407914,0.6015653612377974,339376819200.0,113500.0
2023-06-26,113100.0,113900.0,111200.0,113500.0,3350758,-0.0008802816901408717,-0.000880669365593636,115142.85714285714,115085.71428571429,112957.14285714286,0.014254765285666682,2700.0,-400.0,61.0293297933502,4513.537049040693,5526.633392623801,-1013.0963435831081,121120.34938635494,105739.65061364506,0.13559639224816958,0.5045511586329355,113700.0,114460.0,116330.0,113430.0,0.9916127904944959,1.0006171206911751,1030.0,-0.0008802816901408717,0.0008802816901408717,0.02378854625550661,0.0035366931918656055,0.008390429471213849,0.018857111046778518,2999669.6,4762122.2,0.12160314807971417,0.7036270509815981,380311033000.0,113000.0
2023-06-27,114000.0,114000.0,110800.0,113000.0,3602087,-0.004405286343612369,-0.004415018209116831,114300.0,115442.85714285714,113409.52380952382,0.014070210337918072,3200.0,1000.0,59.51393264719496,4098.656616535198,5241.0380374060815,-1142.3814208708836,121053.80613711507,106186.19386288493,0.13085383096488415,0.4582986165791639,113366.66666666667,113840.0,115680.0,113620.0,0.9926212227687983,0.9945432142228481,220.0,-0.004405286343612369,0.004405286343612369,0.02831858407079646,-0.008771929824561403,0.003626249611541361,0.011781086621568442,3056173.0,4435391.25,0.07500661044456214,0.8121238458952184,407035831000.0,114300.0
2023-06-28,114200.0,115200.0,112800.0,114300.0,3178571,0.011504424778761013,0.011438752088424355,114228.57142857143,115771.42857142857,113652.38095238095,0.008704311587706183,2400.0,-100.0,62.14577717219277,3830.6032108225045,4958.951072089367,-1128.3478612668623,121091.16873252446,106548.83126747554,0.12776609967535507,0.533007073391993,113600.0,113680.0,115230.0,113820.0,1.0054539057002112,1.0042171850289932,-140.0,0.011504424778761013,0.011504424778761013,0.02099737532808399,0.0008756567425569177,0.00785498871388763,0.01294648187142664,3146258.0,4141394.35,-0.11757517239311543,0.767512275183357,363310665300.0,116200.0
2023-06-29,115200.0,117400.0,114500.0,116200.0,4398301,0.016622922134733153,0.01648627361704588,114242.85714285714,115828.57142857143,113933.33333333333,0.01001837171718914,2900.0,-1000.0,65.65941693636765,3728.5032124912395,4712.861500169742,-984.3582876785022,121107.81403461625,107292.18596538375,0.12097747871482056,0.6447635959782395,114500.0,114120.0,114950.0,114200.0,1.0182264283210656,1.0175131348511384,-80.0,0.016622922134733153,0.016622922134733153,0.02495697074010327,0.008680555555555556,0.009570961580755672,0.01442428699246732,3503437.8,3952975.15,0.3837353326384718,1.1126558688333774,511082576200.0,115200.0
2023-06-30,114600.0,115500.0,113200.0,115200.0,2674318,-0.008605851979345935,-0.008643096156019969,114257.14285714286,115857.14285714286,114247.61904761905,0.01001728075496184,2300.0,-600.0,62.37768405925836,3526.248191434075,4475.538838422609,-949.2906469885338,121113.8513964076,107776.1486035924,0.11654246837183971,0.5566064495309272,115233.33333333333,114440.0,114580.0,114445.0,1.0066410346032855,1.0065970553541002,-5.0,-0.008605851979345935,0.008605851979345935,0.019965277777777776,0.005235602094240838,0.010751548013641067,0.014546468434739829,3440807.0,3809013.05,-0.39196567038044916,0.7021026089684833,308081433600.0,117600.0
2023-07-03,115300.0,118900.0,115300.0,117600.0,3022009,0.02083333333333326,0.02061928720273561,114771.42857142857,115721.42857142857,114595.23809523809,0.01152557978419084,3600.0,-2300.0,66.68179737153719,3519.054107227639,4284.241892183615,-765.187784955976,121320.84924527792,108299.15075472208,0.1134195496085344,0.7142577638411368,116333.33333333333,115260.0,114860.0,114810.0,1.0203019260801667,1.0243010190749935,450.0,0.02083333333333326,0.02083333333333326,0.030612244897959183,0.0199479618386817,0.013016282406257244,0.011459743485353686,3375057.2,3760518.3,0.13001109067807204,0.8036150229610637,355388258400.0,117900.0
2023-07-04,118200.0,118400.0,117200.0,117900.0,1988592,0.0025510204081633514,0.002547772078798783,115385.71428571429,115657.14285714286,114957.14285714286,0.011045844548474725,1200.0,300.0,67.18712970616576,3497.2461596900976,4126.842745684912,-629.5965859948146,121240.84142884571,109299.15857115429,0.1035974916083233,0.7202369658733705,116900.0,116240.0,115040.0,115270.0,1.014280798348245,1.022815997223909,970.0,0.0025510204081633514,0.0025510204081633514,0.010178117048346057,-0.0025380710659898475,0.011780143577893625,0.011034655499568573,3052358.2,3694146.9,-0.3419635745624847,0.5383088582644074,234454996800.0,116700.0
2023-07-05,118100.0,118200.0,116100.0,116700.0,2483034,-0.010178117048346036,-0.010230268250814922,115842.85714285714,115492.85714285714,115338.09523809524,0.012400989048024336,2100.0,1400.0,63.06671963516431,3344.579008090135,3970.389998165957,-625.8109900758218,120620.05742323356,110789.94257676644,0.08495842743586818,0.6012195702227828,117400.0,116720.0,115200.0,115705.0,0.9998286497601097,1.008599455511862,1015.0,-0.010178117048346036,0.010178117048346036,0.017994858611825194,-0.011854360711261643,0.014181202588469393,0.011205269756318057,2913250.8,3652625.6,0.24863923821477707,0.6797942827756559,289770067800.0,113800.0
2023-07-06,116000.0,116100.0,113100.0,113800.0,3465047,-0.024850042844901443,-0.02516401760027974,115957.14285714286,115128.57142857143,115614.28571428571,0.016531625562419196,3000.0,2200.0,54.38622104889713,2955.514100049244,3767.4148185426147,-811.9007184933707,120051.6498111132,111768.3501888868,0.07146320095096532,0.24527059309332663,116133.33333333333,116240.0,115180.0,115910.0,0.9790089470061941,0.9817962212061082,330.0,-0.024850042844901443,0.024850042844901443,0.026362038664323375,-0.01896551724137931,0.016983117619779494,0.013649570999208207,2726600.0,3608104.55,0.39548914755093967,0.9603510519117303,394322348600.0,111800.0
2023-07-07,112700.0,113000.0,111200.0,111800.0,2781723,-0.017574692442882234,-0.017730960971231745,115600.0,114914.28571428571,115714.28571428571,0.017129662169395512,1800.0,900.0,49.342171246401364,2457.465934489577,3505.4250417320077,-1047.9591072424305,120259.71475806953,111200.28524193047,0.07828073547169327,0.06619785020692084,114100.0,115560.0,115000.0,115730.0,0.9674627898926964,0.9660416486649961,-170.0,-0.017574692442882234,0.017574692442882234,0.016100178890876567,-0.007985803016858917,0.018026229926005687,0.014723343934981113,2748081.0,3349643.35,-0.1972048286790915,0.830453486936154,310996631400.0,110300.0
2023-07-10,111800.0,112900.0,109700.0,110300.0,3163245,-0.01341681574239717,-0.013507634461542031,114757.14285714286,114500.0,115471.42857142857,0.015017617281021502,3200.0,1500.0,45.90356207718966,1919.5938283161813,3188.2587990488423,-1268.664970732661,120636.3176721609,110373.6823278391,0.0888501393387456,-0.007179669292241034,111966.66666666667,114100.0,114680.0,115505.0,0.9666958808063103,0.9549370157136055,-1405.0,-0.01341681574239717,0.01341681574239717,0.02901178603807797,-0.013416815742397137,0.010134758419327525,0.015191172092186268,2776328.2,3375919.55,0.13715312416081682,0.9370024827753968,348905923500.0,113400.0
2023-07-11,111500.0,113400.0,111200.0,113400.0,2209391,0.02810516772438798,0.02771746503419486,114500.0,114378.57142857143,115404.76190476191,0.019996679909736467,2200.0,-1900.0,53.16742610296606,1723.6017926724453,2895.327397773563,-1171.7256051011177,120048.87398757356,110351.12601242644,0.08418184006204102,0.3143898970551777,111833.33333333333,113200.0,114720.0,115200.0,1.0017667844522968,0.984375,-2000.0,0.02810516772438798,0.02810516772438798,0.019400352733686066,0.017040358744394617,0.020690565727921644,0.018014432649525295,2820488.0,3174765.25,-0.30154287764621457,0.6959226355397458,250544939400.0,115400.0
2023-07-12,113200.0,115400.0,112800.0,115400.0,2228477,0.01763668430335108,0.0174829627803476,114185.71428571429,114478.57142857143,115209.52380952382,0.019425863434330164,2600.0,-2200.0,57.16377345297803,1709.948752864133,2658.2516687916773,-948.3029159275443,119576.41559218263,110483.58440781737,0.0790474761746089,0.5406913966066146,113033.33333333333,112940.0,114830.0,115030.0,1.0217814768903843,1.003216552203773,-2090.0,0.01763668430335108,0.01763668430335108,0.022530329289428077,0.019434628975265017,0.023382459721791655,0.018527747322266357,2769576.6,3124176.1,0.008638579590484419,0.7133007003030335,257166245800.0,114100.0
2023-07-13,115400.0,117000.0,113600.0,114100.0,3421492,-0.011265164644714054,-0.011329097205969248,113642.85714285714,114514.28571428571,114985.71428571429,0.019509221410740043,3400.0,1300.0,53.941682957756534,1576.0616276255605,2441.813660558454,-865.7520329328936,118942.06120892343,110627.93879107657,0.07243213327391967,0.41761006567216313,114300.0,113000.0,114620.0,114785.0,1.0097345132743363,0.9940323212963367,-1785.0,-0.011265164644714054,0.011265164644714054,0.029798422436459245,-0.011265164644714038,0.020702104270000066,0.018025746621847884,2760865.6,3106321.1,0.535349927327049,1.101461146434604,390392237200.0,118000.0
2023-07-14,115500.0,120200.0,115300.0,118000.0,5817889,0.034180543382997364,0.0336093675976348,113828.57142857143,114835.71428571429,114938.09523809524,0.0239596495555246,4900.0,-2500.0,61.03704650746909,1764.3146021238063,2306.3138488715244,-541.9992467477182,118725.44721125289,110754.55278874711,0.0694691861818527,0.9089879789143119,115833.33333333333,114240.0,114900.0,114740.0,1.0329131652661065,1.028412062053338,-500.0,0.034180543382997364,0.034180543382997364,0.04152542372881356,0.021645021645021644,0.022169104744725776,0.021026405333054245,3368098.8,3182046.0,0.7003953246127712,1.8283484902480982,686510902000.0,117200.0
2023-07-17,116900.0,118700.0,116000.0,117200.0,2427281,-0.006779661016949157,-0.006802747322752523,114314.28571428571,115135.71428571429,114857.14285714286,0.021413234299972276,2700.0,-300.0,59.02824725196679,1827.8824356808473,2210.627566233389,-382.7451305525419,118994.78186276263,110725.21813723737,0.07199689818496649,0.7829653507327404,116433.33333333333,115620.0,114860.0,114860.0,1.013665455803494,1.0203726275465785,760.0,-0.006779661016949157,0.006779661016949157,0.02303754266211604,0.0025662959794696323,0.020471710006469798,0.02016152655531095,3220906.0,3092990.25,-0.5827900807320319,0.7847683968612574,284477333200.0,117800.0
2023-07-18,117500.0,119000.0,116700.0,117800.0,2299880,0.005119453924914641,0.0051063940745740555,115171.42857142857,115385.71428571429,115000.0,0.019132219463499828,2300.0,-300.0,60.0891604173679,1904.7189726764773,2149.445847522007,-244.7268748455299,119253.36395862736,110636.63604137264,0.07496392115581128,0.8313322675865107,117666.66666666667,116500.0,114850.0,114945.0,1.0111587982832617,1.0248379659837314,1555.0,0.005119453924914641,0.005119453924914641,0.019524617996604415,0.002553191489361702,0.018546720962199253,0.02021617369893664,3239003.8,3042005.75,-0.052487124482085146,0.7560406485096223,270925864000.0,117500.0
2023-07-19,118700.0,119100.0,116700.0,117500.0,2580301,-0.002546689303904892,-0.002549937633272648,116200.0,115478.57142857143,115066.66666666667,0.017509414236557212,2400.0,1200.0,59.26287009962406,1919.280715648245,2103.412821147255,-184.13210549900987,119522.64866033052,110607.35133966948,0.0774805311837748,0.7731260565317244,117500.0,116920.0,114930.0,115065.0,1.004960656859391,1.0211619519402078,1855.0,-0.002546689303904892,0.002546689303904892,0.020425531914893616,-0.010109519797809604,0.018054571834603312,0.019927142512238732,3309368.6,3034613.5,0.12192853540184712,0.8502898309784755,303185367500.0,116900.0
2023-07-20,116500.0,117500.0,115200.0,116900.0,1949776,-0.005106382978723456,-0.005119465106190975,116700.0,115600.0,115152.38095238095,0.01600341011725876,2300.0,-400.0,57.55813112193957,1860.954095860914,2054.921076089987,-193.96698022907276,119710.24560733244,110709.75439266756,0.07812248255068906,0.6877675295373225,117400.0,117480.0,115240.0,115210.0,0.9950629894450119,1.0146688655498655,2270.0,-0.005106382978723456,0.005106382978723456,0.019674935842600515,0.0034334763948497852,0.01695115606407866,0.017979601427863704,3015025.4,3001482.2,-0.2443610260973429,0.649604385459957,227928814400.0,115100.0
2023-07-21,114700.0,115100.0,113200.0,115100.0,2745384,-0.015397775876817787,-0.015517552750185763,116657.14285714286,115421.42857142857,115204.76190476191,0.016344358053048666,1900.0,-400.0,52.66380006589834,1650.4594040519005,1974.0287416823699,-323.56933763046936,119721.81962908701,110848.18037091299,0.07697132548184085,0.47915173305816033,116500.0,116900.0,115570.0,115285.0,0.9846022241231822,0.9983952812594874,1615.0,-0.015397775876817787,0.015397775876817787,0.016507384882710686,0.0034873583260680036,0.007411100410101819,0.017716276940837494,2400524.4,2989377.8,0.4080509761121278,0.9183797377501098,315993698400.0,114000.0
2023-07-24,114100.0,114900.0,112900.0,114000.0,2761991,-0.009556907037358786,-0.009602867333341467,116642.85714285714,115142.85714285714,115223.80952380953,0.016163503145425313,2000.0,100.0,49.87282783757607,1378.9839685428306,1855.019787054462,-476.03581851163153,119709.9521528498,110910.0478471502,0.07631518780417658,0.35113474482313095,115333.33333333333,116260.0,115940.0,115310.0,0.9805608119731636,0.9886393200936605,950.0,-0.009556907037358786,0.009556907037358786,0.017543859649122806,-0.0008764241893076249,0.007682353394890269,0.0173559587827782,2467466.4,2959939.45,0.006049062717637943,0.9331241556309539,314866974000.0,113400.0
2023-07-25,114000.0,114200.0,112200.0,113400.0,2678385,-0.0052631578947368585,-0.005277057100843781,115985.71428571429,114907.14285714286,115219.04761904762,0.006325175125162728,2000.0,600.0,48.36713315486171,1102.711374129256,1704.5581044694209,-601.8467303401649,119689.18872220378,110970.81127779622,0.07559505284321125,0.278628533542327,114166.66666666667,115380.0,115940.0,115330.0,0.982839313572543,0.9832654122951531,50.0,-0.0052631578947368585,0.0052631578947368585,0.01763668430335097,-0.005263157894736842,0.005045948051579455,0.015154838141450435,2543167.4,2913754.35,-0.03027019277036025,0.9192212788974472,303728859000.0,113000.0
2023-07-26,116000.0,116100.0,111300.0,113000.0,4995935,-0.003527336860670194,-0.0035335725813111273,115385.71428571429,114850.0,115219.04761904762,0.00634914515280111,4800.0,3000.0,47.34099987388303,841.7831434732798,1532.0031122701928,-690.219968796913,119726.42530918909,110803.57469081091,0.07741162207416104,0.24615735521394516,113466.66666666667,114480.0,115700.0,115265.0,0.9870719776380154,0.9803496291155164,-785.0,-0.003527336860670194,0.003527336860670194,0.04247787610619469,-0.02586206896551724,0.0048154777694061285,0.01385617157331605,3026294.2,3004622.55,0.865278890077416,1.6627496189163595,564540655000.0,124000.0
2023-07-27,115000.0,124000.0,114100.0,124000.0,9638980,0.09734513274336276,0.09289374689269624,116271.42857142857,115721.42857142857,115680.95238095238,0.037990009327653534,9900.0,-9000.0,67.66024385532276,1505.2521007260075,1526.6529099613558,-21.400809235348333,121583.15760853051,109726.84239146949,0.10251450622161624,1.203844309738973,116800.0,115900.0,116690.0,115655.0,1.0698878343399483,1.072154251869785,245.0,0.09734513274336276,0.09734513274336276,0.07983870967741935,0.0782608695652174,0.04752802573790692,0.03388713591635999,4564135.0,3266656.5,0.9293645733981728,2.9507173466203134,1195233520000.0,128000.0
2023-07-28,126200.0,129000.0,122000.0,128000.0,8718746,0.032258064516129004,0.03174869831458027,117771.42857142857,116985.71428571429,116242.85714285714,0.038708766423057456,7000.0,-1800.0,71.90553680504598,2326.9984108160425,1686.7220101322932,640.2764006837492,124385.66388532253,108204.33611467747,0.1391403565986935,1.2233646191404839,121666.66666666667,118480.0,117690.0,116295.0,1.0803511141120865,1.100649211058085,2185.0,0.032258064516129004,0.032258064516129004,0.0546875,0.014263074484944533,0.04520111889831145,0.033732543938745085,5758807.4,3568877.9,-0.09547006011009462,2.442993636739436,1115999488000.0,123400.0
2023-07-31,128000.0,128500.0,122500.0,123400.0,4623350,-0.035937499999999956,-0.03659915244832968,118700.0,117700.0,116633.33333333333,0.042684431217532445,6000.0,4600.0,61.850241150930856,2577.3466775724373,1864.8469436203222,712.4997339521151,125266.8079611152,107903.1920388848,0.14893524829292287,0.8924873730519945,125133.33333333333,120360.0,118310.0,116585.0,1.0252575606513792,1.0584552043573359,3775.0,-0.035937499999999956,0.035937499999999956,0.04862236628849271,-0.0359375,0.05100868660760475,0.036371805855250995,6131079.2,3648944.95,-0.46972305420986005,1.267037476134026,570521390000.0,125100.0
2023-08-01,124000.0,126400.0,120700.0,125100.0,4656047,0.013776337115072979,0.01368230600157806,120128.57142857143,118392.85714285714,116990.47619047618,0.04144257472554187,5700.0,-1100.0,63.86154579707924,2879.7295455146377,2067.823463999185,811.9060815154526,126417.50314275338,107472.49685724662,0.1619992841550025,0.9304564420355302,125500.0,122700.0,119040.0,116945.0,1.019559902200489,1.0697336354696652,5755.0,0.013776337115072979,0.013776337115072979,0.045563549160671464,0.008870967741935484,0.049625442565169105,0.03645834838641699,6526611.6,3782317.7,0.00707214465701278,1.2310036779829467,582471479700.0,119500.0
2023-08-02,123300.0,124800.0,118700.0,119500.0,3765478,-0.044764188649080716,-0.04579704610130008,120914.28571428571,118778.57142857143,117066.66666666667,0.04651966870778065,6100.0,3800.0,53.799464895181444,2637.0981224435527,2181.678395688059,455.4197267554937,126624.78373361837,107545.21626638163,0.16295484022066659,0.6265751964318381,122666.66666666667,124000.0,119240.0,117085.0,0.9637096774193549,1.0206260409104497,6915.0,-0.044764188649080716,0.044764188649080716,0.05104602510460251,-0.030819140308191405,0.05748060342881057,0.03991610148884892,6280520.2,3846439.9,-0.19127147986263882,0.9789514714632614,449974621000.0,120000.0
2023-08-03,119000.0,121300.0,117200.0,120000.0,3498537,0.004184100418409997,0.004175371410480592,121857.14285714286,118921.42857142857,117223.80952380953,0.04624941208948649,4100.0,-1000.0,54.48896095664594,2456.8359177873645,2236.70990010792,220.12601767944443,126888.14988488232,107901.85011511768,0.1617300546851625,0.6372041962672693,121533.33333333333,123200.0,119550.0,117395.0,0.974025974025974,1.0221900421653392,5805.0,0.004184100418409997,0.004184100418409997,0.034166666666666665,0.008403361344537815,0.0330051830988524,0.03983045334419731,5052431.6,3848114.4,-0.07089166368785049,0.9091561830906066,419824440000.0,120100.0
2023-08-04,118300.0,120900.0,118100.0,120100.0,2375384,0.0008333333333332416,0.000832986303891771,122871.42857142857,119128.57142857143,117523.80952380953,0.046095835138994734,2800.0,-1800.0,54.6347827577374,2295.5839236232714,2248.4847048109905,47.099218812280924,126993.94480086103,108626.05519913897,0.1559111247069185,0.6246740942838258,119866.66666666667,121620.0,120050.0,117810.0,0.9875020555829633,1.0194380782616077,3810.0,0.0008333333333332416,0.0008333333333332416,0.02331390507910075,0.015215553677092139,0.026157250619557065,0.03931064147297677,3783759.2,3827797.45,-0.3210350497936709,0.6205615712503283,285283618400.0,121900.0
2023-08-07,120600.0,124900.0,120500.0,121900.0,3724826,0.014987510407993287,0.014876307401287934,122571.42857142857,119421.42857142857,118004.76190476191,0.028371955243668496,4400.0,-1300.0,57.28765486124565,2286.6761341941456,2256.1229906876215,30.553143506524066,127025.76406883785,109754.23593116215,0.14588671456774804,0.7032246349032296,120666.66666666667,121320.0,120840.0,118390.0,1.0047807451368282,1.0296477743052623,2930.0,0.014987510407993287,0.014987510407993287,0.03609515996718622,0.01077943615257048,0.024557696389450618,0.039070796096462565,3604054.4,3855876.5,0.5680942533922937,0.9660127859385538,454056289400.0,118600.0
2023-08-08,121900.0,122400.0,118300.0,118600.0,2729243,-0.027071369975389614,-0.027444549923600712,121228.57142857143,119500.0,118400.0,0.02511841913640599,4100.0,3300.0,51.358022971325916,1990.3902463599952,2202.976441822096,-212.58619546210093,126960.17132004029,110339.82867995971,0.14007874117219196,0.4969916384347322,120200.0,120020.0,121360.0,118650.0,0.98816863856024,0.9995785924989464,1370.0,-0.027071369975389614,0.027071369975389614,0.03456998313659359,-0.027071369975389663,0.02470949082631015,0.04044012606732417,3218693.6,3881869.1,-0.26728308919664967,0.7030744545198601,323688219800.0,118500.0
2023-08-09,118500.0,119200.0,117200.0,118500.0,2551668,-0.000843170320404707,-0.000843525988439187,120528.57142857143,119614.28571428571,118642.85714285714,0.02252180570317346,2000.0,0.0,51.1851284506116,1727.5977103490877,2107.9006955274945,-380.30298517840674,126974.38443857689,110635.61556142311,0.13752593642652902,0.4813327428588285,119666.66666666667,119820.0,121910.0,118805.0,0.9889834752128193,0.9974327679811456,1015.0,-0.000843170320404707,0.000843170320404707,0.016877637130801686,0.0,0.015523242857985675,0.04038457083305239,2975931.6,3898028.65,-0.06506382905443009,0.6546047320611663,302372658000.0,118500.0
2023-08-10,117400.0,118500.0,115100.0,118500.0,2622604,0.0,0.0,119585.71428571429,119857.14285714286,118790.47619047618,0.02109915665827561,3400.0,-1100.0,51.1851284506116,1502.01839911149,1986.7242362442937,-484.7058371328037,126892.2873677218,111157.7126322782,0.1321955449312632,0.466633988599807,118533.33333333333,119520.0,121360.0,119025.0,0.9914658634538153,0.9955891619407687,495.0,0.0,0.0,0.02869198312236287,0.009369676320272573,0.015244986240871729,0.024314659962673846,2800745.0,3858084.25,0.027799854840049765,0.6797684628063786,310778574000.0,115300.0
2023-08-11,118000.0,119400.0,115200.0,115300.0,2412381,-0.02700421940928266,-0.02737553330017249,118985.71428571429,119950.0,118847.61904761905,0.016123950479910838,4200.0,2700.0,45.5004259654831,1052.8947974397452,1799.958348483384,-747.0635510436389,126922.2769924978,110857.7230075022,0.1351211538817025,0.2765266310317061,117433.33333333333,118560.0,120090.0,118890.0,0.9725033738191633,0.9698040205231727,-330.0,-0.02700421940928266,0.02700421940928266,0.03642671292281006,-0.02288135593220339,0.01849677274947475,0.02148287908558008,2808144.4,3687808.85,-0.08015811765710723,0.6541502279870064,278147529300.0,114900.0
2023-08-14,114600.0,117300.0,114000.0,114900.0,2038360,-0.003469210754553309,-0.0034752424203033146,118257.14285714286,120057.14285714286,118700.0,0.015641631068625195,3300.0,-300.0,44.83018773442528,657.109698723245,1571.3886185313563,-914.2789198081114,126973.29892496957,110576.70107503043,0.13804755083089149,0.26367048606888993,116233.33333333333,117160.0,119240.0,118775.0,0.9807101399795152,0.9673752894127552,-1615.0,-0.003469210754553309,0.003469210754553309,0.028720626631853787,0.002617801047120419,0.014080148071122029,0.019522204131186188,2470851.2,3668362.8,-0.1550422590793079,0.5556593257351754,234207564000.0,115800.0
2023-08-16,117200.0,118500.0,115000.0,115800.0,3870479,0.007832898172323688,0.0078023802841848,117642.85714285714,120257.14285714286,118633.33333333333,0.016369114350906135,3500.0,1400.0,46.73149134933759,411.32810059808253,1339.3765149447015,-928.048414346619,126971.57507015612,110378.42492984388,0.13982009808563084,0.3267357327759405,115333.33333333333,116600.0,118310.0,118675.0,0.9931389365351629,0.9757741731619971,-2075.0,0.007832898172323688,0.007832898172323688,0.030224525043177894,-0.011945392491467578,0.013162747284252974,0.018902152007754802,2699098.4,3746892.75,0.8988201299083578,1.0329836635969898,448201468200.0,114800.0
2023-08-17,114300.0,115500.0,112500.0,114800.0,3064253,-0.008635578583765069,-0.00867308125342878,116628.57142857143,119600.0,118490.47619047618,0.013766275096950284,3000.0,-500.0,44.880723317702376,134.30459094904654,1098.3621301455705,-964.057539196524,127003.27048890795,110076.72951109205,0.1427918084850337,0.2790452281478133,115166.66666666667,115860.0,117840.0,118540.0,0.9908510271016744,0.9684494685338283,-2680.0,-0.008635578583765069,0.008635578583765069,0.02613240418118467,0.004374453193350831,0.013053273362217985,0.013743828743965245,2801615.4,3771090.35,-0.20830134978125447,0.8125641964531558,351776244400.0,117200.0
2023-08-18,112600.0,118700.0,111800.0,117200.0,3329697,0.020905923344947785,0.020690393257446246,116428.57142857143,118828.57142857143,118476.19047619047,0.01475498082563712,6900.0,-4600.0,49.998927349669735,107.18583448957361,900.1268710143712,-792.9410365247976,127007.08787659495,110102.91212340505,0.14258509344346415,0.41984229105377674,115933.33333333333,115600.0,117560.0,118555.0,1.013840830449827,0.9885707055796887,-2955.0,0.020905923344947785,0.020905923344947785,0.05887372013651877,0.04085257548845471,0.01797734876646838,0.015715087389941523,2943034.0,3840086.4,0.08662600640351825,0.8670890842456045,390240488400.0,116400.0
2023-08-21,117300.0,118500.0,115600.0,116400.0,2621973,-0.0068259385665528916,-0.006849341845574783,116128.57142857143,118328.57142857143,118452.38095238095,0.01487127917375265,2900.0,900.0,48.3860631525909,20.89979071659036,724.2814549548151,-703.3816642382247,126979.70284034945,110260.29715965055,0.14094929759483135,0.3672201606685818,116133.33333333333,115820.0,117190.0,118620.0,1.0050077706786393,0.981284774911482,-2800.0,-0.0068259385665528916,0.0068259385665528916,0.02491408934707904,-0.0076726342710997444,0.012373098466745721,0.015734946578875957,2984952.4,3833915.85,-0.21254906978022325,0.6838890321497275,305197657200.0,116500.0
2023-08-22,120000.0,120900.0,114900.0,116500.0,3349473,0.0008591065292096189,0.0008587377084178045,115842.85714285714,117714.28571428571,118519.04761904762,0.014899377929362861,6000.0,3500.0,48.60922348026676,-38.96420130744809,571.6323237023626,-610.5965250098106,126885.72930911044,110604.27069088956,0.13711279311314897,0.36211309117675855,116700.0,116140.0,116650.0,118745.0,1.0030997072498709,0.9810939407975072,-2605.0,0.0008591065292096189,0.0008591065292096189,0.05150214592274678,-0.029166666666666667,0.012045217109884869,0.014527100685041521,3247175.0,3863289.95,0.2774628114019482,0.8670001587636464,390213604500.0,116000.0
2023-08-23,116200.0,116800.0,114100.0,116000.0,2573292,-0.0042918454935622075,-0.0043010818993905854,115942.85714285714,117464.28571428571,118614.28571428571,0.010305222560166192,2700.0,200.0,47.50329155425801,-125.30819276437978,432.24422040901413,-557.5524131733939,126734.52322110935,111015.47677889065,0.13223172611750753,0.31710086482865557,116300.0,116180.0,116390.0,118875.0,0.9984506799793424,0.9758149316508938,-2695.0,-0.0042918454935622075,0.0042918454935622075,0.02327586206896552,-0.0017211703958691911,0.012005966500615734,0.012177419803068027,2987737.6,3858035.3,-0.23173227549527942,0.6669954523225851,298501872000.0,120900.0
2023-08-24,122300.0,123600.0,120300.0,120900.0,6368401,0.042241379310344884,0.0413735665143824,116800.0,117528.57142857143,118971.42857142857,0.01812905351601495,3300.0,1400.0,57.667893032064484,199.35458535641374,385.6662933984941,-186.31170804208034,126666.75604572702,111873.24395427298,0.12403380641782537,0.6101834364904886,117800.0,117400.0,116630.0,119270.0,1.0298126064735946,1.013666471032112,-1870.0,0.042241379310344884,0.042241379310344884,0.02729528535980149,-0.011447260834014717,0.020782816595201686,0.01861189559255576,3648567.2,3926658.6,1.4748069787649438,1.6218372027555439,769939680900.0,116500.0
2023-08-25,117400.0,118300.0,115300.0,116500.0,3533647,-0.03639371381306866,-0.03707248461499174,116900.0,117271.42857142857,119138.09523809524,0.024665824227531653,3000.0,900.0,48.57305478920483,100.45101168630936,328.6232370560572,-228.17222536974782,126038.18961632239,111751.81038367761,0.12015963020013266,0.33235780312149643,117800.0,117260.0,116430.0,118895.0,0.9935186764455057,0.9798561756171412,-1635.0,-0.03639371381306866,0.03639371381306866,0.02575107296137339,-0.007666098807495741,0.028154469293521153,0.02227850986535574,3689357.2,3621391.95,-0.44512806275861083,0.9757703802263105,411669875500.0,115900.0
2023-08-28,117000.0,117500.0,115500.0,115900.0,1746882,-0.0051502145922747156,-0.005163522660049269,117057.14285714286,116842.85714285714,118752.38095238095,0.02447466104007907,2000.0,1100.0,47.47355312823227,-26.04553192057938,257.68948326072984,-283.7350151813092,124114.05176379535,112465.94823620465,0.0984707374046047,0.29481638411447475,117766.66666666667,117160.0,116490.0,118290.0,0.9892454762717651,0.9797954180404091,-1130.0,-0.0051502145922747156,0.0051502145922747156,0.01725625539257981,-0.009401709401709401,0.028075892163518443,0.02049696668116079,3514339.0,3272798.75,-0.5056433197769896,0.533757842580452,202463623800.0,118600.0
2023-08-29,118300.0,120300.0,117100.0,118600.0,2682352,0.023295944779982758,0.023028736217919066,117257.14285714286,116842.85714285714,118304.76190476191,0.02479627739282334,3200.0,-300.0,52.66598722594917,90.52892003321904,224.2573706152277,-133.72845058200866,123360.36721894062,112739.63278105938,0.08996810197273394,0.5517854959293871,117000.0,117580.0,116860.0,118050.0,1.0086749447184895,1.0046590427784836,-470.0,0.023295944779982758,0.023295944779982758,0.026981450252951095,0.00253592561284869,0.030078447460091928,0.021608378274468418,3380914.8,3175748.85,0.5355084086961799,0.8446360611923074,318126947200.0,119400.0
2023-08-30,122400.0,122800.0,119400.0,119400.0,2629711,0.006745362563237878,0.0067227143948767375,117685.71428571429,116907.14285714286,118114.28571428571,0.024546054400328657,3400.0,3000.0,54.1133914499393,244.64817532428424,228.33553155703902,16.31264376724522,121981.39656578923,113548.60343421077,0.07160695564538234,0.6938859372557572,117966.66666666667,118260.0,117220.0,117765.0,1.0096397767630645,1.0138835817093363,495.0,0.006745362563237878,0.006745362563237878,0.02847571189279732,-0.024509803921568627,0.02972620035031159,0.02158622361949714,3392198.6,3074432.05,-0.019624941096470505,0.8553485512877086,313987493400.0,121800.0
2023-08-31,121000.0,122800.0,120000.0,121800.0,4403695,0.0201005025125629,0.01990115431729502,118442.85714285714,117142.85714285714,117957.14285714286,0.0252326569289759,2800.0,-800.0,58.2390460057275,554.0618576711422,293.4807967798597,260.5810608912825,122409.4823684738,113350.5176315262,0.0768490391665048,0.9327205275468201,119933.33333333333,118440.0,117920.0,117880.0,1.0283687943262412,1.0332541567695963,560.0,0.0201005025125629,0.0201005025125629,0.022988505747126436,0.006611570247933884,0.024127129765711554,0.02173666238042241,2999257.4,3106342.9,0.6745927594325003,1.4176461330138408,536370051000.0,120000.0
2023-09-01,121400.0,122600.0,119600.0,120000.0,2886011,-0.014778325123152691,-0.014888612493750637,119014.28571428571,117478.57142857143,117980.95238095238,0.026273749596365126,3000.0,1400.0,54.29609446625033,646.5761460320937,364.0998666303065,282.47627940178717,122409.4823684738,113350.5176315262,0.0768490391665048,0.7340223261222598,120400.0,119140.0,118200.0,117880.0,1.0072183985227463,1.017984390906006,1260.0,-0.014778325123152691,0.014778325123152691,0.025,-0.011532125205930808,0.016237198233041445,0.0219726271181062,2869730.2,3075716.6,-0.3446387635837632,0.9383214955500127,346321320000.0,119200.0
2023-09-04,118300.0,119700.0,116200.0,119200.0,3491280,-0.00666666666666671,-0.006688988150796652,118771.42857142857,117785.71428571429,117942.85714285714,0.02085813284610696,3500.0,-900.0,52.59186555384354,647.8727976421505,420.8544528326753,227.01834480947525,122288.86880907153,113381.13119092847,0.07559500673096328,0.6532375625006962,120333.33333333333,119800.0,118480.0,117835.0,0.994991652754591,1.0115839945686766,1965.0,-0.00666666666666671,0.00666666666666671,0.02936241610738255,0.0076077768385460695,0.016510398428164298,0.021965107778991213,3218609.8,3131511.4,0.2097251188578284,1.1148865688306293,416160576000.0,119400.0
2023-09-05,118100.0,121000.0,117700.0,119400.0,1749591,0.001677852348993314,0.0016764463272523522,119185.71428571429,118042.85714285714,117909.52380952382,0.014030280982371267,3300.0,-1300.0,52.989132375373494,657.4599429475784,468.17555085565596,189.28439209192243,121809.75609030576,113610.24390969424,0.06965858619158542,0.7061098224838492,119533.33333333333,119960.0,118770.0,117710.0,0.9953317772590864,1.0143573188344235,2250.0,0.001677852348993314,0.001677852348993314,0.02763819095477387,0.01100762066045724,0.01327749009074283,0.021959438742208914,3032057.6,3032749.65,-0.49886832336564235,0.5768992504870951,208901165400.0,118200.0
2023-09-06,118600.0,120000.0,117800.0,118200.0,1615519,-0.01005025125628145,-0.010101095986503933,119514.28571428571,118285.71428571429,117733.33333333333,0.014649613945672867,2200.0,400.0,50.26736214737494,561.7523223982862,486.8909051641821,74.86141723410412,121775.35252617899,113604.64747382101,0.06942565258185047,0.5624181140711743,118933.33333333333,119720.0,118990.0,117690.0,0.9873037086535249,1.0043334183023196,2030.0,-0.01005025125628145,0.01005025125628145,0.018612521150592216,-0.003372681281618887,0.013709601514712351,0.022236273110657092,2829219.2,2977063.45,-0.07663048106671788,0.5426552128071036,190954345800.0,118500.0
2023-09-07,118200.0,120900.0,117100.0,118500.0,2995088,0.002538071065989911,0.0025348556031881157,119500.0,118378.57142857143,117728.57142857143,0.011682113349039723,3800.0,-300.0,50.94573138820638,504.2976074676699,490.37224562487967,13.92536184279021,121775.35252617899,113604.64747382101,0.06942565258185047,0.5991346517601003,118700.0,119060.0,118750.0,117690.0,0.9952964891651268,1.0068824878919194,1370.0,0.002538071065989911,0.002538071065989911,0.032067510548523206,0.0025380710659898475,0.0074879173596223165,0.017260959623795653,2547497.8,2999234.45,0.8539478644324208,0.9986174972083293,354917928000.0,113700.0
2023-09-08,117000.0,117100.0,112800.0,113700.0,4943255,-0.040506329113924044,-0.041349559818695515,118685.71428571429,118185.71428571429,117500.0,0.01889312606279494,4300.0,3300.0,41.250493546748864,70.63026548536436,406.42384959697665,-335.7935841116123,121884.07855496247,113015.92144503753,0.07550580766219618,0.07713875007884931,116800.0,117800.0,118470.0,117450.0,0.965195246179966,0.9680715197956578,350.0,-0.040506329113924044,0.040506329113924044,0.03781882145998241,-0.028205128205128206,0.01756072617215942,0.01819850287867008,2958946.6,3115267.0,0.6504540100324265,1.5867837331439008,562048093500.0,115900.0
2023-09-11,113700.0,116000.0,112900.0,115900.0,2542590,0.019349164467898028,0.01916434958921572,117842.85714285714,118142.85714285714,117376.19047619047,0.01871960884245727,3100.0,-2200.0,46.29513625149477,-94.44392285388312,306.2502951068047,-400.6942179606878,121860.62720815653,113099.37279184347,0.07457656125564395,0.3196605274858686,116033.33333333333,117140.0,118470.0,117480.0,0.9894143759603893,0.9865509022812393,-340.0,0.019349164467898028,0.019349164467898028,0.026747195858498704,0.019349164467897976,0.0222469620066879,0.019379832278723096,2769208.6,3121777.45,-0.48564458034230484,0.8144686931478732,294686181000.0,116700.0
2023-09-12,115400.0,117500.0,113900.0,116700.0,2749688,0.00690250215703192,0.0068787889468042715,117371.42857142857,118192.85714285714,117442.85714285714,0.01901448258152033,3600.0,-1300.0,48.04227854300691,-158.88160405581584,213.22391527428059,-372.1055193300964,121798.77361841334,113341.22638158666,0.07193626976972593,0.3971332969667895,115433.33333333333,116600.0,118280.0,117570.0,1.0008576329331047,0.9926001531002807,-970.0,0.00690250215703192,0.00690250215703192,0.030848329048843187,0.011265164644714038,0.022778760210580874,0.017838352317100185,2969228.0,3157343.85,0.08145159070082086,0.8708864572985929,320888589600.0,118500.0
2023-09-13,117900.0,120700.0,116900.0,118500.0,3860589,0.015424164524421524,0.015306421282675507,117271.42857142857,118021.42857142857,117614.28571428571,0.020268921611929124,3800.0,-600.0,51.83874570557338,-63.96660666068783,157.7858108872869,-221.75241754797474,121867.72936779138,113542.27063220862,0.0707315639572046,0.595490233661503,117033.33333333333,116660.0,118190.0,117705.0,1.01577232984742,1.006754173569517,-1045.0,0.015424164524421524,0.015424164524421524,0.032067510548523206,0.005089058524173028,0.02400205635081654,0.018481910516687936,3418242.0,3156849.35,0.4040098367523879,1.222924685968939,457479796500.0,122200.0
2023-09-14,118600.0,122200.0,118600.0,122200.0,3948784,0.03122362869198314,0.03074608616230909,117671.42857142857,118428.57142857143,117919.04761904762,0.02357853620239982,3600.0,-3600.0,58.544207264278,306.28265462222043,187.48517963427363,118.7974749879468,122460.0823673473,113689.9176326527,0.07427622049286142,0.9703446428641842,119133.33333333333,117400.0,118230.0,118075.0,1.040885860306644,1.0349354224010163,-675.0,0.03122362869198314,0.03122362869198314,0.029459901800327332,0.03035413153456998,0.02768462685420266,0.020127675846795295,3608981.2,3201075.9,0.02284495966807132,1.2335802471912647,482541404800.0,122400.0
2023-09-15,122900.0,124400.0,121600.0,122400.0,3579662,0.0016366612111293755,0.001635323340730838,118271.42857142857,118892.85714285714,118280.95238095238,0.022872547588696408,2800.0,500.0,58.87749810007862,608.8280000191298,271.75374371124485,337.074256307885,123101.67157403738,113568.32842596262,0.08056232854248323,0.926398162413877,121033.33333333333,119140.0,118470.0,118335.0,1.0273627664932012,1.0343516288502979,805.0,0.0016366612111293755,0.0016366612111293755,0.02287581699346405,-0.0040683482506102524,0.011471775507907997,0.01939832746492907,3336262.6,3213574.15,-0.09347738443024489,1.113919216707665,438150628800.0,119000.0
2023-09-18,120300.0,122900.0,118800.0,119000.0,2356621,-0.02777777777777779,-0.028170876966696335,118342.85714285714,118921.42857142857,118366.66666666667,0.02613338992280826,4100.0,1300.0,51.32333098714029,567.7016694894264,330.9433288668812,236.75834062254523,123150.59943926733,113779.40056073267,0.07910521148469726,0.5570898139004874,121200.0,119760.0,118450.0,118465.0,0.9936539746158984,1.0045161018022202,1295.0,-0.02777777777777779,0.02777777777777779,0.034453781512605045,-0.010806317539484621,0.021705387335971483,0.021499736265698392,3299068.8,3200306.55,-0.3416638218915641,0.7363735202179305,280437899000.0,119200.0
2023-09-19,119400.0,121300.0,118600.0,119200.0,1921912,0.001680672268907557,0.0016792615197199939,119128.57142857143,118907.14285714286,118500.0,0.018594340969712842,2700.0,200.0,51.715775502039996,544.9650667155511,373.74767643661517,171.2173902789359,123202.05903573826,113997.94096426174,0.07760639183369748,0.5651882119873488,120200.0,120260.0,118430.0,118600.0,0.9911857641776152,1.0050590219224282,1660.0,0.001680672268907557,0.001680672268907557,0.022651006711409395,-0.0016750418760469012,0.021745530615684225,0.021499760127494303,3133513.6,3128928.5,-0.18446283895458793,0.6142396670297835,229091910400.0,118000.0
2023-09-20,118900.0,119700.0,116700.0,118000.0,2228681,-0.010067114093959773,-0.010118130165584667,119428.57142857143,118635.71428571429,118571.42857142857,0.018629416537746676,3000.0,900.0,49.15505862299769,425.21456520650827,384.04105419059385,41.173511015914414,123148.53612823473,114251.46387176527,0.07495427343276713,0.4213224328383982,118733.33333333333,120160.0,118410.0,118700.0,0.9820239680426098,0.9941027801179444,1460.0,-0.010067114093959773,0.010067114093959773,0.025423728813559324,-0.007569386038687973,0.021512710440868388,0.021500640288850115,2807132.0,3111697.95,0.15961656933303914,0.7162266504690791,262984358000.0,116500.0
2023-09-21,116000.0,116900.0,114100.0,116500.0,3151900,-0.012711864406779627,-0.01279335145990947,119400.0,118385.71428571429,118595.23809523809,0.01934048841019713,2800.0,-500.0,46.08336827165159,206.8890775261243,348.6106588577,-141.7215813315757,122905.57162528475,114054.42837471525,0.07470580056186274,0.27630008418713553,117900.0,119020.0,118210.0,118480.0,0.9788270878843892,0.9832883187035787,540.0,-0.012711864406779627,0.012711864406779627,0.0240343347639485,0.004310344827586207,0.012183328025190083,0.02184191317782468,2647755.2,2950872.9,0.4142445688727996,1.068124621700921,367196350000.0,117300.0
2023-09-22,114300.0,117300.0,114200.0,117300.0,2938386,0.006866952789699621,0.0068434826536745725,119228.57142857143,118250.0,118423.80952380953,0.018450359398522312,3100.0,-3000.0,47.95147237729797,97.2962985454651,298.34778679525306,-201.05148824978795,122884.25673421081,114155.74326578919,0.0736459118159097,0.3602282044458352,117266.66666666667,118000.0,118570.0,118520.0,0.9940677966101695,0.9897063786702667,-520.0,0.006866952789699621,0.006866952789699621,0.026427962489343565,0.026246719160104987,0.013523770737759015,0.01704978206380219,2519500.0,2921109.85,-0.06774136235286654,1.005914241807784,344672677800.0,117000.0
2023-09-25,115900.0,117700.0,115700.0,117000.0,2181722,-0.002557544757033292,-0.002560820861673704,118485.71428571429,118078.57142857143,118447.61904761905,0.011891127965689136,2000.0,-1100.0,47.289771833685336,-13.607403488334967,235.95674873853545,-249.56415222687042,122826.50128282869,114323.49871717131,0.0717099098938003,0.3147713130934195,116933.33333333333,117600.0,118680.0,118575.0,0.9948979591836735,0.9867172675521821,-975.0,-0.002557544757033292,0.002557544757033292,0.017094017094017096,0.009490940465918895,0.008109956803282404,0.016134600350127676,2484520.2,2942851.85,-0.2575100752590027,0.7413631780342596,255261474000.0,115000.0
2023-09-26,117000.0,117200.0,113300.0,115000.0,3237819,-0.017094017094017144,-0.017241806434506103,117428.57142857143,117850.0,118404.76190476191,0.011955174050252383,3900.0,2000.0,43.02698260485653,-259.8868577485555,136.78802744111726,-396.67488518967275,122936.95645301139,113853.04354698861,0.07672547747812637,0.1262623788754003,116433.33333333333,116760.0,118510.0,118395.0,0.9849263446385749,0.971324802567676,-1635.0,-0.017094017094017144,0.017094017094017144,0.03391304347826087,-0.017094017094017096,0.009432470872345677,0.016934105955148153,2747701.6,2970625.2,0.48406579756724266,1.0899453084825375,372349185000.0,114700.0
2023-09-27,113000.0,115200.0,112300.0,114700.0,3060751,-0.00260869565217392,-0.0026121042279250665,116814.28571428571,117578.57142857143,118219.04761904762,0.008493733201076624,2900.0,-1700.0,42.40944252836273,-473.8107964681258,14.668262659268663,-488.4790591273944,122961.92943677733,113358.07056322267,0.08127842648573672,0.13972815036594147,115566.66666666667,116100.0,118130.0,118160.0,0.9879414298018949,0.9707176709546378,-2060.0,-0.00260869565217392,0.00260869565217392,0.025283347863993024,0.01504424778761062,0.009438196062497534,0.015878060227828363,2914115.6,2992177.2,-0.05468743002619969,1.0229176935109323,351068139700.0,115400.0
2023-10-04,113000.0,116600.0,113000.0,115400.0,4447702,0.006102877070619073,0.006084329938674247,116271.42857142857,117700.0,118028.57142857143,0.009225043793800628,3600.0,-2400.0,44.41414539799522,-580.1750128841086,-104.30039244940679,-475.8746204347018,122470.51662458148,113209.48337541852,0.07858989518977387,0.23653047836530156,115033.33333333333,115880.0,117450.0,117840.0,0.9958577839143942,0.9792939579090292,-1960.0,0.006102877070619073,0.006102877070619073,0.03119584055459272,0.021238938053097345,0.009652583703313353,0.01110773523774813,3173276.0,2994377.55,0.4531407487900845,1.485351104105092,513264810800.0,120200.0
2023-10-05,122900.0,122900.0,118100.0,120200.0,6112858,0.04159445407279039,0.040752668027108106,116585.71428571429,118007.14285714286,117952.38095238095,0.019018481502101437,4800.0,2700.0,55.78090052634731,-273.99113670989755,-138.23854130150494,-135.7525954083926,122500.97612844525,113199.02387155475,0.07893043917599074,0.7526351388504725,116766.66666666667,116460.0,117230.0,117850.0,1.0321140305684355,1.0199406024607551,-1390.0,0.04159445407279039,0.04159445407279039,0.03993344425956739,-0.021969080553295363,0.02204249602289723,0.018648667150915253,3808170.4,3155719.9,0.37438569400557853,1.93707242521746,734765531600.0,120400.0
2023-10-06,120200.0,121600.0,119000.0,120400.0,4158083,0.0016638935108153063,0.0016625107736134572,117142.85714285714,118271.42857142857,117971.42857142857,0.01780992814548993,2600.0,-200.0,56.18295852766666,-15.02666236589721,-113.59616551438339,98.56950314848618,122664.12286447515,113155.87713552485,0.08063985861207962,0.761877960559912,118666.66666666667,117140.0,117370.0,117910.0,1.02782994707188,1.021117801713171,-770.0,0.0016638935108153063,0.0016638935108153063,0.02159468438538206,0.0016638935108153079,0.02175544476369255,0.016234460246427045,4203442.6,3189060.05,-0.3197808619143452,1.3038584833170515,500633193200.0,119500.0
2023-10-10,122800.0,124300.0,119500.0,119500.0,5580659,-0.007475083056478371,-0.007503161503155271,117457.14285714286,118342.85714285714,117985.71428571429,0.018340283402870333,4800.0,3300.0,53.81183691046146,116.24210428385413,-67.6285115547359,183.87061583859003,122675.92649099213,113154.07350900787,0.08075183803573986,0.6664591968599898,120033.33333333333,118040.0,117400.0,117915.0,1.0123686885801424,1.0134418861043972,125.0,-0.007475083056478371,0.007475083056478371,0.0401673640167364,-0.02687296416938111,0.019520827771084222,0.016466312155945843,4672010.6,3380613.45,0.3421230408339613,1.6507829370435712,666888750500.0,119200.0
2023-10-11,123000.0,123900.0,119200.0,119200.0,4293299,-0.002510460251046065,-0.0025136167403160123,117771.42857142857,118128.57142857143,117976.19047619047,0.018338054744428296,4700.0,3800.0,53.00875424506668,193.8316838039318,-15.336472483002353,209.16815628693416,122759.41561117001,113170.58438882999,0.08128539161903979,0.6287956760697488,119700.0,118940.0,117520.0,117965.0,1.0021859761224146,1.0104692069681684,975.0,-0.002510460251046065,0.002510460251046065,0.03942953020134228,-0.030894308943089432,0.019507707969145426,0.016103441241856933,4918520.2,3514502.45,-0.23068243374124808,1.2215951080073937,511761240800.0,124200.0
2023-10-12,121100.0,124200.0,120500.0,124200.0,4016352,0.04194630872483218,0.04109041486812898,119085.71428571429,118257.14285714286,118261.90476190476,0.020865764729864844,3700.0,-3100.0,62.93671003887467,651.2727311908384,117.98536825176579,533.2873629390726,123796.9289749041,112703.0710250959,0.09381698054806098,1.0363328092823527,120966.66666666667,120700.0,118290.0,118250.0,1.0289975144987573,1.0503171247357295,2450.0,0.04194630872483218,0.04194630872483218,0.029790660225442835,0.02559867877786953,0.02461176675958181,0.019747945003335987,4832250.2,3565565.65,-0.06450680467398151,1.1264277240274625,498830918400.0,124700.0
2023-10-13,123100.0,126300.0,122500.0,124700.0,3205273,0.004025764895330131,0.004017683186612394,120514.28571428571,118664.28571428571,118557.14285714286,0.020287676208083843,3800.0,-1600.0,63.76122969207762,1042.1308426057658,302.8144631225658,739.3163794832,124621.91865643143,112978.08134356857,0.09801209859312171,1.0067058085294884,122700.0,121600.0,119030.0,118800.0,1.0254934210526316,1.0496632996632997,2800.0,0.004025764895330131,0.004025764895330131,0.030473135525260625,0.012997562956945572,0.019730284683722475,0.019763995465241043,4250733.2,3478666.55,-0.20194420210180786,0.9214085207448239,399697543100.0,124100.0
2023-10-16,124700.0,125200.0,122400.0,124100.0,3008476,-0.004811547714514863,-0.004823160475429269,121757.14285714286,119014.28571428571,119052.38095238095,0.021210418299857342,2800.0,600.0,61.97938344880217,1288.6193248527125,499.97543546859515,788.6438893841173,125319.83676239857,113100.16323760143,0.10250544018787969,0.9001743573653438,124333.33333333333,122340.0,119740.0,119210.0,1.0143861369952591,1.0410200486536365,3130.0,-0.004811547714514863,0.004811547714514863,0.022562449637389202,-0.0048115477145148355,0.020412336707339083,0.019888805995151138,4020811.8,3501960.85,-0.0613978902889083,0.8590832761594122,373351871600.0,130000.0
2023-10-17,125000.0,130800.0,123500.0,130000.0,6411880,0.04754230459307007,0.04644675824502086,123157.14285714286,119871.42857142857,119723.80952380953,0.02263085422041896,7300.0,-5000.0,70.66167401333257,1937.7072317430138,787.5217947234789,1150.185437019535,127533.46624743866,112216.53375256134,0.12777420225132274,1.1610331411584052,126266.66666666667,124440.0,121240.0,119875.0,1.0446801671488268,1.0844629822732013,4565.0,0.04754230459307007,0.04754230459307007,0.05615384615384615,0.04,0.025394875412917715,0.021918917929118667,4187056.0,3685070.45,1.1312717801305379,1.7399613079310328,833544400000.0,130000.0
2023-10-18,128600.0,130700.0,127200.0,130000.0,4760148,0.0,0.0,124528.57142857143,120835.71428571429,120357.14285714286,0.022755966636112172,3500.0,-1400.0,70.66167401333257,2424.169754443472,1114.8513866674775,1309.3183677759944,129306.87363161036,111593.12636838964,0.14706307399934182,1.039129290832143,128033.33333333333,126600.0,122770.0,120450.0,1.0268562401263823,1.0792860107928601,6150.0,0.0,0.0,0.026923076923076925,0.01088646967340591,0.02492730876149621,0.02173323704873417,4280425.8,3730048.4,-0.2576049458193229,1.2761625291510963,618819240000.0,125700.0
2023-10-19,127600.0,128900.0,125100.0,125700.0,5089745,-0.033076923076923115,-0.03363633485938072,125414.28571428571,121435.71428571429,120700.0,0.027860807768296733,3800.0,1900.0,59.229274683449304,2434.6555513803905,1378.8122196100603,1055.8433317703302,129761.36458854045,111488.63541145955,0.1514837651985982,0.7777362894627401,128566.66666666667,126900.0,123800.0,120625.0,0.9905437352245863,1.0420725388601035,6275.0,-0.033076923076923115,0.033076923076923115,0.030230708035003977,-0.014890282131661442,0.028966726845453535,0.026157540851848966,4495104.4,3787096.45,0.06924091435812496,1.3439702598543535,639780946500.0,126200.0
2023-10-20,124300.0,127200.0,122800.0,126200.0,3868266,0.003977724741447863,0.003969834510911016,126414.28571428571,122092.85714285714,120890.47619047618,0.02758950763798886,4400.0,-1900.0,60.038887302117324,2455.0115968280443,1594.0520950536572,860.959501774387,130259.63646175626,111370.36353824374,0.15634873917570277,0.7850824392132633,127300.0,127200.0,124400.0,120815.0,0.9921383647798742,1.0445722799321275,6385.0,0.003977724741447863,0.003977724741447863,0.03486529318541997,0.015285599356395816,0.028966200018823798,0.023501749575204553,4627703.0,3801526.65,-0.23998825088486753,1.017555933745723,488175169200.0,124000.0
2023-10-23,126800.0,127200.0,123500.0,124000.0,2432303,-0.017432646592709933,-0.017586384502075867,126385.71428571429,122735.71428571429,120966.66666666667,0.024673800197589885,3700.0,2800.0,54.87539156458364,2267.48414985025,1728.738506012976,538.7456438372742,130571.8451792988,111558.1548207012,0.15705356922808086,0.654362459083218,125300.0,127180.0,124760.0,121065.0,0.9749960685642397,1.024243175153843,6115.0,-0.017432646592709933,0.017432646592709933,0.029838709677419355,-0.022082018927444796,0.03030622387338577,0.024566265545457145,4512468.4,3805310.75,-0.3712161986792015,0.639186431751993,301605572000.0,126800.0
2023-10-24,125400.0,127000.0,123900.0,126800.0,2802010,0.022580645161290214,0.022329476398088577,126685.71428571429,123600.0,121338.09523809524,0.026127160010984373,3100.0,-1400.0,59.63367623865363,2318.0824845559546,1846.6073017215717,471.47518283438285,131241.12705425758,111648.87294574243,0.1613261485323821,0.7733223022905064,125666.66666666667,126540.0,125490.0,121445.0,1.0020546862652127,1.044094034336531,5095.0,0.022580645161290214,0.022580645161290214,0.02444794952681388,0.011164274322169059,0.021265910769510243,0.02494820241561151,3790494.4,3849315.65,0.1519987435775889,0.7279241960840493,355294868000.0,127500.0
2023-10-25,127500.0,129000.0,126100.0,127500.0,3053002,0.005520504731861164,0.005505322595355254,127171.42857142857,124464.28571428571,121733.33333333333,0.025943190537709312,2900.0,0.0,60.74803010387064,2387.148615911661,1954.7155645595897,432.4330513520715,131931.69842050574,111908.30157949426,0.16423389797417548,0.7786739954417309,126100.0,126040.0,126320.0,121920.0,1.011583624246271,1.045767716535433,4120.0,0.005520504731861164,0.005520504731861164,0.022745098039215685,0.0,0.021715350020673433,0.024764373657365158,3449065.2,3890531.7,0.08957569744576221,0.7847261596660425,389257755000.0,120000.0
2023-10-26,122100.0,124800.0,119500.0,120000.0,5961584,-0.05882352941176472,-0.060624621816434854,125742.85714285714,124450.0,121828.57142857143,0.028123063613056932,5300.0,2100.0,46.0725048066106,1815.7656861657015,1926.9255888808123,-111.15990271511077,131826.22483771207,112363.77516228793,0.15940414984580975,0.39235681864624555,124766.66666666667,124900.0,125900.0,122095.0,0.9607686148919136,0.9828412301896065,2805.0,-0.05882352941176472,0.05882352941176472,0.04416666666666667,-0.0171990171990172,0.03134470366318459,0.02909942522537042,3623433.0,4031015.9,0.9526957401272584,1.4789284259583297,715390080000.0,119100.0
2023-10-27,119800.0,120900.0,117500.0,119100.0,5486088,-0.007499999999999951,-0.0075282664207915245,124185.71428571429,124357.14285714286,121952.38095238095,0.027754435427739952,3400.0,700.0,44.677685182714455,1275.6136393713969,1796.6631989789294,-521.0495596075325,131761.56679499216,112608.43320500784,0.15675519572766153,0.3389297508156458,122200.0,123480.0,125340.0,122185.0,0.9645286686103013,0.9747514015632034,1295.0,-0.007499999999999951,0.007499999999999951,0.028547439126784216,-0.005843071786310518,0.03058275617806237,0.029016175483525024,3946997.4,4158401.0,-0.07976001009127776,1.3192782514240449,653393080800.0,119100.0
2023-10-30,119100.0,121700.0,118700.0,119100.0,2798497,0.0,0.0,123242.85714285714,124328.57142857143,122038.09523809524,0.02636415037207925,3000.0,0.0,44.677685182714455,837.8806837419979,1604.9066959315433,-767.0260121895453,131671.25791138902,112908.74208861098,0.15342641117653158,0.3299801567054627,119400.0,122500.0,124840.0,122290.0,0.9722448979591837,0.9739144656145229,210.0,0.0,0.0,0.02518891687657431,0.0,0.030678286546180995,0.029044830196962197,4020236.2,4189239.75,-0.48989206881114555,0.6680202535555526,333300992700.0,116300.0
2023-10-31,119800.0,120900.0,116300.0,116300.0,3166739,-0.02350965575146935,-0.023790416836635676,121828.57142857143,124121.42857142857,122004.76190476191,0.02640316288592268,4600.0,3500.0,40.27793233102098,262.01719219483493,1336.3287951842017,-1074.3116029893667,131539.53505685102,113170.46494314898,0.15012929683055076,0.17036981390345965,118166.66666666667,120400.0,123470.0,122355.0,0.9659468438538206,0.9505128519472028,-1955.0,-0.02350965575146935,0.02350965575146935,0.03955288048151333,-0.02921535893155259,0.025874272367543385,0.023216896530154713,4093182.0,4185685.75,0.13158563328815442,0.7565639632645619,368291745700.0,120300.0
2023-11-01,117900.0,120300.0,117000.0,120300.0,2707225,0.03439380911435941,0.03381556345601445,121300.0,123842.85714285714,122257.14285714286,0.031196461602763837,3300.0,-2400.0,48.135599409427115,126.9444601599389,1094.4519281793491,-967.5074680194102,131154.27226939012,114115.7277306099,0.13893704520553038,0.3629577781901805,118566.66666666667,118960.0,122500.0,122635.0,1.011264290517821,0.9809597586333428,-3675.0,0.03439380911435941,0.03439380911435941,0.02743142144638404,0.020356234096692113,0.034049195100863336,0.02720412693607453,4024026.6,4168009.45,-0.1451063696755558,0.6495246789807542,325679167500.0,125300.0
2023-11-02,123900.0,125400.0,123100.0,125300.0,3736208,0.04156275976724855,0.040722238921389424,121085.71428571429,123885.71428571429,122761.90476190476,0.03442352523613771,2300.0,-1400.0,55.93936533087011,418.53198394844367,959.2679393331681,-540.7359553847244,131005.37133627423,115254.62866372577,0.1279196188788147,0.6377712813365959,120633.33333333333,120020.0,122460.0,123130.0,1.0439926678886853,1.0176236498010234,-3110.0,0.04156275976724855,0.04156275976724855,0.018355945730247406,0.011299435028248588,0.027907463242078948,0.02951380161210428,3578951.4,4132434.75,0.3800877282087747,0.9041178448129157,468146862400.0,125800.0
2023-11-03,126500.0,127200.0,125000.0,125800.0,2796773,0.003990422984836428,0.003982482364317568,120842.85714285714,124007.14285714286,123257.14285714286,0.03437517781793324,2200.0,700.0,56.6419350790767,682.1001922277792,903.8343899120904,-221.7341976843112,131244.8479312149,115575.1520687851,0.12697265912348918,0.6525237005863238,123800.0,121360.0,122420.0,123410.0,1.0365853658536586,1.0193663398428003,-2050.0,0.003990422984836428,0.003990422984836428,0.017488076311605722,-0.005533596837944664,0.02665515856482838,0.02951398836182787,3041088.4,3966630.5,-0.2514407656104799,0.7050752521567109,351834043400.0,133000.0
2023-11-06,125800.0,133000.0,125800.0,133000.0,6923192,0.05723370429252772,0.05565578395541352,122700.0,124221.42857142857,123866.66666666667,0.028943913768123577,7200.0,-7200.0,65.23785624244888,1455.1852535038488,1014.1045626304422,441.08069087340664,132824.53186003666,115255.46813996334,0.14164030732081037,1.0099873358511906,128033.33333333333,124140.0,123320.0,124040.0,1.0713710327050106,1.072234762979684,100.0,0.05723370429252772,0.05723370429252772,0.05413533834586466,0.057233704292527825,0.032289705463178164,0.03373473396123662,3866027.4,4104885.95,1.4754214947012145,1.6865735331818414,920784536000.0,130400.0
2023-11-07,132000.0,133500.0,129300.0,130400.0,4940510,-0.019548872180451093,-0.01974247872920115,124314.28571428571,124250.0,124342.85714285714,0.030814575114620216,4200.0,1600.0,60.568121900046556,1836.8879624408873,1178.6612425925314,658.226719848356,133534.51336518826,115635.48663481174,0.1436691955723123,0.8248779996585699,129733.33333333333,126960.0,123680.0,124585.0,1.027095148078135,1.0466749608700887,2375.0,-0.019548872180451093,0.019548872180451093,0.032208588957055216,-0.012121212121212121,0.030889831209203317,0.03427470213318553,4220781.6,4072878.5,-0.2863826396841226,1.2130266100498701,644242504000.0,127600.0
2023-11-08,131600.0,132700.0,126600.0,127600.0,3328279,-0.021472392638036797,-0.02170627858186306,125528.57142857143,124385.71428571429,124728.57142857143,0.03332474583658898,6100.0,4000.0,55.92541689068787,1891.6477718651731,1321.2585484470596,570.3892234181135,133674.48064977606,116335.51935022396,0.1387061421507308,0.6496629443464429,130333.33333333333,128420.0,123690.0,125005.0,0.9936147017598504,1.0207591696332148,3415.0,-0.021472392638036797,0.021472392638036797,0.04780564263322884,-0.030395136778115502,0.03570471612212449,0.03513529236090572,4344992.4,4024627.5,-0.3263288607856274,0.8269781489094332,424688400400.0,128000.0
2023-11-09,127700.0,129800.0,126700.0,128000.0,2228081,0.0031347962382444194,0.0031298930089275656,127200.0,124514.28571428571,125147.61904761905,0.03020288643084005,3100.0,-300.0,56.439117751252255,1944.9023488002713,1445.987308517702,498.9150402825692,133956.2724382273,116433.7275617727,0.1399620182631462,0.6600794872991962,128666.66666666667,128960.0,124490.0,125195.0,0.9925558312655087,1.0224050481249252,3765.0,0.0031347962382444194,0.0031347962382444194,0.02421875,0.0023492560689115116,0.03176373764426463,0.02827983600982184,4043367.0,3935213.95,-0.3305606290818769,0.5661905625232905,285194368000.0,130500.0
2023-11-10,127900.0,130800.0,127000.0,130500.0,2656526,0.01953125,0.019342962843130935,128657.14285714286,124978.57142857143,125447.61904761905,0.02907001306667152,3800.0,-2600.0,59.60783787345528,2163.892090287307,1589.5682648716233,574.3238254156836,134555.78015561937,116414.21984438063,0.1445715448957146,0.7764370822554438,128700.0,129900.0,125630.0,125485.0,1.0046189376443417,1.0399649360481333,4415.0,0.01953125,0.01953125,0.029118773946360154,0.020328381548084442,0.032434196074266605,0.028049023621641994,4015317.6,3907776.6,0.1922932783861988,0.6798049816870289,346676643000.0,131800.0
2023-11-13,133000.0,134100.0,131000.0,131800.0,2644761,0.009961685823754785,0.009912395305658739,129585.71428571429,125335.71428571429,125785.71428571429,0.026112434977743945,3100.0,1200.0,61.18883793933654,2414.509214355072,1754.5564547683132,659.9527595867587,135338.19607116922,116401.80392883078,0.1504440465745487,0.813153633248942,130100.0,129660.0,126900.0,125870.0,1.0165047046120623,1.047112099785493,3790.0,0.009961685823754785,0.009961685823754785,0.023520485584218515,-0.009022556390977444,0.018163587401527976,0.02784907727762811,3159631.4,3889590.85,-0.004428716300913349,0.6799586645469406,348579499800.0,130000.0
2023-11-14,133500.0,133500.0,130000.0,130000.0,2589591,-0.01365705614567525,-0.013751171612824409,130185.71428571429,125514.28571428571,126066.66666666667,0.02731212836049519,3500.0,3500.0,57.814523327053145,2439.7561438742123,1891.5963925894932,548.159751284719,135338.19607116922,116401.80392883078,0.1504440465745487,0.7180985675072732,130766.66666666667,129580.0,128270.0,125870.0,1.0032412409322427,1.0328116310479065,3710.0,-0.01365705614567525,0.01365705614567525,0.026923076923076925,-0.026217228464419477,0.016858669648922516,0.02665998336661932,2689447.6,3698476.4,-0.020860107964386976,0.700177781315571,336646830000.0,134100.0
2023-11-15,133900.0,134200.0,132100.0,134100.0,3616292,0.031538461538461515,0.031051339832050398,130342.85714285714,126521.42857142857,126261.90476190476,0.020358121411969868,2100.0,-200.0,62.84109938829215,2758.798540006028,2065.0368220728005,693.7617179332274,136081.91865923925,116068.08134076075,0.15874548735656158,0.9009725807349612,131966.66666666666,130880.0,129650.0,126075.0,1.0246026894865525,1.0636525877453897,4805.0,0.031538461538461515,0.031538461538461515,0.015659955257270694,0.0014936519790888724,0.017040297855105573,0.026401735764380665,2747050.2,3641283.6,0.3964722614497811,0.9931365961168199,484944757200.0,132300.0
2023-11-16,133000.0,134400.0,131200.0,132300.0,2456351,-0.01342281879194629,-0.01351371916672282,130614.28571428571,127464.28571428571,126371.42857142857,0.019405209576872976,3200.0,700.0,59.48971298611816,2833.7314880864433,2218.7757552755293,614.955732810914,136788.0783387911,116021.92166120891,0.16428271569623185,0.7838753502406088,132133.33333333334,131740.0,130350.0,126405.0,1.004250797024442,1.0466358134567462,5335.0,-0.01342281879194629,0.01342281879194629,0.02418745275888133,-0.005263157894736842,0.02007190536000947,0.02507440276453249,2792704.2,3509613.9,-0.32075424219061954,0.6998920878447626,324975237300.0,129900.0
2023-11-17,131500.0,132000.0,129100.0,129900.0,2438499,-0.01814058956916098,-0.018307147444356128,130942.85714285714,128235.71428571429,126571.42857142857,0.01874238935537294,2900.0,1600.0,55.2581528940445,2668.6934105074324,2308.75928632191,359.93412418552225,137088.90219825009,116091.09780174993,0.16587253650762426,0.657635528815179,132100.0,131620.0,130760.0,126590.0,0.9869320771919161,1.0261474050082946,5030.0,-0.01814058956916098,0.01814058956916098,0.022324865280985373,-0.012167300380228136,0.021135928093753538,0.026196445742710246,2749098.8,3438125.55,-0.007267690977388774,0.7092524587998248,316761020100.0,131400.0
2023-11-20,129300.0,132000.0,129300.0,131400.0,2004403,0.011547344110854452,0.011481182373956232,131428.57142857142,129314.28571428571,126819.04761904762,0.019048598100849013,2700.0,-2100.0,57.30237040910271,2628.6357325123827,2372.734575560005,255.90115695237773,137595.27398008993,116324.72601991006,0.16753739729190195,0.7087393332937183,131200.0,131540.0,130600.0,126960.0,0.998935684962749,1.0349716446124764,4580.0,0.011547344110854452,0.011547344110854452,0.02054794520547945,0.016241299303944315,0.021347556038948855,0.01869775261232224,2621027.2,3416730.55,-0.17801770679422058,0.5866435677814863,263378554200.0,132000.0
2023-11-21,132000.0,133300.0,131600.0,132000.0,2439306,0.004566210045662045,0.004555816535860661,131642.85714285713,130150.0,127200.0,0.017810212308050386,1700.0,0.0,58.126503024634765,2615.1587969605753,2421.219419840119,193.93937712045636,138090.4524672207,116349.54753277931,0.17089219410816994,0.7198620533236244,131100.0,131940.0,130760.0,127220.0,1.0004547521600728,1.0375727086936017,4720.0,0.004566210045662045,0.004566210045662045,0.012878787878787878,0.0,0.020039650592376123,0.0175681826279254,2590970.2,3398595.35,0.21697383210861299,0.7177394625694407,321988392000.0,131300.0
2023-11-22,129600.0,131600.0,129500.0,131300.0,2128566,-0.005303030303030254,-0.005317141277620302,131571.42857142858,130578.57142857143,127414.28571428571,0.01755863469287646,2100.0,-1700.0,56.750267628288675,2518.9571090272802,2440.766957677551,78.19015134972915,138432.82798750413,116387.17201249587,0.1730292439762049,0.6764519960036499,131566.66666666666,131380.0,131130.0,127410.0,0.9993910793119196,1.0305313554666038,3970.0,-0.005303030303030254,0.005303030303030254,0.015993907083015995,0.013117283950617283,0.012302745341500887,0.015898094760523316,2293425.0,3352373.55,-0.12738869170165612,0.6349429645153954,279480715800.0,130100.0
2023-11-23,130600.0,131400.0,129500.0,130100.0,1839516,-0.009139375476009182,-0.009181395790290954,131585.7142857143,130885.71428571429,127538.09523809524,0.017063687203106175,1900.0,500.0,54.37356825605917,2319.1528565550107,2416.4441374530434,-97.29128089803271,138421.79479394664,117408.20520605335,0.16427775935498803,0.603980330959679,131133.33333333334,130940.0,131340.0,127915.0,0.9935848480219948,1.0170816557870461,3025.0,-0.009139375476009182,0.009139375476009182,0.014604150653343582,-0.0038284839203675345,0.011626201399913508,0.016351782547374294,2170058.0,3146270.15,-0.13579564833789504,0.5846656238339865,239321031600.0,128000.0
2023-11-24,130600.0,131000.0,128000.0,128000.0,1925668,-0.016141429669485063,-0.016273121598842477,130714.28571428571,130528.57142857143,127919.04761904762,0.011091278614420465,3000.0,2600.0,50.39593636952018,1968.660603403754,2326.887430643186,-358.2268272394317,138014.10193702788,118705.89806297212,0.1504222801032702,0.48135507567932156,129800.0,130560.0,131090.0,128360.0,0.9803921568627451,0.9971953879713307,2200.0,-0.016141429669485063,0.016141429669485063,0.0234375,-0.019908116385911178,0.01100579038873269,0.015926831612014934,2067491.8,2968249.15,0.04683405852409006,0.6487555129932405,246485504000.0,130700.0
2023-11-27,129200.0,130700.0,128400.0,130700.0,2264243,0.02109374999999991,0.02087435671055901,130485.71428571429,130550.0,128471.42857142857,0.014604213918307013,2300.0,-1500.0,54.958212088637865,1887.0081474772305,2238.911574009995,-351.90342653276457,137593.6636597941,120286.33634020589,0.13422775957490476,0.6016910333698984,129600.0,130420.0,130980.0,128940.0,1.0021469099831315,1.0136497595780984,1480.0,0.02109374999999991,0.02109374999999991,0.017597551644988524,0.011609907120743035,0.01443211453415853,0.01718136680614674,2119459.8,2941536.45,0.1758221043295105,0.7697484081830772,295936560100.0,131400.0
2023-11-28,132100.0,132100.0,129900.0,131400.0,2562226,0.00535577658760511,0.005341485420333782,130700.0,130821.42857142857,129057.14285714286,0.0127501416710844,2200.0,700.0,56.08589567870644,1857.3715150848875,2162.6035622249738,-305.23204714008625,136029.35910437332,123360.64089562668,0.09768085283740033,0.6345834655018885,130033.33333333333,130300.0,131120.0,129695.0,1.0084420567920185,1.0131462276880374,605.0,0.00535577658760511,0.00535577658760511,0.0167427701674277,-0.005299015897047691,0.014512134545171163,0.01663214829990016,2144043.8,2911310.8,0.1316038075418584,0.8800935990757154,336676496400.0,130400.0
2023-11-29,130200.0,131000.0,128900.0,130400.0,2227853,-0.007610350076103556,-0.007639456557957614,130557.14285714286,130992.85714285714,129728.57142857143,0.012331762336259608,2100.0,-200.0,54.00572909119221,1733.2132245771209,2076.7254946954035,-343.5122701182827,134735.70629328515,125664.29370671485,0.06967290773095476,0.5220472829442339,130833.33333333333,130120.0,130750.0,130200.0,1.002151859821703,1.001536098310292,-80.0,-0.007610350076103556,0.007610350076103556,0.016104294478527608,0.0015360983102918587,0.01472517470333063,0.012880797320015121,2163901.2,2887342.2,-0.13050097844608555,0.7715929895666679,290512031200.0,133900.0
2023-11-30,129900.0,133900.0,129900.0,133900.0,3625365,0.026840490797545913,0.026486603204574147,130828.57142857143,131235.7142857143,130376.19047619047,0.016188363834335796,4000.0,-4000.0,59.6469550458232,1895.3887721898063,2040.4581501942844,-145.06937800447804,134827.79390682888,126432.20609317112,0.06426998249757152,0.8894902980682821,131900.0,130880.0,130910.0,130630.0,1.0230745721271393,1.0250325346398224,250.0,0.026840490797545913,0.026840490797545913,0.029873039581777446,0.030792917628945343,0.01828937028479594,0.0152401120904555,2521071.0,2881800.05,0.6272909388545833,1.2580210066968387,485436373500.0,132600.0
2023-12-01,132200.0,133000.0,130800.0,132600.0,3641222,-0.009708737864077666,-0.009756174945364685,131014.28571428571,131292.85714285713,130723.80952380953,0.016606225361005606,2200.0,-400.0,56.85751138177607,1897.145810664806,2011.795682288389,-114.64987162358284,134581.15231645395,127358.84768354605,0.05514472499738801,0.7256897324121476,132300.0,131800.0,131180.0,130970.0,1.0060698027314112,1.012445598228602,830.0,-0.009708737864077666,0.009708737864077666,0.016591251885369532,0.0030257186081694403,0.016488162756499,0.014245386413866369,2864181.8,2924022.5,0.0043739044206583255,1.245278379355836,482826037200.0,131100.0
2023-12-04,133400.0,134600.0,131100.0,131100.0,2680820,-0.011312217194570096,-0.011376686982107934,131157.14285714287,131371.42857142858,130976.19047619047,0.016858343372476572,3500.0,2300.0,53.7348971900421,1757.244392824272,1960.8854243955655,-203.64103157129352,134359.02368715123,127390.97631284878,0.05324200477021928,0.5322902511871221,132533.33333333334,131880.0,131150.0,130875.0,0.9940855323020928,1.0017191977077364,1005.0,-0.011312217194570096,0.011312217194570096,0.02669717772692601,-0.017241379310344827,0.0160210625037127,0.01440311513824589,2947497.2,2711903.9,-0.26375815591578866,0.9885379787978475,351455502000.0,125900.0
2023-12-05,129700.0,130000.0,125400.0,125900.0,4375531,-0.0396643783371472,-0.04047244971935266,130857.14285714286,130785.71428571429,130638.09523809524,0.02253778378560972,4600.0,3800.0,44.59199361851418,1212.79462793126,1811.2672651027046,-598.4726371714446,134783.81434665743,126516.18565334257,0.06328074009425834,-0.07452991373945203,129866.66666666667,130780.0,130540.0,130650.0,0.9626854259061018,0.9636433218522771,130.0,-0.0396643783371472,0.0396643783371472,0.03653693407466243,-0.029298380878951428,0.023612028355497666,0.018890928350029382,3310158.2,2683654.95,0.6321614282197239,1.6304372512569099,550879352900.0,125600.0
2023-12-06,126800.0,127500.0,125400.0,125600.0,2667583,-0.002382843526608447,-0.0023856870162032085,130128.57142857143,130307.14285714286,130409.52380952382,0.020126422171039906,2100.0,1200.0,44.12552737538767,748.4787764859502,1598.709567379354,-850.2307908934038,135072.9240658298,126027.0759341702,0.06929029591466565,-0.047212370576450655,127533.33333333333,129820.0,129970.0,130550.0,0.9674934524726544,0.9620834929145922,-730.0,-0.002382843526608447,0.002382843526608447,0.016719745222929936,-0.00946372239747634,0.023764940557342316,0.018900716038862453,3398104.2,2650620.15,-0.39034073807270475,1.0063995778497346,335048424800.0,125600.0
2023-12-07,125600.0,127800.0,124500.0,125600.0,2478565,0.0,0.0,129300.0,130000.0,130314.28571428571,0.019736117038247143,3300.0,0.0,44.12552737538767,376.1688783280988,1354.201429569103,-978.0325512410043,135347.89428622916,125512.10571377083,0.07541047743968667,0.008936170758620245,125700.0,128160.0,129520.0,130430.0,0.9800249687890137,0.9629686421835467,-2270.0,0.0,0.0,0.026273885350318472,0.0,0.015855974527382657,0.018859853823846792,3168744.2,2663144.35,-0.07085740162536647,0.9306911959165863,311307764000.0,127500.0
2023-12-08,128100.0,129100.0,127500.0,127500.0,2762531,0.015127388535031816,0.015014110564382505,128885.71428571429,129721.42857142857,130290.47619047618,0.021303471245440814,1600.0,600.0,48.11236817535552,231.7532159157854,1129.7117868384396,-897.9585709226542,135368.93536585933,125191.06463414065,0.07812304829381853,0.22685838980678916,126233.33333333333,127140.0,129470.0,130280.0,1.002831524303917,0.9786613447958243,-3140.0,0.015127388535031816,0.015127388535031816,0.012549019607843137,-0.00468384074941452,0.02026947863444225,0.019094656973453514,2993006.0,2668444.6,0.11456871213787001,1.035258892015221,352222702500.0,128900.0
2023-12-11,128700.0,129100.0,127300.0,128900.0,3696790,0.01098039215686275,0.010920545346660872,128171.42857142857,129500.0,130214.28571428571,0.018285269949207865,1800.0,-200.0,50.892845422532595,227.64689105241268,949.2988076812342,-721.6519166288215,135206.810639002,125063.18936099799,0.07794691111541109,0.37824860903688895,127333.33333333333,126700.0,129290.0,130135.0,1.0173638516179953,0.9905098551504207,-3435.0,0.01098039215686275,0.01098039215686275,0.013964313421256789,0.001554001554001554,0.021665263620474974,0.01808091240709084,3196200.0,2721046.05,0.33818950809963755,1.3585914872701255,476516231000.0,131000.0
2023-12-12,130600.0,131900.0,130500.0,131000.0,3126577,0.01629169899146632,0.016160413256009906,127942.85714285714,129478.57142857143,130176.19047619047,0.019823921162766055,1400.0,-400.0,54.80504827242571,389.35678591953183,837.3104033288938,-447.953617409362,135270.9041529143,125099.09584708571,0.07813348931004789,0.5801234132118855,129133.33333333333,127720.0,129250.0,130185.0,1.0256811775759473,1.0062603218496755,-2465.0,0.01629169899146632,0.01629169899146632,0.010687022900763359,0.0030627871362940277,0.008663689474593983,0.018838835428740652,2946409.2,2747895.35,-0.1542454399627785,1.1378078863156125,409581587000.0,131200.0
2023-12-13,130000.0,132400.0,130000.0,131200.0,2852873,0.0015267175572519776,0.0015255533088371917,127957.14285714286,129557.14285714286,130233.33333333333,0.01937264278179733,2400.0,-1200.0,55.17134052343582,527.569874081295,775.3622974793741,-247.7924233980791,134811.58254670285,125268.41745329715,0.07338638183178788,0.6215529636809445,130366.66666666667,128840.0,129330.0,130040.0,1.0183172927662216,1.0089203322054752,-1200.0,0.0015267175572519776,0.0015267175572519776,0.018292682926829267,0.009230769230769232,0.0076035363077357025,0.018657167696699273,2983467.2,2709724.4,-0.08754110325765208,1.0528277340677155,374296937600.0,136700.0
2023-12-14,133700.0,138300.0,133600.0,136700.0,8217135,0.04192073170731714,0.04106586721991527,129500.0,130178.57142857143,130357.14285714286,0.014903206129340587,4700.0,-3000.0,63.848563224281484,1068.5907280646643,834.0079835964322,234.58274446823214,135812.20202878283,124707.79797121717,0.08524799675699117,1.0799500780604512,132966.66666666666,131060.0,129610.0,130260.0,1.0430337250114452,1.0494395823737142,800.0,0.04192073170731714,0.04192073170731714,0.03438185808339429,0.02243829468960359,0.015004715285995455,0.02140556654430609,4131181.2,2997763.6,1.8803017169008225,2.741088390025151,1123282354500.0,140000.0
2023-12-15,137000.0,140000.0,137000.0,140000.0,5011719,0.024140453547915053,0.023853678879400333,131557.14285714287,130842.85714285714,130723.80952380953,0.014027212163522951,3000.0,-3000.0,67.86745284845372,1743.5376566491905,1015.9139182069839,727.6237384422066,137814.68084383963,123715.31915616039,0.1078221365631418,1.154994190841279,135966.66666666666,133560.0,130350.0,130765.0,1.0482180293501049,1.070622873092953,2795.0,0.024140453547915053,0.024140453547915053,0.02142857142857143,0.021897810218978103,0.015237658021932528,0.021968414636872206,4581018.8,3126424.6,-0.39008924643443244,1.6030193083818494,701640660000.0,140000.0
2023-12-18,139000.0,140800.0,138900.0,140000.0,2540812,0.0,0.0,133614.2857142857,131457.14285714287,131204.7619047619,0.014027212163522951,1900.0,-1000.0,67.86745284845372,2252.4728553219757,1263.2257056299823,989.2471496919934,139367.47627228443,123022.52372771558,0.12458517889072639,1.038698413225173,138900.0,135780.0,131240.0,131195.0,1.0310796877301518,1.0671138381798086,4585.0,0.0,0.0,0.013571428571428571,0.007194244604316547,0.01732557392372769,0.02127758542114113,4349823.2,3153245.05,-0.49302584602209343,0.8057768932357477,355713680000.0,138200.0
2023-12-19,140000.0,140800.0,138100.0,138200.0,2309721,-0.0128571428571429,-0.01294051127573482,135142.85714285713,132014.2857142857,131528.57142857142,0.017691270156416285,2700.0,1800.0,63.40827890381628,2481.9523089223367,1506.9710262884532,974.9812826338834,140255.93378476048,122754.06621523952,0.13308898954048098,0.8825306055714401,139400.0,137220.0,132470.0,131505.0,1.0071418160617986,1.0509106117638112,5715.0,-0.0128571428571429,0.0128571428571429,0.019536903039073805,-0.012857142857142857,0.021844078237972575,0.015742877124561794,4186452.0,3146765.8,-0.09095163278510965,0.7339983801781499,319203442200.0,140500.0
2023-12-20,139900.0,140800.0,139300.0,140500.0,3108011,0.01664254703328516,0.016505577440230998,136800.0,132485.7142857143,131933.33333333334,0.01778582621083348,1500.0,-600.0,66.44234144720647,2816.9353303024254,1768.9638870912477,1047.9714432111778,141593.7453410143,122336.25465898571,0.1459287741600317,0.9432041609639726,139566.66666666666,139080.0,133960.0,131965.0,1.0102099511072764,1.064676239912098,7115.0,0.01664254703328516,0.01664254703328516,0.010676156583629894,0.004288777698355968,0.02125253236405603,0.015293870443218288,4237479.6,3195738.05,0.3456218305154606,0.9725487356512216,436675545500.0,140500.0
2023-12-21,139200.0,140600.0,138100.0,140500.0,2737124,0.0,0.0,138157.14285714287,133050.0,132371.42857142858,0.01824563122138455,2500.0,-1300.0,66.44234144720647,3047.2845883033006,2024.6280273336583,1022.6565609696422,142789.27095917024,122180.72904082976,0.1555537752827904,0.8889164032932909,139733.33333333334,139840.0,135450.0,132485.0,1.0047196796338673,1.0604974148016757,7355.0,0.0,0.0,0.017793594306049824,0.009339080459770116,0.014740007511686264,0.015293870443218288,3141477.4,3240618.45,-0.11933258923472279,0.8446301353372841,384565922000.0,140600.0
2023-12-22,142700.0,143700.0,140600.0,140600.0,3183709,0.000711743772241924,0.0007114906027640052,139500.0,133728.57142857142,132871.42857142858,0.018311135980371828,3100.0,2100.0,66.58206282541491,3201.007971770625,2259.9040162210517,941.1039555495731,143798.440210758,122431.55978924199,0.16051444556598446,0.8503085079496563,140533.33333333334,139960.0,136760.0,133115.0,1.004572735067162,1.0562295759305864,6845.0,0.000711743772241924,0.000711743772241924,0.022048364153627313,-0.014716187806587245,0.010473087002735597,0.015577874221641483,2775875.4,3303520.5,0.16315848313777526,0.963732176022519,447629485400.0,140900.0
2023-12-26,142000.0,142000.0,139400.0,140900.0,2239789,0.002133712660028486,0.0021314395280700397,140100.0,134800.0,133485.7142857143,0.012132010190045684,2600.0,1100.0,67.02562421071275,3308.899420677859,2469.703097112413,839.1963235654457,144786.1874486166,122463.81255138338,0.16705238463785388,0.8259061830782941,140666.66666666666,140140.0,137960.0,133625.0,1.0054231482802911,1.05444340505145,6515.0,0.002133712660028486,0.002133712660028486,0.018452803406671398,-0.007746478873239437,0.010470746638078569,0.01576206764993826,2715670.8,3302297.8,-0.2964843834659512,0.6782516707003227,315586270100.0,140400.0
2023-12-27,140800.0,141600.0,139200.0,140400.0,2336777,-0.0035486160397445454,-0.003554927312923834,140157.14285714287,135857.14285714287,133947.61904761905,0.008721762271618718,2400.0,400.0,65.46598820113587,3315.8354627484514,2638.929570239621,676.9058925088302,145578.93525345952,122571.06474654049,0.1716044788880778,0.7749059283038779,140633.33333333334,140580.0,138900.0,134075.0,0.998719590268886,1.0471750885698303,6505.0,-0.0035486160397445454,0.0035486160397445454,0.017094017094017096,-0.002840909090909091,0.0078072649206285035,0.01599633852793494,2721082.0,3291025.35,0.04330229320708345,0.7100452750994458,328083490800.0,141500.0
2023-12-28,140900.0,141600.0,139500.0,141500.0,2459473,0.007834757834757733,0.007804225491581469,140371.42857142858,136992.85714285713,134428.57142857142,0.009149300500100382,2100.0,-600.0,67.27037948528246,3371.231672772439,2785.389990746185,585.8416820262541,146453.98988675585,122806.01011324416,0.17565163613987736,0.7905110739182525,140933.33333333334,140780.0,139930.0,134630.0,1.00511436283563,1.0510287454504939,6150.0,0.007834757834757733,0.007834757834757733,0.014840989399293287,0.0042583392476933995,0.004149201019010647,0.01587752085356513,2591374.4,3302606.35,0.05250650789527622,0.7447066768947501,348015429500.0,142400.0
2024-01-02,139700.0,142800.0,139700.0,142400.0,2147458,0.006360424028268641,0.006340281894583166,140971.42857142858,138057.14285714287,135000.0,0.0066229985577179375,3100.0,-2700.0,68.71087405874644,3448.0095390559,2917.913900408128,530.0956386477719,147369.38610987802,122740.61389012197,0.18236105453153198,0.7982284270796167,141433.33333333334,141160.0,140500.0,135055.0,1.0087843581751204,1.054385250453519,6105.0,0.006360424028268641,0.006360424028268641,0.021769662921348316,0.019327129563350035,0.00455750688288643,0.010397586912151492,2473441.2,3228711.0,-0.1268625433172066,0.665113105508669,305798019200.0,136800.0
2024-01-03,140000.0,140800.0,136800.0,136800.0,3257820,-0.0393258426966292,-0.04011999378942529,140442.85714285713,138621.42857142858,135138.09523809524,0.016465417317523597,4000.0,3200.0,53.06196166867898,3022.145935271663,2938.760307380835,83.38562789082789,147546.31229058796,122983.68770941206,0.1815889149534314,0.5624933217102692,140233.33333333334,140400.0,140180.0,135265.0,0.9743589743589743,1.0113480944812037,5135.0,-0.0393258426966292,0.0393258426966292,0.029239766081871343,-0.022857142857142857,0.019522886169705433,0.01512789748512487,2488263.4,3209540.9,0.5170587736756667,1.0150423694553947,445669776000.0,136400.0
2024-01-04,136800.0,138800.0,135800.0,136400.0,2661970,-0.0029239766081871066,-0.002928259779088334,139857.14285714287,139007.14285714287,135319.04761904763,0.016389435545435593,3000.0,400.0,52.14836185129972,2622.142873215402,2875.4368205477485,-253.29394733234676,147660.70918220188,123399.29081779812,0.17901142451415752,0.5358594038869738,138533.33333333334,139500.0,139820.0,135530.0,0.9777777777777777,1.0064192429720358,3970.0,-0.0029239766081871066,0.0029239766081871066,0.021994134897360705,-0.0029239766081871343,0.019168656165912006,0.015108792162503267,2572699.6,3208598.4,-0.18289837989821411,0.8296363920146567,363092708000.0,137500.0
2024-01-05,135800.0,137500.0,135800.0,137500.0,1846781,0.008064516129032251,0.008032171697264253,139414.2857142857,139457.14285714287,135623.80952380953,0.016980283027675788,1700.0,-1700.0,54.469965405857366,2366.6174784623145,2773.672952130662,-407.05547366834753,147380.8099928415,124839.1900071585,0.1656132538805599,0.5616637136498104,136900.0,138920.0,139750.0,136110.0,0.9897782896631154,1.0102123282639042,2810.0,0.008064516129032251,0.008064516129032251,0.012363636363636363,0.012518409425625921,0.020260956280057373,0.014962664273720292,2474700.4,3082160.9,-0.3062352318020113,0.5991838388450129,253932387500.0,136000.0
2024-01-08,137500.0,137900.0,135400.0,136000.0,2498302,-0.010909090909090868,-0.010969031370573933,138714.2857142857,139407.14285714287,136104.7619047619,0.01701856327378378,2500.0,1500.0,50.84718958098324,2019.791400197515,2622.8966417440324,-603.1052415465174,146761.16089363064,126498.83910636936,0.1483006791133813,0.4689078079691699,136633.33333333334,137820.0,139300.0,136630.0,0.9867943694674213,0.9953890068067043,1190.0,-0.010909090909090868,0.010909090909090868,0.01838235294117647,-0.01090909090909091,0.01923218093725745,0.01397909409796842,2482466.2,3073696.85,0.3527873635260488,0.8128003905134626,339769072000.0,137400.0
2024-01-09,139000.0,139500.0,136600.0,137400.0,3473806,0.010294117647058787,0.01024149405219692,138285.7142857143,139221.42857142858,136666.66666666666,0.01799245861273135,2900.0,1600.0,53.92718831693423,1836.7249126658717,2465.6622959284005,-628.9373832625288,145919.81246016858,128520.18753983143,0.12680093951564753,0.5103450505872459,136966.66666666666,136820.0,138990.0,137220.0,1.0042391463236369,1.0013117621337997,-400.0,0.010294117647058787,0.010294117647058787,0.021106259097525473,-0.011510791366906475,0.020017949682505424,0.014602782555330821,2747735.8,3123458.9,0.3904668050539928,1.1121663870781204,477300944400.0,133500.0
2024-01-10,137700.0,138100.0,132100.0,133500.0,3769252,-0.028384279475982543,-0.028794901947944755,137142.85714285713,138757.14285714287,137042.85714285713,0.019550769982089624,6000.0,4200.0,45.39382531671571,1361.2543037716823,2244.7806974970567,-883.5263937253744,145157.46995859363,129882.53004140637,0.11107431586087307,0.2368238420711088,135633.33333333334,136160.0,138280.0,137520.0,0.9804641598119859,0.9707678883071553,-1360.0,-0.028384279475982543,0.028384279475982543,0.0449438202247191,-0.030501089324618737,0.015735174484969913,0.01671884206084214,2850022.2,3173794.95,0.08504965447120538,1.1876167362355907,503195142000.0,136000.0
2024-01-11,132400.0,137100.0,132400.0,136000.0,3594909,0.01872659176029967,0.018553407895747834,136228.57142857142,138600.0,137447.61904761905,0.021522071888064955,4700.0,-3600.0,50.77143976989967,1172.6519258201297,2030.3549431616716,-857.7030173415419,144405.2131826247,131344.7868173753,0.09472657381867186,0.35643653985225787,135633.33333333334,136080.0,137790.0,137875.0,0.9994121105232217,0.986400725294651,-1795.0,0.01872659176029967,0.01872659176029967,0.03455882352941177,0.027190332326283987,0.019009148603914155,0.01826212741825223,3036610.0,3168700.9,-0.046254004773360835,1.1345056265802809,488907624000.0,134100.0
2024-01-12,136400.0,137300.0,133400.0,134100.0,1878915,-0.013970588235294068,-0.014069095448419118,135842.85714285713,138142.85714285713,137695.2380952381,0.016395352726114105,3900.0,2300.0,46.98439997380919,859.956023711944,1796.2751592717261,-936.3191355597821,143995.90311688004,132064.09688311996,0.08644357193189948,0.1706282416085185,134533.33333333334,135400.0,137160.0,138030.0,0.9903988183161004,0.9715279287111498,-2630.0,-0.013970588235294068,0.013970588235294068,0.029082774049217,-0.01686217008797654,0.019098167399525676,0.01856757717487487,3043036.8,3106317.8,-0.47734003837092953,0.6048688901051915,251962501500.0,134100.0
2024-01-15,134800.0,135100.0,133500.0,134100.0,353911,0.0,0.0,135514.2857142857,137685.7142857143,137842.85714285713,0.01643027569787831,1600.0,700.0,46.98439997380919,605.1662881718075,1558.0533850517425,-952.8870968799349,143554.0529395345,132795.9470604655,0.07785855530355719,0.12121584916464473,134733.33333333334,135020.0,136420.0,138175.0,0.9931861946378314,0.9705084132440746,-3155.0,0.0,0.0,0.011931394481730051,-0.0051928783382789315,0.018854301886866796,0.018153545649037768,2614158.6,2981369.7,-0.8116407607582036,0.11870751889643207,47459465100.0,132100.0
2024-01-16,132600.0,133700.0,131100.0,132100.0,3670169,-0.014914243102162605,-0.015026578759353246,134742.85714285713,137078.57142857142,137885.7142857143,0.016294217631335678,2600.0,500.0,43.06308862111157,239.10405903725768,1294.2635198488456,-1055.159460811588,143946.920745193,131943.079254807,0.08701904012748556,0.013072543928431357,133433.33333333334,133960.0,135390.0,137945.0,0.9861152582860555,0.9576280401609337,-3985.0,-0.014914243102162605,0.014914243102162605,0.01968205904617714,-0.003770739064856712,0.01786658465044325,0.01789206237485184,2653431.2,2754021.4,9.37031626595387,1.3326581267669162,484829324900.0,131000.0
2024-01-17,133800.0,134500.0,129000.0,131000.0,3822702,-0.00832702498107496,-0.008361888327128107,134028.57142857142,136371.42857142858,137614.2857142857,0.016183756198775184,5500.0,2800.0,41.03458823618804,-138.170953065739,1007.7766252659288,-1145.947578331668,144161.00961674415,130828.99038325585,0.0969636658313997,0.012826985451280897,132400.0,133460.0,134810.0,137495.0,0.9815675108646785,0.9527619186152224,-4035.0,-0.00832702498107496,0.00832702498107496,0.04198473282442748,-0.02092675635276532,0.013868088961581367,0.013994307672622419,2664121.2,2694570.55,0.04156021153249356,1.4186683662819666,500773962000.0,136200.0
2024-01-18,131500.0,136800.0,130600.0,136200.0,3050556,0.03969465648854964,0.03892707051426047,133857.14285714287,136071.42857142858,137433.33333333334,0.022990426629598326,6200.0,-4700.0,52.4399181872521,-17.36737618839834,802.7478249750635,-820.1152011634618,143886.46520240937,130723.53479759063,0.09586635887126276,0.41605212775450995,133100.0,133500.0,134790.0,137305.0,1.0202247191011236,0.9919522231528349,-3805.0,0.03969465648854964,0.03969465648854964,0.04552129221732746,0.03574144486692015,0.022701234671230384,0.019745535758446245,2555250.6,2720057.75,-0.20198958746980544,1.1215041298295965,415485727200.0,141300.0
2024-01-19,138700.0,141300.0,137400.0,141300.0,4946040,0.037444933920704804,0.03676089597506972,134971.42857142858,136057.14285714287,137495.2380952381,0.023252022038018197,3900.0,-2600.0,60.50801340287233,484.3148265068303,739.0612252814169,-254.74639877458662,144272.1872212118,130647.81277878821,0.09911519309198005,0.7818478027176798,136166.66666666666,134940.0,135170.0,137460.0,1.0471320586927524,1.027935399388913,-2520.0,0.037444933920704804,0.037444933920704804,0.027600849256900213,0.018745493871665464,0.02592564846105064,0.022993060559037302,3168675.6,2851873.7,0.6213568936285714,1.7343124276506354,698875452000.0,142600.0
2024-01-22,145200.0,145400.0,142300.0,142600.0,3784276,0.009200283085633476,0.009158218289713877,135914.2857142857,136071.42857142858,137704.7619047619,0.02281593120621501,3100.0,2600.0,62.26524040802978,975.555129740882,786.36000617331,189.19512356757195,144634.36310687472,130495.6368931253,0.10277851352996348,0.8561141169211997,140033.33333333334,136640.0,135830.0,137565.0,1.0436182669789227,1.0366008795841966,-925.0,0.009200283085633476,0.009200283085633476,0.021739130434782608,-0.01790633608815427,0.025287947871923667,0.022519267714996002,3854748.6,2885686.95,-0.234887708146315,1.3113951948252736,539637757600.0,140800.0
2024-01-23,142300.0,142800.0,138300.0,140800.0,2912611,-0.012622720897615736,-0.012703064256253564,136871.42857142858,136357.14285714287,137719.04761904763,0.022612926221058198,4500.0,1500.0,58.391066333964474,1205.7228302263538,870.2325709839188,335.49025924243506,144676.80432159055,130483.19567840944,0.10316622069473116,0.7268626732601197,141566.66666666666,138380.0,136170.0,137580.0,1.0174880763116056,1.02340456461695,800.0,-0.012622720897615736,0.012622720897615736,0.03196022727272727,-0.010541110330288124,0.024677584509467967,0.023077145022590066,3703237.0,2894461.3,-0.23033864337590604,1.0062704932347861,410095628800.0,141500.0
2024-01-24,140000.0,141700.0,137600.0,141500.0,2580665,0.004971590909090828,0.004959273359350209,137928.57142857142,136721.42857142858,137766.66666666666,0.02243533416466799,4100.0,-1500.0,59.44778234726778,1428.1536744218029,981.8167916714956,446.33688275030727,144813.25796918685,130436.74203081317,0.10446151453859165,0.7695367929622555,141633.33333333334,140480.0,136970.0,137625.0,1.0072608200455582,1.0281562216167122,2855.0,0.004971590909090828,0.004971590909090828,0.028975265017667843,0.010714285714285714,0.02240591532960725,0.02033517619285268,3454829.6,2864309.1,-0.11396853201474555,0.9009729431785137,365164097500.0,137400.0
2024-01-25,142700.0,143700.0,136900.0,137400.0,4708651,-0.028975265017667895,-0.0294033372950434,138685.7142857143,136714.2857142857,137614.2857142857,0.02533092291975458,6800.0,5300.0,51.23958472511653,1259.0820717324968,1037.2698476836958,221.812224048801,144471.02106834215,130428.97893165785,0.10216109230035862,0.496439264352485,139900.0,140720.0,137110.0,137450.0,0.9764070494599204,0.9996362313568571,3270.0,-0.028975265017667895,0.028975265017667895,0.049490538573508006,-0.03714085494043448,0.02495149648917959,0.022502770429669524,3786448.6,2987752.2,0.824588235977936,1.5759844474384455,646968647400.0,136000.0
2024-01-26,136200.0,138600.0,136000.0,136000.0,3247410,-0.010189228529839833,-0.010241494052196907,139400.0,136714.2857142857,137380.95238095237,0.02551313878807999,2600.0,200.0,48.76366072778866,1000.5891400331166,1029.93370615358,-29.34456612046347,144136.625347028,130323.374652972,0.1006576600893099,0.4109550657377647,138300.0,139660.0,137300.0,137230.0,0.9737934984963482,0.9910369452743569,2430.0,-0.010189228529839833,0.010189228529839833,0.01911764705882353,-0.0014684287812041115,0.01524055938376074,0.022248921674991675,3446722.6,3033283.85,-0.3103311330570051,1.0705921900451223,441647760000.0,135000.0
2024-01-29,135500.0,137000.0,135000.0,135000.0,2311854,-0.007352941176470562,-0.007380107297622534,139228.57142857142,136542.85714285713,137123.80952380953,0.020952013194129947,2000.0,500.0,47.016089600347186,706.8913828323421,965.3252414893325,-258.4338586569904,143573.21999447647,130236.78000552351,0.09741382702569636,0.3571582820019457,136133.33333333334,138140.0,137390.0,136905.0,0.9772694368032431,0.9860852415908842,1235.0,-0.007352941176470562,0.007352941176470562,0.014814814814814815,-0.0036900369003690036,0.012192776788389412,0.022429483008930686,3152238.2,3025902.9,-0.28809297255351185,0.7640212116522311,312100290000.0,136900.0
2024-01-30,135300.0,137800.0,134400.0,136900.0,2297631,0.014074074074074128,0.013975953855973808,138600.0,136785.7142857143,136904.7619047619,0.014978369444619536,3400.0,-1600.0,50.63591742731605,620.2975117168389,896.3196955348337,-276.0221838179948,142777.34859405592,130482.65140594408,0.08998534134605751,0.5219606872677655,135966.66666666666,137360.0,137870.0,136630.0,0.9966511357018055,1.0019761399399838,730.0,0.014074074074074128,0.014074074074074128,0.02483564645726808,0.011825572801182557,0.016350143389993917,0.02202920955472929,3029242.2,3033411.55,-0.0061522051132987254,0.7574412380674163,314545683900.0,134700.0
2024-01-31,134800.0,136600.0,133600.0,134700.0,2815362,-0.01607012417823228,-0.016200648878084898,137471.42857142858,136692.85714285713,136538.09523809524,0.014163481178679146,3000.0,100.0,46.66080094520403,369.8858176894428,791.0329199657556,-421.1471022763128,142731.5754605392,130318.42453946079,0.09092218217233776,0.35297850548960835,135533.33333333334,136000.0,138240.0,136525.0,0.9904411764705883,0.9866324848928768,-525.0,-0.01607012417823228,0.01607012417823228,0.022271714922048998,-0.000741839762611276,0.015676964908221125,0.022630387072083032,3076181.6,3011288.65,0.22533252728571296,0.9349359451143948,379229261400.0,132700.0
2024-02-01,133100.0,135600.0,131700.0,132700.0,3778274,-0.014847809948032697,-0.014959142078156507,136314.2857142857,136592.85714285713,136342.85714285713,0.014309487282599717,3900.0,400.0,43.33054703879782,9.934936982026557,634.8133233690098,-624.8783863869833,142778.5026046025,129901.49739539753,0.0944477424761989,0.2173255783574584,134766.66666666666,135060.0,137890.0,136340.0,0.9825262846142455,0.9733020390200968,-1280.0,-0.014847809948032697,0.014847809948032697,0.0293896006028636,-0.003005259203606311,0.012228984277799351,0.019106950509742,2890106.2,3067103.85,0.3420206708764273,1.2318702544095466,501376959800.0,134900.0
2024-02-02,132300.0,135300.0,132200.0,134900.0,3708253,0.016578749058025588,0.01644282187554834,135371.42857142858,136650.0,136271.42857142858,0.01658262220128016,3100.0,-2600.0,47.74831429100893,-96.69250444951467,488.5121578053049,-585.2046622548196,142654.87556533335,129765.12443466666,0.0946314597361918,0.39836886789200165,134100.0,134840.0,137250.0,136210.0,1.0004449718184516,0.9903824976139785,-1370.0,0.016578749058025588,0.016578749058025588,0.022979985174203115,0.019652305366591082,0.01576467279154517,0.014956165449709,2982274.8,3160177.45,-0.018532536285086776,1.173431890668038,500243329700.0,132300.0
2024-02-05,134900.0,135800.0,131700.0,132300.0,3300954,-0.01927353595255743,-0.019461692092800176,134642.85714285713,136664.2857142857,136023.80952380953,0.014638190111475513,4100.0,2600.0,43.43845102484687,-386.53802118988824,313.5021220062663,-700.0401431961545,142703.44135613748,129346.5586438625,0.09819432245745252,0.22111756311398043,133300.0,134300.0,136220.0,136025.0,0.9851079672375279,0.972615328064694,-1725.0,-0.01927353595255743,0.01927353595255743,0.030990173847316706,-0.01927353595255745,0.017654732198060925,0.014762326749885374,3180094.8,3200310.05,-0.1098358175669244,1.0314481873404735,436716214200.0,138000.0
2024-02-06,133700.0,138400.0,132000.0,138000.0,4672324,0.04308390022675734,0.04218161403629467,134928.57142857142,137164.2857142857,136119.04761904763,0.022854599165516878,6400.0,-4300.0,53.374526740877194,-154.51911810968886,219.89787398307527,-374.41699209276413,142764.76507550155,129345.23492449847,0.09863312741908113,0.6449380103560934,135066.66666666666,134520.0,135940.0,136055.0,1.0258697591436217,1.0142956892433208,-1535.0,0.04308390022675734,0.04308390022675734,0.0463768115942029,0.03216155572176515,0.027218156951927808,0.02152285393772282,3655033.4,3260235.95,0.41544656484155795,1.4331244951764917,644780712000.0,138000.0
2024-02-07,136600.0,138500.0,135500.0,138000.0,3348045,0.0,0.0,135357.14285714287,137292.85714285713,136147.61904761905,0.02251283456408078,3000.0,-1400.0,53.374526740877194,29.022975393163506,181.72289426509292,-152.6999188719294,142930.55597201025,129629.44402798975,0.09760134975066402,0.6293124971234623,136100.0,135180.0,135590.0,136280.0,1.020861074123391,1.0126210742588788,-1100.0,0.0,0.0,0.021739130434782608,0.010248901903367497,0.02545845827879659,0.021406158180363264,3761570.0,3239175.6,-0.28343047271550514,1.033610218600066,462030210000.0,142800.0
2024-02-08,139000.0,143000.0,137900.0,142800.0,5780714,0.034782608695652195,0.03419136474827934,136200.0,137400.0,136590.47619047618,0.02526315362560236,5100.0,-3800.0,60.20241044047276,555.3989976487646,256.45811494182726,298.9408827069374,143877.83786856077,129362.16213143921,0.10624854148090737,0.9257466281225631,139600.0,137200.0,136130.0,136620.0,1.0408163265306123,1.0452349582784366,580.0,0.034782608695652195,0.034782608695652195,0.03571428571428571,0.027338129496402876,0.025407768872631464,0.022062288588487845,4162058.0,3348465.85,0.7265938779198009,1.7263768719636188,825485959200.0,150000.0
2024-02-13,146800.0,150000.0,145000.0,150000.0,6902585,0.050420168067226934,0.04919024419077178,138385.7142857143,137928.57142857142,137257.14285714287,0.02765081919246679,5000.0,-3200.0,67.81584920331622,1535.8315051407553,512.3327929816129,1023.4987121591424,146708.41022898536,128121.58977101464,0.13526049163461576,1.1770926758806175,143600.0,140220.0,137530.0,137415.0,1.069747539580659,1.0915838882218099,2805.0,0.050420168067226934,0.050420168067226934,0.03333333333333333,0.021798365122615803,0.030012255324750062,0.025727903214895848,4800924.4,3599649.35,0.19407135519937513,1.9175714990128134,1035387750000.0,148700.0
2024-02-14,146300.0,149200.0,144900.0,148700.0,4396924,-0.008666666666666711,-0.008704440630146406,140671.42857142858,138492.85714285713,137952.38095238095,0.026588056364940743,4300.0,-2400.0,65.38370589123156,2182.7705750545138,846.4203493961932,1336.3502256583206,148567.13737044472,127722.86262955528,0.1508869285235762,1.0063740586423306,147166.66666666666,143500.0,138900.0,138145.0,1.0362369337979094,1.0764052263925585,5355.0,-0.008666666666666711,0.008666666666666711,0.028917283120376596,0.016404647983595352,0.026559214086306664,0.025830298481478556,5020118.4,3801800.0,-0.363003280655001,1.1565374296385922,653822598800.0,148900.0
2024-02-15,151300.0,152700.0,148000.0,148900.0,3560211,0.0013449899125757003,0.0013440862238539562,142671.42857142858,139021.42857142858,138657.14285714287,0.027176944899232412,4700.0,2400.0,65.58817934601481,2680.7112073225144,1213.2785209814574,1467.432686341057,150044.31852854363,127925.68147145637,0.15914405912211582,0.9482645098976851,149200.0,145680.0,140100.0,138985.0,1.022103239978034,1.0713386336655035,6695.0,0.0013449899125757003,0.0013449899125757003,0.0315648085963734,-0.015862524785194978,0.025572691376068223,0.025921150040344714,4797695.8,3796302.1,-0.19029507901432907,0.9378102443427776,530115417900.0,146800.0
2024-02-16,150600.0,150600.0,145700.0,146800.0,3265836,-0.01410342511752849,-0.01420382350954804,144742.85714285713,139692.85714285713,139357.14285714287,0.02614774077065877,4900.0,3800.0,61.48164176755685,2872.764851323678,1545.1757870499016,1327.5890642737766,150688.99391414042,128861.0060858596,0.15616517852463474,0.8218345206743357,148133.33333333334,147440.0,141310.0,139775.0,0.9956592512208355,1.050259345376498,7665.0,-0.01410342511752849,0.01410342511752849,0.03337874659400545,-0.025232403718459494,0.028347537643140183,0.025718704745449718,4781254.0,3768458.8,-0.08268470604691691,0.8666237773383645,479424724800.0,151300.0
2024-02-19,146200.0,153200.0,146000.0,151300.0,3997323,0.03065395095367851,0.030193504613895063,146642.85714285713,140785.7142857143,140323.80952380953,0.024393542175675836,7200.0,-5100.0,66.3444272748034,3349.4705285174714,1906.0347353434158,1443.4357931740556,152445.86293449547,128614.13706550452,0.1695846144523657,0.951918592014923,149000.0,149140.0,143170.0,140530.0,1.014483036073488,1.0766384401907065,8610.0,0.03065395095367851,0.03065395095367851,0.04758757435558493,0.03488372093023256,0.027595668666679136,0.025060810551890206,4424575.8,3815797.15,0.22398154714443708,1.047572196022003,604794969900.0,149600.0
2024-02-20,150300.0,151100.0,147500.0,149600.0,3507601,-0.011235955056179803,-0.011299555253933394,148300.0,141828.57142857142,140961.90476190476,0.025744777922091178,3600.0,700.0,63.10333959060564,3549.1747425181384,2234.6627367783603,1314.512005739778,153532.95999525356,128357.04000474644,0.1786222994111684,0.8437808828143507,149233.33333333334,149060.0,144640.0,140945.0,1.0036227022675432,1.0614069317819008,8115.0,-0.011235955056179803,0.011235955056179803,0.02406417112299465,-0.004657351962741184,0.018309371980208107,0.026196742402641648,3745579.0,3743875.2,-0.12251249148492627,0.9368904711353626,524737109600.0,149000.0
2024-02-21,147100.0,152200.0,147100.0,149000.0,4278500,-0.004010695187165791,-0.004018759594917744,149185.7142857143,142692.85714285713,141328.57142857142,0.024139972771186353,5100.0,-1900.0,61.95297498819423,3617.328474370297,2511.195884296748,1106.1325900735492,154345.84577983353,128184.15422016647,0.1851958486508835,0.79566131006318,149966.66666666666,149120.0,146310.0,141265.0,0.9991952789699571,1.0547552472303827,7855.0,-0.004010695187165791,0.004010695187165791,0.03422818791946309,0.01291638341264446,0.017897690990718005,0.02465563188924086,3721894.2,3768586.4,0.21977955873544341,1.1353063313076754,637496500000.0,156500.0
2024-02-22,154500.0,156500.0,152600.0,156500.0,5966352,0.05033557046979875,0.049109704034748854,150114.2857142857,144250.0,141990.47619047618,0.024116003362335086,3900.0,-2000.0,69.45000162239526,4227.79275460355,2854.5152583581084,1373.2774962454414,156792.20579082202,127307.79420917798,0.207563615499078,0.9900894820297539,151700.0,150640.0,148160.0,142050.0,1.0389006903876792,1.1017247448081662,8590.0,0.05033557046979875,0.05033557046979875,0.024920127795527155,0.012944983818770227,0.028641084335333217,0.02574654122328399,4203122.4,3921273.45,0.3944962019399323,1.5215342862661108,933734088000.0,161400.0
2024-02-23,166900.0,166900.0,159800.0,161400.0,7012032,0.03130990415335466,0.030829745855640543,151928.57142857142,146300.0,142971.42857142858,0.02470409676685688,7100.0,5500.0,73.1697425244417,5048.779951314995,3293.368196949486,1755.4117543655088,160130.84825305184,125959.15174694815,0.23888773816703618,1.0371404371662223,155633.33333333334,153560.0,150500.0,143045.0,1.0510549622297474,1.1283162641126918,10515.0,0.03130990415335466,0.03130990415335466,0.04399008674101611,-0.0329538645895746,0.026039050403217797,0.02589977129085271,4952361.6,4142841.8,0.17526287419850517,1.692565716605447,1131741964800.0,161800.0
2024-02-26,158400.0,164800.0,158400.0,161800.0,4329477,0.0024783147459728205,0.0024752487885429737,153771.42857142858,148221.42857142858,143938.09523809524,0.024628590883672495,6400.0,-3400.0,73.4538946486393,5666.376416529762,3767.9698408655413,1898.4065756642203,163053.38106804027,125476.61893195973,0.26047039916875564,0.9666447826584613,159900.0,155660.0,152400.0,144265.0,1.0394449441089555,1.1215471528090666,11395.0,0.0024783147459728205,0.0024783147459728205,0.03955500618046971,0.021464646464646464,0.026046314996899522,0.025316313668455662,5018792.4,4123883.1,-0.3825645690150872,1.0498544442251527,700509378600.0,153800.0
2024-02-27,159000.0,160000.0,153300.0,153800.0,6107954,-0.04944375772558718,-0.05070794755284775,154771.42857142858,149757.14285714287,144719.04761904763,0.03337952141753358,6700.0,5200.0,59.810609048604015,5447.497562592296,4103.875385210893,1343.6221773814032,163981.23868854035,126328.76131145965,0.2593949734909628,0.72959976613019,159000.0,156500.0,152780.0,145155.0,0.9827476038338658,1.059557025248872,11345.0,-0.04944375772558718,0.04944375772558718,0.043563068920676205,-0.03270440251572327,0.03805512781074485,0.028363666917375463,5538863.0,4266910.3,0.41078333480002316,1.4314699795774943,939403325200.0,158000.0
2024-02-28,154500.0,159200.0,153800.0,158000.0,3666960,0.027308192457737412,0.026941975955423293,155728.57142857142,151185.7142857143,145766.66666666666,0.0330180296808376,5400.0,-3500.0,63.629978636419445,5548.974271757033,4392.895162520121,1156.0791092369127,165328.25170056784,127281.74829943216,0.26004923550894143,0.807386985781482,157866.66666666666,158300.0,153710.0,146305.0,0.998104864181933,1.0799357506578722,11995.0,0.027308192457737412,0.027308192457737412,0.03417721518987342,0.022653721682847898,0.03854230261829788,0.029012376063282542,5416555.0,4334665.6,-0.3996418440610391,0.8459614508671673,579379680000.0,156200.0
2024-02-29,154900.0,158400.0,154500.0,156200.0,3386307,-0.011392405063291089,-0.011457795621381162,156671.42857142858,152485.7142857143,146776.19047619047,0.03303205083156487,3900.0,-1300.0,60.956314444161805,5421.652898347558,4598.646709685609,823.0061886619496,166242.45648995292,128297.54351004708,0.2576554150872944,0.7353411643012328,156000.0,158240.0,154440.0,147270.0,0.987108190091001,1.0606369253751613,10970.0,-0.011392405063291089,0.011392405063291089,0.02496798975672215,0.008392511297611363,0.03281252825777981,0.02953693936563373,4900546.0,4389099.4,-0.07653560442437335,0.7715266143209242,528941153400.0,166500.0
2024-03-04,161000.0,168100.0,160700.0,166500.0,5230909,0.06594110115236873,0.0638580720149129,159171.42857142858,154178.57142857142,148185.7142857143,0.038972140180384834,7400.0,-5500.0,68.98678912853899,6081.766888999991,4895.270745548485,1186.4961434515062,168706.82395378745,129013.17604621257,0.2666508659651678,0.9444035993132717,160233.33333333334,159260.0,156410.0,148860.0,1.0454602536732387,1.1185006045949215,10400.0,0.06594110115236873,0.06594110115236873,0.044444444444444446,0.034161490683229816,0.04310190748932907,0.034204660813519576,4544321.4,4509876.75,0.5447237949778327,1.1598784822667272,870946348500.0,165800.0
2024-03-05,165100.0,169000.0,164100.0,165800.0,3612530,-0.004204204204204198,-0.004213066719303912,160500.0,155307.14285714287,149666.66666666666,0.03652534520038574,4900.0,-700.0,67.96370126732141,6473.801874394354,5210.976971317659,1262.8249030766947,170207.6141644927,130822.38583550732,0.2616697892501437,0.8880896632697967,162833.33333333334,160060.0,157860.0,150515.0,1.0358615519180308,1.1015513403979669,9545.0,-0.004204204204204198,0.004204204204204198,0.029553679131483716,0.004239854633555421,0.04337904128857083,0.0340032634757292,4400932.0,4501589.55,-0.3093877182722926,0.8025009743502715,598957474000.0,162900.0
2024-03-06,164100.0,165500.0,162700.0,162900.0,2672526,-0.017490952955367955,-0.017645727093195198,160714.2857142857,156321.42857142858,151104.7619047619,0.0361232236135903,2800.0,1200.0,63.745920173700256,6475.837240450986,5463.949025144325,1011.8882153066616,170902.00663750427,132927.99336249573,0.24996881989934194,0.7892767725245794,165066.66666666666,161880.0,159190.0,151915.0,1.0063009636767977,1.0723101734522595,9965.0,-0.017490952955367955,0.017490952955367955,0.017188459177409455,-0.007312614259597806,0.03472562120825643,0.034485465891592314,3713846.4,4449803.2,-0.2602065588382657,0.6005942015592959,435354485400.0,164900.0
2024-03-07,164500.0,165900.0,161000.0,164900.0,3052700,0.012277470841006721,0.012202713957553742,161157.14285714287,157464.2857142857,152533.33333333334,0.03636132334014968,4900.0,-400.0,65.34330951525166,6563.177345020144,5683.794689119489,879.3826559006548,170975.33955039614,136114.66044960386,0.2270388426897149,0.8257251520307284,164533.33333333334,163260.0,160780.0,153545.0,1.0100453264731104,1.073952261551988,9715.0,0.012277470841006721,0.012277470841006721,0.02971497877501516,0.0024316109422492403,0.03370830448220853,0.03418162614986509,3590994.4,4437390.5,0.14225268528725254,0.687949370243615,503390230000.0,171900.0
2024-03-08,169800.0,174900.0,169300.0,171900.0,5089650,0.04244996967859316,0.04157368282325042,163742.85714285713,159257.14285714287,154419.04761904763,0.02992493338415275,5600.0,-2100.0,70.27921562762431,7115.21671646295,5970.079094588182,1145.1376218747682,172897.132150762,137582.867849238,0.2274817334548053,0.971764040098693,166566.66666666666,166400.0,162320.0,155240.0,1.0330528846153846,1.107317701623293,11160.0,0.04244996967859316,0.04244996967859316,0.03257707969749855,0.012367491166077738,0.03415196786812576,0.03324405377160852,3931663.0,4458256.8,0.6672617682707112,1.1416233358293761,874910835000.0,166600.0
2024-03-11,165000.0,168900.0,164700.0,166600.0,3450905,-0.030831878999418305,-0.031317182656061295,164971.42857142858,160350.0,155780.95238095237,0.03414430907743412,4200.0,-1600.0,62.96690453967474,7043.849081935681,6184.833092057682,859.0159898779993,173033.38660096467,140306.61339903533,0.2088898525686433,0.8034212978691891,167800.0,166420.0,162840.0,156670.0,1.0010816007691383,1.0633816301780814,9750.0,-0.030831878999418305,0.030831878999418305,0.025210084033613446,0.009696969696969697,0.02839886173338431,0.03458315184755491,3575662.2,4463399.8,-0.32197597084278884,0.7731561488173209,574920773000.0,165700.0
2024-03-12,166100.0,167200.0,164000.0,165700.0,3102706,-0.005402160864345751,-0.0054168053002251,166328.57142857142,161500.0,157100.0,0.033656032968771205,3200.0,400.0,61.79118004589821,6835.867612355214,6315.039996117189,520.8276162380253,173271.59797797143,142358.40202202857,0.1958824950476371,0.7550690653673472,168066.66666666666,166400.0,163230.0,157815.0,0.9957932692307693,1.0499635649336247,8585.0,-0.005402160864345751,0.005402160864345751,0.01931200965600483,-0.002408187838651415,0.028452841578710295,0.03470389174074251,3473697.4,4329499.4,-0.1009007782016601,0.7166431296883884,514118384200.0,163600.0
2024-03-13,168600.0,169700.0,162000.0,163600.0,5072935,-0.012673506336753126,-0.012754500263870506,165914.2857142857,162542.85714285713,158090.47619047618,0.023576396350748104,7700.0,5000.0,59.02189390746984,6427.496174793836,6337.531231852518,89.96494294131753,173698.5279839218,143291.4720160782,0.1918486764115185,0.6678886639140169,165300.0,166540.0,164210.0,158495.0,0.9823465834033865,1.0322092179564024,8045.0,-0.012673506336753126,0.012673506336753126,0.04706601466992665,-0.02965599051008304,0.027777544210634175,0.030194087810339523,3953779.2,4238016.9,0.6350034453796138,1.1970067887176192,829932166000.0,161900.0
2024-03-14,163600.0,164200.0,161100.0,161900.0,3655060,-0.010391198044009786,-0.01044556348505724,165357.14285714287,162928.57142857142,158657.14285714287,0.023768329065470696,3100.0,1700.0,56.802555508040506,5898.686687532987,6249.762322988612,-351.07563545562516,173699.95390884843,144610.04609115157,0.1827772160327785,0.5943626228450981,163733.33333333334,165940.0,164600.0,159155.0,0.975653850789442,1.0172473375011781,6785.0,-0.010391198044009786,0.010391198044009786,0.019147621988882025,-0.01039119804400978,0.02735693033371678,0.02966995315136118,4074251.2,4200923.7,-0.27949796321064635,0.8700610296730692,591754214000.0,161200.0
2024-03-15,159600.0,162900.0,158600.0,161200.0,4099531,-0.004323656578134605,-0.004333030611061483,165114.2857142857,162914.2857142857,159252.38095238095,0.022957298038492377,4300.0,-1600.0,55.870953804837114,5361.315303638781,6072.0729191186465,-710.7576154798653,173506.94212506435,146033.05787493565,0.17195896757919948,0.5520494294501987,162233.33333333334,163800.0,165100.0,159770.0,0.9841269841269841,1.0089503661513426,4030.0,-0.004323656578134605,0.004323656578134605,0.026674937965260544,0.010025062656641603,0.010694798890282492,0.029376259256505395,3876227.4,4227889.7,0.12160429650949633,0.9696400074013284,660844397200.0,164300.0
2024-03-18,161200.0,164500.0,161000.0,164300.0,2696598,0.019230769230769162,0.01904819497069441,165028.57142857142,163092.85714285713,159985.7142857143,0.023769646454769776,3500.0,-3100.0,59.07226878566877,5126.493674620375,5882.957070218992,-756.4633955986174,173070.182408912,148219.817591088,0.15469118128683731,0.6470803357131579,162466.66666666666,163340.0,164880.0,160645.0,1.005877311130158,1.022752030875533,2695.0,0.019230769230769162,0.019230769230769162,0.02130249543517955,0.019230769230769232,0.01274285304593067,0.020817569664767027,3725366.0,4199427.8,-0.34221792687992847,0.6421346260554831,443051051400.0,160200.0
2024-03-19,161700.0,161800.0,157600.0,160200.0,4159293,-0.0249543517954961,-0.025270990408963606,163357.14285714287,163550.0,160623.80952380953,0.016290563663587252,4200.0,1500.0,53.540163861526146,4557.029507445026,5617.7715576641995,-1060.7420502191735,172717.89748836818,149462.10251163182,0.14436523047201166,0.46172996877164163,161900.0,162240.0,164320.0,161090.0,0.9874260355029586,0.994475138121547,1150.0,-0.0249543517954961,0.0249543517954961,0.026217228464419477,-0.00927643784786642,0.016283049190963364,0.022148957106858533,3936683.4,4207526.3,0.5424223410385975,0.9885364234086903,666318738600.0,156500.0
2024-03-20,160200.0,161400.0,154100.0,156500.0,5692523,-0.023096129837702817,-0.023367024654050883,161914.2857142857,163442.85714285713,160871.42857142858,0.014768397089461713,7300.0,3700.0,49.0737538499321,3763.7794675504265,5246.9731396414445,-1483.193672091018,171987.1811165175,150882.8188834825,0.13072978123105258,0.2661620879367219,160333.33333333334,160820.0,163680.0,161435.0,0.973137669444099,0.9694304209124416,-615.0,-0.023096129837702817,0.023096129837702817,0.04664536741214057,-0.023096129837702872,0.017843715070106243,0.02261648072868731,4060601.0,4316772.4,0.3686275528076526,1.3186988964254867,890879849500.0,170000.0
2024-03-21,165200.0,171400.0,162600.0,170000.0,9205769,0.08626198083067083,0.08274242707005376,162528.57142857142,164428.57142857142,161842.85714285713,0.037838649469159866,8800.0,-4800.0,61.64585629445583,4176.318274270656,5032.842166567287,-856.523892296631,171950.56640505046,153019.43359494954,0.11651003360372289,0.8969651512872113,162233.33333333334,162440.0,164190.0,162485.0,1.0465402610194534,1.04625042311598,-45.0,0.08626198083067083,0.08626198083067083,0.05176470588235294,0.029055690072639227,0.04588430921971232,0.036369445961021866,5170742.8,4563135.85,0.6171685208825683,2.0174216377976126,1564980730000.0,169800.0
2024-03-22,169000.0,173900.0,167400.0,169800.0,5400916,-0.0011764705882353343,-0.001177163173014863,163414.2857142857,164664.2857142857,162833.33333333334,0.037250048061620765,6500.0,-800.0,61.404007529909066,4435.984652478539,4913.470663749537,-477.48601127099846,172713.41713868114,153586.58286131886,0.1172346569252974,0.8476790724260451,165433.33333333334,164160.0,163980.0,163150.0,1.034356725146199,1.040760036775973,1010.0,-0.0011764705882353343,0.0011764705882353343,0.03828032979976443,0.004733727810650888,0.04564898353408874,0.03371473746639971,5431019.8,4534864.05,-0.41331180480413965,1.1909763866019314,917075536800.0,169400.0
2024-03-25,170500.0,174800.0,168500.0,169400.0,3434516,-0.002355712603062443,-0.0023584916592929396,164485.7142857143,164921.42857142858,163447.61904761905,0.036802534937383585,6300.0,1100.0,60.88949373211567,4556.965608026279,4842.169652604886,-285.20404457860695,173467.87328646192,153632.12671353808,0.12128246146697552,0.7949220982680508,169733.33333333334,165180.0,164260.0,163550.0,1.0255478871534085,1.0357688780189545,1630.0,-0.002355712603062443,0.002355712603062443,0.0371900826446281,-0.0064516129032258064,0.04572658607699248,0.03205187580912764,5578603.4,4355988.25,-0.36408638830894613,0.7884585088125524,581807010400.0,176600.0
2024-03-26,172000.0,179500.0,171900.0,176600.0,6549669,0.04250295159386064,0.041624505951905574,166685.7142857143,165900.0,164171.42857142858,0.038609250227786954,7600.0,-4600.0,66.35443310292928,5174.178999318363,4908.571521947582,265.60747737078054,175747.17885731126,152832.82114268874,0.13947506065264176,1.0372177633477602,171933.33333333334,168460.0,165350.0,164290.0,1.0483200759824292,1.0749284801266055,4170.0,0.04250295159386064,0.04250295159386064,0.04303510758776897,0.026744186046511628,0.04387942885084309,0.03430481865422897,6056678.6,4466997.85,0.9070136811125644,1.4662350912033684,1156671545400.0,181200.0
2024-03-27,176700.0,183000.0,175600.0,181200.0,5774536,0.026047565118912708,0.025714105439019228,169100.0,167064.2857142857,165095.2380952381,0.03886366211847151,7400.0,-4500.0,69.30539733126032,5965.7373087430315,5120.004679306672,845.7326294363593,178324.81242199067,152995.18757800933,0.152901272751306,1.1135108630988078,175733.33333333334,173400.0,167110.0,165660.0,1.0449826989619377,1.0938065918145599,7740.0,0.026047565118912708,0.026047565118912708,0.04083885209713024,0.025466893039049237,0.036591982190301735,0.034033919539607944,6073081.2,4450326.95,-0.11834689661416475,1.2975532056133539,1046345923200.0,178200.0
2024-03-28,178000.0,182100.0,178000.0,178200.0,3424716,-0.01655629139072845,-0.016694878572169992,171671.42857142858,167514.2857142857,166257.14285714287,0.037532186541853786,4100.0,-200.0,65.28387813006455,6278.602225713985,5351.724188588135,926.8780371258499,179968.69008191169,153371.30991808831,0.159581089361153,0.9335013421992072,178666.66666666666,175040.0,168740.0,166670.0,1.018053016453382,1.0691786164276715,8370.0,-0.01655629139072845,0.01655629139072845,0.023007856341189674,0.0011235955056179776,0.02395989819910295,0.03451240450311768,4916870.6,4438214.75,-0.40692793325732146,0.7716426971002248,610284391200.0,183000.0
2024-03-29,179200.0,183900.0,177600.0,183000.0,3035080,0.026936026936027035,0.026579637804712102,175457.14285714287,168685.7142857143,167447.61904761905,0.033507457682081236,6300.0,-3800.0,68.43941196567104,6835.079272050614,5648.395205280632,1186.6840667699826,182235.2407250004,153784.7592749996,0.16933802422475316,1.0268803632143664,180800.0,177680.0,170920.0,168010.0,1.029941467807294,1.089220879709541,9670.0,0.026936026936027035,0.026936026936027035,0.03442622950819672,0.021205357142857144,0.02406997212150461,0.03447062762848155,4443703.4,4420653.4,-0.1137717696883479,0.686568189218363,555419640000.0,185500.0
2024-04-01,186400.0,190500.0,185000.0,185500.0,2723474,0.013661202185792254,0.013568729206068796,177671.42857142858,170100.0,168842.85714285713,0.020340435261934565,5500.0,900.0,69.97040953487591,7392.603120068787,5997.236788238263,1395.3663318305234,185161.15655390717,152758.84344609283,0.1917750539051512,1.0104573844763913,182233.33333333334,180900.0,173040.0,168960.0,1.025428413488115,1.0978929924242424,11940.0,0.013661202185792254,0.013661202185792254,0.029649595687331536,-0.004828326180257511,0.022116904352113758,0.03440880718548545,4301495.0,4295281.65,-0.1026681339536355,0.6340617966228128,505204427000.0,186300.0
2024-04-02,188000.0,190000.0,184400.0,186300.0,4207759,0.004312668463611891,0.004303395560052973,180028.57142857142,171721.42857142858,169785.7142857143,0.019826790865633576,5600.0,1700.0,70.46416658122486,7808.9810281163955,6359.58563621389,1449.3953919025053,187852.61551552208,152117.38448447792,0.2102257906935562,0.9565522463203532,184933.33333333334,182840.0,175650.0,169985.0,1.0189236490921023,1.0959790569756156,12855.0,0.004312668463611891,0.004312668463611891,0.030059044551798177,-0.009042553191489361,0.017968486627402244,0.03200859338118694,3833113.0,4325043.1,0.5449969414064537,0.9728825592512593,783905501700.0,179200.0
2024-04-03,182000.0,183700.0,178200.0,179200.0,5416518,-0.03811057434245835,-0.03885577706671262,181428.57142857142,172957.14285714287,170423.80952380953,0.027807577400403554,5500.0,2800.0,60.89453419527453,7479.830032676604,6583.634515506434,896.1955171701702,188793.4491003341,152806.5508996659,0.21069612529665235,0.7334182833196784,183666.66666666666,182440.0,177920.0,170800.0,0.9822407366805526,1.0491803278688525,11640.0,-0.03811057434245835,0.03811057434245835,0.030691964285714284,-0.015384615384615385,0.025682017431346696,0.03429845697101444,3761509.4,4462242.7,0.2872690665030959,1.2138555350205402,970640025600.0,188000.0
2024-04-04,184400.0,188500.0,184000.0,188000.0,5344102,0.049107142857142794,0.04793946228911905,183057.14285714287,174871.42857142858,171619.04761904763,0.0291490192573522,4500.0,-3600.0,66.89552132145573,7838.702272344264,6834.6480668740005,1004.0542054702637,191270.82116733378,152639.17883266622,0.22466134939180343,0.9153331059808818,184500.0,184400.0,179720.0,171955.0,1.0195227765726682,1.0933092960367539,12445.0,0.049107142857142794,0.049107142857142794,0.023936170212765957,0.019522776572668113,0.032286211714444346,0.026815100843344857,4145386.6,4576812.8,-0.013369474632965339,1.1676470577953286,1004691176000.0,182800.0
2024-04-05,184800.0,187600.0,181800.0,182800.0,4043133,-0.02765957446808509,-0.028049303809899555,183285.7142857143,176192.85714285713,172471.42857142858,0.03101481295403087,5800.0,2000.0,60.94408054950149,7615.725226245209,6990.863498748243,624.8617274969665,192415.08288498415,152584.91711501585,0.23089951170996115,0.758597969676695,183333.33333333334,184360.0,181020.0,172500.0,0.9915382946409199,1.0597101449275361,11860.0,-0.02765957446808509,0.02765957446808509,0.03172866520787746,-0.010822510822510822,0.03476299504231221,0.029283631388733262,4346997.2,4524486.95,-0.24344015140429576,0.8936113739923595,739084712400.0,181200.0
2024-04-08,183900.0,183900.0,180000.0,181200.0,3278855,-0.008752735229759279,-0.008791265411170658,183714.2857142857,177692.85714285713,172914.2857142857,0.030389973739787555,3900.0,2700.0,59.19890129318848,7226.603891253122,7038.011577249219,188.59231400390308,193304.1887166475,153155.8112833525,0.2317634210777291,0.6985136264408655,184000.0,183500.0,182200.0,173230.0,0.987465940054496,1.0460081971944812,10270.0,-0.008752735229759279,0.008752735229759279,0.02152317880794702,-0.01468189233278956,0.03404086134228027,0.029598039249755875,4458073.4,4515884.45,-0.18903113006670813,0.7260715007887325,594128526000.0,182900.0
2024-04-09,182300.0,185300.0,181700.0,182900.0,2302751,0.00938189845474624,0.00933816178794116,183700.0,179578.57142857142,173690.47619047618,0.028757032350704977,3600.0,-600.0,60.49337162761747,6974.994823766407,7025.408226552657,-50.41340278625012,194279.30409895297,153900.69590104703,0.23194099717333527,0.7181848358125651,182300.0,182820.0,182830.0,174090.0,1.0004375888852424,1.0506060083864668,8730.0,0.00938189845474624,0.00938189845474624,0.019682886823400764,0.0032912781130005485,0.03443179121883201,0.026935660281442647,4077071.8,4475886.7,-0.29769660445490875,0.5144792874225346,421173157900.0,188400.0
2024-04-11,182900.0,188400.0,182400.0,188400.0,4098231,0.03007107709130663,0.02962780674544258,184114.2857142857,180892.85714285713,174771.42857142858,0.030608179569721807,6000.0,-5500.0,64.4257430646986,7137.124530735309,7047.751487389188,89.37304334612145,195850.19287895397,154809.80712104603,0.2340750913015909,0.8184667921275955,184166.66666666666,184660.0,183550.0,175330.0,1.0202534387523015,1.0745451434437918,9330.0,0.03007107709130663,0.03007107709130663,0.03184713375796178,0.030071077091306724,0.030420325519470246,0.027331441064461975,3813414.4,4427151.5,0.7797108762519265,0.9257038075159615,772106720400.0,187400.0
2024-04-12,188700.0,191400.0,187000.0,187400.0,3097301,-0.005307855626326963,-0.005321992337940869,184271.42857142858,182150.0,175904.7619047619,0.03071480079231508,4400.0,1300.0,63.19410493188545,7103.042397668411,7058.809669445032,44.23272822337822,196777.56865934006,156432.43134065994,0.228448443241585,0.7675663219270251,186233.33333333334,184540.0,184470.0,176605.0,1.015497995014631,1.0611251097081056,7935.0,-0.005307855626326963,0.005307855626326963,0.023479188900747065,-0.00688924218335983,0.021570219234260297,0.026602240345420868,3364054.2,4399263.55,-0.24423464660728011,0.7040498858041819,580434207400.0,188200.0
2024-04-15,185400.0,188400.0,183000.0,188200.0,2672047,0.004268943436499528,0.0042598573469575084,185557.14285714287,183492.85714285713,177157.14285714287,0.025267508279395105,5400.0,-2800.0,63.79048222821141,7059.211183468753,7058.889972249777,0.3212112189758045,197386.98394400324,158523.01605599676,0.2183921097356437,0.763611786360127,188000.0,185620.0,184990.0,177955.0,1.0138993642926408,1.0575707341743699,7665.0,0.004268943436499528,0.004268943436499528,0.028692879914984058,0.015102481121898598,0.015324314032098815,0.02550288998250336,3089837.0,4327889.35,-0.13729824773246124,0.6174018751195661,502879245400.0,179100.0
2024-04-16,184400.0,185500.0,178300.0,179100.0,4956035,-0.048352816153028666,-0.04956091808461314,184285.7142857143,183671.42857142858,178009.52380952382,0.025806360247651032,7200.0,5300.0,53.22568702404817,6218.497711563396,6890.811520112501,-672.3138085491055,197033.96914970095,160356.03085029905,0.2052544184191046,0.5110420601260078,184900.0,185200.0,184350.0,178695.0,0.9670626349892009,1.0022664316293126,6505.0,-0.048352816153028666,0.048352816153028666,0.04020100502512563,-0.028741865509761388,0.02896949246171664,0.02982264453134935,3425273.0,4440861.2,0.8547708928772586,1.1160076338346265,887625868500.0,178700.0
2024-04-17,179600.0,182500.0,177700.0,178700.0,4340591,-0.002233389168062483,-0.002235886901283685,183700.0,183492.85714285713,178695.2380952381,0.02407120571331592,4800.0,900.0,52.81165091002912,5457.044162787846,6604.058048647571,-1147.0138858597247,195766.25262047542,163473.74737952458,0.17978234740536048,0.47151041725826437,182000.0,184360.0,183590.0,179620.0,0.9692991972228249,0.9948780759380915,4740.0,-0.002233389168062483,0.002233389168062483,0.026860660324566313,-0.005011135857461025,0.028287516735601842,0.02971339887935291,3832841.0,4449926.1,-0.12418072108046052,0.9754299065775498,775663611700.0,182300.0
2024-04-18,176000.0,183300.0,175400.0,182300.0,4170243,0.020145495243424794,0.019945259519235054,183857.14285714287,183785.7142857143,179747.61904761905,0.02538156309107596,7900.0,-6300.0,56.11999596574327,5085.454696792294,6300.337378276516,-1214.8826814842214,192854.59137676522,168965.40862323478,0.13205009537079457,0.5581853307558032,180033.33333333334,183140.0,183900.0,180910.0,0.995413344981981,1.007683378475485,2230.0,0.020145495243424794,0.020145495243424794,0.04333516182117389,0.03579545454545455,0.02548052060643874,0.027884617945013943,3847243.4,4373812.1,-0.039245347004589926,0.9534572827214046,760235298900.0,173300.0
2024-04-19,177200.0,178500.0,169500.0,173300.0,7545976,-0.04936917169500821,-0.050629484963056935,182485.7142857143,183092.85714285713,180547.61904761905,0.03144161859396057,9000.0,3900.0,47.20901273665794,4018.420731162856,5843.954048853784,-1825.533317690928,192463.24416945636,169686.75583054364,0.12578483136221302,0.15863921231804978,178100.0,180320.0,182430.0,181075.0,0.9610692102928128,0.9570619908877537,-755.0,-0.04936917169500821,0.04936917169500821,0.05193306405077899,-0.02200902934537246,0.03187113174442007,0.026793609952772704,4736978.4,4290822.45,0.8094811261597945,1.7586316115224017,1307717640800.0,171600.0
2024-04-22,170700.0,172400.0,167000.0,171600.0,5882906,-0.009809578765147098,-0.009858009667698443,180085.7142857143,182100.0,180623.80952380953,0.026832312742896523,5400.0,-900.0,45.73188453857067,3001.0189548872004,5275.367030060467,-2274.348075173267,192201.07004804074,170128.92995195926,0.12183446082897623,0.06664827432397016,175733.33333333334,177000.0,181310.0,181165.0,0.9694915254237289,0.9472028261529545,-4165.0,-0.009809578765147098,0.009809578765147098,0.03146853146853147,0.005272407732864675,0.030315166351556778,0.02590187959791771,5379150.2,4314921.95,-0.22039163654906935,1.3633864223198753,1009506669600.0,171000.0
2024-04-23,172600.0,173700.0,169700.0,171000.0,3975371,-0.0034965034965035446,-0.003502630551202112,177742.85714285713,181007.14285714287,180680.95238095237,0.026931584841954674,4000.0,1600.0,45.19440130592508,2121.8464070371992,4644.662905455814,-2522.816498418615,191939.90286858278,170550.09713141722,0.1180159769216561,0.021033518214756727,171966.66666666666,175380.0,180290.0,181245.0,0.9750256585699624,0.9434743027393859,-5865.0,-0.0034965034965035446,0.0034965034965035446,0.023391812865497075,-0.009269988412514484,0.025277705642681374,0.025893048044879876,5183017.4,4341964.7,-0.32425046397137736,0.9155696268097251,679788441000.0,179800.0
2024-04-24,178900.0,180200.0,176300.0,179800.0,4254632,0.05146198830409365,0.05018156553486014,176542.85714285713,181050.0,181176.19047619047,0.03594496993791742,3900.0,-900.0,53.77535422459116,2110.8497224591265,4137.900268856477,-2027.0505463973504,191901.20984225403,170908.79015774597,0.1157212848846948,0.4235438303863344,174133.33333333334,175600.0,179980.0,181405.0,1.0239179954441913,0.9911523938149445,-5805.0,0.05146198830409365,0.05146198830409365,0.021690767519466074,0.005030743432084964,0.03736304577996364,0.03140711957149845,5165825.6,4227212.85,0.0702477831628796,1.0064863424135362,764982833600.0,170600.0
2024-04-25,173800.0,176700.0,170600.0,170600.0,5332149,-0.05116796440489435,-0.05252348697994118,175328.57142857142,179807.14285714287,180890.47619047618,0.03654853968628206,6100.0,3200.0,45.71649833816468,1344.2756849981379,3579.175352084809,-2234.8996670866713,192431.70231601782,169318.29768398218,0.12778661855997592,0.055452770218081864,173800.0,173260.0,178200.0,180875.0,0.9846473508022625,0.9431928127159641,-7615.0,-0.05116796440489435,0.05116796440489435,0.03575615474794842,-0.018411967779056387,0.041934418247296414,0.032874340538984116,5398206.8,4205093.5,0.2532573910034992,1.2680215077262849,909664619400.0,177800.0
2024-04-26,176200.0,178300.0,174900.0,177800.0,5471765,0.042203985932004695,0.04133768802222547,175200.0,179450.0,180728.57142857142,0.040932211522781176,3400.0,-1600.0,51.80389253847115,1302.7230837395473,3123.884898415757,-1821.1618146762098,192432.55996472665,169277.44003527335,0.12803140598519974,0.36806373668943765,176066.66666666666,174160.0,177240.0,180855.0,1.0209003215434083,0.9831080147079152,-6695.0,0.042203985932004695,0.042203985932004695,0.019122609673790775,0.009080590238365494,0.04179022880801662,0.03673579297583246,4983364.6,4307445.95,0.026183814443294873,1.2703038096159975,972879817000.0,175900.0
2024-04-29,179100.0,180400.0,175600.0,175900.0,2892809,-0.010686164229471329,-0.01074367133629173,174285.7142857143,179071.42857142858,180619.04761904763,0.039982230511123075,4800.0,3200.0,50.20393978124204,1103.7548282379285,2719.8588843801917,-1616.1040561422633,192234.96798820558,168765.03201179442,0.1300273461297017,0.3040045782560589,174766.66666666666,175020.0,176010.0,180500.0,1.0050279968003657,0.9745152354570638,-5480.0,-0.010686164229471329,0.010686164229471329,0.027288231949971573,-0.01786711334450028,0.04187404080403846,0.03663732186987123,4385345.2,4300332.4,-0.47132067989030957,0.6726942782376543,508845103100.0,174200.0
2024-04-30,175900.0,179000.0,173800.0,174200.0,3655060,-0.009664582148948275,-0.009711587325110073,174414.2857142857,178450.0,180200.0,0.03488330027494693,5200.0,1700.0,48.753075507197096,799.6770801584353,2335.8225235358404,-1536.1454433774052,191744.23367539144,168125.76632460856,0.13126110734866972,0.25718153448217285,175966.66666666666,175660.0,175520.0,179935.0,0.991688489126722,0.9681273793314252,-4275.0,-0.009664582148948275,0.009664582148948275,0.029850746268656716,-0.009664582148948267,0.04230003324012774,0.03360013421465494,4321283.0,4346911.7,0.26349855797600186,0.8408406363533908,636711452000.0,173600.0
2024-05-02,169000.0,174700.0,169000.0,173600.0,3168250,-0.003444316877152742,-0.00345026219215267,174700.0,177392.85714285713,179633.33333333334,0.034642081719143854,5700.0,-4600.0,48.223371124434514,504.4631512624619,1969.550649081165,-1465.087497818703,191033.71211509805,167566.28788490195,0.1308835707205583,0.2571101138289531,174566.66666666666,174420.0,175010.0,179300.0,0.9952987042770325,0.9682097044060234,-4880.0,-0.003444316877152742,0.003444316877152742,0.032834101382488476,0.027218934911242602,0.033181951493617724,0.03360220328414985,4104006.6,4294936.25,-0.13318796408266897,0.7376710189819464,550008200000.0,173200.0
2024-05-03,177000.0,177500.0,173200.0,173200.0,2336256,-0.0023041474654378336,-0.0023068060979150595,175014.2857142857,176378.57142857142,179009.52380952382,0.03461534469711083,4300.0,3800.0,47.85011413319754,235.5124872981978,1622.7430167245716,-1387.2305294263738,191047.10054656083,166952.89945343917,0.13460447538056797,0.25927817745093173,173666.66666666666,174940.0,174100.0,179000.0,0.9900537327083572,0.9675977653631285,-4060.0,-0.0023041474654378336,0.0023041474654378336,0.024826789838337183,-0.021468926553672316,0.022102456537539197,0.03266677104954747,3504828.0,4140923.15,-0.2626036455456482,0.5641872392633029,404639539200.0,179600.0
2024-05-07,179400.0,180900.0,179300.0,179600.0,4349589,0.036951501154734334,0.03628515973976437,174985.7142857143,175764.2857142857,179028.57142857142,0.03165155094245395,1600.0,-200.0,53.98684481773646,532.6535626846307,1404.7251259165835,-872.0715632319527,189867.7390398422,167292.2609601578,0.12641660924898884,0.5451817674203716,175466.66666666666,175300.0,174730.0,178580.0,1.024529378208785,1.0057117258371597,-3280.0,0.036951501154734334,0.036951501154734334,0.008908685968819599,0.0011148272017837235,0.019790336432224137,0.030886812699732837,3280392.8,4091197.5,0.8617775620479948,1.0631579140337273,781186184400.0,178000.0
2024-05-08,177600.0,179400.0,176000.0,178000.0,2304744,-0.008908685968819552,-0.008948605576014033,176042.85714285713,175685.7142857143,178552.38095238095,0.022638052081306034,3400.0,-400.0,52.32897427096797,631.7509458200366,1250.1302898972742,-618.3793440772376,189452.70491493025,167227.29508506975,0.12462380750174103,0.4847021943530958,176933.33333333334,175720.0,175370.0,178340.0,1.0129751877987707,0.9980935292138612,-2620.0,-0.008908685968819552,0.008908685968819552,0.019101123595505618,0.0022522522522522522,0.019515714656599015,0.03084332697248939,3162779.8,4004278.05,-0.4701237289316301,0.5755704202409221,410244432000.0,175400.0
2024-05-09,179000.0,179400.0,175400.0,175400.0,2861600,-0.014606741573033655,-0.014714470354002428,175700.0,175450.0,178200.0,0.017386719569060204,4000.0,3600.0,49.660215509367056,494.78449732705485,1099.0611313832305,-604.2766340561757,189151.16162722098,166948.83837277902,0.1246971258323053,0.3806431214593805,177666.66666666666,175960.0,175810.0,178050.0,0.9968174585132985,0.9851165402976692,-2090.0,-0.014606741573033655,0.014606741573033655,0.02280501710376283,-0.02011173184357542,0.020392937317212,0.03134320230761783,3004087.8,3983415.3,0.24161295137334116,0.7183785230729018,501924640000.0,179900.0
2024-05-10,176500.0,180100.0,176400.0,179900.0,2813668,0.025655644241733278,0.025332061018404847,176271.42857142858,175278.57142857142,178138.09523809524,0.019554333404024682,3700.0,-3400.0,54.030049894890816,740.8103909883648,1027.4109833042576,-286.60059231589275,188804.56205834096,166995.43794165904,0.12259204112806028,0.5917047373979677,177766.66666666666,177220.0,175820.0,177900.0,1.0151224466764472,1.0112422709387296,-680.0,0.025655644241733278,0.025655644241733278,0.02056698165647582,0.019263456090651557,0.02264393479849461,0.027766550375981438,2933171.4,4008961.15,-0.016750069890970054,0.7018446661674435,506178873200.0,183800.0
2024-05-13,180000.0,184000.0,179000.0,183800.0,3230023,0.021678710394663625,0.02144706896509918,177642.85714285713,176028.57142857142,178180.95238095237,0.01966817459205239,5000.0,-3800.0,57.475380035586504,1236.2345482331584,1069.1756962900376,167.05885194312077,187809.26188531227,167530.73811468773,0.1141358910937386,0.802290249001257,179700.0,179340.0,177140.0,177670.0,1.0248689639790343,1.0345021669387067,1670.0,0.021678710394663625,0.021678710394663625,0.02720348204570185,0.021111111111111112,0.02262578506137803,0.02160576310638639,3111924.8,3965550.75,0.147975880594299,0.8145206564308879,593678227400.0,185300.0
2024-05-14,184200.0,185800.0,181800.0,185300.0,2763069,0.008161044613710589,0.008127923369727456,179314.2857142857,177007.14285714287,178033.33333333334,0.01905506527826657,4000.0,-1100.0,58.755738789724084,1729.957354641636,1201.3320279603572,528.6253266812787,187316.06471919318,167813.93528080682,0.10983093198764597,0.8966233546155772,183000.0,180480.0,177890.0,177565.0,1.026706560283688,1.0435615126854954,2915.0,0.008161044613710589,0.008161044613710589,0.021586616297895305,0.005971769815418024,0.017909209097565777,0.017932672348437158,2794620.8,3948839.15,-0.14456677243474736,0.6997167762581568,511996685700.0,193000.0
2024-05-16,191100.0,194000.0,191100.0,193000.0,5083178,0.04155423637344846,0.040714055613571457,182142.85714285713,178578.57142857142,178300.0,0.02146623373596564,2900.0,-1900.0,64.64111169803337,2711.307617729297,1503.3271459141451,1207.9804718151518,188813.41305069608,166796.58694930392,0.12382568601216028,1.190153972694511,187366.66666666666,183480.0,179600.0,177805.0,1.05188576411598,1.0854587891229155,5675.0,0.04155423637344846,0.04155423637344846,0.015025906735751295,0.009942438513867086,0.021068498517322825,0.02051115208998975,3350307.6,4069395.7,0.8396855091204745,1.2491235492286974,981053354000.0,189900.0
2024-05-17,192000.0,193500.0,189900.0,189900.0,2841394,-0.016062176165803077,-0.016192571086645326,183614.2857142857,179300.0,178380.95238095237,0.022135660647814432,3600.0,2100.0,60.87490292421354,3201.9802441629,1843.0577655638963,1358.9224785990036,190608.84931414272,166081.15068585728,0.13752949972404852,0.9711000479545493,189400.0,186380.0,181170.0,178345.0,1.0188861465822514,1.0647901539151645,8035.0,-0.016062176165803077,0.016062176165803077,0.018957345971563982,-0.0109375,0.021608653133053754,0.021261624100043446,3346266.4,3963663.65,-0.4410201649440566,0.7168605237227937,539580720600.0,190100.0
2024-05-20,192300.0,193200.0,188600.0,190100.0,3592128,0.0010531858873090716,0.0010526316761432445,185342.85714285713,180692.85714285713,178904.7619047619,0.021163319177529397,4600.0,2200.0,61.032645700212804,3565.874977190193,2187.621207889156,1378.2537693010372,192260.33626402868,165569.66373597132,0.1491807424087268,0.9190602536613597,191000.0,188420.0,182820.0,178915.0,1.0089162509287761,1.062515719755191,9505.0,0.0010531858873090716,0.0010531858873090716,0.0241977906365071,-0.011440457618304731,0.02171734748969783,0.021018430509242347,3501958.4,3926240.5,0.2642132699653761,0.9149026912640731,682863532800.0,192000.0
2024-05-21,193400.0,193500.0,191200.0,192000.0,2468109,0.009994739610731163,0.00994512253339804,187714.2857142857,181707.14285714287,179538.09523809524,0.018346070356016275,2300.0,1400.0,62.57629664105347,3961.9078879416047,2542.4785438996455,1419.4293440419592,193916.92297394935,164883.07702605065,0.161838606175578,0.9339762642059454,190666.66666666666,190060.0,184700.0,179400.0,1.010207302956961,1.0702341137123745,10660.0,0.009994739610731163,0.009994739610731163,0.011979166666666667,-0.007238883143743537,0.02093273937534884,0.02061888418304046,3349575.6,3841133.8,-0.31291173365759795,0.6425470000550358,473876928000.0,197700.0
2024-05-22,191900.0,197700.0,190900.0,197700.0,3949439,0.02968750000000009,0.029255358148789764,190257.14285714287,183264.2857142857,180271.42857142858,0.018841757364985362,6800.0,-5800.0,66.82247389338721,4681.740990234684,2970.3310331666535,1711.409957068031,196964.527492325,164275.472507675,0.18098247693860034,1.022499044650277,193266.66666666666,192540.0,186510.0,180620.0,1.0267996260517296,1.0945631712988595,11920.0,0.02968750000000009,0.02968750000000009,0.0343955488113303,0.030224075039082855,0.0228576232788533,0.019692446581631436,3586849.6,3661306.95,0.600188241281078,1.0786965020783084,780804090300.0,200000.0
2024-05-23,203500.0,204000.0,198200.0,200000.0,4681849,0.01163378856853825,0.011566636371465511,192571.42857142858,185107.14285714287,181542.85714285713,0.01851252806071496,5800.0,3500.0,68.3814209616507,5375.835403823468,3451.4319072980165,1924.4034965254518,199945.1771401752,164134.8228598248,0.19671695385822008,1.001530922017571,196566.66666666666,193940.0,188710.0,182040.0,1.0312467773538208,1.098659635245001,11900.0,0.01163378856853825,0.01163378856853825,0.029,-0.0171990171990172,0.016673706966828194,0.01856049645357154,3506583.8,3601254.1,0.18544659127536844,1.300060720514001,936369800000.0,198600.0
2024-05-24,199800.0,202500.0,197500.0,198600.0,3793872,-0.007000000000000006,-0.007024614936964466,194471.42857142858,186892.85714285713,182828.57142857142,0.019884903690754137,5000.0,1200.0,66.33810597268202,5746.697575110127,3910.485040860439,1836.2125342496884,201984.77706217935,164855.22293782065,0.2024291468997857,0.9088387366343628,198766.66666666666,195680.0,191030.0,183420.0,1.0149223221586263,1.0827608766764802,12260.0,-0.007000000000000006,0.007000000000000006,0.025176233635448138,-0.006006006006006006,0.0137388463498868,0.017478955910453908,3697079.4,3592179.15,-0.18966374182507806,1.0561477703582796,753462979200.0,201500.0
2024-05-27,203500.0,209000.0,199100.0,201500.0,4774882,0.01460221550855989,0.014496629775665426,195685.7142857143,188914.2857142857,184280.95238095237,0.014977819645774923,9900.0,2000.0,68.44171596873413,6203.108705604129,4369.009773809177,1834.0989317949516,204648.3259157312,164361.6740842688,0.21834991914290885,0.9218518846167189,200033.33333333334,197960.0,193190.0,184505.0,1.0178824004849465,1.0921113248963443,13455.0,0.01460221550855989,0.01460221550855989,0.04913151364764268,-0.009828009828009828,0.013081860747811338,0.016904157221270373,3933630.2,3618191.65,0.25857751658463957,1.3196874189900913,962138723000.0,202500.0
2024-05-28,202500.0,205500.0,200500.0,202500.0,2084945,0.00496277915632759,0.004950505159856205,197485.7142857143,190550.0,185361.90476190476,0.011431682913800834,5000.0,0.0,69.15746928484072,6569.777155927295,4809.163250232801,1760.613905694494,206655.03523918678,165544.96476081322,0.2209031191744952,0.8989290168847416,200866.66666666666,200060.0,195060.0,186100.0,1.0121963410976706,1.0881246641590543,13960.0,0.00496277915632759,0.00496277915632759,0.024691358024691357,0.0,0.013442472459314925,0.016613098785838828,3856997.4,3455831.45,-0.5633515131892264,0.6033121204449945,422201362500.0,202500.0
2024-05-29,210000.0,210000.0,200500.0,202500.0,3073139,0.0,0.0,199257.14285714287,192300.0,186880.95238095237,0.011562546622410396,9500.0,7500.0,69.15746928484072,6782.18375198188,5203.767350582617,1578.4164013992631,208740.7813145003,165929.2186854997,0.22852943992847347,0.8542267338246425,202166.66666666666,201020.0,196780.0,187335.0,1.0073624514973634,1.080951237088638,13685.0,0.0,0.0,0.04691358024691358,-0.03571428571428571,0.00873330821016137,0.016903673631481462,3681737.4,3335900.15,0.4739664595468944,0.9212323096661031,622310647500.0,195700.0
2024-05-30,202500.0,202500.0,195700.0,195700.0,2402236,-0.03358024691358019,-0.03415701214456323,199785.7142857143,193750.0,187733.33333333334,0.019951282297724793,6800.0,6800.0,58.66439261389326,6328.859190463612,5428.785718558816,900.073471904796,209331.75330008246,167318.24669991754,0.2230904372768614,0.675538787328241,200233.33333333334,200160.0,197050.0,188325.0,0.9777178257394085,1.0391610248241072,11835.0,-0.03358024691358019,0.03358024691358019,0.03474706182933061,-0.03358024691358025,0.018208230914030864,0.017533438538769555,3225814.8,3311371.5,-0.21831196050683033,0.725450466672193,470117585200.0,189200.0
2024-05-31,194400.0,195200.0,188200.0,189200.0,5958829,-0.03321410321921303,-0.03377821778425259,198571.42857142858,194414.2857142857,188366.66666666666,0.020205476286855446,7000.0,5200.0,50.73941038255084,5383.04810448247,5419.638195743548,-36.59009126107776,209001.69460534627,169148.30539465373,0.21078084998382943,0.5031364961042375,195800.0,198280.0,196980.0,189075.0,0.9542061730885616,1.0006611133148222,9205.0,-0.03321410321921303,0.03321410321921303,0.03699788583509514,-0.026748971193415638,0.02248633533150573,0.020097026343467283,3658806.2,3426559.95,1.480534385464209,1.7390120374225466,1127410446800.0,194200.0
2024-06-03,189500.0,194600.0,188200.0,194200.0,2982443,0.026427061310782207,0.026083899239446602,197742.85714285713,195157.14285714287,189319.04761904763,0.02290677533569018,6400.0,-4700.0,55.69728348169831,4979.543144189753,5331.619185432789,-352.07604124303634,208752.2489857577,171457.7510142423,0.19617841704066385,0.6098017193615974,193033.33333333334,196820.0,197390.0,190105.0,0.9866883446804187,1.0215407274927013,6715.0,0.026427061310782207,0.026427061310782207,0.032955715756951595,0.024802110817941952,0.02599582909323326,0.021800486802662732,3300318.4,3417269.6,-0.49949176255938876,0.8727561325568225,579190430600.0,193300.0
2024-06-04,196400.0,196500.0,192900.0,193300.0,1996780,-0.004634397528321288,-0.004645169642939293,196985.7142857143,195728.57142857142,190257.14285714287,0.022875578783232646,3600.0,3100.0,54.6314346954153,4534.864977075049,5172.268343761241,-637.4033666861924,208005.33102742635,174214.66897257365,0.17681263175580922,0.5648108047260202,192233.33333333334,194980.0,197520.0,191110.0,0.9913837316647861,1.0114593689498195,3870.0,-0.004634397528321288,0.004634397528321288,0.018623900672529746,-0.015784114052953158,0.02522720005536266,0.021721289624725207,3282685.4,3400295.8,-0.3304884619756354,0.587237145662445,385977574000.0,193700.0
2024-06-05,189400.0,195200.0,188800.0,193700.0,2709631,0.0020693222969476732,0.0020671841986649032,195871.42857142858,195778.57142857142,191233.33333333334,0.021663117041537866,6400.0,-4300.0,55.043208819446036,4166.699860651017,4971.154647139198,-804.4547864881806,207842.5125298574,175787.4874701426,0.16711427708841747,0.5588051326270519,193733.33333333334,193220.0,197120.0,191815.0,1.0024842148845876,1.0098271772280583,1405.0,0.0020693222969476732,0.0020693222969476732,0.03304078471863707,0.02270327349524815,0.02542794409470647,0.019270193294057672,3209983.8,3318297.9,0.35700027043540095,0.8165725566712982,524855524700.0,207500.0
2024-06-07,199500.0,207500.0,197300.0,207500.0,4805326,0.07124419204956123,0.06882076925780284,196585.7142857143,197035.7142857143,192561.90476190476,0.035742590263680055,10200.0,-8000.0,66.38029958840075,4931.622349371231,4963.248187585605,-31.62583821437329,209393.86027601684,177186.13972398316,0.16662900590839508,0.9411985622218378,198166.66666666666,195580.0,197870.0,193290.0,1.0609469270886593,1.073516477831238,2290.0,0.07124419204956123,0.07124419204956123,0.0491566265060241,0.040100250626566414,0.03916929623719101,0.03009329244680025,3690601.8,3443327.0,0.7734244994982711,1.3955473877444693,997105145000.0,208000.0
2024-06-10,206000.0,209500.0,205000.0,208000.0,2448961,0.002409638554216942,0.0024067400305650593,197371.42857142858,198314.2857142857,193990.47619047618,0.03571505034228451,4500.0,-2000.0,66.7078840682342,5514.605810911307,5073.519712250745,441.08609866056213,209964.01961962922,179875.98038037078,0.1543609646996637,0.9347242402865987,203066.66666666666,199340.0,198810.0,194920.0,1.043443363098224,1.0671044531089677,4420.0,0.002409638554216942,0.002409638554216942,0.021634615384615384,0.009708737864077669,0.03124029314371884,0.029854240821942022,2988628.2,3422695.05,-0.49036527386487405,0.7155066297828666,509383888000.0,212500.0
2024-06-11,210000.0,215000.0,206000.0,212500.0,3070163,0.02163461538461542,0.02140390866315358,199771.42857142858,199778.57142857142,195757.14285714287,0.031828716734143114,9000.0,-2500.0,69.58068843682197,6267.4890835035185,5312.3135865013,955.1754970022184,211804.68004115112,181295.31995884888,0.1552244216855876,1.0227903816066013,209333.33333333334,203000.0,199910.0,196550.0,1.0467980295566504,1.0811498346476724,6450.0,0.02163461538461542,0.02163461538461542,0.042352941176470586,0.011904761904761904,0.031047676563260584,0.03018579646685801,3006172.2,3435519.8,0.2536594090310136,0.8936531234662074,652409637500.0,215000.0
2024-06-12,212000.0,216000.0,211000.0,215000.0,2151331,0.0117647058823529,0.011696039763191236,203457.14285714287,201014.2857142857,197428.57142857142,0.02486213462606094,5000.0,-3000.0,71.07404834750619,6985.3607177737285,5646.923012755786,1338.4377050179428,214231.3686241519,181988.6313758481,0.1627516897092715,1.0238388995924517,211833.33333333334,207340.0,201160.0,198110.0,1.0369441497057972,1.0852556660441168,9230.0,0.0117647058823529,0.0117647058823529,0.023255813953488372,0.014150943396226415,0.02876953843550528,0.03024312142774483,3037082.4,3381585.2,-0.29927792107454876,0.6361900921496817,462536165000.0,222000.0
2024-06-13,226000.0,226500.0,219000.0,222000.0,5777279,0.032558139534883734,0.03203935374461666,207428.57142857142,202585.7142857143,199247.61904761905,0.02527291728966718,7500.0,4000.0,74.8038969069542,8026.595066928217,6122.857423590272,1903.737643337945,218147.42609625083,181742.57390374917,0.18207433140364426,1.1058258356160198,216500.0,213000.0,203110.0,199945.0,1.0422535211267605,1.110305333966841,13055.0,0.032558139534883734,0.032558139534883734,0.033783783783783786,-0.017699115044247787,0.026691646907219087,0.031213095607892,3650612.0,3532295.7,1.685444034414044,1.635559276648328,1282555938000.0,221000.0
2024-06-14,225000.0,225000.0,216000.0,221000.0,3311223,-0.0045045045045044585,-0.004514680354526583,211385.7142857143,204185.7142857143,200947.61904761905,0.025252512722148374,9000.0,4000.0,73.34882864196281,8671.13371578796,6632.51268202981,2038.6210337581506,221500.65481577395,181189.34518422605,0.20021013499986537,0.9875802889970577,219333.33333333334,215700.0,205640.0,201345.0,1.024571163653222,1.0976185154833744,14355.0,-0.0045045045045044585,0.0045045045045044585,0.04072398190045249,-0.017777777777777778,0.014806316657676165,0.02791700281911233,3351791.4,3443697.95,-0.42685423362797603,0.961531193524101,731780283000.0,223000.0
2024-06-17,219000.0,229500.0,219000.0,223000.0,2198340,0.009049773755656076,0.00900906994236591,215571.42857142858,205721.42857142858,202376.19047619047,0.02459853384846945,10500.0,-4000.0,74.42051007109632,9236.841959586454,7153.378537541139,2083.4634220453154,224583.91213746698,181416.08786253302,0.2126493806646993,0.963308038705423,222000.0,218700.0,209020.0,203000.0,1.0196616369455875,1.0985221674876848,15700.0,0.009049773755656076,0.009049773755656076,0.04708520179372197,0.0182648401826484,0.013915452868895265,0.02297668785224787,3301667.2,3411545.25,-0.33609424674810484,0.644382483274991,490229820000.0,234500.0
2024-06-18,227000.0,234500.0,227000.0,234500.0,3136231,0.05156950672645744,0.050283816426215336,219428.57142857142,208007.14285714287,204500.0,0.0187955757748563,7500.0,-7500.0,79.52004837177287,10492.176430259511,7821.138116084814,2671.038314174697,230099.2113599836,180340.7886400164,0.24246380820566807,1.0884430896208943,226166.66666666666,223100.0,213050.0,205220.0,1.0510981622590767,1.1426761524217912,17880.0,0.05156950672645744,0.05156950672645744,0.031982942430703626,0.03303964757709251,0.022036904195293354,0.02539528484723064,3314880.8,3388750.4,0.4266360071690458,0.9254830335099333,735446169500.0,233500.0
2024-06-19,235000.0,243000.0,231500.0,233500.0,3758652,-0.004264392324093813,-0.00427351077738205,223071.42857142858,210221.42857142858,206566.66666666666,0.01982931639695876,11500.0,1500.0,78.06268020466739,11276.359546253982,8512.182402118648,2764.177144135334,234358.31562524405,180231.68437475595,0.261109198246403,0.9841424525152521,230333.33333333334,226800.0,217070.0,207295.0,1.029541446208113,1.1264140476133047,19505.0,-0.004264392324093813,0.004264392324093813,0.04925053533190578,-0.006382978723404255,0.024570616213107313,0.025356752396410918,3636345.0,3453277.55,0.198461465370376,1.0884303232446522,877645242000.0,237500.0
2024-06-20,233500.0,238500.0,231000.0,237500.0,2927358,0.017130620985010614,0.016985546365743807,226642.85714285713,213207.14285714287,208733.33333333334,0.019717974464993016,7500.0,-4000.0,79.6678487815798,12081.33082463991,9226.0120866229,2855.3187380170093,239091.69476194197,179478.30523805803,0.2848431064045867,0.97329971043998,235166.66666666666,229900.0,221450.0,209285.0,1.0330578512396693,1.1348161597821154,20615.0,0.017130620985010614,0.017130620985010614,0.031578947368421054,0.017130620985010708,0.02303025405259138,0.024653623142037777,3066360.8,3402173.5,-0.22116812091143312,0.8604375996697405,695247525000.0,234000.0
2024-06-21,230500.0,234500.0,230000.0,234000.0,3848394,-0.01473684210526316,-0.014846508116994473,229357.14285714287,216407.14285714287,210461.90476190476,0.022946524042627047,4500.0,-3500.0,74.52911871365436,12295.125064689928,9839.834682236306,2455.2903824536224,242397.05098952344,179572.94901047656,0.29776572732206974,0.8663402941704756,235000.0,232500.0,224100.0,210985.0,1.0064516129032257,1.1090835841410527,21515.0,-0.01473684210526316,0.01473684210526316,0.019230769230769232,0.015184381778741865,0.02539610691502313,0.019605476172049302,3173795.0,3360500.75,0.31463046200703837,1.145184687133309,900524196000.0,223000.0
2024-06-24,228000.0,230000.0,220000.0,223000.0,5080726,-0.047008547008547064,-0.04814934389758273,229500.0,218464.2857142857,211557.14285714287,0.03020119210341912,10000.0,5000.0,61.17397059414649,11445.019411570276,10160.8716281031,1284.1477834671769,243486.77374160633,180923.22625839367,0.29482598187230585,0.6725445636358227,231500.0,232500.0,225600.0,212205.0,0.9591397849462365,1.05087062039066,20295.0,-0.047008547008547064,0.047008547008547064,0.04484304932735426,-0.021929824561403508,0.03673073527616861,0.02714364854965092,3750272.2,3424843.45,0.3202198111731802,1.4834914571058715,1133001898000.0,225000.0
2024-06-25,215500.0,225000.0,215000.0,225000.0,5730999,0.008968609865470878,0.008928630744301398,230071.42857142858,220728.57142857142,212814.2857142857,0.0302460187767135,10000.0,-9500.0,62.4900766684926,10808.09880685751,10290.317063853981,517.7817430035284,244734.04615877056,182025.95384122944,0.29387989651111224,0.685303037782726,227333.33333333334,230600.0,226850.0,213380.0,0.9757155247181266,1.0544568375667822,17220.0,0.008968609865470878,0.008968609865470878,0.044444444444444446,0.04408352668213457,0.02500243376951974,0.02669321241548428,4269225.8,3472649.3,0.12798820483529316,1.6503247246993815,1289474775000.0,237000.0
2024-06-26,228000.0,238500.0,227500.0,237000.0,5166862,0.05333333333333323,0.05195973893071096,232071.42857142858,223821.42857142858,214504.7619047619,0.035646222941978126,11000.0,-9000.0,69.22969940941589,11143.182677161065,10460.890186515398,682.2924906456665,247709.9059918418,182500.0940081582,0.3031533994267154,0.8357623543751119,228333.33333333334,231300.0,229050.0,215105.0,1.0246433203631646,1.1017874991283327,16195.0,0.05333333333333323,0.05333333333333323,0.046413502109704644,0.039473684210526314,0.03735889906499646,0.030628207607503875,4550867.8,3626745.15,-0.09843606673112315,1.4246553828024007,1224546294000.0,236500.0
2024-06-27,229500.0,239000.0,227500.0,236500.0,3763005,-0.002109704641350185,-0.0021119332031435015,232357.14285714287,225892.85714285713,216123.80952380953,0.030602945026330063,11500.0,-7000.0,68.67600786174407,11238.838898314454,10616.47992887521,622.3589694392449,250179.0822858255,183430.9177141745,0.3078718875102098,0.7950642931740594,232833.33333333334,231100.0,230500.0,216805.0,1.0233665080051926,1.0908420008763635,14295.0,-0.002109704641350185,0.002109704641350185,0.048625792811839326,0.030501089324618737,0.03659175731225982,0.02976743919230926,4717997.2,3661238.45,-0.27170398590092015,1.0277956629675404,889950682500.0,236500.0
2024-06-28,235500.0,237500.0,232500.0,236500.0,2368287,0.0,0.0,232785.7142857143,227928.57142857142,217742.85714285713,0.030517754589766317,5000.0,-1000.0,68.67600786174407,11185.705294963816,10730.325002092932,455.38029287088466,251772.1268745168,185917.8731254832,0.30091733303951934,0.7680920213185026,236666.66666666666,231600.0,232050.0,218845.0,1.0211571675302245,1.0806735360643378,12755.0,0.0,0.0,0.021141649048625793,0.004246284501061571,0.035722446753829094,0.029612006748779403,4421975.8,3659541.0,-0.37063942248282955,0.6471541103105554,560099875500.0,235500.0
2024-07-01,233500.0,236500.0,232000.0,235500.0,1709955,-0.0042283298097252064,-0.004237294475515267,232500.0,229571.42857142858,219638.09523809524,0.02980635111460342,4500.0,-2000.0,67.42518175755913,10936.831898663891,10771.626381407124,165.20551725676705,251737.96936564485,190582.03063435515,0.2765235066526031,0.7344825424560626,236166.66666666666,234100.0,233300.0,221160.0,1.0059803502776592,1.0648399348887683,12940.0,-0.0042283298097252064,0.0042283298097252064,0.01910828025477707,0.008565310492505354,0.024087435612535502,0.02981650012834609,3747821.6,3447097.3,-0.2779781335623597,0.4960564936765783,402694402500.0,232000.0
2024-07-02,235500.0,237000.0,230500.0,232000.0,2343947,-0.014861995753715496,-0.01497354179016248,232214.2857142857,230785.7142857143,221676.19047619047,0.02981607593951705,6500.0,3500.0,63.09375479270441,10338.007079355768,10684.902520996853,-346.8954416410852,251186.99568745372,194913.00431254628,0.2522931691320665,0.6590432770331411,234666.66666666666,235500.0,233050.0,223050.0,0.9851380042462845,1.0401255323918404,12450.0,-0.014861995753715496,0.014861995753715496,0.028017241379310345,-0.014861995753715499,0.026838140560083858,0.025605254708778686,3070411.2,3415172.5,0.37076531253746436,0.6863334136123431,543795704000.0,236000.0
2024-07-03,231000.0,236000.0,225000.0,236000.0,3315677,0.01724137931034475,0.01709443335930004,234071.42857142858,231785.7142857143,223666.66666666666,0.021831756978886098,11000.0,-5000.0,65.79794768700049,10070.118607483542,10561.945738294193,-491.8271308106505,250114.3971468478,200255.6028531522,0.2214125909527526,0.7169125858979607,234500.0,235300.0,233300.0,225185.0,1.0029749256268594,1.048027177653929,10115.0,0.01724137931034475,0.01724137931034475,0.046610169491525424,0.021645021645021644,0.011590292506871444,0.02617662879818575,2700174.2,3481117.35,0.4145699540134653,0.952474928775383,782499772000.0,230000.0
2024-07-04,240500.0,240500.0,225000.0,230000.0,7599882,-0.025423728813559365,-0.02575249610241474,234785.7142857143,232428.57142857142,225414.2857142857,0.025274614150803357,15500.0,10500.0,58.83419179763419,9266.842812056828,10302.92515304672,-1036.082340989893,247094.51352195942,206905.48647804058,0.1770441719996425,0.5746472413159338,232666.66666666666,234000.0,232550.0,227000.0,0.9829059829059829,1.013215859030837,7000.0,-0.025423728813559365,0.025423728813559365,0.06739130434782609,-0.04365904365904366,0.016075051143103578,0.026782260472008237,3467549.6,3725629.9,1.2921056544410088,2.0398918314457375,1747972860000.0,236000.0
2024-07-05,228500.0,237500.0,227500.0,236000.0,4041293,0.026086956521739202,0.025752496102414764,234642.85714285713,233357.14285714287,227428.57142857142,0.017619447233655404,10000.0,-7500.0,63.04607611451782,9010.523111228948,10044.444744683167,-1033.9216334542198,246652.43738664902,210197.56261335098,0.15959231596059117,0.7077911403373803,234000.0,233900.0,232750.0,228425.0,1.0089781958101753,1.0331618693225348,5475.0,0.026086956521739202,0.026086956521739202,0.0423728813559322,0.03282275711159737,0.021579138959568193,0.027864070365317902,3802150.8,3687428.25,-0.4682426648203222,1.0959651892887678,953745148000.0,233500.0
2024-07-08,234000.0,237000.0,232500.0,233500.0,2309023,-0.010593220338983023,-0.010649727916658039,234214.2857142857,233285.7142857143,228666.66666666666,0.018031907239005513,4500.0,500.0,60.278645660379745,8507.588609312748,9737.073517609084,-1229.4849082963356,245288.11963272706,214111.88036727294,0.13572590015434965,0.6218876968336177,233166.66666666666,233500.0,233800.0,229700.0,1.0,1.0165433173704832,3800.0,-0.010593220338983023,0.010593220338983023,0.019271948608137045,-0.002136752136752137,0.022055913851681593,0.02277933019768935,3921964.4,3680431.35,-0.428642516145204,0.6273783642235304,539156870500.0,238500.0
2024-07-09,235500.0,241000.0,233000.0,238500.0,4810781,0.021413276231263323,0.021187233219443845,234500.0,233642.85714285713,230119.04761904763,0.020053878377702058,8000.0,-3000.0,63.70967325771306,8415.459428503033,9472.750699787874,-1057.291271284841,244780.22992704058,217219.77007295942,0.11930935001766735,0.772128986225511,236000.0,234800.0,235150.0,231000.0,1.0157580919931857,1.0324675324675325,3800.0,0.021413276231263323,0.021413276231263323,0.033542976939203356,0.012738853503184714,0.02252711650497271,0.023362336616916675,4415331.2,3767462.25,1.0834703682033484,1.2769287867449768,1147371268500.0,239000.0
2024-07-10,237500.0,239000.0,234000.0,239000.0,2579373,0.002096436058700135,0.002094241603114685,235000.0,233750.0,231380.95238095237,0.019909874615745372,5000.0,-1500.0,64.04414121131921,8287.261814723315,9235.652922774963,-948.3911080516482,244175.41340897212,220224.58659102788,0.10314740231672799,0.7839150419185262,237000.0,235400.0,235350.0,232200.0,1.0152931180968565,1.0292850990525408,3200.0,0.002096436058700135,0.002096436058700135,0.02092050209205021,0.00631578947368421,0.021593710255552925,0.0164426689376891,4268070.4,3788864.35,-0.46383487421273173,0.6807773416327243,616470147000.0,241000.0
2024-07-11,242500.0,248500.0,241000.0,241000.0,5336097,0.008368200836819994,0.00833338155914424,236285.7142857143,234250.0,232619.04761904763,0.018474376502148237,7500.0,1500.0,65.41713714708575,8251.924518289336,9038.907241877838,-786.9827235885023,244726.29156145392,221573.70843854608,0.09930338032557515,0.8390550401364494,239500.0,237600.0,235800.0,233150.0,1.0143097643097643,1.033669311601973,4450.0,0.008368200836819994,0.008368200836819994,0.03112033195020747,-0.006185567010309278,0.014806090084878152,0.01655860906523504,3815313.4,3766805.25,1.0687574073234076,1.41661080035927,1285999377000.0,233000.0
2024-07-12,232000.0,236000.0,230000.0,233000.0,4972976,-0.03319502074688796,-0.033758479924954427,235857.14285714287,234964.2857142857,233142.85714285713,0.02265238149441188,6000.0,-1000.0,56.176554436456186,7492.022938253736,8729.530381153018,-1237.5074428992812,243820.80198552125,223679.19801447875,0.08616728971568982,0.4627636408163783,237666.66666666666,237000.0,235450.0,233750.0,0.9831223628691983,0.9967914438502674,3250.0,-0.03319502074688796,0.03319502074688796,0.02575107296137339,0.004310344827586207,0.020728632163434683,0.01998011078581784,4001650.0,3849892.9,-0.06804992487955153,1.2917180111685704,1158703408000.0,230000.0
2024-07-15,235000.0,235500.0,226500.0,230000.0,3301380,-0.012875536480686733,-0.012959144642505228,235857.14285714287,235321.42857142858,233571.42857142858,0.020844312191859702,9000.0,5000.0,53.14486253477199,6571.963034371089,8298.016911796632,-1726.0538774255438,243018.34301343377,225181.65698656623,0.07619259302378273,0.2701366725957872,234666.66666666666,236300.0,234900.0,234100.0,0.973338975878121,0.9824861170439982,2200.0,-0.012875536480686733,0.012875536480686733,0.0391304347826087,-0.02127659574468085,0.020978279487885953,0.020304946981648784,4200121.4,3905044.9,-0.3361359475694232,0.8454140949826211,759317400000.0,233000.0
2024-07-16,226500.0,235000.0,224000.0,233000.0,3982189,0.01304347826086949,0.012959144642505116,235428.57142857142,235035.7142857143,234047.61904761905,0.018656004721140092,11000.0,-6500.0,55.718441768268136,6015.54045401435,7841.521620240176,-1825.9811662258262,242954.4014651776,225095.5985348224,0.07631151770261804,0.44260533564331045,232000.0,235200.0,235000.0,234025.0,0.9906462585034014,0.9956201260549087,1175.0,0.01304347826086949,0.01304347826086949,0.04721030042918455,0.02869757174392936,0.01877784757462928,0.020285054334005147,4034403.0,3947342.8,0.2062195203218049,1.008827761298056,927850037000.0,220500.0
2024-07-17,229500.0,230000.0,220500.0,220500.0,6051510,-0.05364806866952787,-0.055140758678799855,233571.42857142858,233892.85714285713,233380.95238095237,0.027598192162305496,9500.0,9000.0,44.70119855926164,4513.892672207672,7175.995830633676,-2662.1031584260036,244164.2490348885,222585.7509651115,0.09246276623364533,-0.09665876458903461,227833.33333333334,231500.0,233450.0,233375.0,0.9524838012958964,0.9448312801285484,-1875.0,-0.05364806866952787,0.05364806866952787,0.04308390022675737,-0.0392156862745098,0.028105015748973065,0.025536546531262687,4728830.4,4061985.7,0.5196440952451027,1.489791064503255,1334357955000.0,212500.0
2024-07-18,212500.0,215000.0,209000.0,212500.0,8847665,-0.03628117913832196,-0.036955706522429126,229857.14285714287,232178.57142857142,232380.95238095237,0.02598788196938323,6000.0,0.0,39.33987946098615,2647.7709893425344,6270.350862375448,-3622.5798730329134,246195.77972627187,218054.22027372813,0.12123450491133542,-0.19736718155560792,222000.0,225800.0,231700.0,232125.0,0.9410983170947741,0.9154550350026925,-6325.0,-0.03628117913832196,0.03628117913832196,0.02823529411764706,0.0,0.0255372705082823,0.026638843606343908,5431144.0,4358001.05,0.4620590563347,2.030211764175688,1880128812500.0,209500.0
2024-07-19,208500.0,214000.0,207000.0,209500.0,4519170,-0.014117647058823568,-0.014218249002279137,225642.85714285713,230321.42857142858,231047.61904761905,0.02474538827945786,7000.0,-1000.0,37.52244176331018,916.2195741137839,5199.524604723116,-4283.305030609332,248182.7872995679,213617.2127004321,0.1496993269776344,-0.11911309874579802,214166.66666666666,221100.0,229050.0,230900.0,0.947535052012664,0.9073191857947164,-9800.0,-0.014117647058823568,0.014117647058823568,0.03341288782816229,0.004796163069544364,0.02535493825694067,0.02388867500698349,5340382.8,4391539.85,-0.48922455811787635,1.0290627329728093,946766115000.0,205000.0
2024-07-22,209000.0,209500.0,200500.0,205000.0,6662441,-0.021479713603818618,-0.021713760223784247,220500.0,228392.85714285713,229666.66666666666,0.021664483051535104,9000.0,4000.0,34.916676173548765,-809.8246352433925,3997.6547567298144,-4807.479391973207,250575.91847409567,209424.08152590433,0.17892103020952757,-0.10750629507679298,209000.0,216100.0,226200.0,230000.0,0.9486348912540491,0.8913043478260869,-13900.0,-0.021479713603818618,0.021479713603818618,0.04390243902439024,-0.019138755980861243,0.02497381976894882,0.02408600677767124,6012595.0,4470625.6,0.4742620879497783,1.4902703997400275,1365800405000.0,205000.0
2024-07-23,208500.0,209500.0,200500.0,205000.0,5976519,0.0,0.0,216500.0,226178.57142857142,228809.52380952382,0.022635294949997393,9000.0,3500.0,34.916676173548765,-2152.909703711339,2767.5418646415837,-4920.451568352923,252355.37805753798,205644.62194246202,0.20397710093919633,-0.01380028918551307,206500.0,210500.0,222850.0,229000.0,0.9738717339667459,0.8951965065502183,-18500.0,0.0,0.0,0.04390243902439024,-0.016786570743405275,0.020638189115061184,0.021536355809990457,6411461.0,4482901.6,-0.10295355711217558,1.3331809469117057,1225186395000.0,208500.0
2024-07-24,202000.0,212500.0,200000.0,208500.0,4838734,0.017073170731707332,0.016929062100447975,213428.57142857142,224642.85714285713,228023.80952380953,0.02632639919541931,12500.0,-6500.0,38.75332181405949,-2901.4474672834913,1633.7439982565688,-4535.19146554006,252312.0912641427,202837.9087358573,0.217397264762322,0.11444537281450941,206166.66666666666,208100.0,219800.0,227575.0,1.0019221528111484,0.9161814786334176,-19475.0,0.017073170731707332,0.017073170731707332,0.05995203836930456,0.03217821782178218,0.020419215690845722,0.023291814332979447,6168905.8,4466495.2,-0.19037586929783035,1.0833402440463833,1008876039000.0,190000.0
2024-07-25,196200.0,198800.0,189000.0,190000.0,12503762,-0.08872901678657075,-0.09291496907837,207285.7142857143,221357.14285714287,225785.7142857143,0.03663713281463455,9800.0,6200.0,29.016531295962253,-4930.62722544081,320.86975351709305,-5251.496978957904,254739.51642444087,195760.48357555913,0.26183810365763255,-0.09767002436813195,201166.66666666666,203600.0,214700.0,225250.0,0.9332023575638507,0.8435072142064373,-21650.0,-0.08872901678657075,0.08872901678657075,0.05157894736842105,-0.03160040774719674,0.04038677866421002,0.03189851111379637,6900125.2,4903533.05,1.5840978239349384,2.5499495715645275,2375714780000.0,191800.0
2024-07-26,190800.0,194500.0,186100.0,191800.0,8769107,0.0094736842105263,0.009429090288851687,203185.7142857143,218378.57142857142,223657.14285714287,0.037126444356150645,8400.0,-1000.0,30.83733885163673,-6320.661198635964,-1007.4364369135185,-5313.224761722446,255534.42091800075,190495.57908199925,0.2916343826020738,0.020056029307685158,196766.66666666666,200060.0,210580.0,223015.0,0.9587123862841148,0.860031836423559,-22955.0,0.0094736842105263,0.0094736842105263,0.043795620437956206,0.005241090146750524,0.04276563599161094,0.03321305480604547,7750112.6,5223574.05,-0.2986825085122382,1.6787561382421679,1681914722600.0,195600.0
2024-07-29,195000.0,195700.0,192200.0,195600.0,4017366,0.019812304483837417,0.0196185951513792,200771.42857142858,215314.2857142857,221709.52380952382,0.03891477815143287,3500.0,-600.0,34.64850706139795,-7034.554924659111,-2212.860134462637,-4821.694790196474,255169.18354576145,186870.81645423855,0.3090144199236399,0.12780954973731581,192466.66666666666,198180.0,207140.0,221020.0,0.98698153194066,0.8849877839109583,-22840.0,0.019812304483837417,0.019812304483837417,0.01789366053169734,0.003076923076923077,0.045518042350470266,0.035392909704324384,7221097.6,5338944.6,-0.5418728497668006,0.752464447748718,785796789600.0,188900.0
2024-07-30,191300.0,192200.0,186500.0,188900.0,5165131,-0.03425357873210633,-0.03485398309325308,197828.57142857142,211735.7142857143,219490.47619047618,0.03989438419004052,5700.0,2400.0,31.366576200649632,-8048.180437359173,-3379.9241950419446,-4668.2562423172285,255449.5682163798,182280.4317836202,0.3343117283839791,0.09046940471223124,192100.0,194960.0,202730.0,218865.0,0.9689167008617152,0.8630891188632261,-23905.0,-0.03425357873210633,0.03425357873210633,0.030174695606140816,-0.012545739675901725,0.04649109362140158,0.03430027303278755,7058820.0,5480003.8,0.2857008796310816,0.9425414996975002,975693245900.0,194600.0
2024-07-31,188000.0,195000.0,185200.0,194600.0,6439929,0.030174695606140833,0.029728395244440837,196342.85714285713,208421.42857142858,217709.52380952382,0.04302116715831022,9800.0,-6600.0,36.84711007735045,-8295.91346939074,-4363.1220499117035,-3932.7914194790364,253977.42227606734,179612.57772393266,0.34301918656857716,0.20153907893346254,193033.33333333334,192180.0,200140.0,216795.0,1.0125923613279217,0.897622177633248,-24615.0,0.030174695606140833,0.030174695606140833,0.050359712230215826,0.035106382978723406,0.04907119774193053,0.03544527092689846,7379059.0,5636216.4,0.24680845461615597,1.1425978959927798,1253210183400.0,193300.0
2024-08-01,201500.0,201500.0,193300.0,193300.0,6457167,-0.0066803699897225455,-0.006702783537619513,194671.42857142858,205585.7142857143,215676.19047619047,0.042902462341324214,8200.0,8200.0,36.138334866109986,-8499.169680020714,-5190.3315759335055,-3308.838104087208,253010.73621253326,176909.26378746674,0.35402620220071884,0.21538001421289757,192266.66666666666,192840.0,198220.0,214960.0,1.0023853972204937,0.8992370673613695,-22120.0,-0.0066803699897225455,0.0066803699897225455,0.04242110708742887,-0.040694789081885854,0.0252095089664598,0.03439719678696491,6169740.0,5579080.65,0.0026767375851504127,1.1573890762808743,1248170381100.0,173200.0
2024-08-02,183600.0,184000.0,172400.0,173200.0,13050139,-0.10398344542162441,-0.10979639008595042,189628.57142857142,201528.57142857142,212971.42857142858,0.055363062750445606,11600.0,10400.0,27.371526776175784,-10164.978167779016,-6185.260894302608,-3979.717273476408,252811.27506651808,170828.72493348192,0.3870387599520166,0.028924143768035055,187033.33333333334,189120.0,194590.0,211820.0,0.9158206429780034,0.8176753847606458,-22700.0,-0.10398344542162441,0.10398344542162441,0.06697459584295612,-0.05664488017429194,0.053691655873520185,0.04577659770861306,7025946.4,6029522.95,1.0210316691515025,2.164373385459956,2260284074800.0,156100.0
2024-08-05,168000.0,171200.0,151600.0,156100.0,12358821,-0.09872979214780597,-0.10395016860694836,184785.7142857143,196035.7142857143,209166.66666666666,0.057678160749873746,19600.0,11900.0,22.394223475836426,-12718.361134908366,-7491.880942423761,-5226.480192484605,254553.6140455358,161346.3859544642,0.4482194185673075,-0.056287329447647846,174200.0,181220.0,189700.0,207950.0,0.8613839532060479,0.7506612166386151,-26730.0,-0.09872979214780597,0.09872979214780597,0.12556053811659193,-0.07083333333333333,0.0582547748633508,0.052482436224213225,8694237.4,6532012.85,-0.05297399514288703,1.892038684522796,1929211958100.0,163700.0
2024-08-06,165100.0,166400.0,161500.0,163700.0,10717321,0.04868673926969902,0.047538656855702945,180771.42857142858,191978.57142857142,205842.85714285713,0.0633298732973258,4900.0,1400.0,28.607883739509475,-13967.668460893998,-8787.03844611781,-5180.630014776189,252467.02675858664,155952.97324141336,0.4726215832582796,0.08026838036813123,164333.33333333334,176180.0,185570.0,204210.0,0.9291633556589851,0.8016257773860241,-28030.0,0.04868673926969902,0.04868673926969902,0.029932803909590716,-0.008479709267110842,0.0715505718653844,0.05716860022929301,9804675.4,6827339.85,-0.13282011285704354,1.5697652724874975,1754425447700.0,169300.0
2024-08-07,160900.0,171000.0,157400.0,169300.0,9732037,0.03420891875381793,0.033636804762000386,177014.2857142857,188892.85714285713,202547.61904761905,0.06508584652008395,13600.0,-8400.0,32.872805516024826,-14340.571141242894,-9897.744985142826,-4442.826156100067,248467.68199641205,152982.31800358795,0.4757023987685844,0.17089197039284842,163033.33333333334,171120.0,181650.0,200725.0,0.9893641888733052,0.8434425208618757,-29605.0,0.03420891875381793,0.03420891875381793,0.08033077377436504,0.05220633934120572,0.07236203869809328,0.0586643811199723,10463097.0,7184973.05,-0.09193379576855076,1.3544987479111004,1647633864100.0,163400.0
2024-08-08,162600.0,168200.0,161200.0,163400.0,5370361,-0.03484937979917302,-0.035471106713187074,173371.42857142858,185600.0,198947.61904761905,0.06510874071869417,7000.0,-800.0,30.786086527753767,-14939.961319393857,-10906.188251993033,-4033.7730674008235,243404.4571771577,150285.5428228423,0.47305704668300125,0.14083558929024315,165466.66666666666,165140.0,178990.0,196845.0,0.9894634855274312,0.830094744596002,-31705.0,-0.03484937979917302,0.03484937979917302,0.042839657282741736,0.004920049200492005,0.07164300924043106,0.053823338656873616,10245735.8,7186686.25,-0.44817708769500153,0.7472652642934009,877516987400.0,171500.0
2024-08-09,172800.0,172800.0,168800.0,171500.0,5141277,0.049571603427172484,0.048382084180092,170071.42857142858,183207.14285714287,195638.09523809524,0.06784186615508718,4000.0,1300.0,36.724625519362625,-14593.159193222731,-11643.582440238974,-2949.5767529837576,238357.09277476234,149182.90722523766,0.4602063557285683,0.2502640493685035,168066.66666666666,164800.0,176960.0,193770.0,1.0406553398058251,0.8850699282654694,-28970.0,0.049571603427172484,0.049571603427172484,0.023323615160349854,-0.007523148148148148,0.06511489159613845,0.057126723516685546,8663963.4,7195101.3,-0.042657095118931454,0.714552413598402,881729005500.0,177000.0
2024-08-12,174500.0,179800.0,172600.0,177000.0,4413736,0.03206997084548102,0.03156646596783451,167742.85714285713,181207.14285714287,192971.42857142858,0.07040249631812004,7200.0,-2500.0,40.4601881203723,-13716.39787849356,-12058.145527889892,-1658.2523506036687,232848.98021128343,149391.01978871657,0.43667831949857083,0.33081302336521057,170633.33333333334,168980.0,175100.0,191120.0,1.0474612380163333,0.9261197153620762,-22140.0,0.03206997084548102,0.03206997084548102,0.04067796610169491,0.014326647564469915,0.034918358547912316,0.05795356795221476,7074946.4,7250719.1,-0.14150978443682372,0.6087307947152442,781231272000.0,181900.0
2024-08-13,179900.0,182400.0,178800.0,181900.0,4234287,0.027683615819209084,0.02730735295024747,168985.7142857143,179307.14285714287,190680.95238095237,0.0565611963532821,3600.0,-2000.0,43.65186498173842,-12482.281203096092,-12142.972662931132,-339.3085401649605,225476.6313147467,151653.3686852533,0.3915003453954518,0.4097168052101609,176800.0,172620.0,174400.0,188565.0,1.05375970339474,0.9646540980563731,-15945.0,0.027683615819209084,0.027683615819209084,0.019791094007696537,0.011117287381878822,0.03268969566356575,0.058190181259080515,5778339.6,7263324.0,-0.040656940061662095,0.5829682112487341,770216805300.0,186700.0
2024-08-14,188000.0,188100.0,184700.0,186700.0,4420516,0.02638812534359536,0.026045965023600338,173357.14285714287,179071.42857142858,188476.19047619047,0.02838222924356274,3400.0,1300.0,46.667857951642596,-10990.22647219384,-11912.423424783674,922.196952589833,220586.58632624068,153163.41367375932,0.360792897137024,0.49740445320035587,181866.66666666666,176100.0,173610.0,186875.0,1.0601930721181148,0.9990635451505017,-10775.0,0.02638812534359536,0.02638812534359536,0.01821103374397429,-0.006914893617021276,0.032125983293607545,0.05796811045872548,4716035.4,7181774.3,0.0439811944726467,0.6155186469727961,825310337200.0,199700.0
2024-08-16,196000.0,200000.0,194700.0,199700.0,6959688,0.06963042313872525,0.06731318987409263,178500.0,179635.7142857143,187485.7142857143,0.03172071942045332,5300.0,-3700.0,53.86941691264255,-8658.955939752545,-11261.729927777447,2602.773988024903,218346.27200024447,154123.72799975553,0.3448468010872765,0.7096615792718751,189433.33333333334,183360.0,174250.0,186235.0,1.0891143106457242,1.0723011249228125,-2875.0,0.06963042313872525,0.06963042313872525,0.026539809714571858,0.018877551020408164,0.01846434586235829,0.062231986796920755,5033900.8,7087375.45,0.574406245786691,0.9819838174369611,1389849693600.0,193900.0
2024-08-19,199900.0,199900.0,192400.0,193900.0,3977026,-0.029043565348021994,-0.02947367817316337,182014.2857142857,179514.2857142857,186600.0,0.03827493807790675,7500.0,6000.0,50.58734065418671,-7196.462434965157,-10448.676429214991,3252.2139942498343,215901.53467447832,155008.46532552168,0.3283441770184499,0.6386857337015596,193433.33333333334,187840.0,176320.0,185455.0,1.0322614991482113,1.0455366530964385,2385.0,-0.029043565348021994,0.029043565348021994,0.038679731820526045,-0.030015007503751877,0.03525300415549071,0.05116988315456702,4801050.6,7060268.25,-0.42856260223159426,0.5632967274295846,771145341400.0,199700.0
2024-08-20,198700.0,202500.0,198100.0,199700.0,4258190,0.029912325941206852,0.029473678173163455,187200.0,180285.7142857143,186133.33333333334,0.0296657116207468,4400.0,-1000.0,53.62983459030414,-5505.9451598757005,-9460.130175347133,3954.185015471432,215005.99005832095,155374.00994167905,0.32200432051753286,0.7433258122842477,197766.66666666666,192380.0,180680.0,185190.0,1.0380496933153134,1.078351962848966,7190.0,0.029912325941206852,0.029912325941206852,0.022033049574361543,0.0050327126321087065,0.035163206750685023,0.03304137101254296,4769941.4,6940055.7,0.07069704849804848,0.6135671216586921,850360543000.0,192600.0
2024-08-21,193000.0,195400.0,191100.0,192600.0,4508983,-0.0355533299949925,-0.03620074105774436,190214.2857142857,180142.85714285713,185542.85714285713,0.03668815894064097,4300.0,400.0,49.60342290155382,-4685.101765889674,-8505.124493455642,3820.022727565967,213141.247969354,155998.752030646,0.3095979625004498,0.6405258882743433,195400.0,194520.0,183570.0,184570.0,0.9901295496607033,1.0435065286883025,9950.0,-0.0355533299949925,0.0355533299949925,0.02232606438213915,-0.002072538860103627,0.04414372206987115,0.0369584555883262,4824880.6,6866678.9,0.0588966203950505,0.656646839857329,868430125800.0,191100.0
2024-08-22,192000.0,194400.0,189000.0,191100.0,3166217,-0.007788161993769416,-0.007818648117797772,192228.57142857142,179985.7142857143,184880.95238095237,0.03702457578353495,5400.0,900.0,48.77034589064398,-4108.25749121813,-7625.751093008139,3517.493601790009,210186.7792244397,157213.2207755603,0.28836994256330645,0.6396923336222761,194466.66666666666,195400.0,185750.0,183700.0,0.9779938587512794,1.04028307022319,11700.0,-0.007788161993769416,0.007788161993769416,0.0282574568288854,-0.0046875,0.0440563799427126,0.037171426756216125,4574020.8,6783053.05,-0.2977979735119871,0.4667834641216613,605064068700.0,185500.0
2024-08-23,186000.0,189300.0,185400.0,185500.0,4371332,-0.02930402930402931,-0.02974196919873753,192742.85714285713,180864.2857142857,183785.7142857143,0.03904739687708687,3900.0,500.0,45.68550090011637,-4056.219868712302,-6911.844848148971,2855.6249794366695,209812.47580120288,157137.52419879712,0.287096070867452,0.5384433196120396,189733.33333333334,192560.0,187960.0,183475.0,0.9633361030328209,1.0110369260117182,9085.0,-0.02930402930402931,0.02930402930402931,0.021024258760107817,-0.002688172043010753,0.026885479958787883,0.03641523111546128,4056349.6,6376431.55,0.3806166791473864,0.6855451933770073,810882086000.0,179600.0
2024-08-26,187800.0,188500.0,179600.0,179600.0,4913204,-0.03180592991913744,-0.032322726179390575,191728.57142857142,182542.85714285713,183290.47619047618,0.03948562794918514,8900.0,8200.0,42.62632749063966,-4439.880194456055,-6417.451917410388,1977.5717229543334,208954.58453200493,156775.41546799507,0.285342570005249,0.437427136948181,185400.0,189700.0,188770.0,182865.0,0.9467580390089615,0.9821452984442075,6835.0,-0.03180592991913744,0.03180592991913744,0.04955456570155902,-0.043663471778487756,0.027288134126551403,0.03651565078801481,4243585.2,6183636.4,0.12396038553008548,0.7945493043543116,882411438400.0,175000.0
2024-08-27,176800.0,180200.0,173400.0,175000.0,5796566,-0.025612472160356337,-0.025946181944585162,188200.0,183350.0,182490.47619047618,0.02317068396072496,6800.0,1800.0,40.357307153997134,-5056.823410415265,-6145.3262160113645,1088.5028055960993,207429.5121584995,156240.4878415005,0.281513593736074,0.36647528271543534,180033.33333333334,184760.0,188570.0,181835.0,0.9471747131413726,0.962410976984629,2925.0,-0.025612472160356337,0.025612472160356337,0.038857142857142854,-0.010180995475113122,0.010813324535188224,0.03635841180551497,4551260.4,6272596.4,0.17979347081863484,0.9241095122906361,1014399050000.0,179300.0
2024-08-28,175000.0,180800.0,174000.0,179300.0,5590086,0.024571428571428466,0.02427440668757304,186114.2857142857,184064.2857142857,181714.2857142857,0.027558042691419274,6800.0,-4300.0,43.39079881217447,-5139.535919666378,-5944.1681567423675,804.6322370759899,206750.93626837508,155959.06373162492,0.28006877415428394,0.4595407710453456,177966.66666666666,182100.0,188310.0,181355.0,0.9846238330587589,0.9886686333434425,745.0,0.024571428571428466,0.024571428571428466,0.03792526491912995,0.02457142857142857,0.02351837184081392,0.03610231122099867,4767481.0,6293844.15,-0.035621090141990996,0.8881830987187694,1002302419800.0,169700.0
2024-08-29,167600.0,171700.0,167200.0,169700.0,8284585,-0.053541550474065835,-0.055028208370906585,181828.57142857142,184514.2857142857,180800.0,0.025185979329790147,4500.0,-2100.0,38.66290702803102,-5911.580923556379,-5937.65071010517,26.069786548790944,205211.63760646535,155008.36239353465,0.2787367453940963,0.2926430107229591,174666.66666666666,177820.0,186610.0,180110.0,0.9543358452367563,0.942201987674199,-2290.0,-0.053541550474065835,0.053541550474065835,0.026517383618149676,0.012529832935560859,0.0288090324103008,0.038187140212949236,5791154.6,6386076.95,0.48201387241627414,1.2972886272533874,1405894074500.0,173700.0
2024-08-30,171000.0,175500.0,169400.0,173700.0,4498221,0.023571007660577514,0.02329750100687864,179128.57142857142,184671.42857142858,179804.7619047619,0.029720387254318466,6100.0,-2700.0,41.52204742947343,-6130.002725196013,-5976.1211131233395,-153.8816120726733,203585.51062644162,154674.48937355838,0.27304762604188715,0.38898207682220687,174233.33333333334,175460.0,184010.0,179130.0,0.989969223754702,0.969686819628203,-3670.0,0.023571007660577514,0.023571007660577514,0.03511801957397812,0.015789473684210527,0.035015899846238166,0.029446365375802308,5816532.4,6288129.65,-0.45703725654332716,0.7153511855468819,781340987700.0,174000.0
2024-09-02,173600.0,174900.0,168400.0,174000.0,3507670,0.0017271157167531026,0.0017256259674698574,176685.7142857143,184457.14285714287,178885.7142857143,0.030304827748522375,6500.0,-400.0,41.7413877005143,-6207.341712518275,-6022.365233002327,-184.97647951594809,203587.2587797195,154752.7412202805,0.27255967829122624,0.3941322601639849,172466.66666666666,174340.0,182020.0,179170.0,0.9980497877710222,0.9711447228888764,-4830.0,0.0017271157167531026,0.0017271157167531026,0.03735632183908046,0.002304147465437788,0.03359133350113888,0.02924395127987036,5535425.6,5811006.2,-0.2202095006003485,0.6036252379149071,610334580000.0,168300.0
2024-09-03,172900.0,173800.0,168300.0,168300.0,3286574,-0.03275862068965518,-0.03330719801776871,174228.57142857142,183485.7142857143,178652.38095238095,0.03065337334736075,5500.0,4600.0,38.76617860048545,-6651.896854009887,-6148.27155720384,-503.6252968060471,202306.9522782681,157253.0477217319,0.250605765694383,0.24519411551568743,172000.0,173000.0,178880.0,179780.0,0.9728323699421966,0.9361441762153744,-6780.0,-0.03275862068965518,0.03275862068965518,0.032679738562091505,-0.026604973973395025,0.034773255837832466,0.026206760792268004,5033427.2,5357393.85,-0.0630321552483557,0.6134650712678144,553130404200.0,154800.0
2024-09-04,152900.0,159000.0,152900.0,154800.0,10020391,-0.0802139037433155,-0.08361414004113357,170685.7142857143,181207.14285714287,178590.47619047618,0.040378441069883975,6100.0,-1900.0,32.80265197064031,-8001.313026357908,-6518.879851034653,-1482.4331753232545,203492.05410760787,155177.94589239213,0.26940702158092805,-0.007822681745641866,165700.0,168100.0,175100.0,179335.0,0.9208804283164783,0.8631890038196671,-11235.0,-0.0802139037433155,0.0802139037433155,0.03940568475452196,0.012426422498364944,0.041666177974298085,0.03276986223258312,5919488.2,5322547.35,2.0488864696185147,1.8826306918622342,1551156526800.0,159400.0
2024-09-05,157000.0,163000.0,156600.0,159400.0,5349484,0.029715762273901714,0.02928280520048783,168457.14285714287,178328.57142857142,178385.7142857143,0.044489469044512585,6400.0,-2400.0,36.39321349070009,-8600.41329784019,-6935.186540395761,-1665.2267574444295,204236.7590141154,153443.2409858846,0.28401654008180954,0.11727399962342963,160833.33333333334,166040.0,171930.0,178840.0,0.9600096362322332,0.8912994855736972,-12800.0,0.029715762273901714,0.029715762273901714,0.04015056461731493,0.015286624203821656,0.045489445698143206,0.03640866893378359,5332468.0,5103419.7,-0.46614019353137015,1.0482155720016522,852707749600.0,156400.0
2024-09-06,157100.0,158200.0,154900.0,156400.0,3459914,-0.01882057716436636,-0.018999938244903942,165185.7142857143,175650.0,177771.42857142858,0.041282921714255315,3300.0,700.0,35.07684093832836,-9211.099683783978,-7390.369169073405,-1820.7305147105726,204953.23368075234,152026.76631924766,0.29652343190937686,0.08262848247327288,156866.66666666666,162580.0,169020.0,178490.0,0.9619879443966047,0.8762395652417503,-15910.0,-0.01882057716436636,0.01882057716436636,0.021099744245524295,-0.004455760661998727,0.04102922034558518,0.0361768972756687,5124806.6,5007897.35,-0.3532247222348922,0.6908915575116571,541130549600.0,157000.0
2024-09-09,151800.0,157700.0,150500.0,157000.0,4484162,0.0038363171355497716,0.0038289772370972515,163371.42857142858,172600.0,177466.66666666666,0.038762520950343854,7200.0,-5200.0,35.578723858015834,-9536.724633639824,-7819.640261986689,-1717.0843716531344,205783.36052155425,149746.63947844575,0.3152292129671673,0.12943941734160908,157600.0,159180.0,166760.0,177765.0,0.9863048121623319,0.8831884791719404,-18585.0,0.0038363171355497716,0.0038363171355497716,0.045859872611464965,0.034255599472990776,0.041319171932076154,0.03623703940208859,5320105.0,4975041.6,0.29603279156649553,0.9013315587150066,704013434000.0,155500.0
2024-09-10,157400.0,161700.0,154300.0,155500.0,4718523,-0.009554140127388533,-0.009600073729019231,160771.42857142858,169950.0,176704.7619047619,0.035774387703962074,7400.0,1900.0,34.85333348782996,-9802.821393399907,-8216.276488269334,-1586.5449051305732,206428.92717422207,146951.07282577793,0.33662264049150575,0.14373294510826112,156300.0,156620.0,164810.0,176690.0,0.9928489337249393,0.8800724432622107,-20070.0,-0.009554140127388533,0.009554140127388533,0.047588424437299034,-0.01207115628970775,0.04077809894101375,0.035958575586273335,5606494.8,4990280.95,0.052264168868118466,0.9455425550739783,733730326500.0,157200.0
2024-09-11,156800.0,158700.0,154300.0,157200.0,3203928,0.010932475884244397,0.01087314837581737,158371.42857142858,167528.57142857142,175761.90476190476,0.03667745828929351,4400.0,-400.0,36.43509557980166,-9763.976160808554,-8525.816422777178,-1238.159738031376,206313.35040104517,144596.64959895483,0.3517523057313291,0.20421296403158182,156566.66666666666,157100.0,162600.0,175455.0,1.0006365372374284,0.8959562280926734,-18355.0,0.010932475884244397,0.010932475884244397,0.027989821882951654,0.002551020408163265,0.018780663113472738,0.034689536015996655,4243202.2,4938763.0,-0.3209892163289233,0.6487308664133103,503657481600.0,168800.0
2024-09-12,165200.0,171300.0,163800.0,168800.0,8628996,0.07379134860050884,0.07119570216675052,158442.85714285713,166335.7142857143,175138.09523809524,0.047438422277822676,7500.0,-3600.0,46.059195731067916,-8696.915352814627,-8560.036208784668,-136.8791440299592,205081.59890962462,144038.40109037538,0.34969751271338934,0.4056405921417234,160500.0,158980.0,162510.0,174560.0,1.0617687759466599,0.9670027497708524,-15580.0,0.07379134860050884,0.07379134860050884,0.04443127962085308,0.021791767554479417,0.03640205400955446,0.040788613319808986,4899104.6,5149187.0,1.6932552791448496,1.6757977521499996,1456574524800.0,162800.0
2024-09-13,166500.0,166700.0,161100.0,162800.0,5246578,-0.03554502369668244,-0.03619212859341679,159585.7142857143,165135.7142857143,174000.0,0.035259778882564374,5600.0,3700.0,42.4768082697851,-8240.421382416971,-8496.113243511129,255.6918610941575,201233.30621677387,144196.69378322613,0.3302354308169397,0.32616429032225963,162933.33333333334,160260.0,161420.0,172715.0,1.0158492449769125,0.942593289523203,-12455.0,-0.03554502369668244,0.03554502369668244,0.0343980343980344,-0.022222222222222223,0.040485671759822914,0.04130928376277039,5256437.4,5063531.5,-0.3919827984623008,1.0361499676658474,854142898400.0,152800.0
2024-09-19,154700.0,155700.0,144700.0,152800.0,15001257,-0.061425061425061434,-0.06339257683601981,158642.85714285713,163550.0,171766.66666666666,0.042284567781504794,11000.0,1900.0,37.27339215600322,-8586.582273046515,-8514.207049418206,-72.37522362830896,198669.3518217342,142650.6481782658,0.3282474138255501,0.18117791311862277,161466.66666666666,159420.0,159300.0,170660.0,0.9584744699535818,0.895347474510723,-11240.0,-0.061425061425061434,0.061425061425061434,0.07198952879581152,-0.012281835811247576,0.05147183486332101,0.04473478869187333,7359856.4,5614743.05,1.8592459694680992,2.671761978493388,2292192069600.0,157100.0
2024-09-20,160500.0,160800.0,155900.0,157100.0,7155655,0.028141361256544428,0.027752668529155283,158742.85714285713,161964.2857142857,170014.2857142857,0.04356934411244326,4900.0,3400.0,40.64066895705783,-8416.918215584825,-8494.74928265153,77.83106706670515,193561.77769829467,143498.22230170533,0.29706019935079414,0.2716902063895628,157566.66666666666,159740.0,158180.0,168530.0,0.9834731438587705,0.9321782471963449,-8790.0,0.028141361256544428,0.028141361256544428,0.031190324633991087,-0.02118380062305296,0.05325076151225886,0.045729693946123015,7847282.8,5759616.3,-0.5229963062428702,1.2423839761686903,1124153400500.0,162000.0
2024-09-23,155800.0,162900.0,155700.0,162000.0,4497592,0.031190324633991073,0.030713789970808588,159457.14285714287,161414.2857142857,168219.04761904763,0.045057081005730575,7200.0,-6200.0,44.30944237200231,-7797.188048450043,-8355.237035811233,558.0489873611896,189444.12946336795,144555.87053663205,0.2687919696211731,0.38861229819225734,157300.0,160700.0,158900.0,167000.0,1.0080896079651525,0.9700598802395209,-6300.0,0.031190324633991073,0.031190324633991073,0.044444444444444446,0.03979460847240052,0.05473804760739405,0.03863797970726732,8106015.6,5759046.75,-0.371463269260466,0.7809611894537929,728609904000.0,163500.0
2024-09-24,163700.0,163700.0,159200.0,163500.0,3442530,0.0092592592592593,0.009216655104924048,160600.0,160685.7142857143,166833.33333333334,0.04463649535402294,4500.0,200.0,45.4215152000067,-7103.129506695463,-8104.815529988079,1001.6860232926165,185011.32741581576,146228.67258418424,0.23416649457572464,0.44533638789805313,160866.66666666666,159640.0,159310.0,165620.0,1.024179403658231,0.9871996135732399,-5980.0,0.0092592592592593,0.0092592592592593,0.027522935779816515,-0.0012217470983506415,0.04100584778338346,0.03772815712312935,7068722.4,5772862.4,-0.234583750593651,0.5963298207142439,562853655000.0,165300.0
2024-09-25,166700.0,169300.0,165000.0,165300.0,4665075,0.011009174311926495,0.010949014489670303,161757.14285714287,160064.2857142857,165604.7619047619,0.0446375544772573,4300.0,1400.0,46.79452586330426,-6334.814358520816,-7750.815295694627,1416.0009371738106,181596.66969621828,147623.33030378172,0.20638685008466406,0.5203100434734895,163600.0,160140.0,160200.0,164610.0,1.0322218059198203,1.004191725897576,-4470.0,0.011009174311926495,0.011009174311926495,0.02601330913490623,-0.008398320335932814,0.037678508427719866,0.03696691649229719,6952421.8,5787549.55,0.3551298027903895,0.8060535740899186,771136897500.0,180900.0
2024-09-26,178400.0,180900.0,176200.0,180900.0,9519633,0.09437386569872963,0.090182387574271,163485.7142857143,160964.2857142857,165385.7142857143,0.049489133835228634,4700.0,-2500.0,56.91149901874048,-4416.2219847826345,-7083.8966335122295,2667.674648729595,181911.29890666786,147438.70109333214,0.20933716601388014,0.9706636873686196,169900.0,165760.0,162590.0,164675.0,1.0913368725868726,1.0985274024593896,1085.0,0.09437386569872963,0.09437386569872963,0.025981205085682697,0.014013452914798207,0.03473019359867486,0.04625401549513552,5856097.0,6017871.0,1.0406173534187553,1.5818938292296396,1722101609700.0,183800.0
2024-09-27,187500.0,189300.0,183800.0,183800.0,6886272,0.01603095632946383,0.015903817520337264,166485.7142857143,163035.7142857143,165585.7142857143,0.04512933255662546,5500.0,3700.0,58.491612313605366,-2631.384974192508,-6193.394301648285,3562.0093274557776,183845.58573844563,146384.41426155437,0.22687927491076681,0.9987831203176935,176666.66666666666,171100.0,165420.0,165115.0,1.0742255990648744,1.113163552675408,5985.0,0.01603095632946383,0.01603095632946383,0.029923830250272034,-0.019733333333333332,0.035718435430462235,0.04543185449906656,5802220.4,6072356.3,-0.27662421439986185,1.1340362224792375,1265696793600.0,174600.0
2024-09-30,183700.0,183800.0,174600.0,174600.0,4859468,-0.05005440696409136,-0.05135056651608479,169600.0,164121.42857142858,165566.66666666666,0.04163343172055234,9200.0,9100.0,51.9793458261221,-1936.9242396937625,-5342.1002892573815,3405.176049563619,182968.1583828816,146791.8416171184,0.2194099755322854,0.7686840692748157,179766.66666666666,173620.0,167160.0,164880.0,1.0056445110010368,1.0589519650655022,8740.0,-0.05005440696409136,0.05005440696409136,0.052691867124856816,-0.04953728905824714,0.05141964068887144,0.0502865730229377,5874595.6,6035825.4,-0.2943252895035223,0.8051041370414723,848463112800.0,169100.0
2024-10-02,172700.0,175500.0,169100.0,169100.0,4720638,-0.03150057273768614,-0.03200738750096722,171314.2857142857,165028.57142857142,165080.95238095237,0.04549963175600824,6400.0,3600.0,48.50267324704038,-1809.5042996768607,-4635.581091341277,2826.0767916644163,182906.4611558767,146793.5388441233,0.21906534614348427,0.6176864049746754,175833.33333333334,174740.0,167190.0,164850.0,0.9677234748769601,1.0257810130421596,9890.0,-0.03150057273768614,0.03150057273768614,0.03784742755765819,-0.020845396641574986,0.05582248987783376,0.046733481117379905,6130217.2,5857628.05,-0.02856897092438926,0.8058958267246075,798259885800.0,174100.0
2024-10-04,171700.0,175600.0,170700.0,174100.0,3633358,0.029568302779420463,0.029139590869608746,173042.85714285713,166250.0,165290.47619047618,0.04538691149963001,4900.0,-2400.0,51.66759780183928,-1290.1923318610352,-3966.503339445229,2676.3110075841937,182968.57220306268,146771.42779693732,0.21954961124598385,0.7549924904694437,172600.0,176500.0,168320.0,164870.0,0.9864022662889519,1.0559835021532116,11630.0,0.029568302779420463,0.029568302779420463,0.028144744399770247,0.013977868375072802,0.05668530766614558,0.045574757896424165,5923873.8,5814384.9,-0.23032479931738037,0.6248912073227212,632567627800.0,184900.0
2024-10-07,178400.0,184900.0,176000.0,184900.0,3904925,0.06203331418724867,0.060185291618935766,176100.0,168350.0,165823.80952380953,0.04912068941955398,8900.0,-6500.0,57.712985230006886,-7.082472952810349,-3174.6191661467456,3167.536693193935,185244.83132874093,145585.16867125907,0.23975856275115226,0.9913052379764539,176033.33333333334,177300.0,171530.0,165415.0,1.0428652002256062,1.1177946377293475,11885.0,0.06203331418724867,0.06203331418724867,0.04813412655489454,0.03643497757847534,0.045664892754010776,0.04130268941253388,4800932.2,5834247.65,0.07474270358164548,0.6693108065099019,722020632500.0,178000.0
2024-10-08,182200.0,185000.0,178000.0,178000.0,3988028,-0.037317468902109296,-0.038031588100994065,177914.2857142857,169835.7142857143,166014.2857142857,0.05351353947051234,7000.0,4200.0,53.139830059564524,447.8563905559422,-2450.1240548062083,2897.9804453621505,186486.96572821593,145313.03427178407,0.248185240846485,0.7938752645664551,179000.0,176140.0,173620.0,165900.0,1.0105597819915977,1.0729355033152501,10240.0,-0.037317468902109296,0.037317468902109296,0.03932584269662921,-0.02305159165751921,0.04864154646817194,0.044900395030463496,4221283.4,5869320.35,0.02128158671421354,0.6794701536439394,709868984000.0,186700.0
2024-10-10,184500.0,188100.0,183400.0,186700.0,6325045,0.04887640449438213,0.047719500255591886,178742.85714285713,171114.2857142857,166890.47619047618,0.04465972087995729,4700.0,-2200.0,57.692012045781695,1493.2032905636006,-1661.4585857322465,3154.661876295847,189364.0336224294,145625.9663775706,0.2611305844643647,0.9390911901178594,183200.0,178560.0,176090.0,167495.0,1.045586917562724,1.1146601391086302,11065.0,0.04887640449438213,0.04887640449438213,0.025174076057846814,0.011924119241192412,0.04601404280508679,0.046011004080433134,4514398.8,5684553.05,0.5860081724601733,1.112672349851674,1180885901500.0,186000.0
2024-10-11,190000.0,191200.0,185100.0,186000.0,3475666,-0.003749330476700563,-0.003756376834475657,179057.14285714287,172771.42857142858,168376.19047619047,0.044441303249877655,6100.0,4000.0,57.21044742649795,2239.3502544948133,-881.2968176868346,3120.6470721816477,191827.2310130767,145822.7689869233,0.2724979240405947,0.8733333516700198,183566.66666666666,181940.0,178340.0,168825.0,1.0223150489172255,1.1017325633051978,13115.0,-0.003749330476700563,0.003749330476700563,0.032795698924731186,-0.021052631578947368,0.04043962247509956,0.04638091116646176,4265404.4,5590862.15,-0.45049149847945746,0.6216690568913419,646473876000.0,186000.0
2024-10-14,186900.0,192300.0,186900.0,186000.0,3309274,0.0,0.0,180685.7142857143,175142.85714285713,169642.85714285713,0.037995678039330294,5400.0,900.0,57.21044742649795,2798.4186706290056,-145.3537200236666,2943.772390652672,193745.9874949167,146864.0125050833,0.275282434396133,0.8347768519437062,186233.33333333334,184320.0,180410.0,170305.0,1.0091145833333333,1.0921581867825372,14015.0,0.0,0.0,0.02903225806451613,-0.004815409309791332,0.040829154027140026,0.04658806265993616,4200587.6,5583330.15,-0.047873414764249445,0.5927061289757332,615524964000.0,192900.0
2024-10-15,191900.0,193200.0,189700.0,192900.0,4060365,0.0370967741935484,0.036425246198482156,184085.7142857143,177700.0,171380.95238095237,0.03429940448848866,3500.0,-1000.0,60.93792166189109,3754.971775342361,634.711379049539,3120.260396292822,196719.63273059682,147480.36726940318,0.2861084570667846,0.922427097666452,188300.0,185920.0,181610.0,172100.0,1.0375430292598968,1.1208599651365485,13820.0,0.0370967741935484,0.0370967741935484,0.018144116122343183,0.005211047420531527,0.034526829986323886,0.038217200888414016,4231675.6,5562140.3,0.22696549152472723,0.7300004640300066,783244408500.0,188700.0
2024-10-16,184700.0,192500.0,183600.0,188700.0,4787317,-0.021772939346811793,-0.022013467537178835,186171.42857142858,179607.14285714287,172890.47619047618,0.03706956379617245,8900.0,-4000.0,57.64613283994026,4126.573532307637,1333.0838097011588,2793.489722606478,198142.8585172798,149377.1414827202,0.28064984481215227,0.8063627668883087,189200.0,188060.0,182100.0,173760.0,1.0034031692013188,1.0859806629834254,14300.0,-0.021772939346811793,0.021772939346811793,0.047164811870694226,0.02165674066053059,0.029674608094220022,0.03909509774483973,4391533.4,5565580.0,0.17903612113689293,0.8601649783131318,903366717900.0,196000.0
2024-10-17,191200.0,196000.0,188700.0,196000.0,3996946,0.03868574456809748,0.03795620685601267,187757.14285714287,181928.57142857142,174819.04761904763,0.03292461081708056,7300.0,-4800.0,61.535367671444746,4953.0242133224965,2057.0718904254263,2895.95232289707,200701.4736407782,150698.5263592218,0.28459275629798736,0.9059760694843616,192533.33333333334,189920.0,184240.0,175700.0,1.0320134793597304,1.1155378486055776,14220.0,0.03868574456809748,0.03868574456809748,0.037244897959183676,0.02510460251046025,0.026719175373287756,0.03554437089325345,3925913.6,5605230.9,-0.16509685905487348,0.7130742820960327,783401416000.0,187300.0
2024-10-18,198200.0,198200.0,186200.0,187300.0,5509895,-0.04438775510204085,-0.045403049780474436,189085.7142857143,183500.0,176252.38095238095,0.03472328485415308,12000.0,10900.0,55.047663181741875,4850.066493737861,2615.6708110879135,2234.395682649947,201918.7999476052,151331.2000523948,0.28641245517458125,0.7110200923173408,190666.66666666666,190180.0,186060.0,176625.0,0.9848564517825218,1.0604387827317763,13555.0,-0.04438775510204085,0.04438775510204085,0.06406833956219968,-0.0549949545913219,0.03639565660395703,0.03748516912271509,4332759.4,5449275.85,0.37852625479553637,1.0111242579140127,1032003333500.0,190900.0
2024-10-21,189400.0,192300.0,188000.0,190900.0,2428544,0.019220501868659978,0.019038121281659173,189685.7142857143,184214.2857142857,177304.7619047619,0.030603268342442123,4300.0,-1500.0,57.064854678268475,5001.3096878668875,3092.7985864437082,1908.5111014231793,203211.8731797717,152848.1268202283,0.28289471639354835,0.7555409581352811,191400.0,191160.0,187740.0,178030.0,0.9986398828206737,1.072291186878616,13130.0,0.019220501868659978,0.019220501868659978,0.022524882137244632,0.00791974656810982,0.03714883213280597,0.03705300565592739,4156613.4,5308374.15,-0.5592395136386447,0.45749299717315517,463609049600.0,187800.0
2024-10-22,195300.0,195300.0,187500.0,187800.0,3466963,-0.01623886851754841,-0.016372163957539352,189942.85714285713,184500.0,178495.2380952381,0.03143975485115417,7800.0,7500.0,54.78503410558398,4815.516638391098,3437.3421968331863,1378.174441557912,202303.6811051461,157256.3188948539,0.25056937484866054,0.6780348416975153,188666.66666666666,190140.0,188030.0,179780.0,0.9876932786367939,1.0446100789854267,10360.0,-0.01623886851754841,0.01623886851754841,0.04153354632587859,-0.03840245775729647,0.03336938924926519,0.03283647072885957,4037933.0,4731659.45,0.4275891233595108,0.7327160875874108,651095651400.0,196000.0
2024-10-23,188500.0,196700.0,188000.0,196000.0,4366079,0.04366347177848784,0.04273709245635478,191371.42857142858,186028.57142857142,180552.38095238095,0.035068234666283164,8700.0,-7500.0,59.4050245540892,5269.2056550309935,3803.714888472748,1465.4907665582455,202665.00201075745,160784.99798924255,0.23045813191093634,0.8408547905741972,191566.66666666666,191600.0,189830.0,181725.0,1.022964509394572,1.078552758288623,9875.0,0.04366347177848784,0.04366347177848784,0.044387755102040814,0.03978779840848806,0.03765374997041216,0.032027079672735805,3953685.4,4592180.65,0.2593382161851743,0.9507637727622932,855751484000.0,198200.0
2024-10-24,193500.0,202000.0,190000.0,198200.0,6344515,0.011224489795918391,0.011161962665370409,192128.57142857142,188107.14285714287,182509.52380952382,0.03282097269986796,12000.0,-4700.0,60.56912068017187,5740.110660603183,4190.994042898835,1549.1166177043478,203533.02885023263,163536.97114976737,0.21792060206753622,0.8666611372007649,194000.0,192040.0,190980.0,183535.0,1.0320766506977712,1.079903015773558,8505.0,0.011224489795918391,0.011224489795918391,0.060544904137235116,0.02428940568475452,0.03390994427795642,0.02904108153777062,4423199.2,4684526.8,0.4531379299366778,1.3543555776007088,1257482873000.0,201000.0
2024-10-25,203000.0,206000.0,199400.0,201000.0,5530362,0.01412714429868811,0.014028286163188054,193885.7142857143,190028.57142857142,184366.66666666666,0.030851284174221578,6600.0,2000.0,62.06030203237334,6267.000785645767,4606.195391448222,1660.805394197545,204510.49875347706,166309.50124652294,0.20603525973223735,0.9081045265156228,198400.0,194780.0,192480.0,185410.0,1.0319334633945991,1.084083922118548,9370.0,0.01412714429868811,0.01412714429868811,0.03283582089552239,-0.009852216748768473,0.021380403387185873,0.0288985291350969,4427292.6,4788918.4,-0.12832391443632807,1.1548248556500773,1111602762000.0,196000.0
2024-10-28,203500.0,205000.0,194200.0,196000.0,4114186,-0.02487562189054726,-0.02519024882855852,193885.7142857143,190821.42857142858,185914.2857142857,0.03020575186627839,10800.0,7500.0,57.85288392739646,6209.527227936749,4926.861758745928,1282.6654691908216,204073.30528993637,169816.69471006363,0.18324432629849816,0.7643285440889535,198400.0,195800.0,193480.0,186945.0,1.0010214504596526,1.048436705983043,8855.0,-0.02487562189054726,0.02487562189054726,0.05510204081632653,-0.036855036855036855,0.027197760438462514,0.030694017311928917,4764421.0,4761373.95,-0.25607292976481466,0.8640753789145252,806380456000.0,190300.0
2024-10-29,196000.0,197000.0,189100.0,190300.0,4067991,-0.029081632653061185,-0.02951288492841338,194314.2857142857,191700.0,187104.7619047619,0.026607727805534154,7900.0,5700.0,53.40764839516313,5639.033389527234,5069.296084902189,569.737304625045,204359.77407406343,170470.22592593657,0.18082623134822115,0.5851294914700554,195766.66666666666,196300.0,193220.0,187415.0,0.9694345389709628,1.0153936451191206,8885.0,-0.029081632653061185,0.029081632653061185,0.04151339989490278,-0.029081632653061223,0.03021280477646159,0.03029805335371369,4884626.6,4488791.85,-0.011228223517361635,0.9062552098511764,774138687300.0,195000.0
2024-10-30,190200.0,195400.0,189400.0,195000.0,3580400,0.024697845507094085,0.02439778426164302,194900.0,192292.85714285713,187776.19047619047,0.027240264480926337,6000.0,-4800.0,56.38360899532742,5502.731568670482,5155.983181655848,346.7483870146343,205155.38967758542,170794.61032241458,0.18279441072041944,0.704448214849435,193766.66666666666,196100.0,193850.0,187975.0,0.9943906170321265,1.0373719909562442,8125.0,0.024697845507094085,0.024697845507094085,0.03076923076923077,0.025236593059936908,0.024479750463988925,0.030312103061834485,4727490.8,4323498.25,-0.11986039300480267,0.8281256965930309,698178000000.0,186300.0
2024-10-31,189900.0,192900.0,186100.0,186300.0,4573282,-0.04461538461538461,-0.045641280956204025,194685.7142857143,192314.2857142857,187895.2380952381,0.032461751113338586,6800.0,3600.0,50.015334143247195,4639.216107102693,5052.629766745217,-413.4136596425242,204580.43431962671,172539.56568037329,0.16992399575335929,0.42946508331452465,190533.33333333334,193720.0,192880.0,188560.0,0.9616972950650423,0.9880144251166737,5160.0,-0.04461538461538461,0.04461538461538461,0.03650026838432636,-0.018957345971563982,0.029793765810439098,0.031067072631312944,4373244.2,4309188.95,0.2773103563847614,1.0612860222803644,852002436600.0,182200.0
2024-11-01,182500.0,184900.0,180500.0,182200.0,3478519,-0.022007514761137936,-0.02225329278168481,192714.2857142857,192042.85714285713,188257.14285714287,0.026580196800731686,4400.0,300.0,47.303804911209376,3582.7385676168196,4758.651526919538,-1175.9129593027183,202766.34873846802,175663.65126153198,0.1432375735377007,0.2411696748646642,187833.33333333334,189960.0,192370.0,189215.0,0.9591492945883344,0.9629257722696404,745.0,-0.022007514761137936,0.022007514761137936,0.024149286498353458,-0.0016438356164383563,0.026032198005158963,0.028592006247809765,3962875.6,4247083.0,-0.23938235166779565,0.8190372074197749,633786161800.0,194000.0
2024-11-04,185200.0,194000.0,183700.0,194000.0,3569575,0.06476399560922053,0.06275317423747008,192114.2857142857,192121.42857142858,189442.85714285713,0.03818456135087502,10300.0,-8800.0,54.88465984759399,3655.49561140858,4538.020343817347,-882.5247324087668,201880.18693757278,178539.81306242722,0.12270844790045511,0.66237957542042,187500.0,189560.0,192680.0,190210.0,1.0234226630090737,1.0199253456705746,-650.0,0.06476399560922053,0.06476399560922053,0.05309278350515464,0.047516198704103674,0.04504766661577404,0.03526505714446228,3853953.4,4243893.85,0.026176657364815226,0.8411084551513937,692497550000.0,193200.0
2024-11-05,193600.0,198800.0,192100.0,193200.0,3560310,-0.004123711340206171,-0.004132237284910495,191000.0,192442.85714285713,190352.38095238095,0.03743972389839237,6700.0,400.0,54.31417413616498,3607.023259833368,4351.820927020552,-744.7976671871838,202088.60373208683,179161.39626791317,0.12027387522189466,0.6123119771138167,189800.0,190140.0,193220.0,190625.0,1.016093404859577,1.0135081967213115,-485.0,-0.004123711340206171,0.004123711340206171,0.03467908902691511,-0.002066115702479339,0.04250345567050769,0.03476710914986528,3752417.2,4226663.1,-0.002595547088939165,0.842345348035901,687851892000.0,195800.0
2024-11-06,197700.0,199200.0,192700.0,195800.0,3460361,0.013457556935817738,0.01336780831799232,190971.42857142858,192428.57142857142,190871.42857142858,0.03691924403848367,6500.0,1900.0,55.917878553675024,3735.3480754387565,4228.526356704193,-493.17828126543645,201523.05465086678,181506.94534913322,0.10451457745729344,0.7140775679931407,194333.33333333334,190300.0,193200.0,191515.0,1.0289017341040463,1.022374226561888,-1215.0,0.013457556935817738,0.013457556935817738,0.03319713993871297,-0.009610520991401113,0.041401009228164753,0.0320869714225885,3728409.4,4200279.75,-0.028073117228555988,0.8238406025217725,677538683800.0,195800.0
2024-11-07,197400.0,198300.0,193100.0,195800.0,2976546,0.0,0.0,191757.14285714287,193035.7142857143,191719.04761904763,0.034620205526541346,5200.0,1600.0,55.917878553675024,3793.31939164878,4141.48496369311,-348.1655720443305,201883.32967590392,182056.67032409608,0.10327998828883599,0.6931742474634675,194933.33333333334,192200.0,192960.0,191970.0,1.0187304890738813,1.0199510340157316,230.0,0.0,0.0,0.026557711950970377,-0.008105369807497468,0.03291707856618214,0.031860082048148705,3409062.2,4032854.8,-0.13981633708159347,0.7380741801068563,582807706800.0,200500.0
2024-11-08,200500.0,203000.0,198800.0,200500.0,3031573,0.02400408580183866,0.023720516650213914,192542.85714285713,193721.42857142858,192376.19047619047,0.03455481304377848,4200.0,0.0,58.939635457029624,4170.4385779484,4147.275686544168,23.16289140423214,202886.94212162364,182503.05787837636,0.10578315079917629,0.8829005260656159,197366.66666666666,195860.0,192910.0,192695.0,1.0236903910956805,1.040504424089883,3165.0,0.02400408580183866,0.02400408580183866,0.020947630922693267,0.0,0.02758570499310671,0.032519351795717855,3319673.0,4010650.15,0.01848686363321783,0.7558806893191619,607830386500.0,192600.0
2024-11-11,199300.0,199300.0,192400.0,192600.0,2636191,-0.03940149625935163,-0.0401987473825987,193442.85714285713,194064.2857142857,192690.47619047618,0.03329048835092138,6900.0,6700.0,52.43354397540894,3788.17653213811,4075.4558556629563,-287.2793235248464,202719.46396552934,183330.53603447066,0.1004477551149265,0.4780802733647175,196300.0,195580.0,192570.0,193025.0,0.9847632682278351,0.9977982126667531,2555.0,-0.03940149625935163,0.03940149625935163,0.03582554517133956,-0.03361766181635725,0.024080238333480792,0.034053232497088505,3132996.2,3976996.0,-0.1304214016947638,0.6628598570378246,507730386600.0,185800.0
2024-11-12,192500.0,192500.0,184900.0,185800.0,3920254,-0.0353063343717549,-0.035944672984287,193957.14285714287,193335.7142857143,192680.95238095237,0.03547221306630186,7600.0,6700.0,47.56634596076991,2903.063230923377,3840.977330715041,-937.9140997916638,202889.50663141196,182450.49336858804,0.10608300857852246,0.1638780986313222,192966.66666666666,194100.0,192120.0,192670.0,0.9572385368366821,0.9643431774536773,1430.0,-0.0353063343717549,0.0353063343717549,0.04090419806243272,-0.034805194805194804,0.028630671602277457,0.03467019923518355,3204985.0,3969990.45,0.4870902753252704,0.9874718968152681,728383193200.0,182900.0
2024-11-13,185700.0,189500.0,182600.0,182900.0,3172827,-0.015608180839612462,-0.015731270982918107,192371.42857142858,192242.85714285713,192204.7619047619,0.023867529326923608,6900.0,2800.0,45.62138006774786,1945.1760207873303,3461.8170687294987,-1516.6410479421684,203373.70154607674,181386.29845392326,0.11429152246675063,0.06884403491092266,187100.0,191520.0,190910.0,192380.0,0.9549916457811195,0.9507225283293481,-860.0,-0.015608180839612462,0.015608180839612462,0.0377255330781848,-0.015078082929456112,0.026169506593394693,0.0335658502769209,3147478.2,3889265.95,-0.19065779921403048,0.8157907020989398,580310058300.0,173000.0
2024-11-14,182900.0,184900.0,171700.0,173000.0,6309368,-0.05412793876435207,-0.055647960899041025,189485.7142857143,190242.85714285713,191457.14285714287,0.0295838914283988,13200.0,9900.0,39.65952292411693,382.78375050087925,2846.0104050837754,-2463.226654582896,205072.1324794609,177387.8675205391,0.14476946587314657,-0.1584968041250093,180566.66666666666,186960.0,189580.0,191230.0,0.92533162173727,0.9046697693876484,-4270.0,-0.05412793876435207,0.05412793876435207,0.07630057803468208,-0.0541279387643521,0.03019730188480547,0.03489398401861147,3814042.6,4004887.05,0.9885635113417781,1.5754172143256826,1091520664000.0,178200.0
2024-11-15,174000.0,179000.0,173600.0,178200.0,4330750,0.03005780346820819,0.02961492053893008,186971.42857142858,188971.42857142858,190609.52380952382,0.032722354468465095,5400.0,-4200.0,43.81291099637927,-430.86015072642476,2190.636293921735,-2621.49644464816,205715.7073742211,175834.2926257789,0.1566317114320125,0.07916985839314801,178033.33333333334,182500.0,189180.0,190775.0,0.9764383561643836,0.9340846546979426,-8275.0,0.03005780346820819,0.03005780346820819,0.030303030303030304,0.02413793103448276,0.032630881282707955,0.03623702876372952,4073878.0,3945929.8,-0.3136000309381225,1.097523326441337,771739650000.0,171700.0
2024-11-18,173800.0,177800.0,170300.0,171700.0,3885644,-0.03647586980920314,-0.03715774713327909,183528.57142857142,187642.85714285713,189866.66666666666,0.033186422866992304,7500.0,2100.0,40.097508596005675,-1581.9388750415237,1436.1212601290836,-3018.0601351706073,207017.9709796394,172612.0290203606,0.18126039543386335,-0.026507892777359408,174300.0,178320.0,186950.0,189815.0,0.9628757290264692,0.9045649711561257,-11495.0,-0.03647586980920314,0.03647586980920314,0.043680838672102505,-0.012082853855005753,0.032284893605936185,0.02905844829398887,4323768.6,4018784.8,-0.10277804075506547,0.9668703833059188,667165074800.0,170600.0
2024-11-19,170400.0,172900.0,168100.0,170600.0,4075013,-0.006406523005241693,-0.006427132845851096,179257.14285714287,185900.0,188900.0,0.02835924942852463,4800.0,-200.0,39.487235132825305,-2553.5026747181546,638.196473159636,-3191.6991478777904,208182.66373305864,169727.33626694136,0.2035157972327659,0.02269292164596794,173500.0,175280.0,184690.0,188955.0,0.9732998630762209,0.9028604694239369,-13675.0,-0.006406523005241693,0.006406523005241693,0.02813599062133646,0.0011737089201877935,0.0319577811190623,0.029000768387647348,4354720.4,4049187.3,0.04873555065775448,1.00637799590056,695197217800.0,170600.0
2024-11-20,175000.0,175100.0,170200.0,170600.0,3689296,0.0,0.0,176114.2857142857,184778.57142857142,188080.95238095237,0.028382784124702572,4900.0,4400.0,39.4872351328253,-3285.5996382856683,-146.56274912942496,-3139.0368891562434,208261.45818839935,167108.54181160065,0.21926587834296138,0.08484108772343958,170966.66666666666,172820.0,182170.0,187685.0,0.9871542645527138,0.9089698164477715,-14865.0,0.0,0.0,0.028722157092614303,-0.025142857142857144,0.03281885782399223,0.02798357266921955,4458014.2,4015348.15,-0.09465417656336306,0.9187985355640955,629393897600.0,168800.0
2024-11-21,168200.0,173000.0,168200.0,168800.0,3821502,-0.010550996483001174,-0.010607052895722004,173685.7142857143,183821.42857142858,186785.7142857143,0.02720403215754351,4800.0,-600.0,38.37870724082544,-3965.326893066056,-910.3155779167512,-3055.011315149305,207804.3029067638,164625.6970932362,0.23187501443776062,0.09667525915012323,170000.0,171980.0,179470.0,186215.0,0.9815094778462612,0.9064790698923287,-14235.0,-0.010550996483001174,0.010550996483001174,0.02843601895734597,0.0035671819262782403,0.023859191566880156,0.027621850592682046,3960441.0,3889197.5,0.03583502109887626,0.9825939670073325,645069537600.0,176700.0
2024-11-22,171700.0,178200.0,171200.0,176700.0,3919973,0.0468009478672986,0.045738797163794,172800.0,182585.7142857143,185761.90476190476,0.03519089119683786,7000.0,-5000.0,45.59725717184006,-3822.488395893277,-1492.7501415120564,-2329.7382543812205,205806.7802714201,164193.2197285799,0.2249381650964336,0.3005457862358272,172033.33333333334,171680.0,177090.0,185000.0,1.0292404473438956,0.9551351351351351,-13320.0,0.0468009478672986,0.0468009478672986,0.039615166949632144,0.029120559114735003,0.030267090244817305,0.03177100488404056,3878285.6,3808678.05,0.025767617025975742,1.0292214118754406,692659229100.0,177000.0
2024-11-25,174500.0,179500.0,173900.0,177000.0,4393882,0.001697792869269854,0.0016963532481783338,173371.42857142858,181428.57142857142,184619.04761904763,0.027177908953745916,5600.0,-2500.0,45.856641182105335,-3643.08514715801,-1922.8171426412473,-1720.2680045167626,204473.56739806142,163626.43260193858,0.2219349893839872,0.32740527493083366,174166.66666666666,172740.0,175530.0,184050.0,1.0246613407433136,0.9616951915240424,-11310.0,0.001697792869269854,0.001697792869269854,0.031638418079096044,0.014326647564469915,0.023165753593064733,0.030479165539372598,3979933.2,3822662.85,0.12089598576316729,1.1494296443119487,777717114000.0,177100.0
2024-11-26,175200.0,177700.0,174700.0,177100.0,1996128,0.0005649717514124575,0.000564812214958742,173214.2857142857,180092.85714285713,183719.04761904763,0.024577336305672867,3000.0,-1900.0,45.949151112056484,-3453.033198466146,-2228.860353806227,-1224.172844659919,203816.28853115256,162963.71146884744,0.22276338438467266,0.34603174506208045,176933.33333333334,174040.0,174660.0,183390.0,1.0175821650195358,0.965701510442227,-9350.0,0.0005649717514124575,0.0005649717514124575,0.01693958215697346,0.010844748858447488,0.022406517371920443,0.028981382150550194,3564156.2,3719069.7,-0.545702865939504,0.5367277736149983,353514268800.0,168300.0
2024-11-27,175600.0,175700.0,167900.0,168300.0,4756820,-0.0496894409937888,-0.05096644359202752,172728.57142857142,178128.57142857142,182671.42857142858,0.02825326974110812,7800.0,7300.0,39.545754783368224,-3966.7755953774613,-2576.4434021204743,-1390.332193256987,202774.3248213505,161335.6751786495,0.2276161030606192,0.16806350789418653,174133.33333333334,173580.0,173200.0,182055.0,0.9695817490494296,0.9244459092032628,-8475.0,-0.0496894409937888,0.0496894409937888,0.04634581105169341,-0.041571753986332574,0.03445617017222337,0.03226335104972908,3777661.0,3777890.7,1.3830235335609742,1.2591205986981042,800572806000.0,161100.0
2024-11-28,164600.0,166300.0,160800.0,161100.0,5691298,-0.04278074866310155,-0.043722811013831575,171371.42857142858,175314.2857142857,181057.14285714287,0.032269760738753185,5500.0,3500.0,35.220932660415485,-4898.433876770927,-3040.841497050565,-1857.5923797203618,203405.9870824364,158184.0129175636,0.25012845579176846,0.06448164053619425,168833.33333333334,172040.0,172010.0,180795.0,0.9364101371774006,0.8910644652783539,-8755.0,-0.04278074866310155,0.04278074866310155,0.03414028553693358,-0.0212636695018226,0.03910223448024456,0.030610649408840698,4151620.2,3833791.5,0.1964501494696036,1.4845090036847335,916868107800.0,159900.0
2024-11-29,160000.0,162400.0,157600.0,159900.0,4682788,-0.007448789571694592,-0.00747667034302014,169842.85714285713,172978.57142857142,179800.0,0.03207684414520465,4800.0,100.0,34.54288469554612,-5668.269466161553,-3566.3270908727627,-2101.9423752887906,204124.2738962684,155235.7261037316,0.2720867530751157,0.09540626807042184,163100.0,168680.0,170180.0,179680.0,0.9479487787526678,0.8899154051647373,-11000.0,-0.007448789571694592,0.007448789571694592,0.0300187617260788,-0.000625,0.024751625764442,0.02777587211919161,4304183.2,3894004.95,-0.1772021074981489,1.2025634430690695,748777801200.0,158800.0
2024-12-02,162200.0,162700.0,158600.0,158800.0,3558868,-0.0068792995622264375,-0.006903071026873246,168414.2857142857,171050.0,178685.7142857143,0.03208134061917065,4100.0,3400.0,33.89865876355775,-6294.570632024173,-4111.975799103046,-2182.594832921128,203081.34043789358,152758.65956210642,0.28283880887919943,0.12005203881735922,159933.33333333334,165040.0,168890.0,177920.0,0.9621909840038778,0.8925359712230215,-12880.0,-0.0068792995622264375,0.0068792995622264375,0.025818639798488665,-0.02096177558569667,0.023158466697815766,0.026225621360723327,4137180.4,3893469.6,-0.24001086532211158,0.9140608160906148,565148238400.0,164900.0
2024-12-03,159200.0,165100.0,159100.0,164900.0,4180365,0.038413098236775856,0.03769368075251791,166728.57142857142,169764.2857142857,177300.0,0.029873150321161175,6000.0,-5700.0,40.52310693607379,-6226.9197433749505,-4534.964587957427,-1691.9551554175232,201227.41471769463,151782.58528230537,0.2801327409160605,0.26529396233099495,161200.0,162600.0,168320.0,176505.0,1.0141451414514144,0.9342511543582335,-13905.0,0.038413098236775856,0.038413098236775856,0.036385688295936934,0.035804020100502515,0.03515075306187443,0.029987452700336738,4574027.8,3924472.35,0.17463333846605167,1.0652043452414692,689342188500.0,168000.0
2024-12-04,161300.0,168000.0,161100.0,168000.0,5701792,0.018799272286234014,0.01862474983770564,165442.85714285713,169407.14285714287,176100.0,0.03160110506391771,6900.0,-6700.0,43.615641895919794,-5855.661414736678,-4799.103953313277,-1056.557461423401,198351.02239717686,151878.97760282314,0.26538014901267004,0.3468972038677226,163900.0,162540.0,168060.0,175115.0,1.0335917312661498,0.9593695571481597,-12575.0,0.018799272286234014,0.018799272286234014,0.04107142857142857,0.041537507749535026,0.030667483983695096,0.0307744724094516,4763022.2,4036543.9,0.3639459712250006,1.412543042081123,957901056000.0,173000.0
2024-12-05,170000.0,175600.0,169300.0,173000.0,4671438,0.029761904761904656,0.02932761509451992,164857.14285714287,169035.7142857143,175014.2857142857,0.03455006771637487,6300.0,-3000.0,48.28617050840365,-5099.197921760933,-4859.122747002808,-240.07517475812529,195077.24482945132,152872.75517054868,0.24258939306740987,0.4768981923989612,168633.33333333334,164920.0,168480.0,173975.0,1.0489934513703614,0.9943957465153039,-9055.0,0.029761904761904656,0.029761904761904656,0.03641618497109827,0.01764705882352941,0.02098848068459284,0.03201531980083303,4559050.2,4121288.5,-0.18070704788950565,1.1334896841121411,808158774000.0,167100.0
2024-12-06,173500.0,173600.0,165000.0,167100.0,4434259,-0.03410404624277452,-0.034699158896430875,164685.7142857143,168707.14285714287,173647.61904761905,0.03119764390019454,8600.0,6400.0,43.6875097115515,-4919.071846959327,-4871.112566994112,-47.95927996521459,189491.95649858375,155118.04350141625,0.1994945764613186,0.34857702989971184,169366.66666666666,166360.0,167520.0,172305.0,1.004448184659774,0.9697919387133281,-5945.0,-0.03410404624277452,0.03410404624277452,0.05146618791143028,-0.03688760806916427,0.029589387216566804,0.029844317262528786,4509344.4,4191422.8,-0.050772160521021625,1.0579364601442738,740964678900.0,168900.0
2024-12-09,167100.0,170600.0,165000.0,168900.0,5305672,0.010771992818671361,0.010714388212406268,165800.0,168585.7142857143,172142.85714285713,0.024935995629341883,5600.0,-1800.0,45.39609816486389,-4578.2998869642615,-4812.550030988143,234.25014402388115,185445.03880769978,156794.96119230022,0.16742682103435924,0.42251329892360434,169666.66666666666,168380.0,166710.0,171120.0,1.0030882527616107,0.9870266479663394,-2740.0,0.010771992818671361,0.010771992818671361,0.03315571343990527,0.010771992818671455,0.028212608211735296,0.030211905121295585,4858705.2,4324896.85,0.19651829088016726,1.226774229309076,896128000800.0,170400.0
2024-12-10,168000.0,170400.0,167600.0,170400.0,3159112,0.008880994671403242,0.008841790581461012,167300.0,168571.42857142858,171085.7142857143,0.024133696863731728,2800.0,-2400.0,46.84351112796339,-4139.480831276189,-4677.936191045752,538.4553597695631,182897.9291644394,157802.0708355606,0.14731939142282843,0.5019923606255963,168800.0,169480.0,166040.0,170350.0,1.0054283691291008,1.0002935133548576,-870.0,0.008880994671403242,0.008880994671403242,0.01643192488262911,0.014285714285714285,0.024312946372720738,0.030472770791101354,4654454.6,4286839.75,-0.4045783455893994,0.7369326086891865,538312684800.0,171800.0
2024-12-11,167400.0,171800.0,167000.0,171800.0,2281189,0.008215962441314506,0.008182395154939593,169157.14285714287,168785.7142857143,170419.04761904763,0.023120252718975165,4800.0,-4400.0,48.223027606447516,-3636.8222454092174,-4469.713401918445,832.8911565092276,180905.25604897042,158684.74395102958,0.13086670454336605,0.5902319438527163,170366.66666666666,170240.0,166390.0,169795.0,1.0091635338345866,1.011808357136547,445.0,0.008215962441314506,0.008215962441314506,0.027939464493597205,0.026284348864994027,0.023455088661570773,0.025857317933906547,3970334.0,4242257.85,-0.2779018281086584,0.537729926058125,391908270200.0,176100.0
2024-12-12,176500.0,177400.0,173500.0,176100.0,4550292,0.02502910360884747,0.024721005952005434,170757.14285714287,168742.85714285713,170095.2380952381,0.021076035287939946,3900.0,400.0,52.31625668205277,-2858.5362052523415,-4147.477962585224,1288.9417573328828,181331.70276780834,158568.29723219166,0.1339417801448466,0.7701704712143104,172766.66666666666,170860.0,167890.0,169950.0,1.0306683834718482,1.0361871138570167,910.0,0.02502910360884747,0.02502910360884747,0.022146507666098807,-0.0022662889518413596,0.02225594858688568,0.021169632318556363,3946104.8,4154304.05,0.9947018857271361,1.095319924886095,801306421200.0,175500.0
2024-12-13,174400.0,176400.0,173500.0,175500.0,3677980,-0.0034071550255536653,-0.0034129725962399574,171828.57142857142,168635.7142857143,170214.2857142857,0.02111217074897591,2900.0,-1100.0,51.70206383232572,-2264.055276864441,-3770.793425441068,1506.7381485766268,180843.2460312742,158786.7539687258,0.12988541685097552,0.7577472421216538,174466.66666666666,172540.0,169450.0,169815.0,1.0171554422162976,1.0334776079851604,2725.0,-0.0034071550255536653,0.0034071550255536653,0.016524216524216526,0.006307339449541285,0.010131693591751204,0.020853875690625873,3794849.0,4121665.55,-0.19170462027491864,0.8923528499298057,645485490000.0,179300.0
2024-12-16,177400.0,180400.0,177300.0,179300.0,3278975,0.02165242165242165,0.02142133770516669,172728.57142857142,168792.85714285713,170266.66666666666,0.019844548059252766,3100.0,-1900.0,55.28270383988487,-1469.3587628640817,-3310.5064929256705,1841.1477300615888,181993.56815576853,158396.43184423147,0.1386476471784545,0.8858519050698708,176966.66666666666,174620.0,171500.0,170195.0,1.0268010537166419,1.0534974587972619,4425.0,0.02165242165242165,0.02165242165242165,0.01728945900725042,0.010710259301014656,0.011449091320636247,0.02030107192517374,3389509.6,4091332.1,-0.10848482047210695,0.8014443510953315,587920217500.0,184000.0
2024-12-17,183000.0,184500.0,182100.0,184000.0,3188910,0.026213050752928124,0.025875376997898495,175142.85714285713,169914.2857142857,170852.38095238095,0.010685716538566852,2400.0,-1000.0,59.30161332533961,-455.0596847969573,-2739.417131299928,2284.3574465029706,184184.2816306997,157545.7183693003,0.15590415393087756,0.9930821482791179,179600.0,177340.0,173410.0,170865.0,1.0375549791361227,1.0768735551458755,6475.0,0.026213050752928124,0.026213050752928124,0.013043478260869565,0.00546448087431694,0.012786271989568384,0.01888111851490481,3395469.2,4047026.95,-0.02746742503373767,0.7879636185768419,586759440000.0,183500.0
2024-12-18,183400.0,183900.0,181600.0,183500.0,2363872,-0.0027173913043477826,-0.0027210901143606132,177228.57142857142,171514.2857142857,171466.66666666666,0.01239462178081317,2300.0,-100.0,58.69723736688813,304.91890553818666,-2130.5499239323053,2435.468829470492,185975.33424214047,157044.66575785953,0.16868210882328105,0.9144390927750112,182266.66666666666,179680.0,174960.0,171510.0,1.021260017809439,1.0699084601480964,8170.0,-0.0027173913043477826,0.0027173913043477826,0.012534059945504087,0.0005452562704471102,0.015081055738185302,0.01914075153368663,3412005.8,3980755.75,-0.25872100498289385,0.5938249288467398,433770512000.0,175000.0
2024-12-19,173900.0,176800.0,173000.0,175000.0,4833862,-0.0463215258855586,-0.04742869357111092,177885.7142857143,172592.85714285713,171676.19047619047,0.025734730505106128,3800.0,-1100.0,49.46741232155976,218.8061896408326,-1660.6787012176778,1879.4848908585104,186306.5236831012,157333.4763168988,0.16862441721686883,0.6097571808656044,180833.33333333334,179460.0,175160.0,171820.0,0.9751476652178759,1.018507740658829,7640.0,-0.0463215258855586,0.0463215258855586,0.021714285714285714,0.0063254744105807935,0.02879423421234421,0.02438664915083453,3468719.8,4031373.75,1.0448916015757197,1.1990607420113306,845925850000.0,168500.0
2024-12-20,174100.0,174800.0,167100.0,168500.0,4487308,-0.037142857142857144,-0.03785022413109764,177414.2857142857,173285.7142857143,171661.90476190476,0.029963785614529913,7700.0,5600.0,43.796021428610565,-369.67307426329353,-1402.477575826801,1032.8045015635075,185778.6647367036,157041.3352632964,0.1676525842915068,0.3987379811094541,175666.66666666666,178060.0,175300.0,171410.0,0.9463102325058969,0.9830231608424246,6650.0,-0.037142857142857144,0.037142857142857144,0.0456973293768546,-0.032165422171166,0.033147335515518454,0.024892209205581228,3630585.4,4059740.5,-0.07169298585685735,1.1053189237095327,756111398000.0,169600.0
2024-12-23,170000.0,173300.0,169600.0,169600.0,3287596,0.006528189910979254,0.006506973565386307,176485.7142857143,173621.42857142858,171323.80952380953,0.027898199320722836,3700.0,400.0,44.94634639743474,-738.7702402934374,-1269.7361087201284,530.965868426691,185181.89743838832,156898.10256161168,0.16536362767058368,0.4490874542728932,171033.33333333334,176120.0,175370.0,171040.0,0.9629797865091982,0.9915809167446211,5080.0,0.006528189910979254,0.006528189910979254,0.021816037735849055,-0.002352941176470588,0.030377717895396103,0.02474506396844978,3632309.6,4004426.2,-0.2673567314746391,0.8209905329257909,557576281600.0,168500.0
2024-12-24,171700.0,171900.0,168300.0,168500.0,1844961,-0.006485849056603765,-0.0065069735653862735,175485.7142857143,173657.14285714287,170919.04761904763,0.02788648209421045,3600.0,3200.0,43.9770332609059,-1107.2791852994706,-1237.2447240359968,129.96553873652624,184496.74491054422,156723.25508945578,0.16278934306950613,0.42402827251482544,168866.66666666666,173020.0,175180.0,170610.0,0.9738758525026009,0.9876326123908329,2410.0,-0.006485849056603765,0.006485849056603765,0.021364985163204748,-0.018637157833430402,0.023094062624977006,0.024657080986371902,3363519.8,3996867.85,-0.43881152063696394,0.4616017014422931,310875928500.0,170100.0
2024-12-26,170000.0,172000.0,169400.0,170100.0,2022727,0.00949554896142435,0.00945074960939968,174171.42857142858,173450.0,170585.7142857143,0.02625736546695997,2600.0,-100.0,45.80774068316251,-1255.743125856301,-1240.9444044000577,-14.798721456243356,184546.98333097936,156853.01666902064,0.16223764886911965,0.4783346312457226,169400.0,170340.0,175010.0,170700.0,0.9985910531877422,0.9964850615114236,-360.0,0.00949554896142435,0.00949554896142435,0.015285126396237508,0.000588235294117647,0.02552988086995237,0.024712577529079724,3295290.8,3860163.2,0.09635217221393844,0.5240003842324593,344065862700.0,174500.0
2024-12-27,170100.0,176000.0,170000.0,174500.0,2643523,0.025867136978248162,0.025538242240665848,172814.2857142857,173978.57142857142,170880.95238095237,0.026186103573276567,6000.0,-4400.0,50.589517587760255,-1006.7534140321368,-1194.1062063264735,187.35279229433672,184541.43640010856,158198.56359989144,0.15371927875484115,0.6188177167971673,171033.33333333334,170240.0,174850.0,171370.0,1.0250234962406015,1.0182645737293576,-1130.0,0.025867136978248162,0.025867136978248162,0.034383954154727794,0.02586713697824809,0.023574061767648126,0.024810807193241684,2857223.0,3707774.45,0.3069104234036526,0.712967586256494,461294763500.0,173900.0
2024-12-30,174000.0,175800.0,172400.0,173900.0,1434202,-0.0034383954154727503,-0.0034443202822444776,171442.85714285713,174335.7142857143,171490.47619047618,0.02616518794872068,3400.0,100.0,49.942368350887655,-848.0662789672497,-1124.8982208546288,276.8319418873791,184114.671239314,160025.328760686,0.13999734107414413,0.5759672042366276,172833.33333333334,171320.0,174690.0,172070.0,1.0150595377072145,1.0106352066019644,-750.0,-0.0034383954154727503,0.0034383954154727503,0.019551466359977,-0.0005747126436781609,0.012761339915184374,0.02481119743683472,2246601.8,3545345.15,-0.45746566229989294,0.4045309946762165,249407727800.0,171200.0
2025-01-02,170500.0,172200.0,170000.0,171200.0,2102175,-0.01552616446233468,-0.015647957652595624,170900.0,174392.85714285713,172028.57142857142,0.02019368852786447,2200.0,-700.0,47.02703196976456,-929.4587938996847,-1085.81033546364,156.35154156395538,183011.9541193567,162368.0458806433,0.11954315964278996,0.42782374428472747,173200.0,171640.0,173880.0,172690.0,0.9974364949895129,0.9913718223406104,-1050.0,-0.01552616446233468,0.01552616446233468,0.012850467289719626,0.004105571847507331,0.016082398471419783,0.02386805164169192,2009517.6,3472510.5,0.465745411036939,0.6053761392514148,359892360000.0,181900.0
2025-01-03,174500.0,182700.0,173100.0,181900.0,4233446,0.0625,0.06062462181643484,172814.2857142857,175114.2857142857,173128.57142857142,0.02556613798472031,9600.0,-7400.0,57.59207477924551,-129.0744817368104,-894.4631647182741,765.3886829814637,183960.30406668177,163119.69593331823,0.12009109215952252,0.9011399257882764,175666.66666666666,174320.0,173670.0,173540.0,1.0434832491968793,1.048173331796704,780.0,0.0625,0.0625,0.052776250687190766,0.042406876790830945,0.030304396183805028,0.030786916832146925,2487214.6,3475164.55,1.0138409028744038,1.21820015688178,770063827400.0,199800.0
2025-01-06,184400.0,199800.0,184400.0,199800.0,7320382,0.09840571742715776,0.09385978069037655,177128.57142857142,176807.14285714287,174790.47619047618,0.04018539046601864,15400.0,-15400.0,68.80190371315743,1927.3984065017721,-330.09085047426487,2257.489256976037,190513.5318646785,159746.4681353215,0.17568128664053545,1.301831472025088,184300.0,180260.0,175300.0,175130.0,1.1083989792521913,1.140866784674242,5130.0,0.09840571742715776,0.09840571742715776,0.07707707707707707,0.08351409978308026,0.047116885511718144,0.04388200546239367,3546745.6,3556094.05,0.7291780738433891,2.058545667542173,1462612323600.0,195000.0
2025-01-07,205000.0,206500.0,194800.0,195000.0,6075445,-0.024024024024024038,-0.024317307650706357,180914.2857142857,178200.0,176076.19047619047,0.042869511082517395,11700.0,10000.0,63.92237631352907,3133.7244767000957,362.6722149606073,2771.0522617394886,193942.21404330325,158517.78595669675,0.20101247282872664,1.0298603538245037,192233.33333333334,184360.0,177300.0,176230.0,1.0577131698850075,1.1065085399761676,8130.0,-0.024024024024024038,0.024024024024024038,0.06,-0.04878048780487805,0.05394229143918335,0.04122264724599657,4233130.0,3626294.4,-0.17006448570580057,1.675386587476185,1184711775000.0,194700.0
2025-01-08,193100.0,198100.0,191000.0,194700.0,4275792,-0.0015384615384614886,-0.0015396461855927501,184428.57142857142,179300.0,177109.52380952382,0.04355308075434355,7100.0,-1600.0,63.61868894977759,4019.2081558959326,1093.9794031476724,2925.2287527482604,196582.98911056118,158637.01088943882,0.2136477575650152,0.9503771098062502,196500.0,188520.0,179920.0,177610.0,1.032781667727562,1.096222059568718,10910.0,-0.0015384615384614886,0.0015384615384614886,0.036466358500256806,0.008285862247540134,0.053710547547241645,0.03795094606927631,4801448.0,3618371.05,-0.29621747871966575,1.1816897551178451,832496702400.0,205000.0
2025-01-09,201000.0,206000.0,199800.0,205000.0,6692254,0.052901900359527465,0.051550066760254164,188785.7142857143,180800.0,178914.2857142857,0.04525099355179346,6200.0,-4000.0,69.05458107668996,5488.812654913781,1972.9460535008943,3515.866601412887,201510.7986004008,157319.2013995992,0.24630937881894824,1.0789562183902217,198233.33333333334,195280.0,183460.0,179415.0,1.0497746825071692,1.1426023465150628,15865.0,0.052901900359527465,0.052901900359527465,0.03024390243902439,0.01990049751243781,0.04970115923445323,0.03957504236597986,5719463.8,3687700.15,0.5651495676122693,1.8147500414316495,1371912070000.0,203500.0
2025-01-10,208000.0,212500.0,202500.0,203500.0,6149475,-0.007317073170731714,-0.007343974255758506,193014.2857142857,182228.57142857142,180561.90476190476,0.04565320671814922,10000.0,4500.0,67.47346336089818,6458.003499957267,2869.957542792169,3588.045957165098,205188.57550127135,156951.42449872865,0.26640056885482244,0.964994294518299,201066.66666666666,199600.0,186960.0,181070.0,1.0195390781563127,1.1238747445739217,18530.0,-0.007317073170731714,0.007317073170731714,0.04914004914004914,-0.021634615384615384,0.050769861639969764,0.0396372477408965,6102669.6,3837218.3,-0.08110555875494263,1.602586696722467,1251418162500.0,194300.0
2025-01-13,203000.0,203000.0,193900.0,194300.0,4767294,-0.04520884520884516,-0.046262648499255224,196314.2857142857,183607.14285714287,181700.0,0.05105827137415888,9100.0,8700.0,58.60962364517598,6409.842441231129,3577.934522479961,2831.907918751168,206590.3813575223,157799.6186424777,0.26779419147092187,0.7481002412423331,200933.33333333334,198500.0,189380.0,182195.0,0.9788413098236776,1.0664398035072313,16305.0,-0.04520884520884516,0.04520884520884516,0.04683479155944416,-0.04285714285714286,0.0365671946839723,0.044663360224979694,5592052.0,3961523.55,-0.2247640652250802,1.203399131629547,926285224200.0,195000.0
2025-01-14,194300.0,197900.0,193600.0,195000.0,3019149,0.0036026762738035067,0.0035962021803525087,198185.7142857143,185500.0,182804.7619047619,0.0475692296989951,4300.0,-700.0,59.05041522500175,6354.903236346203,4133.32826525321,2221.574971092993,208001.07928385038,158278.92071614962,0.27149808107295387,0.7385254450257152,197600.0,198500.0,191430.0,183140.0,0.982367758186398,1.064759200611554,15360.0,0.0036026762738035067,0.0036026762738035067,0.02205128205128205,0.003602676273803397,0.03503621531640445,0.04457543051593914,4980792.8,3884966.4,-0.3666954460958355,0.7771364509098457,588734055000.0,198200.0
2025-01-15,198000.0,201000.0,197700.0,198200.0,3620460,0.016410256410256396,0.0162770633321408,197957.14285714287,187542.85714285713,183857.14285714287,0.030859677936559513,3300.0,-200.0,61.09040167890934,6494.709805324121,4605.604573267392,1889.1052320567287,209732.9839611942,158817.0160388058,0.2763042622297566,0.7734898415606276,195833.33333333334,199200.0,193860.0,184275.0,0.9949799196787149,1.0755664088997423,14925.0,0.016410256410256396,0.016410256410256396,0.016649848637739658,0.00101010101010101,0.0356900705032277,0.044250564286540284,4849726.4,3882090.4,0.19916572517620024,0.9326057940330292,717575172000.0,210000.0
2025-01-16,208500.0,210000.0,206500.0,210000.0,6029645,0.05953582240161448,0.05783090882158102,200100.0,190507.14285714287,185500.0,0.0358042496403128,3500.0,-1500.0,67.51662284404645,7471.541620844451,5178.791982782804,2292.7496380616476,213600.2595582659,158019.7404417341,0.29912555361138704,0.9352244344692517,201066.66666666666,200200.0,197740.0,185810.0,1.048951048951049,1.1301867499058178,14390.0,0.05953582240161448,0.05953582240161448,0.016666666666666666,0.007194244604316547,0.03800698108570004,0.045040976675814755,4717204.6,4019623.9,0.6654361600459611,1.5000520322311748,1266225450000.0,214500.0
2025-01-17,209500.0,217500.0,209000.0,214500.0,5041329,0.021428571428571352,0.021202207650602906,202928.57142857142,193678.57142857142,187176.19047619047,0.03555140634532656,8500.0,-5000.0,69.57997642867618,8510.69427835077,5845.172441896397,2665.5218364543725,217914.47540082192,156755.52459917808,0.32646836310162985,0.9441704712709011,207566.66666666666,202400.0,201000.0,187335.0,1.059782608695652,1.1450076066938906,15065.0,0.021428571428571352,0.021428571428571352,0.039627039627039624,0.02386634844868735,0.0377749539972761,0.04270145231736352,4495575.4,4112244.85,-0.16390948389167193,1.2259311358855491,1081365070500.0,212000.0
2025-01-20,219000.0,219000.0,210500.0,212000.0,3036234,-0.011655011655011704,-0.011723463696059259,203928.57142857142,196357.14285714287,188509.52380952382,0.03225517212505933,8500.0,7000.0,67.03250054784084,9028.4270524272,6481.823364002557,2546.6036884246423,221187.36985617972,156332.63014382028,0.34358306692286206,0.8583392686960569,212166.66666666666,205940.0,202220.0,188760.0,1.0294260464212877,1.1231193049374868,17180.0,-0.011655011655011704,0.011655011655011704,0.04009433962264151,-0.0319634703196347,0.026580621346227844,0.03246533806816352,4149363.4,4145862.95,-0.39773143153323265,0.7323527180270153,643681608000.0,218000.0
2025-01-21,216500.0,220000.0,214000.0,218000.0,3323212,0.028301886792452935,0.027908788117076658,206000.0,199507.14285714287,190152.38095238095,0.032791306663670486,6000.0,-1500.0,69.88247524733293,9809.802564282785,7147.419204058603,2662.383360224182,225147.49252992752,156672.50747007248,0.3586767851859779,0.895618925310027,214833.33333333334,210540.0,204520.0,190910.0,1.0354326968747032,1.141899324288932,19630.0,0.028301886792452935,0.028301886792452935,0.027522935779816515,0.006928406466512702,0.025542360799012547,0.031206896684597855,4210176.0,4070330.45,0.0945177479733117,0.8164477161798989,724460216000.0,225500.0
2025-01-22,221500.0,227000.0,217000.0,225500.0,5901740,0.034403669724770714,0.033825096153644096,210457.14285714287,203385.7142857143,192557.14285714287,0.022227121896196175,10000.0,-4000.0,73.0219710690424,10908.489332098048,7899.633229666493,3008.856102431555,229595.26049489304,157924.73950510696,0.36989327513308257,0.9428599033698016,218500.0,216000.0,207600.0,193760.0,1.0439814814814814,1.1638109000825765,22240.0,0.034403669724770714,0.034403669724770714,0.04434589800443459,0.01805869074492099,0.025683446021400783,0.03158712651325065,4666432.0,4141052.05,0.7759143864429956,1.4251788986810732,1330842370000.0,219500.0
2025-01-23,221000.0,225500.0,215000.0,219500.0,5994781,-0.026607538802660757,-0.026967926427507,213957.14285714287,206071.42857142858,194985.7142857143,0.028418262555334698,10500.0,1500.0,67.00443307817378,11166.338060932234,8552.974195919642,2613.363865012592,231955.89045034267,160554.10954965733,0.3638214613675338,0.82555210397808,221000.0,217900.0,209050.0,196255.0,1.0073428178063333,1.1184428422205803,21645.0,-0.026607538802660757,0.026607538802660757,0.04783599088838269,-0.006787330316742082,0.026771034036702303,0.031056226789269663,4659459.2,4276411.3,0.015765011674523155,1.4018251705583138,1315854429500.0,221000.0
2025-01-24,220500.0,227000.0,217500.0,221000.0,3771572,0.006833712984054774,0.006810469002526879,217214.2857142857,207585.7142857143,197433.33333333334,0.028677333067018678,9500.0,-500.0,67.72060189847338,11360.762699637853,9114.531896663284,2246.230802974569,233697.69664983597,164062.30335016403,0.35013773783020885,0.8176545568545559,222000.0,219200.0,210800.0,198880.0,1.0082116788321167,1.1112228479485116,20320.0,0.006833712984054774,0.006833712984054774,0.042986425339366516,0.0022675736961451248,0.025881763399541485,0.030636281951912172,4405507.8,4372741.85,-0.37085741747696876,0.8625187878401741,833517412000.0,199200.0
2025-01-31,197000.0,204500.0,194800.0,199200.0,11871995,-0.09864253393665157,-0.10385335636725494,215671.42857142858,207885.7142857143,198895.2380952381,0.04773354250636587,9700.0,-2200.0,50.54866090130469,9644.590975550935,9220.543712440814,424.0472631101202,232413.08072746708,168256.91927253292,0.3202443979081746,0.4823087919498228,213233.33333333334,216640.0,211290.0,200335.0,0.9194977843426884,0.9943344897297027,16305.0,-0.09864253393665157,0.09864253393665157,0.048694779116465865,0.01116751269035533,0.05442628230640397,0.04317723047303383,6172660.0,4865205.25,2.14775775194004,2.440183792862593,2364901404000.0,190900.0
2025-02-03,191500.0,193200.0,186900.0,190900.0,7926444,-0.04166666666666663,-0.04255961441879589,212300.0,207614.2857142857,199885.7142857143,0.04741673116888836,6300.0,600.0,45.78810637959176,7527.993858667469,8882.033741686146,-1354.0398830186768,231228.20716973307,171081.79283026693,0.29900531599744545,0.32949939555630336,203700.0,211220.0,210880.0,201155.0,0.9037969889215036,0.949019412890557,10065.0,-0.04166666666666663,0.04166666666666663,0.03300157150340492,-0.003133159268929504,0.050610457707392684,0.04546179566394179,7093306.4,5129351.3,-0.33234102608702243,1.545311197538761,1513158159600.0,191100.0
2025-02-04,192900.0,194300.0,190100.0,191100.0,5851146,0.0010476689366161196,0.0010471205145255135,209314.2857142857,206621.42857142858,200676.19047619047,0.047881335852465706,4200.0,1800.0,45.92027214409745,5799.856586366543,8265.598310622225,-2465.741724255682,229694.996577426,174335.003422574,0.27403902262134994,0.30283595828003895,193733.33333333334,204340.0,210170.0,202015.0,0.9352060291670745,0.9459693587109869,2325.0,0.0010476689366161196,0.0010476689366161196,0.02197802197802198,-0.00933125972006221,0.042319528562304726,0.045059658083716314,7083187.6,5350198.5,-0.261819549851106,1.0936315727351051,1118154000600.0,198800.0
2025-02-05,191900.0,199400.0,191900.0,198800.0,4245118,0.04029304029304037,0.03950244297624638,206571.42857142858,206285.7142857143,201861.90476190476,0.049769258074174746,7500.0,-6900.0,50.884880697672536,4994.052665488387,7611.289181595458,-2617.236516107071,227068.4339225261,179721.5660774739,0.2327828503407272,0.4029502856442872,193600.0,200200.0,209050.0,203395.0,0.993006993006993,0.9774084908675238,-3195.0,0.04029304029304037,0.04029304029304037,0.03772635814889336,0.03595622720166754,0.05347902269624026,0.04244126916368874,6733255.0,5457345.65,-0.27448093074416535,0.7778722976801001,843929458400.0,203500.0
2025-02-06,202000.0,205000.0,200500.0,203500.0,4032622,0.023641851106639855,0.023366710660176034,203428.57142857142,206942.85714285713,203400.0,0.04825733764225206,4500.0,-1500.0,53.68006392260569,4680.741301091126,7025.179605494592,-2344.4383044034657,225881.82380137598,183068.17619862402,0.2093832869678541,0.47722688781281675,197800.0,196700.0,207950.0,204475.0,1.034570411794611,0.9952316909157599,-7775.0,0.023641851106639855,0.023641851106639855,0.022113022113022112,0.007425742574257425,0.055935686050536976,0.04259772323609096,6785465.0,5447304.45,-0.050056559087403474,0.7402967902776206,820638577000.0,203000.0
2025-02-07,205000.0,206000.0,200500.0,203000.0,2206293,-0.002457002457002422,-0.0024600258408623114,201071.42857142858,207514.2857142857,204404.7619047619,0.04810476756854417,5500.0,2000.0,53.33233365466642,4342.041613303067,6488.552007056287,-2146.5103937532203,225942.3029239915,183327.6970760085,0.2082469071663351,0.46163287287385796,201766.66666666666,197460.0,207050.0,204635.0,1.028056315203079,0.9920101644391233,-7175.0,-0.002457002457002422,0.002457002457002422,0.027093596059113302,-0.00975609756097561,0.03097859395480459,0.04252302091191826,4852324.6,5191600.0,-0.45288871607604186,0.4249736112181216,447877479000.0,198100.0
2025-02-10,197800.0,203000.0,197000.0,198100.0,2779740,-0.024137931034482807,-0.024434025337282134,197800.0,207507.14285714287,204323.80952380953,0.04760598671996618,6000.0,-300.0,49.91953430660569,3636.3134634599555,5918.104298337021,-2281.790834877065,225845.80555021396,183734.19444978604,0.20563314175705807,0.34113645084616534,201533.33333333334,198900.0,205060.0,204790.0,0.9959778783308195,0.9673323892768202,-5890.0,-0.024137931034482807,0.024137931034482807,0.03028773346794548,0.0015166835187057635,0.024887338280487694,0.04138570560124031,3822983.8,5026814.75,0.259914254362408,0.5529823831284015,550666494000.0,199700.0
2025-02-11,201000.0,201500.0,198000.0,199700.0,2488710,0.008076728924785392,0.008044286717264218,197871.42857142858,206771.42857142858,204547.61904761905,0.027645823946236985,3500.0,1300.0,51.02166419030997,3169.5884063070116,5368.401119931019,-2198.8127136240073,225706.51499661378,184373.48500338622,0.2015852028542117,0.37080550347083285,200266.66666666666,200620.0,202480.0,205040.0,0.9954142159306151,0.9739563012095201,-4420.0,0.008076728924785392,0.008076728924785392,0.017526289434151226,-0.006467661691542288,0.024616261175550793,0.03911191221011741,3150496.6,4937460.65,-0.10469684215070474,0.5040465487051526,496995387000.0,198900.0
2025-02-12,196500.0,199900.0,196000.0,198900.0,2884072,-0.0040060090135203286,-0.004014054561843065,199014.2857142857,205657.14285714287,204747.61904761905,0.020618282377121502,3900.0,-2400.0,50.42413712399575,2703.982297069684,4835.517355358752,-2131.535058289068,225583.25122036302,183886.74877963698,0.20366084177461613,0.36006020509046804,198900.0,200640.0,200420.0,204735.0,0.9913277511961722,0.9714997435709576,-4095.0,-0.0040060090135203286,0.0040060090135203286,0.0196078431372549,0.012213740458015267,0.017526020191849467,0.03878469101857641,2878287.4,4747051.55,0.15886222179361997,0.6075501750133723,573641920800.0,208500.0
2025-02-13,198800.0,208500.0,198100.0,208500.0,3574410,0.04826546003016596,0.04713685537892967,201500.0,205407.14285714287,204914.2857142857,0.02558450953144491,10400.0,-9700.0,56.94092503962414,3074.1885385838395,4483.2515920037695,-1409.06305341993,225890.73076807812,184079.26923192188,0.20397327383055466,0.5840678577322733,202366.66666666666,201640.0,199170.0,204985.0,1.0340210275738941,1.0171475961655732,-3345.0,0.04826546003016596,0.04826546003016596,0.04988009592326139,0.04879275653923541,0.026772142761666475,0.04269226599296223,2786645.0,4618298.3,0.23936226280065132,0.7739668959885073,745264485000.0,210000.0
2025-02-14,209000.0,212000.0,206500.0,210000.0,2598656,0.007194244604316502,0.007168489478612497,203100.0,204835.7142857143,205223.80952380953,0.022634911691438286,5500.0,-1000.0,57.87274325195153,3448.8607957406784,4276.373432751151,-827.5126370104726,226159.0682784466,185380.9317215534,0.1981733807498332,0.6037320573513297,205800.0,203040.0,200250.0,205770.0,1.0342789598108748,1.0205569324974486,-2730.0,0.007194244604316502,0.007194244604316502,0.02619047619047619,0.004784688995215311,0.02643249629210042,0.02719175351742542,2865117.6,4509866.4,-0.2729832335965936,0.5762157388963894,545717760000.0,212000.0
2025-02-17,211500.0,216000.0,211000.0,212000.0,2497922,0.00952380952380949,0.009478743954543739,204314.2857142857,203871.42857142858,206066.66666666666,0.021632551416425214,5000.0,-500.0,59.14233321684132,3862.6483385759057,4193.6284139161025,-330.9800753401969,226530.38871914276,186709.61128085724,0.1927246996335569,0.6351053481649863,210166.66666666666,205820.0,202360.0,206620.0,1.0300262365173452,1.0260381376439842,-800.0,0.00952380952380949,0.00952380952380949,0.02358490566037736,0.002364066193853428,0.019997493248844426,0.02152817650214544,2808754.0,4483805.05,-0.038763884100088686,0.5570987079378039,529559464000.0,210000.0
2025-02-18,212000.0,215000.0,207000.0,210000.0,1937894,-0.009433962264150941,-0.00947874395454377,205314.2857142857,203192.85714285713,206780.95238095237,0.022235933533939073,8000.0,2000.0,57.28319276360663,3983.277913861908,4151.558313905264,-168.28040004335617,226766.00863377313,187653.99136622687,0.18875545228293164,0.5713335745613674,210666.66666666666,207880.0,204250.0,207210.0,1.0101981912641909,1.0134646011292892,670.0,-0.009433962264150941,0.009433962264150941,0.0380952380952381,-0.009433962264150943,0.02261479120441216,0.02229426986278271,2698590.8,4399676.75,-0.2241975530060586,0.4404628135464725,406957740000.0,218500.0
2025-02-19,216000.0,219500.0,214000.0,218500.0,3537720,0.040476190476190554,0.039678483818176236,208228.57142857142,203014.2857142857,207747.61904761905,0.021353278748001945,5500.0,-2500.0,62.656075008986775,4710.4574624322995,4263.338143610671,447.11931882162844,227806.08665496495,187463.91334503505,0.19429370438476123,0.7693211373747598,213500.0,211800.0,206220.0,207635.0,1.0316336166194524,1.0523274014496593,4165.0,0.040476190476190554,0.040476190476190554,0.02517162471395881,0.011574074074074073,0.024264932181585114,0.022322256224759904,2829320.4,4275080.5,0.825548765825169,0.8275212595411946,772991820000.0,212000.0
2025-02-20,217000.0,218500.0,211000.0,212000.0,3080242,-0.029748283752860427,-0.030199739863632405,209985.7142857143,203928.57142857142,207842.85714285713,0.027218656442209915,7500.0,5000.0,56.77514631132895,4707.986083535216,4352.267731595581,355.7183519396349,227532.39798457295,187487.60201542705,0.19297766839740685,0.6121244319351633,213500.0,212500.0,207070.0,207510.0,0.9976470588235294,1.0216375114452316,4990.0,-0.029748283752860427,0.029748283752860427,0.03537735849056604,-0.02304147465437788,0.025931909447424503,0.024861439016664932,2730486.8,4177026.15,-0.12931436066166913,0.7374246388186965,653011304000.0,209500.0
2025-02-21,209500.0,211000.0,205500.0,209500.0,2601151,-0.011792452830188704,-0.011862535309820057,211500.0,205257.14285714287,207604.7619047619,0.027973107793211216,5500.0,0.0,54.65049265549698,4452.967355527158,4372.407656381896,80.55969914526213,227320.3982970784,187449.6017029216,0.19225496826750646,0.5530463442084816,213333.33333333334,212400.0,207720.0,207385.0,0.986346516007533,1.010198423222509,5015.0,-0.011792452830188704,0.011792452830188704,0.026252983293556086,0.0,0.026654534838074253,0.025317586374928865,2730985.8,4155272.0,-0.15553680522504398,0.6259881422924901,544941134500.0,205000.0
2025-02-24,202500.0,205000.0,201000.0,205000.0,3087127,-0.021479713603818618,-0.021713760223784247,211000.0,206250.0,207271.42857142858,0.023412076764753924,4000.0,-2500.0,50.95419437104571,3843.445932095987,4266.615311524714,-423.16937942872755,226051.23533115137,187418.76466884863,0.1868695221530111,0.4550895925045509,208833.33333333334,211000.0,208410.0,206735.0,0.9715639810426541,0.9916076136116284,4265.0,-0.021479713603818618,0.021479713603818618,0.01951219512195122,0.012345679012345678,0.0274235333692934,0.025007899623504304,2848826.8,4143467.75,0.1868311374464613,0.745058773535766,632861035000.0,200500.0
2025-02-25,199800.0,202000.0,199200.0,200500.0,3651613,-0.02195121951219514,-0.022195732391784323,209642.85714285713,206371.42857142858,206438.09523809524,0.024030552122068685,2800.0,-700.0,47.49477325918709,2963.12634471152,4005.917518162076,-1042.791173450556,222822.54975707197,188147.45024292803,0.1687475947837747,0.3562368942022323,205000.0,209100.0,208490.0,205485.0,0.9588713534194165,0.9757403216779814,3615.0,-0.02195121951219514,0.02195121951219514,0.013965087281795512,0.0035035035035035035,0.028326705269841265,0.02619939233246534,3191570.6,4030961.4,0.1828515639298287,0.9058913340127742,732148406500.0,203000.0
2025-02-26,199000.0,206000.0,198600.0,203000.0,3849749,0.012468827930174564,0.012391732295163457,208357.14285714287,206335.7142857143,205366.66666666666,0.024378371303031263,7400.0,-4000.0,49.5442651579541,2439.0796441144194,3692.5499433525447,-1253.4702992381253,220712.20430837752,188607.79569162248,0.15686704102782684,0.44829370570826654,202833.33333333334,206000.0,208900.0,204660.0,0.9854368932038835,0.9918889866119418,1340.0,0.012468827930174564,0.012468827930174564,0.03645320197044335,0.020100502512562814,0.0163660908711196,0.026387564040475407,3253976.4,3923709.8,0.05425985721926163,0.9811502879239439,781499047000.0,199200.0
2025-02-27,204500.0,205000.0,198100.0,199200.0,3993419,-0.01871921182266012,-0.018896633891289497,206814.2857142857,206064.2857142857,204400.0,0.024845074446397823,6900.0,5300.0,46.56872196869147,1697.5720622322115,3293.554367128478,-1595.9823048962667,217808.5836078556,189331.4163921444,0.13988882063030508,0.3465437251220333,200900.0,203440.0,207970.0,203570.0,0.97915847424302,0.9785331826890014,-130.0,-0.01871921182266012,0.01871921182266012,0.03463855421686747,-0.02591687041564792,0.014425426890605256,0.021483911842455437,3436611.8,3934802.15,0.037319316142429004,1.0148970260169243,795489064800.0,190200.0
2025-02-28,191600.0,193000.0,188700.0,190200.0,5533027,-0.04518072289156627,-0.04623319503920793,202771.42857142858,205500.0,202933.33333333334,0.017871745489197018,4300.0,1400.0,40.382695580115964,379.32456004834967,2710.7084057124525,-2331.383845664103,218465.92008182936,187774.07991817064,0.151102009470553,0.07904120668208808,197466.66666666666,199580.0,205990.0,203120.0,0.953001302735745,0.9363922804253643,-3540.0,-0.04518072289156627,0.04518072289156627,0.02260778128286015,-0.007306889352818371,0.02055876390978271,0.024526609777787887,4022987.0,3617853.75,0.38553630360350377,1.5293672387945478,1052381735400.0,186100.0
2025-03-04,184800.0,187500.0,184000.0,186100.0,5424556,-0.02155625657202942,-0.021791986463084834,199071.42857142858,204528.57142857142,202309.52380952382,0.017331928355249018,3500.0,-1300.0,37.91199499551475,-984.8787486147776,1971.5909748470065,-2956.4697234617843,219152.75410973167,186607.24589026833,0.16041752868426332,-0.015585741874050003,191833.33333333334,195800.0,203400.0,202880.0,0.9504596527068437,0.9172910094637224,-7080.0,-0.02155625657202942,0.02155625657202942,0.018807092960773777,0.007034632034632035,0.02056112602876383,0.023794586332219862,4490472.8,3492759.35,-0.01960427809226306,1.5530861008216899,1009509871600.0,193100.0
2025-03-05,188200.0,194400.0,186600.0,193100.0,4162368,0.03761418592154753,0.03692402578626366,196728.57142857142,204114.2857142857,202414.2857142857,0.027390093757006437,7800.0,-4900.0,44.19018249611544,-1484.0707568424114,1280.458628509123,-2764.529385351534,218970.07586960704,186989.92413039296,0.15755321578093448,0.19105837644024878,189800.0,194320.0,201710.0,202980.0,0.9937216961712639,0.9513252537195783,-8660.0,0.03761418592154753,0.03761418592154753,0.04039357845675816,0.026036131774707757,0.03231263346508343,0.02866347984333783,4592623.8,3408320.45,-0.23268042582655613,1.2212372812538796,803753260800.0,192400.0
2025-03-06,193500.0,194000.0,190300.0,192400.0,2540131,-0.0036250647332988217,-0.0036316512028626556,194928.57142857142,202964.2857142857,202476.19047619047,0.027133715593117815,3700.0,1100.0,43.71415358096982,-1914.1035751764139,641.5461877720156,-2555.6497629484293,219247.3001514951,186072.6998485049,0.1636958467531342,0.19072724595644278,190533.33333333334,192200.0,199100.0,202660.0,1.0010405827263267,0.9493733346491661,-10460.0,-0.0036250647332988217,0.0036250647332988217,0.019230769230769232,-0.005684754521963824,0.030637293555534528,0.02326232317675452,4330700.2,3323071.1,-0.38973896589633594,0.7643926126046475,488721204400.0,192400.0
2025-03-07,191000.0,192800.0,187900.0,192400.0,2700590,0.0,0.0,193771.42857142858,201707.14285714287,202171.42857142858,0.026635420825051142,4900.0,-1400.0,43.71415358096982,-2229.2107282850775,67.39480456059698,-2296.6055328456746,219305.42533133837,184904.57466866163,0.17021276397257235,0.21788488327907957,192633.33333333334,190840.0,197140.0,202105.0,1.008174386920981,0.9519804062244873,-11265.0,0.0,0.0,0.02546777546777547,0.007329842931937173,0.030493661435372778,0.022692003276631432,4072134.4,3256469.5,0.0631695766871867,0.8292999519878813,519593516000.0,187900.0
2025-03-10,187500.0,191500.0,187300.0,187900.0,2441476,-0.02338877338877343,-0.023666631812186527,191614.2857142857,199985.7142857143,201428.57142857142,0.025989221104186035,4200.0,-400.0,40.46430265877523,-2809.6598000564263,-508.0161163628077,-2301.6436836936186,219673.92741170607,183026.07258829393,0.18201070187937493,0.1329935254107263,190900.0,190380.0,194980.0,201350.0,0.9869734215778968,0.9332008939657314,-10970.0,-0.02338877338877343,0.02338877338877343,0.022352315061202766,0.0021333333333333334,0.024574725875812914,0.023118880176544662,3453824.2,3268228.65,-0.09594718191210072,0.7470334121206605,458753340400.0,187800.0
2025-03-11,182100.0,189000.0,181300.0,187800.0,3521800,-0.000532197977647697,-0.0005323396452571098,189985.7142857143,198400.0,200704.7619047619,0.025991114050710404,7700.0,-5700.0,40.392438291632004,-3240.3858842071495,-1054.490069931676,-2185.8958142754736,220098.41227902207,181571.58772097793,0.19183321910047624,0.16166430403934293,189366.66666666666,190720.0,193260.0,200835.0,0.9846895973154363,0.9350959743072672,-10115.0,-0.000532197977647697,0.000532197977647697,0.041001064962726305,0.03130148270181219,0.022107761668773693,0.022970254943008247,3073273.0,3305331.65,0.4424880686928727,1.065490659613537,661394040000.0,198900.0
2025-03-12,192400.0,199350.0,189700.0,198900.0,4064278,0.0591054313099042,0.057424619085764024,191228.57142857142,197000.0,200742.85714285713,0.03006567513958728,9650.0,-6500.0,50.83099841309122,-2655.451780516596,-1374.6824120486601,-1280.769368467936,220071.6534549193,181518.3465450807,0.1920033213468392,0.4508472773961601,191533.33333333334,191880.0,193100.0,200795.0,1.0365853658536586,0.9905625140068228,-8915.0,0.0591054313099042,0.0591054313099042,0.048516842634489694,0.033783783783783786,0.031043163396965077,0.03069407114057132,3053655.0,3384110.05,0.1540343006417173,1.2009887208012044,808384894200.0,199700.0
2025-03-13,202500.0,204500.0,195500.0,199700.0,3883033,0.004022121669180478,0.004014054561843002,193171.42857142858,196121.42857142858,200742.85714285713,0.027507523060623082,9000.0,2800.0,51.4903530209196,-2103.090852775902,-1520.3641001941087,-582.7267525817933,220098.41227902207,181571.58772097793,0.19183321910047624,0.47054000652739963,195466.66666666666,193340.0,192770.0,200835.0,1.0328954173994,0.994348594617472,-7495.0,0.004022121669180478,0.004022121669180478,0.045067601402103155,-0.013827160493827161,0.030616646697590035,0.03041611845552913,3322235.4,3434058.1,-0.04459463648894091,1.1307417891386287,775441690100.0,204500.0
2025-03-14,198500.0,206000.0,198500.0,204500.0,3397462,0.02403605408112175,0.02375173506108697,194800.0,195764.2857142857,201009.52380952382,0.025759805397352068,7500.0,-6000.0,55.35849508848297,-1263.456611921807,-1468.9826025396485,205.52599061784144,219644.72327382406,181625.27672617594,0.18949558425822072,0.6016585024496914,201033.33333333334,195760.0,193300.0,200635.0,1.0446465059256231,1.0192638373165201,-4875.0,0.02403605408112175,0.02403605408112175,0.03667481662591687,0.030226700251889168,0.030962691784878506,0.03068771772848024,3461609.8,3425210.7,-0.12504941369285294,0.9918986881595342,694780979000.0,206000.0
2025-03-17,207000.0,209500.0,203500.0,206000.0,2584679,0.007334963325183352,0.007308193306724622,196742.85714285713,195835.7142857143,200890.47619047618,0.02524955880161558,6000.0,1000.0,56.525162258498895,-471.5670316296164,-1269.4994883576421,797.9324567280257,219111.1063224758,181758.8936775242,0.18635573949136425,0.6489871578130498,203400.0,199380.0,194880.0,200435.0,1.0332029290801485,1.0277646119689674,-1055.0,0.007334963325183352,0.007334963325183352,0.02912621359223301,-0.004830917874396135,0.02436960433520205,0.025586558055419848,3490250.4,3424511.85,-0.2392324034823642,0.7547583752703323,532443874000.0,203000.0
2025-03-18,208500.0,209000.0,201000.0,203000.0,2696191,-0.014563106796116498,-0.014670189747793742,198257.14285714287,196014.2857142857,200557.14285714287,0.026758137662881105,8000.0,5500.0,53.51297527563214,-85.08297833363758,-1032.6161863528412,947.5332080192036,217906.26346579744,182063.73653420256,0.17922607661372045,0.5841179531162548,204500.0,202420.0,196570.0,199985.0,1.002865329512894,1.0150761307098033,2435.0,-0.014563106796116498,0.014563106796116498,0.03940886699507389,-0.026378896882494004,0.027727745434548787,0.024762130865168694,3325128.6,3434425.3,0.04314346191538676,0.785048665929639,547326773000.0,205500.0
2025-03-19,202000.0,209500.0,201000.0,205500.0,3102000,0.012315270935960632,0.012240054894502006,200771.42857142858,196192.85714285713,200247.61904761905,0.022917698649371286,8500.0,-3500.0,55.634690359826145,418.117724144191,-742.4694042534347,1160.5871283976257,217259.8827063738,182260.1172936262,0.17520907795728688,0.6640010992162072,204833.33333333334,203740.0,197810.0,199760.0,1.0086384607833514,1.028734481377653,3980.0,0.012315270935960632,0.012315270935960632,0.0413625304136253,0.017326732673267328,0.014068926737921926,0.022722241388391178,3132673.0,3492630.6,0.15051196298778535,0.8881557643112902,637461000000.0,210000.0
2025-03-20,207000.0,211000.0,205500.0,210000.0,2779557,0.021897810218978186,0.021661496781179467,203942.85714285713,196964.2857142857,200247.61904761905,0.022294015301554185,5500.0,-3000.0,59.240794092969395,1166.5727733886742,-360.660968725013,1527.2337421136872,215260.65292390334,183409.34707609666,0.15978782375301218,0.8348371351228102,206166.66666666666,205800.0,199570.0,199335.0,1.0204081632653061,1.0535028971329672,6465.0,0.021897810218978186,0.021897810218978186,0.02619047619047619,0.014492753623188406,0.015444815738626832,0.02289503483665748,2911977.8,3454722.45,-0.10394680851063831,0.8045673828298421,583706970000.0,215500.0
2025-03-21,213500.0,219500.0,212000.0,215500.0,5731880,0.026190476190476097,0.025853378826333706,206314.2857142857,198771.42857142858,200104.7619047619,0.0142501520998261,7500.0,-2000.0,63.180038177176314,2178.421341618581,147.15549334370587,2031.2658482748752,216085.30185483652,182934.69814516348,0.16616011081987392,0.9823441569884371,210333.33333333334,208000.0,201880.0,199510.0,1.0360576923076923,1.0801463585785174,8490.0,0.026190476190476097,0.026190476190476097,0.03480278422273782,0.00936768149882904,0.01594899583115486,0.023243565173723647,3378861.4,3587304.35,1.0621559478722689,1.5978237252158434,1235220140000.0,211500.0
2025-03-24,211500.0,214500.0,209500.0,211500.0,1611040,-0.018561484918793503,-0.018735911057469818,208000.0,200585.7142857143,200080.95238095237,0.01825931898307044,5000.0,0.0,58.73413748252585,2627.266557848605,643.1777062446857,1984.088851603919,216460.91282862428,182759.08717137572,0.1688383630942766,0.8527998785858864,212333.33333333334,209100.0,204240.0,199610.0,1.011477761836442,1.0595661540003005,9490.0,-0.018561484918793503,0.018561484918793503,0.02364066193853428,0.0,0.020765990480037473,0.022472543560117787,3184133.6,3537798.8,-0.7189334040489334,0.45537920358840084,340734960000.0,208000.0
2025-03-25,214500.0,215500.0,208000.0,208000.0,2262656,-0.01654846335697402,-0.01668691878501471,208500.0,201650.0,200009.52380952382,0.018905059850965744,7500.0,6500.0,55.08172244001904,2669.7832764578925,1048.4988202873271,1621.2844561705654,216864.434635805,182655.565364195,0.1712498461734581,0.740873205558957,211666.66666666666,210100.0,206260.0,199760.0,0.9900047596382675,1.0412494993992791,10340.0,-0.01654846335697402,0.01654846335697402,0.036057692307692304,-0.030303030303030304,0.021257634296944175,0.023994056573515263,3097426.6,3496575.25,0.40446916277683975,0.6471063364073174,470632448000.0,214000.0
2025-03-26,209000.0,215500.0,208500.0,214000.0,2058540,0.028846153846153744,0.02843793532053341,209642.85714285713,203192.85714285713,200438.09523809524,0.02134433435483891,7000.0,-5000.0,59.7074702505021,3151.3016938702203,1469.059395003906,1682.2422988663143,218689.25977683015,182180.74022316985,0.18214642928460748,0.8715571095689634,211166.66666666666,211800.0,207770.0,200435.0,1.0103871576959396,1.0676778007832963,11365.0,0.028846153846153744,0.028846153846153744,0.03271028037383177,0.023923444976076555,0.023801672541964372,0.018455201293849956,2888734.6,3416921.6,-0.09021079651524577,0.6024545602685177,440527560000.0,207000.0
2025-03-27,208000.0,212000.0,206500.0,207000.0,2287220,-0.032710280373831724,-0.03325722175648235,210214.2857142857,204235.7142857143,200747.61904761905,0.025090802842690524,5500.0,1000.0,52.867152869002034,2934.2428847901756,1762.0960929611601,1172.1467918290155,219094.0899017259,182175.9100982741,0.18400667781519583,0.6724082832329907,209666.66666666666,211200.0,208500.0,200635.0,0.9801136363636364,1.031724275425524,10565.0,-0.032710280373831724,0.032710280373831724,0.026570048309178744,-0.004807692307692308,0.02816780236414774,0.022447400909273777,2790267.2,3338795.15,0.11108844132249063,0.6850435253567444,473454540000.0,199300.0
2025-03-28,203000.0,204500.0,198900.0,199300.0,2673553,-0.037198067632850274,-0.03790756604662007,209328.57142857142,205050.0,200571.42857142858,0.028823536654229653,5600.0,3700.0,46.54970222457103,2116.498884687142,1832.9766513063564,283.52223338078556,219097.50738716818,182182.49261283182,0.18398631765518522,0.46370040732229156,206766.66666666666,207960.0,207980.0,200640.0,0.958357376418542,0.9933213716108453,7320.0,-0.037198067632850274,0.037198067632850274,0.02809834420471651,-0.018226600985221674,0.026190172654401284,0.0245724811733125,2178601.8,3272801.85,0.16890941842061546,0.8169003571053347,532839112900.0,190700.0
2025-03-31,193500.0,195500.0,190500.0,190700.0,4561715,-0.04315102860010034,-0.04410971461237564,206571.42857142858,205257.14285714287,200166.66666666666,0.029629835172266132,5000.0,2800.0,40.69989406918987,765.6567320743343,1619.5126674599521,-853.8559353856178,219064.23053310995,182265.76946689005,0.18338255832466996,0.22920063200285215,199000.0,203800.0,206450.0,200665.0,0.9357212953876349,0.9503401191039793,3135.0,-0.04315102860010034,0.04315102860010034,0.026219192448872573,-0.014470284237726097,0.029116312868991877,0.027397049704943194,2768736.8,3224236.25,0.7062369812754787,1.4148203314816028,869919050500.0,197000.0
2025-04-01,193600.0,198500.0,192000.0,197000.0,2317253,0.03303618248557938,0.03250221613161506,203928.57142857142,205121.42857142858,200490.47619047618,0.03117794030011827,6500.0,-3400.0,46.04866157806942,201.1432879238855,1335.8387915527387,-1134.6955036288532,218398.60087383495,184021.39912616505,0.17085235200869686,0.37753511670607814,195666.66666666666,201600.0,205850.0,201210.0,0.9771825396825397,0.9790765866507629,390.0,0.03303618248557938,0.03303618248557938,0.03299492385786802,0.01756198347107438,0.037799940481676446,0.03001419309890197,2779656.2,3068871.1,-0.4920215313758093,0.755083196553938,456498841000.0,197900.0
2025-04-02,198800.0,201500.0,197300.0,197900.0,2764223,0.004568527918781706,0.0045581238705315165,201985.7142857143,204992.85714285713,201052.38095238095,0.031680654692653805,4200.0,900.0,46.78707910024763,-171.63668442107155,1034.3436963579768,-1205.9803807790483,218292.36512957411,184607.63487042589,0.16721136887142332,0.39461100110677366,195200.0,198380.0,205090.0,201450.0,0.997580401250126,0.9823777612310747,-3070.0,0.004568527918781706,0.004568527918781706,0.021222839818089943,-0.004527162977867203,0.0327461807590629,0.029684953118437534,2920792.8,2998963.85,0.19288787197599921,0.9217260154703099,547039731700.0,194600.0
2025-04-03,189600.0,194600.0,188200.0,194600.0,4177747,-0.016675088428499296,-0.01681568285661541,200071.42857142858,204285.7142857143,201123.80952380953,0.03168556372604235,6400.0,-5000.0,44.38812108972614,-724.9926549543161,682.4764260955183,-1407.4690810498344,218180.77330520927,184939.22669479073,0.1649213465490104,0.2906234604072663,196500.0,195900.0,203550.0,201560.0,0.9933639612046963,0.9654693391545942,-5660.0,-0.016675088428499296,0.016675088428499296,0.0328879753340185,0.026371308016877638,0.03134442572185073,0.028521109034737792,3298898.2,3080844.65,0.5113639529082856,1.3560394874178419,812989566200.0,182200.0
2025-04-04,187900.0,189600.0,178400.0,182200.0,9182017,-0.06372045220966083,-0.06584118492604672,195528.57142857142,202585.7142857143,200638.09523809524,0.03288014317086835,11200.0,5700.0,36.76076994168807,-2139.445422124787,118.09205645145721,-2257.537478576244,219391.15303727772,182708.84696272228,0.1824536487170129,-0.013871727739473837,191566.66666666666,192480.0,200220.0,201050.0,0.9465918536990856,0.9062422283014175,-8570.0,-0.06372045220966083,0.06372045220966083,0.06147091108671789,-0.03033528472591804,0.038194980212550925,0.030891694972142413,4600591.0,3404916.0,1.1978394096147995,2.69669413283617,1672963497400.0,164800.0
2025-04-07,168000.0,172800.0,164800.0,164800.0,7879050,-0.09549945115257963,-0.10037236735048667,189500.0,199857.14285714287,199323.80952380953,0.044209495191155725,8000.0,3200.0,29.18289272779765,-4611.287955695647,-827.7839459779636,-3783.5040097176834,223791.0445967198,175998.9554032802,0.23908596609940008,-0.23432655052915102,180533.33333333334,187300.0,195550.0,199895.0,0.8798718633208756,0.824432827234298,-12595.0,-0.09549945115257963,0.09549945115257963,0.04854368932038835,-0.01904761904761905,0.05183126515368478,0.03982991399041007,5264058.0,3676794.7,-0.1419042243114993,2.1429126842464172,1298467440000.0,169500.0
2025-04-08,172000.0,173100.0,168200.0,169500.0,4965171,0.02851941747572817,0.02812030934513364,185242.85714285713,197285.7142857143,198447.61904761905,0.04959639974799832,4900.0,2500.0,33.18918846677528,-6120.437656291644,-1886.3146880406998,-4234.122968250944,226020.60105218,171939.39894782,0.27179215048929534,-0.045106226431741,172166.66666666666,181800.0,191700.0,198980.0,0.9323432343234324,0.8518444064730124,-17180.0,0.02851941747572817,0.02851941747572817,0.028908554572271386,-0.014534883720930232,0.05053206381784354,0.04316493651437775,5793641.6,3748963.25,-0.3698261846288575,1.3244117557033934,841596484500.0,165000.0
2025-04-09,170000.0,170000.0,162700.0,165000.0,8035679,-0.026548672566371723,-0.02690745291992438,181571.42857142858,194071.42857142858,197361.90476190476,0.04880386144868934,7300.0,5000.0,31.359913394652907,-7592.04568204307,-3027.460886841174,-4564.584795201896,228303.9941809853,166266.0058190147,0.31445871891918076,-0.020406945041931347,166433.33333333334,175220.0,186800.0,197285.0,0.9416733249629038,0.8363534987454697,-22065.0,-0.026548672566371723,0.026548672566371723,0.04424242424242424,-0.029411764705882353,0.047240766907105505,0.039701155148343895,6847932.8,3947533.3,0.6184093156106809,2.0356203201629737,1325887035000.0,183200.0
2025-04-10,189700.0,189900.0,180000.0,183200.0,7836984,0.11030303030303035,0.10463297833944932,179600.0,191764.2857142857,196614.2857142857,0.06636081964947937,9900.0,6500.0,44.64792124484677,-7206.644042024447,-3863.297517877829,-3343.3465241466183,228080.4064689744,164839.5935310256,0.32190172522624855,0.2903252759731193,172566.66666666666,172940.0,184420.0,196460.0,1.0593269341968312,0.9325053445994096,-23520.0,0.11030303030303035,0.11030303030303035,0.05403930131004367,-0.03426462836056932,0.0812782275471384,0.058090017907515466,7579780.2,4145230.85,-0.02472659746612571,1.8906025462972706,1435735468800.0,180800.0
2025-04-11,177800.0,181800.0,176100.0,180800.0,3223735,-0.013100436681222738,-0.013187004281953801,177157.14285714287,189571.42857142858,195714.2857142857,0.06603341813085153,5700.0,-3000.0,43.453302354883185,-7014.017183981079,-4493.441451098479,-2520.5757328826003,227399.09327002167,163150.90672997833,0.3290138857510861,0.2747018121518759,176333.33333333334,172660.0,182570.0,195275.0,1.0471446774006719,0.9258737677634106,-22615.0,-0.013100436681222738,0.013100436681222738,0.03152654867256637,0.01687289088863892,0.07578590700818172,0.05736098079015982,6388123.8,4136544.5,-0.5886510678087387,0.7793304290573932,582851288000.0,180200.0
2025-04-14,182900.0,184400.0,178000.0,180200.0,3466194,-0.0033185840707964376,-0.00332410278383856,175100.0,187585.7142857143,194557.14285714287,0.06609728592435452,6400.0,2700.0,43.14251859158071,-6831.030133559863,-4960.959187590755,-1870.070945969108,226366.75412172725,161603.24587827275,0.3338583305072789,0.287148652476015,181400.0,175740.0,181520.0,193985.0,1.0253783999089565,0.9289378044694178,-18245.0,-0.0033185840707964376,0.0033185840707964376,0.03551609322974473,-0.014762165117550574,0.054840576522235555,0.05603398304606316,5505552.6,4180620.25,0.07521058647810697,0.8291099867298399,624608158800.0,180600.0
2025-04-15,180200.0,182400.0,179700.0,180600.0,1915455,0.002219755826859071,0.002217295808647531,174871.42857142858,185200.0,193347.61904761905,0.061530729693219585,2700.0,-400.0,43.43298254154987,-6577.908881707815,-5284.349126414168,-1293.5597552936479,225482.54613378318,160247.45386621682,0.33824225374000655,0.31198769598279663,180533.33333333334,177960.0,179880.0,192865.0,1.0148347943358058,0.9364062945583699,-14905.0,0.002219755826859071,0.002219755826859071,0.014950166112956811,0.0022197558268590455,0.05498083775114049,0.054584588576833536,4895609.4,4141583.45,-0.4473895575377489,0.46249339730194255,345931173000.0,174000.0
2025-04-16,176500.0,177500.0,173500.0,174000.0,2933428,-0.03654485049833889,-0.03722934176835604,176185.7142857143,182842.85714285713,191966.66666666666,0.04763952348160507,4000.0,2500.0,39.818408340299904,-6831.128312516492,-5593.704963634633,-1237.423348881859,224377.3739633334,158202.6260366666,0.3459394005262523,0.2387220874772301,178266.66666666666,179760.0,177490.0,191290.0,0.9679572763684913,0.9096136755711224,-11530.0,-0.03654485049833889,0.03654485049833889,0.022988505747126436,-0.014164305949008499,0.056965764896682126,0.05513477667954482,3875159.2,4133154.85,0.5314523181176274,0.7097309697941755,510416472000.0,175000.0
2025-04-17,172100.0,175400.0,171800.0,175000.0,2989493,0.005747126436781658,0.0057306747089850745,176971.42857142858,181107.14285714287,190514.2857142857,0.04678875332812745,3600.0,-2900.0,40.62468514238726,-6871.899908591469,-5849.343952626001,-1022.5559559654685,222159.74861950963,156920.25138049037,0.3441990990768136,0.2771288772087021,176533.33333333334,178120.0,175530.0,189540.0,0.9824837188412306,0.9232879603249974,-11420.0,0.005747126436781658,0.005747126436781658,0.02057142857142857,0.0168506682161534,0.016964459275620007,0.055353563090396005,2905661.0,4143651.65,0.019112451370887573,0.7214633981116632,523161275000.0,175000.0
2025-04-18,174000.0,175500.0,172800.0,175000.0,1305152,0.0,0.0,178400.0,179985.7142857143,188847.61904761905,0.04483708878550359,2700.0,-1000.0,40.62468514238726,-6825.531217099313,-6044.581405520664,-780.9498115786491,218327.52479448132,156702.47520551868,0.32864063988994285,0.296916999118464,174666.66666666666,176960.0,174810.0,187515.0,0.9889240506329114,0.9332586726395222,-10555.0,0.0,0.0,0.015428571428571429,0.005747126436781609,0.01718297025107034,0.0519418032125481,2521944.4,3922315.25,-0.563420285647098,0.33275040806574635,228401600000.0,176600.0
2025-04-21,174800.0,180000.0,174500.0,176600.0,1877473,0.00914285714285712,0.009101314246345561,177457.14285714287,178528.57142857142,186995.2380952381,0.015807389447281935,5500.0,-1800.0,42.064978691141114,-6583.783311034524,-6152.421786623436,-431.3615244110879,214762.4200620202,156777.5799379798,0.31213242247962736,0.3418552162878494,175533.33333333334,176240.0,175990.0,185770.0,1.0020426690876079,0.9506378855574097,-9530.0,0.00914285714285712,0.00914285714285712,0.03114382785956965,0.010297482837528604,0.018584469351190878,0.040470374140063915,2204200.2,3935636.9,0.43850907786985727,0.4770442618830004,331561731800.0,173800.0
2025-04-22,175000.0,175500.0,173300.0,173800.0,2008388,-0.015855039637599044,-0.015982075338567926,176457.14285714287,176807.14285714287,185200.0,0.016074584994644345,2200.0,1200.0,40.22600820311771,-6542.712634647207,-6230.47995622819,-312.23267841901725,211525.91380334232,156594.08619665768,0.29844522224646663,0.31322303576967714,175133.33333333334,174880.0,176420.0,184060.0,0.9938243366880146,0.944257307399761,-9180.0,-0.015855039637599044,0.015855039637599044,0.012658227848101266,-0.006857142857142857,0.01885557650204812,0.04035948539085259,2222786.8,3922923.5,0.06972936494958915,0.5119620609476581,349057834400.0,181000.0
2025-04-23,179100.0,181600.0,178100.0,181000.0,3857373,0.04142692750287691,0.04059181843453412,176571.42857142858,175835.7142857143,183914.2857142857,0.02382902340616835,3500.0,-1900.0,46.680993845825405,-5861.614952182543,-6156.706955419061,295.0920032365184,205993.21436954683,158826.78563045317,0.2585737006693364,0.470105856269094,177133.33333333334,176280.0,178020.0,182410.0,1.0267755842977082,0.9922701606271586,-6130.0,0.04142692750287691,0.04142692750287691,0.019337016574585635,0.01060859854829704,0.020956868176617526,0.04051559985286757,2407575.8,4012865.15,0.9206313720257242,0.9612515885314512,698184513000.0,178300.0
2025-04-24,182800.0,183400.0,177600.0,178300.0,3162156,-0.014917127071823244,-0.015029506396731063,176242.85714285713,175557.14285714287,182214.2857142857,0.024519511306999968,5800.0,4500.0,44.730249775802136,-5476.576996380521,-6020.680963611354,544.1039672308325,201560.3166883071,160389.6833116929,0.22749348460623947,0.43502650358739786,177700.0,176940.0,177530.0,180975.0,1.007686221317961,0.9852189528940462,-4035.0,-0.014917127071823244,0.014917127071823244,0.03252944475602917,-0.02461706783369803,0.023426992902737347,0.020456733769232516,2442108.4,4056611.95,-0.1802306906799005,0.7795066520967084,563812414800.0,184400.0
2025-04-25,182500.0,184900.0,182100.0,184400.0,3507810,0.034212002243410033,0.03363978625339878,177728.57142857142,176957.14285714287,181138.09523809524,0.02196544469780029,2800.0,-1900.0,49.8311315913143,-4625.8882618190255,-5741.722423252889,1115.8341614338633,199023.4030978958,161436.5969021042,0.20854911055757408,0.6109431851772203,181233.33333333334,178820.0,177890.0,180230.0,1.031204563247959,1.0231371025911336,-1410.0,0.034212002243410033,0.034212002243410033,0.015184381778741865,0.010410958904109589,0.026742935535209983,0.02304522924324703,2882640.0,4098324.8,0.10930959762895953,0.8559131282127761,646840164000.0,182000.0
2025-04-28,183500.0,183900.0,179700.0,182000.0,2455710,-0.013015184381778733,-0.013100624045698093,178728.57142857142,177850.0,180314.2857142857,0.023435556889918413,4200.0,1500.0,47.95585435428007,-4098.130555119074,-5413.004049626126,1314.8734945070519,197960.26181595257,161629.73818404743,0.20206637354712392,0.5606927668409268,181566.66666666666,179900.0,178070.0,179795.0,1.0116731517509727,1.0122639672960871,105.0,-0.013015184381778733,0.013015184381778733,0.023076923076923078,-0.008174386920980926,0.028840270429323,0.023503208415796086,2998287.4,3993024.55,-0.2999307260085352,0.6149999753945916,446939220000.0,180800.0
2025-04-29,182000.0,182900.0,179100.0,180800.0,1866386,-0.00659340659340657,-0.006615239118719205,179557.14285714287,178978.57142857142,179842.85714285713,0.023829224177828966,3800.0,1200.0,47.00339027862346,-3733.669325594936,-5077.137104819889,1343.4677792249531,195267.15361418104,162702.84638581896,0.18193875033305623,0.5557358701744226,182400.0,181300.0,178090.0,178985.0,0.9972421400992829,1.0101405145682598,2315.0,-0.00659340659340657,0.00659340659340657,0.02101769911504425,-0.006593406593406593,0.02731291315321545,0.023627365097327775,2969887.0,3970481.2,-0.2399811052608003,0.4700654419418986,337442588800.0,177500.0
2025-04-30,179100.0,180000.0,176700.0,177500.0,2354473,-0.018252212389380573,-0.018420839042605677,179685.7142857143,178571.42857142858,178914.2857142857,0.025204719590121424,3300.0,1600.0,44.392242604476266,-3668.8217033114342,-4795.474024518198,1126.652321206764,191598.43799556614,164331.56200443386,0.15321482308955292,0.4829463411888026,180100.0,180600.0,178440.0,177965.0,0.9828349944629015,0.9973871266822127,2635.0,-0.018252212389380573,0.018252212389380573,0.018591549295774647,-0.00893355667225014,0.0216220624117553,0.021016511339233195,2669307.0,3949993.7,0.26151449914433567,0.5960700646180778,417918957500.0,186000.0
2025-05-02,179400.0,186200.0,178400.0,186000.0,3886874,0.04788732394366191,0.0467760647977307,181428.57142857142,178942.85714285713,178347.61904761905,0.029127413956756765,7800.0,-6600.0,51.817051677483576,-2898.1425496327574,-4416.00772954111,1517.8651799083527,189385.16544410377,165684.83455589623,0.13349666763290358,0.8571680091695214,181433.33333333334,182140.0,179540.0,177535.0,1.0211924892939497,1.0476807390092095,4605.0,0.04788732394366191,0.04788732394366191,0.041935483870967745,0.03678929765886288,0.03007598212772755,0.025545798899699105,2814250.6,3935450.05,0.6508467075222353,0.9876567992522228,722958564000.0,190800.0
2025-05-07,187700.0,191500.0,185900.0,190800.0,3830097,0.02580645161290329,0.025479085300984968,182828.57142857142,179700.0,178166.66666666666,0.026932730915696434,5600.0,-3100.0,55.4356816235175,-1878.40084746707,-3908.4863531263027,2030.0855056592327,191084.09416000004,164845.90583999996,0.14743454229764322,0.9891724932935447,184766.66666666666,183420.0,181120.0,177965.0,1.0402355250245339,1.0721209226533308,5455.0,0.02580645161290329,0.02580645161290329,0.029350104821802937,0.016515716568993075,0.028497279046500793,0.026123971770483395,2878708.0,3667854.05,-0.014607368286185807,1.0442337529760761,730782507600.0,190300.0
2025-05-08,196000.0,196000.0,189400.0,190300.0,5125330,-0.00262054507337528,-0.002623984712082363,184542.85714285713,180392.85714285713,178552.38095238095,0.025574571953633076,6600.0,5700.0,54.97254397366223,-1097.9376808418892,-3346.37661866942,2248.438937827531,191921.0924317725,166558.9075682275,0.14149846498295582,0.9360823036148349,189033.33333333334,185080.0,182490.0,179240.0,1.0282040198832938,1.0617049765677304,5840.0,-0.00262054507337528,0.00262054507337528,0.03468208092485549,-0.029081632653061223,0.02699654538280089,0.02637963371872207,3412632.0,3530168.05,0.3381723752688248,1.451865726335606,975350299000.0,190100.0
2025-05-09,192000.0,192800.0,186800.0,190100.0,2539822,-0.0010509721492379942,-0.0010515248077202785,185357.14285714287,181542.85714285713,179757.14285714287,0.02333628792598116,6000.0,1900.0,54.7754147348755,-489.9059955276898,-2775.0824940410744,2285.1764985133846,192966.4727799744,167573.5272200256,0.14086062883424197,0.8871153890671288,190400.0,186940.0,184120.0,180270.0,1.0169038194072963,1.054529317135408,6670.0,-0.0010509721492379942,0.0010509721492379942,0.03156233561283535,-0.009895833333333333,0.026288097420509707,0.025297329624629467,3547319.2,3408900.6,-0.5044568837518755,0.7450560453420085,482820162200.0,195000.0
2025-05-12,193600.0,195200.0,193500.0,195000.0,1624884,0.025775907417148858,0.025449309069363314,187214.2857142857,182971.42857142858,180971.42857142858,0.02307931515017641,1700.0,-1400.0,58.68444940301953,382.9382706931792,-2143.4783410942237,2526.416611787403,193948.5142988098,169591.4857011902,0.13399916706618042,1.0431697034380027,191800.0,190440.0,185520.0,181770.0,1.0239445494643982,1.0727842878362766,8670.0,0.025775907417148858,0.025775907417148858,0.008717948717948718,0.007231404958677686,0.021190093376367736,0.023508979748440274,3401401.4,3088360.85,-0.3602370559826633,0.5261315237822678,316852380000.0,198500.0
2025-05-13,200500.0,201500.0,197300.0,198500.0,3385009,0.017948717948717885,0.01778954156349824,189742.85714285713,184650.0,182566.66666666666,0.021994231265342726,4200.0,2000.0,61.26022859593633,1341.6289263284125,-1446.4568876096964,2788.085813938109,196829.97887555737,168240.02112444263,0.15662726464028673,1.0584128573739329,194533.33333333334,192940.0,187540.0,182535.0,1.028817248885664,1.0874626783904457,10405.0,0.017948717948717885,0.017948717948717885,0.02115869017632242,-0.00997506234413965,0.014080148265503713,0.022256105350398892,3301028.4,2865762.1,1.0832311721944459,1.1811898133484282,671924286500.0,206000.0
2025-05-14,207000.0,207000.0,204000.0,206000.0,3333511,0.037783375314861534,0.03708706866233605,193814.2857142857,186750.0,183652.38095238095,0.018335796307620666,3000.0,1000.0,66.13274182304895,2675.741218620038,-622.0172663637495,3297.7584849837876,201485.2560155227,166104.7439844773,0.19249986142738046,1.127605388540328,199833.33333333334,195980.0,189700.0,183795.0,1.0511276660883764,1.1208139503250905,12185.0,0.037783375314861534,0.037783375314861534,0.014563106796116505,-0.004830917874396135,0.017395441190716548,0.022694136895691698,3201711.2,2871250.9,-0.015213548915231856,1.1609960662093306,686703266000.0,200500.0
2025-05-15,207500.0,208000.0,199500.0,200500.0,3178957,-0.02669902912621358,-0.027061922042957192,195885.7142857143,188657.14285714287,184590.47619047618,0.02207596023313519,8500.0,7000.0,60.15729504467381,3251.7466759013187,152.73552208926412,3099.0111538120545,203905.4279454809,165714.5720545191,0.2066492932793776,0.9108313268703985,201666.66666666666,198020.0,191550.0,184810.0,1.0125239874760126,1.0848980033547968,13210.0,-0.02669902912621358,0.02669902912621358,0.04239401496259352,-0.033734939759036145,0.025249235276009148,0.024655448018001572,2812436.6,2856889.05,-0.046363728813254235,1.1127337969250155,637380878500.0,204500.0
2025-05-16,206000.0,206750.0,203500.0,204500.0,2419507,0.01995012468827939,0.01975372873623265,197842.85714285713,190335.7142857143,185747.61904761905,0.02153767267782391,3250.0,1500.0,62.79052836745901,3985.0643797438825,919.2012936201879,3065.8630861236943,206897.85700147806,165112.14299852194,0.22464833742617732,0.942615387610502,203666.66666666666,200900.0,193920.0,186005.0,1.0179193628670982,1.0994328109459424,14895.0,0.01995012468827939,0.01995012468827939,0.01589242053789731,-0.007281553398058253,0.024531604444655443,0.0240931165223561,2788373.6,2882091.65,-0.23889911062024427,0.8394968980254324,494789181500.0,199400.0
2025-05-19,203000.0,203000.0,197500.0,199400.0,2482673,-0.024938875305623442,-0.02525511795511845,199142.85714285713,191842.85714285713,186642.85714285713,0.02513087835172064,5500.0,3600.0,57.566503374654545,4107.349596375629,1556.830954171276,2550.5186422043525,208183.2079072965,166366.7920927035,0.2232888309416261,0.7899578972468663,201466.66666666666,201780.0,196110.0,187275.0,0.9882049757161264,1.0647443598985449,14505.0,-0.024938875305623442,0.024938875305623442,0.027582748244734202,-0.017733990147783252,0.02901252857183519,0.025117167694013908,2959931.4,2859553.9,0.026106971378880184,0.8682029039564528,495044996200.0,202000.0
2025-05-20,202500.0,208000.0,201500.0,202000.0,2820546,0.013039117352056095,0.012954839873466732,200842.85714285713,193100.0,187976.19047619047,0.024970428215187607,6500.0,500.0,59.42007839233288,4363.757106883422,2118.2161847137054,2245.540922169717,209682.2027931937,167567.7972068063,0.22327053988807094,0.8175872914213277,201966.66666666666,202480.0,197710.0,188625.0,0.9976293954958514,1.0709078860172299,13855.0,0.013039117352056095,0.013039117352056095,0.03217821782178218,-0.0024691358024691358,0.028535800832647996,0.021777896920479715,2847038.8,2851106.55,0.1360924294097532,0.9892811617299957,569750292000.0,200500.0
2025-05-21,204500.0,205000.0,199900.0,200500.0,1721760,-0.007425742574257432,-0.007453450654580891,201628.57142857142,194421.42857142858,189190.47619047618,0.024376068349708683,5100.0,4000.0,57.850049387178835,4395.258636689949,2573.6246751089543,1821.6339615809943,210568.00222056967,169231.99777943033,0.2176724825757733,0.7564350411538671,200633.33333333334,201380.0,198680.0,189900.0,0.9956301519515344,1.0558188520273828,11480.0,-0.007425742574257432,0.007425742574257432,0.02543640897755611,-0.019559902200488997,0.021342319743328463,0.021375300435285637,2524688.6,2871936.95,-0.3895649991171922,0.5995117685295981,345212880000.0,196900.0
2025-05-22,199900.0,201500.0,196500.0,196900.0,1988587,-0.01795511221945134,-0.01811826110154399,201400.0,195571.42857142858,190233.33333333334,0.024759258631289454,5000.0,3000.0,54.15190295755556,4082.671417744161,2875.434023635996,1207.237394108165,210812.34444064015,171017.65555935985,0.2084419185568463,0.6503969541728315,199800.0,200660.0,199340.0,190915.0,0.9812618359413934,1.031349029672891,9745.0,-0.01795511221945134,0.01795511221945134,0.025393600812595226,-0.015007503751875938,0.019412831466762096,0.02251637659649465,2286614.6,2877492.65,0.15497339931233167,0.691083259587127,391552780300.0,200000.0
2025-05-23,199900.0,201500.0,198700.0,200000.0,1538701,0.015744032503808958,0.01562138090295674,200542.85714285713,197178.57142857142,191347.61904761905,0.02012975241864233,2800.0,-100.0,56.717768470115004,4038.5341787668003,3108.054054662157,930.4801241046434,210782.6626250523,173667.3373749477,0.19308271686879747,0.7094822003473643,199133.33333333334,199760.0,200330.0,192225.0,1.001201441730076,1.0404473923787227,7535.0,0.015744032503808958,0.015744032503808958,0.014,0.0005002501250625312,0.0181975512925962,0.02275250337801081,2110453.4,2854008.3,-0.22623400434579932,0.539136834325254,307740200000.0,203000.0
2025-05-26,200000.0,203500.0,196900.0,203000.0,1459997,0.014999999999999902,0.014888612493750559,200900.0,198392.85714285713,192738.09523809524,0.018364121998312933,6600.0,-3000.0,59.103092006894165,4197.246778670407,3325.892599463807,871.3541792066003,211688.2212516443,174961.7787483557,0.1899725462474518,0.7634341727798347,199966.66666666666,200480.0,201130.0,193325.0,1.0125698324022345,1.0500452605715764,7155.0,0.014999999999999902,0.014999999999999902,0.03251231527093596,0.015,0.015432854205257746,0.021915956767811152,1905918.2,2734139.5,-0.051149638558758315,0.5339877500763951,296379391000.0,202500.0
2025-05-27,200500.0,203500.0,200000.0,202500.0,1424916,-0.0024630541871921707,-0.002466092495193554,200614.2857142857,199228.57142857142,193761.90476190476,0.016570331644453828,3500.0,-2000.0,58.52418810053818,4233.876345219702,3507.489348614986,726.3869966047159,211891.23958787095,177178.76041212905,0.17843822024695763,0.7294563854017715,201833.33333333334,200580.0,201530.0,194535.0,1.0095722405025427,1.040943789035392,6045.0,-0.0024630541871921707,0.0024630541871921707,0.01728395061728395,0.00997506234413965,0.014618368237534492,0.02144323427526477,1626792.2,2647277.5,-0.024028131564653887,0.5382571339800984,288545490000.0,208000.0
2025-05-28,206500.0,209500.0,206000.0,208000.0,3161188,0.02716049382716057,0.026798193154724217,201842.85714285713,200492.85714285713,195176.19047619047,0.01574201579369041,3500.0,-1500.0,62.836322866377486,4653.071859237301,3736.605850739449,916.4660084978523,213376.289814018,178053.710185982,0.1804796751809315,0.8477945305628026,204500.0,202080.0,201730.0,195715.0,1.0292953285827395,1.0627698439056792,6365.0,0.02716049382716057,0.02716049382716057,0.016826923076923076,0.007263922518159807,0.017733966272968364,0.019674997587265954,1914677.8,2629946.4,1.2185083190868795,1.201997120549681,657527104000.0,212000.0
2025-05-29,214500.0,214500.0,207500.0,212000.0,3827689,0.019230769230769162,0.01904819497069441,203271.42857142858,202057.14285714287,196490.47619047618,0.016345517835497404,7000.0,2500.0,65.63466014155321,5247.563252165768,4038.7973310247135,1208.7659211410546,215066.58403704216,179363.41596295784,0.1810367774970683,0.9141089095881076,207500.0,205100.0,202880.0,197215.0,1.0336421257922965,1.0749689425246558,7885.0,0.019230769230769162,0.019230769230769162,0.0330188679245283,-0.011655011655011656,0.010854346815592357,0.017717379113058228,2282498.2,2698545.35,0.2108387732713144,1.418426783155599,811470068000.0,204500.0
2025-05-30,210000.0,210000.0,203000.0,204500.0,4826628,-0.035377358490566,-0.03601829918915598,203842.85714285713,202735.7142857143,197561.90476190476,0.02281301466387167,7000.0,5500.0,56.972389141444204,5055.240973096428,4242.086059439057,813.1549136573713,214746.63976415174,182053.36023584826,0.1647846750418522,0.6865826887975267,208166.66666666666,206000.0,202880.0,198400.0,0.9927184466019418,1.0307459677419355,7600.0,-0.035377358490566,0.035377358490566,0.034229828850855744,-0.02619047619047619,0.024895835641305215,0.02110055728944509,2940083.6,2846557.45,0.2609770543009111,1.6956018224750742,987045426000.0,207500.0
2025-06-02,205000.0,208500.0,203000.0,207500.0,1775752,0.014669926650366705,0.01456336418789651,205357.14285714287,203378.57142857142,198833.33333333334,0.021092594944861057,5500.0,-2500.0,59.28699152531866,5086.267780399998,4410.922403631245,675.3453767687524,213435.6060661851,186364.3939338149,0.13542377254812515,0.7807410308352005,208000.0,206900.0,203690.0,199900.0,1.0028999516674721,1.0380190095047523,7000.0,0.014669926650366705,0.014669926650366705,0.02650602409638554,0.012195121951219513,0.024862144369443097,0.01951500454954566,3003234.6,2817621.4,-0.6320926327862848,0.6302308748790736,368468540000.0,217500.0
2025-06-04,218000.0,223000.0,216500.0,217500.0,5108674,0.04819277108433728,0.04706751085798573,207857.14285714287,204200.0,200738.09523809524,0.02591116777049332,6500.0,500.0,65.87641277897853,5850.3341646930785,4698.804755843612,1151.5294088494666,215521.52045319782,187428.47954680218,0.13943685770639358,1.070425966110054,209833.33333333334,209900.0,205240.0,201475.0,1.0362077179609337,1.0795384042685197,8425.0,0.04819277108433728,0.04819277108433728,0.029885057471264367,-0.0022935779816513763,0.030843442832663926,0.023953252334932985,3739986.2,2878711.4,1.8769073609377886,1.774639166677146,1111136595000.0,224500.0
2025-06-05,225500.0,230000.0,222000.0,224500.0,5768506,0.03218390804597693,0.03167685665357012,210928.57142857142,205914.2857142857,202571.42857142858,0.02697984180865321,8000.0,1000.0,69.58710217385325,6940.695757347858,5147.182956144461,1793.5128012033965,219681.80696120003,186638.19303879997,0.16264822761567263,1.1458131380579335,216500.0,213200.0,207640.0,203160.0,1.0530018761726079,1.1050403622760385,10040.0,0.03218390804597693,0.03218390804597693,0.035634743875278395,-0.004434589800443459,0.03142408044559268,0.0244480734568351,4261449.8,2975631.85,0.1291591516702768,1.9385818847180305,1295029597000.0,229000.0
2025-06-09,233000.0,233500.0,228000.0,229000.0,3666084,0.020044543429844186,0.01984629637193075,214714.2857142857,207664.2857142857,204390.47619047618,0.025956304134455984,5500.0,4000.0,71.71638794545801,8074.845771452354,5732.71551920604,2342.130252246314,224146.4511120199,186043.5488879801,0.18578172175840355,1.1273800315640503,223666.66666666666,216600.0,210850.0,205095.0,1.05724838411819,1.1165557424608108,11505.0,0.020044543429844186,0.020044543429844186,0.024017467248908297,-0.017167381974248927,0.03144851903793802,0.02218569734428795,4229128.8,2902669.55,-0.3644655999317674,1.26300425758075,839533236000.0,230500.0
2025-06-10,231000.0,232500.0,227500.0,230500.0,3718655,0.0065502183406114245,0.006528858882463631,217928.57142857142,209885.7142857143,206304.7619047619,0.025885606260336015,5000.0,500.0,72.40980473344572,8991.061927557574,6384.384800876347,2606.6771266812266,227955.2722479439,186274.7277520561,0.2012434854833683,1.0610531312110654,228000.0,221800.0,213900.0,207115.0,1.039224526600541,1.1129082876662724,14685.0,0.0065502183406114245,0.0065502183406114245,0.021691973969631236,-0.0021645021645021645,0.016270513909406852,0.0223614349979481,4007534.2,2961611.2,0.014339824182970196,1.2556189009549936,857149977500.0,240000.0
2025-06-11,236000.0,241000.0,235000.0,240000.0,4230421,0.04121475054229928,0.04038806090528803,221928.57142857142,212600.0,208680.95238095237,0.02768104986185069,6000.0,-4000.0,76.36238084024788,10364.267611941323,7180.361363089342,3183.9062488519803,234058.51289199997,184671.48710800003,0.2358895984715685,1.1203046146975084,233166.66666666666,228300.0,217600.0,209365.0,1.0512483574244416,1.1463234064910564,18935.0,0.04121475054229928,0.04121475054229928,0.025,0.01694915254237288,0.016657298692340377,0.023907234538294297,4498468.0,3091888.05,0.1376212636020282,1.3682322683060921,1015301040000.0,235500.0
2025-06-12,242500.0,246500.0,235000.0,235500.0,4994238,-0.018750000000000044,-0.01892800988551891,226357.14285714287,215100.0,210609.52380952382,0.022401368142486902,11500.0,7000.0,71.16186548348489,10963.055340595922,7936.900158590659,3026.1551820052628,237941.47219124652,184488.52780875348,0.25307361874153367,0.9543248324399852,235333.33333333334,231900.0,220900.0,211215.0,1.0155239327296248,1.114977629429728,20685.0,-0.018750000000000044,0.018750000000000044,0.04883227176220807,-0.0288659793814433,0.023508575619756906,0.02586570310618246,4475580.8,3172349.5,0.18055342482462144,1.5743025792082492,1176143049000.0,235500.0
2025-06-13,240500.0,243000.0,233750.0,235500.0,4100610,0.0,0.0,230357.14285714287,217857.14285714287,212371.42857142858,0.02364962185355795,9250.0,5000.0,71.16186548348489,11307.255921842734,8610.971311241075,2696.2846106016586,241388.05788404137,183991.94211595863,0.269858083445779,0.8974136523831524,237000.0,234100.0,223650.0,212690.0,1.0059803502776592,1.1072452865673046,21410.0,0.0,0.0,0.03927813163481953,-0.02079002079002079,0.022436243525886124,0.02593255566690764,4142001.6,3210704.45,-0.17893180100748107,1.2771683173765807,965693655000.0,248000.0
2025-06-16,238000.0,248500.0,238000.0,248000.0,3760740,0.05307855626326963,0.05171783270850972,234714.2857142857,221285.7142857143,214371.42857142858,0.024643932056801578,10500.0,-10000.0,76.35052617519065,12445.222121715953,9377.821473336051,3067.400648379902,247174.63292091314,182955.36707908686,0.2986039841063226,1.0128523281645692,239666.66666666666,237900.0,227250.0,215065.0,1.0424548129466162,1.1531397484481436,22835.0,0.05307855626326963,0.05307855626326963,0.04233870967741935,0.04201680672268908,0.02984370655339831,0.02890442295200123,4160932.8,3239793.6,-0.082882790609202,1.1607961692374478,932663520000.0,249000.0
2025-06-17,253000.0,260000.0,248000.0,249000.0,5044669,0.0040322580645162365,0.004024150299725548,238214.2857142857,224571.42857142858,216680.95238095237,0.024441391219656036,12000.0,4000.0,76.71152339631685,13274.737268377736,10157.204632344388,3117.5326360333474,252348.86178234662,182231.13821765338,0.32269190282430504,0.9522394394441965,244166.66666666666,241600.0,231700.0,217290.0,1.0306291390728477,1.1459340052464448,24310.0,0.0040322580645162365,0.0040322580645162365,0.04819277108433735,-0.015810276679841896,0.03007223095098389,0.023221704321848526,4426135.6,3371051.7,0.3414032876508346,1.4964674080792055,1256122581000.0,246500.0
2025-06-18,245500.0,252000.0,245000.0,246500.0,4081001,-0.010040160642570295,-0.010090902981962831,240714.2857142857,227714.2857142857,218680.95238095237,0.025981252089466618,7000.0,-1000.0,73.68337885666969,13573.933041193872,10840.550314114285,2733.3827270795864,255949.52922302205,183340.47077697795,0.3305746019533525,0.8698574334214234,247833.33333333334,242900.0,235600.0,219645.0,1.0148209139563606,1.1222654738327755,23255.0,-0.010040160642570295,0.010040160642570295,0.028397565922920892,0.004073319755600814,0.027953298914390044,0.025104636123168624,4396251.6,3450968.1,-0.19102700296094743,1.1825670019957588,1005966746500.0,246000.0
2025-06-19,247000.0,250000.0,242000.0,246000.0,2317796,-0.0020283975659228792,-0.0020304575503819517,242928.57142857142,230428.57142857142,220900.0,0.02639845806132322,8000.0,1000.0,73.06219042246633,13613.770948201476,11395.194440931726,2218.5765072697504,258970.75925149544,184719.24074850456,0.3346999864905267,0.8253132122682046,247166.66666666666,245000.0,238450.0,221845.0,1.0040816326530613,1.108882327751358,23155.0,-0.0020283975659228792,0.0020283975659228792,0.032520325203252036,-0.004048582995951417,0.025163219663045844,0.02327233797917183,3860963.2,3425830.6,-0.43205208722075783,0.6765646847803858,570177816000.0,257000.0
2025-06-20,249000.0,257000.0,247500.0,257000.0,3597877,0.04471544715447151,0.04374454896285696,245357.14285714287,233642.85714285713,223519.04761904763,0.027079020336325827,9500.0,-8000.0,77.54692736195685,14367.333172230807,11989.622187191542,2377.7109850392644,263515.66493459116,185824.33506540884,0.34580197564954074,0.9161339502675225,249833.33333333334,249300.0,241700.0,224670.0,1.03088648215002,1.143899942137357,24630.0,0.04471544715447151,0.04471544715447151,0.03696498054474708,0.0321285140562249,0.028838748314265007,0.02473384542662922,3760416.6,3519636.45,0.5522837212593343,1.0222297248910466,924654389000.0,259500.0
2025-06-23,252500.0,263000.0,248500.0,259500.0,3398736,0.009727626459143934,0.009680617710723496,248785.7142857143,237571.42857142858,226328.57142857142,0.02400959821802395,14500.0,-7000.0,78.42602453327382,14993.430832969112,12590.383916347057,2403.0469166220555,267306.69496893435,188293.30503106568,0.3468542139502575,0.9011978226086356,254166.66666666666,251600.0,244750.0,227800.0,1.0313990461049285,1.1391571553994733,23800.0,0.009727626459143934,0.009727626459143934,0.055876685934489405,0.027722772277227723,0.021122017739159078,0.02466328860066485,3688015.8,3590143.9,-0.05534958532490131,0.9466851732600468,881971992000.0,278500.0
2025-06-24,270000.0,283000.0,269500.0,278500.0,5436312,0.07321772639691715,0.07066135676139539,254928.57142857142,242642.85714285713,230214.2857142857,0.0310355954066965,13500.0,-8500.0,83.66164087656048,16828.76739528007,13438.06061213366,3390.7067831464083,275018.94633749255,188431.05366250745,0.3736665990936891,1.0402025451245691,265000.0,257500.0,249550.0,231725.0,1.0815533980582523,1.201855647858453,25775.0,0.07321772639691715,0.07321772639691715,0.04847396768402154,0.03148148148148148,0.034955469310740915,0.03097421102597733,3766344.4,3785024.45,0.5995099354583586,1.436268661355675,1514012892000.0,286000.0
2025-06-25,289000.0,291500.0,284000.0,286000.0,5466598,0.026929982046678624,0.026573751452513866,260357.14285714287,247535.7142857143,234309.52380952382,0.028650693236674334,7500.0,3000.0,85.18955226472559,18673.218919651583,14485.092273637245,4188.126646014338,283291.2696927853,188458.73030721472,0.40204574196320325,1.0285633003688908,274666.6666666667,265400.0,254150.0,235875.0,1.0776186887716654,1.21250662427133,29525.0,0.026929982046678624,0.026929982046678624,0.026223776223776224,-0.010380622837370242,0.029703600315757615,0.030181605757721924,4043463.8,3985354.5,0.005571056260199825,1.3716717044870161,1563447028000.0,293000.0
2025-06-26,294500.0,298500.0,287000.0,293000.0,5894020,0.02447552447552437,0.024180798197214613,266642.85714285716,252428.57142857142,238595.2380952381,0.027732719383500956,11500.0,1500.0,86.46206895650141,20463.906365587638,15680.855092027325,4783.051273560313,291533.05656504614,189266.94343495384,0.4253998050336618,1.0143443745934468,285833.3333333333,274800.0,259900.0,240400.0,1.0662299854439592,1.218801996672213,34400.0,0.02447552447552437,0.02447552447552437,0.03924914675767918,-0.0050933786078098476,0.024322110279630688,0.027274846568431703,4758708.6,4208809.7,0.07818793333623586,1.4004006881090394,1726947860000.0,284000.0
2025-06-27,288000.0,294500.0,281000.0,284000.0,5134863,-0.030716723549488067,-0.03119837085586128,272000.0,256357.14285714287,242476.19047619047,0.03266956410232104,13500.0,4000.0,77.26958212827732,20915.710987154744,16727.826271052807,4187.884716101937,296478.0018141877,191921.99818581232,0.4281572630154601,0.8806572422322262,287666.6666666667,280200.0,264750.0,244200.0,1.0135617416131335,1.162981162981163,36000.0,-0.030716723549488067,0.030716723549488067,0.04753521126760563,-0.013888888888888888,0.03733379062749019,0.0314840291891489,5066105.8,4307493.45,-0.12880122564904772,1.1920767981666924,1458301092000.0,292000.0
2025-06-30,288500.0,294500.0,286000.0,292000.0,4375298,0.028169014084507005,0.02777956410707567,278571.4285714286,260750.0,246476.19047619047,0.031193757769416023,8500.0,-3500.0,79.36926740794681,21669.509924426384,17716.163001727524,3953.34692269886,302314.3039753524,194085.6960246476,0.4360540207522352,0.9046989130632608,289666.6666666667,286700.0,269150.0,248200.0,1.0184862225322637,1.1764705882352942,38500.0,0.028169014084507005,0.028169014084507005,0.02910958904109589,0.012131715771230503,0.03688371749467725,0.029436879685983814,5261418.2,4334873.9,-0.14792312862095836,1.0093253231656865,1277587016000.0,285500.0
2025-07-01,291000.0,294500.0,285500.0,285500.0,3687981,-0.022260273972602773,-0.022511773172216875,282642.85714285716,264000.0,249976.19047619047,0.0342769532965965,9000.0,5500.0,73.43385166013397,21494.62863682522,18471.856128747066,3022.772508078153,304691.9478541448,199808.0521458552,0.4157934418564503,0.8170172100822535,287166.6666666667,288100.0,272800.0,252250.0,0.9909753557792433,1.1318136769078295,35850.0,-0.022260273972602773,0.022260273972602773,0.03152364273204904,-0.018900343642611683,0.02922036893154845,0.031789000852634426,4911752.0,4277941.55,-0.15709032847591187,0.8620924238668011,1052918575500.0,279000.0
2025-07-02,283500.0,283500.0,274500.0,279000.0,4702056,-0.02276707530647981,-0.02303024727469923,285428.5714285714,267107.14285714284,253523.80952380953,0.03722936724003642,9000.0,4500.0,67.96065547893821,20594.141831589834,18896.313269315622,1697.8285622742114,305073.3235087353,206576.6764912647,0.3850157217530366,0.7352871970950382,285500.0,286700.0,276050.0,255825.0,0.9731426578304848,1.0905892700087951,30875.0,-0.02276707530647981,0.02276707530647981,0.03225806451612903,-0.015873015873015872,0.028474565743494606,0.03309603875966959,4758843.6,4424256.75,0.2749675228804054,1.0627900381233526,1311873624000.0,278500.0
2025-07-03,281000.0,284000.0,277000.0,278500.0,3642140,-0.0017921146953404632,-0.0017937224540268775,285428.5714285714,270178.5714285714,256904.7619047619,0.026065006729606516,7000.0,2500.0,67.54362251225406,19614.055111458554,19039.86163774421,574.1934737143456,305621.6576345304,212128.3423654696,0.36115235256035066,0.709908055389008,281000.0,283800.0,279300.0,258875.0,0.9813248766737139,1.0758087880251086,24925.0,-0.0017921146953404632,0.0017921146953404632,0.025134649910233394,-0.008896797153024912,0.023804716380672834,0.033084242235866444,4308467.6,4350930.05,-0.22541543529043462,0.8370945885466489,1014335990000.0,270500.0
2025-07-04,279500.0,281500.0,269000.0,270500.0,3654933,-0.02872531418312385,-0.029145961080802474,283214.28571428574,271785.71428571426,259428.57142857142,0.025086861144192816,12500.0,9000.0,61.084836307391974,17984.48226678063,18828.785763551492,-844.3034967708627,305250.62281256827,217099.37718743173,0.33751793098549454,0.6057840979315776,276000.0,281100.0,280650.0,261175.0,0.9622909996442547,1.035704029865033,19925.0,-0.02872531418312385,0.02872531418312385,0.04621072088724584,-0.03220035778175313,0.023381700192345773,0.03340402885355757,4012481.6,4245251.4,0.003512495401055471,0.860946185660524,988659376500.0,271000.0
2025-07-07,266000.0,272000.0,264500.0,271000.0,2523564,0.001848428835489857,0.0018467225931647112,280071.4285714286,273357.14285714284,261642.85714285713,0.021478623641963544,7500.0,-5000.0,61.333701330024326,16542.686080588202,18371.565826958835,-1828.8797463706323,304825.82493322575,221724.17506677422,0.3156458071083526,0.5929584432127939,273333.3333333333,276900.0,281800.0,263275.0,0.9786926688335139,1.0293419428354382,13625.0,0.001848428835489857,0.001848428835489857,0.027675276752767528,0.018796992481203006,0.01377861725488831,0.033389449856978975,3642134.8,4188125.4,-0.3095457563791183,0.6025521585385194,683885844000.0,282000.0
2025-07-08,271000.0,285000.0,268500.0,282000.0,3119395,0.040590405904058935,0.039788250058412584,279785.71428571426,275892.85714285716,264166.6666666667,0.026586215534075322,16500.0,-11000.0,66.42133456635567,16102.04592239653,17917.661846046376,-1815.615923649846,305172.0174028696,226527.98259713044,0.29582108258694434,0.7053556895941638,274500.0,276200.0,282150.0,265850.0,1.0209992758870383,1.060748542411134,10350.0,0.040590405904058935,0.040590405904058935,0.05851063829787234,0.04059040590405904,0.027267962426095027,0.02693549126699844,3528417.6,4158162.4,0.23610695032897921,0.7501859475233579,879669390000.0,281000.0
2025-07-09,282500.0,284000.0,277500.0,281000.0,2626484,-0.0035460992907800915,-0.003552401604367772,278214.28571428574,278392.85714285716,266571.4285714286,0.02337509207443697,6500.0,1500.0,65.57659265906871,15493.543850623624,17432.838246961826,-1939.2943963382022,305796.8128086338,230003.18719136622,0.28291760215478745,0.6728377537466095,278000.0,276600.0,281650.0,267900.0,1.0159074475777297,1.0488988428518105,8700.0,-0.0035460992907800915,0.0035460992907800915,0.023131672597864767,-0.005309734513274336,0.024889248475834437,0.025430010478594396,3113303.2,4077965.55,-0.15801493558847146,0.6440672359284644,738042004000.0,297000.0
2025-07-10,284000.0,297000.0,283500.0,297000.0,4556065,0.05693950177935947,0.05537746946895389,279857.14285714284,281250.0,269285.71428571426,0.03116117893041038,13500.0,-13000.0,71.76418199734091,16116.585887261666,17169.587775021795,-1053.0018877601287,307766.69671771635,234183.30328228365,0.2715504878141256,0.8536803453191676,286666.6666666667,280300.0,282050.0,270975.0,1.0595790224759187,1.0960420703016884,9325.0,0.05693950177935947,0.05693950177935947,0.045454545454545456,0.045774647887323945,0.03474965925906116,0.030647520975559946,3296088.2,4056056.9,0.7346631466249176,1.1232744294095085,1353151305000.0,294500.0
2025-07-11,299500.0,306500.0,292000.0,294500.0,3732533,-0.008417508417508435,-0.008453135711058239,282071.4285714286,283750.0,272095.2380952381,0.029360829057424893,14500.0,5000.0,69.65730583762284,16221.629239188798,16979.996067855198,-758.3668286663997,308109.1375956436,239740.86240435642,0.24958757028853576,0.8009436751539122,290833.3333333333,285100.0,283100.0,273925.0,1.032970887407927,1.0751118006753673,11175.0,-0.008417508417508435,0.008417508417508435,0.04923599320882852,-0.01669449081803005,0.02936097285951989,0.02877485441946155,3311608.2,4037653.05,-0.18075510336222156,0.9244313351787371,1099230968500.0,300000.0
2025-07-14,292500.0,302500.0,292500.0,300000.0,2936976,0.018675721561969505,0.018503471564559726,285142.85714285716,285285.71428571426,275166.6666666667,0.0292663357623018,10000.0,-7500.0,71.6305870594141,16557.812728713558,16895.559400026872,-337.74667131331444,310314.5577142749,242735.4422857251,0.24438700091691465,0.8473706314611308,297166.6666666667,290900.0,283900.0,276525.0,1.0312822275696116,1.0848928668294007,14375.0,0.018675721561969505,0.018675721561969505,0.03333333333333333,0.02564102564102564,0.02805628248498371,0.02803614235576949,3394290.6,3996464.85,-0.21314131716986828,0.7348934896800106,881092800000.0,298500.0
2025-07-15,296000.0,298500.0,290000.0,298500.0,4196196,-0.0050000000000000044,-0.005012541823544286,289142.85714285716,286178.5714285714,277571.4285714286,0.024895728130601386,8500.0,-2500.0,70.2880399644418,16512.853209352994,16819.018161892098,-306.164952539104,311528.52998765686,246471.4700123431,0.23317942643481632,0.7997368772489779,297666.6666666667,294200.0,285200.0,279000.0,1.0146159075458872,1.0698924731182795,15200.0,-0.0050000000000000044,0.0050000000000000044,0.02847571189279732,0.008445945945945946,0.027437730881067733,0.026808934386420697,3609650.8,3954041.2,0.4287471194861654,1.0612423563011937,1252564506000.0,296000.0
2025-07-16,298500.0,299500.0,292500.0,296000.0,3123297,-0.008375209380234505,-0.008410478508596404,292714.28571428574,286392.85714285716,279809.5238095238,0.026011984460868574,7000.0,2500.0,68.00045990789833,16090.017651912698,16673.21805989622,-583.2004079835206,310984.09761590924,251965.90238409073,0.20967473214963497,0.7461105417227185,298166.6666666667,297200.0,286900.0,281475.0,0.9959623149394348,1.0516031619149124,15725.0,-0.008375209380234505,0.008375209380234505,0.02364864864864865,-0.008375209380234505,0.028184728126529807,0.025521144058483172,3709013.4,3906156.0,-0.255683719254296,0.7995832731718856,924495912000.0,269500.0
2025-07-17,283500.0,289500.0,268000.0,269500.0,9328322,-0.08952702702702697,-0.09379106397500847,290928.5714285714,285357.14285714284,280904.7619047619,0.044892624646128074,21500.0,14000.0,49.58026376697569,13461.414093782369,16030.857266673449,-2569.4431728910804,307754.2038836442,257545.79611635578,0.17763455781810866,0.23809167458667307,288000.0,291700.0,286000.0,282650.0,0.9238944120671924,0.9534760304263223,9050.0,-0.08952702702702697,0.08952702702702697,0.07977736549165121,-0.04938271604938271,0.041271317870332655,0.039714926488836975,4663464.8,4256682.3,1.9866906669458588,2.1914536586392646,2513982779000.0,269000.0
2025-07-18,270000.0,275000.0,267000.0,269000.0,5359504,-0.0018552875695733162,-0.0018570107472127711,289214.28571428574,283714.28571428574,282000.0,0.04491559998941713,8000.0,1000.0,49.30885981053441,11208.674393323832,15066.420692003527,-3857.7462986796945,306259.15149742767,260240.84850257233,0.16246532390063664,0.19034060205146863,278166.6666666667,286600.0,285850.0,283250.0,0.9385903698534543,0.9496910856134158,3350.0,-0.0018552875695733162,0.0018552875695733162,0.02973977695167286,-0.003703703703703704,0.041774519826349964,0.03864196563128671,4988859.0,4344763.65,-0.4254589410614257,1.2335547872667365,1441706576000.0,272500.0
2025-07-21,267500.0,274500.0,266500.0,272500.0,2424891,0.013011152416356975,0.012927234501459755,285714.28571428574,282785.71428571426,282738.09523809527,0.03745697651151769,8000.0,-5000.0,51.31777003183443,9595.175489621819,13972.171651527187,-4376.996161905368,304713.962924719,263086.037075281,0.14662883356617804,0.22614537555312952,270333.3333333333,281100.0,286000.0,283900.0,0.9694059053717539,0.9598450158506516,-2800.0,0.013011152416356975,0.013011152416356975,0.029357798165137616,0.018691588785046728,0.04061860885334952,0.038857646910988544,4886442.0,4296071.4,-0.5475530944654581,0.5644438311709623,660782797500.0,268500.0
2025-07-22,273000.0,273500.0,267000.0,268500.0,3139858,-0.014678899082568808,-0.014787700154379389,282000.0,282035.71428571426,283166.6666666667,0.037425081064988236,6500.0,4500.0,48.93111206193707,7902.603123591805,12758.257945940111,-4855.654822348306,305216.45926214516,261583.5407378548,0.1539623095423089,0.15851470623709965,270000.0,275100.0,284650.0,283400.0,0.9760087241003271,0.94742413549753,-8300.0,-0.014678899082568808,0.014678899082568808,0.024208566108007448,-0.016483516483516484,0.04005002450967245,0.036499307616711205,4675174.4,4181248.7,0.29484500540436653,0.7509378717415206,843051873000.0,269000.0
2025-07-23,267500.0,271000.0,264500.0,269000.0,3116279,0.0018621973929235924,0.0018604656529196708,277571.4285714286,281357.14285714284,282714.28571428574,0.03555705311053711,6500.0,-1500.0,49.24884557942471,6526.341547658376,11511.874666283766,-4985.53311862539,305246.8581178332,259853.1418821668,0.16065728627027578,0.20150053523589698,270000.0,269700.0,283450.0,282550.0,0.9974045235446792,0.9520438860378694,-12850.0,0.0018621973929235924,0.0018621973929235924,0.024163568773234202,0.005607476635514018,0.04106005754209706,0.03655137879060737,4673770.8,4063732.75,-0.007509575273786262,0.7668513634416535,838279051000.0,269500.0
2025-07-24,277000.0,279000.0,269000.0,269500.0,3667144,0.0018587360594795044,0.0018570107472126892,273428.5714285714,281285.71428571426,281928.5714285714,0.035989541460990974,10000.0,7500.0,49.5866280128768,5413.5857084209565,10292.216874711205,-4878.631166290248,304226.63819994207,258523.36180005796,0.1624283479338396,0.24017180089893675,269000.0,269700.0,280700.0,281375.0,0.9992584352984798,0.9577965348733896,-11675.0,0.0018587360594795044,0.0018587360594795044,0.03710575139146568,-0.02707581227436823,0.009938776377059038,0.029945072077381892,3541535.2,3952388.95,0.1767701158978383,0.9278297369999478,988295308000.0,266000.0
2025-07-25,273000.0,275000.0,265500.0,266000.0,2171063,-0.012987012987012991,-0.013072081567352775,269142.85714285716,280928.5714285714,280642.85714285716,0.03589893338287506,9500.0,7000.0,47.2175606754487,4200.872891828476,9073.94807813466,-4873.075186306183,304288.91676266096,256661.08323733901,0.16981133265111664,0.19608107426712643,268166.6666666667,269100.0,277850.0,280475.0,0.9884801189149015,0.9483911222034049,-11375.0,-0.012987012987012991,0.012987012987012991,0.03571428571428571,-0.02564102564102564,0.01158054013845869,0.029965905625095022,2903847.0,3804198.95,-0.4079689807654131,0.5707017504959881,577502758000.0,262000.0
2025-07-28,261000.0,265500.0,258500.0,262000.0,2877357,-0.015037593984962405,-0.01515180502060222,268071.4285714286,279500.0,279595.2380952381,0.010667755437349146,7000.0,-1000.0,44.595284678410636,2883.780253280711,7835.91451316387,-4952.134259883159,303500.97978084715,254449.02021915282,0.17582923043890789,0.15393839202998716,265833.3333333333,267000.0,274050.0,278975.0,0.9812734082397003,0.9391522537861816,-11975.0,-0.015037593984962405,0.015037593984962405,0.026717557251908396,0.0038314176245210726,0.00884952404073848,0.028266870462645165,2994340.2,3729301.9,0.3253217433119169,0.7715537859780137,753867534000.0,262500.0
2025-07-29,254500.0,265000.0,254500.0,262500.0,2944177,0.001908396946564972,0.001906578270581669,267142.85714285716,278178.5714285714,278190.4761904762,0.01088820871008213,10500.0,-8000.0,45.006416947911134,1858.8925136403996,6640.510113259176,-4781.617599618777,303204.79926095385,252445.20073904615,0.18270349508470332,0.1980866585580701,263500.0,265800.0,270450.0,277825.0,0.9875846501128668,0.944839377305858,-12025.0,0.001908396946564972,0.001908396946564972,0.04,0.03143418467583497,0.008732793287370793,0.02856890026968394,2955204.0,3692111.7,0.02322270055471054,0.7974235990747517,772846462500.0,263500.0
2025-07-30,263000.0,266000.0,260500.0,263500.0,2482807,0.003809523809523707,0.0038022859497384787,265857.14285714284,275785.71428571426,277142.85714285716,0.00897214610504207,5500.0,-500.0,45.8715347134885,1114.5059083537199,5535.309272278086,-4420.803363924366,303213.2526547003,250886.7473452997,0.1888702591929277,0.2410490167481966,262666.6666666667,264700.0,267200.0,277050.0,0.9954665659236872,0.9510918606749684,-12350.0,0.003809523809523707,0.003809523809523707,0.020872865275142316,0.0019011406844106464,0.009121093086377112,0.029015138188772,2828509.6,3581149.25,-0.15670593174255487,0.6932989458621419,654219644500.0,273500.0
2025-07-31,271000.0,274000.0,265500.0,273500.0,3472644,0.03795066413662229,0.03724825388061878,266571.4285714286,274285.71428571426,276880.95238095237,0.01714768453363723,8500.0,-2500.0,53.71314987427432,1316.3169052560697,4691.510798873683,-3375.193893617613,303000.4419408287,250599.5580591713,0.18930955159558305,0.43702396304129626,266500.0,265500.0,267600.0,276800.0,1.0301318267419963,0.9880780346820809,-11300.0,0.03795066413662229,0.03795066413662229,0.031078610603290677,0.00922509225092251,0.021238245508493712,0.015717037914817784,2789609.6,3572674.45,0.3986765785661148,0.9720012412549931,949768134000.0,258000.0
2025-08-01,266000.0,267000.0,257000.0,258000.0,3227394,-0.05667276051188297,-0.058342036940418444,265000.0,271285.71428571426,275904.7619047619,0.028763961173825327,10000.0,8000.0,43.253494160470005,222.96293524786597,3797.801226148519,-3574.838290900653,303577.0264329406,248772.97356705938,0.1984395867326197,0.1683639430011022,265000.0,263900.0,266500.0,276175.0,0.9776430466085638,0.9341902779035032,-12275.0,-0.05667276051188297,0.05667276051188297,0.03875968992248062,-0.03007518796992481,0.034420452522298556,0.02427795987150617,3000875.8,3551297.5,-0.07062342123177612,0.9087929130127791,832667652000.0,258000.0
2025-08-04,254500.0,260000.0,254000.0,258000.0,2281558,0.0,0.0,263357.14285714284,268392.85714285716,275309.5238095238,0.02868826475150249,6000.0,-3500.0,43.253494160470005,-636.1943111715955,2911.0021186844965,-3547.196429856092,304038.10871197755,247011.89128802245,0.20697293321460883,0.1926852105635496,263166.6666666667,263100.0,265050.0,275525.0,0.9806157354618016,0.9363941566101079,-12425.0,0.0,0.0,0.023255813953488372,0.0137524557956778,0.03404551154815446,0.023610570702954723,2881716.0,3539197.2,-0.29306493102484543,0.6446541040437079,588641964000.0,263500.0
2025-08-05,264000.0,264500.0,260500.0,263500.0,2118171,0.02131782945736438,0.02109378305979963,263000.0,266071.4285714286,274952.38095238095,0.030196866676677443,4000.0,500.0,47.46363969210827,-863.3266915723798,2156.1363566331215,-3019.4630482055013,303427.25318714546,245772.74681285454,0.20995814411613586,0.30747385246975817,259833.33333333334,263300.0,264550.0,274600.0,1.0007595898214965,0.9595775673707211,-11300.0,0.02131782945736438,0.02131782945736438,0.015180265654648957,-0.001893939393939394,0.03575196342058361,0.024722471426465387,2716514.8,3489136.0,-0.07161203002509686,0.6070760784331708,558138058500.0,258500.0
2025-08-06,260500.0,260500.0,257500.0,258500.0,1374559,-0.018975332068311146,-0.019157674032933145,262500.0,265285.71428571426,273833.3333333333,0.030538073580411208,3000.0,2000.0,44.24954414953969,-1430.301329304406,1438.848819445616,-2869.150148750022,302998.3627381506,243951.6372618494,0.21591269942883695,0.24638729109524785,260000.0,262300.0,263500.0,273475.0,0.9855127716355319,0.945241795410915,-11175.0,-0.018975332068311146,0.018975332068311146,0.01160541586073501,-0.007677543186180422,0.036786239002288945,0.025270408747122844,2494865.2,3426539.75,-0.35106325221145984,0.4011507527382398,355323501500.0,262000.0
2025-08-07,258000.0,263000.0,250000.0,262000.0,2724438,0.013539651837524147,0.013448809812613002,262428.5714285714,264785.71428571426,272928.5714285714,0.031085898255020113,13000.0,-4000.0,46.95727975475767,-1579.0102183615672,835.2770118841795,-2414.2872302457467,299472.87806017074,243977.1219398293,0.2042350027429992,0.32476137492547097,261333.33333333334,260000.0,262750.0,271725.0,1.0076923076923077,0.9642101389272242,-11725.0,0.013539651837524147,0.013539651837524147,0.04961832061068702,0.015503875968992248,0.031132227040435025,0.0258190300553476,2345224.0,3334958.4,0.9820451504809906,0.8169331287610664,713802756000.0,256500.0
2025-08-08,262000.0,266000.0,255500.0,256500.0,2676174,-0.020992366412213692,-0.02121583915027258,261428.57142857142,263642.85714285716,271000.0,0.03196510951671536,10500.0,5500.0,43.39083751914329,-2116.2720520290313,244.9671991015373,-2361.239251130569,296175.42194808467,243474.5780519153,0.19531490371970484,0.24715774900582696,259000.0,259700.0,261800.0,269825.0,0.9876780901039661,0.9506161400907996,-10125.0,-0.020992366412213692,0.020992366412213692,0.04093567251461988,-0.02099236641221374,0.018929420457353376,0.0262994458167142,2234980.0,3282140.45,-0.017715213192592394,0.8153746132344823,686438631000.0,267000.0
2025-08-11,260500.0,267500.0,260000.0,267000.0,2415473,0.040935672514619936,0.04011999378942536,260500.0,263535.71428571426,269690.4761904762,0.032592699482478095,7500.0,-6500.0,51.03651354237235,-1675.479790064448,-139.1221987316598,-1536.3575913327882,290375.69937257783,245974.30062742217,0.16556874706872624,0.4735368697111553,261833.33333333334,261500.0,262300.0,268175.0,1.0210325047801148,0.9956185326745596,-6675.0,0.040935672514619936,0.040935672514619936,0.028089887640449437,0.02495201535508637,0.026728034596937518,0.02931130241963134,2261763.0,3256065.3,-0.09741556415987895,0.7418380092070022,644931291000.0,269000.0
2025-08-12,268000.0,276000.0,267500.0,269000.0,3008648,0.0074906367041198685,0.007462721201589594,262071.42857142858,263535.71428571426,268214.28571428574,0.02182972837953441,8500.0,-1000.0,52.3564666531877,-1151.4917809461476,-341.5961151745574,-809.8956657715903,283736.80226976133,249663.19773023864,0.12776004701733296,0.5675009301505567,264166.6666666667,262600.0,262950.0,266700.0,1.0243716679360244,1.0086239220097488,-4100.0,0.0074906367041198685,0.0074906367041198685,0.031598513011152414,0.0037313432835820895,0.02558866476467539,0.029356515071122274,2439858.4,3196687.9,0.24557302027387595,0.9411766472416654,809326312000.0,278000.0
2025-08-13,278000.0,279000.0,274000.0,278000.0,3472694,0.03345724907063197,0.03290973408879796,264928.5714285714,264142.85714285716,267238.09523809527,0.023787140579912807,5000.0,0.0,57.861527856254455,-9.888733563479036,-275.2546388523417,265.3659052888627,277332.10621197225,254267.89378802775,0.08677280821649547,1.0289580140761436,271333.3333333333,266500.0,264400.0,265800.0,1.0431519699812384,1.0458991723100075,700.0,0.03345724907063197,0.03345724907063197,0.017985611510791366,0.0,0.024327134839936065,0.030920689097123984,2859485.4,3214157.75,0.15423738503141604,1.0804367022744916,965408932000.0,276500.0
2025-08-14,277500.0,277500.0,270500.0,276500.0,2101050,-0.0053956834532373765,-0.005410292728247543,266785.71428571426,264892.85714285716,266309.5238095238,0.023959413637893834,7000.0,1000.0,56.68590848450107,764.9841808652855,-67.2068749088163,832.1910557741018,278547.36814175104,253752.63185824896,0.09316076003570195,0.9174273072178906,274500.0,269400.0,264700.0,266150.0,1.0263548626577579,1.0388878452000752,3250.0,-0.0053956834532373765,0.0053956834532373765,0.02531645569620253,-0.0036036036036036037,0.02600513888781357,0.02888489209325843,2734807.8,2852794.15,-0.39497980530389376,0.7364884704352047,580940325000.0,267500.0
2025-08-18,272000.0,272000.0,267000.0,267500.0,1993220,-0.032549728752260365,-0.03309125462632822,268071.4285714286,265285.71428571426,266214.28571428574,0.026883441763326524,5000.0,4500.0,50.107571391573096,645.4118581998046,75.31687171290787,570.0949864868967,278417.8010128213,253732.19898717865,0.09277685624595573,0.5577259569574106,274000.0,271600.0,265650.0,266075.0,0.9849042709867453,1.005355632810298,5525.0,-0.032549728752260365,0.032549728752260365,0.018691588785046728,-0.016544117647058824,0.029806511634822775,0.024100665211414574,2598217.0,2684479.95,-0.05132195806858475,0.7424976297550666,533186350000.0,263000.0
2025-08-19,268500.0,270000.0,261500.0,263000.0,1709646,-0.016822429906542036,-0.01696553415829667,268214.28571428574,265321.4285714286,265928.5714285714,0.02771439779914918,8500.0,5500.0,47.16060573178222,185.40035915194312,97.33356920071492,88.0667899512282,277628.91253780253,253571.08746219744,0.09057916067622401,0.3919270552583569,269000.0,270800.0,266150.0,265600.0,0.9711964549483013,0.990210843373494,5200.0,-0.016822429906542036,0.016822429906542036,0.03231939163498099,-0.020484171322160148,0.025044417066026302,0.024973117387213764,2457051.6,2648717.7,-0.142269292902941,0.6454617643850834,449636898000.0,255500.0
2025-08-20,254500.0,257000.0,251000.0,255500.0,3571545,-0.028517110266159662,-0.028931622534005393,268071.4285714286,264750.0,265119.04761904763,0.028854079453101502,6000.0,-1000.0,42.65760870317427,-775.4109333687811,-77.2153313131843,-698.1956020555969,277702.29597490496,252197.70402509504,0.09626190583057152,0.12947848690947486,262000.0,268100.0,265350.0,264950.0,0.9530026109660574,0.964332892998679,3150.0,-0.028517110266159662,0.028517110266159662,0.023483365949119372,0.003929273084479371,0.026493609982687318,0.025696219944492876,2569631.0,2670302.05,1.0890552781102052,1.3375059948742503,912529747500.0,245000.0
2025-08-21,246500.0,251000.0,245000.0,245000.0,6301130,-0.04109589041095896,-0.04196419909903219,264928.5714285714,262714.28571428574,264000.0,0.026116950471731033,6000.0,1500.0,37.289497154186805,-2356.953559322399,-533.1629769150272,-1823.7905824073719,279141.38515020994,248358.61484979006,0.11671192530964886,-0.10910697175764734,254500.0,261500.0,264000.0,263750.0,0.9369024856596558,0.9289099526066351,-2250.0,-0.04109589041095896,0.04109589041095896,0.024489795918367346,-0.006085192697768763,0.013960402624453326,0.028086014694702233,3135318.2,2829544.6,0.7642588851603438,2.2269060540696195,1543776850000.0,251000.0
2025-08-22,245500.0,252500.0,245500.0,251000.0,3064062,0.02448979591836742,0.02419472858705697,262357.14285714284,262214.28571428574,263142.85714285716,0.02884831785693092,7000.0,-5500.0,41.79681718263834,-3090.5615590373345,-1044.6426933394887,-2045.9188656978458,278966.7242932065,246683.2757067935,0.12283248772534205,0.13371323331991417,250500.0,256400.0,262900.0,262825.0,0.9789391575663027,0.9550080852278132,-6425.0,0.02448979591836742,0.02448979591836742,0.027888446215139442,0.02240325865580448,0.0257800898904963,0.029084641416471876,3327920.6,2799390.5,-0.5137281725658731,1.094546116377833,769079562000.0,259500.0
2025-08-25,256000.0,261500.0,254000.0,259500.0,3183709,0.03386454183266929,0.03330376347415941,259714.2857142857,262321.4285714286,262666.6666666667,0.028945977400381993,7500.0,-3500.0,47.54842188140913,-2952.0429085685755,-1426.122736385306,-1525.9201721832694,278634.30474094505,246365.69525905495,0.1229280361214861,0.40703039120158957,251833.33333333334,254800.0,263200.0,262500.0,1.0184458398744114,0.9885714285714285,-7700.0,0.03386454183266929,0.03386454183266929,0.028901734104046242,0.013671875,0.03306788350230241,0.030634637799657565,3566018.4,2850022.8,0.03904849183861159,1.1170819405374581,826172485500.0,261500.0
2025-08-26,259500.0,262500.0,257000.0,261500.0,2050625,0.007707129094412402,0.007677580899034332,257571.42857142858,262178.5714285714,262452.38095238095,0.029692682428888534,5500.0,-2000.0,48.829736272451875,-2650.3312261948595,-1670.9644343472169,-979.3667918476426,278614.11560871836,246335.88439128164,0.12297640239046281,0.46979388388935933,257333.33333333334,254500.0,262650.0,262475.0,1.0275049115913557,0.9962853605105249,-7975.0,0.007707129094412402,0.007707129094412402,0.021032504780114723,0.007707129094412331,0.03280827732687355,0.02753778737059292,3634214.2,2808686.2,-0.35590061780143856,0.7301011412382059,536238437500.0,260000.0
2025-08-27,259000.0,261000.0,256000.0,260000.0,2801594,-0.005736137667303964,-0.005752652489449811,256500.0,262285.71428571426,262357.14285714284,0.027558710265730906,5000.0,-1000.0,47.88493174866815,-2503.4023442644684,-1837.4520163306672,-665.9503279338012,278526.98169752635,246173.01830247362,0.12332366455137311,0.42736593129856465,260333.33333333334,255400.0,261750.0,262350.0,1.0180109631949883,0.9910425004764627,-6950.0,-0.005736137667303964,0.005736137667303964,0.019230769230769232,0.003861003861003861,0.02938442766792234,0.027362408772088394,3480224.0,2801557.05,0.36621469064309653,1.0000131890942574,728414440000.0,268500.0
2025-08-28,254000.0,268500.0,253000.0,268500.0,3836024,0.0326923076923078,0.03216928293339175,257285.7142857143,262750.0,262642.85714285716,0.029883844432948763,15500.0,-14500.0,53.3887114751685,-1681.6956436721375,-1806.3007417989613,124.6050981268238,279004.7489914867,246195.25100851335,0.12494096718573237,0.6798259760957581,263333.3333333333,260100.0,260800.0,262600.0,1.0322952710495963,1.0224676313785224,-2500.0,0.0326923076923078,0.0326923076923078,0.05772811918063315,0.05708661417322835,0.017155110319755425,0.027249816517038478,2987202.8,2869217.9,0.369229088868694,1.3369580609405791,1029972444000.0,269000.0
2025-08-29,268000.0,270000.0,266000.0,269000.0,1892127,0.0018621973929235924,0.0018604656529196708,259214.2857142857,263642.85714285716,262904.7619047619,0.02648002813333207,4000.0,-1000.0,53.6984739464589,-978.8576800323208,-1640.8121294456334,661.9544494133127,278265.66260087147,246484.33739912853,0.12112939571888684,0.7084557506002511,265833.3333333333,263700.0,260050.0,262375.0,1.0200985968904057,1.0252501191043355,1325.0,0.0018621973929235924,0.0018621973929235924,0.01486988847583643,0.0037313432835820895,0.018168747683103826,0.027279592046431676,2752815.8,2790192.05,-0.5067478722760859,0.6781350409194952,508982163000.0,256000.0
2025-09-01,259500.0,261000.0,255000.0,256000.0,1837054,-0.048327137546468446,-0.049533935122276676,260785.7142857143,262857.14285714284,262071.42857142858,0.028876003942229972,6000.0,3500.0,45.27397059368768,-1454.0831195733626,-1603.4663274711795,149.38320789781687,278306.1374649789,246243.8625350211,0.12224678268976386,0.30428712517411327,264500.0,263000.0,258900.0,262275.0,0.973384030418251,0.9760747307215709,725.0,-0.048327137546468446,0.048327137546468446,0.0234375,-0.01348747591522158,0.02946274916233432,0.029575996433263772,2483484.8,2720675.05,-0.029106397192154687,0.6752199238200094,470285824000.0,260500.0
2025-09-02,256000.0,261500.0,256000.0,260500.0,1584710,0.017578125,0.017425416713859134,262142.85714285713,262250.0,262190.4761904762,0.028283090837779516,5500.0,-4500.0,48.29772070926589,-1450.8656363696791,-1572.9461892508793,122.08055288120022,278329.4497212255,246470.55027877452,0.12141348872885274,0.4403620327992777,261833.33333333334,262800.0,258650.0,262400.0,0.991248097412481,0.9927591463414634,400.0,0.017578125,0.017578125,0.02111324376199616,0.017578125,0.030614193034217915,0.029916012496454935,2390301.8,2685832.65,-0.1373634090233602,0.5900255922497628,412816955000.0,262500.0
2025-09-03,259500.0,265500.0,257750.0,262500.0,2437896,0.007677543186180413,0.007648220838256819,262571.4285714286,261142.85714285713,262404.7619047619,0.025583976496710847,7750.0,-3000.0,49.62979319428604,-1272.2665753255133,-1512.8102664658063,240.54369114029305,278271.1874722432,246428.8125277568,0.12137364186958804,0.5047107039051424,259666.66666666666,263300.0,259350.0,262350.0,0.9969616407140144,1.0005717552887363,950.0,0.007677543186180413,0.007677543186180413,0.029523809523809525,0.011560693641618497,0.030615886851491147,0.028302157641164616,2317562.2,2701818.9,0.5383862031538893,0.9023165838391315,639947700000.0,265500.0
2025-09-04,267000.0,271000.0,264500.0,265500.0,2189959,0.011428571428571344,0.011363758650315003,263142.85714285716,260357.14285714287,262500.0,0.025766198612637233,6500.0,1500.0,51.64239961035014,-878.5235323384986,-1385.9529196403448,507.4293873018462,278572.5184550298,246827.48154497021,0.12084140430171146,0.5882027640393985,262833.3333333333,262700.0,261400.0,262700.0,1.0106585458698134,1.0106585458698134,0.0,0.011428571428571344,0.011428571428571344,0.02448210922787194,-0.0056179775280898875,0.026544278925734736,0.02369326212822562,1988349.2,2742588.9,-0.10170122105290791,0.7985006429508994,581434114500.0,273500.0
2025-09-05,273000.0,275000.0,272000.0,273500.0,3103427,0.030131826741996326,0.029686781180042462,265071.4285714286,260785.7142857143,263214.28571428574,0.027381442805998066,3000.0,-500.0,56.620082813408196,78.15290911670309,-1093.1317538889352,1171.2846630056383,279858.04460649646,246691.95539350357,0.12597508009872907,0.8082968249387184,267166.6666666667,263600.0,263650.0,263275.0,1.037556904400607,1.038837717215839,325.0,0.030131826741996326,0.030131826741996326,0.010968921389396709,0.0018315018315018315,0.030305191392416102,0.02418310840213953,2230609.2,2761538.35,0.41711648482916797,1.1238036944154695,848787284500.0,277000.0
2025-09-08,278500.0,279000.0,274000.0,277000.0,2018299,0.01279707495429605,0.012715884325302495,266285.71428571426,261785.7142857143,263928.5714285714,0.02533962964147913,5000.0,1500.0,58.62661577438917,1105.9973813779652,-653.3059268355552,1759.3033082135203,281636.9092127931,246963.09078720692,0.13119114046759814,0.8662705919527028,272000.0,267800.0,265400.0,264300.0,1.0343539955190442,1.0480514566780175,3500.0,0.01279707495429605,0.01279707495429605,0.018050541516245487,-0.005385996409335727,0.008697543462126695,0.02263347973696985,2266858.2,2728644.6,-0.3496547526331375,0.7396708974118505,559068823000.0,288000.0
2025-09-09,278000.0,288500.0,277000.0,288000.0,4158342,0.03971119133573997,0.03894297394860733,269000.0,264107.14285714284,265428.5714285714,0.02839900268037701,11500.0,-10000.0,64.22704953497694,2776.1775533049367,32.590769192543235,2743.5867841123936,285663.59410008864,245036.40589991136,0.15310792613596108,1.0575084322449164,279500.0,273300.0,268050.0,265350.0,1.0537870472008781,1.08535895986433,7950.0,0.03971119133573997,0.03971119133573997,0.03993055555555555,0.03597122302158273,0.01385432773244888,0.02492560893797006,2781584.6,2815788.05,1.0603201012337617,1.476795101818832,1197602496000.0,304000.0
2025-09-10,294500.0,305000.0,293000.0,304000.0,5265553,0.05555555555555558,0.05406722127027579,275857.14285714284,268321.4285714286,267190.4761904762,0.017103428759821196,12000.0,-9500.0,70.48527660615869,5329.43919736956,1091.9604548279465,4237.478742541613,293772.67476177384,240427.32523822616,0.1997205148766293,1.1917191532077527,289666.6666666667,281600.0,272450.0,267100.0,1.0795454545454546,1.1381505054286785,14500.0,0.05555555555555558,0.05555555555555558,0.039473684210526314,0.03225806451612903,0.018629421504671423,0.027979854206883488,3347116.0,2928633.3,0.2662626113965614,1.797955722213498,1600728112000.0,307000.0
2025-09-11,310000.0,315000.0,305500.0,307000.0,5148088,0.009868421052631637,0.009820046180975513,282500.0,272321.4285714286,269000.0,0.017856431933782693,9500.0,3000.0,71.49231149251484,7508.43975386041,2375.256314634439,5133.183439225971,300373.3611642371,236726.63883576292,0.2370013864400453,1.104115948054065,299666.6666666667,289900.0,276300.0,268550.0,1.0589858571921351,1.1431763172593559,21350.0,0.009868421052631637,0.009868421052631637,0.030944625407166124,-0.00967741935483871,0.01902552608321891,0.02740189509465919,3938741.8,3012403.0,-0.02230819820824137,1.7089639068876243,1580463016000.0,328500.0
2025-09-12,322000.0,329500.0,319000.0,328500.0,4242516,0.07003257328990231,0.06768909033746807,291928.5714285714,277250.0,271404.7619047619,0.0227445947896586,10500.0,-6500.0,77.43456739702967,10845.167372149765,4069.2385261375043,6775.928846012261,312714.2812241979,229585.71877580212,0.3065777704163591,1.1898952455192704,313166.6666666667,300900.0,282250.0,271150.0,1.0917248255234298,1.2115065461921446,29750.0,0.07003257328990231,0.07003257328990231,0.0319634703196347,0.020186335403726708,0.026281915020249264,0.032160677110929486,4166559.6,3119476.3,-0.17590452999249429,1.3600090502370543,1393666506000.0,331000.0
2025-09-15,339500.0,341500.0,325000.0,331000.0,4221256,0.007610350076103556,0.007581537452397753,301285.71428571426,282214.28571428574,274000.0,0.023354412884703888,16500.0,8500.0,78.00858956197169,13535.251205599809,5962.441062029966,7572.810143569843,323685.4092365531,224964.59076344687,0.3598681070741137,1.0740937005646842,322166.6666666667,311700.0,289750.0,274325.0,1.0619185113891563,1.206598013305386,37375.0,0.007610350076103556,0.007610350076103556,0.04984894259818731,-0.025036818851251842,0.02757579020521495,0.022132395968348248,4607151.0,3230878.1,-0.005011177329678929,1.3065352109694266,1397235736000.0,348000.0
2025-09-16,331500.0,354000.0,331500.0,348000.0,5841135,0.051359516616314105,0.050084104397411344,311928.5714285714,288500.0,277833.3333333333,0.02434199510312901,22500.0,-16500.0,81.46195492242022,16844.744223766087,8138.90169437719,8705.842529388898,337533.7500760177,219616.2499239823,0.4232881635180306,1.0887590892826577,335833.3333333333,323700.0,298500.0,278575.0,1.0750695088044486,1.2492147536570044,45125.0,0.051359516616314105,0.051359516616314105,0.06465517241379311,0.049773755656108594,0.02838907312004552,0.023215152118866104,4943709.6,3437452.55,0.38374336927208397,1.6992627287320665,2032714980000.0,333500.0
2025-09-17,341000.0,342500.0,333500.0,333500.0,4498866,-0.04166666666666663,-0.04255961441879589,320000.0,293142.85714285716,281190.4761904762,0.037799664053974565,9000.0,7500.0,71.19291206901788,18088.993805249454,10128.920116551644,7960.07368869781,345205.3963926496,219744.6036073504,0.44414830616974676,0.906700761785548,337500.0,329600.0,305600.0,282475.0,1.0118325242718447,1.1806354544649968,47125.0,-0.04166666666666663,0.04166666666666663,0.026986506746626688,-0.021994134897360705,0.04342822947569208,0.03198446107593284,4790372.2,3483818.6,-0.22979592151182948,1.2913605777292767,1500371811000.0,355500.0
2025-09-18,338500.0,357000.0,336500.0,355500.0,4526286,0.06596701649175407,0.0638823838876171,329642.85714285716,299321.4285714286,285952.38095238095,0.04026113911065768,20500.0,-17000.0,76.11303048526321,20612.676596380305,12225.671412517377,8387.005183862928,356070.39699728816,219929.60300271184,0.47271109025894553,0.9958102418786328,345666.6666666667,339300.0,314600.0,288000.0,1.0477453580901857,1.234375,51300.0,0.06596701649175407,0.06596701649175407,0.057665260196905765,0.050221565731166914,0.047401708830841334,0.034056024088106936,4666011.8,3395076.4,0.006094869240381939,1.3331912059475304,1609094673000.0,351000.0
2025-09-22,349000.0,359000.0,345250.0,351000.0,4377563,-0.012658227848101222,-0.012739025777429714,336357.14285714284,306107.14285714284,291000.0,0.04152578929097823,13750.0,-2000.0,73.35327734696547,21996.04429203685,14179.745988421273,7816.298303615578,364243.8362984919,221756.16370150808,0.4863060498190575,0.9070527572167513,346666.6666666667,343800.0,322350.0,293000.0,1.0209424083769634,1.1979522184300342,50800.0,-0.012658227848101222,0.012658227848101222,0.03917378917378917,0.0057306590257879654,0.04457156014422644,0.03664638944766884,4693021.2,3460751.45,-0.03285762322575281,1.2649169012123074,1536524613000.0,361000.0
2025-09-23,355500.0,363000.0,353000.0,361000.0,3315336,0.028490028490028463,0.028091734867015085,344071.4285714286,313285.71428571426,296238.09523809527,0.04131359130059354,10000.0,-5500.0,75.48086984589077,23626.933007528074,16069.183392242634,7557.74961528544,373602.8094479113,222547.19055208872,0.5067705070731278,0.9165684167193875,355833.3333333333,349800.0,330750.0,298075.0,1.0320182961692395,1.211104587771534,51725.0,0.028490028490028463,0.028490028490028463,0.027700831024930747,0.015471167369901548,0.04478650954661356,0.0363598430751591,4511837.2,3467332.8,-0.24265259003696804,0.9561631926419062,1196836296000.0,357500.0
2025-09-24,359000.0,364000.0,348500.0,357500.0,4165199,-0.00969529085872578,-0.009742596198818593,348214.28571428574,320071.4285714286,300904.7619047619,0.03759899764499242,15500.0,1500.0,73.27562454535095,24356.23974465055,17726.59466272422,6629.64508192633,380780.3913410362,224969.6086589638,0.5144392329577296,0.8505854926065086,356500.0,351700.0,337700.0,302875.0,1.016491327836224,1.1803549319026,48825.0,-0.00969529085872578,0.00969529085872578,0.043356643356643354,-0.004178272980501393,0.04173843855435862,0.03783209158345085,4176650.0,3573061.5,0.25634294683857073,1.1657227282541875,1489058642500.0,356500.0
2025-09-25,352000.0,359000.0,349500.0,356500.0,2148215,-0.002797202797202747,-0.0028011222797116675,351857.14285714284,326571.4285714286,305428.5714285714,0.038008844833308346,9500.0,-4500.0,72.6227803906942,24570.29784644564,19095.335299468505,5474.9625469771345,386374.144753099,229025.855246901,0.511369156666227,0.8101400094856306,358333.3333333333,356300.0,342950.0,307700.0,1.0005613247263543,1.1585960350991225,48600.0,-0.002797202797202747,0.002797202797202747,0.02664796633941094,0.01278409090909091,0.0334092406152991,0.03664633226389149,3706519.8,3540392.55,-0.48424673106855154,0.6067731105128441,765838647500.0,336500.0
2025-09-26,347500.0,349000.0,333000.0,336500.0,3685324,-0.056100981767180924,-0.05773609076956813,350214.28571428574,331071.4285714286,309071.4285714286,0.04106622124286738,16000.0,11000.0,60.93049569267325,22862.562195755774,19848.78067872596,3013.7815170298127,388508.41787489736,233691.5821251026,0.4976433164570709,0.6640648439621251,350166.6666666667,352500.0,345900.0,311100.0,0.9546099290780142,1.0816457730633238,41400.0,-0.056100981767180924,0.056100981767180924,0.0475482912332838,-0.031654676258992806,0.03026671750470953,0.043331078288751566,3538327.4,3532857.55,0.7155284736397427,1.043156693368517,1240111526000.0,349000.0
2025-09-29,339500.0,351000.0,339000.0,349000.0,2275986,0.03714710252600306,0.036473773117644756,352428.5714285714,336214.28571428574,312904.7619047619,0.03979973958933246,12000.0,-9500.0,64.75034381463661,22261.20164668816,20331.264872318403,1929.9367743697585,391611.16189639806,238588.8381036019,0.4856309863306764,0.7215363037219537,347333.3333333333,352100.0,347950.0,315100.0,0.9911956830445896,1.1075848936845445,37000.0,0.03714710252600306,0.03714710252600306,0.034383954154727794,0.027982326951399118,0.03687473429922882,0.03933716079750902,3118012.0,3552050.5,-0.3824190220452801,0.6407527145236251,794319114000.0,347500.0
2025-09-30,353000.0,356500.0,347500.0,347500.0,2238614,-0.004297994269340966,-0.004307257197580332,351285.71428571426,340464.28571428574,316642.85714285716,0.030720599131846174,9000.0,5500.0,63.94243325839537,21416.703192043235,20548.35253626337,868.3506557798646,392142.252132111,247207.747867889,0.45338079069123954,0.6919832695551489,344333.3333333333,349400.0,349600.0,319675.0,0.9945621064682313,1.0870415265504028,29725.0,-0.004297994269340966,0.004297994269340966,0.025899280575539568,-0.015580736543909348,0.03313604980816301,0.03948870130696027,2902667.6,3572128.5,-0.01642013615197979,0.626689101469894,777918365000.0,360000.0
2025-10-01,351000.0,362000.0,351000.0,360000.0,2802437,0.03597122302158273,0.03533936644530886,352571.4285714286,344464.28571428574,321595.2380952381,0.033495162393266165,11000.0,-9000.0,67.57342845552094,21508.145107155666,20740.31105044183,767.8340567138366,393587.88203119795,255712.11796880205,0.4246904791695546,0.7563902382727852,352166.6666666667,349900.0,350800.0,324650.0,1.0288653901114604,1.1088864931464655,25250.0,0.03597122302158273,0.03597122302158273,0.030555555555555555,0.02564102564102564,0.038169895094606526,0.03776864943672944,2630115.2,3633014.85,0.2518625363729521,0.771380551885165,1008877320000.0,395500.0
2025-10-02,388500.0,404500.0,384000.0,395500.0,7430763,0.0986111111111112,0.09404675575755296,357500.0,350785.71428571426,328023.8095238095,0.04776447099911044,20500.0,-7000.0,75.20879537230329,24166.589398401615,21425.566720033785,2741.02267836783,400652.94931686297,261947.05068313703,0.41867159261613623,0.9628498184459328,367666.6666666667,357700.0,357000.0,331300.0,1.1056751467710373,1.1937820706308482,26400.0,0.0986111111111112,0.0986111111111112,0.051833122629582805,0.018018018018018018,0.057194593196877974,0.04437992314857726,3686624.8,3882658.2,1.651536145147955,1.9138339295485758,2938866766500.0,428000.0
2025-10-10,426000.0,439250.0,416500.0,428000.0,6835852,0.08217446270543616,0.07897240837408823,367571.4285714286,357892.85714285716,335904.7619047619,0.05226941375499633,22750.0,-2000.0,79.87971765008422,28566.605986717856,22853.7745733706,5712.831413347256,414184.45636365656,264665.54363634344,0.44050648221938016,1.0923999739186152,394500.0,376000.0,364250.0,339425.0,1.1382978723404256,1.2609560285777417,36575.0,0.08217446270543616,0.08217446270543616,0.053154205607476634,0.004694835680751174,0.040952658187051905,0.04656583504433627,4316730.4,4114952.85,-0.08006055367396325,1.6612224366070196,2925744656000.0,415000.0
2025-10-13,405500.0,415500.0,403000.0,415000.0,4356534,-0.030373831775700966,-0.030844675351098527,375928.5714285714,363892.85714285716,343023.8095238095,0.05577617635112313,12500.0,-9500.0,73.88324768199737,30651.33002614841,24413.285663926163,6238.044362222248,421770.7394046738,271229.2605953262,0.4344631423069195,0.955024093969154,412833.3333333333,389200.0,370650.0,346500.0,1.066289825282631,1.1976911976911977,42700.0,-0.030373831775700966,0.030373831775700966,0.030120481927710843,0.02342786683107275,0.05495629521469167,0.04823989875444625,4732840.0,4177608.2,-0.3626933409324836,1.0428297225192156,1807961610000.0,411500.0
2025-10-14,425000.0,436500.0,406500.0,411500.0,4101275,-0.008433734939759074,-0.008469500113573834,386642.85714285716,368428.5714285714,349595.2380952381,0.04640156532971632,30000.0,13500.0,72.30939795556603,31656.1556407889,25861.85965929871,5794.2959814901915,426353.9236464219,280096.0763535781,0.41406425732279384,0.8984401594761562,418166.6666666667,402000.0,375700.0,353225.0,1.0236318407960199,1.1649798287210702,48775.0,-0.008433734939759074,0.008433734939759074,0.07290400972053462,-0.03176470588235294,0.055747722560401405,0.04875075021927421,5105372.2,4281757.0,-0.05859222032928013,0.957848612146836,1687674662500.0,422500.0
2025-10-15,410500.0,424000.0,407000.0,422500.0,2688019,0.026731470230862753,0.02638042668010409,397142.85714285716,374785.71428571426,356523.8095238095,0.04627800646277186,17000.0,-12000.0,74.17158925796413,32960.15114353236,27281.517956145442,5678.63318738692,432559.19182060973,287340.80817939027,0.40344043239677585,0.9307305895549544,416333.3333333333,414500.0,382200.0,359950.0,1.0193003618817853,1.173774135296569,54550.0,0.026731470230862753,0.026731470230862753,0.040236686390532544,0.029232643118148598,0.05588489297128351,0.04812205575670427,5082488.6,4208240.85,-0.34458942645884516,0.6387512254675253,1135688027500.0,452500.0
2025-10-16,421000.0,455000.0,420500.0,452500.0,4247934,0.07100591715976323,0.0685983163427522,412142.85714285716,381714.28571428574,364357.14285714284,0.04618219887238046,34500.0,-31500.0,78.43170143729512,35999.34817680967,29025.08400027829,6974.264176531378,446014.6679063502,288735.3320936498,0.42811659969431903,1.0412344829671265,428833.3333333333,425900.0,391800.0,367375.0,1.0624559755811223,1.2317114664851991,58525.0,0.07100591715976323,0.07100591715976323,0.07624309392265194,0.07482185273159145,0.0487869549096677,0.05021531627061643,4445922.8,4157359.9,0.5803214188590184,1.0217864467302915,1922190135000.0,465500.0
2025-10-17,451500.0,475000.0,449500.0,465500.0,4541583,0.02872928176795586,0.02832433357714101,427214.28571428574,389892.85714285716,372047.61904761905,0.04631831911384394,25500.0,-14000.0,79.97319528244407,39007.27350855904,31021.521901934444,7985.751606624595,460031.4022444795,290568.5977555205,0.45153958030631236,1.0322701950555573,446833.3333333333,433400.0,404700.0,375300.0,1.0740655283802492,1.2403410604849454,58100.0,0.02872928176795586,0.02872928176795586,0.05477980665950591,0.031007751937984496,0.03885439903296406,0.04132501910479251,3987069.0,4127034.65,0.06912748644399835,1.1004470243543993,2114106886500.0,485500.0
2025-10-20,477500.0,485500.0,465500.0,485500.0,3333903,0.0429645542427497,0.04206719101425781,440071.4285714286,398785.71428571426,380547.61904761905,0.03921755389787898,20000.0,-8000.0,82.09354217991664,42514.82442649873,33320.18240684731,9194.642019651423,478099.9036888733,288200.0963111267,0.4956278412573315,1.0389684245250788,467833.3333333333,447500.0,418350.0,383150.0,1.0849162011173183,1.2671277567532298,64350.0,0.0429645542427497,0.0429645542427497,0.0411946446961895,0.016753926701570682,0.028787262597504377,0.04141936165267576,3782542.8,4081604.0,-0.26591609137166494,0.8168119690200225,1618609906500.0,479000.0
2025-10-21,497000.0,502000.0,478000.0,479000.0,4126858,-0.013388259526261548,-0.013478690320464328,447357.14285714284,407464.28571428574,387714.28571428574,0.03504247276677823,24000.0,18000.0,79.16015143905413,44259.88768783043,35508.12346304393,8751.7642247865,491279.9150673407,289820.0849326593,0.5158362056962781,0.939045341897036,476666.6666666667,461000.0,431500.0,390550.0,1.0390455531453362,1.2264754832927922,70450.0,-0.013388259526261548,0.013388259526261548,0.05010438413361169,-0.03621730382293763,0.030565914442163635,0.04244777606466007,3787659.4,4076884.1,0.23784585214386866,1.0122578662464308,1976764982000.0,481500.0
2025-10-22,475000.0,482000.0,469000.0,481500.0,3870276,0.005219206680584509,0.00520563382726497,456857.14285714284,416392.85714285716,394880.95238095237,0.029150003269259823,13000.0,-6500.0,79.4640902804209,45322.14650867053,37470.92807216925,7851.21843650128,503616.7661040404,290833.2338959596,0.5356750763624665,0.8960597849160037,482000.0,472800.0,443650.0,397225.0,1.0184010152284264,1.2121593555289822,75575.0,0.005219206680584509,0.005219206680584509,0.02699896157840083,0.01368421052631579,0.03278699654368071,0.04334519388818498,4024110.8,3978341.15,-0.06217369243138482,0.9728366306645171,1863537894000.0,478500.0
2025-10-23,470000.0,488500.0,468000.0,478500.0,3583993,-0.006230529595015577,-0.0062500203451712946,466428.5714285714,426535.71428571426,401095.2380952381,0.02878284325875818,20500.0,-8500.0,77.9940838473635,45398.59263316158,39056.46098436772,6342.13164879386,512334.30162655615,296615.69837344385,0.5333298800991713,0.8431553833729544,479666.6666666667,478000.0,451950.0,404475.0,1.0010460251046025,1.183015019469683,73525.0,-0.006230529595015577,0.006230529595015577,0.042842215256008356,0.018085106382978722,0.023770272212909834,0.037242722408277834,3891322.6,3932597.5,-0.07396966004491667,0.911355153940875,1714940650500.0,510000.0
2025-10-24,493000.0,513000.0,491500.0,510000.0,4254202,0.0658307210031348,0.06375451482536251,478928.5714285714,438035.71428571426,409500.0,0.03298758447624928,21500.0,-17000.0,81.80097473837573,47453.943954251066,40735.95757834439,6717.986375906679,527185.7657094541,297214.2342905459,0.5579124973772639,0.9252700297144646,490000.0,486900.0,460150.0,412200.0,1.0474430067775724,1.2372634643377,74700.0,0.0658307210031348,0.0658307210031348,0.04215686274509804,0.034482758620689655,0.03406916676258703,0.03445774861641707,3833846.4,3918993.3,0.1870006442534904,1.0855343896607326,2169643020000.0,535000.0
2025-10-27,533000.0,537000.0,523000.0,535000.0,3381231,0.0490196078431373,0.04785602117763514,490714.28571428574,451428.5714285714,418047.61904761905,0.02934723106362681,14000.0,-2000.0,84.14523075660992,50517.77824907325,42692.32171249016,7825.456536583093,544897.1126873225,297902.8873126774,0.586127729887625,0.959929781061438,507833.3333333333,496800.0,472150.0,421400.0,1.076892109500805,1.269577598481253,75400.0,0.0490196078431373,0.0490196078431373,0.026168224299065422,0.00375234521575985,0.035227263592108135,0.030993291656854667,3843312.0,3869176.7,-0.20520205669594438,0.8738890110653256,1808958585000.0,521000.0
2025-10-28,521000.0,527000.0,509000.0,521000.0,5659008,-0.0261682242990654,-0.02651670514263961,498642.85714285716,462928.5714285714,426142.85714285716,0.03479220512641911,18000.0,0.0,78.0797136217459,51225.70793021232,44398.998956034586,6826.708974177731,557081.1818966535,301718.8181033465,0.5946957703616838,0.8587059527462003,522000.0,505200.0,483100.0,429400.0,1.031274742676168,1.2133209129017233,75800.0,-0.0261682242990654,0.0261682242990654,0.0345489443378119,0.0,0.03856879623102845,0.0335903164022716,4149742.0,3986360.3,0.6736531754263462,1.4195927046534154,2948343168000.0,558000.0
2025-10-29,538000.0,559000.0,523000.0,558000.0,4803031,0.07101727447216888,0.06860892062794399,509000.0,474535.71428571426,435523.8095238095,0.03925495704612419,36000.0,-20000.0,81.81133465520705,54148.15189201408,46348.82954323049,7799.322348783593,574601.4052130245,304248.59478697553,0.6152422152268281,0.9385935541529518,538000.0,520500.0,496650.0,439425.0,1.0720461095100864,1.2698412698412698,81075.0,0.07101727447216888,0.07101727447216888,0.06451612903225806,0.03717472118959108,0.04413931628269765,0.036710475171974184,4336293.0,4018251.9,-0.1512591959580195,1.1953036095123852,2680091298000.0,568000.0
2025-10-30,558000.0,579000.0,552000.0,568000.0,4888461,0.017921146953405076,0.017762456339840468,521714.28571428574,484535.71428571426,445547.61904761905,0.03650978448437191,27000.0,-10000.0,82.6700167571345,56618.46380633715,48402.75639585182,8215.707410485331,590834.7295684966,309165.2704315034,0.6259321314155404,0.9189307579229218,549000.0,538400.0,508200.0,450000.0,1.0549777117384844,1.2622222222222221,88400.0,0.017921146953405076,0.017921146953405076,0.04753521126760563,0.017921146953405017,0.040237396399572044,0.033638828132916514,4597186.6,4155264.2,0.017786685116127687,1.1764501039428492,2776645848000.0,559000.0
2025-10-31,557000.0,566000.0,552000.0,559000.0,3351809,-0.015845070422535246,-0.015971945566052224,532785.7142857143,494821.4285714286,455190.4761904762,0.03914267105259661,14000.0,-2000.0,79.05278810091491,57190.719992130646,50160.34911510759,7030.370877023059,599336.8415979424,322913.1584020576,0.5994549920214363,0.8540760287556182,561666.6666666666,548200.0,517550.0,461125.0,1.019700839109814,1.212252642992681,87075.0,-0.015845070422535246,0.015845070422535246,0.025044722719141325,0.003590664272890485,0.041419519966056015,0.035754376554942784,4416708.0,4138588.45,-0.31434269394805436,0.8098918364303654,1873661231000.0,620000.0
2025-11-03,557000.0,624000.0,555000.0,620000.0,5787058,0.10912343470482999,0.10357000488403803,553000.0,509714.28571428574,468690.4761904762,0.04738992163664099,69000.0,-63000.0,84.12337414198552,61853.419624964474,52498.96321707897,9354.456407885504,619577.2447249034,329772.7552750966,0.610532447358312,1.0014587602693776,582333.3333333334,565200.0,531000.0,474675.0,1.0969568294409058,1.306156844156528,90525.0,0.10912343470482999,0.10912343470482999,0.11129032258064517,0.11310592459605028,0.057745468002844316,0.04547417875812707,4897873.4,4314142.05,0.7265476642612989,1.341415728302224,3587975960000.0,586000.0
2025-11-04,611000.0,614000.0,583000.0,586000.0,5969769,-0.05483870967741933,-0.0563996884621246,563857.1428571428,521392.85714285716,479976.1904761905,0.056895026877601645,31000.0,25000.0,73.45094921519473,62089.39888573211,54417.0503508096,7672.348534922508,626607.368227157,346592.631772843,0.5754515751218948,0.8549813172644135,588333.3333333334,578200.0,541700.0,486600.0,1.0134901418194397,1.2042745581586518,91600.0,-0.05483870967741933,0.05483870967741933,0.052901023890784986,-0.04091653027823241,0.0657378510990734,0.050983369142601084,4960025.6,4500699.8,0.03157234643233231,1.326409061986316,3498284634000.0,579000.0
2025-11-05,563000.0,587000.0,532000.0,579000.0,8976222,-0.011945392491467532,-0.012017312004017327,570142.8571428572,530428.5714285715,491000.0,0.05648102335662723,55000.0,-16000.0,71.44139306471385,61008.30686626828,55735.30165390134,5273.0052123669375,629914.6876108419,365185.31238915806,0.5320658732221564,0.8076726937907587,595000.0,582400.0,551450.0,497550.0,0.9941620879120879,1.1637021404883932,84850.0,-0.011945392491467532,0.011945392491467532,0.09499136442141623,0.028419182948490232,0.06171626312193762,0.051873747147326385,5794663.8,4809389.05,0.5036129538680643,1.8663954832267104,5197232538000.0,593000.0
2025-11-06,602000.0,607000.0,583000.0,593000.0,5321244,0.024179620034542326,0.02389192142473022,580428.5714285715,539535.7142857143,502095.2380952381,0.05401698914423337,24000.0,9000.0,73.03062849228735,60582.85520581913,56704.8123642849,3878.042841534225,637176.2904306583,377673.7095693417,0.5114107126399302,0.8297655064391557,586000.0,587400.0,562900.0,507425.0,1.0095335376234253,1.168645612652116,79975.0,0.024179620034542326,0.024179620034542326,0.04047217537942664,-0.014950166112956811,0.062008169417343405,0.0510640008136455,5881220.4,4703913.1,-0.4071844479782252,1.1312377348127456,3155497692000.0,580000.0
2025-11-07,577000.0,599000.0,565000.0,580000.0,4789397,-0.021922428330522714,-0.022166295457260378,583571.4285714285,546285.7142857143,510880.95238095237,0.05077934025836298,34000.0,-3000.0,69.1808384907022,58522.084187452216,57068.266728918374,1453.817458533842,642982.0137523577,387067.9862476423,0.4968963205761184,0.7538938589398066,584000.0,591600.0,569900.0,515025.0,0.9803921568627451,1.126158924324062,76575.0,-0.021922428330522714,0.021922428330522714,0.05862068965517241,0.005199306759098787,0.06270043336513594,0.05038887419499599,6168738.0,4601590.35,-0.09994786933281019,1.0408134222551992,2777850260000.0,606000.0
2025-11-10,584000.0,615000.0,581000.0,606000.0,4893645,0.04482758620689653,0.04385188252884941,589000.0,555357.1428571428,519357.14285714284,0.05274664248688032,34000.0,-22000.0,72.32324165181957,58314.67573502858,57317.54853014042,997.1272048881583,649575.3263153635,399574.6736846365,0.47657752014626514,0.8256991497549084,593000.0,588800.0,577000.0,524575.0,1.029211956521739,1.1552208931039414,64225.0,0.04482758620689653,0.04482758620689653,0.056105610561056105,0.03767123287671233,0.039201795812417305,0.0500821673860712,5990055.4,4628445.9,0.021766414435888226,1.057297655785498,2965548870000.0,619000.0
2025-11-11,622000.0,646000.0,604000.0,619000.0,5508697,0.021452145214521545,0.02122528661528174,597571.4285714285,565178.5714285715,529071.4285714285,0.05164422789562194,42000.0,3000.0,73.76369262775877,58524.65856307233,57558.9705367268,965.6880263455241,654771.3143327223,415128.68566727766,0.4479720135815397,0.8507305877425455,601666.6666666666,595400.0,586800.0,534950.0,1.03963721867652,1.157117487615665,60450.0,0.021452145214521545,0.021452145214521545,0.06785137318255251,-0.00482315112540193,0.027555063247248605,0.048101813100099436,5897841.0,4698817.0,0.125683820546852,1.1723582765619516,3409883443000.0,617000.0
2025-11-12,605000.0,620000.0,601000.0,617000.0,2831484,-0.003231017770597755,-0.003236248779208305,597142.8571428572,575071.4285714285,538857.1428571428,0.033586013763183514,19000.0,-12000.0,73.13307166723831,57862.68318831379,57619.713067044206,242.97012126958725,657431.9696760529,431918.0303239471,0.41403394565953244,0.8207118824130666,614000.0,603000.0,592700.0,544675.0,1.023217247097844,1.132785606095378,58325.0,-0.003231017770597755,0.003231017770597755,0.03079416531604538,0.019834710743801654,0.02594427263074765,0.044686128779664984,4668893.4,4705990.25,-0.48599750539918973,0.6016765546847446,1747025628000.0,612000.0
2025-11-13,607000.0,622000.0,607000.0,612000.0,3875541,-0.008103727714748765,-0.008136741393061713,600857.1428571428,582357.1428571428,547880.9523809524,0.023761066462651366,15000.0,-5000.0,71.48763424828898,56285.77731705492,57352.925917046356,-1067.1485999914366,660408.5507658576,444891.4492341425,0.3899703275702797,0.7753841786948222,616000.0,606800.0,597100.0,552650.0,1.008569545154911,1.1073916583732923,54150.0,-0.008103727714748765,0.008103727714748765,0.024509803921568627,0.008237232289950576,0.026496754045990705,0.04499323544670649,4379752.8,4687370.6,0.3687313790224489,0.8268049042249829,2371831092000.0,560000.0
2025-11-14,579000.0,585000.0,560000.0,560000.0,5778374,-0.08496732026143794,-0.0887954987831312,598142.8571428572,584142.8571428572,553000.0,0.043278075519490145,25000.0,19000.0,57.0991453704666,50260.7282462162,55934.48638288033,-5673.758136664132,657025.9038171704,457724.09618282964,0.35757220477118773,0.5131709793862786,596333.3333333334,602800.0,597200.0,557375.0,0.9289980092899801,1.0047095761381475,45425.0,-0.08496732026143794,0.08496732026143794,0.044642857142857144,-0.03281519861830743,0.048951492058187836,0.053610912115760315,4577548.2,4749210.15,0.4909851295599763,1.2167021078231293,3235889440000.0,606000.0
2025-11-17,588000.0,606000.0,584000.0,606000.0,4470947,0.08214285714285707,0.07894320234011946,600000.0,590214.2857142857,559690.4761904762,0.0532149948237025,22000.0,-18000.0,64.00164093483164,48636.99204261077,54474.98751482642,-5837.995472215647,659252.1888391869,467547.8111608131,0.3402633611614729,0.7222171476515307,592666.6666666666,602800.0,595800.0,563400.0,1.0053085600530856,1.0756123535676252,39400.0,0.08214285714285707,0.08214285714285707,0.036303630363036306,0.030612244897959183,0.0601925276096086,0.04797284291310322,4493008.6,4806062.35,-0.22626209380008977,0.930272367357032,2709393882000.0,570000.0
2025-11-18,583000.0,591000.0,570000.0,570000.0,3544391,-0.05940594059405946,-0.06124362524071867,598571.4285714285,591071.4285714285,563714.2857142857,0.05812977049179615,21000.0,13000.0,56.359164766529396,43938.77146095282,52367.7443040517,-8428.972843098883,655185.2536173548,480714.7463826453,0.3071934276515706,0.5117498368778293,578666.6666666666,593000.0,594200.0,567950.0,0.9612141652613828,1.0036094726648472,25050.0,-0.05940594059405946,0.05940594059405946,0.03684210526315789,-0.022298456260720412,0.06420612103466226,0.04855799062975933,4100147.4,4776939.0,-0.20723931641327886,0.7419795396173156,2020302870000.0,562000.0
2025-11-19,563000.0,570000.0,546000.0,562000.0,4529736,-0.01403508771929829,-0.014134510934904806,592285.7142857143,590642.8571428572,567666.6666666666,0.05444069206803841,24000.0,1000.0,54.79334080623963,39118.92603132385,49717.980649506135,-10599.054618182287,649278.5540818416,494671.44591815845,0.27030396112362104,0.43548162100387094,579333.3333333334,582000.0,592500.0,571975.0,0.9656357388316151,0.9825604265920713,10025.0,-0.01403508771929829,0.01403508771929829,0.042704626334519574,-0.0017761989342806395,0.06390418869711387,0.04861146041253415,4439797.8,4809912.0,0.2780012137487089,0.9417502856601119,2545711632000.0,571000.0
2025-11-20,595000.0,597000.0,570000.0,571000.0,4670237,0.016014234875444844,0.015887359762319146,585428.5714285715,591500.0,571928.5714285715,0.05395306259462607,27000.0,24000.0,56.26545075142613,35614.8428482092,46897.353089246746,-11282.510241037548,640211.981658539,512988.01834146096,0.2206450976709644,0.455983135142212,567666.6666666666,573800.0,590300.0,576600.0,0.9951202509585221,0.9902878945542838,-2800.0,0.016014234875444844,0.016014234875444844,0.047285464098073555,-0.040336134453781515,0.0656188937968203,0.04819136533216295,4598737.0,4864224.2,0.031017480930455976,0.960119601395018,2666705327000.0,521000.0
2025-11-21,518000.0,531000.0,514000.0,521000.0,6646712,-0.08756567425569173,-0.09163916790264326,571714.2857142857,584428.5714285715,573952.380952381,0.06150568763499676,17000.0,-3000.0,47.09086119557742,28475.007387384772,43212.883948874354,-14737.876561489582,638486.9468805839,515813.0531194161,0.2125511457353682,0.04228240191578401,551333.3333333334,566000.0,584400.0,577150.0,0.9204946996466431,0.9027116001039591,-11150.0,-0.08756567425569173,0.08756567425569173,0.03262955854126679,0.005791505791505791,0.06634697951295303,0.0550761534072979,4772404.6,4983849.7,0.4232065738847943,1.3336501700683308,3462936952000.0,520000.0
2025-11-24,531000.0,542000.0,517000.0,520000.0,6399162,-0.0019193857965451588,-0.0019212301778939326,558571.4285714285,579714.2857142857,574428.5714285715,0.061819623351638146,25000.0,11000.0,46.92605498787803,22476.84561736684,39065.67628257286,-16588.83066520602,640223.4406699244,512576.5593300756,0.22145538053408884,0.05815606767673515,537333.3333333334,548800.0,575800.0,576400.0,0.9475218658892128,0.9021512838306731,-27600.0,-0.0019193857965451588,0.0019193857965451588,0.04807692307692308,-0.02071563088512241,0.042829073052970915,0.05186284395021837,5158047.6,5134746.25,-0.03724397867697593,1.24624697861165,3327564240000.0,519000.0
2025-11-25,546000.0,550000.0,518000.0,519000.0,3716730,-0.0019230769230769162,-0.0019249284095843938,552714.2857142857,575428.5714285715,573666.6666666666,0.054793977121246826,32000.0,27000.0,46.74985661248116,17441.51265661372,34740.84355738103,-17299.33090076731,640494.1135192808,512105.8864807192,0.22278019614534375,0.053697396391416345,520000.0,538600.0,565800.0,576300.0,0.9636093575937617,0.9005726184279021,-37700.0,-0.0019230769230769162,0.0019230769230769162,0.06165703275529865,-0.04945054945054945,0.040401299906255884,0.050600757782706465,5192515.4,5037632.35,-0.4191848870211443,0.7377930229465833,1928982870000.0,524000.0
2025-11-26,513000.0,528000.0,501000.0,524000.0,5127393,0.009633911368015502,0.009587801155153612,541000.0,570500.0,573809.5238095238,0.040167055275094045,27000.0,-11000.0,47.80514280540654,13696.547941988218,30531.984434302467,-16835.43649231425,642526.8956886352,506673.1043113648,0.23643193765623105,0.12754075917187938,521000.0,531000.0,556500.0,574600.0,0.9868173258003766,0.9119387399930386,-43600.0,0.009633911368015502,0.009633911368015502,0.05152671755725191,0.021442495126705652,0.04230698011328615,0.05113069738489226,5312046.8,5053850.45,0.3795441153917556,1.0145517859555975,2686753932000.0,544000.0
2025-11-27,535000.0,556000.0,533000.0,544000.0,3654092,0.03816793893129766,0.037457562534900415,537285.7142857143,567928.5714285715,573142.8571428572,0.040908306590706205,23000.0,-9000.0,51.91044304966282,12201.81435711647,26865.950418865268,-14664.136061748799,642652.854776802,504147.14522319793,0.24155163856575526,0.28773438225215064,529000.0,525600.0,549700.0,573400.0,1.035007610350076,0.9487268922218347,-47800.0,0.03816793893129766,0.03816793893129766,0.042279411764705885,0.016822429906542057,0.04702241948666107,0.05384699943381132,5108817.8,4992132.0,-0.28733919947232445,0.7319702283513336,1987826048000.0,530000.0
2025-11-28,551000.0,552000.0,530000.0,530000.0,2680138,-0.02573529411764708,-0.02607224030977513,532714.2857142857,562500.0,571333.3333333334,0.041515693126470396,22000.0,21000.0,49.00482340381852,9774.86565834668,23447.73346676155,-13672.86780841487,643643.7199040767,500256.2800959233,0.25069925659262765,0.2074360205041154,532666.6666666666,527400.0,546700.0,571950.0,1.004929844520288,0.926654427834601,-44550.0,-0.02573529411764708,0.02573529411764708,0.04150943396226415,-0.038112522686025406,0.02319950389565055,0.0476303465756181,4315503.0,4958548.45,-0.2665378977869194,0.5405085837166721,1420473140000.0,538000.0
2025-12-01,542000.0,545000.0,525000.0,538000.0,3134704,0.015094339622641506,0.014981553615616894,528000.0,556714.2857142857,570333.3333333334,0.04142878624543913,20000.0,4000.0,50.70288018599421,8400.192282862146,20438.225229981672,-12038.032947119525,637317.9782345793,498382.0217654206,0.24467017076544634,0.2851528088293966,537333.3333333334,531000.0,539900.0,567850.0,1.0131826741996233,0.9474333010478119,-36850.0,0.015094339622641506,0.015094339622641506,0.03717472118959108,-0.007380073800738007,0.023425977628619175,0.03778634971084618,3662611.4,4825930.75,0.1696054456897369,0.6495542854608927,1686470752000.0,558000.0
2025-12-02,548000.0,559000.0,542000.0,558000.0,2686580,0.037174721189590976,0.036500402219526426,533285.7142857143,552500.0,567380.9523809524,0.022606874201021126,17000.0,-10000.0,54.75873620161249,8822.881891438505,18115.156562273038,-9292.274670834533,635505.20293672,497394.7970632801,0.2438174699857709,0.4388170648941301,542000.0,538800.0,538700.0,566450.0,1.0356347438752784,0.9850825315561832,-27650.0,0.037174721189590976,0.037174721189590976,0.03046594982078853,0.01824817518248175,0.02606027324888681,0.03640435893948131,3456581.4,4661771.3,-0.1429557623303508,0.5763002573721281,1499111640000.0,552000.0
2025-12-03,550000.0,559000.0,544000.0,552000.0,2586619,-0.010752688172043001,-0.010810916104215617,537857.1428571428,548214.2857142857,565761.9047619047,0.02360289653109036,15000.0,-2000.0,53.34089618754265,8574.870822471916,16207.099414312815,-7632.2285918409,634177.8355800256,496022.16441997443,0.24448004098398715,0.4051794262949665,549333.3333333334,544400.0,537700.0,565100.0,1.0139603232916974,0.9768182622544682,-20700.0,-0.010752688172043001,0.010752688172043001,0.02717391304347826,0.0036363636363636364,0.028558785495144776,0.03629350086468649,2948426.6,4342291.15,-0.037207527786256134,0.5956806926684315,1427813688000.0,542000.0
2025-12-04,542000.0,543000.0,532000.0,542000.0,2858305,-0.018115942028985477,-0.01828204483744907,541142.8571428572,546928.5714285715,564000.0,0.025540756797045382,11000.0,0.0,50.97203705486737,7485.120032569626,14462.703537964178,-6977.583505394552,631054.2449702744,494045.7550297256,0.24354899998319932,0.3500092949793321,550666.6666666666,544000.0,534800.0,562550.0,0.9963235294117647,0.9634699137854413,-18550.0,-0.018115942028985477,0.018115942028985477,0.02029520295202952,0.0,0.026051975397718263,0.03610107179550129,2789269.2,4219144.2,0.10503518299370729,0.6774608462066786,1549201310000.0,544000.0
2025-12-05,530000.0,546000.0,527000.0,544000.0,3204933,0.0036900369003689537,0.003683245416296368,544000.0,542500.0,561666.6666666666,0.025507495488925423,19000.0,-14000.0,51.43655563310652,6705.570325010107,12911.276895373365,-6205.706570363258,629215.5118712295,492284.4881287705,0.2441926415380455,0.37767563885665867,546000.0,546800.0,537100.0,560750.0,0.9948792977322605,0.9701292911279537,-13950.0,0.0036900369003689537,0.0036900369003689537,0.034926470588235295,0.026415094339622643,0.021911437247572205,0.021294687683689875,2894228.2,4139921.0,0.12127047323501161,0.7741531782852861,1743483552000.0,577000.0
2025-12-08,543000.0,580000.0,533000.0,577000.0,4288433,0.06066176470588225,0.05889301965215683,548714.2857142857,543000.0,561523.8095238095,0.030751875797644348,47000.0,-34000.0,58.43436746588846,8650.873883759603,12059.196293050614,-3408.3224092910114,624898.7804764692,493701.2195235308,0.23457457706586518,0.6349110446218519,554333.3333333334,554600.0,542800.0,559300.0,1.0403894698882077,1.031646701233685,-4700.0,0.06066176470588225,0.06066176470588225,0.08145580589254767,0.06261510128913444,0.03340434010851199,0.027484402961679647,3124974.0,4109660.4,0.3380725899730197,1.043500577322642,2474425841000.0,566000.0
2025-12-09,569000.0,575000.0,564000.0,566000.0,2391174,-0.01906412478336217,-0.019248188304916578,553857.1428571428,543285.7142857143,559619.0476190476,0.029561574905460884,11000.0,3000.0,55.560401738391576,9198.893778691534,11487.1357901788,-2288.2420114872657,616086.9192372977,497213.08076270233,0.21355221139781802,0.5786548169048833,562333.3333333334,556200.0,547500.0,556650.0,1.0176195613088816,1.0167969100871284,-450.0,-0.01906412478336217,0.01906412478336217,0.019434628975265017,-0.005272407732864675,0.033342156361887,0.02886516902010799,3065892.8,3953784.25,-0.4424131145339102,0.6047811030660057,1353404484000.0,587000.0
2025-12-10,571000.0,593000.0,570000.0,587000.0,3986083,0.03710247349823326,0.036430741624913554,560857.1428571428,544428.5714285715,558095.2380952381,0.031298593626784464,23000.0,-16000.0,59.64135061667298,11198.637072114623,11429.436046565965,-230.79897445134156,609467.8753169467,500832.12468305335,0.19568720279905125,0.7931815706538057,576666.6666666666,563200.0,553800.0,555150.0,1.0422585227272727,1.0573718814734756,8050.0,0.03710247349823326,0.03710247349823326,0.039182282793867124,0.028021015761821366,0.03512638982404098,0.030200314422015692,3345785.6,4011514.2,0.6669983029256759,0.9936604487153504,2339830721000.0,565000.0
2025-12-11,583000.0,589000.0,565000.0,565000.0,4021907,-0.03747870528109032,-0.03819908868165554,561857.1428571428,547571.4285714285,555619.0476190476,0.034321330326099894,24000.0,18000.0,54.0423171720864,10882.781965000322,11320.105230252837,-437.32326525251483,600415.1236478494,505184.8763521505,0.1722688988706565,0.6281105567448321,572666.6666666666,567800.0,555900.0,552800.0,0.9950686861570975,1.0220694645441388,15000.0,-0.03747870528109032,0.03747870528109032,0.04247787610619469,-0.030874785591766724,0.040108435002598454,0.032271055639950155,3578506.0,4018832.5,0.008987268955513494,1.000765023175263,2272377455000.0,571000.0
2025-12-12,565000.0,579000.0,560000.0,571000.0,2646148,0.010619469026548645,0.010563478509569246,564571.4285714285,551214.2857142857,553666.6666666666,0.03396329609470946,19000.0,-6000.0,55.275491351776495,10989.9293088282,11254.07004596791,-264.14073713971084,601565.6340663591,505134.3659336409,0.17426812710349368,0.6830319183992095,574333.3333333334,573200.0,560000.0,553350.0,0.9961618981158409,1.0318966296195897,19850.0,0.010619469026548645,0.010619469026548645,0.03327495621716287,0.010619469026548672,0.039999422663192015,0.03051687667937778,3466749.0,3862221.2,-0.34206633818235976,0.6851363148231903,1510950508000.0,554000.0
2025-12-15,535000.0,563500.0,535000.0,554000.0,2482125,-0.02977232924693518,-0.030224522908726386,566285.7142857143,553714.2857142857,553380.9523809524,0.035579529460972543,28500.0,-19000.0,51.09233226295282,9592.509942210978,10921.758025216524,-1329.2480830055465,592135.8607942882,509364.1392057118,0.15028909957072437,0.5392646176450744,563333.3333333334,568600.0,561600.0,550750.0,0.9743228983468167,1.005901044030867,17850.0,-0.02977232924693518,0.02977232924693518,0.05144404332129964,0.03551401869158879,0.031007923091508696,0.032569661861574874,3105487.4,3762780.1,-0.06198557299138219,0.6596518887723468,1375097250000.0,530000.0
2025-12-16,545000.0,551000.0,530000.0,530000.0,3287998,-0.04332129963898912,-0.04428768020111624,564285.7142857143,554142.8571428572,549761.9047619047,0.039821787362999864,21000.0,15000.0,45.820314779857746,6473.819441958563,10032.170308564933,-3558.35086660637,590084.9603528104,507415.0396471895,0.15065133613780585,0.27319441170426684,551666.6666666666,561400.0,558800.0,548750.0,0.9440684004275026,0.9658314350797267,12650.0,-0.04332129963898912,0.04332129963898912,0.03962264150943396,-0.027522935779816515,0.03488234602532609,0.033236984427717345,3284852.2,3749960.45,0.32467059475248017,0.8768087140759044,1742638940000.0,551000.0
2025-12-17,530000.0,554000.0,525000.0,551000.0,2692626,0.039622641509434064,0.038857802606747066,560571.4285714285,554642.8571428572,548857.1428571428,0.034999044530382266,29000.0,-21000.0,50.62153307637594,5631.83891393221,9152.104029638389,-3520.265115706179,589082.8879400145,507317.1120599855,0.14915318475014402,0.5342441561871596,545000.0,554200.0,558700.0,548200.0,0.9942259112233851,1.0051076249543962,6000.0,0.039622641509434064,0.039622641509434064,0.05263157894736842,0.03962264150943396,0.03578602942023151,0.03591755853561542,3026160.8,3658104.95,-0.18107431938827212,0.7360712819351998,1483636926000.0,552000.0
2025-12-18,538000.0,563000.0,537000.0,552000.0,2959059,0.001814882032667775,0.0018132371241807218,558571.4285714285,556214.2857142857,548380.9523809524,0.03463254401127886,26000.0,-14000.0,50.84491540375326,4987.7591393938055,8319.235051589472,-3331.4759121956668,586762.1566902616,507737.84330973844,0.14440258269625056,0.5601080831557179,544333.3333333334,551600.0,559700.0,547250.0,1.0007251631617113,1.0086797624486066,4350.0,0.001814882032667775,0.001814882032667775,0.04710144927536232,0.026022304832713755,0.03301756811560092,0.03532437055187419,2813591.2,3572546.05,0.09894912995714966,0.8282773569846636,1633400568000.0,547000.0
2025-12-19,569000.0,570000.0,547000.0,547000.0,3440005,-0.009057971014492794,-0.009099243855114146,552857.1428571428,556857.1428571428,547238.0952380953,0.029805265196095623,23000.0,22000.0,49.63581856547889,4027.43727456301,7460.8754961841805,-3433.4382216211707,586087.2096094416,511012.7903905584,0.1368597561186458,0.4793538196348759,550000.0,546800.0,560000.0,548550.0,1.0003657644476958,0.9971743687904475,-1750.0,-0.009057971014492794,0.009057971014492794,0.04204753199268738,-0.03866432337434095,0.03196440889619991,0.035501722869118665,2972362.6,3412210.7,0.16253342701176288,1.0081455403677153,1881682735000.0,580000.0
2025-12-22,574000.0,580000.0,567000.0,580000.0,2878464,0.06032906764168189,0.0585793011184838,555000.0,558428.5714285715,550047.619047619,0.03632256937136591,13000.0,-6000.0,56.91766346233185,5861.630260526668,7141.026449052678,-1279.3961885260096,589070.380426755,514029.61957324506,0.13605432119211291,0.8791272859764628,559666.6666666666,552000.0,560300.0,551550.0,1.0507246376811594,1.0515819055389357,450.0,0.06032906764168189,0.06032906764168189,0.022413793103448276,0.010452961672473868,0.04087726836204371,0.03543981901669212,3051630.4,3236175.8,-0.16323842552554424,0.8894646576369554,1669509120000.0,584000.0
2025-12-23,585000.0,593000.0,581000.0,584000.0,2011188,0.006896551724137945,0.0068728792877620504,556857.1428571428,560714.2857142857,553095.2380952381,0.03623374842571456,12000.0,1000.0,57.71571217186175,7550.965161090484,7223.01419146024,327.9509696302439,591704.428489075,517895.5715109249,0.13303687270755252,0.8956164774187493,570333.3333333334,562800.0,562100.0,554800.0,1.0376687988628288,1.0526315789473684,8000.0,0.006896551724137945,0.006896551724137945,0.02054794520547945,-0.0017094017094017094,0.028975054488695254,0.034744317520651616,2796268.4,3150898.7,-0.3012981923692636,0.6382902757235578,1174533792000.0,588000.0
2025-12-24,587000.0,591000.0,584000.0,588000.0,2160697,0.006849315068493178,0.006825965070399891,561714.2857142857,564000.0,556380.9523809524,0.03310580841194268,7000.0,-1000.0,58.54273123661777,9107.55557992449,7599.922469153091,1507.6331107713995,594758.099716074,521241.90028392605,0.1317494613479353,0.9080733257666378,584000.0,570200.0,562200.0,558000.0,1.0312171168011224,1.053763440860215,12200.0,0.006849315068493178,0.006849315068493178,0.011904761904761904,0.0017035775127768314,0.027046781081492183,0.03277141751842698,2689882.6,3002563.9,0.07433864959417025,0.7196173243806735,1270489836000.0,599000.0
2025-12-26,594000.0,605000.0,590000.0,599000.0,4243548,0.018707482993197244,0.018534650216822393,571571.4285714285,567928.5714285715,559952.380952381,0.023541446891282347,15000.0,-5000.0,60.812597922713294,11100.809548185556,8300.099884959585,2800.709663225971,601147.3683353389,520352.63166466105,0.14408334671543083,0.9734219279147893,590333.3333333334,579600.0,565600.0,560750.0,1.033471359558316,1.0682122157824343,18850.0,0.018707482993197244,0.018707482993197244,0.025041736227045076,0.008417508417508417,0.026287507101818906,0.030225559053865547,2946780.4,3032036.7,0.9639718109480413,1.3995701305330506,2541885252000.0,640000.0
2025-12-29,630000.0,640000.0,625000.0,640000.0,4176151,0.06844741235392315,0.06620657823826814,584285.7142857143,572428.5714285715,564523.8095238095,0.029255838067496917,15000.0,-10000.0,67.873216691957,15806.62608117424,9801.405124202516,6005.220956971723,617511.4557158228,514988.54428417725,0.18105591422807155,1.2193514012638131,609000.0,598200.0,572500.0,566250.0,1.0698762955533268,1.130242825607064,31950.0,0.06844741235392315,0.06844741235392315,0.0234375,0.015873015873015872,0.029875067032245135,0.03610956534978941,3094009.6,3106837.35,-0.015882228738781756,1.3441807631159062,2672736640000.0,651000.0
2025-12-30,639000.0,659000.0,634000.0,651000.0,4094603,0.01718749999999991,0.017041465854851615,598428.5714285715,578500.0,570285.7142857143,0.028100834503645665,25000.0,-12000.0,69.46292428156926,20190.879762790166,11879.300051920047,8311.579710870119,633847.006214565,509952.9937854349,0.21663579721827259,1.1384489326733755,630000.0,612400.0,582200.0,571900.0,1.0630306988896145,1.1383108935128519,40500.0,0.01718749999999991,0.01718749999999991,0.03840245775729647,0.018779342723004695,0.02567068535164478,0.03298437771374215,3337237.4,3154832.3,-0.019527071698317466,1.2978829334288229,2665586553000.0,677000.0
2026-01-02,651000.0,679000.0,647000.0,677000.0,4181895,0.03993855606758823,0.03916163070370566,617000.0,584928.5714285715,576904.7619047619,0.02443161279903301,32000.0,-26000.0,72.8789550120153,25469.814929152606,14597.40302736656,10872.411901786047,655136.2757613059,500563.72423869406,0.26749597909944084,1.1414463565705952,656000.0,631000.0,596900.0,577850.0,1.0729001584786053,1.1715843211906205,53150.0,0.03993855606758823,0.03993855606758823,0.047267355982274745,0.039938556067588324,0.02451712780054687,0.02588018738145578,3771378.8,3229598.05,0.021318794520494455,1.2948654709523373,2831142915000.0,696000.0
2026-01-05,698000.0,700000.0,684000.0,696000.0,4337511,0.028064992614475592,0.02767838742214462,633571.4285714285,594285.7142857143,583476.1904761905,0.02106370026504299,16000.0,2000.0,75.07338888130352,30831.148009018973,17844.152023697043,12986.99598532193,677532.6584028766,492567.3415971235,0.31615300710324434,1.0998421861787064,674666.6666666666,652600.0,611400.0,585050.0,1.0665032178976401,1.1896419109477823,67550.0,0.028064992614475592,0.028064992614475592,0.022988505747126436,-0.0028653295128939827,0.021050745359078457,0.02541209573765352,4206741.6,3317142.65,0.037211838173842215,1.3076046036187199,3018907656000.0,726000.0
2026-01-06,690000.0,727000.0,671000.0,726000.0,4830275,0.0431034482758621,0.04220035449037647,653857.1428571428,605357.1428571428,591761.9047619047,0.01990454648980786,56000.0,-36000.0,78.0881167820774,37073.4329233414,21690.008203625915,15383.424719715487,703744.2920886746,484755.7079113254,0.3685125522546895,1.1016295346852485,699666.6666666666,678000.0,628800.0,594250.0,1.0707964601769913,1.2217080353386622,83750.0,0.0431034482758621,0.0431034482758621,0.07713498622589532,0.05217391304347826,0.019232927252163003,0.02476792005188613,4324087.0,3415741.15,0.11360524503568992,1.4141220859197718,3506779650000.0,742000.0
2026-01-07,760000.0,762000.0,728000.0,742000.0,5693115,0.02203856749311295,0.02179922834258436,675857.1428571428,618785.7142857143,601285.7142857143,0.017524321570861118,34000.0,18000.0,79.51136705390374,42817.9759995389,25915.601762808514,16902.37423673039,729212.1319269157,479087.86807308433,0.4140102025222733,1.0511260598074454,721333.3333333334,698400.0,648300.0,604150.0,1.0624284077892325,1.228171811636183,94250.0,0.02203856749311295,0.02203856749311295,0.04582210242587601,-0.02368421052631579,0.011199797815527858,0.02130126327663841,4627479.8,3540150.25,0.17863165140701098,1.6081563204838552,4224291330000.0,756000.0
2026-01-08,731000.0,788000.0,731000.0,756000.0,6496379,0.018867924528301883,0.018692133012152546,698285.7142857143,634928.5714285715,611380.9523809524,0.017502396284593002,57000.0,-25000.0,80.69306797677082,47947.541361237294,30321.98968249427,17625.551678743024,754530.1389751361,471669.8610248639,0.46136075346643646,1.0051964207753565,741333.3333333334,719400.0,665900.0,613100.0,1.0508757297748124,1.2330778013374653,106300.0,0.018867924528301883,0.018867924528301883,0.07539682539682539,0.03419972640218878,0.010732150195838142,0.01889075211316229,5107835.0,3650547.55,0.14109393539389248,1.7795629042004946,4911262524000.0,744000.0
2026-01-09,744000.0,756000.0,727000.0,744000.0,4343703,-0.015873015873015928,-0.01600034134644119,713142.8571428572,648714.2857142857,619333.3333333334,0.01920389444178832,29000.0,0.0,76.61418119439749,50462.75591685588,34350.14292936659,16112.612987489287,773027.3589714617,470972.64102853835,0.4856185175931243,0.9039003291551079,747333.3333333334,732800.0,681900.0,622000.0,1.01528384279476,1.1961414790996785,110800.0,-0.015873015873015928,0.015873015873015928,0.038978494623655914,0.0,0.02172693582511168,0.022593778743069077,5140196.6,3748174.0,-0.33136551916075097,1.1588850997845885,3231715032000.0,749000.0
2026-01-12,755000.0,762000.0,735000.0,749000.0,3329793,0.006720430107526987,0.006697948684127718,727142.8571428572,662785.7142857143,628047.619047619,0.019987040948098327,27000.0,6000.0,77.13285090655582,52257.15186878655,37931.54471725058,14325.607151535965,790320.7687437622,469879.23125623784,0.5085566378154648,0.8710505227638571,749666.6666666666,743400.0,698000.0,630100.0,1.0075329566854991,1.1887002063164578,113300.0,0.006720430107526987,0.006720430107526987,0.036048064085447265,-0.007947019867549669,0.021656387017804382,0.022605147947536132,4938653.0,3715359.5,-0.23342065514147725,0.8962236359630879,2494014957000.0,738000.0
2026-01-13,753000.0,754000.0,724000.0,738000.0,3771944,-0.014686248331108098,-0.014795158916746936,735857.1428571428,676428.5714285715,635238.0952380953,0.02171042907782325,30000.0,15000.0,73.28211557104609,52190.00166737859,40783.236107276185,11406.765560102402,802806.3125399646,474693.68746003543,0.513679256485212,0.8024875985062215,743666.6666666666,745800.0,711900.0,638750.0,0.9895414320193081,1.1553816046966732,107050.0,-0.014686248331108098,0.014686248331108098,0.04065040650406504,-0.0199203187250996,0.018001657892570664,0.025828804702892862,4726986.8,3702861.35,0.13278633236360338,1.018656558663748,2783694672000.0,742000.0
2026-01-14,733000.0,750000.0,728000.0,742000.0,4885051,0.005420054200542035,0.005405418566907982,742428.5714285715,688000.0,643666.6666666666,0.020693499784764372,22000.0,-9000.0,73.79444538756682,51861.721576048876,42998.933201030726,8862.78837501815,814287.046456336,480312.95354366396,0.5159494715165643,0.783554928390096,743000.0,745800.0,722100.0,647300.0,0.9949048002145348,1.1463000154487872,98500.0,0.005420054200542035,0.005420054200542035,0.029649595687331536,0.01227830832196453,0.014984474641612486,0.020128472778628656,4565374.0,3814806.5,0.2951016770132324,1.2805501406165687,3624707842000.0,749000.0
2026-01-15,732000.0,750000.0,727000.0,749000.0,3003414,0.009433962264151052,0.009389740349839137,745714.2857142857,699785.7142857143,652142.8571428572,0.014848084025933475,23000.0,-17000.0,74.70844462843706,51571.90986260201,44713.52853334499,6858.381329257027,823871.019753444,490228.980246556,0.5077878997137022,0.7755947665824698,743000.0,744400.0,731900.0,657050.0,1.0061794734013971,1.1399436876950004,87350.0,0.009433962264151052,0.009433962264151052,0.030707610146862484,0.023224043715846996,0.012399938969009712,0.02018744276968466,3866781.0,3840870.95,-0.38518267260669337,0.7819617058469511,2249557086000.0,756000.0
2026-01-16,751000.0,763000.0,747000.0,756000.0,3712326,0.009345794392523255,0.00930239266231341,747714.2857142857,711785.7142857143,661761.9047619047,0.013058666316049313,16000.0,-5000.0,75.6240304558197,51315.539889244945,46033.93080452498,5281.609084719967,829454.4447098315,507245.5552901685,0.4820960416243929,0.7720284972828285,749000.0,746800.0,739800.0,668350.0,1.0123192287091591,1.1311438617490837,78450.0,0.009345794392523255,0.009345794392523255,0.021164021164021163,0.006657789613848202,0.010171800134107208,0.018078802586433174,3740505.6,3862087.35,0.23603539172421795,0.9612226921796577,2806518456000.0,764000.0
2026-01-19,755000.0,774000.0,750000.0,764000.0,3392008,0.010582010582010692,0.010526412986987603,748857.1428571428,723571.4285714285,672904.7619047619,0.011680942326872591,24000.0,-9000.0,76.66378441285006,51168.064384315745,47060.75752048314,4107.306863832608,835537.535434796,522462.46456520405,0.46108257860028273,0.7715003777333833,756333.3333333334,749800.0,746600.0,679000.0,1.0189383835689516,1.1251840942562592,70800.0,0.010582010582010692,0.010582010582010692,0.031413612565445025,0.011920529801324504,0.010637421335285615,0.01708963492161471,3752948.6,3897056.45,-0.08628498682497177,0.8704025829546297,2591494112000.0,743000.0
2026-01-20,764000.0,764000.0,737000.0,743000.0,2762369,-0.027486910994764413,-0.02787174444876134,748714.2857142857,730928.5714285715,682047.619047619,0.01502808818821771,27000.0,21000.0,68.41425328607176,48794.19537749875,47407.445091886264,1386.7502856124847,835474.2196364829,541625.7803635171,0.42676412645845,0.68529960592855,754333.3333333334,750800.0,748300.0,688550.0,0.9896110815130528,1.0790792244571927,62250.0,-0.027486910994764413,0.027486910994764413,0.03633916554508748,-0.0274869109947644,0.016298670073650868,0.016221987792756246,3551033.6,3887221.95,-0.1856242673955958,0.7106280617704374,2052440167000.0,740000.0
2026-01-21,729000.0,756000.0,728000.0,740000.0,5108442,-0.004037685060565233,-0.0040458585195436835,747428.5714285715,737285.7142857143,691000.0,0.014753239686820631,28000.0,-11000.0,67.3001090370305,46138.95105161646,47153.746283832304,-1014.7952322158453,830614.9776867763,565785.0223132237,0.37930386046054515,0.6578371296443393,749000.0,750400.0,748100.0,698200.0,0.9861407249466951,1.0598682325981095,52200.0,-0.004037685060565233,0.004037685060565233,0.03783783783783784,0.015089163237311385,0.016272830698521024,0.014749916148316132,3595711.8,3970643.8,0.8492974689478487,1.2865525736657617,3780247080000.0,755000.0
2026-01-22,766000.0,773000.0,751000.0,755000.0,3545309,0.020270270270270174,0.020067563050809173,749857.1428571428,742857.1428571428,700904.7619047619,0.015473325207850264,22000.0,11000.0,69.93638416683982,44729.41260767309,46668.87954860047,-1939.4669409273774,829217.136351429,584682.863648571,0.34590037867297274,0.6964959736273336,746000.0,751600.0,748000.0,706950.0,1.0045236828100053,1.0679680316854092,44650.0,0.020270270270270174,0.020270270270270174,0.02913907284768212,-0.014360313315926894,0.01848644101799517,0.014956267717920982,3704090.8,4003986.05,-0.3059901629498779,0.8854448930959687,2676708295000.0,767000.0
2026-01-23,754000.0,776000.0,744000.0,767000.0,3508272,0.015894039735099286,0.01576905211823143,753428.5714285715,747928.5714285715,709809.5238095238,0.016192638222725906,32000.0,-13000.0,71.88890998087996,44072.601432416355,46149.623925363645,-2077.0224929472897,826433.275030461,605766.724969539,0.3081504678968329,0.7306647744569688,754000.0,753800.0,750300.0,716100.0,1.0175112762005838,1.0710794581762324,37700.0,0.015894039735099286,0.015894039735099286,0.041720990873533245,0.017241379310344827,0.019371217701947496,0.014586679012673165,3663280.0,4078840.25,-0.010446762186314351,0.8601150780543563,2690844624000.0,736000.0
2026-01-26,753000.0,754000.0,736000.0,736000.0,3133330,-0.04041720990873532,-0.041256682638379935,751571.4285714285,748642.8571428572,717047.619047619,0.023452905321286417,18000.0,17000.0,60.887489371202,40582.81944117637,45036.26302852619,-4453.443587349822,816082.8220965877,630917.1779034123,0.25593039971413334,0.5675071234432629,752666.6666666666,748200.0,749000.0,723500.0,0.9836941994119219,1.0172771250863857,24700.0,-0.04041720990873532,0.04041720990873532,0.024456521739130436,-0.02257636122177955,0.026518307572340465,0.019937907672898082,3611544.4,4127471.9,-0.10687369736440044,0.7591402378778157,2306130880000.0,800000.0
2026-01-27,738000.0,800000.0,733000.0,800000.0,5660198,0.08695652173913038,0.083381608939051,757857.1428571428,752785.7142857143,727142.8571428572,0.04031710358289707,67000.0,-62000.0,70.81686223187891,42491.59059400915,44527.32854162278,-2035.7379476136339,811749.4077242344,655350.5922757656,0.2132081186673966,0.9248753407080269,767666.6666666666,759600.0,755200.0,733550.0,1.05318588730911,1.0905868720605276,26050.0,0.08695652173913038,0.08695652173913038,0.08375,0.08401084010840108,0.0464680773881643,0.0336800267043291,4191110.2,4198304.4,0.8064480919660553,1.3482104823080479,4528158400000.0,841000.0
2026-01-28,810000.0,854000.0,803000.0,841000.0,6708497,0.05125000000000002,0.04997993230502078,768857.1428571428,758857.1428571428,738666.6666666666,0.043358865210383894,51000.0,-31000.0,75.16632556966154,46773.48718846205,44976.56027099064,1796.9269174714136,822834.229710995,664365.770289005,0.21310981632865786,1.1146333494707037,792333.3333333334,779800.0,765100.0,743600.0,1.0784816619646063,1.1309844002151694,36200.0,0.05125000000000002,0.05125000000000002,0.06064209274673008,0.03827160493827161,0.047160205218811126,0.03622204472219988,4511121.2,4324921.7,0.18520535854046094,1.5511256539049019,5641845977000.0,861000.0
2026-01-29,879000.0,884000.0,819000.0,861000.0,6837983,0.02378121284185486,0.023502844454782672,785714.2857142857,767214.2857142857,749190.4761904762,0.03930429360699121,65000.0,18000.0,76.96950053086346,51190.65987997397,46219.38019278731,4971.279687186667,837228.0559390782,670971.9440609218,0.22046958212194195,1.142983880666856,834000.0,801000.0,776300.0,754100.0,1.0749063670411985,1.1417583874817663,46900.0,0.02378121284185486,0.02378121284185486,0.07549361207897794,-0.020477815699658702,0.047064889566333507,0.03634116687537051,5169656.0,4462090.7,0.019301789953845017,1.5324616776615498,5887503363000.0,909000.0
2026-01-30,854000.0,931000.0,853000.0,909000.0,7875195,0.05574912891986061,0.05425058974974802,809857.1428571428,778642.8571428572,761476.1904761905,0.03927496725020415,78000.0,-55000.0,80.60865678459803,57897.09820090246,48554.923794410344,9342.174406492115,866415.5452382182,664984.4547617818,0.2630678992770489,1.2114095428916096,870333.3333333334,829400.0,791600.0,765700.0,1.0959729925247166,1.1871490139741414,63700.0,0.05574912891986061,0.05574912891986061,0.0858085808580858,0.06440281030444965,0.047975539547049986,0.038492654047959825,6043040.6,4646755.7,0.15168391029927975,1.6947727637155532,7158552255000.0,830000.0
2026-02-02,870000.0,888000.0,830000.0,830000.0,7634191,-0.08690869086908692,-0.09091939338683525,820571.4285714285,785214.2857142857,768761.9047619047,0.06039003590505971,58000.0,40000.0,62.97202832828157,56189.63992583612,50081.8670206955,6107.77290514062,871406.4325395604,673393.5674604396,0.25636051926349135,0.7908901902761952,866666.6666666666,848200.0,798200.0,772400.0,0.978542796510257,1.0745727602278612,75800.0,-0.08690869086908692,0.08690869086908692,0.06987951807228916,-0.04597701149425287,0.06706606636419443,0.051185996844751704,6943212.8,4811589.7,-0.030602924752974325,1.5866255179655073,6336378530000.0,907000.0
2026-02-03,874000.0,907000.0,871000.0,907000.0,5272538,0.09277108433734949,0.08871674932449307,840571.4285714285,797000.0,778809.5238095238,0.06679523438017826,36000.0,-33000.0,69.88759330375025,60354.00008154381,52136.29363286516,8217.706448678648,894667.9546854557,668232.0453145443,0.2897637844659432,1.054461526658053,882000.0,869600.0,814600.0,781450.0,1.0430082796688132,1.1606628703052018,88150.0,0.09277108433734949,0.09277108433734949,0.03969128996692393,0.03775743707093822,0.06842043039003952,0.05547640235025791,6865680.8,4833702.85,-0.3093520976878886,1.0907865385229463,4782191966000.0,900000.0
2026-02-04,884000.0,906000.0,883000.0,900000.0,3800763,-0.007717750826901848,-0.007747686790825826,864000.0,807785.7142857143,787095.2380952381,0.06239923914901339,23000.0,-16000.0,68.63266020476514,62370.47598608362,54183.130103508855,8187.345882574766,912584.0947354389,666115.9052645611,0.3122419579031835,0.9489423168058536,879000.0,881400.0,830600.0,789350.0,1.0211027910142954,1.140178627985051,92050.0,-0.007717750826901848,0.007717750826901848,0.025555555555555557,0.01809954751131222,0.06834835245761502,0.05567670315005192,6284134.0,4739085.25,-0.2791397615341985,0.8020035090105205,3420686700000.0,842000.0
2026-02-05,851000.0,877000.0,838000.0,842000.0,5473720,-0.06444444444444442,-0.06661474908198399,870000.0,813928.5714285715,791857.1428571428,0.06614885400763187,39000.0,9000.0,59.15452128154096,58612.78074336017,55069.06023147912,3543.7205118810525,917981.0944721053,669318.9055278947,0.31331467138437663,0.6944404985948537,883000.0,877600.0,839300.0,793650.0,0.9594348222424794,1.0609210609210609,83950.0,-0.06444444444444442,0.06444444444444442,0.04631828978622328,-0.010575793184488837,0.0765799366200946,0.06192218516235964,6011281.4,4687952.3,0.4401634619154102,1.1676142694540643,4608872240000.0,839000.0
2026-02-06,805000.0,850000.0,791000.0,839000.0,5581574,-0.0035629453681710332,-0.0035693077751205618,869714.2857142857,819285.7142857143,795809.5238095238,0.06343236482735028,59000.0,-34000.0,58.70294608518539,54761.449362384854,55007.53805766027,-246.08869527541538,922001.0560336423,674798.9439663577,0.3096218838518093,0.6642380789568226,860333.3333333334,863600.0,846500.0,798400.0,0.9715145900880037,1.0508517034068137,65200.0,-0.0035629453681710332,0.0035629453681710332,0.07032181168057211,0.0422360248447205,0.06965769632014647,0.062115754067668186,5552557.2,4749845.85,0.019703967320213733,1.175106345819623,4682940586000.0,887000.0
2026-02-09,898000.0,899000.0,873000.0,887000.0,4228584,0.05721096543504167,0.05563427584237327,873428.5714285715,829571.4285714285,802619.0476190476,0.06653213093819833,26000.0,11000.0,63.50356513402316,54949.022219314356,54995.83488999109,-46.81267067673616,932640.5711178946,677959.4288821054,0.3162562302692031,0.8207932840365558,856000.0,875000.0,861600.0,805300.0,1.0137142857142858,1.101452874705079,69700.0,0.05721096543504167,0.05721096543504167,0.029312288613303268,-0.012249443207126948,0.0612415210899014,0.06084000459974372,4871435.8,4794785.4,-0.24240294941892737,0.8819130883313359,3750754008000.0,876000.0
2026-02-10,894000.0,905000.0,876000.0,876000.0,3441377,-0.012401352874859106,-0.012478891373188082,868714.2857142857,839285.7142857143,808666.6666666666,0.06285278429391866,29000.0,18000.0,61.73252522779973,53592.28844945191,54715.12560188326,-1122.837152431348,939140.6823760817,685259.3176239183,0.3125847879243578,0.7512984758148001,867333.3333333334,868800.0,869200.0,812200.0,1.0082872928176796,1.0785520807682836,56600.0,-0.012401352874859106,0.012401352874859106,0.033105022831050226,-0.020134228187919462,0.0431887682769701,0.05675882423855007,4505203.6,4778257.05,-0.1861632641092148,0.7202159624292294,3014646252000.0,860000.0
2026-02-11,860000.0,874000.0,848000.0,860000.0,3125590,-0.0182648401826484,-0.01843370168883802,873000.0,846785.7142857143,814476.1904761905,0.05130228420870693,26000.0,0.0,59.14856153182845,50642.228789879475,53900.54623948251,-3258.3174496030333,942240.667241472,693959.332758528,0.3034853128993327,0.6687601691333681,874333.3333333334,860800.0,871100.0,818100.0,0.9990706319702602,1.0512162327343846,42700.0,-0.0182648401826484,0.0182648401826484,0.030232558139534883,0.0,0.04353861440310792,0.055465514539743306,4370169.0,4690284.0,-0.09176181511063741,0.6663967469773685,2688007400000.0,888000.0
2026-02-12,882000.0,894000.0,878000.0,888000.0,4619344,0.032558139534883734,0.03203935374461666,870285.7142857143,855428.5714285715,821428.5714285715,0.03886618050624945,16000.0,-6000.0,62.13550667688374,49987.4273040049,53117.92245238699,-3130.4951483820914,948463.6817460093,701636.3182539907,0.29916655171446405,0.755036553117157,874666.6666666666,870000.0,873800.0,825050.0,1.0206896551724138,1.0762984061572025,44950.0,0.032558139534883734,0.032558139534883734,0.018018018018018018,0.006802721088435374,0.03246645175776182,0.055887810231153,4199293.8,4771080.5,0.47791105039368564,0.9681966170975317,4101977472000.0,880000.0
2026-02-13,889000.0,903000.0,878000.0,880000.0,3534047,-0.009009009009009028,-0.009049835519917927,867428.5714285715,865714.2857142857,827666.6666666666,0.0388956599232406,25000.0,9000.0,60.768363272497304,48266.57226744795,52147.652415399185,-3881.0801479512374,952497.6803901831,710002.3196098169,0.2917237422921699,0.7010347737916274,876000.0,878200.0,870900.0,831250.0,1.002049647005238,1.0586466165413533,46950.0,-0.009009009009009028,0.009009009009009028,0.028409090909090908,-0.010123734533183352,0.03316552192304577,0.052964921089281816,3789788.4,4762166.55,-0.2349461308791898,0.7421090721827023,3109961360000.0,894000.0
2026-02-19,905000.0,913000.0,888000.0,894000.0,3285109,0.015909090909090873,0.01578386770126195,874857.1428571428,872428.5714285715,834238.0952380953,0.02722735466827979,25000.0,11000.0,62.33038869715529,47485.08672863594,51215.13927804654,-3730.052549410597,957749.7807015539,717750.2192984461,0.28648112372797113,0.7343754283180602,887333.3333333334,879600.0,877300.0,837750.0,1.0163710777626194,1.0671441360787826,41850.0,0.015909090909090873,0.015909090909090873,0.02796420581655481,-0.012154696132596685,0.02159995286035095,0.043839217015930916,3601093.4,4756821.6,-0.07043992340792293,0.6906100914106176,2936887446000.0,949000.0
2026-02-20,892000.0,955000.0,881000.0,949000.0,5054333,0.06152125279642062,0.05970302343641376,890571.4285714285,880142.8571428572,843047.619047619,0.032517803048967245,74000.0,-57000.0,67.76104121955252,50719.135531804524,51115.93852879814,-396.80299699361785,969164.9519215004,726935.0480784996,0.2856316300253532,0.9167528385158832,907666.6666666666,894200.0,881500.0,848050.0,1.061283829121002,1.1190377925829844,46150.0,0.06152125279642062,0.06152125279642062,0.0779768177028451,0.06390134529147982,0.03218858750483828,0.03785451808918369,3923684.6,4871419.8,0.538558690137831,1.0375482318317137,4796562017000.0,951000.0
2026-02-23,980000.0,980000.0,941000.0,951000.0,3523887,0.0021074815595363283,0.0021052639354624146,899714.2857142857,886571.4285714285,852952.380952381,0.028073000592991084,39000.0,29000.0,67.94202885239365,52834.48276469391,51459.64737597729,1374.8353887166159,976810.1607530552,740389.8392469448,0.2753556038971704,0.8908293475424102,931333.3333333334,912400.0,886600.0,858600.0,1.042306006137659,1.1076170510132775,53800.0,0.0021074815595363283,0.0021074815595363283,0.04100946372239748,-0.02959183673469388,0.027650568711004936,0.03760927410555375,4003344.0,4792192.05,-0.3027988064894023,0.7353392692181442,3351216537000.0,1005000.0
2026-02-24,952000.0,1005000.0,946000.0,1005000.0,4102382,0.056782334384858135,0.05522875794778591,918142.8571428572,893428.5714285715,865571.4285714285,0.030606094536015663,59000.0,-53000.0,72.44070245229139,58197.3960353086,52807.19710784355,5390.198927465048,995873.3102364781,746326.6897635219,0.28647298871881094,1.0365730850060177,968333.3333333334,935800.0,902900.0,871100.0,1.0739474246633895,1.1537136953277465,64700.0,0.056782334384858135,0.056782334384858135,0.05870646766169154,0.05567226890756303,0.032039721923477246,0.03133611223378414,3899951.6,4820045.7,0.16416389061283754,0.8511085278714265,4122893910000.0,1018000.0
2026-02-25,1012000.0,1038000.0,1004000.0,1018000.0,3462525,0.012935323383084674,0.012852376617292022,940714.2857142857,906857.1428571428,878095.2380952381,0.026070273899518808,34000.0,-6000.0,73.40815827657187,62772.92756031675,54800.343198338196,7972.584361978552,1014672.3363842171,752627.6636157829,0.2965480368567128,1.0126988409290179,991333.3333333334,963400.0,920800.0,883650.0,1.056674278596637,1.1520398347762122,79750.0,0.012935323383084674,0.012935323383084674,0.03339882121807466,0.005928853754940711,0.027287916024566275,0.03048065090976535,3885647.2,4817758.35,-0.15597206696012222,0.718700430460569,3524850450000.0,1099000.0
2026-02-26,1024000.0,1099000.0,1023000.0,1099000.0,4461976,0.0795677799607073,0.07656075729315334,970857.1428571428,920571.4285714285,893904.7619047619,0.032874409628524254,76000.0,-75000.0,78.47778813502518,72103.92317039066,58261.05919274869,13842.863977641966,1046553.2928450116,757046.7071549884,0.3210319202595067,1.1811589433448795,1040666.6666666666,1004400.0,942000.0,901800.0,1.0941855834328953,1.2186737635839433,102600.0,0.0795677799607073,0.0795677799607073,0.06915377616014559,0.0732421875,0.03333693442101594,0.03412106158925928,4121020.6,4884190.65,0.2886480242019913,0.9135548384050077,4903711624000.0,1061000.0
2026-02-27,1050000.0,1096000.0,1048000.0,1061000.0,6453062,-0.034576888080072754,-0.035188815789638186,996714.2857142857,932071.4285714285,909380.9523809524,0.039019710554027566,48000.0,-11000.0,71.5829990473676,75561.49610511644,61721.14657522224,13840.3495298942,1067789.3068473483,761910.6931526517,0.3343483780889727,0.9778039178177887,1059333.3333333333,1026800.0,960500.0,914850.0,1.0333073626801714,1.1597529649669345,111950.0,-0.034576888080072754,0.034576888080072754,0.04524033930254477,0.010476190476190476,0.04525868241419816,0.03719931977652533,4400766.4,4923833.85,0.4462341348317427,1.3105767165559417,6846698782000.0,939000.0
2026-03-03,1022000.0,1040000.0,939000.0,939000.0,6818327,-0.11498586239396791,-0.12215165940572018,1003142.8571428572,939000.0,916000.0,0.06887255750857932,101000.0,83000.0,54.90490868621162,67677.12736616819,62912.34273341144,4764.784632756753,1068961.0832626754,770538.9167373247,0.32446008863859827,0.5645059320630751,1033000.0,1024400.0,968400.0,919750.0,0.9166341272940258,1.0209296004349009,104650.0,-0.11498586239396791,0.11498586239396791,0.10756123535676251,-0.0812133072407045,0.07768507265943855,0.05604216176493248,5059654.4,4929325.35,0.05660336131901422,1.3832170765518654,6402409053000.0,849000.0
2026-03-04,894000.0,954000.0,846000.0,849000.0,9253420,-0.09584664536741216,-0.10075629289691562,988857.1428571428,939714.2857142857,916380.9523809524,0.07485680126143467,108000.0,45000.0,46.32939034297418,53549.17889700725,61039.709966130606,-7490.5310691233535,1069448.3348999056,768851.6651000944,0.32703766501638604,0.2666308144840131,949666.6666666666,993200.0,964500.0,919150.0,0.8548127265404752,0.9236794864820759,74050.0,-0.09584664536741216,0.09584664536741216,0.127208480565371,-0.050335570469798654,0.07972793818636811,0.06445026780173949,6089862.0,5050097.2,0.3571393686457103,1.832325128316342,7856153580000.0,941000.0
2026-03-05,976000.0,992000.0,927000.0,941000.0,6442459,0.10836277974087172,0.10288395327403241,987428.5714285715,943571.4285714285,920190.4761904762,0.08751876409364884,65000.0,35000.0,54.203655291198785,49209.05768729991,58673.57951036447,-9464.521823064562,1071274.5215204067,770225.4784795934,0.3269606766666449,0.5672647878081932,909666.6666666666,977800.0,970600.0,920750.0,0.9623644917160974,1.0219929405376051,57050.0,0.10836277974087172,0.10836277974087172,0.06907545164718384,-0.035860655737704916,0.10126283806043827,0.07323408344666672,6685848.8,4978460.4,-0.3037753608935939,1.2940665351079221,6062353919000.0,924000.0
2026-03-06,912000.0,938000.0,885000.0,924000.0,3744322,-0.018065887353878818,-0.01823106794369544,975857.1428571428,947000.0,920904.7619047619,0.08391124867456282,53000.0,-12000.0,52.666032267586814,43891.765483827796,55717.21670505714,-11825.451221229341,1069786.5584502525,781113.4415497475,0.31192729688314336,0.4949770175499239,904666.6666666666,942800.0,973600.0,925450.0,0.9800593975392448,0.9984331946620563,17350.0,-0.018065887353878818,0.018065887353878818,0.05735930735930736,0.013157894736842105,0.08783618238152575,0.07367386685675434,6542318.0,4783966.95,-0.41880545921984136,0.7826814104558143,3459753528000.0,836000.0
2026-03-09,851000.0,864000.0,808000.0,836000.0,7253621,-0.09523809523809523,-0.10008345855698253,949857.1428571428,945285.7142857143,921190.4761904762,0.08903611341246481,56000.0,15000.0,45.47469685353832,32205.661729154992,51014.905709876715,-18809.243980721723,1071542.2400260032,772257.7599739967,0.32463876781864254,0.21298210991404187,900333.3333333334,897800.0,962300.0,921900.0,0.9311650701715304,0.9068228658205879,-24100.0,-0.09523809523809523,0.09523809523809523,0.06698564593301436,-0.01762632197414806,0.09251463700951239,0.07709360775916325,6702429.8,4883021.1,0.9372321611228949,1.4854781192733328,6064027156000.0,938000.0
2026-03-10,915000.0,950000.0,899000.0,938000.0,5304897,0.12200956937799035,0.11512133592152297,926857.1428571428,948857.1428571428,922666.6666666666,0.09739402278438841,51000.0,-23000.0,53.41484604245013,30819.6184828541,46975.848264472195,-16156.229781618094,1073236.2740434865,774363.7259565135,0.32352516571441103,0.547511891242242,899333.3333333334,897600.0,961000.0,923800.0,1.0450089126559714,1.0153712924875513,-26200.0,0.12200956937799035,0.12200956937799035,0.054371002132196165,0.025136612021857924,0.10620970443164222,0.08775477711853924,6399743.8,4958227.8,-0.26865533779611595,1.0699179654472513,4975993386000.0,955000.0
2026-03-11,954000.0,985000.0,941000.0,955000.0,3916098,0.01812366737739879,0.01796139147450564,911714.2857142857,954214.2857142857,925285.7142857143,0.09831911232208862,44000.0,-1000.0,54.60145052253837,30738.591797201196,43728.396971017995,-12989.8051738168,1074339.7584553966,784560.2415446035,0.3117752616179387,0.5881704831051442,909666.6666666666,918800.0,956000.0,929450.0,1.0393992163691772,1.0274893754370864,-10650.0,0.01812366737739879,0.01812366737739879,0.04607329842931937,0.0010482180293501049,0.09041375481143045,0.0859100494145951,5332279.4,4880346.7,-0.2617956578610292,0.8024220902174839,3739873590000.0,930000.0
2026-03-12,938000.0,963000.0,928000.0,930000.0,3711742,-0.02617801047120416,-0.026526754333428597,910428.5714285715,956785.7142857143,929476.1904761905,0.08694055497135295,35000.0,8000.0,52.484244272437756,28330.510014456697,40648.81957970574,-12318.309565249045,1072504.797560837,795495.2024391631,0.29658414895254154,0.48556006697803,941000.0,916600.0,947200.0,934000.0,1.0146192450360025,0.9957173447537473,-17400.0,-0.02617801047120416,0.02617801047120416,0.03763440860215054,-0.008528784648187633,0.07952464526490184,0.08605633615020943,4786136.0,4786855.1,-0.052183576611208426,0.7754030407145602,3451920060000.0,910000.0
2026-03-13,891000.0,929000.0,884000.0,910000.0,3645102,-0.021505376344086002,-0.021739986636405875,919142.8571428572,954000.0,932857.1428571428,0.07637434714975612,45000.0,-19000.0,50.78759791064605,24525.539842625964,37424.16363228978,-12898.62378966382,1072387.8266099822,797912.1733900177,0.2935097612361273,0.4083707436162115,931666.6666666666,913800.0,928300.0,935150.0,0.9958415408185599,0.9731059188365503,-21350.0,-0.021505376344086002,0.021505376344086002,0.04945054945054945,0.02132435465768799,0.07973598890267902,0.08069996517201984,4766292.0,4757681.0,-0.017953834075752018,0.7661509882650812,3317042820000.0,974000.0
2026-03-16,925000.0,975000.0,924000.0,974000.0,3829496,0.0703296703296703,0.06796670413163935,923857.1428571428,955642.8571428572,937000.0,0.07017911681363116,51000.0,-49000.0,55.72047196175682,26370.35763002222,35213.40243183627,-8843.044801814052,1075380.3560298202,804719.6439701798,0.2879216127436204,0.6254337939985878,938000.0,941400.0,919600.0,940050.0,1.0346292755470576,1.0361151002606244,1350.0,0.0703296703296703,0.0703296703296703,0.052361396303901436,0.05297297297297297,0.0632641285954555,0.08470569111991094,4081467.0,4777086.95,0.050586787420489276,0.8016383289820588,3729929104000.0,970000.0
2026-03-17,1009000.0,1010000.0,969000.0,970000.0,3326240,-0.004106776180698102,-0.004115232145106544,930428.5714285715,953142.8571428572,941476.1904761905,0.06960332277155025,41000.0,39000.0,55.34706299392701,27196.12247621559,33609.94644071214,-6413.823964496551,1076036.4985957914,815063.5014042086,0.27600126613249726,0.5936878537745842,951333.3333333334,947800.0,922700.0,945550.0,1.0234226630090737,1.0258579662630216,2250.0,-0.004106776180698102,0.004106776180698102,0.042268041237113405,-0.03865213082259663,0.039276351747703206,0.07551039394020395,3685735.6,4787119.45,-0.13141572676926672,0.6948312100296556,3226452800000.0,1056000.0
2026-03-18,1000000.0,1060000.0,999000.0,1056000.0,4347884,0.0886597938144329,0.08494739276877819,961857.1428571428,955857.1428571428,950809.5238095238,0.055987706791659764,61000.0,-56000.0,61.34496267638829,34393.56077478628,33766.66930752697,626.8914672593091,1090334.09384027,817565.90615973,0.28593551829817077,0.87412720621042,1000000.0,968000.0,943400.0,953950.0,1.0909090909090908,1.1069762566172232,14050.0,0.0886597938144329,0.0886597938144329,0.05776515151515151,0.056,0.0540211037213666,0.0702772810880984,3772092.8,4773546.45,0.3071468084082929,0.910828886979826,4591365504000.0,1013000.0
2026-03-19,1008000.0,1043000.0,1003000.0,1013000.0,3347483,-0.04071969696969702,-0.04157196001752345,972571.4285714285,949714.2857142857,956761.9047619047,0.04870716512611916,40000.0,-5000.0,57.20729800056321,36210.43054403912,34255.4215548294,1955.0089892097167,1094753.7217248615,826446.2782751386,0.27931235004135224,0.695298346278712,1013000.0,984600.0,950600.0,960600.0,1.0288442006906358,1.054549240058297,24000.0,-0.04071969696969702,0.04071969696969702,0.039486673247778874,0.00496031746031746,0.05750472893812592,0.066139893364745,3699241.0,4764218.25,-0.23008916521231937,0.702630069476771,3391000279000.0,1007000.0
2026-03-20,1023000.0,1026000.0,1002000.0,1007000.0,3426646,-0.005923000987166804,-0.005940611530121059,980000.0,945857.1428571428,962809.5238095238,0.04897397291447035,24000.0,16000.0,56.63329299697394,36742.61705221108,34752.86065430574,1989.7563979053375,1098091.8111142847,834408.1888857153,0.2728937875586746,0.6545412629559397,1025333.3333333334,1004000.0,958900.0,966250.0,1.002988047808765,1.0421733505821476,37750.0,-0.005923000987166804,0.005923000987166804,0.023833167825223437,-0.015640273704789834,0.05516720890431854,0.06569096197077098,3655549.8,4771295.1,0.023648514421133804,0.7181794309892927,3450632522000.0,933000.0
2026-03-23,952000.0,963000.0,927000.0,933000.0,3911813,-0.07348560079443889,-0.07632569187121843,980428.5714285715,945428.5714285715,964666.6666666666,0.057608944274280066,36000.0,19000.0,49.97338590306618,30837.719107876183,33969.83234501983,-3132.113237143647,1097925.1813896117,832974.8186103883,0.2744319879633574,0.3775242288419141,984333.3333333334,995800.0,968600.0,965450.0,0.9369351275356498,0.9663887306437413,30350.0,-0.07348560079443889,0.07348560079443889,0.03858520900321544,-0.01995798319327731,0.060658086251164534,0.06205864278757743,3672013.2,4714169.1,0.1415865543157946,0.8297990413623475,3649721529000.0,986000.0
2026-03-24,993000.0,994000.0,938000.0,986000.0,4352152,0.05680600214362275,0.05525115375529162,991285.7142857143,955214.2857142857,966428.5714285715,0.059965483493821296,56000.0,7000.0,54.13363655448718,30087.86779413384,33193.439434842636,-3105.5716407087966,1099796.102189278,834603.897810722,0.27418548839801077,0.5708919783070373,975333.3333333334,999000.0,973400.0,967200.0,0.986986986986987,1.0194375516956162,31800.0,0.05680600214362275,0.05680600214362275,0.056795131845841784,-0.007049345417925478,0.06717959577121638,0.051892781210092345,3877195.6,4755582.35,0.11256647493118921,0.9151669931654113,4291221872000.0,995000.0
2026-03-25,1016000.0,1042000.0,988000.0,995000.0,4463869,0.009127789046653234,0.009086382555957442,994285.7142857143,959071.4285714285,968523.8095238095,0.05460826049241233,54000.0,21000.0,54.8207192694395,29875.44448229426,32529.840444332964,-2654.395962038703,1098770.3161995632,834629.6838004368,0.2732395080160613,0.6071398964368255,971333.3333333334,986800.0,977400.0,966700.0,1.0083096878800162,1.02927485259129,20100.0,0.009127789046653234,0.009127789046653234,0.054271356783919596,-0.02066929133858268,0.049538214210300816,0.051740864364473435,3900392.6,4773656.7,0.02566937000362124,0.9351047384701962,4441549655000.0,933000.0
2026-03-26,965000.0,973000.0,931000.0,933000.0,4660620,-0.062311557788944705,-0.06433753631124893,989000.0,959714.2857142857,965095.2380952381,0.06036512378556987,42000.0,32000.0,49.33761243907211,24422.686109972186,30908.40957746081,-6485.723467488624,1093031.6542285043,831868.3457714958,0.27135259853188054,0.38723530815260754,971333.3333333334,970800.0,977700.0,962450.0,0.9610630407911002,0.9694010078445634,8350.0,-0.062311557788944705,0.062311557788944705,0.04501607717041801,-0.03316062176165803,0.05357114284963955,0.05532126608151189,4163020.0,4833561.45,0.04407633826171864,0.9642206990044576,4348358460000.0,933000.0
2026-03-27,890000.0,934000.0,880000.0,933000.0,4520942,0.0,0.0,971428.5714285715,966642.8571428572,961047.619047619,0.04595805299945028,54000.0,-43000.0,49.33761243907211,19872.260762882535,28701.179814545158,-8828.919051662622,1068249.2642625847,840050.7357374153,0.23916420743611536,0.407317544347499,953666.6666666666,956000.0,980000.0,954150.0,0.9759414225941423,0.9778336739506367,1850.0,0.0,0.0,0.05787781350482315,0.048314606741573035,0.05389091794988566,0.0547343975686211,4381879.2,4836509.75,-0.029969832339903246,0.9347530003428609,4218038886000.0,873000.0
2026-03-30,867000.0,884000.0,862000.0,873000.0,4498502,-0.06430868167202575,-0.06646964500774165,951428.5714285715,962000.0,950285.7142857143,0.04897847553548372,22000.0,-6000.0,44.35813072056732,11294.323402480222,25219.80853213217,-13925.485129651948,1052589.7934559945,836910.2065440054,0.2282927620132194,0.16733059429829816,913000.0,944000.0,969900.0,944750.0,0.9247881355932204,0.9240539825350622,-750.0,-0.06430868167202575,0.06430868167202575,0.025200458190148912,0.006920415224913495,0.05145873634320528,0.05309601048661461,4499217.0,4738781.75,-0.004963567327340157,0.9492950376961337,3927192246000.0,807000.0
2026-03-31,817000.0,852000.0,806000.0,807000.0,7194351,-0.07560137457044669,-0.07861188756965336,922857.1428571428,951428.5714285715,938190.4761904762,0.05274972671724592,46000.0,10000.0,39.621063863618296,-819.9502947293222,20011.856766759876,-20831.8070614892,1062382.8458983372,813917.1541016628,0.26484644438168137,-0.027839473738383493,871000.0,908200.0,953600.0,938150.0,0.8885707993833958,0.8602035921760912,-29950.0,-0.07560137457044669,0.07560137457044669,0.057001239157372985,-0.012239902080783354,0.0398753560888514,0.05694421509612172,5067656.8,4757582.95,0.5992770482262761,1.5121861406536274,5805841257000.0,897000.0
2026-04-01,884000.0,905000.0,858000.0,897000.0,6255058,0.11152416356877315,0.10573219378884724,917714.2857142857,949071.4285714285,936190.4761904762,0.06931896627850664,47000.0,-13000.0,47.8064043868805,-3122.359028500505,15385.0136077078,-18507.372636208303,1059263.2325351615,821836.7674648383,0.25243364528235945,0.3165747866940575,859000.0,888600.0,937700.0,940550.0,1.0094530722484807,0.9536973047684866,-51950.0,0.11152416356877315,0.11152416356877315,0.05239687848383501,0.014705882352941176,0.07830443500378767,0.06189213135921788,5425894.6,4607664.85,-0.13055979615117475,1.3575331981882321,5610787026000.0,830000.0
2026-04-02,912000.0,914000.0,818000.0,830000.0,6127534,-0.0746934225195095,-0.07763016126815253,895428.5714285715,943357.1428571428,935285.7142857143,0.0680539417685322,96000.0,82000.0,43.11992931022372,-10235.387420731364,10260.933402019968,-20496.32082275133,1063592.3792454281,806407.620754572,0.2750639128244451,0.09173319361484174,844666.6666666666,868000.0,919400.0,935000.0,0.956221198156682,0.8877005347593583,-67000.0,-0.0746934225195095,0.0746934225195095,0.11566265060240964,-0.08991228070175439,0.08022289535816314,0.0643746082085394,5719277.4,4591918.6,-0.02038734093272998,1.334416947199369,5085853220000.0,876000.0
2026-04-03,867000.0,886000.0,860000.0,876000.0,2927164,0.055421686746987886,0.05394039014574777,878428.5714285715,936357.1428571428,932190.4761904762,0.07363744018717112,26000.0,-9000.0,46.9640605765393,-12022.114652015152,5804.323791212944,-17826.438443228097,1063821.6285125043,801378.3714874957,0.28141031205769734,0.28433433328939933,867666.6666666666,856600.0,906300.0,932600.0,1.0226476768620125,0.9393094574308385,-76000.0,0.055421686746987886,0.055421686746987886,0.02968036529680365,0.010380622837370242,0.08730010632121961,0.06843607551652206,5400521.8,4551060.7,-0.5222933075524346,0.6431828079111316,2564195664000.0,886000.0
2026-04-06,877000.0,901500.0,869000.0,886000.0,3100989,0.011415525114155223,0.01135085966868948,871714.2857142857,930357.1428571428,930380.9523809524,0.07125134049422956,32500.0,-9000.0,47.79013186871078,-12487.247216103482,2146.0095897496594,-14633.256805853141,1060341.4930402355,809858.5069597645,0.26786759285688266,0.3039787022331889,864000.0,859200.0,901600.0,935100.0,1.0311918063314711,0.9474922468185221,-75900.0,0.011415525114155223,0.011415525114155223,0.03668171557562077,0.010262257696693273,0.08181785452440063,0.06511217793019232,5121019.2,4343429.1,0.05938341684989301,0.7139494921190265,2747476254000.0,916000.0
2026-04-07,917000.0,933000.0,888000.0,916000.0,3619929,0.0338600451467268,0.03329941406904926,869285.7142857143,920357.1428571428,934190.4761904762,0.07291859954316479,45000.0,1000.0,50.29153426000561,-10316.200111430604,-346.4323504863935,-9969.76776094421,1059520.39045929,808479.60954071,0.2687802793560814,0.42829850220296306,892666.6666666666,881000.0,894600.0,934000.0,1.0397275822928491,0.9807280513918629,-53000.0,0.0338600451467268,0.0338600451467268,0.04912663755458515,-0.0010905125408942203,0.06815852223002522,0.06313441717683609,4406134.8,4259180.7,0.1673466110328028,0.8499120499865149,3315854964000.0,1033000.0
2026-04-08,1007000.0,1056000.0,992000.0,1033000.0,6709356,0.12772925764192133,0.12020610444550822,892142.8571428572,921785.7142857143,938714.2857142857,0.07951577436736891,64000.0,-26000.0,58.61849530602297,835.659587232396,-110.01396294263557,945.6735501750316,1070797.903036801,805002.0969631991,0.2833946114442924,0.8577934558292682,945000.0,908200.0,898400.0,937900.0,1.1374146663730456,1.1013967373920461,-29700.0,0.12772925764192133,0.12772925764192133,0.061955469506292354,0.025819265143992055,0.07334077674646326,0.07602371363621803,4496994.4,4398843.6,0.8534496118570281,1.5252545009783935,6930764748000.0,998000.0
2026-04-09,1015000.0,1025000.0,990000.0,998000.0,5026817,-0.03388189738625358,-0.034469192808174516,919428.5714285715,921142.8571428572,940761.9047619047,0.07134892016800777,35000.0,17000.0,55.617046354202024,6771.325623652316,1266.2539543763546,5505.0716692759615,1076800.786558214,805799.2134417858,0.2879013843795053,0.7092238777360915,982333.3333333334,941800.0,904900.0,941300.0,1.059672966659588,1.0602358440454691,500.0,-0.03388189738625358,0.03388189738625358,0.03507014028056112,-0.016748768472906402,0.059669097613122106,0.07366776553897325,4276851.0,4464597.35,-0.25077503712725935,1.125928410990971,5016763366000.0,1027000.0
2026-04-10,1030000.0,1042000.0,1024000.0,1027000.0,3134921,0.029058116232465014,0.028643933617094337,938000.0,927857.1428571428,945380.9523809524,0.06326538548447856,18000.0,3000.0,57.55625538401888,13658.000431404216,3744.603249781927,9913.39718162229,1086993.9355702973,807306.0644297027,0.2952941679148969,0.785496827854436,1019333.3333333334,972000.0,914300.0,947150.0,1.0565843621399178,1.0843055482236181,24850.0,0.029058116232465014,0.029058116232465014,0.017526777020447908,-0.002912621359223301,0.059006280007046254,0.07383979049782807,4318402.4,4439088.3,-0.3763606274109441,0.7062082995735859,3219563867000.0,1040000.0
2026-04-13,999000.0,1043000.0,996000.0,1040000.0,2769753,0.012658227848101333,0.012578782206860185,968000.0,931714.2857142857,951571.4285714285,0.04742719013731798,47000.0,-41000.0,58.433027749977484,19934.933680424467,6982.669335910436,12952.264344514031,1095961.7647622023,804938.2352377976,0.3061955174121781,0.8077070783463595,1021666.6666666666,1002800.0,931000.0,950450.0,1.0370961308336657,1.0942185280656531,52350.0,0.012658227848101333,0.012658227848101333,0.04519230769230769,0.04104104104104104,0.0588917913614626,0.06883781471958186,4252155.2,4386101.15,-0.11648395605503292,0.6314840687155607,2880543120000.0,1103000.0
2026-04-14,1092000.0,1128000.0,1078000.0,1103000.0,4754545,0.060576923076923084,0.05881302711808413,1000428.5714285715,939428.5714285715,957714.2857142857,0.04783310883164367,50000.0,-11000.0,62.478214175899794,29651.221169766155,11516.379702681581,18134.841467084574,1117743.3119809553,796456.6880190448,0.33568762298809995,0.9541116533295106,1056666.6666666667,1040200.0,960600.0,957100.0,1.0603730051913094,1.1524396614773795,83100.0,0.060576923076923084,0.060576923076923084,0.04533091568449683,0.010073260073260074,0.060088862413397524,0.06089021649828391,4479078.4,4457516.4,0.7165953065128912,1.066635447488202,5244263135000.0,1136000.0
2026-04-15,1165000.0,1173000.0,1130000.0,1136000.0,4426058,0.029918404351767958,0.029479580027594238,1036142.8571428572,953928.5714285715,965619.0476190476,0.046953496198076435,43000.0,29000.0,64.4308519503346,39558.270101076225,17124.75778236051,22433.512318715715,1135506.5426102562,786693.4573897438,0.36293110521331023,1.0014146756834876,1093000.0,1060800.0,984500.0,961100.0,1.0708898944193062,1.1819789824159816,99700.0,0.029918404351767958,0.029918404351767958,0.037852112676056336,-0.024892703862660945,0.0345814742829656,0.054371095623863254,4022418.8,4461425.1,-0.06908905058212722,0.9920726899572965,5028001888000.0,
